[2026-02-18 00:00:20.699 DBG] ViewerRepo :: UpdatePresence(twitch, 5), 0.0277ms
[2026-02-18 00:00:20.752 DBG] TwitchService :: Presence Timer :: Artificially updated presence with a threshold of 5 minutes (53.1357ms)
[2026-02-18 00:01:20.721 DBG] ViewerRepo :: UpdatePresence(twitch, 5), 0.0313ms
[2026-02-18 00:01:20.777 DBG] TwitchService :: Presence Timer :: Artificially updated presence with a threshold of 5 minutes (55.4866ms)
[2026-02-18 00:02:11.442 DBG] Credits :: Time to save 22.3429ms
[2026-02-18 00:02:20.725 DBG] ViewerRepo :: UpdatePresence(twitch, 5), 0.0299ms
[2026-02-18 00:02:20.782 DBG] TwitchService :: Presence Timer :: Artificially updated presence with a threshold of 5 minutes (57.4823ms)
[2026-02-18 00:02:34.722 DBG] AutoSave :: Auto saving settings...
[2026-02-18 00:02:34.737 DBG] Users :: Time to save 16.0057ms
[2026-02-18 00:02:34.758 DBG] Actions :: Time to save 19.7767ms
[2026-02-18 00:02:34.778 DBG] Commands :: Time to save 20.802ms
[2026-02-18 00:02:34.798 DBG] Twitch Rewards :: Time to save 18.9381ms
[2026-02-18 00:02:34.814 DBG] Midi :: Time to save 16.6176ms
[2026-02-18 00:02:34.829 DBG] OBS Settings :: Time to save 15.2749ms
[2026-02-18 00:02:34.846 DBG] MeldStudio Settings :: Time to save 17.2981ms
[2026-02-18 00:02:34.865 DBG] Credits :: Time to save 18.0386ms
[2026-02-18 00:02:34.884 DBG] Quotes :: Time to save 18.5186ms
[2026-02-18 00:02:34.947 DBG] Config :: Time to save 23.2638ms
[2026-02-18 00:03:20.729 DBG] ViewerRepo :: UpdatePresence(twitch, 5), 0.0295ms
[2026-02-18 00:03:20.786 DBG] TwitchService :: Presence Timer :: Artificially updated presence with a threshold of 5 minutes (57.2848ms)
[2026-02-18 00:04:20.755 DBG] ViewerRepo :: UpdatePresence(twitch, 5), 0.0296ms
[2026-02-18 00:04:20.814 DBG] TwitchService :: Presence Timer :: Artificially updated presence with a threshold of 5 minutes (59.0784ms)
[2026-02-18 00:05:20.758 DBG] ViewerRepo :: UpdatePresence(twitch, 5), 0.03ms
[2026-02-18 00:05:20.814 DBG] TwitchService :: Presence Timer :: Artificially updated presence with a threshold of 5 minutes (55.7624ms)
[2026-02-18 00:06:20.762 DBG] ViewerRepo :: UpdatePresence(twitch, 5), 0.0316ms
[2026-02-18 00:06:20.820 DBG] TwitchService :: Presence Timer :: Artificially updated presence with a threshold of 5 minutes (58.4913ms)
[2026-02-18 00:07:11.442 DBG] Credits :: Time to save 18.6941ms
[2026-02-18 00:07:19.047 DBG] ActionDispatcher :: Queueing 'Sub Goal' (361aa588-5f31-4e19-b8a5-099cae52479d, TimedAction) to 'Default' (00000000-0000-0000-0000-000000000000), with 11 arguments
[2026-02-18 00:07:19.047 DBG] ActionQueue :: 'Default' (00000000-0000-0000-0000-000000000000) :: Enqueue action 361aa588-5f31-4e19-b8a5-099cae52479d
[2026-02-18 00:07:19.047 DBG] ActionQueue :: 'Default' (00000000-0000-0000-0000-000000000000) :: Handling queue
[2026-02-18 00:07:19.047 DBG] ActionQueue :: 'Default' (00000000-0000-0000-0000-000000000000) :: Performing non-blocking 'Sub Goal' (361aa588-5f31-4e19-b8a5-099cae52479d, 9cb75e73-e5b5-496a-8a21-743ffcd81c9d)
[2026-02-18 00:07:20.765 DBG] ViewerRepo :: UpdatePresence(twitch, 5), 0.0291ms
[2026-02-18 00:07:20.821 DBG] TwitchService :: Presence Timer :: Artificially updated presence with a threshold of 5 minutes (56.5178ms)
[2026-02-18 00:07:34.974 DBG] AutoSave :: Auto saving settings...
[2026-02-18 00:07:34.996 DBG] Users :: Time to save 22.198ms
[2026-02-18 00:07:35.019 DBG] Actions :: Time to save 22.9928ms
[2026-02-18 00:07:35.032 DBG] Commands :: Time to save 12.5065ms
[2026-02-18 00:07:35.049 DBG] Twitch Rewards :: Time to save 17.3091ms
[2026-02-18 00:07:35.065 DBG] Midi :: Time to save 15.1341ms
[2026-02-18 00:07:35.075 DBG] OBS Settings :: Time to save 11.2092ms
[2026-02-18 00:07:35.087 DBG] MeldStudio Settings :: Time to save 11.2892ms
[2026-02-18 00:07:35.097 DBG] Credits :: Time to save 11.0905ms
[2026-02-18 00:07:35.117 DBG] Quotes :: Time to save 17.9358ms
[2026-02-18 00:07:35.197 DBG] Config :: Time to save 21.3368ms
[2026-02-18 00:08:20.766 DBG] ViewerRepo :: UpdatePresence(twitch, 5), 0.0302ms
[2026-02-18 00:08:20.820 DBG] TwitchService :: Presence Timer :: Artificially updated presence with a threshold of 5 minutes (54.8905ms)
[2026-02-18 00:09:20.774 DBG] ViewerRepo :: UpdatePresence(twitch, 5), 0.0317ms
[2026-02-18 00:09:21.303 DBG] TwitchService :: Presence Timer :: Artificially updated presence with a threshold of 5 minutes (529.5914ms)
[2026-02-18 00:10:20.781 DBG] ViewerRepo :: UpdatePresence(twitch, 5), 0.0301ms
[2026-02-18 00:10:20.837 DBG] TwitchService :: Presence Timer :: Artificially updated presence with a threshold of 5 minutes (56.2925ms)
[2026-02-18 00:11:20.786 DBG] ViewerRepo :: UpdatePresence(twitch, 5), 0.0301ms
[2026-02-18 00:11:20.845 DBG] TwitchService :: Presence Timer :: Artificially updated presence with a threshold of 5 minutes (58.9334ms)
[2026-02-18 00:12:11.453 DBG] Credits :: Time to save 20.1287ms
[2026-02-18 00:12:20.798 DBG] ViewerRepo :: UpdatePresence(twitch, 5), 0.0307ms
[2026-02-18 00:12:20.854 DBG] TwitchService :: Presence Timer :: Artificially updated presence with a threshold of 5 minutes (57.0303ms)
[2026-02-18 00:12:35.182 DBG] AutoSave :: Auto saving settings...
[2026-02-18 00:12:35.207 DBG] Users :: Time to save 25.6067ms
[2026-02-18 00:12:35.234 DBG] Actions :: Time to save 26.3299ms
[2026-02-18 00:12:35.247 DBG] Commands :: Time to save 13.3163ms
[2026-02-18 00:12:35.261 DBG] Twitch Rewards :: Time to save 13.6101ms
[2026-02-18 00:12:35.271 DBG] Midi :: Time to save 10.5148ms
[2026-02-18 00:12:35.286 DBG] OBS Settings :: Time to save 14.5949ms
[2026-02-18 00:12:35.298 DBG] MeldStudio Settings :: Time to save 11.3ms
[2026-02-18 00:12:35.309 DBG] Credits :: Time to save 11.1449ms
[2026-02-18 00:12:35.320 DBG] Quotes :: Time to save 12.2747ms
[2026-02-18 00:12:35.406 DBG] Config :: Time to save 21.6076ms
[2026-02-18 00:13:20.811 DBG] ViewerRepo :: UpdatePresence(twitch, 5), 0.0304ms
[2026-02-18 00:13:20.862 DBG] TwitchService :: Presence Timer :: Artificially updated presence with a threshold of 5 minutes (52.3717ms)
[2026-02-18 00:14:20.820 DBG] ViewerRepo :: UpdatePresence(twitch, 5), 0.029ms
[2026-02-18 00:14:20.874 DBG] TwitchService :: Presence Timer :: Artificially updated presence with a threshold of 5 minutes (54.6636ms)
[2026-02-18 00:15:20.830 DBG] ViewerRepo :: UpdatePresence(twitch, 5), 0.0303ms
[2026-02-18 00:15:20.886 DBG] TwitchService :: Presence Timer :: Artificially updated presence with a threshold of 5 minutes (56.3311ms)
[2026-02-18 00:15:39.076 DBG] Streamer.bot Website Socket :: Disconnected
[2026-02-18 00:15:39.080 INF] Streamer.bot Service :: Disconnected from Website Client
[2026-02-18 00:15:41.098 DBG] Streamer.bot Service :: Retrying website client connection
[2026-02-18 00:15:41.098 INF] Streamer.bot Service :: Connecting to Website Client
[2026-02-18 00:15:41.098 DBG] Streamer.bot Website Socket :: Opening connection
[2026-02-18 00:15:41.443 INF] Streamer.bot Service :: Website Client authenticated
[2026-02-18 00:15:41.443 INF] Streamer.bot Service :: Connected to Website Client
[2026-02-18 00:16:20.831 DBG] ViewerRepo :: UpdatePresence(twitch, 5), 0.0308ms
[2026-02-18 00:16:20.887 DBG] TwitchService :: Presence Timer :: Artificially updated presence with a threshold of 5 minutes (56.7501ms)
[2026-02-18 00:17:11.461 DBG] Credits :: Time to save 19.7192ms
[2026-02-18 00:17:19.329 DBG] ActionDispatcher :: Queueing 'Sub Goal' (361aa588-5f31-4e19-b8a5-099cae52479d, TimedAction) to 'Default' (00000000-0000-0000-0000-000000000000), with 11 arguments
[2026-02-18 00:17:19.329 DBG] ActionQueue :: 'Default' (00000000-0000-0000-0000-000000000000) :: Enqueue action 361aa588-5f31-4e19-b8a5-099cae52479d
[2026-02-18 00:17:19.329 DBG] ActionQueue :: 'Default' (00000000-0000-0000-0000-000000000000) :: Handling queue
[2026-02-18 00:17:19.329 DBG] ActionQueue :: 'Default' (00000000-0000-0000-0000-000000000000) :: Performing non-blocking 'Sub Goal' (361aa588-5f31-4e19-b8a5-099cae52479d, 46964ff7-effe-46bd-90c3-c4261831c7e2)
[2026-02-18 00:17:20.841 DBG] ViewerRepo :: UpdatePresence(twitch, 5), 0.0316ms
[2026-02-18 00:17:20.895 DBG] TwitchService :: Presence Timer :: Artificially updated presence with a threshold of 5 minutes (54.4678ms)
[2026-02-18 00:17:35.409 DBG] AutoSave :: Auto saving settings...
[2026-02-18 00:17:35.431 DBG] Users :: Time to save 22.788ms
[2026-02-18 00:17:35.456 DBG] Actions :: Time to save 25.5766ms
[2026-02-18 00:17:35.475 DBG] Commands :: Time to save 18.5476ms
[2026-02-18 00:17:35.495 DBG] Twitch Rewards :: Time to save 19.3149ms
[2026-02-18 00:17:35.512 DBG] Midi :: Time to save 16.7485ms
[2026-02-18 00:17:35.530 DBG] OBS Settings :: Time to save 17.972ms
[2026-02-18 00:17:35.546 DBG] MeldStudio Settings :: Time to save 16.1648ms
[2026-02-18 00:17:35.562 DBG] Credits :: Time to save 16.4007ms
[2026-02-18 00:17:35.581 DBG] Quotes :: Time to save 18.0041ms
[2026-02-18 00:17:35.631 DBG] Config :: Time to save 20.5716ms
[2026-02-18 00:18:20.850 DBG] ViewerRepo :: UpdatePresence(twitch, 5), 0.0303ms
[2026-02-18 00:18:20.907 DBG] TwitchService :: Presence Timer :: Artificially updated presence with a threshold of 5 minutes (57.5552ms)
[2026-02-18 00:19:20.862 DBG] ViewerRepo :: UpdatePresence(twitch, 5), 0.0327ms
[2026-02-18 00:19:20.921 DBG] TwitchService :: Presence Timer :: Artificially updated presence with a threshold of 5 minutes (59.1534ms)
[2026-02-18 00:20:20.865 DBG] ViewerRepo :: UpdatePresence(twitch, 5), 0.0306ms
[2026-02-18 00:20:20.922 DBG] TwitchService :: Presence Timer :: Artificially updated presence with a threshold of 5 minutes (56.2203ms)
[2026-02-18 00:21:20.872 DBG] ViewerRepo :: UpdatePresence(twitch, 5), 0.0293ms
[2026-02-18 00:21:20.925 DBG] TwitchService :: Presence Timer :: Artificially updated presence with a threshold of 5 minutes (54.0698ms)
[2026-02-18 00:22:11.467 DBG] Credits :: Time to save 18.8368ms
[2026-02-18 00:22:20.873 DBG] ViewerRepo :: UpdatePresence(twitch, 5), 0.0347ms
[2026-02-18 00:22:20.931 DBG] TwitchService :: Presence Timer :: Artificially updated presence with a threshold of 5 minutes (57.2493ms)
[2026-02-18 00:22:35.680 DBG] AutoSave :: Auto saving settings...
[2026-02-18 00:22:35.695 DBG] Users :: Time to save 15.3545ms
[2026-02-18 00:22:35.714 DBG] Actions :: Time to save 18.1464ms
[2026-02-18 00:22:35.731 DBG] Commands :: Time to save 16.8022ms
[2026-02-18 00:22:35.749 DBG] Twitch Rewards :: Time to save 17.9708ms
[2026-02-18 00:22:35.765 DBG] Midi :: Time to save 16.9258ms
[2026-02-18 00:22:35.782 DBG] OBS Settings :: Time to save 16.4634ms
[2026-02-18 00:22:35.793 DBG] MeldStudio Settings :: Time to save 11.0919ms
[2026-02-18 00:22:35.803 DBG] Credits :: Time to save 10.3077ms
[2026-02-18 00:22:35.821 DBG] Quotes :: Time to save 17.1841ms
[2026-02-18 00:22:35.904 DBG] Config :: Time to save 20.5889ms
[2026-02-18 00:23:20.880 DBG] ViewerRepo :: UpdatePresence(twitch, 5), 0.0291ms
[2026-02-18 00:23:20.932 DBG] TwitchService :: Presence Timer :: Artificially updated presence with a threshold of 5 minutes (52.399ms)
[2026-02-18 00:24:20.895 DBG] ViewerRepo :: UpdatePresence(twitch, 5), 0.0289ms
[2026-02-18 00:24:20.949 DBG] TwitchService :: Presence Timer :: Artificially updated presence with a threshold of 5 minutes (53.9208ms)
[2026-02-18 00:25:20.895 DBG] ViewerRepo :: UpdatePresence(twitch, 5), 0.0306ms
[2026-02-18 00:25:20.949 DBG] TwitchService :: Presence Timer :: Artificially updated presence with a threshold of 5 minutes (53.2019ms)
[2026-02-18 00:26:20.906 DBG] ViewerRepo :: UpdatePresence(twitch, 5), 0.0303ms
[2026-02-18 00:26:20.961 DBG] TwitchService :: Presence Timer :: Artificially updated presence with a threshold of 5 minutes (54.8523ms)
[2026-02-18 00:27:11.476 DBG] Credits :: Time to save 19.0895ms
[2026-02-18 00:27:19.731 DBG] ActionDispatcher :: Queueing 'Sub Goal' (361aa588-5f31-4e19-b8a5-099cae52479d, TimedAction) to 'Default' (00000000-0000-0000-0000-000000000000), with 11 arguments
[2026-02-18 00:27:19.731 DBG] ActionQueue :: 'Default' (00000000-0000-0000-0000-000000000000) :: Enqueue action 361aa588-5f31-4e19-b8a5-099cae52479d
[2026-02-18 00:27:19.731 DBG] ActionQueue :: 'Default' (00000000-0000-0000-0000-000000000000) :: Handling queue
[2026-02-18 00:27:19.731 DBG] ActionQueue :: 'Default' (00000000-0000-0000-0000-000000000000) :: Performing non-blocking 'Sub Goal' (361aa588-5f31-4e19-b8a5-099cae52479d, e5f6b185-9fea-428c-a60e-c06e52fc853a)
[2026-02-18 00:27:20.916 DBG] ViewerRepo :: UpdatePresence(twitch, 5), 0.0305ms
[2026-02-18 00:27:20.974 DBG] TwitchService :: Presence Timer :: Artificially updated presence with a threshold of 5 minutes (59.5228ms)
[2026-02-18 00:27:35.911 DBG] AutoSave :: Auto saving settings...
[2026-02-18 00:27:35.927 DBG] Users :: Time to save 15.0459ms
[2026-02-18 00:27:35.946 DBG] Actions :: Time to save 19.3955ms
[2026-02-18 00:27:35.960 DBG] Commands :: Time to save 12.7029ms
[2026-02-18 00:27:35.972 DBG] Twitch Rewards :: Time to save 12.6772ms
[2026-02-18 00:27:35.989 DBG] Midi :: Time to save 16.8495ms
[2026-02-18 00:27:36.007 DBG] OBS Settings :: Time to save 18.0236ms
[2026-02-18 00:27:36.021 DBG] MeldStudio Settings :: Time to save 13.5728ms
[2026-02-18 00:27:36.037 DBG] Credits :: Time to save 16.1256ms
[2026-02-18 00:27:36.050 DBG] Quotes :: Time to save 12.9808ms
[2026-02-18 00:27:36.149 DBG] Config :: Time to save 20.8245ms
[2026-02-18 00:28:20.928 DBG] ViewerRepo :: UpdatePresence(twitch, 5), 0.0305ms
[2026-02-18 00:28:20.984 DBG] TwitchService :: Presence Timer :: Artificially updated presence with a threshold of 5 minutes (55.9105ms)
[2026-02-18 00:29:20.933 DBG] ViewerRepo :: UpdatePresence(twitch, 5), 0.0281ms
[2026-02-18 00:29:20.990 DBG] TwitchService :: Presence Timer :: Artificially updated presence with a threshold of 5 minutes (57.74ms)
[2026-02-18 00:30:20.955 DBG] ViewerRepo :: UpdatePresence(twitch, 5), 0.0303ms
[2026-02-18 00:30:21.014 DBG] TwitchService :: Presence Timer :: Artificially updated presence with a threshold of 5 minutes (59.125ms)
[2026-02-18 00:31:20.956 DBG] ViewerRepo :: UpdatePresence(twitch, 5), 0.0299ms
[2026-02-18 00:31:21.010 DBG] TwitchService :: Presence Timer :: Artificially updated presence with a threshold of 5 minutes (53.9454ms)
[2026-02-18 00:32:11.490 DBG] Credits :: Time to save 19.2907ms
[2026-02-18 00:32:20.967 DBG] ViewerRepo :: UpdatePresence(twitch, 5), 0.0575ms
[2026-02-18 00:32:21.022 DBG] TwitchService :: Presence Timer :: Artificially updated presence with a threshold of 5 minutes (55.651ms)
[2026-02-18 00:32:36.153 DBG] AutoSave :: Auto saving settings...
[2026-02-18 00:32:36.168 DBG] Users :: Time to save 15.5919ms
[2026-02-18 00:32:36.189 DBG] Actions :: Time to save 20.3245ms
[2026-02-18 00:32:36.202 DBG] Commands :: Time to save 13.1699ms
[2026-02-18 00:32:36.215 DBG] Twitch Rewards :: Time to save 13.5859ms
[2026-02-18 00:32:36.227 DBG] Midi :: Time to save 11.1923ms
[2026-02-18 00:32:36.242 DBG] OBS Settings :: Time to save 14.7439ms
[2026-02-18 00:32:36.254 DBG] MeldStudio Settings :: Time to save 12.8332ms
[2026-02-18 00:32:36.265 DBG] Credits :: Time to save 11.3757ms
[2026-02-18 00:32:36.277 DBG] Quotes :: Time to save 11.6714ms
[2026-02-18 00:32:36.379 DBG] Config :: Time to save 21.6538ms
[2026-02-18 00:33:20.977 DBG] ViewerRepo :: UpdatePresence(twitch, 5), 0.0298ms
[2026-02-18 00:33:21.031 DBG] TwitchService :: Presence Timer :: Artificially updated presence with a threshold of 5 minutes (53.8533ms)
[2026-02-18 00:34:20.983 DBG] ViewerRepo :: UpdatePresence(twitch, 5), 0.0333ms
[2026-02-18 00:34:21.040 DBG] TwitchService :: Presence Timer :: Artificially updated presence with a threshold of 5 minutes (57.3371ms)
[2026-02-18 00:35:20.995 DBG] ViewerRepo :: UpdatePresence(twitch, 5), 0.0304ms
[2026-02-18 00:35:21.056 DBG] TwitchService :: Presence Timer :: Artificially updated presence with a threshold of 5 minutes (61.8201ms)
[2026-02-18 00:36:21.021 DBG] ViewerRepo :: UpdatePresence(twitch, 5), 0.0303ms
[2026-02-18 00:36:21.077 DBG] TwitchService :: Presence Timer :: Artificially updated presence with a threshold of 5 minutes (57.094ms)
[2026-02-18 00:37:11.504 DBG] Credits :: Time to save 19.807ms
[2026-02-18 00:37:20.101 DBG] ActionDispatcher :: Queueing 'Sub Goal' (361aa588-5f31-4e19-b8a5-099cae52479d, TimedAction) to 'Default' (00000000-0000-0000-0000-000000000000), with 11 arguments
[2026-02-18 00:37:20.101 DBG] ActionQueue :: 'Default' (00000000-0000-0000-0000-000000000000) :: Enqueue action 361aa588-5f31-4e19-b8a5-099cae52479d
[2026-02-18 00:37:20.101 DBG] ActionQueue :: 'Default' (00000000-0000-0000-0000-000000000000) :: Handling queue
[2026-02-18 00:37:20.101 DBG] ActionQueue :: 'Default' (00000000-0000-0000-0000-000000000000) :: Performing non-blocking 'Sub Goal' (361aa588-5f31-4e19-b8a5-099cae52479d, f7d031bc-1903-42a2-ba8f-7be55f96d56e)
[2026-02-18 00:37:21.022 DBG] ViewerRepo :: UpdatePresence(twitch, 5), 0.0319ms
[2026-02-18 00:37:21.081 DBG] TwitchService :: Presence Timer :: Artificially updated presence with a threshold of 5 minutes (58.9952ms)
[2026-02-18 00:37:36.355 DBG] AutoSave :: Auto saving settings...
[2026-02-18 00:37:36.377 DBG] Users :: Time to save 23.3166ms
[2026-02-18 00:37:36.403 DBG] Actions :: Time to save 25.1466ms
[2026-02-18 00:37:36.421 DBG] Commands :: Time to save 18.464ms
[2026-02-18 00:37:36.441 DBG] Twitch Rewards :: Time to save 18.596ms
[2026-02-18 00:37:36.457 DBG] Midi :: Time to save 17.5425ms
[2026-02-18 00:37:36.470 DBG] OBS Settings :: Time to save 12.0016ms
[2026-02-18 00:37:36.481 DBG] MeldStudio Settings :: Time to save 10.9366ms
[2026-02-18 00:37:36.498 DBG] Credits :: Time to save 16.7617ms
[2026-02-18 00:37:36.510 DBG] Quotes :: Time to save 12.3755ms
[2026-02-18 00:37:36.579 DBG] Config :: Time to save 20.5303ms
[2026-02-18 00:38:21.027 DBG] ViewerRepo :: UpdatePresence(twitch, 5), 0.0324ms
[2026-02-18 00:38:21.083 DBG] TwitchService :: Presence Timer :: Artificially updated presence with a threshold of 5 minutes (55.9826ms)
[2026-02-18 00:39:21.034 DBG] ViewerRepo :: UpdatePresence(twitch, 5), 0.0322ms
[2026-02-18 00:39:21.095 DBG] TwitchService :: Presence Timer :: Artificially updated presence with a threshold of 5 minutes (61.3925ms)
[2026-02-18 00:40:21.038 DBG] ViewerRepo :: UpdatePresence(twitch, 5), 0.056ms
[2026-02-18 00:40:21.099 DBG] TwitchService :: Presence Timer :: Artificially updated presence with a threshold of 5 minutes (61.3965ms)
[2026-02-18 00:41:21.038 DBG] ViewerRepo :: UpdatePresence(twitch, 5), 0.0325ms
[2026-02-18 00:41:21.098 DBG] TwitchService :: Presence Timer :: Artificially updated presence with a threshold of 5 minutes (60.6358ms)
[2026-02-18 00:42:11.510 DBG] Credits :: Time to save 22.8162ms
[2026-02-18 00:42:21.050 DBG] ViewerRepo :: UpdatePresence(twitch, 5), 0.0314ms
[2026-02-18 00:42:21.101 DBG] TwitchService :: Presence Timer :: Artificially updated presence with a threshold of 5 minutes (52.4977ms)
[2026-02-18 00:42:36.598 DBG] AutoSave :: Auto saving settings...
[2026-02-18 00:42:36.620 DBG] Users :: Time to save 22.252ms
[2026-02-18 00:42:36.643 DBG] Actions :: Time to save 22.9125ms
[2026-02-18 00:42:36.662 DBG] Commands :: Time to save 19.0733ms
[2026-02-18 00:42:36.683 DBG] Twitch Rewards :: Time to save 20.3349ms
[2026-02-18 00:42:36.700 DBG] Midi :: Time to save 16.7975ms
[2026-02-18 00:42:36.712 DBG] OBS Settings :: Time to save 12.0457ms
[2026-02-18 00:42:36.724 DBG] MeldStudio Settings :: Time to save 11.6202ms
[2026-02-18 00:42:36.742 DBG] Credits :: Time to save 18.2695ms
[2026-02-18 00:42:36.755 DBG] Quotes :: Time to save 12.9149ms
[2026-02-18 00:42:36.824 DBG] Config :: Time to save 24.2461ms
[2026-02-18 00:43:21.060 DBG] ViewerRepo :: UpdatePresence(twitch, 5), 0.0313ms
[2026-02-18 00:43:21.116 DBG] TwitchService :: Presence Timer :: Artificially updated presence with a threshold of 5 minutes (55.9279ms)
[2026-02-18 00:44:21.075 DBG] ViewerRepo :: UpdatePresence(twitch, 5), 0.0293ms
[2026-02-18 00:44:21.133 DBG] TwitchService :: Presence Timer :: Artificially updated presence with a threshold of 5 minutes (58.2594ms)
[2026-02-18 00:45:21.087 DBG] ViewerRepo :: UpdatePresence(twitch, 5), 0.0315ms
[2026-02-18 00:45:21.148 DBG] TwitchService :: Presence Timer :: Artificially updated presence with a threshold of 5 minutes (61.5623ms)
[2026-02-18 00:46:21.088 DBG] ViewerRepo :: UpdatePresence(twitch, 5), 0.0306ms
[2026-02-18 00:46:21.146 DBG] TwitchService :: Presence Timer :: Artificially updated presence with a threshold of 5 minutes (58.1197ms)
[2026-02-18 00:47:11.514 DBG] Credits :: Time to save 18.707ms
[2026-02-18 00:47:20.539 DBG] ActionDispatcher :: Queueing 'Sub Goal' (361aa588-5f31-4e19-b8a5-099cae52479d, TimedAction) to 'Default' (00000000-0000-0000-0000-000000000000), with 11 arguments
[2026-02-18 00:47:20.540 DBG] ActionQueue :: 'Default' (00000000-0000-0000-0000-000000000000) :: Enqueue action 361aa588-5f31-4e19-b8a5-099cae52479d
[2026-02-18 00:47:20.540 DBG] ActionQueue :: 'Default' (00000000-0000-0000-0000-000000000000) :: Handling queue
[2026-02-18 00:47:20.540 DBG] ActionQueue :: 'Default' (00000000-0000-0000-0000-000000000000) :: Performing non-blocking 'Sub Goal' (361aa588-5f31-4e19-b8a5-099cae52479d, df293ed7-0f41-4e27-be95-4088519403f2)
[2026-02-18 00:47:21.113 DBG] ViewerRepo :: UpdatePresence(twitch, 5), 0.0309ms
[2026-02-18 00:47:21.170 DBG] TwitchService :: Presence Timer :: Artificially updated presence with a threshold of 5 minutes (58.1262ms)
[2026-02-18 00:47:36.836 DBG] AutoSave :: Auto saving settings...
[2026-02-18 00:47:36.859 DBG] Users :: Time to save 22.8085ms
[2026-02-18 00:47:36.881 DBG] Actions :: Time to save 23.3213ms
[2026-02-18 00:47:36.901 DBG] Commands :: Time to save 20.0142ms
[2026-02-18 00:47:36.916 DBG] Twitch Rewards :: Time to save 13.4494ms
[2026-02-18 00:47:36.933 DBG] Midi :: Time to save 17.5684ms
[2026-02-18 00:47:36.951 DBG] OBS Settings :: Time to save 17.2935ms
[2026-02-18 00:47:36.962 DBG] MeldStudio Settings :: Time to save 11.2126ms
[2026-02-18 00:47:36.979 DBG] Credits :: Time to save 16.8947ms
[2026-02-18 00:47:36.991 DBG] Quotes :: Time to save 12.8498ms
[2026-02-18 00:47:37.054 DBG] Config :: Time to save 14.7895ms
[2026-02-18 00:48:21.126 DBG] ViewerRepo :: UpdatePresence(twitch, 5), 0.0306ms
[2026-02-18 00:48:21.181 DBG] TwitchService :: Presence Timer :: Artificially updated presence with a threshold of 5 minutes (55.3497ms)
[2026-02-18 00:49:21.132 DBG] ViewerRepo :: UpdatePresence(twitch, 5), 0.031ms
[2026-02-18 00:49:21.188 DBG] TwitchService :: Presence Timer :: Artificially updated presence with a threshold of 5 minutes (56.8068ms)
[2026-02-18 00:50:21.135 DBG] ViewerRepo :: UpdatePresence(twitch, 5), 0.0344ms
[2026-02-18 00:50:21.190 DBG] TwitchService :: Presence Timer :: Artificially updated presence with a threshold of 5 minutes (55.3978ms)
[2026-02-18 00:51:21.141 DBG] ViewerRepo :: UpdatePresence(twitch, 5), 0.0309ms
[2026-02-18 00:51:21.195 DBG] TwitchService :: Presence Timer :: Artificially updated presence with a threshold of 5 minutes (53.7978ms)
[2026-02-18 00:52:11.523 DBG] Credits :: Time to save 21.4963ms
[2026-02-18 00:52:21.150 DBG] ViewerRepo :: UpdatePresence(twitch, 5), 0.0302ms
[2026-02-18 00:52:21.207 DBG] TwitchService :: Presence Timer :: Artificially updated presence with a threshold of 5 minutes (57.0361ms)
[2026-02-18 00:52:37.083 DBG] AutoSave :: Auto saving settings...
[2026-02-18 00:52:37.106 DBG] Users :: Time to save 23.27ms
[2026-02-18 00:52:37.134 DBG] Actions :: Time to save 27.7742ms
[2026-02-18 00:52:37.147 DBG] Commands :: Time to save 13.7215ms
[2026-02-18 00:52:37.167 DBG] Twitch Rewards :: Time to save 19.3472ms
[2026-02-18 00:52:37.184 DBG] Midi :: Time to save 17.1078ms
[2026-02-18 00:52:37.201 DBG] OBS Settings :: Time to save 17.1508ms
[2026-02-18 00:52:37.217 DBG] MeldStudio Settings :: Time to save 16.2392ms
[2026-02-18 00:52:37.234 DBG] Credits :: Time to save 16.7407ms
[2026-02-18 00:52:37.253 DBG] Quotes :: Time to save 18.787ms
[2026-02-18 00:52:37.307 DBG] Config :: Time to save 21.4733ms
[2026-02-18 00:53:21.164 DBG] ViewerRepo :: UpdatePresence(twitch, 5), 0.0297ms
[2026-02-18 00:53:21.221 DBG] TwitchService :: Presence Timer :: Artificially updated presence with a threshold of 5 minutes (57.6231ms)
[2026-02-18 00:54:21.173 DBG] ViewerRepo :: UpdatePresence(twitch, 5), 0.0306ms
[2026-02-18 00:54:21.230 DBG] TwitchService :: Presence Timer :: Artificially updated presence with a threshold of 5 minutes (57.8631ms)
[2026-02-18 00:55:21.176 DBG] ViewerRepo :: UpdatePresence(twitch, 5), 0.0323ms
[2026-02-18 00:55:21.231 DBG] TwitchService :: Presence Timer :: Artificially updated presence with a threshold of 5 minutes (56.1753ms)
[2026-02-18 00:56:21.179 DBG] ViewerRepo :: UpdatePresence(twitch, 5), 0.0314ms
[2026-02-18 00:56:21.237 DBG] TwitchService :: Presence Timer :: Artificially updated presence with a threshold of 5 minutes (57.9624ms)
[2026-02-18 00:57:11.535 DBG] Credits :: Time to save 19.0699ms
[2026-02-18 00:57:21.147 DBG] ActionDispatcher :: Queueing 'Sub Goal' (361aa588-5f31-4e19-b8a5-099cae52479d, TimedAction) to 'Default' (00000000-0000-0000-0000-000000000000), with 11 arguments
[2026-02-18 00:57:21.147 DBG] ActionQueue :: 'Default' (00000000-0000-0000-0000-000000000000) :: Enqueue action 361aa588-5f31-4e19-b8a5-099cae52479d
[2026-02-18 00:57:21.147 DBG] ActionQueue :: 'Default' (00000000-0000-0000-0000-000000000000) :: Handling queue
[2026-02-18 00:57:21.147 DBG] ActionQueue :: 'Default' (00000000-0000-0000-0000-000000000000) :: Performing non-blocking 'Sub Goal' (361aa588-5f31-4e19-b8a5-099cae52479d, a2f19d06-c844-4d33-a11b-0688692dbc21)
[2026-02-18 00:57:21.194 DBG] ViewerRepo :: UpdatePresence(twitch, 5), 0.029ms
[2026-02-18 00:57:21.247 DBG] TwitchService :: Presence Timer :: Artificially updated presence with a threshold of 5 minutes (53.6957ms)
[2026-02-18 00:57:37.365 DBG] AutoSave :: Auto saving settings...
[2026-02-18 00:57:37.388 DBG] Users :: Time to save 22.7787ms
[2026-02-18 00:57:37.414 DBG] Actions :: Time to save 26.0673ms
[2026-02-18 00:57:37.435 DBG] Commands :: Time to save 19.9871ms
[2026-02-18 00:57:37.448 DBG] Twitch Rewards :: Time to save 14.2963ms
[2026-02-18 00:57:37.459 DBG] Midi :: Time to save 10.825ms
[2026-02-18 00:57:37.476 DBG] OBS Settings :: Time to save 15.9985ms
[2026-02-18 00:57:37.487 DBG] MeldStudio Settings :: Time to save 11.5076ms
[2026-02-18 00:57:37.501 DBG] Credits :: Time to save 14.6091ms
[2026-02-18 00:57:37.517 DBG] Quotes :: Time to save 15.5092ms
[2026-02-18 00:57:37.583 DBG] Config :: Time to save 14.4672ms
[2026-02-18 00:58:21.205 DBG] ViewerRepo :: UpdatePresence(twitch, 5), 0.0304ms
[2026-02-18 00:58:21.265 DBG] TwitchService :: Presence Timer :: Artificially updated presence with a threshold of 5 minutes (60.3539ms)
[2026-02-18 00:59:21.215 DBG] ViewerRepo :: UpdatePresence(twitch, 5), 0.0308ms
[2026-02-18 00:59:21.270 DBG] TwitchService :: Presence Timer :: Artificially updated presence with a threshold of 5 minutes (55.8753ms)
[2026-02-18 01:00:21.239 DBG] ViewerRepo :: UpdatePresence(twitch, 5), 0.0305ms
[2026-02-18 01:00:21.293 DBG] TwitchService :: Presence Timer :: Artificially updated presence with a threshold of 5 minutes (53.8896ms)
[2026-02-18 01:01:21.240 DBG] ViewerRepo :: UpdatePresence(twitch, 5), 0.0316ms
[2026-02-18 01:01:21.294 DBG] TwitchService :: Presence Timer :: Artificially updated presence with a threshold of 5 minutes (53.8314ms)
[2026-02-18 01:02:11.550 DBG] Credits :: Time to save 21.65ms
[2026-02-18 01:02:21.254 DBG] ViewerRepo :: UpdatePresence(twitch, 5), 0.0308ms
[2026-02-18 01:02:21.310 DBG] TwitchService :: Presence Timer :: Artificially updated presence with a threshold of 5 minutes (56.8071ms)
[2026-02-18 01:02:37.598 DBG] AutoSave :: Auto saving settings...
[2026-02-18 01:02:37.621 DBG] Users :: Time to save 23.6511ms
[2026-02-18 01:02:37.647 DBG] Actions :: Time to save 24.7891ms
[2026-02-18 01:02:37.659 DBG] Commands :: Time to save 12.7323ms
[2026-02-18 01:02:37.671 DBG] Twitch Rewards :: Time to save 12.2946ms
[2026-02-18 01:02:37.686 DBG] Midi :: Time to save 14.5192ms
[2026-02-18 01:02:37.700 DBG] OBS Settings :: Time to save 14.1836ms
[2026-02-18 01:02:37.718 DBG] MeldStudio Settings :: Time to save 17.67ms
[2026-02-18 01:02:37.736 DBG] Credits :: Time to save 17.8928ms
[2026-02-18 01:02:37.753 DBG] Quotes :: Time to save 16.9069ms
[2026-02-18 01:02:37.821 DBG] Config :: Time to save 21.1609ms
[2026-02-18 01:03:21.261 DBG] ViewerRepo :: UpdatePresence(twitch, 5), 0.0545ms
[2026-02-18 01:03:21.314 DBG] TwitchService :: Presence Timer :: Artificially updated presence with a threshold of 5 minutes (52.8423ms)
[2026-02-18 01:04:21.263 DBG] ViewerRepo :: UpdatePresence(twitch, 5), 0.0318ms
[2026-02-18 01:04:21.318 DBG] TwitchService :: Presence Timer :: Artificially updated presence with a threshold of 5 minutes (55.941ms)
[2026-02-18 01:05:21.266 DBG] ViewerRepo :: UpdatePresence(twitch, 5), 0.0305ms
[2026-02-18 01:05:21.323 DBG] TwitchService :: Presence Timer :: Artificially updated presence with a threshold of 5 minutes (57.7704ms)
[2026-02-18 01:06:21.274 DBG] ViewerRepo :: UpdatePresence(twitch, 5), 0.0301ms
[2026-02-18 01:06:21.332 DBG] TwitchService :: Presence Timer :: Artificially updated presence with a threshold of 5 minutes (58.2735ms)
[2026-02-18 01:07:11.553 DBG] Credits :: Time to save 17.6412ms
[2026-02-18 01:07:21.287 DBG] ViewerRepo :: UpdatePresence(twitch, 5), 0.0317ms
[2026-02-18 01:07:21.343 DBG] TwitchService :: Presence Timer :: Artificially updated presence with a threshold of 5 minutes (56.3545ms)
[2026-02-18 01:07:21.753 DBG] ActionDispatcher :: Queueing 'Sub Goal' (361aa588-5f31-4e19-b8a5-099cae52479d, TimedAction) to 'Default' (00000000-0000-0000-0000-000000000000), with 11 arguments
[2026-02-18 01:07:21.753 DBG] ActionQueue :: 'Default' (00000000-0000-0000-0000-000000000000) :: Enqueue action 361aa588-5f31-4e19-b8a5-099cae52479d
[2026-02-18 01:07:21.753 DBG] ActionQueue :: 'Default' (00000000-0000-0000-0000-000000000000) :: Handling queue
[2026-02-18 01:07:21.753 DBG] ActionQueue :: 'Default' (00000000-0000-0000-0000-000000000000) :: Performing non-blocking 'Sub Goal' (361aa588-5f31-4e19-b8a5-099cae52479d, bd3c032a-eb72-4824-9ec4-2cc9b5120af9)
[2026-02-18 01:07:37.863 DBG] AutoSave :: Auto saving settings...
[2026-02-18 01:07:37.889 DBG] Users :: Time to save 26.6729ms
[2026-02-18 01:07:37.917 DBG] Actions :: Time to save 27.8409ms
[2026-02-18 01:07:37.936 DBG] Commands :: Time to save 18.9917ms
[2026-02-18 01:07:37.954 DBG] Twitch Rewards :: Time to save 18.4573ms
[2026-02-18 01:07:37.971 DBG] Midi :: Time to save 17.0861ms
[2026-02-18 01:07:37.989 DBG] OBS Settings :: Time to save 17.032ms
[2026-02-18 01:07:38.005 DBG] MeldStudio Settings :: Time to save 16.6987ms
[2026-02-18 01:07:38.023 DBG] Credits :: Time to save 16.7555ms
[2026-02-18 01:07:38.041 DBG] Quotes :: Time to save 19.6781ms
[2026-02-18 01:07:38.085 DBG] Config :: Time to save 21.3908ms
[2026-02-18 01:08:21.291 DBG] ViewerRepo :: UpdatePresence(twitch, 5), 0.0294ms
[2026-02-18 01:08:21.345 DBG] TwitchService :: Presence Timer :: Artificially updated presence with a threshold of 5 minutes (55.093ms)
[2026-02-18 01:09:21.293 DBG] ViewerRepo :: UpdatePresence(twitch, 5), 0.0314ms
[2026-02-18 01:09:21.847 DBG] TwitchService :: Presence Timer :: Artificially updated presence with a threshold of 5 minutes (553.0123ms)
[2026-02-18 01:10:21.303 DBG] ViewerRepo :: UpdatePresence(twitch, 5), 0.0299ms
[2026-02-18 01:10:21.357 DBG] TwitchService :: Presence Timer :: Artificially updated presence with a threshold of 5 minutes (54.1308ms)
[2026-02-18 01:11:21.310 DBG] ViewerRepo :: UpdatePresence(twitch, 5), 0.0308ms
[2026-02-18 01:11:21.367 DBG] TwitchService :: Presence Timer :: Artificially updated presence with a threshold of 5 minutes (57.5376ms)
[2026-02-18 01:12:11.568 DBG] Credits :: Time to save 20.0146ms
[2026-02-18 01:12:21.323 DBG] ViewerRepo :: UpdatePresence(twitch, 5), 0.0293ms
[2026-02-18 01:12:21.379 DBG] TwitchService :: Presence Timer :: Artificially updated presence with a threshold of 5 minutes (55.4182ms)
[2026-02-18 01:12:38.109 DBG] AutoSave :: Auto saving settings...
[2026-02-18 01:12:38.124 DBG] Users :: Time to save 15.5261ms
[2026-02-18 01:12:38.143 DBG] Actions :: Time to save 19.3031ms
[2026-02-18 01:12:38.156 DBG] Commands :: Time to save 12.815ms
[2026-02-18 01:12:38.170 DBG] Twitch Rewards :: Time to save 13.176ms
[2026-02-18 01:12:38.181 DBG] Midi :: Time to save 11.7987ms
[2026-02-18 01:12:38.196 DBG] OBS Settings :: Time to save 14.9043ms
[2026-02-18 01:12:38.216 DBG] MeldStudio Settings :: Time to save 18.7189ms
[2026-02-18 01:12:38.233 DBG] Credits :: Time to save 17.1358ms
[2026-02-18 01:12:38.248 DBG] Quotes :: Time to save 15.5388ms
[2026-02-18 01:12:38.332 DBG] Config :: Time to save 20.0223ms
[2026-02-18 01:13:21.334 DBG] ViewerRepo :: UpdatePresence(twitch, 5), 0.035ms
[2026-02-18 01:13:21.390 DBG] TwitchService :: Presence Timer :: Artificially updated presence with a threshold of 5 minutes (55.6702ms)
[2026-02-18 01:14:21.336 DBG] ViewerRepo :: UpdatePresence(twitch, 5), 0.031ms
[2026-02-18 01:14:21.394 DBG] TwitchService :: Presence Timer :: Artificially updated presence with a threshold of 5 minutes (56.9884ms)
[2026-02-18 01:14:28.658 DBG] Streamer.bot Website Socket :: Disconnected
[2026-02-18 01:14:28.658 INF] Streamer.bot Service :: Disconnected from Website Client
[2026-02-18 01:14:30.665 DBG] Streamer.bot Service :: Retrying website client connection
[2026-02-18 01:14:30.665 INF] Streamer.bot Service :: Connecting to Website Client
[2026-02-18 01:14:30.665 DBG] Streamer.bot Website Socket :: Opening connection
[2026-02-18 01:14:30.963 INF] Streamer.bot Service :: Website Client authenticated
[2026-02-18 01:14:30.963 INF] Streamer.bot Service :: Connected to Website Client
[2026-02-18 01:15:21.343 DBG] ViewerRepo :: UpdatePresence(twitch, 5), 0.0291ms
[2026-02-18 01:15:21.401 DBG] TwitchService :: Presence Timer :: Artificially updated presence with a threshold of 5 minutes (58.6715ms)
[2026-02-18 01:16:21.357 DBG] ViewerRepo :: UpdatePresence(twitch, 5), 0.0299ms
[2026-02-18 01:16:21.410 DBG] TwitchService :: Presence Timer :: Artificially updated presence with a threshold of 5 minutes (53.2093ms)
[2026-02-18 01:17:11.572 DBG] Credits :: Time to save 13.2665ms
[2026-02-18 01:17:21.361 DBG] ViewerRepo :: UpdatePresence(twitch, 5), 0.0304ms
[2026-02-18 01:17:21.414 DBG] TwitchService :: Presence Timer :: Artificially updated presence with a threshold of 5 minutes (53.9249ms)
[2026-02-18 01:17:22.031 DBG] ActionDispatcher :: Queueing 'Sub Goal' (361aa588-5f31-4e19-b8a5-099cae52479d, TimedAction) to 'Default' (00000000-0000-0000-0000-000000000000), with 11 arguments
[2026-02-18 01:17:22.031 DBG] ActionQueue :: 'Default' (00000000-0000-0000-0000-000000000000) :: Enqueue action 361aa588-5f31-4e19-b8a5-099cae52479d
[2026-02-18 01:17:22.031 DBG] ActionQueue :: 'Default' (00000000-0000-0000-0000-000000000000) :: Handling queue
[2026-02-18 01:17:22.031 DBG] ActionQueue :: 'Default' (00000000-0000-0000-0000-000000000000) :: Performing non-blocking 'Sub Goal' (361aa588-5f31-4e19-b8a5-099cae52479d, 968a9473-363a-44b6-9bca-37bf9dbe88e3)
[2026-02-18 01:17:38.369 DBG] AutoSave :: Auto saving settings...
[2026-02-18 01:17:38.391 DBG] Users :: Time to save 22.0781ms
[2026-02-18 01:17:38.415 DBG] Actions :: Time to save 24.3602ms
[2026-02-18 01:17:38.433 DBG] Commands :: Time to save 17.9991ms
[2026-02-18 01:17:38.451 DBG] Twitch Rewards :: Time to save 18.5295ms
[2026-02-18 01:17:38.465 DBG] Midi :: Time to save 12.9202ms
[2026-02-18 01:17:38.477 DBG] OBS Settings :: Time to save 11.1327ms
[2026-02-18 01:17:38.491 DBG] MeldStudio Settings :: Time to save 14.6617ms
[2026-02-18 01:17:38.508 DBG] Credits :: Time to save 16.4712ms
[2026-02-18 01:17:38.525 DBG] Quotes :: Time to save 18.234ms
[2026-02-18 01:17:38.587 DBG] Config :: Time to save 14.2362ms
[2026-02-18 01:18:21.380 DBG] ViewerRepo :: UpdatePresence(twitch, 5), 0.0301ms
[2026-02-18 01:18:21.434 DBG] TwitchService :: Presence Timer :: Artificially updated presence with a threshold of 5 minutes (54.0941ms)
[2026-02-18 01:19:21.388 DBG] ViewerRepo :: UpdatePresence(twitch, 5), 0.0566ms
[2026-02-18 01:19:21.455 DBG] TwitchService :: Presence Timer :: Artificially updated presence with a threshold of 5 minutes (67.3679ms)
[2026-02-18 01:20:21.403 DBG] ViewerRepo :: UpdatePresence(twitch, 5), 0.0295ms
[2026-02-18 01:20:21.460 DBG] TwitchService :: Presence Timer :: Artificially updated presence with a threshold of 5 minutes (56.3761ms)
[2026-02-18 01:21:21.417 DBG] ViewerRepo :: UpdatePresence(twitch, 5), 0.0289ms
[2026-02-18 01:21:21.471 DBG] TwitchService :: Presence Timer :: Artificially updated presence with a threshold of 5 minutes (53.9841ms)
[2026-02-18 01:22:11.581 DBG] Credits :: Time to save 13.4484ms
[2026-02-18 01:22:21.442 DBG] ViewerRepo :: UpdatePresence(twitch, 5), 0.0295ms
[2026-02-18 01:22:21.501 DBG] TwitchService :: Presence Timer :: Artificially updated presence with a threshold of 5 minutes (59.0374ms)
[2026-02-18 01:22:38.621 DBG] AutoSave :: Auto saving settings...
[2026-02-18 01:22:38.642 DBG] Users :: Time to save 22.3673ms
[2026-02-18 01:22:38.670 DBG] Actions :: Time to save 27.2201ms
[2026-02-18 01:22:38.691 DBG] Commands :: Time to save 20.6359ms
[2026-02-18 01:22:38.711 DBG] Twitch Rewards :: Time to save 20.3115ms
[2026-02-18 01:22:38.730 DBG] Midi :: Time to save 18.5574ms
[2026-02-18 01:22:38.748 DBG] OBS Settings :: Time to save 18.2827ms
[2026-02-18 01:22:38.765 DBG] MeldStudio Settings :: Time to save 17.7167ms
[2026-02-18 01:22:38.782 DBG] Credits :: Time to save 16.9074ms
[2026-02-18 01:22:38.801 DBG] Quotes :: Time to save 19.1107ms
[2026-02-18 01:22:38.838 DBG] Config :: Time to save 14.6607ms
[2026-02-18 01:23:21.454 DBG] ViewerRepo :: UpdatePresence(twitch, 5), 0.0464ms
[2026-02-18 01:23:21.511 DBG] TwitchService :: Presence Timer :: Artificially updated presence with a threshold of 5 minutes (57.1656ms)
[2026-02-18 01:24:21.460 DBG] ViewerRepo :: UpdatePresence(twitch, 5), 0.0317ms
[2026-02-18 01:24:21.515 DBG] TwitchService :: Presence Timer :: Artificially updated presence with a threshold of 5 minutes (55.3917ms)
[2026-02-18 01:25:21.471 DBG] ViewerRepo :: UpdatePresence(twitch, 5), 0.0316ms
[2026-02-18 01:25:21.531 DBG] TwitchService :: Presence Timer :: Artificially updated presence with a threshold of 5 minutes (60.1731ms)
[2026-02-18 01:26:21.480 DBG] ViewerRepo :: UpdatePresence(twitch, 5), 0.0323ms
[2026-02-18 01:26:21.536 DBG] TwitchService :: Presence Timer :: Artificially updated presence with a threshold of 5 minutes (56.6466ms)
[2026-02-18 01:27:11.595 DBG] Credits :: Time to save 19.2654ms
[2026-02-18 01:27:21.485 DBG] ViewerRepo :: UpdatePresence(twitch, 5), 0.0313ms
[2026-02-18 01:27:21.540 DBG] TwitchService :: Presence Timer :: Artificially updated presence with a threshold of 5 minutes (54.273ms)
[2026-02-18 01:27:22.531 DBG] ActionDispatcher :: Queueing 'Sub Goal' (361aa588-5f31-4e19-b8a5-099cae52479d, TimedAction) to 'Default' (00000000-0000-0000-0000-000000000000), with 11 arguments
[2026-02-18 01:27:22.531 DBG] ActionQueue :: 'Default' (00000000-0000-0000-0000-000000000000) :: Enqueue action 361aa588-5f31-4e19-b8a5-099cae52479d
[2026-02-18 01:27:22.531 DBG] ActionQueue :: 'Default' (00000000-0000-0000-0000-000000000000) :: Handling queue
[2026-02-18 01:27:22.531 DBG] ActionQueue :: 'Default' (00000000-0000-0000-0000-000000000000) :: Performing non-blocking 'Sub Goal' (361aa588-5f31-4e19-b8a5-099cae52479d, 63d7b412-78dc-4faa-9288-367fb1eac14f)
[2026-02-18 01:27:38.902 DBG] AutoSave :: Auto saving settings...
[2026-02-18 01:27:38.921 DBG] Users :: Time to save 19.1253ms
[2026-02-18 01:27:38.944 DBG] Actions :: Time to save 23.3045ms
[2026-02-18 01:27:38.964 DBG] Commands :: Time to save 19.723ms
[2026-02-18 01:27:38.984 DBG] Twitch Rewards :: Time to save 20.2929ms
[2026-02-18 01:27:38.996 DBG] Midi :: Time to save 11.3362ms
[2026-02-18 01:27:39.013 DBG] OBS Settings :: Time to save 16.7269ms
[2026-02-18 01:27:39.024 DBG] MeldStudio Settings :: Time to save 11.491ms
[2026-02-18 01:27:39.039 DBG] Credits :: Time to save 14.7964ms
[2026-02-18 01:27:39.056 DBG] Quotes :: Time to save 17.8282ms
[2026-02-18 01:27:39.128 DBG] Config :: Time to save 23.1812ms
[2026-02-18 01:28:21.493 DBG] ViewerRepo :: UpdatePresence(twitch, 5), 0.0335ms
[2026-02-18 01:28:21.551 DBG] TwitchService :: Presence Timer :: Artificially updated presence with a threshold of 5 minutes (57.684ms)
[2026-02-18 01:29:21.498 DBG] ViewerRepo :: UpdatePresence(twitch, 5), 0.0325ms
[2026-02-18 01:29:21.548 DBG] TwitchService :: Presence Timer :: Artificially updated presence with a threshold of 5 minutes (50.7893ms)
[2026-02-18 01:30:21.509 DBG] ViewerRepo :: UpdatePresence(twitch, 5), 0.0314ms
[2026-02-18 01:30:21.564 DBG] TwitchService :: Presence Timer :: Artificially updated presence with a threshold of 5 minutes (54.803ms)
[2026-02-18 01:31:21.517 DBG] ViewerRepo :: UpdatePresence(twitch, 5), 0.032ms
[2026-02-18 01:31:21.570 DBG] TwitchService :: Presence Timer :: Artificially updated presence with a threshold of 5 minutes (52.9948ms)
[2026-02-18 01:32:11.596 DBG] Credits :: Time to save 17.6226ms
[2026-02-18 01:32:21.523 DBG] ViewerRepo :: UpdatePresence(twitch, 5), 0.0315ms
[2026-02-18 01:32:21.579 DBG] TwitchService :: Presence Timer :: Artificially updated presence with a threshold of 5 minutes (55.9732ms)
[2026-02-18 01:32:39.103 DBG] AutoSave :: Auto saving settings...
[2026-02-18 01:32:39.126 DBG] Users :: Time to save 24.0602ms
[2026-02-18 01:32:39.153 DBG] Actions :: Time to save 26.3034ms
[2026-02-18 01:32:39.166 DBG] Commands :: Time to save 13.5047ms
[2026-02-18 01:32:39.181 DBG] Twitch Rewards :: Time to save 13.8844ms
[2026-02-18 01:32:39.196 DBG] Midi :: Time to save 15.9785ms
[2026-02-18 01:32:39.215 DBG] OBS Settings :: Time to save 17.4257ms
[2026-02-18 01:32:39.226 DBG] MeldStudio Settings :: Time to save 11.7456ms
[2026-02-18 01:32:39.238 DBG] Credits :: Time to save 11.326ms
[2026-02-18 01:32:39.256 DBG] Quotes :: Time to save 18.9686ms
[2026-02-18 01:32:39.329 DBG] Config :: Time to save 21.3117ms
[2026-02-18 01:33:21.550 DBG] ViewerRepo :: UpdatePresence(twitch, 5), 0.0314ms
[2026-02-18 01:33:21.606 DBG] TwitchService :: Presence Timer :: Artificially updated presence with a threshold of 5 minutes (56.402ms)
[2026-02-18 01:34:21.564 DBG] ViewerRepo :: UpdatePresence(twitch, 5), 0.0302ms
[2026-02-18 01:34:21.622 DBG] TwitchService :: Presence Timer :: Artificially updated presence with a threshold of 5 minutes (57.9733ms)
[2026-02-18 01:35:21.578 DBG] ViewerRepo :: UpdatePresence(twitch, 5), 0.0348ms
[2026-02-18 01:35:21.634 DBG] TwitchService :: Presence Timer :: Artificially updated presence with a threshold of 5 minutes (55.9285ms)
[2026-02-18 01:36:21.579 DBG] ViewerRepo :: UpdatePresence(twitch, 5), 0.0329ms
[2026-02-18 01:36:21.635 DBG] TwitchService :: Presence Timer :: Artificially updated presence with a threshold of 5 minutes (56.8629ms)
[2026-02-18 01:37:11.603 DBG] Credits :: Time to save 18.9441ms
[2026-02-18 01:37:21.591 DBG] ViewerRepo :: UpdatePresence(twitch, 5), 0.0319ms
[2026-02-18 01:37:21.648 DBG] TwitchService :: Presence Timer :: Artificially updated presence with a threshold of 5 minutes (58.0503ms)
[2026-02-18 01:37:23.198 DBG] ActionDispatcher :: Queueing 'Sub Goal' (361aa588-5f31-4e19-b8a5-099cae52479d, TimedAction) to 'Default' (00000000-0000-0000-0000-000000000000), with 11 arguments
[2026-02-18 01:37:23.198 DBG] ActionQueue :: 'Default' (00000000-0000-0000-0000-000000000000) :: Enqueue action 361aa588-5f31-4e19-b8a5-099cae52479d
[2026-02-18 01:37:23.198 DBG] ActionQueue :: 'Default' (00000000-0000-0000-0000-000000000000) :: Handling queue
[2026-02-18 01:37:23.198 DBG] ActionQueue :: 'Default' (00000000-0000-0000-0000-000000000000) :: Performing non-blocking 'Sub Goal' (361aa588-5f31-4e19-b8a5-099cae52479d, f5f7b5b2-47d1-4db3-82c6-e636c9b5ed0d)
[2026-02-18 01:37:39.339 DBG] AutoSave :: Auto saving settings...
[2026-02-18 01:37:39.364 DBG] Users :: Time to save 25.6095ms
[2026-02-18 01:37:39.390 DBG] Actions :: Time to save 25.3867ms
[2026-02-18 01:37:39.409 DBG] Commands :: Time to save 19.4123ms
[2026-02-18 01:37:39.426 DBG] Twitch Rewards :: Time to save 16.493ms
[2026-02-18 01:37:39.442 DBG] Midi :: Time to save 16.5625ms
[2026-02-18 01:37:39.460 DBG] OBS Settings :: Time to save 17.3746ms
[2026-02-18 01:37:39.471 DBG] MeldStudio Settings :: Time to save 11.5774ms
[2026-02-18 01:37:39.486 DBG] Credits :: Time to save 15.4482ms
[2026-02-18 01:37:39.500 DBG] Quotes :: Time to save 13.7143ms
[2026-02-18 01:37:39.560 DBG] Config :: Time to save 19.3778ms
[2026-02-18 01:38:21.595 DBG] ViewerRepo :: UpdatePresence(twitch, 5), 0.0345ms
[2026-02-18 01:38:21.646 DBG] TwitchService :: Presence Timer :: Artificially updated presence with a threshold of 5 minutes (52.1493ms)
[2026-02-18 01:39:21.606 DBG] ViewerRepo :: UpdatePresence(twitch, 5), 0.0303ms
[2026-02-18 01:39:21.662 DBG] TwitchService :: Presence Timer :: Artificially updated presence with a threshold of 5 minutes (56.2924ms)
[2026-02-18 01:40:21.629 DBG] ViewerRepo :: UpdatePresence(twitch, 5), 0.0293ms
[2026-02-18 01:40:21.682 DBG] TwitchService :: Presence Timer :: Artificially updated presence with a threshold of 5 minutes (53.0926ms)
[2026-02-18 01:41:21.630 DBG] ViewerRepo :: UpdatePresence(twitch, 5), 0.0325ms
[2026-02-18 01:41:21.687 DBG] TwitchService :: Presence Timer :: Artificially updated presence with a threshold of 5 minutes (57.2722ms)
[2026-02-18 01:42:11.614 DBG] Credits :: Time to save 20.2031ms
[2026-02-18 01:42:21.644 DBG] ViewerRepo :: UpdatePresence(twitch, 5), 0.0349ms
[2026-02-18 01:42:21.700 DBG] TwitchService :: Presence Timer :: Artificially updated presence with a threshold of 5 minutes (57.6797ms)
[2026-02-18 01:42:39.592 DBG] AutoSave :: Auto saving settings...
[2026-02-18 01:42:39.615 DBG] Users :: Time to save 23.4178ms
[2026-02-18 01:42:39.640 DBG] Actions :: Time to save 24.143ms
[2026-02-18 01:42:39.659 DBG] Commands :: Time to save 19.2246ms
[2026-02-18 01:42:39.677 DBG] Twitch Rewards :: Time to save 18.9623ms
[2026-02-18 01:42:39.695 DBG] Midi :: Time to save 17.4551ms
[2026-02-18 01:42:39.711 DBG] OBS Settings :: Time to save 16.4632ms
[2026-02-18 01:42:39.728 DBG] MeldStudio Settings :: Time to save 16.4712ms
[2026-02-18 01:42:39.744 DBG] Credits :: Time to save 16.0328ms
[2026-02-18 01:42:39.762 DBG] Quotes :: Time to save 18.1583ms
[2026-02-18 01:42:39.816 DBG] Config :: Time to save 21.6493ms
[2026-02-18 01:43:21.648 DBG] ViewerRepo :: UpdatePresence(twitch, 5), 0.0302ms
[2026-02-18 01:43:21.704 DBG] TwitchService :: Presence Timer :: Artificially updated presence with a threshold of 5 minutes (56.7198ms)
[2026-02-18 01:44:21.658 DBG] ViewerRepo :: UpdatePresence(twitch, 5), 0.0312ms
[2026-02-18 01:44:21.711 DBG] TwitchService :: Presence Timer :: Artificially updated presence with a threshold of 5 minutes (53.1025ms)
[2026-02-18 01:45:21.659 DBG] ViewerRepo :: UpdatePresence(twitch, 5), 0.0309ms
[2026-02-18 01:45:21.719 DBG] TwitchService :: Presence Timer :: Artificially updated presence with a threshold of 5 minutes (60.7691ms)
[2026-02-18 01:46:21.666 DBG] ViewerRepo :: UpdatePresence(twitch, 5), 0.0518ms
[2026-02-18 01:46:21.719 DBG] TwitchService :: Presence Timer :: Artificially updated presence with a threshold of 5 minutes (53.4292ms)
[2026-02-18 01:47:11.614 DBG] Credits :: Time to save 12.2611ms
[2026-02-18 01:47:21.675 DBG] ViewerRepo :: UpdatePresence(twitch, 5), 0.0301ms
[2026-02-18 01:47:21.732 DBG] TwitchService :: Presence Timer :: Artificially updated presence with a threshold of 5 minutes (57.7799ms)
[2026-02-18 01:47:23.827 DBG] ActionDispatcher :: Queueing 'Sub Goal' (361aa588-5f31-4e19-b8a5-099cae52479d, TimedAction) to 'Default' (00000000-0000-0000-0000-000000000000), with 11 arguments
[2026-02-18 01:47:23.827 DBG] ActionQueue :: 'Default' (00000000-0000-0000-0000-000000000000) :: Enqueue action 361aa588-5f31-4e19-b8a5-099cae52479d
[2026-02-18 01:47:23.827 DBG] ActionQueue :: 'Default' (00000000-0000-0000-0000-000000000000) :: Handling queue
[2026-02-18 01:47:23.827 DBG] ActionQueue :: 'Default' (00000000-0000-0000-0000-000000000000) :: Performing non-blocking 'Sub Goal' (361aa588-5f31-4e19-b8a5-099cae52479d, f618e438-1bf7-4e7b-8d62-51543746ec7e)
[2026-02-18 01:47:39.852 DBG] AutoSave :: Auto saving settings...
[2026-02-18 01:47:39.873 DBG] Users :: Time to save 20.9665ms
[2026-02-18 01:47:39.899 DBG] Actions :: Time to save 25.5162ms
[2026-02-18 01:47:39.911 DBG] Commands :: Time to save 13.2542ms
[2026-02-18 01:47:39.930 DBG] Twitch Rewards :: Time to save 18.8262ms
[2026-02-18 01:47:39.948 DBG] Midi :: Time to save 17.8498ms
[2026-02-18 01:47:39.959 DBG] OBS Settings :: Time to save 11.4211ms
[2026-02-18 01:47:39.974 DBG] MeldStudio Settings :: Time to save 14.3823ms
[2026-02-18 01:47:39.989 DBG] Credits :: Time to save 15.2902ms
[2026-02-18 01:47:40.008 DBG] Quotes :: Time to save 18.5136ms
[2026-02-18 01:47:40.066 DBG] Config :: Time to save 14.2071ms
[2026-02-18 01:48:21.686 DBG] ViewerRepo :: UpdatePresence(twitch, 5), 0.0321ms
[2026-02-18 01:48:21.744 DBG] TwitchService :: Presence Timer :: Artificially updated presence with a threshold of 5 minutes (58.7095ms)
[2026-02-18 01:49:21.687 DBG] ViewerRepo :: UpdatePresence(twitch, 5), 0.0321ms
[2026-02-18 01:49:21.745 DBG] TwitchService :: Presence Timer :: Artificially updated presence with a threshold of 5 minutes (58.4037ms)
[2026-02-18 01:50:21.700 DBG] ViewerRepo :: UpdatePresence(twitch, 5), 0.0286ms
[2026-02-18 01:50:21.759 DBG] TwitchService :: Presence Timer :: Artificially updated presence with a threshold of 5 minutes (59.7325ms)
[2026-02-18 01:51:21.711 DBG] ViewerRepo :: UpdatePresence(twitch, 5), 0.0412ms
[2026-02-18 01:51:21.774 DBG] TwitchService :: Presence Timer :: Artificially updated presence with a threshold of 5 minutes (63.235ms)
[2026-02-18 01:52:11.625 DBG] Credits :: Time to save 19.2343ms
[2026-02-18 01:52:21.716 DBG] ViewerRepo :: UpdatePresence(twitch, 5), 0.0315ms
[2026-02-18 01:52:21.771 DBG] TwitchService :: Presence Timer :: Artificially updated presence with a threshold of 5 minutes (54.5174ms)
[2026-02-18 01:52:40.063 DBG] AutoSave :: Auto saving settings...
[2026-02-18 01:52:40.078 DBG] Users :: Time to save 15.1095ms
[2026-02-18 01:52:40.100 DBG] Actions :: Time to save 22.2692ms
[2026-02-18 01:52:40.114 DBG] Commands :: Time to save 14.6509ms
[2026-02-18 01:52:40.129 DBG] Twitch Rewards :: Time to save 14.4008ms
[2026-02-18 01:52:40.141 DBG] Midi :: Time to save 11.0901ms
[2026-02-18 01:52:40.153 DBG] OBS Settings :: Time to save 12.4864ms
[2026-02-18 01:52:40.167 DBG] MeldStudio Settings :: Time to save 14.4252ms
[2026-02-18 01:52:40.178 DBG] Credits :: Time to save 11.0357ms
[2026-02-18 01:52:40.190 DBG] Quotes :: Time to save 12.4268ms
[2026-02-18 01:52:40.280 DBG] Config :: Time to save 14.0673ms
[2026-02-18 01:53:21.726 DBG] ViewerRepo :: UpdatePresence(twitch, 5), 0.0312ms
[2026-02-18 01:53:21.777 DBG] TwitchService :: Presence Timer :: Artificially updated presence with a threshold of 5 minutes (51.4904ms)
[2026-02-18 01:54:21.733 DBG] ViewerRepo :: UpdatePresence(twitch, 5), 0.0303ms
[2026-02-18 01:54:21.789 DBG] TwitchService :: Presence Timer :: Artificially updated presence with a threshold of 5 minutes (56.9993ms)
[2026-02-18 01:55:21.755 DBG] ViewerRepo :: UpdatePresence(twitch, 5), 0.0331ms
[2026-02-18 01:55:21.813 DBG] TwitchService :: Presence Timer :: Artificially updated presence with a threshold of 5 minutes (57.9501ms)
[2026-02-18 01:56:21.766 DBG] ViewerRepo :: UpdatePresence(twitch, 5), 0.0304ms
[2026-02-18 01:56:21.825 DBG] TwitchService :: Presence Timer :: Artificially updated presence with a threshold of 5 minutes (59.3426ms)
[2026-02-18 01:57:11.637 DBG] Credits :: Time to save 18.9695ms
[2026-02-18 01:57:21.782 DBG] ViewerRepo :: UpdatePresence(twitch, 5), 0.03ms
[2026-02-18 01:57:21.838 DBG] TwitchService :: Presence Timer :: Artificially updated presence with a threshold of 5 minutes (56.9352ms)
[2026-02-18 01:57:24.172 DBG] ActionDispatcher :: Queueing 'Sub Goal' (361aa588-5f31-4e19-b8a5-099cae52479d, TimedAction) to 'Default' (00000000-0000-0000-0000-000000000000), with 11 arguments
[2026-02-18 01:57:24.172 DBG] ActionQueue :: 'Default' (00000000-0000-0000-0000-000000000000) :: Enqueue action 361aa588-5f31-4e19-b8a5-099cae52479d
[2026-02-18 01:57:24.172 DBG] ActionQueue :: 'Default' (00000000-0000-0000-0000-000000000000) :: Handling queue
[2026-02-18 01:57:24.172 DBG] ActionQueue :: 'Default' (00000000-0000-0000-0000-000000000000) :: Performing non-blocking 'Sub Goal' (361aa588-5f31-4e19-b8a5-099cae52479d, 71e7efd1-32c5-4419-9ed3-6756626b4f5e)
[2026-02-18 01:57:40.280 DBG] AutoSave :: Auto saving settings...
[2026-02-18 01:57:40.303 DBG] Users :: Time to save 22.2101ms
[2026-02-18 01:57:40.320 DBG] Actions :: Time to save 18.167ms
[2026-02-18 01:57:40.338 DBG] Commands :: Time to save 17.3251ms
[2026-02-18 01:57:40.354 DBG] Twitch Rewards :: Time to save 15.4011ms
[2026-02-18 01:57:40.367 DBG] Midi :: Time to save 14.0656ms
[2026-02-18 01:57:40.381 DBG] OBS Settings :: Time to save 13.6087ms
[2026-02-18 01:57:40.396 DBG] MeldStudio Settings :: Time to save 15.5873ms
[2026-02-18 01:57:40.408 DBG] Credits :: Time to save 11.9761ms
[2026-02-18 01:57:40.420 DBG] Quotes :: Time to save 12.3704ms
[2026-02-18 01:57:40.505 DBG] Config :: Time to save 22.4891ms
[2026-02-18 01:58:21.790 DBG] ViewerRepo :: UpdatePresence(twitch, 5), 0.0297ms
[2026-02-18 01:58:21.844 DBG] TwitchService :: Presence Timer :: Artificially updated presence with a threshold of 5 minutes (54.493ms)
[2026-02-18 01:59:21.817 DBG] ViewerRepo :: UpdatePresence(twitch, 5), 0.0306ms
[2026-02-18 01:59:21.876 DBG] TwitchService :: Presence Timer :: Artificially updated presence with a threshold of 5 minutes (58.878ms)
[2026-02-18 02:00:21.829 DBG] ViewerRepo :: UpdatePresence(twitch, 5), 0.0357ms
[2026-02-18 02:00:21.889 DBG] TwitchService :: Presence Timer :: Artificially updated presence with a threshold of 5 minutes (59.4419ms)
[2026-02-18 02:01:21.840 DBG] ViewerRepo :: UpdatePresence(twitch, 5), 0.0292ms
[2026-02-18 02:01:21.899 DBG] TwitchService :: Presence Timer :: Artificially updated presence with a threshold of 5 minutes (58.8554ms)
[2026-02-18 02:02:11.640 DBG] Credits :: Time to save 18.7045ms
[2026-02-18 02:02:21.857 DBG] ViewerRepo :: UpdatePresence(twitch, 5), 0.0402ms
[2026-02-18 02:02:21.917 DBG] TwitchService :: Presence Timer :: Artificially updated presence with a threshold of 5 minutes (60.141ms)
[2026-02-18 02:02:40.527 DBG] AutoSave :: Auto saving settings...
[2026-02-18 02:02:40.549 DBG] Users :: Time to save 22.217ms
[2026-02-18 02:02:40.576 DBG] Actions :: Time to save 27.1707ms
[2026-02-18 02:02:40.591 DBG] Commands :: Time to save 13.992ms
[2026-02-18 02:02:40.610 DBG] Twitch Rewards :: Time to save 19.7075ms
[2026-02-18 02:02:40.622 DBG] Midi :: Time to save 11.3317ms
[2026-02-18 02:02:40.638 DBG] OBS Settings :: Time to save 16.6665ms
[2026-02-18 02:02:40.655 DBG] MeldStudio Settings :: Time to save 16.0707ms
[2026-02-18 02:02:40.669 DBG] Credits :: Time to save 14.9072ms
[2026-02-18 02:02:40.687 DBG] Quotes :: Time to save 17.603ms
[2026-02-18 02:02:40.749 DBG] Config :: Time to save 20.4366ms
[2026-02-18 02:03:21.868 DBG] ViewerRepo :: UpdatePresence(twitch, 5), 0.0298ms
[2026-02-18 02:03:21.925 DBG] TwitchService :: Presence Timer :: Artificially updated presence with a threshold of 5 minutes (56.9843ms)
[2026-02-18 02:04:21.875 DBG] ViewerRepo :: UpdatePresence(twitch, 5), 0.0375ms
[2026-02-18 02:04:21.928 DBG] TwitchService :: Presence Timer :: Artificially updated presence with a threshold of 5 minutes (53.6443ms)
[2026-02-18 02:05:21.888 DBG] ViewerRepo :: UpdatePresence(twitch, 5), 0.0315ms
[2026-02-18 02:05:21.949 DBG] TwitchService :: Presence Timer :: Artificially updated presence with a threshold of 5 minutes (60.9497ms)
[2026-02-18 02:06:21.895 DBG] ViewerRepo :: UpdatePresence(twitch, 5), 0.0315ms
[2026-02-18 02:06:21.952 DBG] TwitchService :: Presence Timer :: Artificially updated presence with a threshold of 5 minutes (57.7932ms)
[2026-02-18 02:07:11.655 DBG] Credits :: Time to save 20.0802ms
[2026-02-18 02:07:21.896 DBG] ViewerRepo :: UpdatePresence(twitch, 5), 0.0327ms
[2026-02-18 02:07:21.952 DBG] TwitchService :: Presence Timer :: Artificially updated presence with a threshold of 5 minutes (56.8738ms)
[2026-02-18 02:07:24.516 DBG] ActionDispatcher :: Queueing 'Sub Goal' (361aa588-5f31-4e19-b8a5-099cae52479d, TimedAction) to 'Default' (00000000-0000-0000-0000-000000000000), with 11 arguments
[2026-02-18 02:07:24.516 DBG] ActionQueue :: 'Default' (00000000-0000-0000-0000-000000000000) :: Enqueue action 361aa588-5f31-4e19-b8a5-099cae52479d
[2026-02-18 02:07:24.516 DBG] ActionQueue :: 'Default' (00000000-0000-0000-0000-000000000000) :: Handling queue
[2026-02-18 02:07:24.516 DBG] ActionQueue :: 'Default' (00000000-0000-0000-0000-000000000000) :: Performing non-blocking 'Sub Goal' (361aa588-5f31-4e19-b8a5-099cae52479d, cd36cca2-3cd1-4536-837a-1f7a33a99ce8)
[2026-02-18 02:07:40.807 DBG] AutoSave :: Auto saving settings...
[2026-02-18 02:07:40.827 DBG] Users :: Time to save 20.6913ms
[2026-02-18 02:07:40.850 DBG] Actions :: Time to save 22.602ms
[2026-02-18 02:07:40.869 DBG] Commands :: Time to save 19.5268ms
[2026-02-18 02:07:40.887 DBG] Twitch Rewards :: Time to save 17.5307ms
[2026-02-18 02:07:40.899 DBG] Midi :: Time to save 12.0006ms
[2026-02-18 02:07:40.916 DBG] OBS Settings :: Time to save 15.8307ms
[2026-02-18 02:07:40.934 DBG] MeldStudio Settings :: Time to save 18.6424ms
[2026-02-18 02:07:40.950 DBG] Credits :: Time to save 15.8187ms
[2026-02-18 02:07:40.962 DBG] Quotes :: Time to save 12.1478ms
[2026-02-18 02:07:41.025 DBG] Config :: Time to save 14.7171ms
[2026-02-18 02:08:21.903 DBG] ViewerRepo :: UpdatePresence(twitch, 5), 0.0304ms
[2026-02-18 02:08:21.955 DBG] TwitchService :: Presence Timer :: Artificially updated presence with a threshold of 5 minutes (52.7131ms)
[2026-02-18 02:09:21.916 DBG] ViewerRepo :: UpdatePresence(twitch, 5), 0.0301ms
[2026-02-18 02:09:22.474 DBG] TwitchService :: Presence Timer :: Artificially updated presence with a threshold of 5 minutes (559.3614ms)
[2026-02-18 02:10:21.920 DBG] ViewerRepo :: UpdatePresence(twitch, 5), 0.0295ms
[2026-02-18 02:10:21.977 DBG] TwitchService :: Presence Timer :: Artificially updated presence with a threshold of 5 minutes (57.9257ms)
[2026-02-18 02:11:21.930 DBG] ViewerRepo :: UpdatePresence(twitch, 5), 0.031ms
[2026-02-18 02:11:21.987 DBG] TwitchService :: Presence Timer :: Artificially updated presence with a threshold of 5 minutes (56.2023ms)
[2026-02-18 02:12:11.670 DBG] Credits :: Time to save 20.6204ms
[2026-02-18 02:12:21.933 DBG] ViewerRepo :: UpdatePresence(twitch, 5), 0.0296ms
[2026-02-18 02:12:21.987 DBG] TwitchService :: Presence Timer :: Artificially updated presence with a threshold of 5 minutes (54.1908ms)
[2026-02-18 02:12:41.034 DBG] AutoSave :: Auto saving settings...
[2026-02-18 02:12:41.055 DBG] Users :: Time to save 22.7039ms
[2026-02-18 02:12:41.083 DBG] Actions :: Time to save 25.7847ms
[2026-02-18 02:12:41.100 DBG] Commands :: Time to save 18.7835ms
[2026-02-18 02:12:41.121 DBG] Twitch Rewards :: Time to save 19.8854ms
[2026-02-18 02:12:41.138 DBG] Midi :: Time to save 16.9584ms
[2026-02-18 02:12:41.148 DBG] OBS Settings :: Time to save 11.0329ms
[2026-02-18 02:12:41.160 DBG] MeldStudio Settings :: Time to save 10.4359ms
[2026-02-18 02:12:41.177 DBG] Credits :: Time to save 16.9621ms
[2026-02-18 02:12:41.189 DBG] Quotes :: Time to save 12.173ms
[2026-02-18 02:12:41.258 DBG] Config :: Time to save 20.8535ms
[2026-02-18 02:13:21.946 DBG] ViewerRepo :: UpdatePresence(twitch, 5), 0.0309ms
[2026-02-18 02:13:22.008 DBG] TwitchService :: Presence Timer :: Artificially updated presence with a threshold of 5 minutes (63.1307ms)
[2026-02-18 02:14:21.956 DBG] ViewerRepo :: UpdatePresence(twitch, 5), 0.0305ms
[2026-02-18 02:14:22.010 DBG] TwitchService :: Presence Timer :: Artificially updated presence with a threshold of 5 minutes (55.8185ms)
[2026-02-18 02:15:21.966 DBG] ViewerRepo :: UpdatePresence(twitch, 5), 0.0411ms
[2026-02-18 02:15:22.017 DBG] TwitchService :: Presence Timer :: Artificially updated presence with a threshold of 5 minutes (51.7887ms)
[2026-02-18 02:16:21.977 DBG] ViewerRepo :: UpdatePresence(twitch, 5), 0.0276ms
[2026-02-18 02:16:22.035 DBG] TwitchService :: Presence Timer :: Artificially updated presence with a threshold of 5 minutes (57.4172ms)
[2026-02-18 02:17:11.676 DBG] Credits :: Time to save 19.0561ms
[2026-02-18 02:17:22.004 DBG] ViewerRepo :: UpdatePresence(twitch, 5), 0.0331ms
[2026-02-18 02:17:22.059 DBG] TwitchService :: Presence Timer :: Artificially updated presence with a threshold of 5 minutes (56.0779ms)
[2026-02-18 02:17:24.717 DBG] ActionDispatcher :: Queueing 'Sub Goal' (361aa588-5f31-4e19-b8a5-099cae52479d, TimedAction) to 'Default' (00000000-0000-0000-0000-000000000000), with 11 arguments
[2026-02-18 02:17:24.717 DBG] ActionQueue :: 'Default' (00000000-0000-0000-0000-000000000000) :: Enqueue action 361aa588-5f31-4e19-b8a5-099cae52479d
[2026-02-18 02:17:24.717 DBG] ActionQueue :: 'Default' (00000000-0000-0000-0000-000000000000) :: Handling queue
[2026-02-18 02:17:24.717 DBG] ActionQueue :: 'Default' (00000000-0000-0000-0000-000000000000) :: Performing non-blocking 'Sub Goal' (361aa588-5f31-4e19-b8a5-099cae52479d, 7d1a1946-3a7c-471b-b0c6-e774a630e970)
[2026-02-18 02:17:41.264 DBG] AutoSave :: Auto saving settings...
[2026-02-18 02:17:41.286 DBG] Users :: Time to save 21.894ms
[2026-02-18 02:17:41.312 DBG] Actions :: Time to save 25.545ms
[2026-02-18 02:17:41.331 DBG] Commands :: Time to save 19.392ms
[2026-02-18 02:17:41.350 DBG] Twitch Rewards :: Time to save 19.1019ms
[2026-02-18 02:17:41.367 DBG] Midi :: Time to save 16.5374ms
[2026-02-18 02:17:41.383 DBG] OBS Settings :: Time to save 16.2227ms
[2026-02-18 02:17:41.399 DBG] MeldStudio Settings :: Time to save 16.345ms
[2026-02-18 02:17:41.416 DBG] Credits :: Time to save 16.7503ms
[2026-02-18 02:17:41.435 DBG] Quotes :: Time to save 18.1148ms
[2026-02-18 02:17:41.488 DBG] Config :: Time to save 21.6315ms
[2026-02-18 02:18:22.011 DBG] ViewerRepo :: UpdatePresence(twitch, 5), 0.0311ms
[2026-02-18 02:18:22.064 DBG] TwitchService :: Presence Timer :: Artificially updated presence with a threshold of 5 minutes (53.0219ms)
[2026-02-18 02:19:22.022 DBG] ViewerRepo :: UpdatePresence(twitch, 5), 0.0293ms
[2026-02-18 02:19:22.076 DBG] TwitchService :: Presence Timer :: Artificially updated presence with a threshold of 5 minutes (54.5153ms)
[2026-02-18 02:20:22.027 DBG] ViewerRepo :: UpdatePresence(twitch, 5), 0.0325ms
[2026-02-18 02:20:22.083 DBG] TwitchService :: Presence Timer :: Artificially updated presence with a threshold of 5 minutes (56.6236ms)
[2026-02-18 02:21:22.028 DBG] ViewerRepo :: UpdatePresence(twitch, 5), 0.0297ms
[2026-02-18 02:21:22.084 DBG] TwitchService :: Presence Timer :: Artificially updated presence with a threshold of 5 minutes (55.5842ms)
[2026-02-18 02:22:11.684 DBG] Credits :: Time to save 20.6364ms
[2026-02-18 02:22:22.037 DBG] ViewerRepo :: UpdatePresence(twitch, 5), 0.0305ms
[2026-02-18 02:22:22.093 DBG] TwitchService :: Presence Timer :: Artificially updated presence with a threshold of 5 minutes (56.3874ms)
[2026-02-18 02:22:41.544 DBG] AutoSave :: Auto saving settings...
[2026-02-18 02:22:41.559 DBG] Users :: Time to save 14.5311ms
[2026-02-18 02:22:41.578 DBG] Actions :: Time to save 19.386ms
[2026-02-18 02:22:41.590 DBG] Commands :: Time to save 12.854ms
[2026-02-18 02:22:41.610 DBG] Twitch Rewards :: Time to save 18.6623ms
[2026-02-18 02:22:41.621 DBG] Midi :: Time to save 11.4023ms
[2026-02-18 02:22:41.638 DBG] OBS Settings :: Time to save 17.0866ms
[2026-02-18 02:22:41.655 DBG] MeldStudio Settings :: Time to save 16.7379ms
[2026-02-18 02:22:41.665 DBG] Credits :: Time to save 11.0278ms
[2026-02-18 02:22:41.684 DBG] Quotes :: Time to save 18.2972ms
[2026-02-18 02:22:41.769 DBG] Config :: Time to save 22.1407ms
[2026-02-18 02:23:22.040 DBG] ViewerRepo :: UpdatePresence(twitch, 5), 0.0315ms
[2026-02-18 02:23:22.100 DBG] TwitchService :: Presence Timer :: Artificially updated presence with a threshold of 5 minutes (59.987ms)
[2026-02-18 02:24:22.051 DBG] ViewerRepo :: UpdatePresence(twitch, 5), 0.032ms
[2026-02-18 02:24:22.105 DBG] TwitchService :: Presence Timer :: Artificially updated presence with a threshold of 5 minutes (53.8631ms)
[2026-02-18 02:25:22.065 DBG] ViewerRepo :: UpdatePresence(twitch, 5), 0.0295ms
[2026-02-18 02:25:22.122 DBG] TwitchService :: Presence Timer :: Artificially updated presence with a threshold of 5 minutes (57.4673ms)
[2026-02-18 02:26:22.069 DBG] ViewerRepo :: UpdatePresence(twitch, 5), 0.0316ms
[2026-02-18 02:26:22.126 DBG] TwitchService :: Presence Timer :: Artificially updated presence with a threshold of 5 minutes (57.096ms)
[2026-02-18 02:27:11.700 DBG] Credits :: Time to save 21.0292ms
[2026-02-18 02:27:22.082 DBG] ViewerRepo :: UpdatePresence(twitch, 5), 0.029ms
[2026-02-18 02:27:22.139 DBG] TwitchService :: Presence Timer :: Artificially updated presence with a threshold of 5 minutes (56.5068ms)
[2026-02-18 02:27:25.171 DBG] ActionDispatcher :: Queueing 'Sub Goal' (361aa588-5f31-4e19-b8a5-099cae52479d, TimedAction) to 'Default' (00000000-0000-0000-0000-000000000000), with 11 arguments
[2026-02-18 02:27:25.171 DBG] ActionQueue :: 'Default' (00000000-0000-0000-0000-000000000000) :: Enqueue action 361aa588-5f31-4e19-b8a5-099cae52479d
[2026-02-18 02:27:25.171 DBG] ActionQueue :: 'Default' (00000000-0000-0000-0000-000000000000) :: Handling queue
[2026-02-18 02:27:25.171 DBG] ActionQueue :: 'Default' (00000000-0000-0000-0000-000000000000) :: Performing non-blocking 'Sub Goal' (361aa588-5f31-4e19-b8a5-099cae52479d, 4dbc1c25-4202-42e8-96ca-aa26b7547eea)
[2026-02-18 02:27:41.781 DBG] AutoSave :: Auto saving settings...
[2026-02-18 02:27:41.811 DBG] Users :: Time to save 30.2867ms
[2026-02-18 02:27:41.834 DBG] Actions :: Time to save 22.2828ms
[2026-02-18 02:27:41.848 DBG] Commands :: Time to save 13.8805ms
[2026-02-18 02:27:41.863 DBG] Twitch Rewards :: Time to save 15.2864ms
[2026-02-18 02:27:41.875 DBG] Midi :: Time to save 12.189ms
[2026-02-18 02:27:41.893 DBG] OBS Settings :: Time to save 17.4ms
[2026-02-18 02:27:41.905 DBG] MeldStudio Settings :: Time to save 11.7244ms
[2026-02-18 02:27:41.922 DBG] Credits :: Time to save 17.1026ms
[2026-02-18 02:27:41.940 DBG] Quotes :: Time to save 18.7079ms
[2026-02-18 02:27:42.003 DBG] Config :: Time to save 20.695ms
[2026-02-18 02:28:22.095 DBG] ViewerRepo :: UpdatePresence(twitch, 5), 0.029ms
[2026-02-18 02:28:22.147 DBG] TwitchService :: Presence Timer :: Artificially updated presence with a threshold of 5 minutes (51.9522ms)
[2026-02-18 02:29:22.100 DBG] ViewerRepo :: UpdatePresence(twitch, 5), 0.03ms
[2026-02-18 02:29:22.157 DBG] TwitchService :: Presence Timer :: Artificially updated presence with a threshold of 5 minutes (56.9315ms)
[2026-02-18 02:30:22.103 DBG] ViewerRepo :: UpdatePresence(twitch, 5), 0.0313ms
[2026-02-18 02:30:22.155 DBG] TwitchService :: Presence Timer :: Artificially updated presence with a threshold of 5 minutes (53.3213ms)
[2026-02-18 02:31:22.115 DBG] ViewerRepo :: UpdatePresence(twitch, 5), 0.0298ms
[2026-02-18 02:31:22.171 DBG] TwitchService :: Presence Timer :: Artificially updated presence with a threshold of 5 minutes (56.8235ms)
[2026-02-18 02:32:11.705 DBG] Credits :: Time to save 20.8845ms
[2026-02-18 02:32:22.118 DBG] ViewerRepo :: UpdatePresence(twitch, 5), 0.0307ms
[2026-02-18 02:32:22.172 DBG] TwitchService :: Presence Timer :: Artificially updated presence with a threshold of 5 minutes (54.7712ms)
[2026-02-18 02:32:42.021 DBG] AutoSave :: Auto saving settings...
[2026-02-18 02:32:42.045 DBG] Users :: Time to save 24.1554ms
[2026-02-18 02:32:42.071 DBG] Actions :: Time to save 26.0163ms
[2026-02-18 02:32:42.091 DBG] Commands :: Time to save 19.6975ms
[2026-02-18 02:32:42.110 DBG] Twitch Rewards :: Time to save 19.6163ms
[2026-02-18 02:32:42.129 DBG] Midi :: Time to save 18.0291ms
[2026-02-18 02:32:42.145 DBG] OBS Settings :: Time to save 17.2793ms
[2026-02-18 02:32:42.164 DBG] MeldStudio Settings :: Time to save 17.4696ms
[2026-02-18 02:32:42.181 DBG] Credits :: Time to save 17.2841ms
[2026-02-18 02:32:42.200 DBG] Quotes :: Time to save 19.1162ms
[2026-02-18 02:32:42.260 DBG] Config :: Time to save 21.6979ms
[2026-02-18 02:33:22.118 DBG] ViewerRepo :: UpdatePresence(twitch, 5), 0.0297ms
[2026-02-18 02:33:22.175 DBG] TwitchService :: Presence Timer :: Artificially updated presence with a threshold of 5 minutes (57.144ms)
[2026-02-18 02:34:22.122 DBG] ViewerRepo :: UpdatePresence(twitch, 5), 0.0303ms
[2026-02-18 02:34:22.179 DBG] TwitchService :: Presence Timer :: Artificially updated presence with a threshold of 5 minutes (56.7697ms)
[2026-02-18 02:35:22.125 DBG] ViewerRepo :: UpdatePresence(twitch, 5), 0.0321ms
[2026-02-18 02:35:22.185 DBG] TwitchService :: Presence Timer :: Artificially updated presence with a threshold of 5 minutes (59.8121ms)
[2026-02-18 02:36:22.131 DBG] ViewerRepo :: UpdatePresence(twitch, 5), 0.0301ms
[2026-02-18 02:36:22.183 DBG] TwitchService :: Presence Timer :: Artificially updated presence with a threshold of 5 minutes (52.6037ms)
[2026-02-18 02:37:11.708 DBG] Credits :: Time to save 22.479ms
[2026-02-18 02:37:22.135 DBG] ViewerRepo :: UpdatePresence(twitch, 5), 0.0277ms
[2026-02-18 02:37:22.188 DBG] TwitchService :: Presence Timer :: Artificially updated presence with a threshold of 5 minutes (52.5264ms)
[2026-02-18 02:37:25.215 DBG] ActionDispatcher :: Queueing 'Sub Goal' (361aa588-5f31-4e19-b8a5-099cae52479d, TimedAction) to 'Default' (00000000-0000-0000-0000-000000000000), with 11 arguments
[2026-02-18 02:37:25.215 DBG] ActionQueue :: 'Default' (00000000-0000-0000-0000-000000000000) :: Enqueue action 361aa588-5f31-4e19-b8a5-099cae52479d
[2026-02-18 02:37:25.215 DBG] ActionQueue :: 'Default' (00000000-0000-0000-0000-000000000000) :: Handling queue
[2026-02-18 02:37:25.215 DBG] ActionQueue :: 'Default' (00000000-0000-0000-0000-000000000000) :: Performing non-blocking 'Sub Goal' (361aa588-5f31-4e19-b8a5-099cae52479d, 9544e757-b3ed-406a-9550-0052fe63e54f)
[2026-02-18 02:37:42.317 DBG] AutoSave :: Auto saving settings...
[2026-02-18 02:37:42.340 DBG] Users :: Time to save 22.723ms
[2026-02-18 02:37:42.362 DBG] Actions :: Time to save 23.0765ms
[2026-02-18 02:37:42.381 DBG] Commands :: Time to save 18.401ms
[2026-02-18 02:37:42.394 DBG] Twitch Rewards :: Time to save 12.5146ms
[2026-02-18 02:37:42.410 DBG] Midi :: Time to save 16.0129ms
[2026-02-18 02:37:42.427 DBG] OBS Settings :: Time to save 16.6501ms
[2026-02-18 02:37:42.438 DBG] MeldStudio Settings :: Time to save 11.2712ms
[2026-02-18 02:37:42.452 DBG] Credits :: Time to save 14.4995ms
[2026-02-18 02:37:42.465 DBG] Quotes :: Time to save 13.3709ms
[2026-02-18 02:37:42.534 DBG] Config :: Time to save 14.92ms
[2026-02-18 02:38:22.139 DBG] ViewerRepo :: UpdatePresence(twitch, 5), 0.0298ms
[2026-02-18 02:38:22.195 DBG] TwitchService :: Presence Timer :: Artificially updated presence with a threshold of 5 minutes (55.7795ms)
[2026-02-18 02:39:22.152 DBG] ViewerRepo :: UpdatePresence(twitch, 5), 0.0313ms
[2026-02-18 02:39:22.208 DBG] TwitchService :: Presence Timer :: Artificially updated presence with a threshold of 5 minutes (56.3095ms)
[2026-02-18 02:40:22.153 DBG] ViewerRepo :: UpdatePresence(twitch, 5), 0.0297ms
[2026-02-18 02:40:22.208 DBG] TwitchService :: Presence Timer :: Artificially updated presence with a threshold of 5 minutes (55.1586ms)
[2026-02-18 02:41:22.163 DBG] ViewerRepo :: UpdatePresence(twitch, 5), 0.0322ms
[2026-02-18 02:41:22.218 DBG] TwitchService :: Presence Timer :: Artificially updated presence with a threshold of 5 minutes (55.1647ms)
[2026-02-18 02:42:11.730 DBG] Credits :: Time to save 23.1894ms
[2026-02-18 02:42:22.173 DBG] ViewerRepo :: UpdatePresence(twitch, 5), 0.0318ms
[2026-02-18 02:42:22.233 DBG] TwitchService :: Presence Timer :: Artificially updated presence with a threshold of 5 minutes (59.9132ms)
[2026-02-18 02:42:42.568 DBG] AutoSave :: Auto saving settings...
[2026-02-18 02:42:42.583 DBG] Users :: Time to save 16.0322ms
[2026-02-18 02:42:42.604 DBG] Actions :: Time to save 19.9406ms
[2026-02-18 02:42:42.619 DBG] Commands :: Time to save 14.4913ms
[2026-02-18 02:42:42.639 DBG] Twitch Rewards :: Time to save 20.8357ms
[2026-02-18 02:42:42.655 DBG] Midi :: Time to save 16.4714ms
[2026-02-18 02:42:42.670 DBG] OBS Settings :: Time to save 14.0604ms
[2026-02-18 02:42:42.688 DBG] MeldStudio Settings :: Time to save 18.6516ms
[2026-02-18 02:42:42.705 DBG] Credits :: Time to save 17.5183ms
[2026-02-18 02:42:42.727 DBG] Quotes :: Time to save 21.7169ms
[2026-02-18 02:42:42.794 DBG] Config :: Time to save 22.3136ms
[2026-02-18 02:43:22.173 DBG] ViewerRepo :: UpdatePresence(twitch, 5), 0.0297ms
[2026-02-18 02:43:22.229 DBG] TwitchService :: Presence Timer :: Artificially updated presence with a threshold of 5 minutes (56.994ms)
[2026-02-18 02:44:22.175 DBG] ViewerRepo :: UpdatePresence(twitch, 5), 0.0313ms
[2026-02-18 02:44:22.231 DBG] TwitchService :: Presence Timer :: Artificially updated presence with a threshold of 5 minutes (56.0143ms)
[2026-02-18 02:45:22.177 DBG] ViewerRepo :: UpdatePresence(twitch, 5), 0.0287ms
[2026-02-18 02:45:22.235 DBG] TwitchService :: Presence Timer :: Artificially updated presence with a threshold of 5 minutes (58.8442ms)
[2026-02-18 02:46:22.191 DBG] ViewerRepo :: UpdatePresence(twitch, 5), 0.0307ms
[2026-02-18 02:46:22.249 DBG] TwitchService :: Presence Timer :: Artificially updated presence with a threshold of 5 minutes (58.3681ms)
[2026-02-18 02:47:11.723 DBG] Credits :: Time to save 14.0232ms
[2026-02-18 02:47:22.200 DBG] ViewerRepo :: UpdatePresence(twitch, 5), 0.0323ms
[2026-02-18 02:47:22.253 DBG] TwitchService :: Presence Timer :: Artificially updated presence with a threshold of 5 minutes (53.5207ms)
[2026-02-18 02:47:25.555 DBG] ActionDispatcher :: Queueing 'Sub Goal' (361aa588-5f31-4e19-b8a5-099cae52479d, TimedAction) to 'Default' (00000000-0000-0000-0000-000000000000), with 11 arguments
[2026-02-18 02:47:25.555 DBG] ActionQueue :: 'Default' (00000000-0000-0000-0000-000000000000) :: Enqueue action 361aa588-5f31-4e19-b8a5-099cae52479d
[2026-02-18 02:47:25.555 DBG] ActionQueue :: 'Default' (00000000-0000-0000-0000-000000000000) :: Handling queue
[2026-02-18 02:47:25.555 DBG] ActionQueue :: 'Default' (00000000-0000-0000-0000-000000000000) :: Performing non-blocking 'Sub Goal' (361aa588-5f31-4e19-b8a5-099cae52479d, f2a2f764-2ffb-4e25-b283-266ebb5050b1)
[2026-02-18 02:47:42.814 DBG] AutoSave :: Auto saving settings...
[2026-02-18 02:47:42.830 DBG] Users :: Time to save 15.6801ms
[2026-02-18 02:47:42.847 DBG] Actions :: Time to save 17.761ms
[2026-02-18 02:47:42.861 DBG] Commands :: Time to save 13.5475ms
[2026-02-18 02:47:42.873 DBG] Twitch Rewards :: Time to save 12.1753ms
[2026-02-18 02:47:42.888 DBG] Midi :: Time to save 14.6617ms
[2026-02-18 02:47:42.902 DBG] OBS Settings :: Time to save 14.4955ms
[2026-02-18 02:47:42.914 DBG] MeldStudio Settings :: Time to save 11.3832ms
[2026-02-18 02:47:42.925 DBG] Credits :: Time to save 11.9914ms
[2026-02-18 02:47:42.940 DBG] Quotes :: Time to save 13.8509ms
[2026-02-18 02:47:43.033 DBG] Config :: Time to save 15.4598ms
[2026-02-18 02:48:22.212 DBG] ViewerRepo :: UpdatePresence(twitch, 5), 0.0295ms
[2026-02-18 02:48:22.265 DBG] TwitchService :: Presence Timer :: Artificially updated presence with a threshold of 5 minutes (53.1762ms)
[2026-02-18 02:49:22.215 DBG] ViewerRepo :: UpdatePresence(twitch, 5), 0.0299ms
[2026-02-18 02:49:22.276 DBG] TwitchService :: Presence Timer :: Artificially updated presence with a threshold of 5 minutes (62.268ms)
[2026-02-18 02:50:22.218 DBG] ViewerRepo :: UpdatePresence(twitch, 5), 0.0308ms
[2026-02-18 02:50:22.274 DBG] TwitchService :: Presence Timer :: Artificially updated presence with a threshold of 5 minutes (55.6933ms)
[2026-02-18 02:51:22.220 DBG] ViewerRepo :: UpdatePresence(twitch, 5), 0.0291ms
[2026-02-18 02:51:22.274 DBG] TwitchService :: Presence Timer :: Artificially updated presence with a threshold of 5 minutes (54.2306ms)
[2026-02-18 02:52:11.742 DBG] Credits :: Time to save 23.6332ms
[2026-02-18 02:52:22.221 DBG] ViewerRepo :: UpdatePresence(twitch, 5), 0.0291ms
[2026-02-18 02:52:22.277 DBG] TwitchService :: Presence Timer :: Artificially updated presence with a threshold of 5 minutes (55.643ms)
[2026-02-18 02:52:43.067 DBG] AutoSave :: Auto saving settings...
[2026-02-18 02:52:43.088 DBG] Users :: Time to save 21.6946ms
[2026-02-18 02:52:43.114 DBG] Actions :: Time to save 25.5881ms
[2026-02-18 02:52:43.134 DBG] Commands :: Time to save 20.3146ms
[2026-02-18 02:52:43.152 DBG] Twitch Rewards :: Time to save 18.7334ms
[2026-02-18 02:52:43.169 DBG] Midi :: Time to save 17.1734ms
[2026-02-18 02:52:43.186 DBG] OBS Settings :: Time to save 16.1479ms
[2026-02-18 02:52:43.201 DBG] MeldStudio Settings :: Time to save 14.87ms
[2026-02-18 02:52:43.218 DBG] Credits :: Time to save 16.4217ms
[2026-02-18 02:52:43.236 DBG] Quotes :: Time to save 18.1349ms
[2026-02-18 02:52:43.284 DBG] Config :: Time to save 14.3775ms
[2026-02-18 02:53:22.235 DBG] ViewerRepo :: UpdatePresence(twitch, 5), 0.0294ms
[2026-02-18 02:53:22.291 DBG] TwitchService :: Presence Timer :: Artificially updated presence with a threshold of 5 minutes (56.3712ms)
[2026-02-18 02:54:22.246 DBG] ViewerRepo :: UpdatePresence(twitch, 5), 0.03ms
[2026-02-18 02:54:22.300 DBG] TwitchService :: Presence Timer :: Artificially updated presence with a threshold of 5 minutes (53.914ms)
[2026-02-18 02:55:22.246 DBG] ViewerRepo :: UpdatePresence(twitch, 5), 0.0295ms
[2026-02-18 02:55:22.305 DBG] TwitchService :: Presence Timer :: Artificially updated presence with a threshold of 5 minutes (59.1103ms)
[2026-02-18 02:56:22.257 DBG] ViewerRepo :: UpdatePresence(twitch, 5), 0.0295ms
[2026-02-18 02:56:22.314 DBG] TwitchService :: Presence Timer :: Artificially updated presence with a threshold of 5 minutes (57.2274ms)
[2026-02-18 02:57:11.749 DBG] Credits :: Time to save 13.8274ms
[2026-02-18 02:57:22.267 DBG] ViewerRepo :: UpdatePresence(twitch, 5), 0.0305ms
[2026-02-18 02:57:22.325 DBG] TwitchService :: Presence Timer :: Artificially updated presence with a threshold of 5 minutes (57.9213ms)
[2026-02-18 02:57:25.751 DBG] ActionDispatcher :: Queueing 'Sub Goal' (361aa588-5f31-4e19-b8a5-099cae52479d, TimedAction) to 'Default' (00000000-0000-0000-0000-000000000000), with 11 arguments
[2026-02-18 02:57:25.751 DBG] ActionQueue :: 'Default' (00000000-0000-0000-0000-000000000000) :: Enqueue action 361aa588-5f31-4e19-b8a5-099cae52479d
[2026-02-18 02:57:25.751 DBG] ActionQueue :: 'Default' (00000000-0000-0000-0000-000000000000) :: Handling queue
[2026-02-18 02:57:25.751 DBG] ActionQueue :: 'Default' (00000000-0000-0000-0000-000000000000) :: Performing non-blocking 'Sub Goal' (361aa588-5f31-4e19-b8a5-099cae52479d, 38f852bf-b1e3-4a99-bfd1-e8080b0e062f)
[2026-02-18 02:57:43.352 DBG] AutoSave :: Auto saving settings...
[2026-02-18 02:57:43.374 DBG] Users :: Time to save 22.6709ms
[2026-02-18 02:57:43.399 DBG] Actions :: Time to save 24.6099ms
[2026-02-18 02:57:43.417 DBG] Commands :: Time to save 18.8821ms
[2026-02-18 02:57:43.431 DBG] Twitch Rewards :: Time to save 12.6814ms
[2026-02-18 02:57:43.442 DBG] Midi :: Time to save 10.9095ms
[2026-02-18 02:57:43.453 DBG] OBS Settings :: Time to save 11.4007ms
[2026-02-18 02:57:43.468 DBG] MeldStudio Settings :: Time to save 15.7628ms
[2026-02-18 02:57:43.486 DBG] Credits :: Time to save 17.4356ms
[2026-02-18 02:57:43.502 DBG] Quotes :: Time to save 15.2033ms
[2026-02-18 02:57:43.574 DBG] Config :: Time to save 19.9558ms
[2026-02-18 02:58:22.283 DBG] ViewerRepo :: UpdatePresence(twitch, 5), 0.0304ms
[2026-02-18 02:58:22.334 DBG] TwitchService :: Presence Timer :: Artificially updated presence with a threshold of 5 minutes (51.6372ms)
[2026-02-18 02:59:22.287 DBG] ViewerRepo :: UpdatePresence(twitch, 5), 0.0311ms
[2026-02-18 02:59:22.338 DBG] TwitchService :: Presence Timer :: Artificially updated presence with a threshold of 5 minutes (50.9819ms)
[2026-02-18 03:00:22.298 DBG] ViewerRepo :: UpdatePresence(twitch, 5), 0.0313ms
[2026-02-18 03:00:22.355 DBG] TwitchService :: Presence Timer :: Artificially updated presence with a threshold of 5 minutes (56.4845ms)
[2026-02-18 03:01:22.304 DBG] ViewerRepo :: UpdatePresence(twitch, 5), 0.0348ms
[2026-02-18 03:01:22.363 DBG] TwitchService :: Presence Timer :: Artificially updated presence with a threshold of 5 minutes (59.7437ms)
[2026-02-18 03:02:11.772 DBG] Credits :: Time to save 23.0169ms
[2026-02-18 03:02:22.306 DBG] ViewerRepo :: UpdatePresence(twitch, 5), 0.0299ms
[2026-02-18 03:02:22.359 DBG] TwitchService :: Presence Timer :: Artificially updated presence with a threshold of 5 minutes (53.4688ms)
[2026-02-18 03:02:43.595 DBG] AutoSave :: Auto saving settings...
[2026-02-18 03:02:43.609 DBG] Users :: Time to save 15.7633ms
[2026-02-18 03:02:43.636 DBG] Actions :: Time to save 25.5281ms
[2026-02-18 03:02:43.651 DBG] Commands :: Time to save 14.9367ms
[2026-02-18 03:02:43.671 DBG] Twitch Rewards :: Time to save 19.975ms
[2026-02-18 03:02:43.688 DBG] Midi :: Time to save 17.441ms
[2026-02-18 03:02:43.704 DBG] OBS Settings :: Time to save 15.8606ms
[2026-02-18 03:02:43.722 DBG] MeldStudio Settings :: Time to save 17.4238ms
[2026-02-18 03:02:43.738 DBG] Credits :: Time to save 16.4881ms
[2026-02-18 03:02:43.757 DBG] Quotes :: Time to save 18.4402ms
[2026-02-18 03:02:43.818 DBG] Config :: Time to save 20.3507ms
[2026-02-18 03:03:22.316 DBG] ViewerRepo :: UpdatePresence(twitch, 5), 0.029ms
[2026-02-18 03:03:22.374 DBG] TwitchService :: Presence Timer :: Artificially updated presence with a threshold of 5 minutes (57.2938ms)
[2026-02-18 03:04:22.325 DBG] ViewerRepo :: UpdatePresence(twitch, 5), 0.0317ms
[2026-02-18 03:04:22.382 DBG] TwitchService :: Presence Timer :: Artificially updated presence with a threshold of 5 minutes (57.9083ms)
[2026-02-18 03:05:22.326 DBG] ViewerRepo :: UpdatePresence(twitch, 5), 0.0312ms
[2026-02-18 03:05:22.385 DBG] TwitchService :: Presence Timer :: Artificially updated presence with a threshold of 5 minutes (59.3174ms)
[2026-02-18 03:06:22.338 DBG] ViewerRepo :: UpdatePresence(twitch, 5), 0.0305ms
[2026-02-18 03:06:22.394 DBG] TwitchService :: Presence Timer :: Artificially updated presence with a threshold of 5 minutes (55.508ms)
[2026-02-18 03:07:11.769 DBG] Credits :: Time to save 19.7498ms
[2026-02-18 03:07:22.352 DBG] ViewerRepo :: UpdatePresence(twitch, 5), 0.0319ms
[2026-02-18 03:07:22.406 DBG] TwitchService :: Presence Timer :: Artificially updated presence with a threshold of 5 minutes (54.5571ms)
[2026-02-18 03:07:26.161 DBG] ActionDispatcher :: Queueing 'Sub Goal' (361aa588-5f31-4e19-b8a5-099cae52479d, TimedAction) to 'Default' (00000000-0000-0000-0000-000000000000), with 11 arguments
[2026-02-18 03:07:26.161 DBG] ActionQueue :: 'Default' (00000000-0000-0000-0000-000000000000) :: Enqueue action 361aa588-5f31-4e19-b8a5-099cae52479d
[2026-02-18 03:07:26.161 DBG] ActionQueue :: 'Default' (00000000-0000-0000-0000-000000000000) :: Handling queue
[2026-02-18 03:07:26.161 DBG] ActionQueue :: 'Default' (00000000-0000-0000-0000-000000000000) :: Performing non-blocking 'Sub Goal' (361aa588-5f31-4e19-b8a5-099cae52479d, d7e69858-29a0-4ded-865c-b4b90feb6cce)
[2026-02-18 03:07:43.848 DBG] AutoSave :: Auto saving settings...
[2026-02-18 03:07:43.868 DBG] Users :: Time to save 20.4475ms
[2026-02-18 03:07:43.894 DBG] Actions :: Time to save 24.896ms
[2026-02-18 03:07:43.913 DBG] Commands :: Time to save 18.9258ms
[2026-02-18 03:07:43.931 DBG] Twitch Rewards :: Time to save 18.7165ms
[2026-02-18 03:07:43.948 DBG] Midi :: Time to save 16.7431ms
[2026-02-18 03:07:43.966 DBG] OBS Settings :: Time to save 17.7701ms
[2026-02-18 03:07:43.983 DBG] MeldStudio Settings :: Time to save 16.9ms
[2026-02-18 03:07:44.001 DBG] Credits :: Time to save 17.8198ms
[2026-02-18 03:07:44.017 DBG] Quotes :: Time to save 16.5624ms
[2026-02-18 03:07:44.073 DBG] Config :: Time to save 20.7355ms
[2026-02-18 03:08:22.366 DBG] ViewerRepo :: UpdatePresence(twitch, 5), 0.0299ms
[2026-02-18 03:08:22.420 DBG] TwitchService :: Presence Timer :: Artificially updated presence with a threshold of 5 minutes (54.273ms)
[2026-02-18 03:09:22.372 DBG] ViewerRepo :: UpdatePresence(twitch, 5), 0.0328ms
[2026-02-18 03:09:22.426 DBG] TwitchService :: Presence Timer :: Artificially updated presence with a threshold of 5 minutes (54.9923ms)
[2026-02-18 03:10:22.378 DBG] ViewerRepo :: UpdatePresence(twitch, 5), 0.0311ms
[2026-02-18 03:10:22.958 DBG] TwitchService :: Presence Timer :: Artificially updated presence with a threshold of 5 minutes (580.3645ms)
[2026-02-18 03:11:22.379 DBG] ViewerRepo :: UpdatePresence(twitch, 5), 0.0308ms
[2026-02-18 03:11:22.475 DBG] TwitchService :: Presence Timer :: Artificially updated presence with a threshold of 5 minutes (95.3112ms)
[2026-02-18 03:12:11.784 DBG] Credits :: Time to save 21.155ms
[2026-02-18 03:12:22.391 DBG] ViewerRepo :: UpdatePresence(twitch, 5), 0.035ms
[2026-02-18 03:12:22.483 DBG] TwitchService :: Presence Timer :: Artificially updated presence with a threshold of 5 minutes (92.9006ms)
[2026-02-18 03:12:44.106 DBG] AutoSave :: Auto saving settings...
[2026-02-18 03:12:44.127 DBG] Users :: Time to save 21.1375ms
[2026-02-18 03:12:44.156 DBG] Actions :: Time to save 29.6982ms
[2026-02-18 03:12:44.176 DBG] Commands :: Time to save 19.605ms
[2026-02-18 03:12:44.199 DBG] Twitch Rewards :: Time to save 22.3825ms
[2026-02-18 03:12:44.218 DBG] Midi :: Time to save 19.3144ms
[2026-02-18 03:12:44.235 DBG] OBS Settings :: Time to save 17.2574ms
[2026-02-18 03:12:44.253 DBG] MeldStudio Settings :: Time to save 18.1542ms
[2026-02-18 03:12:44.271 DBG] Credits :: Time to save 17.5305ms
[2026-02-18 03:12:44.289 DBG] Quotes :: Time to save 17.3362ms
[2026-02-18 03:12:44.329 DBG] Config :: Time to save 22.037ms
[2026-02-18 03:13:22.405 DBG] ViewerRepo :: UpdatePresence(twitch, 5), 0.0304ms
[2026-02-18 03:13:22.495 DBG] TwitchService :: Presence Timer :: Artificially updated presence with a threshold of 5 minutes (89.9392ms)
[2026-02-18 03:14:22.426 DBG] ViewerRepo :: UpdatePresence(twitch, 5), 0.0305ms
[2026-02-18 03:14:22.515 DBG] TwitchService :: Presence Timer :: Artificially updated presence with a threshold of 5 minutes (88.6361ms)
[2026-02-18 03:15:22.433 DBG] ViewerRepo :: UpdatePresence(twitch, 5), 0.0301ms
[2026-02-18 03:15:22.524 DBG] TwitchService :: Presence Timer :: Artificially updated presence with a threshold of 5 minutes (90.9852ms)
[2026-02-18 03:16:22.449 DBG] ViewerRepo :: UpdatePresence(twitch, 5), 0.03ms
[2026-02-18 03:16:22.541 DBG] TwitchService :: Presence Timer :: Artificially updated presence with a threshold of 5 minutes (92.3007ms)
[2026-02-18 03:17:11.796 DBG] Credits :: Time to save 23.0538ms
[2026-02-18 03:17:22.456 DBG] ViewerRepo :: UpdatePresence(twitch, 5), 0.0314ms
[2026-02-18 03:17:22.548 DBG] TwitchService :: Presence Timer :: Artificially updated presence with a threshold of 5 minutes (92.4023ms)
[2026-02-18 03:17:26.494 DBG] ActionDispatcher :: Queueing 'Sub Goal' (361aa588-5f31-4e19-b8a5-099cae52479d, TimedAction) to 'Default' (00000000-0000-0000-0000-000000000000), with 11 arguments
[2026-02-18 03:17:26.494 DBG] ActionQueue :: 'Default' (00000000-0000-0000-0000-000000000000) :: Enqueue action 361aa588-5f31-4e19-b8a5-099cae52479d
[2026-02-18 03:17:26.494 DBG] ActionQueue :: 'Default' (00000000-0000-0000-0000-000000000000) :: Handling queue
[2026-02-18 03:17:26.494 DBG] ActionQueue :: 'Default' (00000000-0000-0000-0000-000000000000) :: Performing non-blocking 'Sub Goal' (361aa588-5f31-4e19-b8a5-099cae52479d, 666bb7f7-9178-4291-96d6-5877a1bbbf54)
[2026-02-18 03:17:44.364 DBG] AutoSave :: Auto saving settings...
[2026-02-18 03:17:44.386 DBG] Users :: Time to save 22.6616ms
[2026-02-18 03:17:44.411 DBG] Actions :: Time to save 25.6177ms
[2026-02-18 03:17:44.432 DBG] Commands :: Time to save 19.3216ms
[2026-02-18 03:17:44.451 DBG] Twitch Rewards :: Time to save 19.4948ms
[2026-02-18 03:17:44.468 DBG] Midi :: Time to save 17.4223ms
[2026-02-18 03:17:44.486 DBG] OBS Settings :: Time to save 17.6451ms
[2026-02-18 03:17:44.504 DBG] MeldStudio Settings :: Time to save 17.8194ms
[2026-02-18 03:17:44.521 DBG] Credits :: Time to save 17.0696ms
[2026-02-18 03:17:44.540 DBG] Quotes :: Time to save 19.8055ms
[2026-02-18 03:17:44.587 DBG] Config :: Time to save 21.3427ms
[2026-02-18 03:18:22.468 DBG] ViewerRepo :: UpdatePresence(twitch, 5), 0.0315ms
[2026-02-18 03:18:22.565 DBG] TwitchService :: Presence Timer :: Artificially updated presence with a threshold of 5 minutes (97.3206ms)
[2026-02-18 03:19:22.489 DBG] ViewerRepo :: UpdatePresence(twitch, 5), 0.0289ms
[2026-02-18 03:19:22.581 DBG] TwitchService :: Presence Timer :: Artificially updated presence with a threshold of 5 minutes (92.2812ms)
[2026-02-18 03:20:22.494 DBG] ViewerRepo :: UpdatePresence(twitch, 5), 0.0304ms
[2026-02-18 03:20:22.585 DBG] TwitchService :: Presence Timer :: Artificially updated presence with a threshold of 5 minutes (91.4644ms)
[2026-02-18 03:21:22.508 DBG] ViewerRepo :: UpdatePresence(twitch, 5), 0.0308ms
[2026-02-18 03:21:22.602 DBG] TwitchService :: Presence Timer :: Artificially updated presence with a threshold of 5 minutes (94.0282ms)
[2026-02-18 03:22:11.809 DBG] Credits :: Time to save 21.4021ms
[2026-02-18 03:22:22.512 DBG] ViewerRepo :: UpdatePresence(twitch, 5), 0.0304ms
[2026-02-18 03:22:22.606 DBG] TwitchService :: Presence Timer :: Artificially updated presence with a threshold of 5 minutes (93.5062ms)
[2026-02-18 03:22:44.651 DBG] AutoSave :: Auto saving settings...
[2026-02-18 03:22:44.673 DBG] Users :: Time to save 21.9258ms
[2026-02-18 03:22:44.699 DBG] Actions :: Time to save 26.3084ms
[2026-02-18 03:22:44.719 DBG] Commands :: Time to save 19.7465ms
[2026-02-18 03:22:44.739 DBG] Twitch Rewards :: Time to save 19.7205ms
[2026-02-18 03:22:44.756 DBG] Midi :: Time to save 16.3906ms
[2026-02-18 03:22:44.772 DBG] OBS Settings :: Time to save 17.3561ms
[2026-02-18 03:22:44.789 DBG] MeldStudio Settings :: Time to save 16.5192ms
[2026-02-18 03:22:44.806 DBG] Credits :: Time to save 16.3112ms
[2026-02-18 03:22:44.825 DBG] Quotes :: Time to save 19.1216ms
[2026-02-18 03:22:44.873 DBG] Config :: Time to save 20.3284ms
[2026-02-18 03:23:22.514 DBG] ViewerRepo :: UpdatePresence(twitch, 5), 0.0303ms
[2026-02-18 03:23:22.605 DBG] TwitchService :: Presence Timer :: Artificially updated presence with a threshold of 5 minutes (91.5584ms)
[2026-02-18 03:24:22.534 DBG] ViewerRepo :: UpdatePresence(twitch, 5), 0.0312ms
[2026-02-18 03:24:22.627 DBG] TwitchService :: Presence Timer :: Artificially updated presence with a threshold of 5 minutes (93.5575ms)
[2026-02-18 03:25:22.542 DBG] ViewerRepo :: UpdatePresence(twitch, 5), 0.0302ms
[2026-02-18 03:25:22.636 DBG] TwitchService :: Presence Timer :: Artificially updated presence with a threshold of 5 minutes (93.4842ms)
[2026-02-18 03:26:22.552 DBG] ViewerRepo :: UpdatePresence(twitch, 5), 0.0316ms
[2026-02-18 03:26:22.640 DBG] TwitchService :: Presence Timer :: Artificially updated presence with a threshold of 5 minutes (89.2134ms)
[2026-02-18 03:27:11.816 DBG] Credits :: Time to save 19.1199ms
[2026-02-18 03:27:22.557 DBG] ViewerRepo :: UpdatePresence(twitch, 5), 0.0303ms
[2026-02-18 03:27:22.652 DBG] TwitchService :: Presence Timer :: Artificially updated presence with a threshold of 5 minutes (95.9208ms)
[2026-02-18 03:27:26.892 DBG] ActionDispatcher :: Queueing 'Sub Goal' (361aa588-5f31-4e19-b8a5-099cae52479d, TimedAction) to 'Default' (00000000-0000-0000-0000-000000000000), with 11 arguments
[2026-02-18 03:27:26.892 DBG] ActionQueue :: 'Default' (00000000-0000-0000-0000-000000000000) :: Enqueue action 361aa588-5f31-4e19-b8a5-099cae52479d
[2026-02-18 03:27:26.892 DBG] ActionQueue :: 'Default' (00000000-0000-0000-0000-000000000000) :: Handling queue
[2026-02-18 03:27:26.892 DBG] ActionQueue :: 'Default' (00000000-0000-0000-0000-000000000000) :: Performing non-blocking 'Sub Goal' (361aa588-5f31-4e19-b8a5-099cae52479d, 717d8b15-a15e-4d64-b3ea-0a03894946c9)
[2026-02-18 03:27:44.953 DBG] AutoSave :: Auto saving settings...
[2026-02-18 03:27:44.973 DBG] Users :: Time to save 20.8832ms
[2026-02-18 03:27:45.002 DBG] Actions :: Time to save 28.0952ms
[2026-02-18 03:27:45.022 DBG] Commands :: Time to save 20.0188ms
[2026-02-18 03:27:45.042 DBG] Twitch Rewards :: Time to save 20.4635ms
[2026-02-18 03:27:45.059 DBG] Midi :: Time to save 16.3142ms
[2026-02-18 03:27:45.076 DBG] OBS Settings :: Time to save 17.4699ms
[2026-02-18 03:27:45.093 DBG] MeldStudio Settings :: Time to save 17.6974ms
[2026-02-18 03:27:45.111 DBG] Credits :: Time to save 17.999ms
[2026-02-18 03:27:45.130 DBG] Quotes :: Time to save 18.575ms
[2026-02-18 03:27:45.176 DBG] Config :: Time to save 21.1063ms
[2026-02-18 03:28:22.571 DBG] ViewerRepo :: UpdatePresence(twitch, 5), 0.0309ms
[2026-02-18 03:28:22.669 DBG] TwitchService :: Presence Timer :: Artificially updated presence with a threshold of 5 minutes (97.4585ms)
[2026-02-18 03:29:22.584 DBG] ViewerRepo :: UpdatePresence(twitch, 5), 0.0289ms
[2026-02-18 03:29:22.679 DBG] TwitchService :: Presence Timer :: Artificially updated presence with a threshold of 5 minutes (96.4082ms)
[2026-02-18 03:30:22.593 DBG] ViewerRepo :: UpdatePresence(twitch, 5), 0.0291ms
[2026-02-18 03:30:22.694 DBG] TwitchService :: Presence Timer :: Artificially updated presence with a threshold of 5 minutes (100.8557ms)
[2026-02-18 03:31:22.606 DBG] ViewerRepo :: UpdatePresence(twitch, 5), 0.0308ms
[2026-02-18 03:31:22.698 DBG] TwitchService :: Presence Timer :: Artificially updated presence with a threshold of 5 minutes (91.6543ms)
[2026-02-18 03:32:11.825 DBG] Credits :: Time to save 22.0883ms
[2026-02-18 03:32:22.611 DBG] ViewerRepo :: UpdatePresence(twitch, 5), 0.0303ms
[2026-02-18 03:32:22.706 DBG] TwitchService :: Presence Timer :: Artificially updated presence with a threshold of 5 minutes (94.7811ms)
[2026-02-18 03:32:45.207 DBG] AutoSave :: Auto saving settings...
[2026-02-18 03:32:45.228 DBG] Users :: Time to save 21.3267ms
[2026-02-18 03:32:45.252 DBG] Actions :: Time to save 24.6202ms
[2026-02-18 03:32:45.272 DBG] Commands :: Time to save 19.0833ms
[2026-02-18 03:32:45.291 DBG] Twitch Rewards :: Time to save 19.5171ms
[2026-02-18 03:32:45.308 DBG] Midi :: Time to save 16.8058ms
[2026-02-18 03:32:45.324 DBG] OBS Settings :: Time to save 16.9566ms
[2026-02-18 03:32:45.341 DBG] MeldStudio Settings :: Time to save 16.1418ms
[2026-02-18 03:32:45.357 DBG] Credits :: Time to save 16.1782ms
[2026-02-18 03:32:45.376 DBG] Quotes :: Time to save 18.6751ms
[2026-02-18 03:32:45.429 DBG] Config :: Time to save 20.8029ms
[2026-02-18 03:33:22.612 DBG] ViewerRepo :: UpdatePresence(twitch, 5), 0.0299ms
[2026-02-18 03:33:22.707 DBG] TwitchService :: Presence Timer :: Artificially updated presence with a threshold of 5 minutes (95.3205ms)
[2026-02-18 03:34:22.621 DBG] ViewerRepo :: UpdatePresence(twitch, 5), 0.0301ms
[2026-02-18 03:34:22.711 DBG] TwitchService :: Presence Timer :: Artificially updated presence with a threshold of 5 minutes (90.1575ms)
[2026-02-18 03:35:22.632 DBG] ViewerRepo :: UpdatePresence(twitch, 5), 0.0321ms
[2026-02-18 03:35:22.724 DBG] TwitchService :: Presence Timer :: Artificially updated presence with a threshold of 5 minutes (92.1296ms)
[2026-02-18 03:36:22.643 DBG] ViewerRepo :: UpdatePresence(twitch, 5), 0.0432ms
[2026-02-18 03:36:22.737 DBG] TwitchService :: Presence Timer :: Artificially updated presence with a threshold of 5 minutes (94.1588ms)
[2026-02-18 03:37:11.829 DBG] Credits :: Time to save 20.1627ms
[2026-02-18 03:37:22.653 DBG] ViewerRepo :: UpdatePresence(twitch, 5), 0.0552ms
[2026-02-18 03:37:22.747 DBG] TwitchService :: Presence Timer :: Artificially updated presence with a threshold of 5 minutes (94.3817ms)
[2026-02-18 03:37:27.376 DBG] ActionDispatcher :: Queueing 'Sub Goal' (361aa588-5f31-4e19-b8a5-099cae52479d, TimedAction) to 'Default' (00000000-0000-0000-0000-000000000000), with 11 arguments
[2026-02-18 03:37:27.376 DBG] ActionQueue :: 'Default' (00000000-0000-0000-0000-000000000000) :: Enqueue action 361aa588-5f31-4e19-b8a5-099cae52479d
[2026-02-18 03:37:27.376 DBG] ActionQueue :: 'Default' (00000000-0000-0000-0000-000000000000) :: Handling queue
[2026-02-18 03:37:27.376 DBG] ActionQueue :: 'Default' (00000000-0000-0000-0000-000000000000) :: Performing non-blocking 'Sub Goal' (361aa588-5f31-4e19-b8a5-099cae52479d, 6af4bb93-7ab9-4369-a042-050bd47cf885)
[2026-02-18 03:37:45.459 DBG] AutoSave :: Auto saving settings...
[2026-02-18 03:37:45.481 DBG] Users :: Time to save 22.2022ms
[2026-02-18 03:37:45.503 DBG] Actions :: Time to save 22.3708ms
[2026-02-18 03:37:45.522 DBG] Commands :: Time to save 18.8248ms
[2026-02-18 03:37:45.540 DBG] Twitch Rewards :: Time to save 18.4124ms
[2026-02-18 03:37:45.557 DBG] Midi :: Time to save 15.837ms
[2026-02-18 03:37:45.573 DBG] OBS Settings :: Time to save 16.9907ms
[2026-02-18 03:37:45.591 DBG] MeldStudio Settings :: Time to save 17.7388ms
[2026-02-18 03:37:45.609 DBG] Credits :: Time to save 16.842ms
[2026-02-18 03:37:45.627 DBG] Quotes :: Time to save 18.3933ms
[2026-02-18 03:37:45.682 DBG] Config :: Time to save 21.7325ms
[2026-02-18 03:38:22.662 DBG] ViewerRepo :: UpdatePresence(twitch, 5), 0.0304ms
[2026-02-18 03:38:22.758 DBG] TwitchService :: Presence Timer :: Artificially updated presence with a threshold of 5 minutes (96.0372ms)
[2026-02-18 03:39:22.676 DBG] ViewerRepo :: UpdatePresence(twitch, 5), 0.0306ms
[2026-02-18 03:39:22.770 DBG] TwitchService :: Presence Timer :: Artificially updated presence with a threshold of 5 minutes (95.0315ms)
[2026-02-18 03:40:22.687 DBG] ViewerRepo :: UpdatePresence(twitch, 5), 0.0305ms
[2026-02-18 03:40:22.779 DBG] TwitchService :: Presence Timer :: Artificially updated presence with a threshold of 5 minutes (92.1316ms)
[2026-02-18 03:41:22.697 DBG] ViewerRepo :: UpdatePresence(twitch, 5), 0.0292ms
[2026-02-18 03:41:22.791 DBG] TwitchService :: Presence Timer :: Artificially updated presence with a threshold of 5 minutes (95.0728ms)
[2026-02-18 03:42:11.833 DBG] Credits :: Time to save 20.6725ms
[2026-02-18 03:42:22.701 DBG] ViewerRepo :: UpdatePresence(twitch, 5), 0.0321ms
[2026-02-18 03:42:22.791 DBG] TwitchService :: Presence Timer :: Artificially updated presence with a threshold of 5 minutes (90.0769ms)
[2026-02-18 03:42:45.742 DBG] AutoSave :: Auto saving settings...
[2026-02-18 03:42:45.763 DBG] Users :: Time to save 21.1494ms
[2026-02-18 03:42:45.792 DBG] Actions :: Time to save 28.9851ms
[2026-02-18 03:42:45.812 DBG] Commands :: Time to save 19.5905ms
[2026-02-18 03:42:45.830 DBG] Twitch Rewards :: Time to save 18.3152ms
[2026-02-18 03:42:45.848 DBG] Midi :: Time to save 17.066ms
[2026-02-18 03:42:45.864 DBG] OBS Settings :: Time to save 16.4418ms
[2026-02-18 03:42:45.881 DBG] MeldStudio Settings :: Time to save 16.779ms
[2026-02-18 03:42:45.899 DBG] Credits :: Time to save 17.6572ms
[2026-02-18 03:42:45.920 DBG] Quotes :: Time to save 21.9994ms
[2026-02-18 03:42:45.967 DBG] Config :: Time to save 22.5531ms
[2026-02-18 03:43:22.707 DBG] ViewerRepo :: UpdatePresence(twitch, 5), 0.0307ms
[2026-02-18 03:43:22.802 DBG] TwitchService :: Presence Timer :: Artificially updated presence with a threshold of 5 minutes (95.5394ms)
[2026-02-18 03:44:22.712 DBG] ViewerRepo :: UpdatePresence(twitch, 5), 0.03ms
[2026-02-18 03:44:22.809 DBG] TwitchService :: Presence Timer :: Artificially updated presence with a threshold of 5 minutes (97.1789ms)
[2026-02-18 03:45:22.716 DBG] ViewerRepo :: UpdatePresence(twitch, 5), 0.0323ms
[2026-02-18 03:45:22.807 DBG] TwitchService :: Presence Timer :: Artificially updated presence with a threshold of 5 minutes (91.5813ms)
[2026-02-18 03:46:22.729 DBG] ViewerRepo :: UpdatePresence(twitch, 5), 0.0306ms
[2026-02-18 03:46:22.822 DBG] TwitchService :: Presence Timer :: Artificially updated presence with a threshold of 5 minutes (93.4515ms)
[2026-02-18 03:47:11.847 DBG] Credits :: Time to save 21.9354ms
[2026-02-18 03:47:22.731 DBG] ViewerRepo :: UpdatePresence(twitch, 5), 0.0292ms
[2026-02-18 03:47:22.823 DBG] TwitchService :: Presence Timer :: Artificially updated presence with a threshold of 5 minutes (92.493ms)
[2026-02-18 03:47:27.843 DBG] ActionDispatcher :: Queueing 'Sub Goal' (361aa588-5f31-4e19-b8a5-099cae52479d, TimedAction) to 'Default' (00000000-0000-0000-0000-000000000000), with 11 arguments
[2026-02-18 03:47:27.843 DBG] ActionQueue :: 'Default' (00000000-0000-0000-0000-000000000000) :: Enqueue action 361aa588-5f31-4e19-b8a5-099cae52479d
[2026-02-18 03:47:27.843 DBG] ActionQueue :: 'Default' (00000000-0000-0000-0000-000000000000) :: Handling queue
[2026-02-18 03:47:27.843 DBG] ActionQueue :: 'Default' (00000000-0000-0000-0000-000000000000) :: Performing non-blocking 'Sub Goal' (361aa588-5f31-4e19-b8a5-099cae52479d, e2a5423d-da01-43fe-9fe7-cf008a17d28a)
[2026-02-18 03:47:46.049 DBG] AutoSave :: Auto saving settings...
[2026-02-18 03:47:46.068 DBG] Users :: Time to save 19.7837ms
[2026-02-18 03:47:46.090 DBG] Actions :: Time to save 22.357ms
[2026-02-18 03:47:46.108 DBG] Commands :: Time to save 18.2497ms
[2026-02-18 03:47:46.128 DBG] Twitch Rewards :: Time to save 18.9205ms
[2026-02-18 03:47:46.144 DBG] Midi :: Time to save 16.6745ms
[2026-02-18 03:47:46.162 DBG] OBS Settings :: Time to save 17.1745ms
[2026-02-18 03:47:46.174 DBG] MeldStudio Settings :: Time to save 12.8066ms
[2026-02-18 03:47:46.193 DBG] Credits :: Time to save 18.7838ms
[2026-02-18 03:47:46.214 DBG] Quotes :: Time to save 20.7507ms
[2026-02-18 03:47:46.274 DBG] Config :: Time to save 23.0103ms
[2026-02-18 03:48:22.754 DBG] ViewerRepo :: UpdatePresence(twitch, 5), 0.0485ms
[2026-02-18 03:48:22.847 DBG] TwitchService :: Presence Timer :: Artificially updated presence with a threshold of 5 minutes (92.6659ms)
[2026-02-18 03:49:22.769 DBG] ViewerRepo :: UpdatePresence(twitch, 5), 0.0306ms
[2026-02-18 03:49:22.864 DBG] TwitchService :: Presence Timer :: Artificially updated presence with a threshold of 5 minutes (95.6164ms)
[2026-02-18 03:50:22.774 DBG] ViewerRepo :: UpdatePresence(twitch, 5), 0.0316ms
[2026-02-18 03:50:22.867 DBG] TwitchService :: Presence Timer :: Artificially updated presence with a threshold of 5 minutes (92.6261ms)
[2026-02-18 03:51:22.776 DBG] ViewerRepo :: UpdatePresence(twitch, 5), 0.0331ms
[2026-02-18 03:51:22.880 DBG] TwitchService :: Presence Timer :: Artificially updated presence with a threshold of 5 minutes (103.514ms)
[2026-02-18 03:52:11.861 DBG] Credits :: Time to save 20.6816ms
[2026-02-18 03:52:22.786 DBG] ViewerRepo :: UpdatePresence(twitch, 5), 0.0295ms
[2026-02-18 03:52:22.879 DBG] TwitchService :: Presence Timer :: Artificially updated presence with a threshold of 5 minutes (93.44ms)
[2026-02-18 03:52:46.281 DBG] AutoSave :: Auto saving settings...
[2026-02-18 03:52:46.306 DBG] Users :: Time to save 25.1935ms
[2026-02-18 03:52:46.334 DBG] Actions :: Time to save 28.894ms
[2026-02-18 03:52:46.358 DBG] Commands :: Time to save 22.3645ms
[2026-02-18 03:52:46.378 DBG] Twitch Rewards :: Time to save 21.8205ms
[2026-02-18 03:52:46.398 DBG] Midi :: Time to save 18.4113ms
[2026-02-18 03:52:46.417 DBG] OBS Settings :: Time to save 19.1789ms
[2026-02-18 03:52:46.436 DBG] MeldStudio Settings :: Time to save 19.7393ms
[2026-02-18 03:52:46.457 DBG] Credits :: Time to save 20.1648ms
[2026-02-18 03:52:46.479 DBG] Quotes :: Time to save 21.9775ms
[2026-02-18 03:52:46.500 DBG] Config :: Time to save 17.8089ms
[2026-02-18 03:53:22.791 DBG] ViewerRepo :: UpdatePresence(twitch, 5), 0.0298ms
[2026-02-18 03:53:22.883 DBG] TwitchService :: Presence Timer :: Artificially updated presence with a threshold of 5 minutes (91.6501ms)
[2026-02-18 03:54:22.798 DBG] ViewerRepo :: UpdatePresence(twitch, 5), 0.0288ms
[2026-02-18 03:54:22.891 DBG] TwitchService :: Presence Timer :: Artificially updated presence with a threshold of 5 minutes (93.7351ms)
[2026-02-18 03:55:22.801 DBG] ViewerRepo :: UpdatePresence(twitch, 5), 0.0306ms
[2026-02-18 03:55:22.889 DBG] TwitchService :: Presence Timer :: Artificially updated presence with a threshold of 5 minutes (88.4902ms)
[2026-02-18 03:56:22.816 DBG] ViewerRepo :: UpdatePresence(twitch, 5), 0.0294ms
[2026-02-18 03:56:22.910 DBG] TwitchService :: Presence Timer :: Artificially updated presence with a threshold of 5 minutes (94.1576ms)
[2026-02-18 03:57:11.867 DBG] Credits :: Time to save 20.0398ms
[2026-02-18 03:57:22.826 DBG] ViewerRepo :: UpdatePresence(twitch, 5), 0.0305ms
[2026-02-18 03:57:22.921 DBG] TwitchService :: Presence Timer :: Artificially updated presence with a threshold of 5 minutes (95.2415ms)
[2026-02-18 03:57:28.161 DBG] ActionDispatcher :: Queueing 'Sub Goal' (361aa588-5f31-4e19-b8a5-099cae52479d, TimedAction) to 'Default' (00000000-0000-0000-0000-000000000000), with 11 arguments
[2026-02-18 03:57:28.161 DBG] ActionQueue :: 'Default' (00000000-0000-0000-0000-000000000000) :: Enqueue action 361aa588-5f31-4e19-b8a5-099cae52479d
[2026-02-18 03:57:28.161 DBG] ActionQueue :: 'Default' (00000000-0000-0000-0000-000000000000) :: Handling queue
[2026-02-18 03:57:28.161 DBG] ActionQueue :: 'Default' (00000000-0000-0000-0000-000000000000) :: Performing non-blocking 'Sub Goal' (361aa588-5f31-4e19-b8a5-099cae52479d, d7f3bb1f-bc85-43f2-a4a2-c335f3bf5c77)
[2026-02-18 03:57:46.554 DBG] AutoSave :: Auto saving settings...
[2026-02-18 03:57:46.574 DBG] Users :: Time to save 20.6868ms
[2026-02-18 03:57:46.602 DBG] Actions :: Time to save 28.1895ms
[2026-02-18 03:57:46.624 DBG] Commands :: Time to save 21.7036ms
[2026-02-18 03:57:46.644 DBG] Twitch Rewards :: Time to save 20.5823ms
[2026-02-18 03:57:46.662 DBG] Midi :: Time to save 16.8219ms
[2026-02-18 03:57:46.679 DBG] OBS Settings :: Time to save 17.6844ms
[2026-02-18 03:57:46.698 DBG] MeldStudio Settings :: Time to save 18.1142ms
[2026-02-18 03:57:46.712 DBG] Credits :: Time to save 14.0915ms
[2026-02-18 03:57:46.730 DBG] Quotes :: Time to save 19.1094ms
[2026-02-18 03:57:46.778 DBG] Config :: Time to save 20.9787ms
[2026-02-18 03:58:22.841 DBG] ViewerRepo :: UpdatePresence(twitch, 5), 0.0314ms
[2026-02-18 03:58:22.935 DBG] TwitchService :: Presence Timer :: Artificially updated presence with a threshold of 5 minutes (95.3162ms)
[2026-02-18 03:59:22.855 DBG] ViewerRepo :: UpdatePresence(twitch, 5), 0.0286ms
[2026-02-18 03:59:22.946 DBG] TwitchService :: Presence Timer :: Artificially updated presence with a threshold of 5 minutes (91.6178ms)
[2026-02-18 04:00:22.857 DBG] ViewerRepo :: UpdatePresence(twitch, 5), 0.0301ms
[2026-02-18 04:00:22.954 DBG] TwitchService :: Presence Timer :: Artificially updated presence with a threshold of 5 minutes (98.5901ms)
[2026-02-18 04:01:22.871 DBG] ViewerRepo :: UpdatePresence(twitch, 5), 0.0293ms
[2026-02-18 04:01:22.964 DBG] TwitchService :: Presence Timer :: Artificially updated presence with a threshold of 5 minutes (93.0987ms)
[2026-02-18 04:02:11.876 DBG] Credits :: Time to save 21.8897ms
[2026-02-18 04:02:22.876 DBG] ViewerRepo :: UpdatePresence(twitch, 5), 0.0306ms
[2026-02-18 04:02:22.972 DBG] TwitchService :: Presence Timer :: Artificially updated presence with a threshold of 5 minutes (96.5668ms)
[2026-02-18 04:02:46.805 DBG] AutoSave :: Auto saving settings...
[2026-02-18 04:02:46.826 DBG] Users :: Time to save 21.0771ms
[2026-02-18 04:02:46.852 DBG] Actions :: Time to save 24.9223ms
[2026-02-18 04:02:46.864 DBG] Commands :: Time to save 13.1915ms
[2026-02-18 04:02:46.884 DBG] Twitch Rewards :: Time to save 19.1179ms
[2026-02-18 04:02:46.903 DBG] Midi :: Time to save 19.2027ms
[2026-02-18 04:02:46.922 DBG] OBS Settings :: Time to save 18.9653ms
[2026-02-18 04:02:46.937 DBG] MeldStudio Settings :: Time to save 14.5268ms
[2026-02-18 04:02:46.955 DBG] Credits :: Time to save 17.9831ms
[2026-02-18 04:02:46.975 DBG] Quotes :: Time to save 20.939ms
[2026-02-18 04:02:47.030 DBG] Config :: Time to save 21.9247ms
[2026-02-18 04:03:22.888 DBG] ViewerRepo :: UpdatePresence(twitch, 5), 0.0314ms
[2026-02-18 04:03:22.978 DBG] TwitchService :: Presence Timer :: Artificially updated presence with a threshold of 5 minutes (92.034ms)
[2026-02-18 04:04:22.900 DBG] ViewerRepo :: UpdatePresence(twitch, 5), 0.0326ms
[2026-02-18 04:04:22.992 DBG] TwitchService :: Presence Timer :: Artificially updated presence with a threshold of 5 minutes (92.6676ms)
[2026-02-18 04:05:22.913 DBG] ViewerRepo :: UpdatePresence(twitch, 5), 0.0322ms
[2026-02-18 04:05:23.004 DBG] TwitchService :: Presence Timer :: Artificially updated presence with a threshold of 5 minutes (91.7966ms)
[2026-02-18 04:06:22.917 DBG] ViewerRepo :: UpdatePresence(twitch, 5), 0.0312ms
[2026-02-18 04:06:23.013 DBG] TwitchService :: Presence Timer :: Artificially updated presence with a threshold of 5 minutes (96.9844ms)
[2026-02-18 04:07:11.884 DBG] Credits :: Time to save 22.1421ms
[2026-02-18 04:07:22.925 DBG] ViewerRepo :: UpdatePresence(twitch, 5), 0.029ms
[2026-02-18 04:07:23.019 DBG] TwitchService :: Presence Timer :: Artificially updated presence with a threshold of 5 minutes (94.2834ms)
[2026-02-18 04:07:28.482 DBG] ActionDispatcher :: Queueing 'Sub Goal' (361aa588-5f31-4e19-b8a5-099cae52479d, TimedAction) to 'Default' (00000000-0000-0000-0000-000000000000), with 11 arguments
[2026-02-18 04:07:28.482 DBG] ActionQueue :: 'Default' (00000000-0000-0000-0000-000000000000) :: Enqueue action 361aa588-5f31-4e19-b8a5-099cae52479d
[2026-02-18 04:07:28.482 DBG] ActionQueue :: 'Default' (00000000-0000-0000-0000-000000000000) :: Handling queue
[2026-02-18 04:07:28.482 DBG] ActionQueue :: 'Default' (00000000-0000-0000-0000-000000000000) :: Performing non-blocking 'Sub Goal' (361aa588-5f31-4e19-b8a5-099cae52479d, ee813b90-e1b3-4595-a504-0c4b55f6fcbb)
[2026-02-18 04:07:47.076 DBG] AutoSave :: Auto saving settings...
[2026-02-18 04:07:47.098 DBG] Users :: Time to save 22.1164ms
[2026-02-18 04:07:47.127 DBG] Actions :: Time to save 28.4612ms
[2026-02-18 04:07:47.147 DBG] Commands :: Time to save 20.4705ms
[2026-02-18 04:07:47.167 DBG] Twitch Rewards :: Time to save 20.2603ms
[2026-02-18 04:07:47.182 DBG] Midi :: Time to save 14.7214ms
[2026-02-18 04:07:47.196 DBG] OBS Settings :: Time to save 14.2904ms
[2026-02-18 04:07:47.211 DBG] MeldStudio Settings :: Time to save 13.9356ms
[2026-02-18 04:07:47.223 DBG] Credits :: Time to save 12.8631ms
[2026-02-18 04:07:47.237 DBG] Quotes :: Time to save 13.0472ms
[2026-02-18 04:07:47.300 DBG] Config :: Time to save 20.447ms
[2026-02-18 04:08:22.928 DBG] ViewerRepo :: UpdatePresence(twitch, 5), 0.0307ms
[2026-02-18 04:08:23.018 DBG] TwitchService :: Presence Timer :: Artificially updated presence with a threshold of 5 minutes (90.3743ms)
[2026-02-18 04:09:22.936 DBG] ViewerRepo :: UpdatePresence(twitch, 5), 0.0305ms
[2026-02-18 04:09:23.030 DBG] TwitchService :: Presence Timer :: Artificially updated presence with a threshold of 5 minutes (93.4739ms)
[2026-02-18 04:10:22.946 DBG] ViewerRepo :: UpdatePresence(twitch, 5), 0.0301ms
[2026-02-18 04:10:23.521 DBG] TwitchService :: Presence Timer :: Artificially updated presence with a threshold of 5 minutes (575.4984ms)
[2026-02-18 04:11:22.962 DBG] ViewerRepo :: UpdatePresence(twitch, 5), 0.0301ms
[2026-02-18 04:11:23.060 DBG] TwitchService :: Presence Timer :: Artificially updated presence with a threshold of 5 minutes (98.1894ms)
[2026-02-18 04:12:11.886 DBG] Credits :: Time to save 19.5099ms
[2026-02-18 04:12:22.963 DBG] ViewerRepo :: UpdatePresence(twitch, 5), 0.0291ms
[2026-02-18 04:12:23.055 DBG] TwitchService :: Presence Timer :: Artificially updated presence with a threshold of 5 minutes (92.5919ms)
[2026-02-18 04:12:47.332 DBG] AutoSave :: Auto saving settings...
[2026-02-18 04:12:47.348 DBG] Users :: Time to save 17.0205ms
[2026-02-18 04:12:47.377 DBG] Actions :: Time to save 29.5047ms
[2026-02-18 04:12:47.398 DBG] Commands :: Time to save 19.6727ms
[2026-02-18 04:12:47.417 DBG] Twitch Rewards :: Time to save 19.0997ms
[2026-02-18 04:12:47.434 DBG] Midi :: Time to save 17.0053ms
[2026-02-18 04:12:47.452 DBG] OBS Settings :: Time to save 17.7521ms
[2026-02-18 04:12:47.464 DBG] MeldStudio Settings :: Time to save 13.2356ms
[2026-02-18 04:12:47.483 DBG] Credits :: Time to save 18.6913ms
[2026-02-18 04:12:47.502 DBG] Quotes :: Time to save 18.1073ms
[2026-02-18 04:12:47.554 DBG] Config :: Time to save 20.6933ms
[2026-02-18 04:13:22.972 DBG] ViewerRepo :: UpdatePresence(twitch, 5), 0.0399ms
[2026-02-18 04:13:23.065 DBG] TwitchService :: Presence Timer :: Artificially updated presence with a threshold of 5 minutes (93.4994ms)
[2026-02-18 04:14:22.973 DBG] ViewerRepo :: UpdatePresence(twitch, 5), 0.0305ms
[2026-02-18 04:14:23.062 DBG] TwitchService :: Presence Timer :: Artificially updated presence with a threshold of 5 minutes (89.41ms)
[2026-02-18 04:15:22.983 DBG] ViewerRepo :: UpdatePresence(twitch, 5), 0.0305ms
[2026-02-18 04:15:23.078 DBG] TwitchService :: Presence Timer :: Artificially updated presence with a threshold of 5 minutes (96.0728ms)
[2026-02-18 04:16:22.991 DBG] ViewerRepo :: UpdatePresence(twitch, 5), 0.0399ms
[2026-02-18 04:16:23.086 DBG] TwitchService :: Presence Timer :: Artificially updated presence with a threshold of 5 minutes (95.442ms)
[2026-02-18 04:17:11.895 DBG] Credits :: Time to save 20.6446ms
[2026-02-18 04:17:23.005 DBG] ViewerRepo :: UpdatePresence(twitch, 5), 0.0299ms
[2026-02-18 04:17:23.099 DBG] TwitchService :: Presence Timer :: Artificially updated presence with a threshold of 5 minutes (94.7039ms)
[2026-02-18 04:17:28.683 DBG] ActionDispatcher :: Queueing 'Sub Goal' (361aa588-5f31-4e19-b8a5-099cae52479d, TimedAction) to 'Default' (00000000-0000-0000-0000-000000000000), with 11 arguments
[2026-02-18 04:17:28.683 DBG] ActionQueue :: 'Default' (00000000-0000-0000-0000-000000000000) :: Enqueue action 361aa588-5f31-4e19-b8a5-099cae52479d
[2026-02-18 04:17:28.683 DBG] ActionQueue :: 'Default' (00000000-0000-0000-0000-000000000000) :: Handling queue
[2026-02-18 04:17:28.683 DBG] ActionQueue :: 'Default' (00000000-0000-0000-0000-000000000000) :: Performing non-blocking 'Sub Goal' (361aa588-5f31-4e19-b8a5-099cae52479d, 3c14200f-a66f-4d9b-a9d0-bfd7bb6e936c)
[2026-02-18 04:17:47.597 DBG] AutoSave :: Auto saving settings...
[2026-02-18 04:17:47.618 DBG] Users :: Time to save 20.9527ms
[2026-02-18 04:17:47.640 DBG] Actions :: Time to save 22.379ms
[2026-02-18 04:17:47.657 DBG] Commands :: Time to save 16.9139ms
[2026-02-18 04:17:47.670 DBG] Twitch Rewards :: Time to save 12.5873ms
[2026-02-18 04:17:47.684 DBG] Midi :: Time to save 14.098ms
[2026-02-18 04:17:47.700 DBG] OBS Settings :: Time to save 15.515ms
[2026-02-18 04:17:47.716 DBG] MeldStudio Settings :: Time to save 16.2643ms
[2026-02-18 04:17:47.729 DBG] Credits :: Time to save 12.8888ms
[2026-02-18 04:17:47.743 DBG] Quotes :: Time to save 14.2019ms
[2026-02-18 04:17:47.822 DBG] Config :: Time to save 20.0725ms
[2026-02-18 04:18:23.008 DBG] ViewerRepo :: UpdatePresence(twitch, 5), 0.0299ms
[2026-02-18 04:18:23.100 DBG] TwitchService :: Presence Timer :: Artificially updated presence with a threshold of 5 minutes (91.7418ms)
[2026-02-18 04:19:23.020 DBG] ViewerRepo :: UpdatePresence(twitch, 5), 0.0317ms
[2026-02-18 04:19:23.116 DBG] TwitchService :: Presence Timer :: Artificially updated presence with a threshold of 5 minutes (96.6097ms)
[2026-02-18 04:20:23.027 DBG] ViewerRepo :: UpdatePresence(twitch, 5), 0.0293ms
[2026-02-18 04:20:23.123 DBG] TwitchService :: Presence Timer :: Artificially updated presence with a threshold of 5 minutes (96.3988ms)
[2026-02-18 04:21:23.042 DBG] ViewerRepo :: UpdatePresence(twitch, 5), 0.0295ms
[2026-02-18 04:21:23.135 DBG] TwitchService :: Presence Timer :: Artificially updated presence with a threshold of 5 minutes (92.4413ms)
[2026-02-18 04:22:11.900 DBG] Credits :: Time to save 13.5814ms
[2026-02-18 04:22:23.058 DBG] ViewerRepo :: UpdatePresence(twitch, 5), 0.03ms
[2026-02-18 04:22:23.156 DBG] TwitchService :: Presence Timer :: Artificially updated presence with a threshold of 5 minutes (98.5872ms)
[2026-02-18 04:22:47.866 DBG] AutoSave :: Auto saving settings...
[2026-02-18 04:22:47.882 DBG] Users :: Time to save 15.3473ms
[2026-02-18 04:22:47.900 DBG] Actions :: Time to save 18.5507ms
[2026-02-18 04:22:47.913 DBG] Commands :: Time to save 12.9157ms
[2026-02-18 04:22:47.932 DBG] Twitch Rewards :: Time to save 19.2212ms
[2026-02-18 04:22:47.944 DBG] Midi :: Time to save 11.7143ms
[2026-02-18 04:22:47.955 DBG] OBS Settings :: Time to save 11.2709ms
[2026-02-18 04:22:47.970 DBG] MeldStudio Settings :: Time to save 15.4938ms
[2026-02-18 04:22:47.987 DBG] Credits :: Time to save 16.2504ms
[2026-02-18 04:22:48.005 DBG] Quotes :: Time to save 18.1391ms
[2026-02-18 04:22:48.086 DBG] Config :: Time to save 19.7896ms
[2026-02-18 04:23:23.067 DBG] ViewerRepo :: UpdatePresence(twitch, 5), 0.031ms
[2026-02-18 04:23:23.160 DBG] TwitchService :: Presence Timer :: Artificially updated presence with a threshold of 5 minutes (93.6899ms)
[2026-02-18 04:24:23.071 DBG] ViewerRepo :: UpdatePresence(twitch, 5), 0.0285ms
[2026-02-18 04:24:23.166 DBG] TwitchService :: Presence Timer :: Artificially updated presence with a threshold of 5 minutes (95.9409ms)
[2026-02-18 04:25:23.085 DBG] ViewerRepo :: UpdatePresence(twitch, 5), 0.0301ms
[2026-02-18 04:25:23.178 DBG] TwitchService :: Presence Timer :: Artificially updated presence with a threshold of 5 minutes (93.7502ms)
[2026-02-18 04:26:23.095 DBG] ViewerRepo :: UpdatePresence(twitch, 5), 0.0302ms
[2026-02-18 04:26:23.188 DBG] TwitchService :: Presence Timer :: Artificially updated presence with a threshold of 5 minutes (93.9507ms)
[2026-02-18 04:27:11.907 DBG] Credits :: Time to save 13.815ms
[2026-02-18 04:27:23.098 DBG] ViewerRepo :: UpdatePresence(twitch, 5), 0.0311ms
[2026-02-18 04:27:23.195 DBG] TwitchService :: Presence Timer :: Artificially updated presence with a threshold of 5 minutes (96.9339ms)
[2026-02-18 04:27:28.994 DBG] ActionDispatcher :: Queueing 'Sub Goal' (361aa588-5f31-4e19-b8a5-099cae52479d, TimedAction) to 'Default' (00000000-0000-0000-0000-000000000000), with 11 arguments
[2026-02-18 04:27:28.994 DBG] ActionQueue :: 'Default' (00000000-0000-0000-0000-000000000000) :: Enqueue action 361aa588-5f31-4e19-b8a5-099cae52479d
[2026-02-18 04:27:28.994 DBG] ActionQueue :: 'Default' (00000000-0000-0000-0000-000000000000) :: Handling queue
[2026-02-18 04:27:28.994 DBG] ActionQueue :: 'Default' (00000000-0000-0000-0000-000000000000) :: Performing non-blocking 'Sub Goal' (361aa588-5f31-4e19-b8a5-099cae52479d, 07f3b04f-2332-48e5-8976-77068cd5e805)
[2026-02-18 04:27:48.072 DBG] AutoSave :: Auto saving settings...
[2026-02-18 04:27:48.088 DBG] Users :: Time to save 16.1421ms
[2026-02-18 04:27:48.109 DBG] Actions :: Time to save 21.3707ms
[2026-02-18 04:27:48.125 DBG] Commands :: Time to save 15.9292ms
[2026-02-18 04:27:48.138 DBG] Twitch Rewards :: Time to save 12.364ms
[2026-02-18 04:27:48.149 DBG] Midi :: Time to save 10.5063ms
[2026-02-18 04:27:48.163 DBG] OBS Settings :: Time to save 14.8829ms
[2026-02-18 04:27:48.179 DBG] MeldStudio Settings :: Time to save 15.6439ms
[2026-02-18 04:27:48.191 DBG] Credits :: Time to save 12.0292ms
[2026-02-18 04:27:48.211 DBG] Quotes :: Time to save 20.096ms
[2026-02-18 04:27:48.295 DBG] Config :: Time to save 21.5259ms
[2026-02-18 04:28:23.101 DBG] ViewerRepo :: UpdatePresence(twitch, 5), 0.0414ms
[2026-02-18 04:28:23.197 DBG] TwitchService :: Presence Timer :: Artificially updated presence with a threshold of 5 minutes (95.5109ms)
[2026-02-18 04:29:23.105 DBG] ViewerRepo :: UpdatePresence(twitch, 5), 0.0322ms
[2026-02-18 04:29:23.196 DBG] TwitchService :: Presence Timer :: Artificially updated presence with a threshold of 5 minutes (91.4355ms)
[2026-02-18 04:30:23.118 DBG] ViewerRepo :: UpdatePresence(twitch, 5), 0.0318ms
[2026-02-18 04:30:23.215 DBG] TwitchService :: Presence Timer :: Artificially updated presence with a threshold of 5 minutes (96.8088ms)
[2026-02-18 04:31:23.118 DBG] ViewerRepo :: UpdatePresence(twitch, 5), 0.0311ms
[2026-02-18 04:31:23.209 DBG] TwitchService :: Presence Timer :: Artificially updated presence with a threshold of 5 minutes (91.8508ms)
[2026-02-18 04:32:11.923 DBG] Credits :: Time to save 20.4441ms
[2026-02-18 04:32:23.125 DBG] ViewerRepo :: UpdatePresence(twitch, 5), 0.0315ms
[2026-02-18 04:32:23.220 DBG] TwitchService :: Presence Timer :: Artificially updated presence with a threshold of 5 minutes (96.3128ms)
[2026-02-18 04:32:48.303 DBG] AutoSave :: Auto saving settings...
[2026-02-18 04:32:48.322 DBG] Users :: Time to save 20.2546ms
[2026-02-18 04:32:48.348 DBG] Actions :: Time to save 25.242ms
[2026-02-18 04:32:48.368 DBG] Commands :: Time to save 19.1258ms
[2026-02-18 04:32:48.386 DBG] Twitch Rewards :: Time to save 18.268ms
[2026-02-18 04:32:48.403 DBG] Midi :: Time to save 16.6001ms
[2026-02-18 04:32:48.418 DBG] OBS Settings :: Time to save 16.3084ms
[2026-02-18 04:32:48.435 DBG] MeldStudio Settings :: Time to save 16.5359ms
[2026-02-18 04:32:48.453 DBG] Credits :: Time to save 17.8528ms
[2026-02-18 04:32:48.468 DBG] Quotes :: Time to save 15.3831ms
[2026-02-18 04:32:48.520 DBG] Config :: Time to save 14.3244ms
[2026-02-18 04:33:23.135 DBG] ViewerRepo :: UpdatePresence(twitch, 5), 0.0307ms
[2026-02-18 04:33:23.226 DBG] TwitchService :: Presence Timer :: Artificially updated presence with a threshold of 5 minutes (90.6853ms)
[2026-02-18 04:34:23.136 DBG] ViewerRepo :: UpdatePresence(twitch, 5), 0.0395ms
[2026-02-18 04:34:23.229 DBG] TwitchService :: Presence Timer :: Artificially updated presence with a threshold of 5 minutes (93.2204ms)
[2026-02-18 04:35:23.159 DBG] ViewerRepo :: UpdatePresence(twitch, 5), 0.0289ms
[2026-02-18 04:35:23.252 DBG] TwitchService :: Presence Timer :: Artificially updated presence with a threshold of 5 minutes (94.1522ms)
[2026-02-18 04:36:23.171 DBG] ViewerRepo :: UpdatePresence(twitch, 5), 0.0306ms
[2026-02-18 04:36:23.262 DBG] TwitchService :: Presence Timer :: Artificially updated presence with a threshold of 5 minutes (90.5121ms)
[2026-02-18 04:37:11.940 DBG] Credits :: Time to save 22.2391ms
[2026-02-18 04:37:23.183 DBG] ViewerRepo :: UpdatePresence(twitch, 5), 0.0296ms
[2026-02-18 04:37:23.275 DBG] TwitchService :: Presence Timer :: Artificially updated presence with a threshold of 5 minutes (91.4028ms)
[2026-02-18 04:37:29.116 DBG] ActionDispatcher :: Queueing 'Sub Goal' (361aa588-5f31-4e19-b8a5-099cae52479d, TimedAction) to 'Default' (00000000-0000-0000-0000-000000000000), with 11 arguments
[2026-02-18 04:37:29.116 DBG] ActionQueue :: 'Default' (00000000-0000-0000-0000-000000000000) :: Enqueue action 361aa588-5f31-4e19-b8a5-099cae52479d
[2026-02-18 04:37:29.116 DBG] ActionQueue :: 'Default' (00000000-0000-0000-0000-000000000000) :: Handling queue
[2026-02-18 04:37:29.116 DBG] ActionQueue :: 'Default' (00000000-0000-0000-0000-000000000000) :: Performing non-blocking 'Sub Goal' (361aa588-5f31-4e19-b8a5-099cae52479d, 5fabf398-a54c-4bd6-afb9-3223c3b6a790)
[2026-02-18 04:37:48.560 DBG] AutoSave :: Auto saving settings...
[2026-02-18 04:37:48.576 DBG] Users :: Time to save 16.2336ms
[2026-02-18 04:37:48.597 DBG] Actions :: Time to save 20.2234ms
[2026-02-18 04:37:48.612 DBG] Commands :: Time to save 15.347ms
[2026-02-18 04:37:48.630 DBG] Twitch Rewards :: Time to save 18.6243ms
[2026-02-18 04:37:48.643 DBG] Midi :: Time to save 13.4129ms
[2026-02-18 04:37:48.661 DBG] OBS Settings :: Time to save 17.223ms
[2026-02-18 04:37:48.676 DBG] MeldStudio Settings :: Time to save 14.2867ms
[2026-02-18 04:37:48.688 DBG] Credits :: Time to save 12.4248ms
[2026-02-18 04:37:48.703 DBG] Quotes :: Time to save 15.1017ms
[2026-02-18 04:37:48.783 DBG] Config :: Time to save 21.0906ms
[2026-02-18 04:38:23.196 DBG] ViewerRepo :: UpdatePresence(twitch, 5), 0.032ms
[2026-02-18 04:38:23.293 DBG] TwitchService :: Presence Timer :: Artificially updated presence with a threshold of 5 minutes (98.4145ms)
[2026-02-18 04:39:23.198 DBG] ViewerRepo :: UpdatePresence(twitch, 5), 0.0298ms
[2026-02-18 04:39:23.289 DBG] TwitchService :: Presence Timer :: Artificially updated presence with a threshold of 5 minutes (91.9103ms)
[2026-02-18 04:40:23.213 DBG] ViewerRepo :: UpdatePresence(twitch, 5), 0.0291ms
[2026-02-18 04:40:23.302 DBG] TwitchService :: Presence Timer :: Artificially updated presence with a threshold of 5 minutes (89.1953ms)
[2026-02-18 04:41:23.218 DBG] ViewerRepo :: UpdatePresence(twitch, 5), 0.029ms
[2026-02-18 04:41:23.313 DBG] TwitchService :: Presence Timer :: Artificially updated presence with a threshold of 5 minutes (95.7322ms)
[2026-02-18 04:42:11.948 DBG] Credits :: Time to save 19.509ms
[2026-02-18 04:42:23.219 DBG] ViewerRepo :: UpdatePresence(twitch, 5), 0.031ms
[2026-02-18 04:42:23.312 DBG] TwitchService :: Presence Timer :: Artificially updated presence with a threshold of 5 minutes (92.7868ms)
[2026-02-18 04:42:48.790 DBG] AutoSave :: Auto saving settings...
[2026-02-18 04:42:48.811 DBG] Users :: Time to save 21.7101ms
[2026-02-18 04:42:48.833 DBG] Actions :: Time to save 22.4257ms
[2026-02-18 04:42:48.853 DBG] Commands :: Time to save 18.9899ms
[2026-02-18 04:42:48.867 DBG] Twitch Rewards :: Time to save 13.1739ms
[2026-02-18 04:42:48.883 DBG] Midi :: Time to save 17.7988ms
[2026-02-18 04:42:48.901 DBG] OBS Settings :: Time to save 17.1728ms
[2026-02-18 04:42:48.917 DBG] MeldStudio Settings :: Time to save 15.5735ms
[2026-02-18 04:42:48.931 DBG] Credits :: Time to save 13.9739ms
[2026-02-18 04:42:48.946 DBG] Quotes :: Time to save 14.096ms
[2026-02-18 04:42:49.017 DBG] Config :: Time to save 22.2987ms
[2026-02-18 04:43:23.220 DBG] ViewerRepo :: UpdatePresence(twitch, 5), 0.0321ms
[2026-02-18 04:43:23.310 DBG] TwitchService :: Presence Timer :: Artificially updated presence with a threshold of 5 minutes (90.1422ms)
[2026-02-18 04:44:23.226 DBG] ViewerRepo :: UpdatePresence(twitch, 5), 0.0303ms
[2026-02-18 04:44:23.319 DBG] TwitchService :: Presence Timer :: Artificially updated presence with a threshold of 5 minutes (93.5056ms)
[2026-02-18 04:45:23.255 DBG] ViewerRepo :: UpdatePresence(twitch, 5), 0.0311ms
[2026-02-18 04:45:23.348 DBG] TwitchService :: Presence Timer :: Artificially updated presence with a threshold of 5 minutes (93.3863ms)
[2026-02-18 04:46:23.267 DBG] ViewerRepo :: UpdatePresence(twitch, 5), 0.0339ms
[2026-02-18 04:46:23.358 DBG] TwitchService :: Presence Timer :: Artificially updated presence with a threshold of 5 minutes (90.9932ms)
[2026-02-18 04:47:11.951 DBG] Credits :: Time to save 20.2221ms
[2026-02-18 04:47:23.280 DBG] ViewerRepo :: UpdatePresence(twitch, 5), 0.033ms
[2026-02-18 04:47:23.378 DBG] TwitchService :: Presence Timer :: Artificially updated presence with a threshold of 5 minutes (97.9907ms)
[2026-02-18 04:47:29.473 DBG] ActionDispatcher :: Queueing 'Sub Goal' (361aa588-5f31-4e19-b8a5-099cae52479d, TimedAction) to 'Default' (00000000-0000-0000-0000-000000000000), with 11 arguments
[2026-02-18 04:47:29.473 DBG] ActionQueue :: 'Default' (00000000-0000-0000-0000-000000000000) :: Enqueue action 361aa588-5f31-4e19-b8a5-099cae52479d
[2026-02-18 04:47:29.473 DBG] ActionQueue :: 'Default' (00000000-0000-0000-0000-000000000000) :: Handling queue
[2026-02-18 04:47:29.473 DBG] ActionQueue :: 'Default' (00000000-0000-0000-0000-000000000000) :: Performing non-blocking 'Sub Goal' (361aa588-5f31-4e19-b8a5-099cae52479d, 3c44ed32-3321-472b-9958-f3a56a44892d)
[2026-02-18 04:47:49.009 DBG] AutoSave :: Auto saving settings...
[2026-02-18 04:47:49.031 DBG] Users :: Time to save 21.8032ms
[2026-02-18 04:47:49.056 DBG] Actions :: Time to save 25.2076ms
[2026-02-18 04:47:49.076 DBG] Commands :: Time to save 19.6603ms
[2026-02-18 04:47:49.094 DBG] Twitch Rewards :: Time to save 18.9768ms
[2026-02-18 04:47:49.111 DBG] Midi :: Time to save 16.2323ms
[2026-02-18 04:47:49.128 DBG] OBS Settings :: Time to save 16.721ms
[2026-02-18 04:47:49.145 DBG] MeldStudio Settings :: Time to save 16.3429ms
[2026-02-18 04:47:49.160 DBG] Credits :: Time to save 16.4095ms
[2026-02-18 04:47:49.180 DBG] Quotes :: Time to save 19.4387ms
[2026-02-18 04:47:49.232 DBG] Config :: Time to save 21.1919ms
[2026-02-18 04:48:23.280 DBG] ViewerRepo :: UpdatePresence(twitch, 5), 0.0342ms
[2026-02-18 04:48:23.376 DBG] TwitchService :: Presence Timer :: Artificially updated presence with a threshold of 5 minutes (95.5266ms)
[2026-02-18 04:49:23.289 DBG] ViewerRepo :: UpdatePresence(twitch, 5), 0.0316ms
[2026-02-18 04:49:23.385 DBG] TwitchService :: Presence Timer :: Artificially updated presence with a threshold of 5 minutes (96.1905ms)
[2026-02-18 04:50:23.296 DBG] ViewerRepo :: UpdatePresence(twitch, 5), 0.04ms
[2026-02-18 04:50:23.389 DBG] TwitchService :: Presence Timer :: Artificially updated presence with a threshold of 5 minutes (93.22ms)
[2026-02-18 04:51:23.302 DBG] ViewerRepo :: UpdatePresence(twitch, 5), 0.0303ms
[2026-02-18 04:51:23.395 DBG] TwitchService :: Presence Timer :: Artificially updated presence with a threshold of 5 minutes (92.3117ms)
[2026-02-18 04:52:11.952 DBG] Credits :: Time to save 13.549ms
[2026-02-18 04:52:23.311 DBG] ViewerRepo :: UpdatePresence(twitch, 5), 0.0291ms
[2026-02-18 04:52:23.403 DBG] TwitchService :: Presence Timer :: Artificially updated presence with a threshold of 5 minutes (91.5997ms)
[2026-02-18 04:52:49.273 DBG] AutoSave :: Auto saving settings...
[2026-02-18 04:52:49.288 DBG] Users :: Time to save 14.4618ms
[2026-02-18 04:52:49.312 DBG] Actions :: Time to save 25.3209ms
[2026-02-18 04:52:49.333 DBG] Commands :: Time to save 19.8802ms
[2026-02-18 04:52:49.353 DBG] Twitch Rewards :: Time to save 20.3613ms
[2026-02-18 04:52:49.365 DBG] Midi :: Time to save 12.6615ms
[2026-02-18 04:52:49.382 DBG] OBS Settings :: Time to save 16.7905ms
[2026-02-18 04:52:49.401 DBG] MeldStudio Settings :: Time to save 17.8326ms
[2026-02-18 04:52:49.412 DBG] Credits :: Time to save 11.8303ms
[2026-02-18 04:52:49.433 DBG] Quotes :: Time to save 20.0806ms
[2026-02-18 04:52:49.498 DBG] Config :: Time to save 21.9889ms
[2026-02-18 04:53:23.321 DBG] ViewerRepo :: UpdatePresence(twitch, 5), 0.0299ms
[2026-02-18 04:53:23.415 DBG] TwitchService :: Presence Timer :: Artificially updated presence with a threshold of 5 minutes (94.5561ms)
[2026-02-18 04:54:23.337 DBG] ViewerRepo :: UpdatePresence(twitch, 5), 0.0347ms
[2026-02-18 04:54:23.431 DBG] TwitchService :: Presence Timer :: Artificially updated presence with a threshold of 5 minutes (94.1853ms)
[2026-02-18 04:55:23.343 DBG] ViewerRepo :: UpdatePresence(twitch, 5), 0.0547ms
[2026-02-18 04:55:23.438 DBG] TwitchService :: Presence Timer :: Artificially updated presence with a threshold of 5 minutes (94.5555ms)
[2026-02-18 04:56:23.350 DBG] ViewerRepo :: UpdatePresence(twitch, 5), 0.0299ms
[2026-02-18 04:56:23.441 DBG] TwitchService :: Presence Timer :: Artificially updated presence with a threshold of 5 minutes (91.5508ms)
[2026-02-18 04:57:11.961 DBG] Credits :: Time to save 13.5759ms
[2026-02-18 04:57:23.356 DBG] ViewerRepo :: UpdatePresence(twitch, 5), 0.0287ms
[2026-02-18 04:57:23.446 DBG] TwitchService :: Presence Timer :: Artificially updated presence with a threshold of 5 minutes (89.8533ms)
[2026-02-18 04:57:29.741 DBG] ActionDispatcher :: Queueing 'Sub Goal' (361aa588-5f31-4e19-b8a5-099cae52479d, TimedAction) to 'Default' (00000000-0000-0000-0000-000000000000), with 11 arguments
[2026-02-18 04:57:29.741 DBG] ActionQueue :: 'Default' (00000000-0000-0000-0000-000000000000) :: Enqueue action 361aa588-5f31-4e19-b8a5-099cae52479d
[2026-02-18 04:57:29.741 DBG] ActionQueue :: 'Default' (00000000-0000-0000-0000-000000000000) :: Handling queue
[2026-02-18 04:57:29.741 DBG] ActionQueue :: 'Default' (00000000-0000-0000-0000-000000000000) :: Performing non-blocking 'Sub Goal' (361aa588-5f31-4e19-b8a5-099cae52479d, 203b1a78-d62c-43de-9ccc-0459ee2ca3c4)
[2026-02-18 04:57:49.494 DBG] AutoSave :: Auto saving settings...
[2026-02-18 04:57:49.521 DBG] Users :: Time to save 26.8878ms
[2026-02-18 04:57:49.548 DBG] Actions :: Time to save 26.2352ms
[2026-02-18 04:57:49.563 DBG] Commands :: Time to save 16.0125ms
[2026-02-18 04:57:49.577 DBG] Twitch Rewards :: Time to save 13.3651ms
[2026-02-18 04:57:49.594 DBG] Midi :: Time to save 16.8972ms
[2026-02-18 04:57:49.612 DBG] OBS Settings :: Time to save 17.6535ms
[2026-02-18 04:57:49.629 DBG] MeldStudio Settings :: Time to save 17.158ms
[2026-02-18 04:57:49.646 DBG] Credits :: Time to save 17.1246ms
[2026-02-18 04:57:49.658 DBG] Quotes :: Time to save 12.5634ms
[2026-02-18 04:57:49.717 DBG] Config :: Time to save 20.3307ms
[2026-02-18 04:58:23.366 DBG] ViewerRepo :: UpdatePresence(twitch, 5), 0.03ms
[2026-02-18 04:58:23.457 DBG] TwitchService :: Presence Timer :: Artificially updated presence with a threshold of 5 minutes (91.9026ms)
[2026-02-18 04:59:23.371 DBG] ViewerRepo :: UpdatePresence(twitch, 5), 0.0297ms
[2026-02-18 04:59:23.461 DBG] TwitchService :: Presence Timer :: Artificially updated presence with a threshold of 5 minutes (89.7369ms)
[2026-02-18 05:00:23.383 DBG] ViewerRepo :: UpdatePresence(twitch, 5), 0.03ms
[2026-02-18 05:00:23.480 DBG] TwitchService :: Presence Timer :: Artificially updated presence with a threshold of 5 minutes (97.1543ms)
[2026-02-18 05:01:23.385 DBG] ViewerRepo :: UpdatePresence(twitch, 5), 0.032ms
[2026-02-18 05:01:23.477 DBG] TwitchService :: Presence Timer :: Artificially updated presence with a threshold of 5 minutes (93.9741ms)
[2026-02-18 05:02:11.972 DBG] Credits :: Time to save 20.7127ms
[2026-02-18 05:02:23.389 DBG] ViewerRepo :: UpdatePresence(twitch, 5), 0.0301ms
[2026-02-18 05:02:23.483 DBG] TwitchService :: Presence Timer :: Artificially updated presence with a threshold of 5 minutes (94.3029ms)
[2026-02-18 05:02:49.742 DBG] AutoSave :: Auto saving settings...
[2026-02-18 05:02:49.763 DBG] Users :: Time to save 21.7425ms
[2026-02-18 05:02:49.787 DBG] Actions :: Time to save 22.881ms
[2026-02-18 05:02:49.805 DBG] Commands :: Time to save 18.6567ms
[2026-02-18 05:02:49.824 DBG] Twitch Rewards :: Time to save 18.893ms
[2026-02-18 05:02:49.837 DBG] Midi :: Time to save 12.5794ms
[2026-02-18 05:02:49.855 DBG] OBS Settings :: Time to save 17.8248ms
[2026-02-18 05:02:49.871 DBG] MeldStudio Settings :: Time to save 16.4898ms
[2026-02-18 05:02:49.887 DBG] Credits :: Time to save 16.367ms
[2026-02-18 05:02:49.901 DBG] Quotes :: Time to save 13.1816ms
[2026-02-18 05:02:49.967 DBG] Config :: Time to save 21.0779ms
[2026-02-18 05:03:23.390 DBG] ViewerRepo :: UpdatePresence(twitch, 5), 0.0315ms
[2026-02-18 05:03:23.483 DBG] TwitchService :: Presence Timer :: Artificially updated presence with a threshold of 5 minutes (93.171ms)
[2026-02-18 05:04:23.399 DBG] ViewerRepo :: UpdatePresence(twitch, 5), 0.0304ms
[2026-02-18 05:04:23.491 DBG] TwitchService :: Presence Timer :: Artificially updated presence with a threshold of 5 minutes (92.1497ms)
[2026-02-18 05:05:23.403 DBG] ViewerRepo :: UpdatePresence(twitch, 5), 0.0326ms
[2026-02-18 05:05:23.502 DBG] TwitchService :: Presence Timer :: Artificially updated presence with a threshold of 5 minutes (98.3678ms)
[2026-02-18 05:06:23.407 DBG] ViewerRepo :: UpdatePresence(twitch, 5), 0.0296ms
[2026-02-18 05:06:23.501 DBG] TwitchService :: Presence Timer :: Artificially updated presence with a threshold of 5 minutes (94.1084ms)
[2026-02-18 05:07:11.975 DBG] Credits :: Time to save 21.4054ms
[2026-02-18 05:07:23.423 DBG] ViewerRepo :: UpdatePresence(twitch, 5), 0.0304ms
[2026-02-18 05:07:23.520 DBG] TwitchService :: Presence Timer :: Artificially updated presence with a threshold of 5 minutes (97.0867ms)
[2026-02-18 05:07:29.931 DBG] ActionDispatcher :: Queueing 'Sub Goal' (361aa588-5f31-4e19-b8a5-099cae52479d, TimedAction) to 'Default' (00000000-0000-0000-0000-000000000000), with 11 arguments
[2026-02-18 05:07:29.931 DBG] ActionQueue :: 'Default' (00000000-0000-0000-0000-000000000000) :: Enqueue action 361aa588-5f31-4e19-b8a5-099cae52479d
[2026-02-18 05:07:29.931 DBG] ActionQueue :: 'Default' (00000000-0000-0000-0000-000000000000) :: Handling queue
[2026-02-18 05:07:29.931 DBG] ActionQueue :: 'Default' (00000000-0000-0000-0000-000000000000) :: Performing non-blocking 'Sub Goal' (361aa588-5f31-4e19-b8a5-099cae52479d, de95a9d1-9899-45ba-8eac-c892fee88e88)
[2026-02-18 05:07:49.979 DBG] AutoSave :: Auto saving settings...
[2026-02-18 05:07:49.994 DBG] Users :: Time to save 15.6832ms
[2026-02-18 05:07:50.013 DBG] Actions :: Time to save 19.074ms
[2026-02-18 05:07:50.025 DBG] Commands :: Time to save 12.2788ms
[2026-02-18 05:07:50.037 DBG] Twitch Rewards :: Time to save 12.1146ms
[2026-02-18 05:07:50.053 DBG] Midi :: Time to save 15.2533ms
[2026-02-18 05:07:50.069 DBG] OBS Settings :: Time to save 15.4448ms
[2026-02-18 05:07:50.084 DBG] MeldStudio Settings :: Time to save 16.0645ms
[2026-02-18 05:07:50.100 DBG] Credits :: Time to save 15.049ms
[2026-02-18 05:07:50.118 DBG] Quotes :: Time to save 17.5538ms
[2026-02-18 05:07:50.195 DBG] Config :: Time to save 14.2867ms
[2026-02-18 05:08:23.431 DBG] ViewerRepo :: UpdatePresence(twitch, 5), 0.0308ms
[2026-02-18 05:08:23.530 DBG] TwitchService :: Presence Timer :: Artificially updated presence with a threshold of 5 minutes (98.9443ms)
[2026-02-18 05:09:23.436 DBG] ViewerRepo :: UpdatePresence(twitch, 5), 0.0311ms
[2026-02-18 05:09:23.529 DBG] TwitchService :: Presence Timer :: Artificially updated presence with a threshold of 5 minutes (92.7543ms)
[2026-02-18 05:10:23.452 DBG] ViewerRepo :: UpdatePresence(twitch, 5), 0.0294ms
[2026-02-18 05:10:23.980 DBG] TwitchService :: Presence Timer :: Artificially updated presence with a threshold of 5 minutes (528.0219ms)
[2026-02-18 05:11:23.453 DBG] ViewerRepo :: UpdatePresence(twitch, 5), 0.0345ms
[2026-02-18 05:11:23.544 DBG] TwitchService :: Presence Timer :: Artificially updated presence with a threshold of 5 minutes (90.6946ms)
[2026-02-18 05:12:11.987 DBG] Credits :: Time to save 19.0937ms
[2026-02-18 05:12:23.465 DBG] ViewerRepo :: UpdatePresence(twitch, 5), 0.0298ms
[2026-02-18 05:12:23.558 DBG] TwitchService :: Presence Timer :: Artificially updated presence with a threshold of 5 minutes (93.8828ms)
[2026-02-18 05:12:50.213 DBG] AutoSave :: Auto saving settings...
[2026-02-18 05:12:50.234 DBG] Users :: Time to save 22.0698ms
[2026-02-18 05:12:50.263 DBG] Actions :: Time to save 27.8983ms
[2026-02-18 05:12:50.277 DBG] Commands :: Time to save 15.4806ms
[2026-02-18 05:12:50.293 DBG] Twitch Rewards :: Time to save 14.812ms
[2026-02-18 05:12:50.306 DBG] Midi :: Time to save 13.232ms
[2026-02-18 05:12:50.319 DBG] OBS Settings :: Time to save 12.7409ms
[2026-02-18 05:12:50.332 DBG] MeldStudio Settings :: Time to save 12.8636ms
[2026-02-18 05:12:50.345 DBG] Credits :: Time to save 13.1113ms
[2026-02-18 05:12:50.360 DBG] Quotes :: Time to save 14.256ms
[2026-02-18 05:12:50.435 DBG] Config :: Time to save 20.5761ms
[2026-02-18 05:13:23.475 DBG] ViewerRepo :: UpdatePresence(twitch, 5), 0.0322ms
[2026-02-18 05:13:23.564 DBG] TwitchService :: Presence Timer :: Artificially updated presence with a threshold of 5 minutes (89.5458ms)
[2026-02-18 05:14:23.487 DBG] ViewerRepo :: UpdatePresence(twitch, 5), 0.0303ms
[2026-02-18 05:14:23.581 DBG] TwitchService :: Presence Timer :: Artificially updated presence with a threshold of 5 minutes (94.2263ms)
[2026-02-18 05:15:23.496 DBG] ViewerRepo :: UpdatePresence(twitch, 5), 0.0298ms
[2026-02-18 05:15:23.594 DBG] TwitchService :: Presence Timer :: Artificially updated presence with a threshold of 5 minutes (98.0254ms)
[2026-02-18 05:16:23.506 DBG] ViewerRepo :: UpdatePresence(twitch, 5), 0.0326ms
[2026-02-18 05:16:23.597 DBG] TwitchService :: Presence Timer :: Artificially updated presence with a threshold of 5 minutes (91.4823ms)
[2026-02-18 05:17:12.000 DBG] Credits :: Time to save 19.2749ms
[2026-02-18 05:17:23.513 DBG] ViewerRepo :: UpdatePresence(twitch, 5), 0.044ms
[2026-02-18 05:17:23.609 DBG] TwitchService :: Presence Timer :: Artificially updated presence with a threshold of 5 minutes (95.9881ms)
[2026-02-18 05:17:30.295 DBG] ActionDispatcher :: Queueing 'Sub Goal' (361aa588-5f31-4e19-b8a5-099cae52479d, TimedAction) to 'Default' (00000000-0000-0000-0000-000000000000), with 11 arguments
[2026-02-18 05:17:30.295 DBG] ActionQueue :: 'Default' (00000000-0000-0000-0000-000000000000) :: Enqueue action 361aa588-5f31-4e19-b8a5-099cae52479d
[2026-02-18 05:17:30.295 DBG] ActionQueue :: 'Default' (00000000-0000-0000-0000-000000000000) :: Handling queue
[2026-02-18 05:17:30.295 DBG] ActionQueue :: 'Default' (00000000-0000-0000-0000-000000000000) :: Performing non-blocking 'Sub Goal' (361aa588-5f31-4e19-b8a5-099cae52479d, aabbf54b-b122-449f-94f1-15af57e1ccc2)
[2026-02-18 05:17:50.473 DBG] AutoSave :: Auto saving settings...
[2026-02-18 05:17:50.495 DBG] Users :: Time to save 22.4833ms
[2026-02-18 05:17:50.520 DBG] Actions :: Time to save 24.8414ms
[2026-02-18 05:17:50.539 DBG] Commands :: Time to save 18.719ms
[2026-02-18 05:17:50.555 DBG] Twitch Rewards :: Time to save 16.1159ms
[2026-02-18 05:17:50.567 DBG] Midi :: Time to save 13.2852ms
[2026-02-18 05:17:50.581 DBG] OBS Settings :: Time to save 13.2401ms
[2026-02-18 05:17:50.597 DBG] MeldStudio Settings :: Time to save 16.326ms
[2026-02-18 05:17:50.610 DBG] Credits :: Time to save 12.1707ms
[2026-02-18 05:17:50.626 DBG] Quotes :: Time to save 16.3565ms
[2026-02-18 05:17:50.697 DBG] Config :: Time to save 20.5366ms
[2026-02-18 05:18:23.535 DBG] ViewerRepo :: UpdatePresence(twitch, 5), 0.0358ms
[2026-02-18 05:18:23.624 DBG] TwitchService :: Presence Timer :: Artificially updated presence with a threshold of 5 minutes (89.2328ms)
[2026-02-18 05:19:23.540 DBG] ViewerRepo :: UpdatePresence(twitch, 5), 0.0299ms
[2026-02-18 05:19:23.632 DBG] TwitchService :: Presence Timer :: Artificially updated presence with a threshold of 5 minutes (92.8178ms)
[2026-02-18 05:20:23.546 DBG] ViewerRepo :: UpdatePresence(twitch, 5), 0.0294ms
[2026-02-18 05:20:23.637 DBG] TwitchService :: Presence Timer :: Artificially updated presence with a threshold of 5 minutes (91.5782ms)
[2026-02-18 05:21:23.561 DBG] ViewerRepo :: UpdatePresence(twitch, 5), 0.0305ms
[2026-02-18 05:21:23.653 DBG] TwitchService :: Presence Timer :: Artificially updated presence with a threshold of 5 minutes (91.9427ms)
[2026-02-18 05:22:12.006 DBG] Credits :: Time to save 14.9342ms
[2026-02-18 05:22:23.573 DBG] ViewerRepo :: UpdatePresence(twitch, 5), 0.0281ms
[2026-02-18 05:22:23.664 DBG] TwitchService :: Presence Timer :: Artificially updated presence with a threshold of 5 minutes (91.9204ms)
[2026-02-18 05:22:50.722 DBG] AutoSave :: Auto saving settings...
[2026-02-18 05:22:50.744 DBG] Users :: Time to save 22.186ms
[2026-02-18 05:22:50.769 DBG] Actions :: Time to save 25.5262ms
[2026-02-18 05:22:50.789 DBG] Commands :: Time to save 19.5589ms
[2026-02-18 05:22:50.807 DBG] Twitch Rewards :: Time to save 19.4196ms
[2026-02-18 05:22:50.826 DBG] Midi :: Time to save 17.5294ms
[2026-02-18 05:22:50.844 DBG] OBS Settings :: Time to save 18.2092ms
[2026-02-18 05:22:50.861 DBG] MeldStudio Settings :: Time to save 17.0007ms
[2026-02-18 05:22:50.877 DBG] Credits :: Time to save 16.5997ms
[2026-02-18 05:22:50.897 DBG] Quotes :: Time to save 19.0385ms
[2026-02-18 05:22:50.944 DBG] Config :: Time to save 20.9045ms
[2026-02-18 05:23:23.587 DBG] ViewerRepo :: UpdatePresence(twitch, 5), 0.0289ms
[2026-02-18 05:23:23.678 DBG] TwitchService :: Presence Timer :: Artificially updated presence with a threshold of 5 minutes (91.3539ms)
[2026-02-18 05:24:23.601 DBG] ViewerRepo :: UpdatePresence(twitch, 5), 0.029ms
[2026-02-18 05:24:23.697 DBG] TwitchService :: Presence Timer :: Artificially updated presence with a threshold of 5 minutes (96.384ms)
[2026-02-18 05:25:23.611 DBG] ViewerRepo :: UpdatePresence(twitch, 5), 0.031ms
[2026-02-18 05:25:23.703 DBG] TwitchService :: Presence Timer :: Artificially updated presence with a threshold of 5 minutes (91.9361ms)
[2026-02-18 05:26:23.616 DBG] ViewerRepo :: UpdatePresence(twitch, 5), 0.0403ms
[2026-02-18 05:26:23.707 DBG] TwitchService :: Presence Timer :: Artificially updated presence with a threshold of 5 minutes (91.5635ms)
[2026-02-18 05:27:12.041 DBG] Credits :: Time to save 21.1654ms
[2026-02-18 05:27:23.620 DBG] ViewerRepo :: UpdatePresence(twitch, 5), 0.0299ms
[2026-02-18 05:27:23.712 DBG] TwitchService :: Presence Timer :: Artificially updated presence with a threshold of 5 minutes (92.4831ms)
[2026-02-18 05:27:30.669 DBG] ActionDispatcher :: Queueing 'Sub Goal' (361aa588-5f31-4e19-b8a5-099cae52479d, TimedAction) to 'Default' (00000000-0000-0000-0000-000000000000), with 11 arguments
[2026-02-18 05:27:30.669 DBG] ActionQueue :: 'Default' (00000000-0000-0000-0000-000000000000) :: Enqueue action 361aa588-5f31-4e19-b8a5-099cae52479d
[2026-02-18 05:27:30.669 DBG] ActionQueue :: 'Default' (00000000-0000-0000-0000-000000000000) :: Handling queue
[2026-02-18 05:27:30.669 DBG] ActionQueue :: 'Default' (00000000-0000-0000-0000-000000000000) :: Performing non-blocking 'Sub Goal' (361aa588-5f31-4e19-b8a5-099cae52479d, 53212c32-08bf-4c08-9bc9-fb77efd9c4ef)
[2026-02-18 05:27:50.991 DBG] AutoSave :: Auto saving settings...
[2026-02-18 05:27:51.014 DBG] Users :: Time to save 22.4421ms
[2026-02-18 05:27:51.036 DBG] Actions :: Time to save 22.9393ms
[2026-02-18 05:27:51.056 DBG] Commands :: Time to save 19.2795ms
[2026-02-18 05:27:51.068 DBG] Twitch Rewards :: Time to save 12.7912ms
[2026-02-18 05:27:51.085 DBG] Midi :: Time to save 16.0155ms
[2026-02-18 05:27:51.101 DBG] OBS Settings :: Time to save 16.9694ms
[2026-02-18 05:27:51.112 DBG] MeldStudio Settings :: Time to save 11.1325ms
[2026-02-18 05:27:51.127 DBG] Credits :: Time to save 14.5168ms
[2026-02-18 05:27:51.142 DBG] Quotes :: Time to save 14.382ms
[2026-02-18 05:27:51.214 DBG] Config :: Time to save 20.0976ms
[2026-02-18 05:28:23.630 DBG] ViewerRepo :: UpdatePresence(twitch, 5), 0.0309ms
[2026-02-18 05:28:23.720 DBG] TwitchService :: Presence Timer :: Artificially updated presence with a threshold of 5 minutes (89.8874ms)
[2026-02-18 05:29:23.643 DBG] ViewerRepo :: UpdatePresence(twitch, 5), 0.0342ms
[2026-02-18 05:29:23.734 DBG] TwitchService :: Presence Timer :: Artificially updated presence with a threshold of 5 minutes (92.2732ms)
[2026-02-18 05:30:23.654 DBG] ViewerRepo :: UpdatePresence(twitch, 5), 0.0295ms
[2026-02-18 05:30:23.744 DBG] TwitchService :: Presence Timer :: Artificially updated presence with a threshold of 5 minutes (89.8306ms)
[2026-02-18 05:31:23.666 DBG] ViewerRepo :: UpdatePresence(twitch, 5), 0.0297ms
[2026-02-18 05:31:23.761 DBG] TwitchService :: Presence Timer :: Artificially updated presence with a threshold of 5 minutes (96.0139ms)
[2026-02-18 05:32:12.050 DBG] Credits :: Time to save 19.5099ms
[2026-02-18 05:32:23.666 DBG] ViewerRepo :: UpdatePresence(twitch, 5), 0.03ms
[2026-02-18 05:32:23.757 DBG] TwitchService :: Presence Timer :: Artificially updated presence with a threshold of 5 minutes (91.0025ms)
[2026-02-18 05:32:51.219 DBG] AutoSave :: Auto saving settings...
[2026-02-18 05:32:51.241 DBG] Users :: Time to save 22.0339ms
[2026-02-18 05:32:51.264 DBG] Actions :: Time to save 22.6879ms
[2026-02-18 05:32:51.281 DBG] Commands :: Time to save 17.9405ms
[2026-02-18 05:32:51.300 DBG] Twitch Rewards :: Time to save 18.8147ms
[2026-02-18 05:32:51.312 DBG] Midi :: Time to save 10.8113ms
[2026-02-18 05:32:51.327 DBG] OBS Settings :: Time to save 15.5667ms
[2026-02-18 05:32:51.342 DBG] MeldStudio Settings :: Time to save 15.546ms
[2026-02-18 05:32:51.357 DBG] Credits :: Time to save 15.3185ms
[2026-02-18 05:32:51.375 DBG] Quotes :: Time to save 17.2398ms
[2026-02-18 05:32:51.446 DBG] Config :: Time to save 22.6167ms
[2026-02-18 05:33:23.675 DBG] ViewerRepo :: UpdatePresence(twitch, 5), 0.0313ms
[2026-02-18 05:33:23.772 DBG] TwitchService :: Presence Timer :: Artificially updated presence with a threshold of 5 minutes (97.1148ms)
[2026-02-18 05:33:59.546 DBG] Streamer.bot Website Socket :: Disconnected
[2026-02-18 05:33:59.546 INF] Streamer.bot Service :: Disconnected from Website Client
[2026-02-18 05:34:01.547 DBG] Streamer.bot Service :: Retrying website client connection
[2026-02-18 05:34:01.547 INF] Streamer.bot Service :: Connecting to Website Client
[2026-02-18 05:34:01.547 DBG] Streamer.bot Website Socket :: Opening connection
[2026-02-18 05:34:01.804 INF] Streamer.bot Service :: Website Client authenticated
[2026-02-18 05:34:01.805 INF] Streamer.bot Service :: Connected to Website Client
[2026-02-18 05:34:23.679 DBG] ViewerRepo :: UpdatePresence(twitch, 5), 0.0307ms
[2026-02-18 05:34:23.770 DBG] TwitchService :: Presence Timer :: Artificially updated presence with a threshold of 5 minutes (91.5192ms)
[2026-02-18 05:35:23.680 DBG] ViewerRepo :: UpdatePresence(twitch, 5), 0.0307ms
[2026-02-18 05:35:23.773 DBG] TwitchService :: Presence Timer :: Artificially updated presence with a threshold of 5 minutes (92.9775ms)
[2026-02-18 05:36:23.687 DBG] ViewerRepo :: UpdatePresence(twitch, 5), 0.0319ms
[2026-02-18 05:36:23.779 DBG] TwitchService :: Presence Timer :: Artificially updated presence with a threshold of 5 minutes (92.8436ms)
[2026-02-18 05:37:12.059 DBG] Credits :: Time to save 19.872ms
[2026-02-18 05:37:23.693 DBG] ViewerRepo :: UpdatePresence(twitch, 5), 0.0299ms
[2026-02-18 05:37:23.785 DBG] TwitchService :: Presence Timer :: Artificially updated presence with a threshold of 5 minutes (92.1165ms)
[2026-02-18 05:37:31.009 DBG] ActionDispatcher :: Queueing 'Sub Goal' (361aa588-5f31-4e19-b8a5-099cae52479d, TimedAction) to 'Default' (00000000-0000-0000-0000-000000000000), with 11 arguments
[2026-02-18 05:37:31.009 DBG] ActionQueue :: 'Default' (00000000-0000-0000-0000-000000000000) :: Enqueue action 361aa588-5f31-4e19-b8a5-099cae52479d
[2026-02-18 05:37:31.009 DBG] ActionQueue :: 'Default' (00000000-0000-0000-0000-000000000000) :: Handling queue
[2026-02-18 05:37:31.009 DBG] ActionQueue :: 'Default' (00000000-0000-0000-0000-000000000000) :: Performing non-blocking 'Sub Goal' (361aa588-5f31-4e19-b8a5-099cae52479d, 1d85ea04-0cf0-4264-8880-4d1b2cb53314)
[2026-02-18 05:37:51.479 DBG] AutoSave :: Auto saving settings...
[2026-02-18 05:37:51.493 DBG] Users :: Time to save 14.6099ms
[2026-02-18 05:37:51.512 DBG] Actions :: Time to save 19.3619ms
[2026-02-18 05:37:51.526 DBG] Commands :: Time to save 13.2414ms
[2026-02-18 05:37:51.538 DBG] Twitch Rewards :: Time to save 12.7329ms
[2026-02-18 05:37:51.555 DBG] Midi :: Time to save 16.0094ms
[2026-02-18 05:37:51.571 DBG] OBS Settings :: Time to save 16.453ms
[2026-02-18 05:37:51.583 DBG] MeldStudio Settings :: Time to save 11.7763ms
[2026-02-18 05:37:51.596 DBG] Credits :: Time to save 13.6742ms
[2026-02-18 05:37:51.612 DBG] Quotes :: Time to save 15.4404ms
[2026-02-18 05:37:51.701 DBG] Config :: Time to save 21.4159ms
[2026-02-18 05:38:23.701 DBG] ViewerRepo :: UpdatePresence(twitch, 5), 0.0296ms
[2026-02-18 05:38:23.792 DBG] TwitchService :: Presence Timer :: Artificially updated presence with a threshold of 5 minutes (91.472ms)
[2026-02-18 05:39:23.712 DBG] ViewerRepo :: UpdatePresence(twitch, 5), 0.0309ms
[2026-02-18 05:39:23.802 DBG] TwitchService :: Presence Timer :: Artificially updated presence with a threshold of 5 minutes (90.7641ms)
[2026-02-18 05:40:23.714 DBG] ViewerRepo :: UpdatePresence(twitch, 5), 0.031ms
[2026-02-18 05:40:23.806 DBG] TwitchService :: Presence Timer :: Artificially updated presence with a threshold of 5 minutes (92.4481ms)
[2026-02-18 05:41:23.739 DBG] ViewerRepo :: UpdatePresence(twitch, 5), 0.0297ms
[2026-02-18 05:41:23.831 DBG] TwitchService :: Presence Timer :: Artificially updated presence with a threshold of 5 minutes (91.8779ms)
[2026-02-18 05:42:12.062 DBG] Credits :: Time to save 14.473ms
[2026-02-18 05:42:23.754 DBG] ViewerRepo :: UpdatePresence(twitch, 5), 0.0294ms
[2026-02-18 05:42:23.846 DBG] TwitchService :: Presence Timer :: Artificially updated presence with a threshold of 5 minutes (92.2063ms)
[2026-02-18 05:42:51.720 DBG] AutoSave :: Auto saving settings...
[2026-02-18 05:42:51.743 DBG] Users :: Time to save 23.4706ms
[2026-02-18 05:42:51.769 DBG] Actions :: Time to save 25.84ms
[2026-02-18 05:42:51.782 DBG] Commands :: Time to save 13.8948ms
[2026-02-18 05:42:51.802 DBG] Twitch Rewards :: Time to save 19.9755ms
[2026-02-18 05:42:51.820 DBG] Midi :: Time to save 16.0688ms
[2026-02-18 05:42:51.837 DBG] OBS Settings :: Time to save 17.4675ms
[2026-02-18 05:42:51.851 DBG] MeldStudio Settings :: Time to save 14.4532ms
[2026-02-18 05:42:51.870 DBG] Credits :: Time to save 18.9903ms
[2026-02-18 05:42:51.888 DBG] Quotes :: Time to save 17.7271ms
[2026-02-18 05:42:51.942 DBG] Config :: Time to save 20.7506ms
[2026-02-18 05:43:23.760 DBG] ViewerRepo :: UpdatePresence(twitch, 5), 0.0308ms
[2026-02-18 05:43:23.855 DBG] TwitchService :: Presence Timer :: Artificially updated presence with a threshold of 5 minutes (94.5508ms)
[2026-02-18 05:44:23.760 DBG] ViewerRepo :: UpdatePresence(twitch, 5), 0.0334ms
[2026-02-18 05:44:23.854 DBG] TwitchService :: Presence Timer :: Artificially updated presence with a threshold of 5 minutes (93.7188ms)
[2026-02-18 05:45:23.775 DBG] ViewerRepo :: UpdatePresence(twitch, 5), 0.0311ms
[2026-02-18 05:45:23.869 DBG] TwitchService :: Presence Timer :: Artificially updated presence with a threshold of 5 minutes (94.374ms)
[2026-02-18 05:46:23.782 DBG] ViewerRepo :: UpdatePresence(twitch, 5), 0.0294ms
[2026-02-18 05:46:23.872 DBG] TwitchService :: Presence Timer :: Artificially updated presence with a threshold of 5 minutes (90.6524ms)
[2026-02-18 05:47:12.079 DBG] Credits :: Time to save 14.405ms
[2026-02-18 05:47:23.794 DBG] ViewerRepo :: UpdatePresence(twitch, 5), 0.0311ms
[2026-02-18 05:47:23.892 DBG] TwitchService :: Presence Timer :: Artificially updated presence with a threshold of 5 minutes (98.9499ms)
[2026-02-18 05:47:31.534 DBG] ActionDispatcher :: Queueing 'Sub Goal' (361aa588-5f31-4e19-b8a5-099cae52479d, TimedAction) to 'Default' (00000000-0000-0000-0000-000000000000), with 11 arguments
[2026-02-18 05:47:31.534 DBG] ActionQueue :: 'Default' (00000000-0000-0000-0000-000000000000) :: Enqueue action 361aa588-5f31-4e19-b8a5-099cae52479d
[2026-02-18 05:47:31.534 DBG] ActionQueue :: 'Default' (00000000-0000-0000-0000-000000000000) :: Handling queue
[2026-02-18 05:47:31.534 DBG] ActionQueue :: 'Default' (00000000-0000-0000-0000-000000000000) :: Performing non-blocking 'Sub Goal' (361aa588-5f31-4e19-b8a5-099cae52479d, debc89af-7992-412e-9e76-56bcab6136f1)
[2026-02-18 05:47:51.997 DBG] AutoSave :: Auto saving settings...
[2026-02-18 05:47:52.022 DBG] Users :: Time to save 26.3036ms
[2026-02-18 05:47:52.041 DBG] Actions :: Time to save 17.9065ms
[2026-02-18 05:47:52.058 DBG] Commands :: Time to save 17.6082ms
[2026-02-18 05:47:52.078 DBG] Twitch Rewards :: Time to save 19.5735ms
[2026-02-18 05:47:52.091 DBG] Midi :: Time to save 13.368ms
[2026-02-18 05:47:52.109 DBG] OBS Settings :: Time to save 17.1877ms
[2026-02-18 05:47:52.120 DBG] MeldStudio Settings :: Time to save 11.3083ms
[2026-02-18 05:47:52.137 DBG] Credits :: Time to save 16.591ms
[2026-02-18 05:47:52.156 DBG] Quotes :: Time to save 19.368ms
[2026-02-18 05:47:52.221 DBG] Config :: Time to save 19.9586ms
[2026-02-18 05:48:23.809 DBG] ViewerRepo :: UpdatePresence(twitch, 5), 0.0309ms
[2026-02-18 05:48:23.903 DBG] TwitchService :: Presence Timer :: Artificially updated presence with a threshold of 5 minutes (94.0488ms)
[2026-02-18 05:49:23.811 DBG] ViewerRepo :: UpdatePresence(twitch, 5), 0.0301ms
[2026-02-18 05:49:23.902 DBG] TwitchService :: Presence Timer :: Artificially updated presence with a threshold of 5 minutes (91.4572ms)
[2026-02-18 05:50:23.819 DBG] ViewerRepo :: UpdatePresence(twitch, 5), 0.0295ms
[2026-02-18 05:50:23.918 DBG] TwitchService :: Presence Timer :: Artificially updated presence with a threshold of 5 minutes (99.0482ms)
[2026-02-18 05:51:23.828 DBG] ViewerRepo :: UpdatePresence(twitch, 5), 0.0303ms
[2026-02-18 05:51:23.920 DBG] TwitchService :: Presence Timer :: Artificially updated presence with a threshold of 5 minutes (91.9471ms)
[2026-02-18 05:52:12.091 DBG] Credits :: Time to save 21.5049ms
[2026-02-18 05:52:23.831 DBG] ViewerRepo :: UpdatePresence(twitch, 5), 0.0297ms
[2026-02-18 05:52:23.926 DBG] TwitchService :: Presence Timer :: Artificially updated presence with a threshold of 5 minutes (95.2642ms)
[2026-02-18 05:52:52.242 DBG] AutoSave :: Auto saving settings...
[2026-02-18 05:52:52.265 DBG] Users :: Time to save 22.5578ms
[2026-02-18 05:52:52.288 DBG] Actions :: Time to save 22.9532ms
[2026-02-18 05:52:52.307 DBG] Commands :: Time to save 18.8528ms
[2026-02-18 05:52:52.319 DBG] Twitch Rewards :: Time to save 12.7066ms
[2026-02-18 05:52:52.336 DBG] Midi :: Time to save 16.8632ms
[2026-02-18 05:52:52.352 DBG] OBS Settings :: Time to save 16.6345ms
[2026-02-18 05:52:52.369 DBG] MeldStudio Settings :: Time to save 16.4776ms
[2026-02-18 05:52:52.385 DBG] Credits :: Time to save 15.606ms
[2026-02-18 05:52:52.398 DBG] Quotes :: Time to save 12.7818ms
[2026-02-18 05:52:52.466 DBG] Config :: Time to save 20.9491ms
[2026-02-18 05:53:23.846 DBG] ViewerRepo :: UpdatePresence(twitch, 5), 0.0406ms
[2026-02-18 05:53:23.945 DBG] TwitchService :: Presence Timer :: Artificially updated presence with a threshold of 5 minutes (98.8586ms)
[2026-02-18 05:54:23.857 DBG] ViewerRepo :: UpdatePresence(twitch, 5), 0.0305ms
[2026-02-18 05:54:23.945 DBG] TwitchService :: Presence Timer :: Artificially updated presence with a threshold of 5 minutes (88.1535ms)
[2026-02-18 05:55:23.863 DBG] ViewerRepo :: UpdatePresence(twitch, 5), 0.0314ms
[2026-02-18 05:55:23.978 DBG] TwitchService :: Presence Timer :: Artificially updated presence with a threshold of 5 minutes (115.0441ms)
[2026-02-18 05:56:23.876 DBG] ViewerRepo :: UpdatePresence(twitch, 5), 0.0312ms
[2026-02-18 05:56:23.971 DBG] TwitchService :: Presence Timer :: Artificially updated presence with a threshold of 5 minutes (95.2007ms)
[2026-02-18 05:57:12.093 DBG] Credits :: Time to save 21.9204ms
[2026-02-18 05:57:23.882 DBG] ViewerRepo :: UpdatePresence(twitch, 5), 0.0546ms
[2026-02-18 05:57:23.978 DBG] TwitchService :: Presence Timer :: Artificially updated presence with a threshold of 5 minutes (96.4085ms)
[2026-02-18 05:57:31.991 DBG] ActionDispatcher :: Queueing 'Sub Goal' (361aa588-5f31-4e19-b8a5-099cae52479d, TimedAction) to 'Default' (00000000-0000-0000-0000-000000000000), with 11 arguments
[2026-02-18 05:57:31.991 DBG] ActionQueue :: 'Default' (00000000-0000-0000-0000-000000000000) :: Enqueue action 361aa588-5f31-4e19-b8a5-099cae52479d
[2026-02-18 05:57:31.991 DBG] ActionQueue :: 'Default' (00000000-0000-0000-0000-000000000000) :: Handling queue
[2026-02-18 05:57:31.991 DBG] ActionQueue :: 'Default' (00000000-0000-0000-0000-000000000000) :: Performing non-blocking 'Sub Goal' (361aa588-5f31-4e19-b8a5-099cae52479d, da047931-04f0-4f80-817f-4772158703f5)
[2026-02-18 05:57:52.474 DBG] AutoSave :: Auto saving settings...
[2026-02-18 05:57:52.496 DBG] Users :: Time to save 22.922ms
[2026-02-18 05:57:52.521 DBG] Actions :: Time to save 24.8732ms
[2026-02-18 05:57:52.541 DBG] Commands :: Time to save 19.2678ms
[2026-02-18 05:57:52.559 DBG] Twitch Rewards :: Time to save 18.1126ms
[2026-02-18 05:57:52.576 DBG] Midi :: Time to save 17.0669ms
[2026-02-18 05:57:52.593 DBG] OBS Settings :: Time to save 16.5319ms
[2026-02-18 05:57:52.610 DBG] MeldStudio Settings :: Time to save 17.3538ms
[2026-02-18 05:57:52.626 DBG] Credits :: Time to save 15.9527ms
[2026-02-18 05:57:52.645 DBG] Quotes :: Time to save 18.8185ms
[2026-02-18 05:57:52.712 DBG] Config :: Time to save 20.5967ms
[2026-02-18 05:58:23.895 DBG] ViewerRepo :: UpdatePresence(twitch, 5), 0.03ms
[2026-02-18 05:58:23.993 DBG] TwitchService :: Presence Timer :: Artificially updated presence with a threshold of 5 minutes (98.838ms)
[2026-02-18 05:59:23.908 DBG] ViewerRepo :: UpdatePresence(twitch, 5), 0.0376ms
[2026-02-18 05:59:23.998 DBG] TwitchService :: Presence Timer :: Artificially updated presence with a threshold of 5 minutes (90.0002ms)
[2026-02-18 06:00:23.908 DBG] ViewerRepo :: UpdatePresence(twitch, 5), 0.0293ms
[2026-02-18 06:00:24.005 DBG] TwitchService :: Presence Timer :: Artificially updated presence with a threshold of 5 minutes (97.3314ms)
[2026-02-18 06:01:23.915 DBG] ViewerRepo :: UpdatePresence(twitch, 5), 0.0278ms
[2026-02-18 06:01:24.010 DBG] TwitchService :: Presence Timer :: Artificially updated presence with a threshold of 5 minutes (95.7138ms)
[2026-02-18 06:02:12.107 DBG] Credits :: Time to save 19.3009ms
[2026-02-18 06:02:23.929 DBG] ViewerRepo :: UpdatePresence(twitch, 5), 0.6374ms
[2026-02-18 06:02:24.026 DBG] TwitchService :: Presence Timer :: Artificially updated presence with a threshold of 5 minutes (98.0826ms)
[2026-02-18 06:02:52.704 DBG] AutoSave :: Auto saving settings...
[2026-02-18 06:02:52.721 DBG] Users :: Time to save 16.1902ms
[2026-02-18 06:02:52.747 DBG] Actions :: Time to save 26.4314ms
[2026-02-18 06:02:52.768 DBG] Commands :: Time to save 20.6882ms
[2026-02-18 06:02:52.788 DBG] Twitch Rewards :: Time to save 19.6583ms
[2026-02-18 06:02:52.798 DBG] Midi :: Time to save 10.7176ms
[2026-02-18 06:02:52.810 DBG] OBS Settings :: Time to save 11.6354ms
[2026-02-18 06:02:52.821 DBG] MeldStudio Settings :: Time to save 10.8768ms
[2026-02-18 06:02:52.833 DBG] Credits :: Time to save 11.5702ms
[2026-02-18 06:02:52.846 DBG] Quotes :: Time to save 13.1253ms
[2026-02-18 06:02:52.920 DBG] Config :: Time to save 14.4001ms
[2026-02-18 06:03:23.944 DBG] ViewerRepo :: UpdatePresence(twitch, 5), 0.0293ms
[2026-02-18 06:03:24.039 DBG] TwitchService :: Presence Timer :: Artificially updated presence with a threshold of 5 minutes (95.54ms)
[2026-02-18 06:04:23.945 DBG] ViewerRepo :: UpdatePresence(twitch, 5), 0.0305ms
[2026-02-18 06:04:24.032 DBG] TwitchService :: Presence Timer :: Artificially updated presence with a threshold of 5 minutes (87.4514ms)
[2026-02-18 06:05:23.951 DBG] ViewerRepo :: UpdatePresence(twitch, 5), 0.0316ms
[2026-02-18 06:05:24.045 DBG] TwitchService :: Presence Timer :: Artificially updated presence with a threshold of 5 minutes (94.1517ms)
[2026-02-18 06:06:23.964 DBG] ViewerRepo :: UpdatePresence(twitch, 5), 0.0349ms
[2026-02-18 06:06:24.052 DBG] TwitchService :: Presence Timer :: Artificially updated presence with a threshold of 5 minutes (88.0626ms)
[2026-02-18 06:07:12.122 DBG] Credits :: Time to save 23.1854ms
[2026-02-18 06:07:23.977 DBG] ViewerRepo :: UpdatePresence(twitch, 5), 0.0356ms
[2026-02-18 06:07:24.076 DBG] TwitchService :: Presence Timer :: Artificially updated presence with a threshold of 5 minutes (99.6521ms)
[2026-02-18 06:07:32.505 DBG] ActionDispatcher :: Queueing 'Sub Goal' (361aa588-5f31-4e19-b8a5-099cae52479d, TimedAction) to 'Default' (00000000-0000-0000-0000-000000000000), with 11 arguments
[2026-02-18 06:07:32.505 DBG] ActionQueue :: 'Default' (00000000-0000-0000-0000-000000000000) :: Enqueue action 361aa588-5f31-4e19-b8a5-099cae52479d
[2026-02-18 06:07:32.505 DBG] ActionQueue :: 'Default' (00000000-0000-0000-0000-000000000000) :: Handling queue
[2026-02-18 06:07:32.505 DBG] ActionQueue :: 'Default' (00000000-0000-0000-0000-000000000000) :: Performing non-blocking 'Sub Goal' (361aa588-5f31-4e19-b8a5-099cae52479d, abb64336-3d15-4afc-be9f-c54b5717ec22)
[2026-02-18 06:07:52.920 DBG] AutoSave :: Auto saving settings...
[2026-02-18 06:07:52.942 DBG] Users :: Time to save 21.9259ms
[2026-02-18 06:07:52.964 DBG] Actions :: Time to save 22.4906ms
[2026-02-18 06:07:52.983 DBG] Commands :: Time to save 19.4044ms
[2026-02-18 06:07:53.002 DBG] Twitch Rewards :: Time to save 18.7033ms
[2026-02-18 06:07:53.014 DBG] Midi :: Time to save 11.4188ms
[2026-02-18 06:07:53.026 DBG] OBS Settings :: Time to save 11.8436ms
[2026-02-18 06:07:53.037 DBG] MeldStudio Settings :: Time to save 10.7507ms
[2026-02-18 06:07:53.048 DBG] Credits :: Time to save 10.7055ms
[2026-02-18 06:07:53.065 DBG] Quotes :: Time to save 17.8149ms
[2026-02-18 06:07:53.144 DBG] Config :: Time to save 20.8236ms
[2026-02-18 06:08:23.986 DBG] ViewerRepo :: UpdatePresence(twitch, 5), 0.0341ms
[2026-02-18 06:08:24.084 DBG] TwitchService :: Presence Timer :: Artificially updated presence with a threshold of 5 minutes (98.404ms)
[2026-02-18 06:09:24.001 DBG] ViewerRepo :: UpdatePresence(twitch, 5), 0.0302ms
[2026-02-18 06:09:24.088 DBG] TwitchService :: Presence Timer :: Artificially updated presence with a threshold of 5 minutes (87.5893ms)
[2026-02-18 06:10:24.002 DBG] ViewerRepo :: UpdatePresence(twitch, 5), 0.0328ms
[2026-02-18 06:10:24.584 DBG] TwitchService :: Presence Timer :: Artificially updated presence with a threshold of 5 minutes (582.5371ms)
[2026-02-18 06:11:24.005 DBG] ViewerRepo :: UpdatePresence(twitch, 5), 0.0292ms
[2026-02-18 06:11:24.079 DBG] TwitchService :: Presence Timer :: Artificially updated presence with a threshold of 5 minutes (73.7444ms)
[2026-02-18 06:12:12.131 DBG] Credits :: Time to save 24.392ms
[2026-02-18 06:12:24.019 DBG] ViewerRepo :: UpdatePresence(twitch, 5), 0.0294ms
[2026-02-18 06:12:24.077 DBG] TwitchService :: Presence Timer :: Artificially updated presence with a threshold of 5 minutes (58.0851ms)
[2026-02-18 06:12:53.141 DBG] AutoSave :: Auto saving settings...
[2026-02-18 06:12:53.163 DBG] Users :: Time to save 22.5706ms
[2026-02-18 06:12:53.185 DBG] Actions :: Time to save 22.028ms
[2026-02-18 06:12:53.206 DBG] Commands :: Time to save 21.4651ms
[2026-02-18 06:12:53.224 DBG] Twitch Rewards :: Time to save 17.6578ms
[2026-02-18 06:12:53.241 DBG] Midi :: Time to save 16.8249ms
[2026-02-18 06:12:53.259 DBG] OBS Settings :: Time to save 16.7586ms
[2026-02-18 06:12:53.275 DBG] MeldStudio Settings :: Time to save 16.534ms
[2026-02-18 06:12:53.293 DBG] Credits :: Time to save 18.2489ms
[2026-02-18 06:12:53.307 DBG] Quotes :: Time to save 14.2121ms
[2026-02-18 06:12:53.364 DBG] Config :: Time to save 21.512ms
[2026-02-18 06:13:24.021 DBG] ViewerRepo :: UpdatePresence(twitch, 5), 0.0302ms
[2026-02-18 06:13:24.073 DBG] TwitchService :: Presence Timer :: Artificially updated presence with a threshold of 5 minutes (52.4873ms)
[2026-02-18 06:14:24.028 DBG] ViewerRepo :: UpdatePresence(twitch, 5), 0.0301ms
[2026-02-18 06:14:24.082 DBG] TwitchService :: Presence Timer :: Artificially updated presence with a threshold of 5 minutes (55.3401ms)
[2026-02-18 06:15:24.032 DBG] ViewerRepo :: UpdatePresence(twitch, 5), 0.0293ms
[2026-02-18 06:15:24.089 DBG] TwitchService :: Presence Timer :: Artificially updated presence with a threshold of 5 minutes (56.9309ms)
[2026-02-18 06:16:24.049 DBG] ViewerRepo :: UpdatePresence(twitch, 5), 0.0287ms
[2026-02-18 06:16:24.102 DBG] TwitchService :: Presence Timer :: Artificially updated presence with a threshold of 5 minutes (53.308ms)
[2026-02-18 06:17:12.123 DBG] Credits :: Time to save 13.8531ms
[2026-02-18 06:17:24.061 DBG] ViewerRepo :: UpdatePresence(twitch, 5), 0.0305ms
[2026-02-18 06:17:24.114 DBG] TwitchService :: Presence Timer :: Artificially updated presence with a threshold of 5 minutes (53.8537ms)
[2026-02-18 06:17:32.902 DBG] ActionDispatcher :: Queueing 'Sub Goal' (361aa588-5f31-4e19-b8a5-099cae52479d, TimedAction) to 'Default' (00000000-0000-0000-0000-000000000000), with 11 arguments
[2026-02-18 06:17:32.902 DBG] ActionQueue :: 'Default' (00000000-0000-0000-0000-000000000000) :: Enqueue action 361aa588-5f31-4e19-b8a5-099cae52479d
[2026-02-18 06:17:32.902 DBG] ActionQueue :: 'Default' (00000000-0000-0000-0000-000000000000) :: Handling queue
[2026-02-18 06:17:32.902 DBG] ActionQueue :: 'Default' (00000000-0000-0000-0000-000000000000) :: Performing non-blocking 'Sub Goal' (361aa588-5f31-4e19-b8a5-099cae52479d, c64f112b-cbe9-48b7-9e70-69239383800c)
[2026-02-18 06:17:53.398 DBG] AutoSave :: Auto saving settings...
[2026-02-18 06:17:53.420 DBG] Users :: Time to save 22.6426ms
[2026-02-18 06:17:53.445 DBG] Actions :: Time to save 24.1685ms
[2026-02-18 06:17:53.463 DBG] Commands :: Time to save 19.2983ms
[2026-02-18 06:17:53.478 DBG] Twitch Rewards :: Time to save 14.3215ms
[2026-02-18 06:17:53.493 DBG] Midi :: Time to save 15.0573ms
[2026-02-18 06:17:53.504 DBG] OBS Settings :: Time to save 11.1412ms
[2026-02-18 06:17:53.515 DBG] MeldStudio Settings :: Time to save 11.005ms
[2026-02-18 06:17:53.529 DBG] Credits :: Time to save 13.2865ms
[2026-02-18 06:17:53.542 DBG] Quotes :: Time to save 13.2195ms
[2026-02-18 06:17:53.621 DBG] Config :: Time to save 21.6324ms
[2026-02-18 06:18:24.065 DBG] ViewerRepo :: UpdatePresence(twitch, 5), 0.0288ms
[2026-02-18 06:18:24.120 DBG] TwitchService :: Presence Timer :: Artificially updated presence with a threshold of 5 minutes (54.7392ms)
[2026-02-18 06:19:24.074 DBG] ViewerRepo :: UpdatePresence(twitch, 5), 0.0285ms
[2026-02-18 06:19:24.129 DBG] TwitchService :: Presence Timer :: Artificially updated presence with a threshold of 5 minutes (55.258ms)
[2026-02-18 06:20:24.082 DBG] ViewerRepo :: UpdatePresence(twitch, 5), 0.0326ms
[2026-02-18 06:20:24.136 DBG] TwitchService :: Presence Timer :: Artificially updated presence with a threshold of 5 minutes (55.671ms)
[2026-02-18 06:21:24.083 DBG] ViewerRepo :: UpdatePresence(twitch, 5), 0.0294ms
[2026-02-18 06:21:24.141 DBG] TwitchService :: Presence Timer :: Artificially updated presence with a threshold of 5 minutes (57.2174ms)
[2026-02-18 06:22:12.148 DBG] Credits :: Time to save 19.6731ms
[2026-02-18 06:22:24.087 DBG] ViewerRepo :: UpdatePresence(twitch, 5), 0.0339ms
[2026-02-18 06:22:24.144 DBG] TwitchService :: Presence Timer :: Artificially updated presence with a threshold of 5 minutes (57.1104ms)
[2026-02-18 06:22:53.654 DBG] AutoSave :: Auto saving settings...
[2026-02-18 06:22:53.669 DBG] Users :: Time to save 14.9228ms
[2026-02-18 06:22:53.686 DBG] Actions :: Time to save 17.8289ms
[2026-02-18 06:22:53.701 DBG] Commands :: Time to save 13.7893ms
[2026-02-18 06:22:53.712 DBG] Twitch Rewards :: Time to save 12.2194ms
[2026-02-18 06:22:53.728 DBG] Midi :: Time to save 14.5729ms
[2026-02-18 06:22:53.742 DBG] OBS Settings :: Time to save 14.8506ms
[2026-02-18 06:22:53.755 DBG] MeldStudio Settings :: Time to save 13.2356ms
[2026-02-18 06:22:53.769 DBG] Credits :: Time to save 13.1481ms
[2026-02-18 06:22:53.783 DBG] Quotes :: Time to save 13.6701ms
[2026-02-18 06:22:53.878 DBG] Config :: Time to save 22.363ms
[2026-02-18 06:23:24.091 DBG] ViewerRepo :: UpdatePresence(twitch, 5), 0.0292ms
[2026-02-18 06:23:24.154 DBG] TwitchService :: Presence Timer :: Artificially updated presence with a threshold of 5 minutes (63.8191ms)
[2026-02-18 06:24:24.092 DBG] ViewerRepo :: UpdatePresence(twitch, 5), 0.0305ms
[2026-02-18 06:24:24.147 DBG] TwitchService :: Presence Timer :: Artificially updated presence with a threshold of 5 minutes (56.0208ms)
[2026-02-18 06:25:24.101 DBG] ViewerRepo :: UpdatePresence(twitch, 5), 0.0295ms
[2026-02-18 06:25:24.158 DBG] TwitchService :: Presence Timer :: Artificially updated presence with a threshold of 5 minutes (57.4339ms)
[2026-02-18 06:26:24.111 DBG] ViewerRepo :: UpdatePresence(twitch, 5), 0.0304ms
[2026-02-18 06:26:24.166 DBG] TwitchService :: Presence Timer :: Artificially updated presence with a threshold of 5 minutes (55.3261ms)
[2026-02-18 06:27:12.164 DBG] Credits :: Time to save 21.1949ms
[2026-02-18 06:27:24.120 DBG] ViewerRepo :: UpdatePresence(twitch, 5), 0.0317ms
[2026-02-18 06:27:24.177 DBG] TwitchService :: Presence Timer :: Artificially updated presence with a threshold of 5 minutes (58.1575ms)
[2026-02-18 06:27:33.314 DBG] ActionDispatcher :: Queueing 'Sub Goal' (361aa588-5f31-4e19-b8a5-099cae52479d, TimedAction) to 'Default' (00000000-0000-0000-0000-000000000000), with 11 arguments
[2026-02-18 06:27:33.314 DBG] ActionQueue :: 'Default' (00000000-0000-0000-0000-000000000000) :: Enqueue action 361aa588-5f31-4e19-b8a5-099cae52479d
[2026-02-18 06:27:33.314 DBG] ActionQueue :: 'Default' (00000000-0000-0000-0000-000000000000) :: Handling queue
[2026-02-18 06:27:33.314 DBG] ActionQueue :: 'Default' (00000000-0000-0000-0000-000000000000) :: Performing non-blocking 'Sub Goal' (361aa588-5f31-4e19-b8a5-099cae52479d, f07ddcee-2244-4239-8ee9-0fedd3a4857c)
[2026-02-18 06:27:53.898 DBG] AutoSave :: Auto saving settings...
[2026-02-18 06:27:53.912 DBG] Users :: Time to save 14.8142ms
[2026-02-18 06:27:53.930 DBG] Actions :: Time to save 18.1737ms
[2026-02-18 06:27:53.944 DBG] Commands :: Time to save 13.9736ms
[2026-02-18 06:27:53.957 DBG] Twitch Rewards :: Time to save 12.3218ms
[2026-02-18 06:27:53.972 DBG] Midi :: Time to save 15.7286ms
[2026-02-18 06:27:53.984 DBG] OBS Settings :: Time to save 11.5436ms
[2026-02-18 06:27:53.997 DBG] MeldStudio Settings :: Time to save 13.1434ms
[2026-02-18 06:27:54.008 DBG] Credits :: Time to save 11.1425ms
[2026-02-18 06:27:54.021 DBG] Quotes :: Time to save 12.1301ms
[2026-02-18 06:27:54.114 DBG] Config :: Time to save 15.0139ms
[2026-02-18 06:28:24.132 DBG] ViewerRepo :: UpdatePresence(twitch, 5), 0.0293ms
[2026-02-18 06:28:24.189 DBG] TwitchService :: Presence Timer :: Artificially updated presence with a threshold of 5 minutes (58.3152ms)
[2026-02-18 06:29:24.146 DBG] ViewerRepo :: UpdatePresence(twitch, 5), 0.0312ms
[2026-02-18 06:29:24.201 DBG] TwitchService :: Presence Timer :: Artificially updated presence with a threshold of 5 minutes (54.8065ms)
[2026-02-18 06:30:24.148 DBG] ViewerRepo :: UpdatePresence(twitch, 5), 0.0311ms
[2026-02-18 06:30:24.203 DBG] TwitchService :: Presence Timer :: Artificially updated presence with a threshold of 5 minutes (55.1865ms)
[2026-02-18 06:31:24.160 DBG] ViewerRepo :: UpdatePresence(twitch, 5), 0.0312ms
[2026-02-18 06:31:24.216 DBG] TwitchService :: Presence Timer :: Artificially updated presence with a threshold of 5 minutes (56.4517ms)
[2026-02-18 06:32:12.178 DBG] Credits :: Time to save 22.0316ms
[2026-02-18 06:32:24.167 DBG] ViewerRepo :: UpdatePresence(twitch, 5), 0.0438ms
[2026-02-18 06:32:24.228 DBG] TwitchService :: Presence Timer :: Artificially updated presence with a threshold of 5 minutes (60.7529ms)
[2026-02-18 06:32:54.116 DBG] AutoSave :: Auto saving settings...
[2026-02-18 06:32:54.140 DBG] Users :: Time to save 23.7858ms
[2026-02-18 06:32:54.168 DBG] Actions :: Time to save 28.5786ms
[2026-02-18 06:32:54.189 DBG] Commands :: Time to save 21.3613ms
[2026-02-18 06:32:54.211 DBG] Twitch Rewards :: Time to save 21.0625ms
[2026-02-18 06:32:54.231 DBG] Midi :: Time to save 19.4334ms
[2026-02-18 06:32:54.250 DBG] OBS Settings :: Time to save 19.1278ms
[2026-02-18 06:32:54.261 DBG] MeldStudio Settings :: Time to save 11.4644ms
[2026-02-18 06:32:54.271 DBG] Credits :: Time to save 11.2886ms
[2026-02-18 06:32:54.286 DBG] Quotes :: Time to save 13.1501ms
[2026-02-18 06:32:54.343 DBG] Config :: Time to save 23.5854ms
[2026-02-18 06:33:24.177 DBG] ViewerRepo :: UpdatePresence(twitch, 5), 0.0296ms
[2026-02-18 06:33:24.234 DBG] TwitchService :: Presence Timer :: Artificially updated presence with a threshold of 5 minutes (56.9422ms)
[2026-02-18 06:34:24.185 DBG] ViewerRepo :: UpdatePresence(twitch, 5), 0.0324ms
[2026-02-18 06:34:24.242 DBG] TwitchService :: Presence Timer :: Artificially updated presence with a threshold of 5 minutes (57.0038ms)
[2026-02-18 06:35:24.189 DBG] ViewerRepo :: UpdatePresence(twitch, 5), 0.0318ms
[2026-02-18 06:35:24.245 DBG] TwitchService :: Presence Timer :: Artificially updated presence with a threshold of 5 minutes (56.3597ms)
[2026-02-18 06:36:24.190 DBG] ViewerRepo :: UpdatePresence(twitch, 5), 0.0311ms
[2026-02-18 06:36:24.244 DBG] TwitchService :: Presence Timer :: Artificially updated presence with a threshold of 5 minutes (53.8715ms)
[2026-02-18 06:37:12.183 DBG] Credits :: Time to save 12.7493ms
[2026-02-18 06:37:24.198 DBG] ViewerRepo :: UpdatePresence(twitch, 5), 0.0306ms
[2026-02-18 06:37:24.253 DBG] TwitchService :: Presence Timer :: Artificially updated presence with a threshold of 5 minutes (54.6915ms)
[2026-02-18 06:37:34.030 DBG] ActionDispatcher :: Queueing 'Sub Goal' (361aa588-5f31-4e19-b8a5-099cae52479d, TimedAction) to 'Default' (00000000-0000-0000-0000-000000000000), with 11 arguments
[2026-02-18 06:37:34.030 DBG] ActionQueue :: 'Default' (00000000-0000-0000-0000-000000000000) :: Enqueue action 361aa588-5f31-4e19-b8a5-099cae52479d
[2026-02-18 06:37:34.030 DBG] ActionQueue :: 'Default' (00000000-0000-0000-0000-000000000000) :: Handling queue
[2026-02-18 06:37:34.030 DBG] ActionQueue :: 'Default' (00000000-0000-0000-0000-000000000000) :: Performing non-blocking 'Sub Goal' (361aa588-5f31-4e19-b8a5-099cae52479d, 969668b4-b35f-4611-b2be-959886997036)
[2026-02-18 06:37:54.355 DBG] AutoSave :: Auto saving settings...
[2026-02-18 06:37:54.378 DBG] Users :: Time to save 24.0405ms
[2026-02-18 06:37:54.400 DBG] Actions :: Time to save 20.073ms
[2026-02-18 06:37:54.418 DBG] Commands :: Time to save 18.3226ms
[2026-02-18 06:37:54.437 DBG] Twitch Rewards :: Time to save 19.3417ms
[2026-02-18 06:37:54.454 DBG] Midi :: Time to save 16.736ms
[2026-02-18 06:37:54.472 DBG] OBS Settings :: Time to save 18.6923ms
[2026-02-18 06:37:54.493 DBG] MeldStudio Settings :: Time to save 20.3857ms
[2026-02-18 06:37:54.511 DBG] Credits :: Time to save 18.8823ms
[2026-02-18 06:37:54.534 DBG] Quotes :: Time to save 23.0726ms
[2026-02-18 06:37:54.582 DBG] Config :: Time to save 22.6281ms
[2026-02-18 06:38:24.207 DBG] ViewerRepo :: UpdatePresence(twitch, 5), 0.0288ms
[2026-02-18 06:38:24.259 DBG] TwitchService :: Presence Timer :: Artificially updated presence with a threshold of 5 minutes (51.8302ms)
[2026-02-18 06:39:24.218 DBG] ViewerRepo :: UpdatePresence(twitch, 5), 0.0291ms
[2026-02-18 06:39:24.271 DBG] TwitchService :: Presence Timer :: Artificially updated presence with a threshold of 5 minutes (54.2727ms)
[2026-02-18 06:40:24.230 DBG] ViewerRepo :: UpdatePresence(twitch, 5), 0.0307ms
[2026-02-18 06:40:24.285 DBG] TwitchService :: Presence Timer :: Artificially updated presence with a threshold of 5 minutes (55.063ms)
[2026-02-18 06:41:24.238 DBG] ViewerRepo :: UpdatePresence(twitch, 5), 0.0309ms
[2026-02-18 06:41:24.292 DBG] TwitchService :: Presence Timer :: Artificially updated presence with a threshold of 5 minutes (53.9169ms)
[2026-02-18 06:42:12.195 DBG] Credits :: Time to save 20.5132ms
[2026-02-18 06:42:24.243 DBG] ViewerRepo :: UpdatePresence(twitch, 5), 0.0349ms
[2026-02-18 06:42:24.302 DBG] TwitchService :: Presence Timer :: Artificially updated presence with a threshold of 5 minutes (59.0699ms)
[2026-02-18 06:42:54.603 DBG] AutoSave :: Auto saving settings...
[2026-02-18 06:42:54.624 DBG] Users :: Time to save 20.8582ms
[2026-02-18 06:42:54.646 DBG] Actions :: Time to save 23.0264ms
[2026-02-18 06:42:54.661 DBG] Commands :: Time to save 14.5337ms
[2026-02-18 06:42:54.674 DBG] Twitch Rewards :: Time to save 12.738ms
[2026-02-18 06:42:54.687 DBG] Midi :: Time to save 13.2401ms
[2026-02-18 06:42:54.703 DBG] OBS Settings :: Time to save 16.2554ms
[2026-02-18 06:42:54.716 DBG] MeldStudio Settings :: Time to save 12.4001ms
[2026-02-18 06:42:54.727 DBG] Credits :: Time to save 11.1377ms
[2026-02-18 06:42:54.739 DBG] Quotes :: Time to save 12.4353ms
[2026-02-18 06:42:54.824 DBG] Config :: Time to save 17.8292ms
[2026-02-18 06:43:24.253 DBG] ViewerRepo :: UpdatePresence(twitch, 5), 0.032ms
[2026-02-18 06:43:24.309 DBG] TwitchService :: Presence Timer :: Artificially updated presence with a threshold of 5 minutes (56.8781ms)
[2026-02-18 06:44:24.266 DBG] ViewerRepo :: UpdatePresence(twitch, 5), 0.03ms
[2026-02-18 06:44:24.321 DBG] TwitchService :: Presence Timer :: Artificially updated presence with a threshold of 5 minutes (54.5402ms)
[2026-02-18 06:45:24.274 DBG] ViewerRepo :: UpdatePresence(twitch, 5), 0.0303ms
[2026-02-18 06:45:24.328 DBG] TwitchService :: Presence Timer :: Artificially updated presence with a threshold of 5 minutes (53.8925ms)
[2026-02-18 06:46:24.289 DBG] ViewerRepo :: UpdatePresence(twitch, 5), 0.0341ms
[2026-02-18 06:46:24.344 DBG] TwitchService :: Presence Timer :: Artificially updated presence with a threshold of 5 minutes (55.8987ms)
[2026-02-18 06:47:12.191 DBG] Credits :: Time to save 12.8894ms
[2026-02-18 06:47:24.303 DBG] ViewerRepo :: UpdatePresence(twitch, 5), 0.0297ms
[2026-02-18 06:47:24.358 DBG] TwitchService :: Presence Timer :: Artificially updated presence with a threshold of 5 minutes (55.4101ms)
[2026-02-18 06:47:34.479 DBG] ActionDispatcher :: Queueing 'Sub Goal' (361aa588-5f31-4e19-b8a5-099cae52479d, TimedAction) to 'Default' (00000000-0000-0000-0000-000000000000), with 11 arguments
[2026-02-18 06:47:34.479 DBG] ActionQueue :: 'Default' (00000000-0000-0000-0000-000000000000) :: Enqueue action 361aa588-5f31-4e19-b8a5-099cae52479d
[2026-02-18 06:47:34.479 DBG] ActionQueue :: 'Default' (00000000-0000-0000-0000-000000000000) :: Handling queue
[2026-02-18 06:47:34.479 DBG] ActionQueue :: 'Default' (00000000-0000-0000-0000-000000000000) :: Performing non-blocking 'Sub Goal' (361aa588-5f31-4e19-b8a5-099cae52479d, 5c53eb7d-0357-4ed0-a91b-8c435bb1a179)
[2026-02-18 06:47:54.833 DBG] AutoSave :: Auto saving settings...
[2026-02-18 06:47:54.853 DBG] Users :: Time to save 20.5695ms
[2026-02-18 06:47:54.873 DBG] Actions :: Time to save 19.6939ms
[2026-02-18 06:47:54.894 DBG] Commands :: Time to save 20.2167ms
[2026-02-18 06:47:54.913 DBG] Twitch Rewards :: Time to save 19.547ms
[2026-02-18 06:47:54.930 DBG] Midi :: Time to save 17.1512ms
[2026-02-18 06:47:54.948 DBG] OBS Settings :: Time to save 18.0394ms
[2026-02-18 06:47:54.966 DBG] MeldStudio Settings :: Time to save 17.8957ms
[2026-02-18 06:47:54.983 DBG] Credits :: Time to save 16.7649ms
[2026-02-18 06:47:55.003 DBG] Quotes :: Time to save 19.646ms
[2026-02-18 06:47:55.057 DBG] Config :: Time to save 21.2303ms
[2026-02-18 06:48:24.311 DBG] ViewerRepo :: UpdatePresence(twitch, 5), 0.0291ms
[2026-02-18 06:48:24.363 DBG] TwitchService :: Presence Timer :: Artificially updated presence with a threshold of 5 minutes (51.3672ms)
[2026-02-18 06:49:24.314 DBG] ViewerRepo :: UpdatePresence(twitch, 5), 0.0328ms
[2026-02-18 06:49:24.370 DBG] TwitchService :: Presence Timer :: Artificially updated presence with a threshold of 5 minutes (57.1131ms)
[2026-02-18 06:50:24.321 DBG] ViewerRepo :: UpdatePresence(twitch, 5), 0.0311ms
[2026-02-18 06:50:24.376 DBG] TwitchService :: Presence Timer :: Artificially updated presence with a threshold of 5 minutes (54.9266ms)
[2026-02-18 06:51:24.324 DBG] ViewerRepo :: UpdatePresence(twitch, 5), 0.0315ms
[2026-02-18 06:51:24.380 DBG] TwitchService :: Presence Timer :: Artificially updated presence with a threshold of 5 minutes (56.4412ms)
[2026-02-18 06:52:12.210 DBG] Credits :: Time to save 20.0898ms
[2026-02-18 06:52:24.336 DBG] ViewerRepo :: UpdatePresence(twitch, 5), 0.0305ms
[2026-02-18 06:52:24.394 DBG] TwitchService :: Presence Timer :: Artificially updated presence with a threshold of 5 minutes (58.2829ms)
[2026-02-18 06:52:55.073 DBG] AutoSave :: Auto saving settings...
[2026-02-18 06:52:55.088 DBG] Users :: Time to save 15.4156ms
[2026-02-18 06:52:55.115 DBG] Actions :: Time to save 26.2716ms
[2026-02-18 06:52:55.134 DBG] Commands :: Time to save 19.3012ms
[2026-02-18 06:52:55.152 DBG] Twitch Rewards :: Time to save 18.1605ms
[2026-02-18 06:52:55.163 DBG] Midi :: Time to save 10.5248ms
[2026-02-18 06:52:55.178 DBG] OBS Settings :: Time to save 15.5724ms
[2026-02-18 06:52:55.195 DBG] MeldStudio Settings :: Time to save 16.7104ms
[2026-02-18 06:52:55.211 DBG] Credits :: Time to save 16.9311ms
[2026-02-18 06:52:55.224 DBG] Quotes :: Time to save 12.1719ms
[2026-02-18 06:52:55.296 DBG] Config :: Time to save 22.0676ms
[2026-02-18 06:53:24.343 DBG] ViewerRepo :: UpdatePresence(twitch, 5), 0.0315ms
[2026-02-18 06:53:24.400 DBG] TwitchService :: Presence Timer :: Artificially updated presence with a threshold of 5 minutes (57.9388ms)
[2026-02-18 06:54:24.358 DBG] ViewerRepo :: UpdatePresence(twitch, 5), 0.0312ms
[2026-02-18 06:54:24.415 DBG] TwitchService :: Presence Timer :: Artificially updated presence with a threshold of 5 minutes (56.0399ms)
[2026-02-18 06:55:24.366 DBG] ViewerRepo :: UpdatePresence(twitch, 5), 0.0307ms
[2026-02-18 06:55:24.420 DBG] TwitchService :: Presence Timer :: Artificially updated presence with a threshold of 5 minutes (54.5969ms)
[2026-02-18 06:56:24.375 DBG] ViewerRepo :: UpdatePresence(twitch, 5), 0.0304ms
[2026-02-18 06:56:24.429 DBG] TwitchService :: Presence Timer :: Artificially updated presence with a threshold of 5 minutes (54.3634ms)
[2026-02-18 06:57:12.222 DBG] Credits :: Time to save 18.9729ms
[2026-02-18 06:57:24.385 DBG] ViewerRepo :: UpdatePresence(twitch, 5), 0.0385ms
[2026-02-18 06:57:24.441 DBG] TwitchService :: Presence Timer :: Artificially updated presence with a threshold of 5 minutes (57.7123ms)
[2026-02-18 06:57:34.996 DBG] ActionDispatcher :: Queueing 'Sub Goal' (361aa588-5f31-4e19-b8a5-099cae52479d, TimedAction) to 'Default' (00000000-0000-0000-0000-000000000000), with 11 arguments
[2026-02-18 06:57:34.996 DBG] ActionQueue :: 'Default' (00000000-0000-0000-0000-000000000000) :: Enqueue action 361aa588-5f31-4e19-b8a5-099cae52479d
[2026-02-18 06:57:34.996 DBG] ActionQueue :: 'Default' (00000000-0000-0000-0000-000000000000) :: Handling queue
[2026-02-18 06:57:34.996 DBG] ActionQueue :: 'Default' (00000000-0000-0000-0000-000000000000) :: Performing non-blocking 'Sub Goal' (361aa588-5f31-4e19-b8a5-099cae52479d, 0b413113-1a10-4890-aecb-1520abb5fe06)
[2026-02-18 06:57:55.350 DBG] AutoSave :: Auto saving settings...
[2026-02-18 06:57:55.365 DBG] Users :: Time to save 14.4713ms
[2026-02-18 06:57:55.387 DBG] Actions :: Time to save 23.1382ms
[2026-02-18 06:57:55.403 DBG] Commands :: Time to save 14.979ms
[2026-02-18 06:57:55.416 DBG] Twitch Rewards :: Time to save 12.7124ms
[2026-02-18 06:57:55.426 DBG] Midi :: Time to save 10.7899ms
[2026-02-18 06:57:55.437 DBG] OBS Settings :: Time to save 10.8725ms
[2026-02-18 06:57:55.449 DBG] MeldStudio Settings :: Time to save 11.9271ms
[2026-02-18 06:57:55.460 DBG] Credits :: Time to save 11.3903ms
[2026-02-18 06:57:55.473 DBG] Quotes :: Time to save 12.0086ms
[2026-02-18 06:57:55.576 DBG] Config :: Time to save 22.3055ms
[2026-02-18 06:58:24.386 DBG] ViewerRepo :: UpdatePresence(twitch, 5), 0.0318ms
[2026-02-18 06:58:24.438 DBG] TwitchService :: Presence Timer :: Artificially updated presence with a threshold of 5 minutes (52.1581ms)
[2026-02-18 06:59:24.393 DBG] ViewerRepo :: UpdatePresence(twitch, 5), 0.0315ms
[2026-02-18 06:59:24.450 DBG] TwitchService :: Presence Timer :: Artificially updated presence with a threshold of 5 minutes (58.2212ms)
[2026-02-18 07:00:24.401 DBG] ViewerRepo :: UpdatePresence(twitch, 5), 0.0312ms
[2026-02-18 07:00:24.458 DBG] TwitchService :: Presence Timer :: Artificially updated presence with a threshold of 5 minutes (57.0658ms)
[2026-02-18 07:01:24.414 DBG] ViewerRepo :: UpdatePresence(twitch, 5), 0.0379ms
[2026-02-18 07:01:24.471 DBG] TwitchService :: Presence Timer :: Artificially updated presence with a threshold of 5 minutes (57.5092ms)
[2026-02-18 07:02:12.233 DBG] Credits :: Time to save 21.104ms
[2026-02-18 07:02:24.430 DBG] ViewerRepo :: UpdatePresence(twitch, 5), 0.0579ms
[2026-02-18 07:02:24.485 DBG] TwitchService :: Presence Timer :: Artificially updated presence with a threshold of 5 minutes (55.3799ms)
[2026-02-18 07:02:55.573 DBG] AutoSave :: Auto saving settings...
[2026-02-18 07:02:55.589 DBG] Users :: Time to save 15.9232ms
[2026-02-18 07:02:55.615 DBG] Actions :: Time to save 24.9603ms
[2026-02-18 07:02:55.631 DBG] Commands :: Time to save 16.7857ms
[2026-02-18 07:02:55.649 DBG] Twitch Rewards :: Time to save 17.3004ms
[2026-02-18 07:02:55.665 DBG] Midi :: Time to save 16.1231ms
[2026-02-18 07:02:55.677 DBG] OBS Settings :: Time to save 11.9885ms
[2026-02-18 07:02:55.692 DBG] MeldStudio Settings :: Time to save 16.0807ms
[2026-02-18 07:02:55.709 DBG] Credits :: Time to save 16.2955ms
[2026-02-18 07:02:55.725 DBG] Quotes :: Time to save 16.8376ms
[2026-02-18 07:02:55.790 DBG] Config :: Time to save 14.2154ms
[2026-02-18 07:03:24.439 DBG] ViewerRepo :: UpdatePresence(twitch, 5), 0.0299ms
[2026-02-18 07:03:24.495 DBG] TwitchService :: Presence Timer :: Artificially updated presence with a threshold of 5 minutes (55.3228ms)
[2026-02-18 07:04:24.443 DBG] ViewerRepo :: UpdatePresence(twitch, 5), 0.0306ms
[2026-02-18 07:04:24.495 DBG] TwitchService :: Presence Timer :: Artificially updated presence with a threshold of 5 minutes (53.2456ms)
[2026-02-18 07:05:24.457 DBG] ViewerRepo :: UpdatePresence(twitch, 5), 0.0311ms
[2026-02-18 07:05:24.516 DBG] TwitchService :: Presence Timer :: Artificially updated presence with a threshold of 5 minutes (59.0342ms)
[2026-02-18 07:06:24.472 DBG] ViewerRepo :: UpdatePresence(twitch, 5), 0.0283ms
[2026-02-18 07:06:24.524 DBG] TwitchService :: Presence Timer :: Artificially updated presence with a threshold of 5 minutes (51.2601ms)
[2026-02-18 07:07:12.241 DBG] Credits :: Time to save 13.7175ms
[2026-02-18 07:07:24.488 DBG] ViewerRepo :: UpdatePresence(twitch, 5), 0.0293ms
[2026-02-18 07:07:24.547 DBG] TwitchService :: Presence Timer :: Artificially updated presence with a threshold of 5 minutes (58.8569ms)
[2026-02-18 07:07:35.470 DBG] ActionDispatcher :: Queueing 'Sub Goal' (361aa588-5f31-4e19-b8a5-099cae52479d, TimedAction) to 'Default' (00000000-0000-0000-0000-000000000000), with 11 arguments
[2026-02-18 07:07:35.470 DBG] ActionQueue :: 'Default' (00000000-0000-0000-0000-000000000000) :: Enqueue action 361aa588-5f31-4e19-b8a5-099cae52479d
[2026-02-18 07:07:35.470 DBG] ActionQueue :: 'Default' (00000000-0000-0000-0000-000000000000) :: Handling queue
[2026-02-18 07:07:35.470 DBG] ActionQueue :: 'Default' (00000000-0000-0000-0000-000000000000) :: Performing non-blocking 'Sub Goal' (361aa588-5f31-4e19-b8a5-099cae52479d, 7a091f45-2996-4040-a7da-e3c3a0bf0ff1)
[2026-02-18 07:07:55.852 DBG] AutoSave :: Auto saving settings...
[2026-02-18 07:07:55.873 DBG] Users :: Time to save 20.7607ms
[2026-02-18 07:07:55.897 DBG] Actions :: Time to save 24.6237ms
[2026-02-18 07:07:55.917 DBG] Commands :: Time to save 19.4831ms
[2026-02-18 07:07:55.935 DBG] Twitch Rewards :: Time to save 18.6311ms
[2026-02-18 07:07:55.952 DBG] Midi :: Time to save 17.1165ms
[2026-02-18 07:07:55.971 DBG] OBS Settings :: Time to save 18.7455ms
[2026-02-18 07:07:55.988 DBG] MeldStudio Settings :: Time to save 16.603ms
[2026-02-18 07:07:56.005 DBG] Credits :: Time to save 16.7274ms
[2026-02-18 07:07:56.019 DBG] Quotes :: Time to save 13.3398ms
[2026-02-18 07:07:56.071 DBG] Config :: Time to save 14.5171ms
[2026-02-18 07:08:24.489 DBG] ViewerRepo :: UpdatePresence(twitch, 5), 0.0312ms
[2026-02-18 07:08:24.547 DBG] TwitchService :: Presence Timer :: Artificially updated presence with a threshold of 5 minutes (57.8847ms)
[2026-02-18 07:09:24.491 DBG] ViewerRepo :: UpdatePresence(twitch, 5), 0.0318ms
[2026-02-18 07:09:24.545 DBG] TwitchService :: Presence Timer :: Artificially updated presence with a threshold of 5 minutes (55.208ms)
[2026-02-18 07:10:24.495 DBG] ViewerRepo :: UpdatePresence(twitch, 5), 0.0293ms
[2026-02-18 07:10:25.001 DBG] TwitchService :: Presence Timer :: Artificially updated presence with a threshold of 5 minutes (506.5997ms)
[2026-02-18 07:11:24.499 DBG] ViewerRepo :: UpdatePresence(twitch, 5), 0.0302ms
[2026-02-18 07:11:24.555 DBG] TwitchService :: Presence Timer :: Artificially updated presence with a threshold of 5 minutes (57.2573ms)
[2026-02-18 07:12:12.262 DBG] Credits :: Time to save 22.2909ms
[2026-02-18 07:12:24.511 DBG] ViewerRepo :: UpdatePresence(twitch, 5), 0.0341ms
[2026-02-18 07:12:24.563 DBG] TwitchService :: Presence Timer :: Artificially updated presence with a threshold of 5 minutes (52.2296ms)
[2026-02-18 07:12:56.087 DBG] AutoSave :: Auto saving settings...
[2026-02-18 07:12:56.110 DBG] Users :: Time to save 23.8126ms
[2026-02-18 07:12:56.138 DBG] Actions :: Time to save 27.6519ms
[2026-02-18 07:12:56.157 DBG] Commands :: Time to save 18.4141ms
[2026-02-18 07:12:56.174 DBG] Twitch Rewards :: Time to save 18.1699ms
[2026-02-18 07:12:56.189 DBG] Midi :: Time to save 13.8836ms
[2026-02-18 07:12:56.205 DBG] OBS Settings :: Time to save 15.9741ms
[2026-02-18 07:12:56.218 DBG] MeldStudio Settings :: Time to save 13.4296ms
[2026-02-18 07:12:56.233 DBG] Credits :: Time to save 14.7291ms
[2026-02-18 07:12:56.245 DBG] Quotes :: Time to save 13.1674ms
[2026-02-18 07:12:56.303 DBG] Config :: Time to save 13.8913ms
[2026-02-18 07:13:24.517 DBG] ViewerRepo :: UpdatePresence(twitch, 5), 0.0297ms
[2026-02-18 07:13:24.576 DBG] TwitchService :: Presence Timer :: Artificially updated presence with a threshold of 5 minutes (58.76ms)
[2026-02-18 07:14:24.535 DBG] ViewerRepo :: UpdatePresence(twitch, 5), 0.0284ms
[2026-02-18 07:14:24.591 DBG] TwitchService :: Presence Timer :: Artificially updated presence with a threshold of 5 minutes (56.1763ms)
[2026-02-18 07:15:24.544 DBG] ViewerRepo :: UpdatePresence(twitch, 5), 0.0339ms
[2026-02-18 07:15:24.601 DBG] TwitchService :: Presence Timer :: Artificially updated presence with a threshold of 5 minutes (56.4185ms)
[2026-02-18 07:16:24.559 DBG] ViewerRepo :: UpdatePresence(twitch, 5), 0.0305ms
[2026-02-18 07:16:24.616 DBG] TwitchService :: Presence Timer :: Artificially updated presence with a threshold of 5 minutes (57.1776ms)
[2026-02-18 07:17:12.267 DBG] Credits :: Time to save 14.4056ms
[2026-02-18 07:17:24.573 DBG] ViewerRepo :: UpdatePresence(twitch, 5), 0.0302ms
[2026-02-18 07:17:24.628 DBG] TwitchService :: Presence Timer :: Artificially updated presence with a threshold of 5 minutes (54.5182ms)
[2026-02-18 07:17:35.954 DBG] ActionDispatcher :: Queueing 'Sub Goal' (361aa588-5f31-4e19-b8a5-099cae52479d, TimedAction) to 'Default' (00000000-0000-0000-0000-000000000000), with 11 arguments
[2026-02-18 07:17:35.954 DBG] ActionQueue :: 'Default' (00000000-0000-0000-0000-000000000000) :: Enqueue action 361aa588-5f31-4e19-b8a5-099cae52479d
[2026-02-18 07:17:35.954 DBG] ActionQueue :: 'Default' (00000000-0000-0000-0000-000000000000) :: Handling queue
[2026-02-18 07:17:35.954 DBG] ActionQueue :: 'Default' (00000000-0000-0000-0000-000000000000) :: Performing non-blocking 'Sub Goal' (361aa588-5f31-4e19-b8a5-099cae52479d, c0f119e6-5e03-41ab-8a02-1251187c85e4)
[2026-02-18 07:17:56.309 DBG] AutoSave :: Auto saving settings...
[2026-02-18 07:17:56.324 DBG] Users :: Time to save 15.5778ms
[2026-02-18 07:17:56.342 DBG] Actions :: Time to save 18.694ms
[2026-02-18 07:17:56.362 DBG] Commands :: Time to save 18.859ms
[2026-02-18 07:17:56.374 DBG] Twitch Rewards :: Time to save 12.5792ms
[2026-02-18 07:17:56.385 DBG] Midi :: Time to save 10.4549ms
[2026-02-18 07:17:56.395 DBG] OBS Settings :: Time to save 10.8608ms
[2026-02-18 07:17:56.408 DBG] MeldStudio Settings :: Time to save 12.5027ms
[2026-02-18 07:17:56.419 DBG] Credits :: Time to save 11.0541ms
[2026-02-18 07:17:56.431 DBG] Quotes :: Time to save 12.1099ms
[2026-02-18 07:17:56.525 DBG] Config :: Time to save 14.9534ms
[2026-02-18 07:18:24.577 DBG] ViewerRepo :: UpdatePresence(twitch, 5), 0.0343ms
[2026-02-18 07:18:24.633 DBG] TwitchService :: Presence Timer :: Artificially updated presence with a threshold of 5 minutes (57.1871ms)
[2026-02-18 07:19:24.584 DBG] ViewerRepo :: UpdatePresence(twitch, 5), 0.0303ms
[2026-02-18 07:19:24.637 DBG] TwitchService :: Presence Timer :: Artificially updated presence with a threshold of 5 minutes (53.2824ms)
[2026-02-18 07:20:24.593 DBG] ViewerRepo :: UpdatePresence(twitch, 5), 0.0298ms
[2026-02-18 07:20:24.652 DBG] TwitchService :: Presence Timer :: Artificially updated presence with a threshold of 5 minutes (59.8739ms)
[2026-02-18 07:21:24.595 DBG] ViewerRepo :: UpdatePresence(twitch, 5), 0.0305ms
[2026-02-18 07:21:24.656 DBG] TwitchService :: Presence Timer :: Artificially updated presence with a threshold of 5 minutes (60.3008ms)
[2026-02-18 07:22:12.275 DBG] Credits :: Time to save 19.8846ms
[2026-02-18 07:22:24.600 DBG] ViewerRepo :: UpdatePresence(twitch, 5), 0.0303ms
[2026-02-18 07:22:24.654 DBG] TwitchService :: Presence Timer :: Artificially updated presence with a threshold of 5 minutes (54.1228ms)
[2026-02-18 07:22:56.517 DBG] AutoSave :: Auto saving settings...
[2026-02-18 07:22:56.538 DBG] Users :: Time to save 21.7527ms
[2026-02-18 07:22:56.564 DBG] Actions :: Time to save 25.9145ms
[2026-02-18 07:22:56.585 DBG] Commands :: Time to save 21.3954ms
[2026-02-18 07:22:56.604 DBG] Twitch Rewards :: Time to save 18.3013ms
[2026-02-18 07:22:56.621 DBG] Midi :: Time to save 16.5254ms
[2026-02-18 07:22:56.637 DBG] OBS Settings :: Time to save 16.292ms
[2026-02-18 07:22:56.654 DBG] MeldStudio Settings :: Time to save 17.1262ms
[2026-02-18 07:22:56.671 DBG] Credits :: Time to save 16.8529ms
[2026-02-18 07:22:56.691 DBG] Quotes :: Time to save 19.9837ms
[2026-02-18 07:22:56.739 DBG] Config :: Time to save 20.8195ms
[2026-02-18 07:23:24.607 DBG] ViewerRepo :: UpdatePresence(twitch, 5), 0.0298ms
[2026-02-18 07:23:24.661 DBG] TwitchService :: Presence Timer :: Artificially updated presence with a threshold of 5 minutes (55.2759ms)
[2026-02-18 07:24:24.610 DBG] ViewerRepo :: UpdatePresence(twitch, 5), 0.0296ms
[2026-02-18 07:24:24.668 DBG] TwitchService :: Presence Timer :: Artificially updated presence with a threshold of 5 minutes (57.8751ms)
[2026-02-18 07:25:24.617 DBG] ViewerRepo :: UpdatePresence(twitch, 5), 0.0297ms
[2026-02-18 07:25:24.669 DBG] TwitchService :: Presence Timer :: Artificially updated presence with a threshold of 5 minutes (52.1982ms)
[2026-02-18 07:26:24.630 DBG] ViewerRepo :: UpdatePresence(twitch, 5), 0.0301ms
[2026-02-18 07:26:24.687 DBG] TwitchService :: Presence Timer :: Artificially updated presence with a threshold of 5 minutes (56.1395ms)
[2026-02-18 07:27:12.293 DBG] Credits :: Time to save 21.9098ms
[2026-02-18 07:27:24.646 DBG] ViewerRepo :: UpdatePresence(twitch, 5), 0.0484ms
[2026-02-18 07:27:24.704 DBG] TwitchService :: Presence Timer :: Artificially updated presence with a threshold of 5 minutes (57.8807ms)
[2026-02-18 07:27:36.504 DBG] ActionDispatcher :: Queueing 'Sub Goal' (361aa588-5f31-4e19-b8a5-099cae52479d, TimedAction) to 'Default' (00000000-0000-0000-0000-000000000000), with 11 arguments
[2026-02-18 07:27:36.504 DBG] ActionQueue :: 'Default' (00000000-0000-0000-0000-000000000000) :: Enqueue action 361aa588-5f31-4e19-b8a5-099cae52479d
[2026-02-18 07:27:36.504 DBG] ActionQueue :: 'Default' (00000000-0000-0000-0000-000000000000) :: Handling queue
[2026-02-18 07:27:36.504 DBG] ActionQueue :: 'Default' (00000000-0000-0000-0000-000000000000) :: Performing non-blocking 'Sub Goal' (361aa588-5f31-4e19-b8a5-099cae52479d, b0180122-a215-44f0-a4b3-d0733379a630)
[2026-02-18 07:27:56.755 DBG] AutoSave :: Auto saving settings...
[2026-02-18 07:27:56.777 DBG] Users :: Time to save 21.9593ms
[2026-02-18 07:27:56.802 DBG] Actions :: Time to save 24.786ms
[2026-02-18 07:27:56.821 DBG] Commands :: Time to save 18.932ms
[2026-02-18 07:27:56.833 DBG] Twitch Rewards :: Time to save 12.5719ms
[2026-02-18 07:27:56.851 DBG] Midi :: Time to save 17.6329ms
[2026-02-18 07:27:56.869 DBG] OBS Settings :: Time to save 17.8629ms
[2026-02-18 07:27:56.881 DBG] MeldStudio Settings :: Time to save 11.0942ms
[2026-02-18 07:27:56.892 DBG] Credits :: Time to save 11.2405ms
[2026-02-18 07:27:56.905 DBG] Quotes :: Time to save 13.4095ms
[2026-02-18 07:27:56.980 DBG] Config :: Time to save 21.3409ms
[2026-02-18 07:28:24.654 DBG] ViewerRepo :: UpdatePresence(twitch, 5), 0.0286ms
[2026-02-18 07:28:24.710 DBG] TwitchService :: Presence Timer :: Artificially updated presence with a threshold of 5 minutes (55.4847ms)
[2026-02-18 07:29:24.670 DBG] ViewerRepo :: UpdatePresence(twitch, 5), 0.0304ms
[2026-02-18 07:29:24.724 DBG] TwitchService :: Presence Timer :: Artificially updated presence with a threshold of 5 minutes (54.7579ms)
[2026-02-18 07:30:24.681 DBG] ViewerRepo :: UpdatePresence(twitch, 5), 0.0305ms
[2026-02-18 07:30:24.737 DBG] TwitchService :: Presence Timer :: Artificially updated presence with a threshold of 5 minutes (55.8893ms)
[2026-02-18 07:31:24.692 DBG] ViewerRepo :: UpdatePresence(twitch, 5), 0.0304ms
[2026-02-18 07:31:24.745 DBG] TwitchService :: Presence Timer :: Artificially updated presence with a threshold of 5 minutes (54.368ms)
[2026-02-18 07:32:12.292 DBG] Credits :: Time to save 15.1837ms
[2026-02-18 07:32:24.704 DBG] ViewerRepo :: UpdatePresence(twitch, 5), 0.029ms
[2026-02-18 07:32:24.759 DBG] TwitchService :: Presence Timer :: Artificially updated presence with a threshold of 5 minutes (54.0846ms)
[2026-02-18 07:32:57.001 DBG] AutoSave :: Auto saving settings...
[2026-02-18 07:32:57.016 DBG] Users :: Time to save 15.2282ms
[2026-02-18 07:32:57.034 DBG] Actions :: Time to save 19.1034ms
[2026-02-18 07:32:57.048 DBG] Commands :: Time to save 13.0273ms
[2026-02-18 07:32:57.060 DBG] Twitch Rewards :: Time to save 12.9408ms
[2026-02-18 07:32:57.078 DBG] Midi :: Time to save 17.3299ms
[2026-02-18 07:32:57.095 DBG] OBS Settings :: Time to save 17.3401ms
[2026-02-18 07:32:57.113 DBG] MeldStudio Settings :: Time to save 17.4354ms
[2026-02-18 07:32:57.131 DBG] Credits :: Time to save 17.2205ms
[2026-02-18 07:32:57.144 DBG] Quotes :: Time to save 12.9117ms
[2026-02-18 07:32:57.224 DBG] Config :: Time to save 19.816ms
[2026-02-18 07:33:24.720 DBG] ViewerRepo :: UpdatePresence(twitch, 5), 0.0317ms
[2026-02-18 07:33:24.774 DBG] TwitchService :: Presence Timer :: Artificially updated presence with a threshold of 5 minutes (54.6601ms)
[2026-02-18 07:34:24.732 DBG] ViewerRepo :: UpdatePresence(twitch, 5), 0.0304ms
[2026-02-18 07:34:24.785 DBG] TwitchService :: Presence Timer :: Artificially updated presence with a threshold of 5 minutes (52.8318ms)
[2026-02-18 07:35:21.570 DBG] Streamer.bot Website Socket :: Disconnected
[2026-02-18 07:35:21.570 INF] Streamer.bot Service :: Disconnected from Website Client
[2026-02-18 07:35:23.575 DBG] Streamer.bot Service :: Retrying website client connection
[2026-02-18 07:35:23.575 INF] Streamer.bot Service :: Connecting to Website Client
[2026-02-18 07:35:23.575 DBG] Streamer.bot Website Socket :: Opening connection
[2026-02-18 07:35:23.863 INF] Streamer.bot Service :: Website Client authenticated
[2026-02-18 07:35:23.863 INF] Streamer.bot Service :: Connected to Website Client
[2026-02-18 07:35:24.747 DBG] ViewerRepo :: UpdatePresence(twitch, 5), 0.0289ms
[2026-02-18 07:35:24.803 DBG] TwitchService :: Presence Timer :: Artificially updated presence with a threshold of 5 minutes (57.0502ms)
[2026-02-18 07:36:24.749 DBG] ViewerRepo :: UpdatePresence(twitch, 5), 0.0304ms
[2026-02-18 07:36:24.804 DBG] TwitchService :: Presence Timer :: Artificially updated presence with a threshold of 5 minutes (55.3725ms)
[2026-02-18 07:37:12.297 DBG] Credits :: Time to save 14.0277ms
[2026-02-18 07:37:24.750 DBG] ViewerRepo :: UpdatePresence(twitch, 5), 0.0335ms
[2026-02-18 07:37:24.807 DBG] TwitchService :: Presence Timer :: Artificially updated presence with a threshold of 5 minutes (56.6044ms)
[2026-02-18 07:37:37.155 DBG] ActionDispatcher :: Queueing 'Sub Goal' (361aa588-5f31-4e19-b8a5-099cae52479d, TimedAction) to 'Default' (00000000-0000-0000-0000-000000000000), with 11 arguments
[2026-02-18 07:37:37.155 DBG] ActionQueue :: 'Default' (00000000-0000-0000-0000-000000000000) :: Enqueue action 361aa588-5f31-4e19-b8a5-099cae52479d
[2026-02-18 07:37:37.155 DBG] ActionQueue :: 'Default' (00000000-0000-0000-0000-000000000000) :: Handling queue
[2026-02-18 07:37:37.155 DBG] ActionQueue :: 'Default' (00000000-0000-0000-0000-000000000000) :: Performing non-blocking 'Sub Goal' (361aa588-5f31-4e19-b8a5-099cae52479d, a409abd6-fae2-4f17-b633-239b1834c5a5)
[2026-02-18 07:37:57.229 DBG] AutoSave :: Auto saving settings...
[2026-02-18 07:37:57.244 DBG] Users :: Time to save 14.8329ms
[2026-02-18 07:37:57.262 DBG] Actions :: Time to save 18.5794ms
[2026-02-18 07:37:57.275 DBG] Commands :: Time to save 13.6325ms
[2026-02-18 07:37:57.289 DBG] Twitch Rewards :: Time to save 13.8344ms
[2026-02-18 07:37:57.304 DBG] Midi :: Time to save 14.7451ms
[2026-02-18 07:37:57.319 DBG] OBS Settings :: Time to save 14.8157ms
[2026-02-18 07:37:57.338 DBG] MeldStudio Settings :: Time to save 18.3186ms
[2026-02-18 07:37:57.355 DBG] Credits :: Time to save 17.5745ms
[2026-02-18 07:37:57.375 DBG] Quotes :: Time to save 19.118ms
[2026-02-18 07:37:57.453 DBG] Config :: Time to save 20.6692ms
[2026-02-18 07:38:24.761 DBG] ViewerRepo :: UpdatePresence(twitch, 5), 0.0471ms
[2026-02-18 07:38:24.821 DBG] TwitchService :: Presence Timer :: Artificially updated presence with a threshold of 5 minutes (60.5271ms)
[2026-02-18 07:39:24.765 DBG] ViewerRepo :: UpdatePresence(twitch, 5), 0.0292ms
[2026-02-18 07:39:24.819 DBG] TwitchService :: Presence Timer :: Artificially updated presence with a threshold of 5 minutes (54.3254ms)
[2026-02-18 07:40:24.768 DBG] ViewerRepo :: UpdatePresence(twitch, 5), 0.0297ms
[2026-02-18 07:40:24.822 DBG] TwitchService :: Presence Timer :: Artificially updated presence with a threshold of 5 minutes (54.1604ms)
[2026-02-18 07:41:24.774 DBG] ViewerRepo :: UpdatePresence(twitch, 5), 0.0285ms
[2026-02-18 07:41:24.831 DBG] TwitchService :: Presence Timer :: Artificially updated presence with a threshold of 5 minutes (56.5606ms)
[2026-02-18 07:42:12.315 DBG] Credits :: Time to save 18.8262ms
[2026-02-18 07:42:24.774 DBG] ViewerRepo :: UpdatePresence(twitch, 5), 0.0299ms
[2026-02-18 07:42:24.830 DBG] TwitchService :: Presence Timer :: Artificially updated presence with a threshold of 5 minutes (56.2437ms)
[2026-02-18 07:42:57.433 DBG] AutoSave :: Auto saving settings...
[2026-02-18 07:42:57.454 DBG] Users :: Time to save 21.8685ms
[2026-02-18 07:42:57.474 DBG] Actions :: Time to save 19.6735ms
[2026-02-18 07:42:57.490 DBG] Commands :: Time to save 16.4575ms
[2026-02-18 07:42:57.507 DBG] Twitch Rewards :: Time to save 16.5814ms
[2026-02-18 07:42:57.522 DBG] Midi :: Time to save 14.9173ms
[2026-02-18 07:42:57.539 DBG] OBS Settings :: Time to save 16.3342ms
[2026-02-18 07:42:57.552 DBG] MeldStudio Settings :: Time to save 13.63ms
[2026-02-18 07:42:57.567 DBG] Credits :: Time to save 14.8768ms
[2026-02-18 07:42:57.581 DBG] Quotes :: Time to save 13.0399ms
[2026-02-18 07:42:57.649 DBG] Config :: Time to save 14.4885ms
[2026-02-18 07:43:24.789 DBG] ViewerRepo :: UpdatePresence(twitch, 5), 0.0308ms
[2026-02-18 07:43:24.856 DBG] TwitchService :: Presence Timer :: Artificially updated presence with a threshold of 5 minutes (66.6071ms)
[2026-02-18 07:44:24.791 DBG] ViewerRepo :: UpdatePresence(twitch, 5), 0.0298ms
[2026-02-18 07:44:24.847 DBG] TwitchService :: Presence Timer :: Artificially updated presence with a threshold of 5 minutes (56.8307ms)
[2026-02-18 07:45:24.795 DBG] ViewerRepo :: UpdatePresence(twitch, 5), 0.0308ms
[2026-02-18 07:45:24.849 DBG] TwitchService :: Presence Timer :: Artificially updated presence with a threshold of 5 minutes (55.1253ms)
[2026-02-18 07:46:24.802 DBG] ViewerRepo :: UpdatePresence(twitch, 5), 0.0318ms
[2026-02-18 07:46:24.860 DBG] TwitchService :: Presence Timer :: Artificially updated presence with a threshold of 5 minutes (58.4556ms)
[2026-02-18 07:47:12.319 DBG] Credits :: Time to save 15.0995ms
[2026-02-18 07:47:24.812 DBG] ViewerRepo :: UpdatePresence(twitch, 5), 0.0351ms
[2026-02-18 07:47:24.870 DBG] TwitchService :: Presence Timer :: Artificially updated presence with a threshold of 5 minutes (57.6463ms)
[2026-02-18 07:47:37.788 DBG] ActionDispatcher :: Queueing 'Sub Goal' (361aa588-5f31-4e19-b8a5-099cae52479d, TimedAction) to 'Default' (00000000-0000-0000-0000-000000000000), with 11 arguments
[2026-02-18 07:47:37.788 DBG] ActionQueue :: 'Default' (00000000-0000-0000-0000-000000000000) :: Enqueue action 361aa588-5f31-4e19-b8a5-099cae52479d
[2026-02-18 07:47:37.788 DBG] ActionQueue :: 'Default' (00000000-0000-0000-0000-000000000000) :: Handling queue
[2026-02-18 07:47:37.788 DBG] ActionQueue :: 'Default' (00000000-0000-0000-0000-000000000000) :: Performing non-blocking 'Sub Goal' (361aa588-5f31-4e19-b8a5-099cae52479d, 789de58b-8a79-42d2-bb56-ab817030a955)
[2026-02-18 07:47:57.648 DBG] AutoSave :: Auto saving settings...
[2026-02-18 07:47:57.663 DBG] Users :: Time to save 15.0252ms
[2026-02-18 07:47:57.682 DBG] Actions :: Time to save 18.459ms
[2026-02-18 07:47:57.700 DBG] Commands :: Time to save 18.6375ms
[2026-02-18 07:47:57.717 DBG] Twitch Rewards :: Time to save 17.4358ms
[2026-02-18 07:47:57.735 DBG] Midi :: Time to save 17.0682ms
[2026-02-18 07:47:57.751 DBG] OBS Settings :: Time to save 16.4157ms
[2026-02-18 07:47:57.769 DBG] MeldStudio Settings :: Time to save 17.5972ms
[2026-02-18 07:47:57.783 DBG] Credits :: Time to save 14.5526ms
[2026-02-18 07:47:57.800 DBG] Quotes :: Time to save 16.5416ms
[2026-02-18 07:47:57.869 DBG] Config :: Time to save 19.7629ms
[2026-02-18 07:48:24.818 DBG] ViewerRepo :: UpdatePresence(twitch, 5), 0.0297ms
[2026-02-18 07:48:24.876 DBG] TwitchService :: Presence Timer :: Artificially updated presence with a threshold of 5 minutes (57.7845ms)
[2026-02-18 07:49:24.833 DBG] ViewerRepo :: UpdatePresence(twitch, 5), 0.0334ms
[2026-02-18 07:49:24.885 DBG] TwitchService :: Presence Timer :: Artificially updated presence with a threshold of 5 minutes (52.4492ms)
[2026-02-18 07:50:24.836 DBG] ViewerRepo :: UpdatePresence(twitch, 5), 0.0296ms
[2026-02-18 07:50:24.893 DBG] TwitchService :: Presence Timer :: Artificially updated presence with a threshold of 5 minutes (57.1803ms)
[2026-02-18 07:51:24.852 DBG] ViewerRepo :: UpdatePresence(twitch, 5), 0.0324ms
[2026-02-18 07:51:24.908 DBG] TwitchService :: Presence Timer :: Artificially updated presence with a threshold of 5 minutes (56.8728ms)
[2026-02-18 07:52:12.335 DBG] Credits :: Time to save 22.9664ms
[2026-02-18 07:52:24.853 DBG] ViewerRepo :: UpdatePresence(twitch, 5), 0.0312ms
[2026-02-18 07:52:24.909 DBG] TwitchService :: Presence Timer :: Artificially updated presence with a threshold of 5 minutes (56.3126ms)
[2026-02-18 07:52:57.890 DBG] AutoSave :: Auto saving settings...
[2026-02-18 07:52:57.905 DBG] Users :: Time to save 15.0593ms
[2026-02-18 07:52:57.932 DBG] Actions :: Time to save 26.7177ms
[2026-02-18 07:52:57.950 DBG] Commands :: Time to save 18.8005ms
[2026-02-18 07:52:57.970 DBG] Twitch Rewards :: Time to save 20.1415ms
[2026-02-18 07:52:57.987 DBG] Midi :: Time to save 16.3432ms
[2026-02-18 07:52:58.006 DBG] OBS Settings :: Time to save 18.544ms
[2026-02-18 07:52:58.024 DBG] MeldStudio Settings :: Time to save 18.03ms
[2026-02-18 07:52:58.042 DBG] Credits :: Time to save 17.7262ms
[2026-02-18 07:52:58.063 DBG] Quotes :: Time to save 20.6475ms
[2026-02-18 07:52:58.115 DBG] Config :: Time to save 21.9667ms
[2026-02-18 07:53:24.855 DBG] ViewerRepo :: UpdatePresence(twitch, 5), 0.0305ms
[2026-02-18 07:53:24.917 DBG] TwitchService :: Presence Timer :: Artificially updated presence with a threshold of 5 minutes (62.3424ms)
[2026-02-18 07:54:24.857 DBG] ViewerRepo :: UpdatePresence(twitch, 5), 0.0297ms
[2026-02-18 07:54:24.909 DBG] TwitchService :: Presence Timer :: Artificially updated presence with a threshold of 5 minutes (52.8841ms)
[2026-02-18 07:55:24.862 DBG] ViewerRepo :: UpdatePresence(twitch, 5), 0.028ms
[2026-02-18 07:55:24.923 DBG] TwitchService :: Presence Timer :: Artificially updated presence with a threshold of 5 minutes (59.9254ms)
[2026-02-18 07:56:24.865 DBG] ViewerRepo :: UpdatePresence(twitch, 5), 0.0332ms
[2026-02-18 07:56:24.920 DBG] TwitchService :: Presence Timer :: Artificially updated presence with a threshold of 5 minutes (56.8644ms)
[2026-02-18 07:57:12.338 DBG] Credits :: Time to save 17.1542ms
[2026-02-18 07:57:24.878 DBG] ViewerRepo :: UpdatePresence(twitch, 5), 0.0311ms
[2026-02-18 07:57:24.935 DBG] TwitchService :: Presence Timer :: Artificially updated presence with a threshold of 5 minutes (56.4696ms)
[2026-02-18 07:57:38.216 DBG] ActionDispatcher :: Queueing 'Sub Goal' (361aa588-5f31-4e19-b8a5-099cae52479d, TimedAction) to 'Default' (00000000-0000-0000-0000-000000000000), with 11 arguments
[2026-02-18 07:57:38.217 DBG] ActionQueue :: 'Default' (00000000-0000-0000-0000-000000000000) :: Enqueue action 361aa588-5f31-4e19-b8a5-099cae52479d
[2026-02-18 07:57:38.217 DBG] ActionQueue :: 'Default' (00000000-0000-0000-0000-000000000000) :: Handling queue
[2026-02-18 07:57:38.217 DBG] ActionQueue :: 'Default' (00000000-0000-0000-0000-000000000000) :: Performing non-blocking 'Sub Goal' (361aa588-5f31-4e19-b8a5-099cae52479d, 7765de0e-7f1e-436e-b71b-d93272f913ca)
[2026-02-18 07:57:58.165 DBG] AutoSave :: Auto saving settings...
[2026-02-18 07:57:58.186 DBG] Users :: Time to save 21.8604ms
[2026-02-18 07:57:58.212 DBG] Actions :: Time to save 25.6041ms
[2026-02-18 07:57:58.231 DBG] Commands :: Time to save 18.3537ms
[2026-02-18 07:57:58.250 DBG] Twitch Rewards :: Time to save 19.3429ms
[2026-02-18 07:57:58.266 DBG] Midi :: Time to save 16.6881ms
[2026-02-18 07:57:58.284 DBG] OBS Settings :: Time to save 16.7797ms
[2026-02-18 07:57:58.299 DBG] MeldStudio Settings :: Time to save 15.962ms
[2026-02-18 07:57:58.310 DBG] Credits :: Time to save 11.5867ms
[2026-02-18 07:57:58.330 DBG] Quotes :: Time to save 18.9963ms
[2026-02-18 07:57:58.386 DBG] Config :: Time to save 20.5331ms
[2026-02-18 07:58:24.884 DBG] ViewerRepo :: UpdatePresence(twitch, 5), 0.0316ms
[2026-02-18 07:58:24.943 DBG] TwitchService :: Presence Timer :: Artificially updated presence with a threshold of 5 minutes (59.3852ms)
[2026-02-18 07:59:24.886 DBG] ViewerRepo :: UpdatePresence(twitch, 5), 0.029ms
[2026-02-18 07:59:24.944 DBG] TwitchService :: Presence Timer :: Artificially updated presence with a threshold of 5 minutes (58.546ms)
[2026-02-18 08:00:24.900 DBG] ViewerRepo :: UpdatePresence(twitch, 5), 0.0309ms
[2026-02-18 08:00:24.958 DBG] TwitchService :: Presence Timer :: Artificially updated presence with a threshold of 5 minutes (58.5929ms)
[2026-02-18 08:01:24.915 DBG] ViewerRepo :: UpdatePresence(twitch, 5), 0.0567ms
[2026-02-18 08:01:24.968 DBG] TwitchService :: Presence Timer :: Artificially updated presence with a threshold of 5 minutes (54.5588ms)
[2026-02-18 08:02:12.345 DBG] Credits :: Time to save 21.3621ms
[2026-02-18 08:02:24.918 DBG] ViewerRepo :: UpdatePresence(twitch, 5), 0.0291ms
[2026-02-18 08:02:24.970 DBG] TwitchService :: Presence Timer :: Artificially updated presence with a threshold of 5 minutes (52.4566ms)
[2026-02-18 08:02:58.433 DBG] AutoSave :: Auto saving settings...
[2026-02-18 08:02:58.450 DBG] Users :: Time to save 18.6426ms
[2026-02-18 08:02:58.469 DBG] Actions :: Time to save 18.079ms
[2026-02-18 08:02:58.482 DBG] Commands :: Time to save 13.3724ms
[2026-02-18 08:02:58.495 DBG] Twitch Rewards :: Time to save 12.2352ms
[2026-02-18 08:02:58.506 DBG] Midi :: Time to save 10.6533ms
[2026-02-18 08:02:58.516 DBG] OBS Settings :: Time to save 10.7503ms
[2026-02-18 08:02:58.530 DBG] MeldStudio Settings :: Time to save 14.3757ms
[2026-02-18 08:02:58.543 DBG] Credits :: Time to save 11.3274ms
[2026-02-18 08:02:58.555 DBG] Quotes :: Time to save 12.6103ms
[2026-02-18 08:02:58.656 DBG] Config :: Time to save 21.3615ms
[2026-02-18 08:03:24.929 DBG] ViewerRepo :: UpdatePresence(twitch, 5), 0.0314ms
[2026-02-18 08:03:24.983 DBG] TwitchService :: Presence Timer :: Artificially updated presence with a threshold of 5 minutes (53.5719ms)
[2026-02-18 08:04:24.944 DBG] ViewerRepo :: UpdatePresence(twitch, 5), 0.0309ms
[2026-02-18 08:04:24.998 DBG] TwitchService :: Presence Timer :: Artificially updated presence with a threshold of 5 minutes (54.902ms)
[2026-02-18 08:05:24.955 DBG] ViewerRepo :: UpdatePresence(twitch, 5), 0.029ms
[2026-02-18 08:05:25.006 DBG] TwitchService :: Presence Timer :: Artificially updated presence with a threshold of 5 minutes (51.3131ms)
[2026-02-18 08:06:24.964 DBG] ViewerRepo :: UpdatePresence(twitch, 5), 0.0309ms
[2026-02-18 08:06:25.019 DBG] TwitchService :: Presence Timer :: Artificially updated presence with a threshold of 5 minutes (55.1379ms)
[2026-02-18 08:07:12.351 DBG] Credits :: Time to save 13.0861ms
[2026-02-18 08:07:24.989 DBG] ViewerRepo :: UpdatePresence(twitch, 5), 0.0321ms
[2026-02-18 08:07:25.043 DBG] TwitchService :: Presence Timer :: Artificially updated presence with a threshold of 5 minutes (54.5005ms)
[2026-02-18 08:07:38.242 DBG] ActionDispatcher :: Queueing 'Sub Goal' (361aa588-5f31-4e19-b8a5-099cae52479d, TimedAction) to 'Default' (00000000-0000-0000-0000-000000000000), with 11 arguments
[2026-02-18 08:07:38.242 DBG] ActionQueue :: 'Default' (00000000-0000-0000-0000-000000000000) :: Enqueue action 361aa588-5f31-4e19-b8a5-099cae52479d
[2026-02-18 08:07:38.242 DBG] ActionQueue :: 'Default' (00000000-0000-0000-0000-000000000000) :: Handling queue
[2026-02-18 08:07:38.242 DBG] ActionQueue :: 'Default' (00000000-0000-0000-0000-000000000000) :: Performing non-blocking 'Sub Goal' (361aa588-5f31-4e19-b8a5-099cae52479d, 3e07b569-4624-4398-8e07-e75c84ad9efd)
[2026-02-18 08:07:58.639 DBG] AutoSave :: Auto saving settings...
[2026-02-18 08:07:58.660 DBG] Users :: Time to save 21.1773ms
[2026-02-18 08:07:58.686 DBG] Actions :: Time to save 26.1324ms
[2026-02-18 08:07:58.705 DBG] Commands :: Time to save 18.98ms
[2026-02-18 08:07:58.719 DBG] Twitch Rewards :: Time to save 13.1651ms
[2026-02-18 08:07:58.730 DBG] Midi :: Time to save 11.6509ms
[2026-02-18 08:07:58.746 DBG] OBS Settings :: Time to save 15.5536ms
[2026-02-18 08:07:58.757 DBG] MeldStudio Settings :: Time to save 10.7587ms
[2026-02-18 08:07:58.769 DBG] Credits :: Time to save 12.7346ms
[2026-02-18 08:07:58.787 DBG] Quotes :: Time to save 17.8464ms
[2026-02-18 08:07:58.861 DBG] Config :: Time to save 20.0883ms
[2026-02-18 08:08:24.994 DBG] ViewerRepo :: UpdatePresence(twitch, 5), 0.0292ms
[2026-02-18 08:08:25.047 DBG] TwitchService :: Presence Timer :: Artificially updated presence with a threshold of 5 minutes (53.9183ms)
[2026-02-18 08:09:25.010 DBG] ViewerRepo :: UpdatePresence(twitch, 5), 0.0289ms
[2026-02-18 08:09:25.064 DBG] TwitchService :: Presence Timer :: Artificially updated presence with a threshold of 5 minutes (53.6909ms)
[2026-02-18 08:10:25.018 DBG] ViewerRepo :: UpdatePresence(twitch, 5), 0.0328ms
[2026-02-18 08:10:25.576 DBG] TwitchService :: Presence Timer :: Artificially updated presence with a threshold of 5 minutes (558.1543ms)
[2026-02-18 08:11:25.028 DBG] ViewerRepo :: UpdatePresence(twitch, 5), 0.0293ms
[2026-02-18 08:11:25.082 DBG] TwitchService :: Presence Timer :: Artificially updated presence with a threshold of 5 minutes (53.7483ms)
[2026-02-18 08:12:12.366 DBG] Credits :: Time to save 21.5114ms
[2026-02-18 08:12:25.042 DBG] ViewerRepo :: UpdatePresence(twitch, 5), 0.0318ms
[2026-02-18 08:12:25.095 DBG] TwitchService :: Presence Timer :: Artificially updated presence with a threshold of 5 minutes (53.8033ms)
[2026-02-18 08:12:58.862 DBG] AutoSave :: Auto saving settings...
[2026-02-18 08:12:58.883 DBG] Users :: Time to save 21.0372ms
[2026-02-18 08:12:58.905 DBG] Actions :: Time to save 22.4368ms
[2026-02-18 08:12:58.923 DBG] Commands :: Time to save 18.5118ms
[2026-02-18 08:12:58.938 DBG] Twitch Rewards :: Time to save 14.7324ms
[2026-02-18 08:12:58.954 DBG] Midi :: Time to save 15.9319ms
[2026-02-18 08:12:58.970 DBG] OBS Settings :: Time to save 16.3074ms
[2026-02-18 08:12:58.983 DBG] MeldStudio Settings :: Time to save 11.9361ms
[2026-02-18 08:12:58.999 DBG] Credits :: Time to save 16.3169ms
[2026-02-18 08:12:59.018 DBG] Quotes :: Time to save 18.8078ms
[2026-02-18 08:12:59.087 DBG] Config :: Time to save 21.0831ms
[2026-02-18 08:13:25.056 DBG] ViewerRepo :: UpdatePresence(twitch, 5), 0.0297ms
[2026-02-18 08:13:25.110 DBG] TwitchService :: Presence Timer :: Artificially updated presence with a threshold of 5 minutes (55.083ms)
[2026-02-18 08:14:25.070 DBG] ViewerRepo :: UpdatePresence(twitch, 5), 0.0301ms
[2026-02-18 08:14:25.124 DBG] TwitchService :: Presence Timer :: Artificially updated presence with a threshold of 5 minutes (53.6514ms)
[2026-02-18 08:15:25.081 DBG] ViewerRepo :: UpdatePresence(twitch, 5), 0.0311ms
[2026-02-18 08:15:25.139 DBG] TwitchService :: Presence Timer :: Artificially updated presence with a threshold of 5 minutes (56.8771ms)
[2026-02-18 08:16:25.097 DBG] ViewerRepo :: UpdatePresence(twitch, 5), 0.0316ms
[2026-02-18 08:16:25.152 DBG] TwitchService :: Presence Timer :: Artificially updated presence with a threshold of 5 minutes (55.3733ms)
[2026-02-18 08:17:12.373 DBG] Credits :: Time to save 19.3085ms
[2026-02-18 08:17:25.102 DBG] ViewerRepo :: UpdatePresence(twitch, 5), 0.0896ms
[2026-02-18 08:17:25.155 DBG] TwitchService :: Presence Timer :: Artificially updated presence with a threshold of 5 minutes (52.4012ms)
[2026-02-18 08:17:38.440 DBG] ActionDispatcher :: Queueing 'Sub Goal' (361aa588-5f31-4e19-b8a5-099cae52479d, TimedAction) to 'Default' (00000000-0000-0000-0000-000000000000), with 11 arguments
[2026-02-18 08:17:38.440 DBG] ActionQueue :: 'Default' (00000000-0000-0000-0000-000000000000) :: Enqueue action 361aa588-5f31-4e19-b8a5-099cae52479d
[2026-02-18 08:17:38.440 DBG] ActionQueue :: 'Default' (00000000-0000-0000-0000-000000000000) :: Handling queue
[2026-02-18 08:17:38.440 DBG] ActionQueue :: 'Default' (00000000-0000-0000-0000-000000000000) :: Performing non-blocking 'Sub Goal' (361aa588-5f31-4e19-b8a5-099cae52479d, 92dfa1f5-7036-4e72-a5b6-7a0f8a32610d)
[2026-02-18 08:17:59.116 DBG] AutoSave :: Auto saving settings...
[2026-02-18 08:17:59.137 DBG] Users :: Time to save 21.5357ms
[2026-02-18 08:17:59.159 DBG] Actions :: Time to save 21.2095ms
[2026-02-18 08:17:59.177 DBG] Commands :: Time to save 18.8666ms
[2026-02-18 08:17:59.197 DBG] Twitch Rewards :: Time to save 18.9591ms
[2026-02-18 08:17:59.214 DBG] Midi :: Time to save 17.631ms
[2026-02-18 08:17:59.226 DBG] OBS Settings :: Time to save 11.9349ms
[2026-02-18 08:17:59.237 DBG] MeldStudio Settings :: Time to save 11.1097ms
[2026-02-18 08:17:59.253 DBG] Credits :: Time to save 16.0665ms
[2026-02-18 08:17:59.273 DBG] Quotes :: Time to save 19.1093ms
[2026-02-18 08:17:59.332 DBG] Config :: Time to save 14.3816ms
[2026-02-18 08:18:25.103 DBG] ViewerRepo :: UpdatePresence(twitch, 5), 0.038ms
[2026-02-18 08:18:25.161 DBG] TwitchService :: Presence Timer :: Artificially updated presence with a threshold of 5 minutes (58.4883ms)
[2026-02-18 08:19:25.110 DBG] ViewerRepo :: UpdatePresence(twitch, 5), 0.0296ms
[2026-02-18 08:19:25.164 DBG] TwitchService :: Presence Timer :: Artificially updated presence with a threshold of 5 minutes (54.3428ms)
[2026-02-18 08:20:25.116 DBG] ViewerRepo :: UpdatePresence(twitch, 5), 0.0324ms
[2026-02-18 08:20:25.172 DBG] TwitchService :: Presence Timer :: Artificially updated presence with a threshold of 5 minutes (56.5218ms)
[2026-02-18 08:21:25.118 DBG] ViewerRepo :: UpdatePresence(twitch, 5), 0.0297ms
[2026-02-18 08:21:25.170 DBG] TwitchService :: Presence Timer :: Artificially updated presence with a threshold of 5 minutes (52.7582ms)
[2026-02-18 08:22:12.374 DBG] Credits :: Time to save 19.8752ms
[2026-02-18 08:22:25.127 DBG] ViewerRepo :: UpdatePresence(twitch, 5), 0.0308ms
[2026-02-18 08:22:25.178 DBG] TwitchService :: Presence Timer :: Artificially updated presence with a threshold of 5 minutes (51.0646ms)
[2026-02-18 08:22:59.372 DBG] AutoSave :: Auto saving settings...
[2026-02-18 08:22:59.394 DBG] Users :: Time to save 22.3926ms
[2026-02-18 08:22:59.419 DBG] Actions :: Time to save 24.1117ms
[2026-02-18 08:22:59.438 DBG] Commands :: Time to save 19.4043ms
[2026-02-18 08:22:59.453 DBG] Twitch Rewards :: Time to save 15.5347ms
[2026-02-18 08:22:59.464 DBG] Midi :: Time to save 11.3651ms
[2026-02-18 08:22:59.483 DBG] OBS Settings :: Time to save 18.1972ms
[2026-02-18 08:22:59.495 DBG] MeldStudio Settings :: Time to save 11.5869ms
[2026-02-18 08:22:59.510 DBG] Credits :: Time to save 15.5277ms
[2026-02-18 08:22:59.530 DBG] Quotes :: Time to save 18.6902ms
[2026-02-18 08:22:59.595 DBG] Config :: Time to save 20.7155ms
[2026-02-18 08:23:25.129 DBG] ViewerRepo :: UpdatePresence(twitch, 5), 0.0318ms
[2026-02-18 08:23:25.180 DBG] TwitchService :: Presence Timer :: Artificially updated presence with a threshold of 5 minutes (52.1691ms)
[2026-02-18 08:24:25.130 DBG] ViewerRepo :: UpdatePresence(twitch, 5), 0.0322ms
[2026-02-18 08:24:25.187 DBG] TwitchService :: Presence Timer :: Artificially updated presence with a threshold of 5 minutes (57.3422ms)
[2026-02-18 08:25:25.140 DBG] ViewerRepo :: UpdatePresence(twitch, 5), 0.0295ms
[2026-02-18 08:25:25.192 DBG] TwitchService :: Presence Timer :: Artificially updated presence with a threshold of 5 minutes (52.3247ms)
[2026-02-18 08:26:25.143 DBG] ViewerRepo :: UpdatePresence(twitch, 5), 0.0294ms
[2026-02-18 08:26:25.201 DBG] TwitchService :: Presence Timer :: Artificially updated presence with a threshold of 5 minutes (58.617ms)
[2026-02-18 08:27:12.379 DBG] Credits :: Time to save 19.7254ms
[2026-02-18 08:27:25.150 DBG] ViewerRepo :: UpdatePresence(twitch, 5), 0.0307ms
[2026-02-18 08:27:25.204 DBG] TwitchService :: Presence Timer :: Artificially updated presence with a threshold of 5 minutes (55.2712ms)
[2026-02-18 08:27:38.662 DBG] ActionDispatcher :: Queueing 'Sub Goal' (361aa588-5f31-4e19-b8a5-099cae52479d, TimedAction) to 'Default' (00000000-0000-0000-0000-000000000000), with 11 arguments
[2026-02-18 08:27:38.662 DBG] ActionQueue :: 'Default' (00000000-0000-0000-0000-000000000000) :: Enqueue action 361aa588-5f31-4e19-b8a5-099cae52479d
[2026-02-18 08:27:38.662 DBG] ActionQueue :: 'Default' (00000000-0000-0000-0000-000000000000) :: Handling queue
[2026-02-18 08:27:38.662 DBG] ActionQueue :: 'Default' (00000000-0000-0000-0000-000000000000) :: Performing non-blocking 'Sub Goal' (361aa588-5f31-4e19-b8a5-099cae52479d, fd21f187-73a5-4081-9abd-76d6056026ae)
[2026-02-18 08:27:59.604 DBG] AutoSave :: Auto saving settings...
[2026-02-18 08:27:59.627 DBG] Users :: Time to save 22.58ms
[2026-02-18 08:27:59.650 DBG] Actions :: Time to save 24.3291ms
[2026-02-18 08:27:59.670 DBG] Commands :: Time to save 18.9641ms
[2026-02-18 08:27:59.688 DBG] Twitch Rewards :: Time to save 18.5061ms
[2026-02-18 08:27:59.704 DBG] Midi :: Time to save 16.1963ms
[2026-02-18 08:27:59.717 DBG] OBS Settings :: Time to save 11.7387ms
[2026-02-18 08:27:59.728 DBG] MeldStudio Settings :: Time to save 11.5566ms
[2026-02-18 08:27:59.743 DBG] Credits :: Time to save 15.636ms
[2026-02-18 08:27:59.760 DBG] Quotes :: Time to save 17.0517ms
[2026-02-18 08:27:59.828 DBG] Config :: Time to save 20.5046ms
[2026-02-18 08:28:25.159 DBG] ViewerRepo :: UpdatePresence(twitch, 5), 0.0285ms
[2026-02-18 08:28:25.216 DBG] TwitchService :: Presence Timer :: Artificially updated presence with a threshold of 5 minutes (57.6724ms)
[2026-02-18 08:29:25.164 DBG] ViewerRepo :: UpdatePresence(twitch, 5), 0.0403ms
[2026-02-18 08:29:25.225 DBG] TwitchService :: Presence Timer :: Artificially updated presence with a threshold of 5 minutes (61.018ms)
[2026-02-18 08:30:25.169 DBG] ViewerRepo :: UpdatePresence(twitch, 5), 0.0319ms
[2026-02-18 08:30:25.229 DBG] TwitchService :: Presence Timer :: Artificially updated presence with a threshold of 5 minutes (59.8145ms)
[2026-02-18 08:31:25.176 DBG] ViewerRepo :: UpdatePresence(twitch, 5), 0.0298ms
[2026-02-18 08:31:25.233 DBG] TwitchService :: Presence Timer :: Artificially updated presence with a threshold of 5 minutes (56.8402ms)
[2026-02-18 08:32:12.384 DBG] Credits :: Time to save 21.4823ms
[2026-02-18 08:32:25.186 DBG] ViewerRepo :: UpdatePresence(twitch, 5), 0.0297ms
[2026-02-18 08:32:25.240 DBG] TwitchService :: Presence Timer :: Artificially updated presence with a threshold of 5 minutes (55.0122ms)
[2026-02-18 08:32:59.841 DBG] AutoSave :: Auto saving settings...
[2026-02-18 08:32:59.861 DBG] Users :: Time to save 20.5777ms
[2026-02-18 08:32:59.888 DBG] Actions :: Time to save 26.8882ms
[2026-02-18 08:32:59.907 DBG] Commands :: Time to save 18.9038ms
[2026-02-18 08:32:59.924 DBG] Twitch Rewards :: Time to save 17.5368ms
[2026-02-18 08:32:59.941 DBG] Midi :: Time to save 16.6403ms
[2026-02-18 08:32:59.959 DBG] OBS Settings :: Time to save 16.7529ms
[2026-02-18 08:32:59.976 DBG] MeldStudio Settings :: Time to save 17.0857ms
[2026-02-18 08:32:59.992 DBG] Credits :: Time to save 16.6017ms
[2026-02-18 08:33:00.011 DBG] Quotes :: Time to save 18.7345ms
[2026-02-18 08:33:00.064 DBG] Config :: Time to save 20.992ms
[2026-02-18 08:33:25.200 DBG] ViewerRepo :: UpdatePresence(twitch, 5), 0.0323ms
[2026-02-18 08:33:25.253 DBG] TwitchService :: Presence Timer :: Artificially updated presence with a threshold of 5 minutes (53.6491ms)
[2026-02-18 08:34:25.213 DBG] ViewerRepo :: UpdatePresence(twitch, 5), 0.0305ms
[2026-02-18 08:34:25.273 DBG] TwitchService :: Presence Timer :: Artificially updated presence with a threshold of 5 minutes (60.5001ms)
[2026-02-18 08:35:25.221 DBG] ViewerRepo :: UpdatePresence(twitch, 5), 0.0302ms
[2026-02-18 08:35:25.280 DBG] TwitchService :: Presence Timer :: Artificially updated presence with a threshold of 5 minutes (58.1274ms)
[2026-02-18 08:36:25.237 DBG] ViewerRepo :: UpdatePresence(twitch, 5), 0.0312ms
[2026-02-18 08:36:25.292 DBG] TwitchService :: Presence Timer :: Artificially updated presence with a threshold of 5 minutes (55.8006ms)
[2026-02-18 08:37:12.394 DBG] Credits :: Time to save 22.237ms
[2026-02-18 08:37:25.253 DBG] ViewerRepo :: UpdatePresence(twitch, 5), 0.0303ms
[2026-02-18 08:37:25.310 DBG] TwitchService :: Presence Timer :: Artificially updated presence with a threshold of 5 minutes (58.4404ms)
[2026-02-18 08:37:38.732 DBG] ActionDispatcher :: Queueing 'Sub Goal' (361aa588-5f31-4e19-b8a5-099cae52479d, TimedAction) to 'Default' (00000000-0000-0000-0000-000000000000), with 11 arguments
[2026-02-18 08:37:38.732 DBG] ActionQueue :: 'Default' (00000000-0000-0000-0000-000000000000) :: Enqueue action 361aa588-5f31-4e19-b8a5-099cae52479d
[2026-02-18 08:37:38.732 DBG] ActionQueue :: 'Default' (00000000-0000-0000-0000-000000000000) :: Handling queue
[2026-02-18 08:37:38.732 DBG] ActionQueue :: 'Default' (00000000-0000-0000-0000-000000000000) :: Performing non-blocking 'Sub Goal' (361aa588-5f31-4e19-b8a5-099cae52479d, e3ca84b7-d52d-46b4-90ae-c55459ba28d2)
[2026-02-18 08:38:00.111 DBG] AutoSave :: Auto saving settings...
[2026-02-18 08:38:00.133 DBG] Users :: Time to save 22.1011ms
[2026-02-18 08:38:00.156 DBG] Actions :: Time to save 21.8501ms
[2026-02-18 08:38:00.172 DBG] Commands :: Time to save 16.919ms
[2026-02-18 08:38:00.186 DBG] Twitch Rewards :: Time to save 13.3662ms
[2026-02-18 08:38:00.201 DBG] Midi :: Time to save 15.2368ms
[2026-02-18 08:38:00.212 DBG] OBS Settings :: Time to save 11.3335ms
[2026-02-18 08:38:00.224 DBG] MeldStudio Settings :: Time to save 11.6432ms
[2026-02-18 08:38:00.241 DBG] Credits :: Time to save 16.7921ms
[2026-02-18 08:38:00.259 DBG] Quotes :: Time to save 17.4704ms
[2026-02-18 08:38:00.333 DBG] Config :: Time to save 20.2419ms
[2026-02-18 08:38:25.258 DBG] ViewerRepo :: UpdatePresence(twitch, 5), 0.0302ms
[2026-02-18 08:38:25.312 DBG] TwitchService :: Presence Timer :: Artificially updated presence with a threshold of 5 minutes (54.9834ms)
[2026-02-18 08:39:25.264 DBG] ViewerRepo :: UpdatePresence(twitch, 5), 0.0311ms
[2026-02-18 08:39:25.317 DBG] TwitchService :: Presence Timer :: Artificially updated presence with a threshold of 5 minutes (52.9047ms)
[2026-02-18 08:40:25.278 DBG] ViewerRepo :: UpdatePresence(twitch, 5), 0.0331ms
[2026-02-18 08:40:25.335 DBG] TwitchService :: Presence Timer :: Artificially updated presence with a threshold of 5 minutes (58.2248ms)
[2026-02-18 08:41:25.293 DBG] ViewerRepo :: UpdatePresence(twitch, 5), 0.0297ms
[2026-02-18 08:41:25.348 DBG] TwitchService :: Presence Timer :: Artificially updated presence with a threshold of 5 minutes (55.3389ms)
[2026-02-18 08:42:12.397 DBG] Credits :: Time to save 13.566ms
[2026-02-18 08:42:25.294 DBG] ViewerRepo :: UpdatePresence(twitch, 5), 0.0303ms
[2026-02-18 08:42:25.352 DBG] TwitchService :: Presence Timer :: Artificially updated presence with a threshold of 5 minutes (58.3893ms)
[2026-02-18 08:43:00.398 DBG] AutoSave :: Auto saving settings...
[2026-02-18 08:43:00.420 DBG] Users :: Time to save 21.9564ms
[2026-02-18 08:43:00.444 DBG] Actions :: Time to save 24.6325ms
[2026-02-18 08:43:00.462 DBG] Commands :: Time to save 18.4753ms
[2026-02-18 08:43:00.475 DBG] Twitch Rewards :: Time to save 12.9213ms
[2026-02-18 08:43:00.487 DBG] Midi :: Time to save 11.4298ms
[2026-02-18 08:43:00.503 DBG] OBS Settings :: Time to save 16.3479ms
[2026-02-18 08:43:00.520 DBG] MeldStudio Settings :: Time to save 15.8268ms
[2026-02-18 08:43:00.534 DBG] Credits :: Time to save 15.2436ms
[2026-02-18 08:43:00.551 DBG] Quotes :: Time to save 16.9259ms
[2026-02-18 08:43:00.621 DBG] Config :: Time to save 21.239ms
[2026-02-18 08:43:25.307 DBG] ViewerRepo :: UpdatePresence(twitch, 5), 0.0297ms
[2026-02-18 08:43:25.362 DBG] TwitchService :: Presence Timer :: Artificially updated presence with a threshold of 5 minutes (56.1271ms)
[2026-02-18 08:44:25.331 DBG] ViewerRepo :: UpdatePresence(twitch, 5), 0.0383ms
[2026-02-18 08:44:25.385 DBG] TwitchService :: Presence Timer :: Artificially updated presence with a threshold of 5 minutes (53.8089ms)
[2026-02-18 08:45:25.347 DBG] ViewerRepo :: UpdatePresence(twitch, 5), 0.0318ms
[2026-02-18 08:45:25.400 DBG] TwitchService :: Presence Timer :: Artificially updated presence with a threshold of 5 minutes (53.6203ms)
[2026-02-18 08:46:25.354 DBG] ViewerRepo :: UpdatePresence(twitch, 5), 0.0324ms
[2026-02-18 08:46:25.409 DBG] TwitchService :: Presence Timer :: Artificially updated presence with a threshold of 5 minutes (55.2759ms)
[2026-02-18 08:47:12.430 DBG] Credits :: Time to save 19.7024ms
[2026-02-18 08:47:25.361 DBG] ViewerRepo :: UpdatePresence(twitch, 5), 0.0556ms
[2026-02-18 08:47:25.414 DBG] TwitchService :: Presence Timer :: Artificially updated presence with a threshold of 5 minutes (54.1132ms)
[2026-02-18 08:47:38.783 DBG] ActionDispatcher :: Queueing 'Sub Goal' (361aa588-5f31-4e19-b8a5-099cae52479d, TimedAction) to 'Default' (00000000-0000-0000-0000-000000000000), with 11 arguments
[2026-02-18 08:47:38.783 DBG] ActionQueue :: 'Default' (00000000-0000-0000-0000-000000000000) :: Enqueue action 361aa588-5f31-4e19-b8a5-099cae52479d
[2026-02-18 08:47:38.783 DBG] ActionQueue :: 'Default' (00000000-0000-0000-0000-000000000000) :: Handling queue
[2026-02-18 08:47:38.783 DBG] ActionQueue :: 'Default' (00000000-0000-0000-0000-000000000000) :: Performing non-blocking 'Sub Goal' (361aa588-5f31-4e19-b8a5-099cae52479d, 3aee32a4-0173-4363-8695-822dbd91ffbc)
[2026-02-18 08:48:00.635 DBG] AutoSave :: Auto saving settings...
[2026-02-18 08:48:00.656 DBG] Users :: Time to save 21.6669ms
[2026-02-18 08:48:00.681 DBG] Actions :: Time to save 24.6642ms
[2026-02-18 08:48:00.701 DBG] Commands :: Time to save 19.8204ms
[2026-02-18 08:48:00.720 DBG] Twitch Rewards :: Time to save 19.1272ms
[2026-02-18 08:48:00.737 DBG] Midi :: Time to save 17.1025ms
[2026-02-18 08:48:00.750 DBG] OBS Settings :: Time to save 12.1695ms
[2026-02-18 08:48:00.766 DBG] MeldStudio Settings :: Time to save 16.8484ms
[2026-02-18 08:48:00.783 DBG] Credits :: Time to save 17.1247ms
[2026-02-18 08:48:00.802 DBG] Quotes :: Time to save 18.4548ms
[2026-02-18 08:48:00.858 DBG] Config :: Time to save 20.6256ms
[2026-02-18 08:48:25.374 DBG] ViewerRepo :: UpdatePresence(twitch, 5), 0.0282ms
[2026-02-18 08:48:25.428 DBG] TwitchService :: Presence Timer :: Artificially updated presence with a threshold of 5 minutes (54.3209ms)
[2026-02-18 08:49:25.376 DBG] ViewerRepo :: UpdatePresence(twitch, 5), 0.0387ms
[2026-02-18 08:49:25.430 DBG] TwitchService :: Presence Timer :: Artificially updated presence with a threshold of 5 minutes (53.4892ms)
[2026-02-18 08:50:25.381 DBG] ViewerRepo :: UpdatePresence(twitch, 5), 0.0301ms
[2026-02-18 08:50:25.435 DBG] TwitchService :: Presence Timer :: Artificially updated presence with a threshold of 5 minutes (54.9836ms)
[2026-02-18 08:51:25.391 DBG] ViewerRepo :: UpdatePresence(twitch, 5), 0.0421ms
[2026-02-18 08:51:25.447 DBG] TwitchService :: Presence Timer :: Artificially updated presence with a threshold of 5 minutes (56.5377ms)
[2026-02-18 08:52:12.438 DBG] Credits :: Time to save 12.9971ms
[2026-02-18 08:52:25.402 DBG] ViewerRepo :: UpdatePresence(twitch, 5), 0.0301ms
[2026-02-18 08:52:25.464 DBG] TwitchService :: Presence Timer :: Artificially updated presence with a threshold of 5 minutes (62.9534ms)
[2026-02-18 08:53:00.873 DBG] AutoSave :: Auto saving settings...
[2026-02-18 08:53:00.894 DBG] Users :: Time to save 21.2464ms
[2026-02-18 08:53:00.916 DBG] Actions :: Time to save 22.6473ms
[2026-02-18 08:53:00.934 DBG] Commands :: Time to save 18.2273ms
[2026-02-18 08:53:00.947 DBG] Twitch Rewards :: Time to save 12.7501ms
[2026-02-18 08:53:00.962 DBG] Midi :: Time to save 14.2198ms
[2026-02-18 08:53:00.977 DBG] OBS Settings :: Time to save 14.4938ms
[2026-02-18 08:53:00.993 DBG] MeldStudio Settings :: Time to save 16.2127ms
[2026-02-18 08:53:01.006 DBG] Credits :: Time to save 13.7082ms
[2026-02-18 08:53:01.019 DBG] Quotes :: Time to save 12.5666ms
[2026-02-18 08:53:01.089 DBG] Config :: Time to save 14.2473ms
[2026-02-18 08:53:25.407 DBG] ViewerRepo :: UpdatePresence(twitch, 5), 0.0297ms
[2026-02-18 08:53:25.463 DBG] TwitchService :: Presence Timer :: Artificially updated presence with a threshold of 5 minutes (55.7441ms)
[2026-02-18 08:54:25.419 DBG] ViewerRepo :: UpdatePresence(twitch, 5), 0.0315ms
[2026-02-18 08:54:25.473 DBG] TwitchService :: Presence Timer :: Artificially updated presence with a threshold of 5 minutes (54.0385ms)
[2026-02-18 08:55:25.432 DBG] ViewerRepo :: UpdatePresence(twitch, 5), 0.0311ms
[2026-02-18 08:55:25.486 DBG] TwitchService :: Presence Timer :: Artificially updated presence with a threshold of 5 minutes (55.2588ms)
[2026-02-18 08:56:25.442 DBG] ViewerRepo :: UpdatePresence(twitch, 5), 0.0301ms
[2026-02-18 08:56:25.501 DBG] TwitchService :: Presence Timer :: Artificially updated presence with a threshold of 5 minutes (59.928ms)
[2026-02-18 08:57:12.443 DBG] Credits :: Time to save 13.7604ms
[2026-02-18 08:57:25.443 DBG] ViewerRepo :: UpdatePresence(twitch, 5), 0.0301ms
[2026-02-18 08:57:25.498 DBG] TwitchService :: Presence Timer :: Artificially updated presence with a threshold of 5 minutes (56.0298ms)
[2026-02-18 08:57:39.192 DBG] ActionDispatcher :: Queueing 'Sub Goal' (361aa588-5f31-4e19-b8a5-099cae52479d, TimedAction) to 'Default' (00000000-0000-0000-0000-000000000000), with 11 arguments
[2026-02-18 08:57:39.192 DBG] ActionQueue :: 'Default' (00000000-0000-0000-0000-000000000000) :: Enqueue action 361aa588-5f31-4e19-b8a5-099cae52479d
[2026-02-18 08:57:39.192 DBG] ActionQueue :: 'Default' (00000000-0000-0000-0000-000000000000) :: Handling queue
[2026-02-18 08:57:39.192 DBG] ActionQueue :: 'Default' (00000000-0000-0000-0000-000000000000) :: Performing non-blocking 'Sub Goal' (361aa588-5f31-4e19-b8a5-099cae52479d, 8f1abdc2-b0a9-4c94-a651-c8118d582cb5)
[2026-02-18 08:58:01.121 DBG] AutoSave :: Auto saving settings...
[2026-02-18 08:58:01.144 DBG] Users :: Time to save 23.6041ms
[2026-02-18 08:58:01.172 DBG] Actions :: Time to save 27.4351ms
[2026-02-18 08:58:01.192 DBG] Commands :: Time to save 19.937ms
[2026-02-18 08:58:01.207 DBG] Twitch Rewards :: Time to save 15.0478ms
[2026-02-18 08:58:01.219 DBG] Midi :: Time to save 12.5062ms
[2026-02-18 08:58:01.231 DBG] OBS Settings :: Time to save 11.0548ms
[2026-02-18 08:58:01.241 DBG] MeldStudio Settings :: Time to save 10.4176ms
[2026-02-18 08:58:01.256 DBG] Credits :: Time to save 15.0392ms
[2026-02-18 08:58:01.274 DBG] Quotes :: Time to save 18.2817ms
[2026-02-18 08:58:01.337 DBG] Config :: Time to save 14.5383ms
[2026-02-18 08:58:25.449 DBG] ViewerRepo :: UpdatePresence(twitch, 5), 0.0303ms
[2026-02-18 08:58:25.502 DBG] TwitchService :: Presence Timer :: Artificially updated presence with a threshold of 5 minutes (53.0537ms)
[2026-02-18 08:59:25.464 DBG] ViewerRepo :: UpdatePresence(twitch, 5), 0.0294ms
[2026-02-18 08:59:25.518 DBG] TwitchService :: Presence Timer :: Artificially updated presence with a threshold of 5 minutes (54.3976ms)
[2026-02-18 09:00:25.466 DBG] ViewerRepo :: UpdatePresence(twitch, 5), 0.0322ms
[2026-02-18 09:00:25.522 DBG] TwitchService :: Presence Timer :: Artificially updated presence with a threshold of 5 minutes (55.4594ms)
[2026-02-18 09:01:25.472 DBG] ViewerRepo :: UpdatePresence(twitch, 5), 0.0293ms
[2026-02-18 09:01:25.524 DBG] TwitchService :: Presence Timer :: Artificially updated presence with a threshold of 5 minutes (52.2767ms)
[2026-02-18 09:02:12.456 DBG] Credits :: Time to save 20.841ms
[2026-02-18 09:02:25.480 DBG] ViewerRepo :: UpdatePresence(twitch, 5), 0.0308ms
[2026-02-18 09:02:25.533 DBG] TwitchService :: Presence Timer :: Artificially updated presence with a threshold of 5 minutes (53.7327ms)
[2026-02-18 09:03:01.366 DBG] AutoSave :: Auto saving settings...
[2026-02-18 09:03:01.387 DBG] Users :: Time to save 21.4048ms
[2026-02-18 09:03:01.409 DBG] Actions :: Time to save 21.4134ms
[2026-02-18 09:03:01.425 DBG] Commands :: Time to save 16.5433ms
[2026-02-18 09:03:01.444 DBG] Twitch Rewards :: Time to save 18.7592ms
[2026-02-18 09:03:01.462 DBG] Midi :: Time to save 16.8258ms
[2026-02-18 09:03:01.478 DBG] OBS Settings :: Time to save 16.4786ms
[2026-02-18 09:03:01.494 DBG] MeldStudio Settings :: Time to save 16.5555ms
[2026-02-18 09:03:01.512 DBG] Credits :: Time to save 17.4577ms
[2026-02-18 09:03:01.533 DBG] Quotes :: Time to save 20.9951ms
[2026-02-18 09:03:01.592 DBG] Config :: Time to save 22.8115ms
[2026-02-18 09:03:25.492 DBG] ViewerRepo :: UpdatePresence(twitch, 5), 0.0373ms
[2026-02-18 09:03:25.549 DBG] TwitchService :: Presence Timer :: Artificially updated presence with a threshold of 5 minutes (58.3713ms)
[2026-02-18 09:04:25.502 DBG] ViewerRepo :: UpdatePresence(twitch, 5), 0.0301ms
[2026-02-18 09:04:25.557 DBG] TwitchService :: Presence Timer :: Artificially updated presence with a threshold of 5 minutes (55.1432ms)
[2026-02-18 09:05:25.511 DBG] ViewerRepo :: UpdatePresence(twitch, 5), 0.0309ms
[2026-02-18 09:05:25.566 DBG] TwitchService :: Presence Timer :: Artificially updated presence with a threshold of 5 minutes (55.7169ms)
[2026-02-18 09:06:25.525 DBG] ViewerRepo :: UpdatePresence(twitch, 5), 0.03ms
[2026-02-18 09:06:25.577 DBG] TwitchService :: Presence Timer :: Artificially updated presence with a threshold of 5 minutes (52.0045ms)
[2026-02-18 09:07:12.458 DBG] Credits :: Time to save 18.4813ms
[2026-02-18 09:07:25.527 DBG] ViewerRepo :: UpdatePresence(twitch, 5), 0.0324ms
[2026-02-18 09:07:25.583 DBG] TwitchService :: Presence Timer :: Artificially updated presence with a threshold of 5 minutes (56.5354ms)
[2026-02-18 09:07:39.510 DBG] ActionDispatcher :: Queueing 'Sub Goal' (361aa588-5f31-4e19-b8a5-099cae52479d, TimedAction) to 'Default' (00000000-0000-0000-0000-000000000000), with 11 arguments
[2026-02-18 09:07:39.510 DBG] ActionQueue :: 'Default' (00000000-0000-0000-0000-000000000000) :: Enqueue action 361aa588-5f31-4e19-b8a5-099cae52479d
[2026-02-18 09:07:39.510 DBG] ActionQueue :: 'Default' (00000000-0000-0000-0000-000000000000) :: Handling queue
[2026-02-18 09:07:39.510 DBG] ActionQueue :: 'Default' (00000000-0000-0000-0000-000000000000) :: Performing non-blocking 'Sub Goal' (361aa588-5f31-4e19-b8a5-099cae52479d, 71c54466-c7a8-49b0-a9df-e76412d891c8)
[2026-02-18 09:08:01.662 DBG] AutoSave :: Auto saving settings...
[2026-02-18 09:08:01.685 DBG] Users :: Time to save 23.4985ms
[2026-02-18 09:08:01.711 DBG] Actions :: Time to save 24.9974ms
[2026-02-18 09:08:01.724 DBG] Commands :: Time to save 13.4704ms
[2026-02-18 09:08:01.743 DBG] Twitch Rewards :: Time to save 18.5053ms
[2026-02-18 09:08:01.754 DBG] Midi :: Time to save 11.1553ms
[2026-02-18 09:08:01.769 DBG] OBS Settings :: Time to save 16.4378ms
[2026-02-18 09:08:01.786 DBG] MeldStudio Settings :: Time to save 15.2967ms
[2026-02-18 09:08:01.802 DBG] Credits :: Time to save 16.0995ms
[2026-02-18 09:08:01.822 DBG] Quotes :: Time to save 19.602ms
[2026-02-18 09:08:01.887 DBG] Config :: Time to save 21.1364ms
[2026-02-18 09:08:25.532 DBG] ViewerRepo :: UpdatePresence(twitch, 5), 0.0287ms
[2026-02-18 09:08:25.587 DBG] TwitchService :: Presence Timer :: Artificially updated presence with a threshold of 5 minutes (55.4972ms)
[2026-02-18 09:09:25.547 DBG] ViewerRepo :: UpdatePresence(twitch, 5), 0.0296ms
[2026-02-18 09:09:25.602 DBG] TwitchService :: Presence Timer :: Artificially updated presence with a threshold of 5 minutes (54.7812ms)
[2026-02-18 09:10:25.553 DBG] ViewerRepo :: UpdatePresence(twitch, 5), 0.0336ms
[2026-02-18 09:10:26.111 DBG] TwitchService :: Presence Timer :: Artificially updated presence with a threshold of 5 minutes (558.5711ms)
[2026-02-18 09:11:25.565 DBG] ViewerRepo :: UpdatePresence(twitch, 5), 0.0302ms
[2026-02-18 09:11:25.619 DBG] TwitchService :: Presence Timer :: Artificially updated presence with a threshold of 5 minutes (53.7354ms)
[2026-02-18 09:12:12.462 DBG] Credits :: Time to save 21.6543ms
[2026-02-18 09:12:25.571 DBG] ViewerRepo :: UpdatePresence(twitch, 5), 0.0291ms
[2026-02-18 09:12:25.647 DBG] TwitchService :: Presence Timer :: Artificially updated presence with a threshold of 5 minutes (76.8763ms)
[2026-02-18 09:13:01.919 DBG] AutoSave :: Auto saving settings...
[2026-02-18 09:13:01.943 DBG] Users :: Time to save 23.6801ms
[2026-02-18 09:13:01.966 DBG] Actions :: Time to save 23.7298ms
[2026-02-18 09:13:01.985 DBG] Commands :: Time to save 18.6475ms
[2026-02-18 09:13:02.005 DBG] Twitch Rewards :: Time to save 20.787ms
[2026-02-18 09:13:02.023 DBG] Midi :: Time to save 18.1633ms
[2026-02-18 09:13:02.041 DBG] OBS Settings :: Time to save 17.4545ms
[2026-02-18 09:13:02.058 DBG] MeldStudio Settings :: Time to save 16.4045ms
[2026-02-18 09:13:02.075 DBG] Credits :: Time to save 17.5884ms
[2026-02-18 09:13:02.095 DBG] Quotes :: Time to save 19.4025ms
[2026-02-18 09:13:02.143 DBG] Config :: Time to save 21.263ms
[2026-02-18 09:13:25.575 DBG] ViewerRepo :: UpdatePresence(twitch, 5), 0.0301ms
[2026-02-18 09:13:25.633 DBG] TwitchService :: Presence Timer :: Artificially updated presence with a threshold of 5 minutes (57.5987ms)
[2026-02-18 09:14:25.583 DBG] ViewerRepo :: UpdatePresence(twitch, 5), 0.0303ms
[2026-02-18 09:14:25.641 DBG] TwitchService :: Presence Timer :: Artificially updated presence with a threshold of 5 minutes (58.7961ms)
[2026-02-18 09:15:25.594 DBG] ViewerRepo :: UpdatePresence(twitch, 5), 0.0299ms
[2026-02-18 09:15:25.651 DBG] TwitchService :: Presence Timer :: Artificially updated presence with a threshold of 5 minutes (57.1078ms)
[2026-02-18 09:16:25.612 DBG] ViewerRepo :: UpdatePresence(twitch, 5), 0.0605ms
[2026-02-18 09:16:25.665 DBG] TwitchService :: Presence Timer :: Artificially updated presence with a threshold of 5 minutes (53.5609ms)
[2026-02-18 09:17:12.466 DBG] Credits :: Time to save 18.9021ms
[2026-02-18 09:17:25.624 DBG] ViewerRepo :: UpdatePresence(twitch, 5), 0.0305ms
[2026-02-18 09:17:25.679 DBG] TwitchService :: Presence Timer :: Artificially updated presence with a threshold of 5 minutes (56.4001ms)
[2026-02-18 09:17:39.713 DBG] ActionDispatcher :: Queueing 'Sub Goal' (361aa588-5f31-4e19-b8a5-099cae52479d, TimedAction) to 'Default' (00000000-0000-0000-0000-000000000000), with 11 arguments
[2026-02-18 09:17:39.713 DBG] ActionQueue :: 'Default' (00000000-0000-0000-0000-000000000000) :: Enqueue action 361aa588-5f31-4e19-b8a5-099cae52479d
[2026-02-18 09:17:39.713 DBG] ActionQueue :: 'Default' (00000000-0000-0000-0000-000000000000) :: Handling queue
[2026-02-18 09:17:39.713 DBG] ActionQueue :: 'Default' (00000000-0000-0000-0000-000000000000) :: Performing non-blocking 'Sub Goal' (361aa588-5f31-4e19-b8a5-099cae52479d, 59088200-a30e-49bd-a264-e9ab0c8de2c6)
[2026-02-18 09:18:02.158 DBG] AutoSave :: Auto saving settings...
[2026-02-18 09:18:02.181 DBG] Users :: Time to save 22.8322ms
[2026-02-18 09:18:02.207 DBG] Actions :: Time to save 25.766ms
[2026-02-18 09:18:02.220 DBG] Commands :: Time to save 13.6103ms
[2026-02-18 09:18:02.239 DBG] Twitch Rewards :: Time to save 19.1957ms
[2026-02-18 09:18:02.257 DBG] Midi :: Time to save 17.871ms
[2026-02-18 09:18:02.268 DBG] OBS Settings :: Time to save 10.6413ms
[2026-02-18 09:18:02.279 DBG] MeldStudio Settings :: Time to save 10.9422ms
[2026-02-18 09:18:02.293 DBG] Credits :: Time to save 13.5901ms
[2026-02-18 09:18:02.305 DBG] Quotes :: Time to save 12.1692ms
[2026-02-18 09:18:02.376 DBG] Config :: Time to save 14.6324ms
[2026-02-18 09:18:25.633 DBG] ViewerRepo :: UpdatePresence(twitch, 5), 0.0328ms
[2026-02-18 09:18:25.687 DBG] TwitchService :: Presence Timer :: Artificially updated presence with a threshold of 5 minutes (54.6974ms)
[2026-02-18 09:19:25.634 DBG] ViewerRepo :: UpdatePresence(twitch, 5), 0.0309ms
[2026-02-18 09:19:25.690 DBG] TwitchService :: Presence Timer :: Artificially updated presence with a threshold of 5 minutes (56.7509ms)
[2026-02-18 09:20:25.638 DBG] ViewerRepo :: UpdatePresence(twitch, 5), 0.0287ms
[2026-02-18 09:20:25.691 DBG] TwitchService :: Presence Timer :: Artificially updated presence with a threshold of 5 minutes (53.1385ms)
[2026-02-18 09:21:25.639 DBG] ViewerRepo :: UpdatePresence(twitch, 5), 0.0309ms
[2026-02-18 09:21:25.694 DBG] TwitchService :: Presence Timer :: Artificially updated presence with a threshold of 5 minutes (54.7404ms)
[2026-02-18 09:22:12.469 DBG] Credits :: Time to save 13.4487ms
[2026-02-18 09:22:25.648 DBG] ViewerRepo :: UpdatePresence(twitch, 5), 0.0333ms
[2026-02-18 09:22:25.702 DBG] TwitchService :: Presence Timer :: Artificially updated presence with a threshold of 5 minutes (54.7959ms)
[2026-02-18 09:23:02.371 DBG] AutoSave :: Auto saving settings...
[2026-02-18 09:23:02.387 DBG] Users :: Time to save 15.9473ms
[2026-02-18 09:23:02.413 DBG] Actions :: Time to save 26.3377ms
[2026-02-18 09:23:02.433 DBG] Commands :: Time to save 19.181ms
[2026-02-18 09:23:02.452 DBG] Twitch Rewards :: Time to save 19.4774ms
[2026-02-18 09:23:02.471 DBG] Midi :: Time to save 18.9854ms
[2026-02-18 09:23:02.489 DBG] OBS Settings :: Time to save 18.3866ms
[2026-02-18 09:23:02.508 DBG] MeldStudio Settings :: Time to save 17.7901ms
[2026-02-18 09:23:02.525 DBG] Credits :: Time to save 17.0386ms
[2026-02-18 09:23:02.544 DBG] Quotes :: Time to save 18.9941ms
[2026-02-18 09:23:02.595 DBG] Config :: Time to save 21.5083ms
[2026-02-18 09:23:25.662 DBG] ViewerRepo :: UpdatePresence(twitch, 5), 0.0404ms
[2026-02-18 09:23:25.722 DBG] TwitchService :: Presence Timer :: Artificially updated presence with a threshold of 5 minutes (60.4742ms)
[2026-02-18 09:24:25.678 DBG] ViewerRepo :: UpdatePresence(twitch, 5), 0.0298ms
[2026-02-18 09:24:25.737 DBG] TwitchService :: Presence Timer :: Artificially updated presence with a threshold of 5 minutes (59.6511ms)
[2026-02-18 09:25:25.690 DBG] ViewerRepo :: UpdatePresence(twitch, 5), 0.03ms
[2026-02-18 09:25:25.747 DBG] TwitchService :: Presence Timer :: Artificially updated presence with a threshold of 5 minutes (56.9824ms)
[2026-02-18 09:26:25.704 DBG] ViewerRepo :: UpdatePresence(twitch, 5), 0.0323ms
[2026-02-18 09:26:25.771 DBG] TwitchService :: Presence Timer :: Artificially updated presence with a threshold of 5 minutes (68.0137ms)
[2026-02-18 09:27:12.475 DBG] Credits :: Time to save 13.6948ms
[2026-02-18 09:27:25.707 DBG] ViewerRepo :: UpdatePresence(twitch, 5), 0.0293ms
[2026-02-18 09:27:25.762 DBG] TwitchService :: Presence Timer :: Artificially updated presence with a threshold of 5 minutes (55.566ms)
[2026-02-18 09:27:39.931 DBG] ActionDispatcher :: Queueing 'Sub Goal' (361aa588-5f31-4e19-b8a5-099cae52479d, TimedAction) to 'Default' (00000000-0000-0000-0000-000000000000), with 11 arguments
[2026-02-18 09:27:39.931 DBG] ActionQueue :: 'Default' (00000000-0000-0000-0000-000000000000) :: Enqueue action 361aa588-5f31-4e19-b8a5-099cae52479d
[2026-02-18 09:27:39.931 DBG] ActionQueue :: 'Default' (00000000-0000-0000-0000-000000000000) :: Handling queue
[2026-02-18 09:27:39.931 DBG] ActionQueue :: 'Default' (00000000-0000-0000-0000-000000000000) :: Performing non-blocking 'Sub Goal' (361aa588-5f31-4e19-b8a5-099cae52479d, 527682a7-e1ca-472e-80b3-a4fdb70b71b2)
[2026-02-18 09:28:02.658 DBG] AutoSave :: Auto saving settings...
[2026-02-18 09:28:02.679 DBG] Users :: Time to save 20.8607ms
[2026-02-18 09:28:02.702 DBG] Actions :: Time to save 23.7138ms
[2026-02-18 09:28:02.720 DBG] Commands :: Time to save 18.0314ms
[2026-02-18 09:28:02.739 DBG] Twitch Rewards :: Time to save 18.3083ms
[2026-02-18 09:28:02.750 DBG] Midi :: Time to save 11.5456ms
[2026-02-18 09:28:02.766 DBG] OBS Settings :: Time to save 15.67ms
[2026-02-18 09:28:02.777 DBG] MeldStudio Settings :: Time to save 11.0273ms
[2026-02-18 09:28:02.790 DBG] Credits :: Time to save 13.4528ms
[2026-02-18 09:28:02.805 DBG] Quotes :: Time to save 13.4582ms
[2026-02-18 09:28:02.876 DBG] Config :: Time to save 14.9075ms
[2026-02-18 09:28:25.715 DBG] ViewerRepo :: UpdatePresence(twitch, 5), 0.0292ms
[2026-02-18 09:28:25.768 DBG] TwitchService :: Presence Timer :: Artificially updated presence with a threshold of 5 minutes (52.6281ms)
[2026-02-18 09:29:25.728 DBG] ViewerRepo :: UpdatePresence(twitch, 5), 0.0417ms
[2026-02-18 09:29:25.783 DBG] TwitchService :: Presence Timer :: Artificially updated presence with a threshold of 5 minutes (55.4275ms)
[2026-02-18 09:30:25.740 DBG] ViewerRepo :: UpdatePresence(twitch, 5), 0.0285ms
[2026-02-18 09:30:25.795 DBG] TwitchService :: Presence Timer :: Artificially updated presence with a threshold of 5 minutes (54.8903ms)
[2026-02-18 09:31:25.756 DBG] ViewerRepo :: UpdatePresence(twitch, 5), 0.0294ms
[2026-02-18 09:31:25.812 DBG] TwitchService :: Presence Timer :: Artificially updated presence with a threshold of 5 minutes (57.1945ms)
[2026-02-18 09:32:12.483 DBG] Credits :: Time to save 19.2579ms
[2026-02-18 09:32:25.761 DBG] ViewerRepo :: UpdatePresence(twitch, 5), 0.0305ms
[2026-02-18 09:32:25.815 DBG] TwitchService :: Presence Timer :: Artificially updated presence with a threshold of 5 minutes (54.8397ms)
[2026-02-18 09:33:02.886 DBG] AutoSave :: Auto saving settings...
[2026-02-18 09:33:02.907 DBG] Users :: Time to save 21.7069ms
[2026-02-18 09:33:02.929 DBG] Actions :: Time to save 22.225ms
[2026-02-18 09:33:02.947 DBG] Commands :: Time to save 17.2262ms
[2026-02-18 09:33:02.959 DBG] Twitch Rewards :: Time to save 12.4486ms
[2026-02-18 09:33:02.974 DBG] Midi :: Time to save 14.9294ms
[2026-02-18 09:33:02.988 DBG] OBS Settings :: Time to save 14.1592ms
[2026-02-18 09:33:03.002 DBG] MeldStudio Settings :: Time to save 13.4184ms
[2026-02-18 09:33:03.013 DBG] Credits :: Time to save 12.09ms
[2026-02-18 09:33:03.027 DBG] Quotes :: Time to save 12.2888ms
[2026-02-18 09:33:03.108 DBG] Config :: Time to save 20.3491ms
[2026-02-18 09:33:25.767 DBG] ViewerRepo :: UpdatePresence(twitch, 5), 0.0328ms
[2026-02-18 09:33:25.821 DBG] TwitchService :: Presence Timer :: Artificially updated presence with a threshold of 5 minutes (54.6271ms)
[2026-02-18 09:34:25.770 DBG] ViewerRepo :: UpdatePresence(twitch, 5), 0.0372ms
[2026-02-18 09:34:25.826 DBG] TwitchService :: Presence Timer :: Artificially updated presence with a threshold of 5 minutes (56.3827ms)
[2026-02-18 09:35:25.777 DBG] ViewerRepo :: UpdatePresence(twitch, 5), 0.0295ms
[2026-02-18 09:35:25.830 DBG] TwitchService :: Presence Timer :: Artificially updated presence with a threshold of 5 minutes (54.1243ms)
[2026-02-18 09:36:25.786 DBG] ViewerRepo :: UpdatePresence(twitch, 5), 0.0303ms
[2026-02-18 09:36:25.839 DBG] TwitchService :: Presence Timer :: Artificially updated presence with a threshold of 5 minutes (53.2666ms)
[2026-02-18 09:37:12.500 DBG] Credits :: Time to save 20.3643ms
[2026-02-18 09:37:25.795 DBG] ViewerRepo :: UpdatePresence(twitch, 5), 0.0315ms
[2026-02-18 09:37:25.850 DBG] TwitchService :: Presence Timer :: Artificially updated presence with a threshold of 5 minutes (54.8001ms)
[2026-02-18 09:37:40.133 DBG] ActionDispatcher :: Queueing 'Sub Goal' (361aa588-5f31-4e19-b8a5-099cae52479d, TimedAction) to 'Default' (00000000-0000-0000-0000-000000000000), with 11 arguments
[2026-02-18 09:37:40.133 DBG] ActionQueue :: 'Default' (00000000-0000-0000-0000-000000000000) :: Enqueue action 361aa588-5f31-4e19-b8a5-099cae52479d
[2026-02-18 09:37:40.133 DBG] ActionQueue :: 'Default' (00000000-0000-0000-0000-000000000000) :: Handling queue
[2026-02-18 09:37:40.133 DBG] ActionQueue :: 'Default' (00000000-0000-0000-0000-000000000000) :: Performing non-blocking 'Sub Goal' (361aa588-5f31-4e19-b8a5-099cae52479d, 9b47be65-40f5-4ed9-9622-7dbfc655f6ec)
[2026-02-18 09:38:03.085 DBG] AutoSave :: Auto saving settings...
[2026-02-18 09:38:03.108 DBG] Users :: Time to save 22.5105ms
[2026-02-18 09:38:03.132 DBG] Actions :: Time to save 24.4098ms
[2026-02-18 09:38:03.151 DBG] Commands :: Time to save 19.0963ms
[2026-02-18 09:38:03.170 DBG] Twitch Rewards :: Time to save 19.0209ms
[2026-02-18 09:38:03.188 DBG] Midi :: Time to save 17.1932ms
[2026-02-18 09:38:03.204 DBG] OBS Settings :: Time to save 17.2176ms
[2026-02-18 09:38:03.222 DBG] MeldStudio Settings :: Time to save 16.5954ms
[2026-02-18 09:38:03.238 DBG] Credits :: Time to save 16.126ms
[2026-02-18 09:38:03.251 DBG] Quotes :: Time to save 13.4232ms
[2026-02-18 09:38:03.309 DBG] Config :: Time to save 21.4743ms
[2026-02-18 09:38:25.807 DBG] ViewerRepo :: UpdatePresence(twitch, 5), 0.0319ms
[2026-02-18 09:38:25.864 DBG] TwitchService :: Presence Timer :: Artificially updated presence with a threshold of 5 minutes (57.659ms)
[2026-02-18 09:39:25.810 DBG] ViewerRepo :: UpdatePresence(twitch, 5), 0.0285ms
[2026-02-18 09:39:25.867 DBG] TwitchService :: Presence Timer :: Artificially updated presence with a threshold of 5 minutes (56.4045ms)
[2026-02-18 09:40:25.825 DBG] ViewerRepo :: UpdatePresence(twitch, 5), 0.0299ms
[2026-02-18 09:40:25.884 DBG] TwitchService :: Presence Timer :: Artificially updated presence with a threshold of 5 minutes (59.9521ms)
[2026-02-18 09:41:25.836 DBG] ViewerRepo :: UpdatePresence(twitch, 5), 0.0336ms
[2026-02-18 09:41:25.892 DBG] TwitchService :: Presence Timer :: Artificially updated presence with a threshold of 5 minutes (56.1117ms)
[2026-02-18 09:42:12.506 DBG] Credits :: Time to save 19.6816ms
[2026-02-18 09:42:25.852 DBG] ViewerRepo :: UpdatePresence(twitch, 5), 0.0315ms
[2026-02-18 09:42:25.906 DBG] TwitchService :: Presence Timer :: Artificially updated presence with a threshold of 5 minutes (53.9692ms)
[2026-02-18 09:43:03.382 DBG] AutoSave :: Auto saving settings...
[2026-02-18 09:43:03.399 DBG] Users :: Time to save 17.405ms
[2026-02-18 09:43:03.425 DBG] Actions :: Time to save 26.0255ms
[2026-02-18 09:43:03.445 DBG] Commands :: Time to save 19.5602ms
[2026-02-18 09:43:03.463 DBG] Twitch Rewards :: Time to save 18.4177ms
[2026-02-18 09:43:03.475 DBG] Midi :: Time to save 10.9336ms
[2026-02-18 09:43:03.490 DBG] OBS Settings :: Time to save 15.6712ms
[2026-02-18 09:43:03.501 DBG] MeldStudio Settings :: Time to save 10.7099ms
[2026-02-18 09:43:03.513 DBG] Credits :: Time to save 12.3358ms
[2026-02-18 09:43:03.529 DBG] Quotes :: Time to save 16.4079ms
[2026-02-18 09:43:03.600 DBG] Config :: Time to save 14.4546ms
[2026-02-18 09:43:25.866 DBG] ViewerRepo :: UpdatePresence(twitch, 5), 0.0296ms
[2026-02-18 09:43:25.920 DBG] TwitchService :: Presence Timer :: Artificially updated presence with a threshold of 5 minutes (54.0906ms)
[2026-02-18 09:44:25.870 DBG] ViewerRepo :: UpdatePresence(twitch, 5), 0.0399ms
[2026-02-18 09:44:25.925 DBG] TwitchService :: Presence Timer :: Artificially updated presence with a threshold of 5 minutes (55.4862ms)
[2026-02-18 09:45:25.885 DBG] ViewerRepo :: UpdatePresence(twitch, 5), 0.0302ms
[2026-02-18 09:45:25.940 DBG] TwitchService :: Presence Timer :: Artificially updated presence with a threshold of 5 minutes (54.4634ms)
[2026-02-18 09:46:25.900 DBG] ViewerRepo :: UpdatePresence(twitch, 5), 0.0297ms
[2026-02-18 09:46:25.960 DBG] TwitchService :: Presence Timer :: Artificially updated presence with a threshold of 5 minutes (60.0169ms)
[2026-02-18 09:47:12.511 DBG] Credits :: Time to save 19.1101ms
[2026-02-18 09:47:25.907 DBG] ViewerRepo :: UpdatePresence(twitch, 5), 0.0296ms
[2026-02-18 09:47:25.963 DBG] TwitchService :: Presence Timer :: Artificially updated presence with a threshold of 5 minutes (55.9145ms)
[2026-02-18 09:47:40.447 DBG] ActionDispatcher :: Queueing 'Sub Goal' (361aa588-5f31-4e19-b8a5-099cae52479d, TimedAction) to 'Default' (00000000-0000-0000-0000-000000000000), with 11 arguments
[2026-02-18 09:47:40.447 DBG] ActionQueue :: 'Default' (00000000-0000-0000-0000-000000000000) :: Enqueue action 361aa588-5f31-4e19-b8a5-099cae52479d
[2026-02-18 09:47:40.447 DBG] ActionQueue :: 'Default' (00000000-0000-0000-0000-000000000000) :: Handling queue
[2026-02-18 09:47:40.447 DBG] ActionQueue :: 'Default' (00000000-0000-0000-0000-000000000000) :: Performing non-blocking 'Sub Goal' (361aa588-5f31-4e19-b8a5-099cae52479d, 7c389888-5719-48b3-aa4d-281b6474252b)
[2026-02-18 09:48:03.614 DBG] AutoSave :: Auto saving settings...
[2026-02-18 09:48:03.631 DBG] Users :: Time to save 17.585ms
[2026-02-18 09:48:03.649 DBG] Actions :: Time to save 18.3722ms
[2026-02-18 09:48:03.669 DBG] Commands :: Time to save 19.6622ms
[2026-02-18 09:48:03.682 DBG] Twitch Rewards :: Time to save 13.3923ms
[2026-02-18 09:48:03.693 DBG] Midi :: Time to save 11.0309ms
[2026-02-18 09:48:03.704 DBG] OBS Settings :: Time to save 10.6375ms
[2026-02-18 09:48:03.719 DBG] MeldStudio Settings :: Time to save 14.8818ms
[2026-02-18 09:48:03.736 DBG] Credits :: Time to save 15.9297ms
[2026-02-18 09:48:03.749 DBG] Quotes :: Time to save 13.166ms
[2026-02-18 09:48:03.839 DBG] Config :: Time to save 21.5317ms
[2026-02-18 09:48:25.912 DBG] ViewerRepo :: UpdatePresence(twitch, 5), 0.0301ms
[2026-02-18 09:48:25.968 DBG] TwitchService :: Presence Timer :: Artificially updated presence with a threshold of 5 minutes (56.5735ms)
[2026-02-18 09:49:25.921 DBG] ViewerRepo :: UpdatePresence(twitch, 5), 0.03ms
[2026-02-18 09:49:25.976 DBG] TwitchService :: Presence Timer :: Artificially updated presence with a threshold of 5 minutes (55.57ms)
[2026-02-18 09:50:25.922 DBG] ViewerRepo :: UpdatePresence(twitch, 5), 0.0316ms
[2026-02-18 09:50:25.979 DBG] TwitchService :: Presence Timer :: Artificially updated presence with a threshold of 5 minutes (57.7581ms)
[2026-02-18 09:51:25.926 DBG] ViewerRepo :: UpdatePresence(twitch, 5), 0.0295ms
[2026-02-18 09:51:25.983 DBG] TwitchService :: Presence Timer :: Artificially updated presence with a threshold of 5 minutes (56.5916ms)
[2026-02-18 09:52:12.514 DBG] Credits :: Time to save 13.2946ms
[2026-02-18 09:52:25.928 DBG] ViewerRepo :: UpdatePresence(twitch, 5), 0.0288ms
[2026-02-18 09:52:25.981 DBG] TwitchService :: Presence Timer :: Artificially updated presence with a threshold of 5 minutes (52.6095ms)
[2026-02-18 09:53:03.825 DBG] AutoSave :: Auto saving settings...
[2026-02-18 09:53:03.849 DBG] Users :: Time to save 24.8194ms
[2026-02-18 09:53:03.873 DBG] Actions :: Time to save 24.0007ms
[2026-02-18 09:53:03.892 DBG] Commands :: Time to save 18.4967ms
[2026-02-18 09:53:03.911 DBG] Twitch Rewards :: Time to save 18.7986ms
[2026-02-18 09:53:03.928 DBG] Midi :: Time to save 16.9497ms
[2026-02-18 09:53:03.940 DBG] OBS Settings :: Time to save 11.9163ms
[2026-02-18 09:53:03.950 DBG] MeldStudio Settings :: Time to save 10.3756ms
[2026-02-18 09:53:03.961 DBG] Credits :: Time to save 11.0543ms
[2026-02-18 09:53:03.978 DBG] Quotes :: Time to save 16.5221ms
[2026-02-18 09:53:04.048 DBG] Config :: Time to save 19.9314ms
[2026-02-18 09:53:25.937 DBG] ViewerRepo :: UpdatePresence(twitch, 5), 0.0299ms
[2026-02-18 09:53:25.993 DBG] TwitchService :: Presence Timer :: Artificially updated presence with a threshold of 5 minutes (56.1282ms)
[2026-02-18 09:54:25.948 DBG] ViewerRepo :: UpdatePresence(twitch, 5), 0.0324ms
[2026-02-18 09:54:26.005 DBG] TwitchService :: Presence Timer :: Artificially updated presence with a threshold of 5 minutes (57.0831ms)
[2026-02-18 09:55:25.948 DBG] ViewerRepo :: UpdatePresence(twitch, 5), 0.0401ms
[2026-02-18 09:55:26.008 DBG] TwitchService :: Presence Timer :: Artificially updated presence with a threshold of 5 minutes (59.9354ms)
[2026-02-18 09:56:25.963 DBG] ViewerRepo :: UpdatePresence(twitch, 5), 0.0297ms
[2026-02-18 09:56:26.018 DBG] TwitchService :: Presence Timer :: Artificially updated presence with a threshold of 5 minutes (54.3184ms)
[2026-02-18 09:57:12.522 DBG] Credits :: Time to save 13.9298ms
[2026-02-18 09:57:25.971 DBG] ViewerRepo :: UpdatePresence(twitch, 5), 0.0292ms
[2026-02-18 09:57:26.025 DBG] TwitchService :: Presence Timer :: Artificially updated presence with a threshold of 5 minutes (53.8293ms)
[2026-02-18 09:57:40.633 DBG] ActionDispatcher :: Queueing 'Sub Goal' (361aa588-5f31-4e19-b8a5-099cae52479d, TimedAction) to 'Default' (00000000-0000-0000-0000-000000000000), with 11 arguments
[2026-02-18 09:57:40.633 DBG] ActionQueue :: 'Default' (00000000-0000-0000-0000-000000000000) :: Enqueue action 361aa588-5f31-4e19-b8a5-099cae52479d
[2026-02-18 09:57:40.633 DBG] ActionQueue :: 'Default' (00000000-0000-0000-0000-000000000000) :: Handling queue
[2026-02-18 09:57:40.633 DBG] ActionQueue :: 'Default' (00000000-0000-0000-0000-000000000000) :: Performing non-blocking 'Sub Goal' (361aa588-5f31-4e19-b8a5-099cae52479d, 26c0bfed-bd18-4317-901a-c9445715ac9d)
[2026-02-18 09:58:04.080 DBG] AutoSave :: Auto saving settings...
[2026-02-18 09:58:04.105 DBG] Users :: Time to save 25.6621ms
[2026-02-18 09:58:04.132 DBG] Actions :: Time to save 26.8723ms
[2026-02-18 09:58:04.152 DBG] Commands :: Time to save 19.2743ms
[2026-02-18 09:58:04.172 DBG] Twitch Rewards :: Time to save 20.8196ms
[2026-02-18 09:58:04.190 DBG] Midi :: Time to save 17.4502ms
[2026-02-18 09:58:04.208 DBG] OBS Settings :: Time to save 18.5334ms
[2026-02-18 09:58:04.222 DBG] MeldStudio Settings :: Time to save 13.3116ms
[2026-02-18 09:58:04.238 DBG] Credits :: Time to save 17.4606ms
[2026-02-18 09:58:04.258 DBG] Quotes :: Time to save 18.9298ms
[2026-02-18 09:58:04.298 DBG] Config :: Time to save 16.5282ms
[2026-02-18 09:58:25.978 DBG] ViewerRepo :: UpdatePresence(twitch, 5), 0.0305ms
[2026-02-18 09:58:26.034 DBG] TwitchService :: Presence Timer :: Artificially updated presence with a threshold of 5 minutes (55.9471ms)
[2026-02-18 09:59:26.004 DBG] ViewerRepo :: UpdatePresence(twitch, 5), 0.0298ms
[2026-02-18 09:59:26.062 DBG] TwitchService :: Presence Timer :: Artificially updated presence with a threshold of 5 minutes (57.2415ms)
[2026-02-18 10:00:26.013 DBG] ViewerRepo :: UpdatePresence(twitch, 5), 0.0326ms
[2026-02-18 10:00:26.068 DBG] TwitchService :: Presence Timer :: Artificially updated presence with a threshold of 5 minutes (56.2645ms)
[2026-02-18 10:01:26.021 DBG] ViewerRepo :: UpdatePresence(twitch, 5), 0.0329ms
[2026-02-18 10:01:26.081 DBG] TwitchService :: Presence Timer :: Artificially updated presence with a threshold of 5 minutes (60.2345ms)
[2026-02-18 10:02:12.535 DBG] Credits :: Time to save 20.0162ms
[2026-02-18 10:02:26.034 DBG] ViewerRepo :: UpdatePresence(twitch, 5), 0.0302ms
[2026-02-18 10:02:26.087 DBG] TwitchService :: Presence Timer :: Artificially updated presence with a threshold of 5 minutes (53.9945ms)
[2026-02-18 10:03:04.371 DBG] AutoSave :: Auto saving settings...
[2026-02-18 10:03:04.388 DBG] Users :: Time to save 17.8167ms
[2026-02-18 10:03:04.408 DBG] Actions :: Time to save 20.4937ms
[2026-02-18 10:03:04.423 DBG] Commands :: Time to save 14.4097ms
[2026-02-18 10:03:04.445 DBG] Twitch Rewards :: Time to save 21.6213ms
[2026-02-18 10:03:04.458 DBG] Midi :: Time to save 13.3775ms
[2026-02-18 10:03:04.472 DBG] OBS Settings :: Time to save 12.9589ms
[2026-02-18 10:03:04.483 DBG] MeldStudio Settings :: Time to save 11.325ms
[2026-02-18 10:03:04.497 DBG] Credits :: Time to save 14.1323ms
[2026-02-18 10:03:04.511 DBG] Quotes :: Time to save 13.8633ms
[2026-02-18 10:03:04.591 DBG] Config :: Time to save 16.3603ms
[2026-02-18 10:03:26.036 DBG] ViewerRepo :: UpdatePresence(twitch, 5), 0.0307ms
[2026-02-18 10:03:26.088 DBG] TwitchService :: Presence Timer :: Artificially updated presence with a threshold of 5 minutes (53.7935ms)
[2026-02-18 10:04:26.040 DBG] ViewerRepo :: UpdatePresence(twitch, 5), 0.0309ms
[2026-02-18 10:04:26.092 DBG] TwitchService :: Presence Timer :: Artificially updated presence with a threshold of 5 minutes (52.6558ms)
[2026-02-18 10:05:26.048 DBG] ViewerRepo :: UpdatePresence(twitch, 5), 0.0329ms
[2026-02-18 10:05:26.102 DBG] TwitchService :: Presence Timer :: Artificially updated presence with a threshold of 5 minutes (53.284ms)
[2026-02-18 10:06:26.060 DBG] ViewerRepo :: UpdatePresence(twitch, 5), 0.0295ms
[2026-02-18 10:06:26.114 DBG] TwitchService :: Presence Timer :: Artificially updated presence with a threshold of 5 minutes (54.1834ms)
[2026-02-18 10:07:12.538 DBG] Credits :: Time to save 20.0746ms
[2026-02-18 10:07:26.066 DBG] ViewerRepo :: UpdatePresence(twitch, 5), 0.0319ms
[2026-02-18 10:07:26.122 DBG] TwitchService :: Presence Timer :: Artificially updated presence with a threshold of 5 minutes (55.8377ms)
[2026-02-18 10:07:41.072 DBG] ActionDispatcher :: Queueing 'Sub Goal' (361aa588-5f31-4e19-b8a5-099cae52479d, TimedAction) to 'Default' (00000000-0000-0000-0000-000000000000), with 11 arguments
[2026-02-18 10:07:41.072 DBG] ActionQueue :: 'Default' (00000000-0000-0000-0000-000000000000) :: Enqueue action 361aa588-5f31-4e19-b8a5-099cae52479d
[2026-02-18 10:07:41.072 DBG] ActionQueue :: 'Default' (00000000-0000-0000-0000-000000000000) :: Handling queue
[2026-02-18 10:07:41.072 DBG] ActionQueue :: 'Default' (00000000-0000-0000-0000-000000000000) :: Performing non-blocking 'Sub Goal' (361aa588-5f31-4e19-b8a5-099cae52479d, 8c211d12-6ae9-4bad-b1b3-16e5e7c01691)
[2026-02-18 10:08:04.600 DBG] AutoSave :: Auto saving settings...
[2026-02-18 10:08:04.626 DBG] Users :: Time to save 26.502ms
[2026-02-18 10:08:04.645 DBG] Actions :: Time to save 19.2151ms
[2026-02-18 10:08:04.664 DBG] Commands :: Time to save 18.8592ms
[2026-02-18 10:08:04.678 DBG] Twitch Rewards :: Time to save 13.3845ms
[2026-02-18 10:08:04.690 DBG] Midi :: Time to save 11.839ms
[2026-02-18 10:08:04.704 DBG] OBS Settings :: Time to save 15.1691ms
[2026-02-18 10:08:04.715 DBG] MeldStudio Settings :: Time to save 11.0275ms
[2026-02-18 10:08:04.727 DBG] Credits :: Time to save 11.7778ms
[2026-02-18 10:08:04.740 DBG] Quotes :: Time to save 12.7966ms
[2026-02-18 10:08:04.823 DBG] Config :: Time to save 20.49ms
[2026-02-18 10:08:26.081 DBG] ViewerRepo :: UpdatePresence(twitch, 5), 0.0303ms
[2026-02-18 10:08:26.137 DBG] TwitchService :: Presence Timer :: Artificially updated presence with a threshold of 5 minutes (56.2415ms)
[2026-02-18 10:09:26.092 DBG] ViewerRepo :: UpdatePresence(twitch, 5), 0.0319ms
[2026-02-18 10:09:26.145 DBG] TwitchService :: Presence Timer :: Artificially updated presence with a threshold of 5 minutes (53.8809ms)
[2026-02-18 10:10:26.105 DBG] ViewerRepo :: UpdatePresence(twitch, 5), 0.0304ms
[2026-02-18 10:10:26.680 DBG] TwitchService :: Presence Timer :: Artificially updated presence with a threshold of 5 minutes (574.4544ms)
[2026-02-18 10:11:26.117 DBG] ViewerRepo :: UpdatePresence(twitch, 5), 0.0309ms
[2026-02-18 10:11:26.171 DBG] TwitchService :: Presence Timer :: Artificially updated presence with a threshold of 5 minutes (53.5907ms)
[2026-02-18 10:12:12.551 DBG] Credits :: Time to save 19.182ms
[2026-02-18 10:12:26.132 DBG] ViewerRepo :: UpdatePresence(twitch, 5), 0.0306ms
[2026-02-18 10:12:26.188 DBG] TwitchService :: Presence Timer :: Artificially updated presence with a threshold of 5 minutes (56.4515ms)
[2026-02-18 10:13:04.817 DBG] AutoSave :: Auto saving settings...
[2026-02-18 10:13:04.834 DBG] Users :: Time to save 16.6581ms
[2026-02-18 10:13:04.854 DBG] Actions :: Time to save 20.2259ms
[2026-02-18 10:13:04.867 DBG] Commands :: Time to save 12.5191ms
[2026-02-18 10:13:04.878 DBG] Twitch Rewards :: Time to save 11.6856ms
[2026-02-18 10:13:04.895 DBG] Midi :: Time to save 16.9233ms
[2026-02-18 10:13:04.906 DBG] OBS Settings :: Time to save 10.9143ms
[2026-02-18 10:13:04.920 DBG] MeldStudio Settings :: Time to save 13.4697ms
[2026-02-18 10:13:04.933 DBG] Credits :: Time to save 13.9092ms
[2026-02-18 10:13:04.947 DBG] Quotes :: Time to save 13.7488ms
[2026-02-18 10:13:05.042 DBG] Config :: Time to save 21.2346ms
[2026-02-18 10:13:26.161 DBG] ViewerRepo :: UpdatePresence(twitch, 5), 0.0307ms
[2026-02-18 10:13:26.213 DBG] TwitchService :: Presence Timer :: Artificially updated presence with a threshold of 5 minutes (52.1726ms)
[2026-02-18 10:14:26.166 DBG] ViewerRepo :: UpdatePresence(twitch, 5), 0.0331ms
[2026-02-18 10:14:26.225 DBG] TwitchService :: Presence Timer :: Artificially updated presence with a threshold of 5 minutes (58.9646ms)
[2026-02-18 10:15:26.178 DBG] ViewerRepo :: UpdatePresence(twitch, 5), 0.0304ms
[2026-02-18 10:15:26.235 DBG] TwitchService :: Presence Timer :: Artificially updated presence with a threshold of 5 minutes (57.3757ms)
[2026-02-18 10:16:26.188 DBG] ViewerRepo :: UpdatePresence(twitch, 5), 0.0305ms
[2026-02-18 10:16:26.243 DBG] TwitchService :: Presence Timer :: Artificially updated presence with a threshold of 5 minutes (55.0275ms)
[2026-02-18 10:17:12.556 DBG] Credits :: Time to save 19.1639ms
[2026-02-18 10:17:26.201 DBG] ViewerRepo :: UpdatePresence(twitch, 5), 0.0413ms
[2026-02-18 10:17:26.261 DBG] TwitchService :: Presence Timer :: Artificially updated presence with a threshold of 5 minutes (61.4141ms)
[2026-02-18 10:17:41.553 DBG] ActionDispatcher :: Queueing 'Sub Goal' (361aa588-5f31-4e19-b8a5-099cae52479d, TimedAction) to 'Default' (00000000-0000-0000-0000-000000000000), with 11 arguments
[2026-02-18 10:17:41.553 DBG] ActionQueue :: 'Default' (00000000-0000-0000-0000-000000000000) :: Enqueue action 361aa588-5f31-4e19-b8a5-099cae52479d
[2026-02-18 10:17:41.553 DBG] ActionQueue :: 'Default' (00000000-0000-0000-0000-000000000000) :: Handling queue
[2026-02-18 10:17:41.553 DBG] ActionQueue :: 'Default' (00000000-0000-0000-0000-000000000000) :: Performing non-blocking 'Sub Goal' (361aa588-5f31-4e19-b8a5-099cae52479d, 14ff5ee3-7290-4d25-b098-a3dda5b9315e)
[2026-02-18 10:18:05.045 DBG] AutoSave :: Auto saving settings...
[2026-02-18 10:18:05.072 DBG] Users :: Time to save 26.7108ms
[2026-02-18 10:18:05.100 DBG] Actions :: Time to save 28.5208ms
[2026-02-18 10:18:05.121 DBG] Commands :: Time to save 20.923ms
[2026-02-18 10:18:05.141 DBG] Twitch Rewards :: Time to save 20.7972ms
[2026-02-18 10:18:05.162 DBG] Midi :: Time to save 19.3764ms
[2026-02-18 10:18:05.180 DBG] OBS Settings :: Time to save 18.0179ms
[2026-02-18 10:18:05.197 DBG] MeldStudio Settings :: Time to save 18.2629ms
[2026-02-18 10:18:05.217 DBG] Credits :: Time to save 18.7155ms
[2026-02-18 10:18:05.238 DBG] Quotes :: Time to save 21.2333ms
[2026-02-18 10:18:05.270 DBG] Config :: Time to save 21.6612ms
[2026-02-18 10:18:26.216 DBG] ViewerRepo :: UpdatePresence(twitch, 5), 0.0299ms
[2026-02-18 10:18:26.271 DBG] TwitchService :: Presence Timer :: Artificially updated presence with a threshold of 5 minutes (55.388ms)
[2026-02-18 10:19:26.231 DBG] ViewerRepo :: UpdatePresence(twitch, 5), 0.0316ms
[2026-02-18 10:19:26.286 DBG] TwitchService :: Presence Timer :: Artificially updated presence with a threshold of 5 minutes (56.073ms)
[2026-02-18 10:20:26.234 DBG] ViewerRepo :: UpdatePresence(twitch, 5), 0.0306ms
[2026-02-18 10:20:26.296 DBG] TwitchService :: Presence Timer :: Artificially updated presence with a threshold of 5 minutes (62.3435ms)
[2026-02-18 10:21:26.244 DBG] ViewerRepo :: UpdatePresence(twitch, 5), 0.0315ms
[2026-02-18 10:21:26.298 DBG] TwitchService :: Presence Timer :: Artificially updated presence with a threshold of 5 minutes (54.8607ms)
[2026-02-18 10:22:12.578 DBG] Credits :: Time to save 13.549ms
[2026-02-18 10:22:26.246 DBG] ViewerRepo :: UpdatePresence(twitch, 5), 0.0296ms
[2026-02-18 10:22:26.315 DBG] TwitchService :: Presence Timer :: Artificially updated presence with a threshold of 5 minutes (69.344ms)
[2026-02-18 10:23:05.347 DBG] AutoSave :: Auto saving settings...
[2026-02-18 10:23:05.361 DBG] Users :: Time to save 14.2051ms
[2026-02-18 10:23:05.386 DBG] Actions :: Time to save 25.8464ms
[2026-02-18 10:23:05.404 DBG] Commands :: Time to save 17.4094ms
[2026-02-18 10:23:05.420 DBG] Twitch Rewards :: Time to save 16.5425ms
[2026-02-18 10:23:05.431 DBG] Midi :: Time to save 10.8307ms
[2026-02-18 10:23:05.443 DBG] OBS Settings :: Time to save 11.5124ms
[2026-02-18 10:23:05.461 DBG] MeldStudio Settings :: Time to save 17.1055ms
[2026-02-18 10:23:05.471 DBG] Credits :: Time to save 10.2395ms
[2026-02-18 10:23:05.484 DBG] Quotes :: Time to save 12.8138ms
[2026-02-18 10:23:05.563 DBG] Config :: Time to save 13.932ms
[2026-02-18 10:23:26.261 DBG] ViewerRepo :: UpdatePresence(twitch, 5), 0.0301ms
[2026-02-18 10:23:26.315 DBG] TwitchService :: Presence Timer :: Artificially updated presence with a threshold of 5 minutes (53.1572ms)
[2026-02-18 10:24:26.273 DBG] ViewerRepo :: UpdatePresence(twitch, 5), 0.0323ms
[2026-02-18 10:24:26.347 DBG] TwitchService :: Presence Timer :: Artificially updated presence with a threshold of 5 minutes (74.7943ms)
[2026-02-18 10:25:26.278 DBG] ViewerRepo :: UpdatePresence(twitch, 5), 0.0315ms
[2026-02-18 10:25:26.332 DBG] TwitchService :: Presence Timer :: Artificially updated presence with a threshold of 5 minutes (54.5641ms)
[2026-02-18 10:26:26.294 DBG] ViewerRepo :: UpdatePresence(twitch, 5), 0.032ms
[2026-02-18 10:26:26.342 DBG] TwitchService :: Presence Timer :: Artificially updated presence with a threshold of 5 minutes (49.7305ms)
[2026-02-18 10:27:12.582 DBG] Credits :: Time to save 13.1244ms
[2026-02-18 10:27:26.307 DBG] ViewerRepo :: UpdatePresence(twitch, 5), 0.0298ms
[2026-02-18 10:27:26.362 DBG] TwitchService :: Presence Timer :: Artificially updated presence with a threshold of 5 minutes (56.3838ms)
[2026-02-18 10:27:41.691 DBG] ActionDispatcher :: Queueing 'Sub Goal' (361aa588-5f31-4e19-b8a5-099cae52479d, TimedAction) to 'Default' (00000000-0000-0000-0000-000000000000), with 11 arguments
[2026-02-18 10:27:41.691 DBG] ActionQueue :: 'Default' (00000000-0000-0000-0000-000000000000) :: Enqueue action 361aa588-5f31-4e19-b8a5-099cae52479d
[2026-02-18 10:27:41.691 DBG] ActionQueue :: 'Default' (00000000-0000-0000-0000-000000000000) :: Handling queue
[2026-02-18 10:27:41.691 DBG] ActionQueue :: 'Default' (00000000-0000-0000-0000-000000000000) :: Performing non-blocking 'Sub Goal' (361aa588-5f31-4e19-b8a5-099cae52479d, 2849e505-0986-46e6-910c-288c76f18e30)
[2026-02-18 10:28:05.595 DBG] AutoSave :: Auto saving settings...
[2026-02-18 10:28:05.616 DBG] Users :: Time to save 21.3782ms
[2026-02-18 10:28:05.640 DBG] Actions :: Time to save 24.9937ms
[2026-02-18 10:28:05.660 DBG] Commands :: Time to save 18.8962ms
[2026-02-18 10:28:05.678 DBG] Twitch Rewards :: Time to save 19.0633ms
[2026-02-18 10:28:05.695 DBG] Midi :: Time to save 16.594ms
[2026-02-18 10:28:05.711 DBG] OBS Settings :: Time to save 15.4562ms
[2026-02-18 10:28:05.728 DBG] MeldStudio Settings :: Time to save 16.8864ms
[2026-02-18 10:28:05.744 DBG] Credits :: Time to save 16.4352ms
[2026-02-18 10:28:05.763 DBG] Quotes :: Time to save 18.3573ms
[2026-02-18 10:28:05.818 DBG] Config :: Time to save 20.888ms
[2026-02-18 10:28:26.322 DBG] ViewerRepo :: UpdatePresence(twitch, 5), 0.0289ms
[2026-02-18 10:28:26.377 DBG] TwitchService :: Presence Timer :: Artificially updated presence with a threshold of 5 minutes (55.3914ms)
[2026-02-18 10:29:26.325 DBG] ViewerRepo :: UpdatePresence(twitch, 5), 0.0352ms
[2026-02-18 10:29:26.384 DBG] TwitchService :: Presence Timer :: Artificially updated presence with a threshold of 5 minutes (58.5596ms)
[2026-02-18 10:30:26.338 DBG] ViewerRepo :: UpdatePresence(twitch, 5), 0.0315ms
[2026-02-18 10:30:26.391 DBG] TwitchService :: Presence Timer :: Artificially updated presence with a threshold of 5 minutes (53.4141ms)
[2026-02-18 10:31:26.339 DBG] ViewerRepo :: UpdatePresence(twitch, 5), 0.0409ms
[2026-02-18 10:31:26.394 DBG] TwitchService :: Presence Timer :: Artificially updated presence with a threshold of 5 minutes (55.1051ms)
[2026-02-18 10:32:12.592 DBG] Credits :: Time to save 13.9477ms
[2026-02-18 10:32:26.352 DBG] ViewerRepo :: UpdatePresence(twitch, 5), 0.0326ms
[2026-02-18 10:32:26.405 DBG] TwitchService :: Presence Timer :: Artificially updated presence with a threshold of 5 minutes (53.1551ms)
[2026-02-18 10:33:05.870 DBG] AutoSave :: Auto saving settings...
[2026-02-18 10:33:05.894 DBG] Users :: Time to save 24.7979ms
[2026-02-18 10:33:05.919 DBG] Actions :: Time to save 25.5121ms
[2026-02-18 10:33:05.939 DBG] Commands :: Time to save 19.2259ms
[2026-02-18 10:33:05.958 DBG] Twitch Rewards :: Time to save 19.186ms
[2026-02-18 10:33:05.975 DBG] Midi :: Time to save 16.9486ms
[2026-02-18 10:33:05.996 DBG] OBS Settings :: Time to save 20.6206ms
[2026-02-18 10:33:06.012 DBG] MeldStudio Settings :: Time to save 17.0649ms
[2026-02-18 10:33:06.024 DBG] Credits :: Time to save 10.7411ms
[2026-02-18 10:33:06.044 DBG] Quotes :: Time to save 20.0252ms
[2026-02-18 10:33:06.092 DBG] Config :: Time to save 20.3922ms
[2026-02-18 10:33:26.365 DBG] ViewerRepo :: UpdatePresence(twitch, 5), 0.029ms
[2026-02-18 10:33:26.419 DBG] TwitchService :: Presence Timer :: Artificially updated presence with a threshold of 5 minutes (54.1678ms)
[2026-02-18 10:34:26.378 DBG] ViewerRepo :: UpdatePresence(twitch, 5), 0.0315ms
[2026-02-18 10:34:26.431 DBG] TwitchService :: Presence Timer :: Artificially updated presence with a threshold of 5 minutes (53.5881ms)
[2026-02-18 10:35:26.390 DBG] ViewerRepo :: UpdatePresence(twitch, 5), 0.0313ms
[2026-02-18 10:35:26.441 DBG] TwitchService :: Presence Timer :: Artificially updated presence with a threshold of 5 minutes (51.3802ms)
[2026-02-18 10:36:26.405 DBG] ViewerRepo :: UpdatePresence(twitch, 5), 0.0298ms
[2026-02-18 10:36:26.455 DBG] TwitchService :: Presence Timer :: Artificially updated presence with a threshold of 5 minutes (50.9145ms)
[2026-02-18 10:37:12.612 DBG] Credits :: Time to save 20.9727ms
[2026-02-18 10:37:26.415 DBG] ViewerRepo :: UpdatePresence(twitch, 5), 0.0302ms
[2026-02-18 10:37:26.471 DBG] TwitchService :: Presence Timer :: Artificially updated presence with a threshold of 5 minutes (56.958ms)
[2026-02-18 10:37:41.997 DBG] ActionDispatcher :: Queueing 'Sub Goal' (361aa588-5f31-4e19-b8a5-099cae52479d, TimedAction) to 'Default' (00000000-0000-0000-0000-000000000000), with 11 arguments
[2026-02-18 10:37:41.997 DBG] ActionQueue :: 'Default' (00000000-0000-0000-0000-000000000000) :: Enqueue action 361aa588-5f31-4e19-b8a5-099cae52479d
[2026-02-18 10:37:41.997 DBG] ActionQueue :: 'Default' (00000000-0000-0000-0000-000000000000) :: Handling queue
[2026-02-18 10:37:41.997 DBG] ActionQueue :: 'Default' (00000000-0000-0000-0000-000000000000) :: Performing non-blocking 'Sub Goal' (361aa588-5f31-4e19-b8a5-099cae52479d, d08893a5-e449-4d15-8a5a-8c2569e2056e)
[2026-02-18 10:38:06.142 DBG] AutoSave :: Auto saving settings...
[2026-02-18 10:38:06.167 DBG] Users :: Time to save 24.511ms
[2026-02-18 10:38:06.186 DBG] Actions :: Time to save 19.0031ms
[2026-02-18 10:38:06.198 DBG] Commands :: Time to save 12.6387ms
[2026-02-18 10:38:06.212 DBG] Twitch Rewards :: Time to save 14.0011ms
[2026-02-18 10:38:06.225 DBG] Midi :: Time to save 11.9316ms
[2026-02-18 10:38:06.235 DBG] OBS Settings :: Time to save 10.7946ms
[2026-02-18 10:38:06.252 DBG] MeldStudio Settings :: Time to save 16.6967ms
[2026-02-18 10:38:06.263 DBG] Credits :: Time to save 11.0257ms
[2026-02-18 10:38:06.279 DBG] Quotes :: Time to save 15.6503ms
[2026-02-18 10:38:06.366 DBG] Config :: Time to save 20.9386ms
[2026-02-18 10:38:26.420 DBG] ViewerRepo :: UpdatePresence(twitch, 5), 0.031ms
[2026-02-18 10:38:26.474 DBG] TwitchService :: Presence Timer :: Artificially updated presence with a threshold of 5 minutes (53.9277ms)
[2026-02-18 10:39:26.421 DBG] ViewerRepo :: UpdatePresence(twitch, 5), 0.0301ms
[2026-02-18 10:39:26.475 DBG] TwitchService :: Presence Timer :: Artificially updated presence with a threshold of 5 minutes (54.0013ms)
[2026-02-18 10:40:26.432 DBG] ViewerRepo :: UpdatePresence(twitch, 5), 0.0281ms
[2026-02-18 10:40:26.490 DBG] TwitchService :: Presence Timer :: Artificially updated presence with a threshold of 5 minutes (58.1711ms)
[2026-02-18 10:41:26.457 DBG] ViewerRepo :: UpdatePresence(twitch, 5), 0.0336ms
[2026-02-18 10:41:26.512 DBG] TwitchService :: Presence Timer :: Artificially updated presence with a threshold of 5 minutes (56.314ms)
[2026-02-18 10:42:12.624 DBG] Credits :: Time to save 21.193ms
[2026-02-18 10:42:26.474 DBG] ViewerRepo :: UpdatePresence(twitch, 5), 0.0324ms
[2026-02-18 10:42:26.528 DBG] TwitchService :: Presence Timer :: Artificially updated presence with a threshold of 5 minutes (55.0363ms)
[2026-02-18 10:43:06.380 DBG] AutoSave :: Auto saving settings...
[2026-02-18 10:43:06.398 DBG] Users :: Time to save 17.7738ms
[2026-02-18 10:43:06.418 DBG] Actions :: Time to save 19.7221ms
[2026-02-18 10:43:06.437 DBG] Commands :: Time to save 19.5041ms
[2026-02-18 10:43:06.457 DBG] Twitch Rewards :: Time to save 19.706ms
[2026-02-18 10:43:06.472 DBG] Midi :: Time to save 16.6168ms
[2026-02-18 10:43:06.490 DBG] OBS Settings :: Time to save 16.8171ms
[2026-02-18 10:43:06.506 DBG] MeldStudio Settings :: Time to save 16.7017ms
[2026-02-18 10:43:06.526 DBG] Credits :: Time to save 18.8657ms
[2026-02-18 10:43:06.544 DBG] Quotes :: Time to save 18.3651ms
[2026-02-18 10:43:06.599 DBG] Config :: Time to save 17.0715ms
[2026-02-18 10:43:26.489 DBG] ViewerRepo :: UpdatePresence(twitch, 5), 0.0392ms
[2026-02-18 10:43:26.541 DBG] TwitchService :: Presence Timer :: Artificially updated presence with a threshold of 5 minutes (53.2834ms)
[2026-02-18 10:44:26.490 DBG] ViewerRepo :: UpdatePresence(twitch, 5), 0.0314ms
[2026-02-18 10:44:26.544 DBG] TwitchService :: Presence Timer :: Artificially updated presence with a threshold of 5 minutes (54.1626ms)
[2026-02-18 10:45:26.496 DBG] ViewerRepo :: UpdatePresence(twitch, 5), 0.029ms
[2026-02-18 10:45:26.555 DBG] TwitchService :: Presence Timer :: Artificially updated presence with a threshold of 5 minutes (59.1674ms)
[2026-02-18 10:46:26.507 DBG] ViewerRepo :: UpdatePresence(twitch, 5), 0.0382ms
[2026-02-18 10:46:26.561 DBG] TwitchService :: Presence Timer :: Artificially updated presence with a threshold of 5 minutes (54.8893ms)
[2026-02-18 10:47:12.625 DBG] Credits :: Time to save 17.3756ms
[2026-02-18 10:47:26.509 DBG] ViewerRepo :: UpdatePresence(twitch, 5), 0.0298ms
[2026-02-18 10:47:26.561 DBG] TwitchService :: Presence Timer :: Artificially updated presence with a threshold of 5 minutes (52.7738ms)
[2026-02-18 10:47:42.296 DBG] ActionDispatcher :: Queueing 'Sub Goal' (361aa588-5f31-4e19-b8a5-099cae52479d, TimedAction) to 'Default' (00000000-0000-0000-0000-000000000000), with 11 arguments
[2026-02-18 10:47:42.296 DBG] ActionQueue :: 'Default' (00000000-0000-0000-0000-000000000000) :: Enqueue action 361aa588-5f31-4e19-b8a5-099cae52479d
[2026-02-18 10:47:42.296 DBG] ActionQueue :: 'Default' (00000000-0000-0000-0000-000000000000) :: Handling queue
[2026-02-18 10:47:42.296 DBG] ActionQueue :: 'Default' (00000000-0000-0000-0000-000000000000) :: Performing non-blocking 'Sub Goal' (361aa588-5f31-4e19-b8a5-099cae52479d, 48f657f5-9f36-4d48-9205-a1e16805acfa)
[2026-02-18 10:48:06.609 DBG] AutoSave :: Auto saving settings...
[2026-02-18 10:48:06.633 DBG] Users :: Time to save 24.3333ms
[2026-02-18 10:48:06.660 DBG] Actions :: Time to save 26.3957ms
[2026-02-18 10:48:06.679 DBG] Commands :: Time to save 19.6267ms
[2026-02-18 10:48:06.699 DBG] Twitch Rewards :: Time to save 19.6199ms
[2026-02-18 10:48:06.718 DBG] Midi :: Time to save 19.4833ms
[2026-02-18 10:48:06.737 DBG] OBS Settings :: Time to save 18.1757ms
[2026-02-18 10:48:06.755 DBG] MeldStudio Settings :: Time to save 18.0375ms
[2026-02-18 10:48:06.773 DBG] Credits :: Time to save 18.3454ms
[2026-02-18 10:48:06.794 DBG] Quotes :: Time to save 21.1089ms
[2026-02-18 10:48:06.834 DBG] Config :: Time to save 21.7921ms
[2026-02-18 10:48:26.514 DBG] ViewerRepo :: UpdatePresence(twitch, 5), 0.0294ms
[2026-02-18 10:48:26.567 DBG] TwitchService :: Presence Timer :: Artificially updated presence with a threshold of 5 minutes (52.6816ms)
[2026-02-18 10:49:26.517 DBG] ViewerRepo :: UpdatePresence(twitch, 5), 0.0342ms
[2026-02-18 10:49:26.572 DBG] TwitchService :: Presence Timer :: Artificially updated presence with a threshold of 5 minutes (55.315ms)
[2026-02-18 10:50:26.521 DBG] ViewerRepo :: UpdatePresence(twitch, 5), 0.03ms
[2026-02-18 10:50:26.577 DBG] TwitchService :: Presence Timer :: Artificially updated presence with a threshold of 5 minutes (55.9627ms)
[2026-02-18 10:51:26.525 DBG] ViewerRepo :: UpdatePresence(twitch, 5), 0.0282ms
[2026-02-18 10:51:26.577 DBG] TwitchService :: Presence Timer :: Artificially updated presence with a threshold of 5 minutes (52.5384ms)
[2026-02-18 10:52:12.644 DBG] Credits :: Time to save 20.2549ms
[2026-02-18 10:52:26.532 DBG] ViewerRepo :: UpdatePresence(twitch, 5), 0.0324ms
[2026-02-18 10:52:26.591 DBG] TwitchService :: Presence Timer :: Artificially updated presence with a threshold of 5 minutes (59.4104ms)
[2026-02-18 10:53:06.885 DBG] AutoSave :: Auto saving settings...
[2026-02-18 10:53:06.909 DBG] Users :: Time to save 23.7432ms
[2026-02-18 10:53:06.933 DBG] Actions :: Time to save 25.0029ms
[2026-02-18 10:53:06.948 DBG] Commands :: Time to save 13.2916ms
[2026-02-18 10:53:06.968 DBG] Twitch Rewards :: Time to save 20.0836ms
[2026-02-18 10:53:06.979 DBG] Midi :: Time to save 11.5841ms
[2026-02-18 10:53:06.998 DBG] OBS Settings :: Time to save 18.1834ms
[2026-02-18 10:53:07.018 DBG] MeldStudio Settings :: Time to save 19.9494ms
[2026-02-18 10:53:07.037 DBG] Credits :: Time to save 19.0845ms
[2026-02-18 10:53:07.058 DBG] Quotes :: Time to save 20.7763ms
[2026-02-18 10:53:07.110 DBG] Config :: Time to save 22.6248ms
[2026-02-18 10:53:26.541 DBG] ViewerRepo :: UpdatePresence(twitch, 5), 0.0298ms
[2026-02-18 10:53:26.595 DBG] TwitchService :: Presence Timer :: Artificially updated presence with a threshold of 5 minutes (53.5622ms)
[2026-02-18 10:54:26.542 DBG] ViewerRepo :: UpdatePresence(twitch, 5), 0.0433ms
[2026-02-18 10:54:26.597 DBG] TwitchService :: Presence Timer :: Artificially updated presence with a threshold of 5 minutes (56.7663ms)
[2026-02-18 10:55:26.555 DBG] ViewerRepo :: UpdatePresence(twitch, 5), 0.034ms
[2026-02-18 10:55:26.607 DBG] TwitchService :: Presence Timer :: Artificially updated presence with a threshold of 5 minutes (53.022ms)
[2026-02-18 10:56:26.556 DBG] ViewerRepo :: UpdatePresence(twitch, 5), 0.0305ms
[2026-02-18 10:56:26.613 DBG] TwitchService :: Presence Timer :: Artificially updated presence with a threshold of 5 minutes (56.699ms)
[2026-02-18 10:57:12.640 DBG] Credits :: Time to save 14.3664ms
[2026-02-18 10:57:26.571 DBG] ViewerRepo :: UpdatePresence(twitch, 5), 0.031ms
[2026-02-18 10:57:26.622 DBG] TwitchService :: Presence Timer :: Artificially updated presence with a threshold of 5 minutes (51.98ms)
[2026-02-18 10:57:42.314 DBG] ActionDispatcher :: Queueing 'Sub Goal' (361aa588-5f31-4e19-b8a5-099cae52479d, TimedAction) to 'Default' (00000000-0000-0000-0000-000000000000), with 11 arguments
[2026-02-18 10:57:42.314 DBG] ActionQueue :: 'Default' (00000000-0000-0000-0000-000000000000) :: Enqueue action 361aa588-5f31-4e19-b8a5-099cae52479d
[2026-02-18 10:57:42.314 DBG] ActionQueue :: 'Default' (00000000-0000-0000-0000-000000000000) :: Handling queue
[2026-02-18 10:57:42.315 DBG] ActionQueue :: 'Default' (00000000-0000-0000-0000-000000000000) :: Performing non-blocking 'Sub Goal' (361aa588-5f31-4e19-b8a5-099cae52479d, 16f658f5-f8dd-4d73-8973-1bbf71be9e9a)
[2026-02-18 10:58:07.171 DBG] AutoSave :: Auto saving settings...
[2026-02-18 10:58:07.192 DBG] Users :: Time to save 21.5202ms
[2026-02-18 10:58:07.217 DBG] Actions :: Time to save 24.9385ms
[2026-02-18 10:58:07.239 DBG] Commands :: Time to save 21.3154ms
[2026-02-18 10:58:07.258 DBG] Twitch Rewards :: Time to save 18.7841ms
[2026-02-18 10:58:07.271 DBG] Midi :: Time to save 12.6674ms
[2026-02-18 10:58:07.282 DBG] OBS Settings :: Time to save 11.3999ms
[2026-02-18 10:58:07.299 DBG] MeldStudio Settings :: Time to save 17.2197ms
[2026-02-18 10:58:07.310 DBG] Credits :: Time to save 10.9883ms
[2026-02-18 10:58:07.328 DBG] Quotes :: Time to save 17.2188ms
[2026-02-18 10:58:07.396 DBG] Config :: Time to save 20.4688ms
[2026-02-18 10:58:26.581 DBG] ViewerRepo :: UpdatePresence(twitch, 5), 0.03ms
[2026-02-18 10:58:26.636 DBG] TwitchService :: Presence Timer :: Artificially updated presence with a threshold of 5 minutes (55.0526ms)
[2026-02-18 10:59:26.587 DBG] ViewerRepo :: UpdatePresence(twitch, 5), 0.0302ms
[2026-02-18 10:59:26.639 DBG] TwitchService :: Presence Timer :: Artificially updated presence with a threshold of 5 minutes (52.3494ms)
[2026-02-18 11:00:26.599 DBG] ViewerRepo :: UpdatePresence(twitch, 5), 0.0331ms
[2026-02-18 11:00:26.654 DBG] TwitchService :: Presence Timer :: Artificially updated presence with a threshold of 5 minutes (56.3949ms)
[2026-02-18 11:01:26.612 DBG] ViewerRepo :: UpdatePresence(twitch, 5), 0.039ms
[2026-02-18 11:01:26.667 DBG] TwitchService :: Presence Timer :: Artificially updated presence with a threshold of 5 minutes (56.2075ms)
[2026-02-18 11:02:12.662 DBG] Credits :: Time to save 20.0652ms
[2026-02-18 11:02:26.619 DBG] ViewerRepo :: UpdatePresence(twitch, 5), 0.0312ms
[2026-02-18 11:02:26.671 DBG] TwitchService :: Presence Timer :: Artificially updated presence with a threshold of 5 minutes (52.0976ms)
[2026-02-18 11:03:07.409 DBG] AutoSave :: Auto saving settings...
[2026-02-18 11:03:07.433 DBG] Users :: Time to save 24.6548ms
[2026-02-18 11:03:07.458 DBG] Actions :: Time to save 24.5493ms
[2026-02-18 11:03:07.479 DBG] Commands :: Time to save 21.3723ms
[2026-02-18 11:03:07.500 DBG] Twitch Rewards :: Time to save 19.9154ms
[2026-02-18 11:03:07.515 DBG] Midi :: Time to save 16.4013ms
[2026-02-18 11:03:07.533 DBG] OBS Settings :: Time to save 17.3035ms
[2026-02-18 11:03:07.551 DBG] MeldStudio Settings :: Time to save 17.5831ms
[2026-02-18 11:03:07.570 DBG] Credits :: Time to save 18.8565ms
[2026-02-18 11:03:07.589 DBG] Quotes :: Time to save 20.1627ms
[2026-02-18 11:03:07.635 DBG] Config :: Time to save 22.1427ms
[2026-02-18 11:03:26.624 DBG] ViewerRepo :: UpdatePresence(twitch, 5), 0.0288ms
[2026-02-18 11:03:26.687 DBG] TwitchService :: Presence Timer :: Artificially updated presence with a threshold of 5 minutes (62.4465ms)
[2026-02-18 11:04:26.625 DBG] ViewerRepo :: UpdatePresence(twitch, 5), 0.0382ms
[2026-02-18 11:04:26.679 DBG] TwitchService :: Presence Timer :: Artificially updated presence with a threshold of 5 minutes (53.6871ms)
[2026-02-18 11:05:26.635 DBG] ViewerRepo :: UpdatePresence(twitch, 5), 0.0281ms
[2026-02-18 11:05:26.686 DBG] TwitchService :: Presence Timer :: Artificially updated presence with a threshold of 5 minutes (52.4919ms)
[2026-02-18 11:06:26.661 DBG] ViewerRepo :: UpdatePresence(twitch, 5), 0.0295ms
[2026-02-18 11:06:26.715 DBG] TwitchService :: Presence Timer :: Artificially updated presence with a threshold of 5 minutes (55.5375ms)
[2026-02-18 11:07:12.667 DBG] Credits :: Time to save 14.2295ms
[2026-02-18 11:07:26.664 DBG] ViewerRepo :: UpdatePresence(twitch, 5), 0.0309ms
[2026-02-18 11:07:26.721 DBG] TwitchService :: Presence Timer :: Artificially updated presence with a threshold of 5 minutes (56.7417ms)
[2026-02-18 11:07:42.630 DBG] ActionDispatcher :: Queueing 'Sub Goal' (361aa588-5f31-4e19-b8a5-099cae52479d, TimedAction) to 'Default' (00000000-0000-0000-0000-000000000000), with 11 arguments
[2026-02-18 11:07:42.630 DBG] ActionQueue :: 'Default' (00000000-0000-0000-0000-000000000000) :: Enqueue action 361aa588-5f31-4e19-b8a5-099cae52479d
[2026-02-18 11:07:42.630 DBG] ActionQueue :: 'Default' (00000000-0000-0000-0000-000000000000) :: Handling queue
[2026-02-18 11:07:42.630 DBG] ActionQueue :: 'Default' (00000000-0000-0000-0000-000000000000) :: Performing non-blocking 'Sub Goal' (361aa588-5f31-4e19-b8a5-099cae52479d, ba00f148-7ed7-45c4-b643-61ad253d16f9)
[2026-02-18 11:08:07.693 DBG] AutoSave :: Auto saving settings...
[2026-02-18 11:08:07.717 DBG] Users :: Time to save 24.3205ms
[2026-02-18 11:08:07.742 DBG] Actions :: Time to save 25.1796ms
[2026-02-18 11:08:07.764 DBG] Commands :: Time to save 21.1528ms
[2026-02-18 11:08:07.782 DBG] Twitch Rewards :: Time to save 18.6858ms
[2026-02-18 11:08:07.797 DBG] Midi :: Time to save 15.6163ms
[2026-02-18 11:08:07.814 DBG] OBS Settings :: Time to save 16.5269ms
[2026-02-18 11:08:07.826 DBG] MeldStudio Settings :: Time to save 11.28ms
[2026-02-18 11:08:07.841 DBG] Credits :: Time to save 14.3409ms
[2026-02-18 11:08:07.853 DBG] Quotes :: Time to save 13.4524ms
[2026-02-18 11:08:07.917 DBG] Config :: Time to save 21.1174ms
[2026-02-18 11:08:26.664 DBG] ViewerRepo :: UpdatePresence(twitch, 5), 0.0306ms
[2026-02-18 11:08:26.723 DBG] TwitchService :: Presence Timer :: Artificially updated presence with a threshold of 5 minutes (58.5634ms)
[2026-02-18 11:09:26.675 DBG] ViewerRepo :: UpdatePresence(twitch, 5), 0.0315ms
[2026-02-18 11:09:26.733 DBG] TwitchService :: Presence Timer :: Artificially updated presence with a threshold of 5 minutes (58.1915ms)
[2026-02-18 11:10:26.690 DBG] ViewerRepo :: UpdatePresence(twitch, 5), 0.0314ms
[2026-02-18 11:10:27.196 DBG] TwitchService :: Presence Timer :: Artificially updated presence with a threshold of 5 minutes (507.2551ms)
[2026-02-18 11:11:26.696 DBG] ViewerRepo :: UpdatePresence(twitch, 5), 0.0289ms
[2026-02-18 11:11:26.751 DBG] TwitchService :: Presence Timer :: Artificially updated presence with a threshold of 5 minutes (55.4969ms)
[2026-02-18 11:12:12.682 DBG] Credits :: Time to save 21.3839ms
[2026-02-18 11:12:26.701 DBG] ViewerRepo :: UpdatePresence(twitch, 5), 0.029ms
[2026-02-18 11:12:26.762 DBG] TwitchService :: Presence Timer :: Artificially updated presence with a threshold of 5 minutes (61.9686ms)
[2026-02-18 11:13:07.933 DBG] AutoSave :: Auto saving settings...
[2026-02-18 11:13:07.951 DBG] Users :: Time to save 17.3859ms
[2026-02-18 11:13:07.972 DBG] Actions :: Time to save 21.0742ms
[2026-02-18 11:13:07.987 DBG] Commands :: Time to save 15.715ms
[2026-02-18 11:13:08.003 DBG] Twitch Rewards :: Time to save 15.5779ms
[2026-02-18 11:13:08.016 DBG] Midi :: Time to save 13.3128ms
[2026-02-18 11:13:08.027 DBG] OBS Settings :: Time to save 11.5434ms
[2026-02-18 11:13:08.039 DBG] MeldStudio Settings :: Time to save 11.0035ms
[2026-02-18 11:13:08.054 DBG] Credits :: Time to save 14.9257ms
[2026-02-18 11:13:08.073 DBG] Quotes :: Time to save 18.7861ms
[2026-02-18 11:13:08.156 DBG] Config :: Time to save 20.9853ms
[2026-02-18 11:13:26.714 DBG] ViewerRepo :: UpdatePresence(twitch, 5), 0.0312ms
[2026-02-18 11:13:26.772 DBG] TwitchService :: Presence Timer :: Artificially updated presence with a threshold of 5 minutes (57.708ms)
[2026-02-18 11:14:26.730 DBG] ViewerRepo :: UpdatePresence(twitch, 5), 0.0313ms
[2026-02-18 11:14:26.789 DBG] TwitchService :: Presence Timer :: Artificially updated presence with a threshold of 5 minutes (59.4504ms)
[2026-02-18 11:15:26.745 DBG] ViewerRepo :: UpdatePresence(twitch, 5), 0.0295ms
[2026-02-18 11:15:26.799 DBG] TwitchService :: Presence Timer :: Artificially updated presence with a threshold of 5 minutes (54.1856ms)
[2026-02-18 11:16:26.757 DBG] ViewerRepo :: UpdatePresence(twitch, 5), 0.0298ms
[2026-02-18 11:16:26.816 DBG] TwitchService :: Presence Timer :: Artificially updated presence with a threshold of 5 minutes (59.3877ms)
[2026-02-18 11:17:12.684 DBG] Credits :: Time to save 17.6136ms
[2026-02-18 11:17:26.785 DBG] ViewerRepo :: UpdatePresence(twitch, 5), 0.0304ms
[2026-02-18 11:17:26.844 DBG] TwitchService :: Presence Timer :: Artificially updated presence with a threshold of 5 minutes (59.5977ms)
[2026-02-18 11:17:43.170 DBG] ActionDispatcher :: Queueing 'Sub Goal' (361aa588-5f31-4e19-b8a5-099cae52479d, TimedAction) to 'Default' (00000000-0000-0000-0000-000000000000), with 11 arguments
[2026-02-18 11:17:43.170 DBG] ActionQueue :: 'Default' (00000000-0000-0000-0000-000000000000) :: Enqueue action 361aa588-5f31-4e19-b8a5-099cae52479d
[2026-02-18 11:17:43.170 DBG] ActionQueue :: 'Default' (00000000-0000-0000-0000-000000000000) :: Handling queue
[2026-02-18 11:17:43.170 DBG] ActionQueue :: 'Default' (00000000-0000-0000-0000-000000000000) :: Performing non-blocking 'Sub Goal' (361aa588-5f31-4e19-b8a5-099cae52479d, 577466b6-0c0e-44dd-aaea-febc8ff795de)
[2026-02-18 11:18:08.182 DBG] AutoSave :: Auto saving settings...
[2026-02-18 11:18:08.203 DBG] Users :: Time to save 22.1566ms
[2026-02-18 11:18:08.226 DBG] Actions :: Time to save 22.7589ms
[2026-02-18 11:18:08.239 DBG] Commands :: Time to save 12.7813ms
[2026-02-18 11:18:08.256 DBG] Twitch Rewards :: Time to save 16.6156ms
[2026-02-18 11:18:08.272 DBG] Midi :: Time to save 16.3012ms
[2026-02-18 11:18:08.289 DBG] OBS Settings :: Time to save 16.1829ms
[2026-02-18 11:18:08.304 DBG] MeldStudio Settings :: Time to save 15.2883ms
[2026-02-18 11:18:08.317 DBG] Credits :: Time to save 13.851ms
[2026-02-18 11:18:08.333 DBG] Quotes :: Time to save 15.884ms
[2026-02-18 11:18:08.399 DBG] Config :: Time to save 14.7564ms
[2026-02-18 11:18:26.789 DBG] ViewerRepo :: UpdatePresence(twitch, 5), 0.0331ms
[2026-02-18 11:18:26.845 DBG] TwitchService :: Presence Timer :: Artificially updated presence with a threshold of 5 minutes (56.1885ms)
[2026-02-18 11:19:26.794 DBG] ViewerRepo :: UpdatePresence(twitch, 5), 0.0298ms
[2026-02-18 11:19:26.849 DBG] TwitchService :: Presence Timer :: Artificially updated presence with a threshold of 5 minutes (54.7933ms)
[2026-02-18 11:20:26.805 DBG] ViewerRepo :: UpdatePresence(twitch, 5), 0.0444ms
[2026-02-18 11:20:26.862 DBG] TwitchService :: Presence Timer :: Artificially updated presence with a threshold of 5 minutes (56.8427ms)
[2026-02-18 11:21:26.816 DBG] ViewerRepo :: UpdatePresence(twitch, 5), 0.0338ms
[2026-02-18 11:21:26.870 DBG] TwitchService :: Presence Timer :: Artificially updated presence with a threshold of 5 minutes (54.2697ms)
[2026-02-18 11:22:12.703 DBG] Credits :: Time to save 22.7155ms
[2026-02-18 11:22:26.824 DBG] ViewerRepo :: UpdatePresence(twitch, 5), 0.033ms
[2026-02-18 11:22:26.877 DBG] TwitchService :: Presence Timer :: Artificially updated presence with a threshold of 5 minutes (53.3712ms)
[2026-02-18 11:23:08.456 DBG] AutoSave :: Auto saving settings...
[2026-02-18 11:23:08.482 DBG] Users :: Time to save 26.3584ms
[2026-02-18 11:23:08.509 DBG] Actions :: Time to save 26.9391ms
[2026-02-18 11:23:08.530 DBG] Commands :: Time to save 20.566ms
[2026-02-18 11:23:08.550 DBG] Twitch Rewards :: Time to save 19.3851ms
[2026-02-18 11:23:08.567 DBG] Midi :: Time to save 17.9585ms
[2026-02-18 11:23:08.585 DBG] OBS Settings :: Time to save 18.0721ms
[2026-02-18 11:23:08.605 DBG] MeldStudio Settings :: Time to save 19.6514ms
[2026-02-18 11:23:08.622 DBG] Credits :: Time to save 17.3974ms
[2026-02-18 11:23:08.638 DBG] Quotes :: Time to save 16.4581ms
[2026-02-18 11:23:08.682 DBG] Config :: Time to save 22.7599ms
[2026-02-18 11:23:26.825 DBG] ViewerRepo :: UpdatePresence(twitch, 5), 0.0302ms
[2026-02-18 11:23:26.884 DBG] TwitchService :: Presence Timer :: Artificially updated presence with a threshold of 5 minutes (59.4141ms)
[2026-02-18 11:24:26.831 DBG] ViewerRepo :: UpdatePresence(twitch, 5), 0.032ms
[2026-02-18 11:24:26.887 DBG] TwitchService :: Presence Timer :: Artificially updated presence with a threshold of 5 minutes (55.7762ms)
[2026-02-18 11:25:26.834 DBG] ViewerRepo :: UpdatePresence(twitch, 5), 0.032ms
[2026-02-18 11:25:26.890 DBG] TwitchService :: Presence Timer :: Artificially updated presence with a threshold of 5 minutes (56.4877ms)
[2026-02-18 11:26:26.838 DBG] ViewerRepo :: UpdatePresence(twitch, 5), 0.0441ms
[2026-02-18 11:26:26.897 DBG] TwitchService :: Presence Timer :: Artificially updated presence with a threshold of 5 minutes (59.0258ms)
[2026-02-18 11:27:12.707 DBG] Credits :: Time to save 14.1498ms
[2026-02-18 11:27:26.852 DBG] ViewerRepo :: UpdatePresence(twitch, 5), 0.0303ms
[2026-02-18 11:27:26.906 DBG] TwitchService :: Presence Timer :: Artificially updated presence with a threshold of 5 minutes (54.8862ms)
[2026-02-18 11:27:43.457 DBG] ActionDispatcher :: Queueing 'Sub Goal' (361aa588-5f31-4e19-b8a5-099cae52479d, TimedAction) to 'Default' (00000000-0000-0000-0000-000000000000), with 11 arguments
[2026-02-18 11:27:43.457 DBG] ActionQueue :: 'Default' (00000000-0000-0000-0000-000000000000) :: Enqueue action 361aa588-5f31-4e19-b8a5-099cae52479d
[2026-02-18 11:27:43.457 DBG] ActionQueue :: 'Default' (00000000-0000-0000-0000-000000000000) :: Handling queue
[2026-02-18 11:27:43.457 DBG] ActionQueue :: 'Default' (00000000-0000-0000-0000-000000000000) :: Performing non-blocking 'Sub Goal' (361aa588-5f31-4e19-b8a5-099cae52479d, a8153e16-be59-41e9-8f11-06d035e0c04c)
[2026-02-18 11:28:08.716 DBG] AutoSave :: Auto saving settings...
[2026-02-18 11:28:08.737 DBG] Users :: Time to save 21.7526ms
[2026-02-18 11:28:08.764 DBG] Actions :: Time to save 26.1593ms
[2026-02-18 11:28:08.784 DBG] Commands :: Time to save 20.4585ms
[2026-02-18 11:28:08.806 DBG] Twitch Rewards :: Time to save 22.5031ms
[2026-02-18 11:28:08.826 DBG] Midi :: Time to save 18.6566ms
[2026-02-18 11:28:08.843 DBG] OBS Settings :: Time to save 18.0146ms
[2026-02-18 11:28:08.861 DBG] MeldStudio Settings :: Time to save 18.2362ms
[2026-02-18 11:28:08.880 DBG] Credits :: Time to save 17.9095ms
[2026-02-18 11:28:08.900 DBG] Quotes :: Time to save 20.5611ms
[2026-02-18 11:28:08.944 DBG] Config :: Time to save 22.8167ms
[2026-02-18 11:28:26.860 DBG] ViewerRepo :: UpdatePresence(twitch, 5), 0.0294ms
[2026-02-18 11:28:26.915 DBG] TwitchService :: Presence Timer :: Artificially updated presence with a threshold of 5 minutes (55.3596ms)
[2026-02-18 11:29:26.861 DBG] ViewerRepo :: UpdatePresence(twitch, 5), 0.059ms
[2026-02-18 11:29:26.916 DBG] TwitchService :: Presence Timer :: Artificially updated presence with a threshold of 5 minutes (54.5289ms)
[2026-02-18 11:30:26.876 DBG] ViewerRepo :: UpdatePresence(twitch, 5), 0.0316ms
[2026-02-18 11:30:26.928 DBG] TwitchService :: Presence Timer :: Artificially updated presence with a threshold of 5 minutes (53.0984ms)
[2026-02-18 11:31:26.888 DBG] ViewerRepo :: UpdatePresence(twitch, 5), 0.0451ms
[2026-02-18 11:31:26.943 DBG] TwitchService :: Presence Timer :: Artificially updated presence with a threshold of 5 minutes (54.4474ms)
[2026-02-18 11:32:12.726 DBG] Credits :: Time to save 25.7709ms
[2026-02-18 11:32:26.900 DBG] ViewerRepo :: UpdatePresence(twitch, 5), 0.0303ms
[2026-02-18 11:32:26.955 DBG] TwitchService :: Presence Timer :: Artificially updated presence with a threshold of 5 minutes (54.7454ms)
[2026-02-18 11:33:08.999 DBG] AutoSave :: Auto saving settings...
[2026-02-18 11:33:09.025 DBG] Users :: Time to save 26.4093ms
[2026-02-18 11:33:09.052 DBG] Actions :: Time to save 26.2476ms
[2026-02-18 11:33:09.069 DBG] Commands :: Time to save 17.5315ms
[2026-02-18 11:33:09.085 DBG] Twitch Rewards :: Time to save 15.7897ms
[2026-02-18 11:33:09.100 DBG] Midi :: Time to save 13.9855ms
[2026-02-18 11:33:09.113 DBG] OBS Settings :: Time to save 13.5904ms
[2026-02-18 11:33:09.125 DBG] MeldStudio Settings :: Time to save 11.7781ms
[2026-02-18 11:33:09.141 DBG] Credits :: Time to save 16.2782ms
[2026-02-18 11:33:09.154 DBG] Quotes :: Time to save 12.6485ms
[2026-02-18 11:33:09.224 DBG] Config :: Time to save 23.1358ms
[2026-02-18 11:33:26.901 DBG] ViewerRepo :: UpdatePresence(twitch, 5), 0.0359ms
[2026-02-18 11:33:26.958 DBG] TwitchService :: Presence Timer :: Artificially updated presence with a threshold of 5 minutes (56.76ms)
[2026-02-18 11:34:26.914 DBG] ViewerRepo :: UpdatePresence(twitch, 5), 0.1049ms
[2026-02-18 11:34:26.969 DBG] TwitchService :: Presence Timer :: Artificially updated presence with a threshold of 5 minutes (55.4498ms)
[2026-02-18 11:35:26.923 DBG] ViewerRepo :: UpdatePresence(twitch, 5), 0.0324ms
[2026-02-18 11:35:26.977 DBG] TwitchService :: Presence Timer :: Artificially updated presence with a threshold of 5 minutes (55.4868ms)
[2026-02-18 11:36:26.925 DBG] ViewerRepo :: UpdatePresence(twitch, 5), 0.0308ms
[2026-02-18 11:36:26.977 DBG] TwitchService :: Presence Timer :: Artificially updated presence with a threshold of 5 minutes (52.7004ms)
[2026-02-18 11:37:12.740 DBG] Credits :: Time to save 25.6ms
[2026-02-18 11:37:26.937 DBG] ViewerRepo :: UpdatePresence(twitch, 5), 0.0433ms
[2026-02-18 11:37:26.989 DBG] TwitchService :: Presence Timer :: Artificially updated presence with a threshold of 5 minutes (53.1986ms)
[2026-02-18 11:37:43.867 DBG] ActionDispatcher :: Queueing 'Sub Goal' (361aa588-5f31-4e19-b8a5-099cae52479d, TimedAction) to 'Default' (00000000-0000-0000-0000-000000000000), with 11 arguments
[2026-02-18 11:37:43.867 DBG] ActionQueue :: 'Default' (00000000-0000-0000-0000-000000000000) :: Enqueue action 361aa588-5f31-4e19-b8a5-099cae52479d
[2026-02-18 11:37:43.867 DBG] ActionQueue :: 'Default' (00000000-0000-0000-0000-000000000000) :: Handling queue
[2026-02-18 11:37:43.867 DBG] ActionQueue :: 'Default' (00000000-0000-0000-0000-000000000000) :: Performing non-blocking 'Sub Goal' (361aa588-5f31-4e19-b8a5-099cae52479d, f15577b9-69ce-40e0-bdf7-6053857842c1)
[2026-02-18 11:38:09.220 DBG] AutoSave :: Auto saving settings...
[2026-02-18 11:38:09.248 DBG] Users :: Time to save 27.4797ms
[2026-02-18 11:38:09.274 DBG] Actions :: Time to save 26.4155ms
[2026-02-18 11:38:09.295 DBG] Commands :: Time to save 21.0518ms
[2026-02-18 11:38:09.317 DBG] Twitch Rewards :: Time to save 21.8928ms
[2026-02-18 11:38:09.335 DBG] Midi :: Time to save 18.307ms
[2026-02-18 11:38:09.356 DBG] OBS Settings :: Time to save 19.9338ms
[2026-02-18 11:38:09.371 DBG] MeldStudio Settings :: Time to save 15.8625ms
[2026-02-18 11:38:09.391 DBG] Credits :: Time to save 19.6431ms
[2026-02-18 11:38:09.413 DBG] Quotes :: Time to save 21.7101ms
[2026-02-18 11:38:09.449 DBG] Config :: Time to save 24.9265ms
[2026-02-18 11:38:26.946 DBG] ViewerRepo :: UpdatePresence(twitch, 5), 0.0302ms
[2026-02-18 11:38:27.001 DBG] TwitchService :: Presence Timer :: Artificially updated presence with a threshold of 5 minutes (56.4307ms)
[2026-02-18 11:39:26.956 DBG] ViewerRepo :: UpdatePresence(twitch, 5), 0.0287ms
[2026-02-18 11:39:27.011 DBG] TwitchService :: Presence Timer :: Artificially updated presence with a threshold of 5 minutes (55.7341ms)
[2026-02-18 11:40:26.971 DBG] ViewerRepo :: UpdatePresence(twitch, 5), 0.03ms
[2026-02-18 11:40:27.026 DBG] TwitchService :: Presence Timer :: Artificially updated presence with a threshold of 5 minutes (55.0775ms)
[2026-02-18 11:41:26.983 DBG] ViewerRepo :: UpdatePresence(twitch, 5), 0.0339ms
[2026-02-18 11:41:27.036 DBG] TwitchService :: Presence Timer :: Artificially updated presence with a threshold of 5 minutes (53.3146ms)
[2026-02-18 11:42:12.757 DBG] Credits :: Time to save 19.7636ms
[2026-02-18 11:42:26.984 DBG] ViewerRepo :: UpdatePresence(twitch, 5), 0.0317ms
[2026-02-18 11:42:27.041 DBG] TwitchService :: Presence Timer :: Artificially updated presence with a threshold of 5 minutes (58.3202ms)
[2026-02-18 11:43:09.494 DBG] AutoSave :: Auto saving settings...
[2026-02-18 11:43:09.511 DBG] Users :: Time to save 17.7463ms
[2026-02-18 11:43:09.531 DBG] Actions :: Time to save 20.48ms
[2026-02-18 11:43:09.548 DBG] Commands :: Time to save 15.8057ms
[2026-02-18 11:43:09.565 DBG] Twitch Rewards :: Time to save 17.2054ms
[2026-02-18 11:43:09.581 DBG] Midi :: Time to save 16.2808ms
[2026-02-18 11:43:09.598 DBG] OBS Settings :: Time to save 17.4345ms
[2026-02-18 11:43:09.616 DBG] MeldStudio Settings :: Time to save 17.2312ms
[2026-02-18 11:43:09.634 DBG] Credits :: Time to save 17.6886ms
[2026-02-18 11:43:09.655 DBG] Quotes :: Time to save 20.8142ms
[2026-02-18 11:43:09.713 DBG] Config :: Time to save 16.6936ms
[2026-02-18 11:43:26.996 DBG] ViewerRepo :: UpdatePresence(twitch, 5), 0.0309ms
[2026-02-18 11:43:27.049 DBG] TwitchService :: Presence Timer :: Artificially updated presence with a threshold of 5 minutes (53.7757ms)
[2026-02-18 11:44:27.004 DBG] ViewerRepo :: UpdatePresence(twitch, 5), 0.0322ms
[2026-02-18 11:44:27.059 DBG] TwitchService :: Presence Timer :: Artificially updated presence with a threshold of 5 minutes (56.1822ms)
[2026-02-18 11:45:27.017 DBG] ViewerRepo :: UpdatePresence(twitch, 5), 0.0306ms
[2026-02-18 11:45:27.075 DBG] TwitchService :: Presence Timer :: Artificially updated presence with a threshold of 5 minutes (57.9962ms)
[2026-02-18 11:46:27.031 DBG] ViewerRepo :: UpdatePresence(twitch, 5), 0.0318ms
[2026-02-18 11:46:27.087 DBG] TwitchService :: Presence Timer :: Artificially updated presence with a threshold of 5 minutes (55.8766ms)
[2026-02-18 11:47:12.761 DBG] Credits :: Time to save 17.3598ms
[2026-02-18 11:47:27.034 DBG] ViewerRepo :: UpdatePresence(twitch, 5), 0.0314ms
[2026-02-18 11:47:27.089 DBG] TwitchService :: Presence Timer :: Artificially updated presence with a threshold of 5 minutes (56.2993ms)
[2026-02-18 11:47:44.333 DBG] ActionDispatcher :: Queueing 'Sub Goal' (361aa588-5f31-4e19-b8a5-099cae52479d, TimedAction) to 'Default' (00000000-0000-0000-0000-000000000000), with 11 arguments
[2026-02-18 11:47:44.333 DBG] ActionQueue :: 'Default' (00000000-0000-0000-0000-000000000000) :: Enqueue action 361aa588-5f31-4e19-b8a5-099cae52479d
[2026-02-18 11:47:44.333 DBG] ActionQueue :: 'Default' (00000000-0000-0000-0000-000000000000) :: Handling queue
[2026-02-18 11:47:44.333 DBG] ActionQueue :: 'Default' (00000000-0000-0000-0000-000000000000) :: Performing non-blocking 'Sub Goal' (361aa588-5f31-4e19-b8a5-099cae52479d, 635591ca-2a82-425a-bce7-13581105df13)
[2026-02-18 11:48:09.747 DBG] AutoSave :: Auto saving settings...
[2026-02-18 11:48:09.765 DBG] Users :: Time to save 18.4906ms
[2026-02-18 11:48:09.789 DBG] Actions :: Time to save 23.9373ms
[2026-02-18 11:48:09.805 DBG] Commands :: Time to save 15.0457ms
[2026-02-18 11:48:09.819 DBG] Twitch Rewards :: Time to save 14.5058ms
[2026-02-18 11:48:09.837 DBG] Midi :: Time to save 17.6342ms
[2026-02-18 11:48:09.854 DBG] OBS Settings :: Time to save 17.6455ms
[2026-02-18 11:48:09.871 DBG] MeldStudio Settings :: Time to save 17.0658ms
[2026-02-18 11:48:09.888 DBG] Credits :: Time to save 16.8739ms
[2026-02-18 11:48:09.908 DBG] Quotes :: Time to save 20.1358ms
[2026-02-18 11:48:09.971 DBG] Config :: Time to save 21.3521ms
[2026-02-18 11:48:27.044 DBG] ViewerRepo :: UpdatePresence(twitch, 5), 0.0437ms
[2026-02-18 11:48:27.097 DBG] TwitchService :: Presence Timer :: Artificially updated presence with a threshold of 5 minutes (54.025ms)
[2026-02-18 11:49:27.049 DBG] ViewerRepo :: UpdatePresence(twitch, 5), 0.0324ms
[2026-02-18 11:49:27.107 DBG] TwitchService :: Presence Timer :: Artificially updated presence with a threshold of 5 minutes (58.0347ms)
[2026-02-18 11:50:27.057 DBG] ViewerRepo :: UpdatePresence(twitch, 5), 0.0301ms
[2026-02-18 11:50:27.111 DBG] TwitchService :: Presence Timer :: Artificially updated presence with a threshold of 5 minutes (54.2262ms)
[2026-02-18 11:51:27.069 DBG] ViewerRepo :: UpdatePresence(twitch, 5), 0.0326ms
[2026-02-18 11:51:27.126 DBG] TwitchService :: Presence Timer :: Artificially updated presence with a threshold of 5 minutes (57.2035ms)
[2026-02-18 11:52:12.765 DBG] Credits :: Time to save 20.2729ms
[2026-02-18 11:52:27.071 DBG] ViewerRepo :: UpdatePresence(twitch, 5), 0.0306ms
[2026-02-18 11:52:27.125 DBG] TwitchService :: Presence Timer :: Artificially updated presence with a threshold of 5 minutes (54.1281ms)
[2026-02-18 11:53:10.027 DBG] AutoSave :: Auto saving settings...
[2026-02-18 11:53:10.044 DBG] Users :: Time to save 17.4953ms
[2026-02-18 11:53:10.065 DBG] Actions :: Time to save 20.5932ms
[2026-02-18 11:53:10.079 DBG] Commands :: Time to save 14.2183ms
[2026-02-18 11:53:10.093 DBG] Twitch Rewards :: Time to save 14.0405ms
[2026-02-18 11:53:10.104 DBG] Midi :: Time to save 11.3642ms
[2026-02-18 11:53:10.121 DBG] OBS Settings :: Time to save 17.246ms
[2026-02-18 11:53:10.139 DBG] MeldStudio Settings :: Time to save 17.9336ms
[2026-02-18 11:53:10.151 DBG] Credits :: Time to save 11.8036ms
[2026-02-18 11:53:10.166 DBG] Quotes :: Time to save 14.6261ms
[2026-02-18 11:53:10.246 DBG] Config :: Time to save 15.97ms
[2026-02-18 11:53:27.074 DBG] ViewerRepo :: UpdatePresence(twitch, 5), 0.0295ms
[2026-02-18 11:53:27.131 DBG] TwitchService :: Presence Timer :: Artificially updated presence with a threshold of 5 minutes (58.0233ms)
[2026-02-18 11:54:27.086 DBG] ViewerRepo :: UpdatePresence(twitch, 5), 0.0318ms
[2026-02-18 11:54:27.143 DBG] TwitchService :: Presence Timer :: Artificially updated presence with a threshold of 5 minutes (56.9231ms)
[2026-02-18 11:55:27.093 DBG] ViewerRepo :: UpdatePresence(twitch, 5), 0.0296ms
[2026-02-18 11:55:27.148 DBG] TwitchService :: Presence Timer :: Artificially updated presence with a threshold of 5 minutes (54.6582ms)
[2026-02-18 11:56:27.105 DBG] ViewerRepo :: UpdatePresence(twitch, 5), 0.0316ms
[2026-02-18 11:56:27.158 DBG] TwitchService :: Presence Timer :: Artificially updated presence with a threshold of 5 minutes (53.6889ms)
[2026-02-18 11:57:12.769 DBG] Credits :: Time to save 16.5716ms
[2026-02-18 11:57:27.118 DBG] ViewerRepo :: UpdatePresence(twitch, 5), 0.0297ms
[2026-02-18 11:57:27.173 DBG] TwitchService :: Presence Timer :: Artificially updated presence with a threshold of 5 minutes (55.9063ms)
[2026-02-18 11:57:44.831 DBG] ActionDispatcher :: Queueing 'Sub Goal' (361aa588-5f31-4e19-b8a5-099cae52479d, TimedAction) to 'Default' (00000000-0000-0000-0000-000000000000), with 11 arguments
[2026-02-18 11:57:44.831 DBG] ActionQueue :: 'Default' (00000000-0000-0000-0000-000000000000) :: Enqueue action 361aa588-5f31-4e19-b8a5-099cae52479d
[2026-02-18 11:57:44.831 DBG] ActionQueue :: 'Default' (00000000-0000-0000-0000-000000000000) :: Handling queue
[2026-02-18 11:57:44.831 DBG] ActionQueue :: 'Default' (00000000-0000-0000-0000-000000000000) :: Performing non-blocking 'Sub Goal' (361aa588-5f31-4e19-b8a5-099cae52479d, 581e1b3a-168c-420f-b492-4969c420ef7d)
[2026-02-18 11:58:10.244 DBG] AutoSave :: Auto saving settings...
[2026-02-18 11:58:10.270 DBG] Users :: Time to save 26.7067ms
[2026-02-18 11:58:10.294 DBG] Actions :: Time to save 24.5492ms
[2026-02-18 11:58:10.315 DBG] Commands :: Time to save 19.5976ms
[2026-02-18 11:58:10.336 DBG] Twitch Rewards :: Time to save 20.8466ms
[2026-02-18 11:58:10.353 DBG] Midi :: Time to save 17.691ms
[2026-02-18 11:58:10.371 DBG] OBS Settings :: Time to save 17.7758ms
[2026-02-18 11:58:10.386 DBG] MeldStudio Settings :: Time to save 16.0303ms
[2026-02-18 11:58:10.399 DBG] Credits :: Time to save 11.9988ms
[2026-02-18 11:58:10.413 DBG] Quotes :: Time to save 13.7001ms
[2026-02-18 11:58:10.461 DBG] Config :: Time to save 15.6515ms
[2026-02-18 11:58:27.119 DBG] ViewerRepo :: UpdatePresence(twitch, 5), 0.0316ms
[2026-02-18 11:58:27.181 DBG] TwitchService :: Presence Timer :: Artificially updated presence with a threshold of 5 minutes (62.2671ms)
[2026-02-18 11:59:27.134 DBG] ViewerRepo :: UpdatePresence(twitch, 5), 0.044ms
[2026-02-18 11:59:27.197 DBG] TwitchService :: Presence Timer :: Artificially updated presence with a threshold of 5 minutes (63.8833ms)
[2026-02-18 12:00:27.146 DBG] ViewerRepo :: UpdatePresence(twitch, 5), 0.0309ms
[2026-02-18 12:00:27.199 DBG] TwitchService :: Presence Timer :: Artificially updated presence with a threshold of 5 minutes (53.9793ms)
[2026-02-18 12:01:27.160 DBG] ViewerRepo :: UpdatePresence(twitch, 5), 0.0298ms
[2026-02-18 12:01:27.215 DBG] TwitchService :: Presence Timer :: Artificially updated presence with a threshold of 5 minutes (54.6575ms)
[2026-02-18 12:02:12.788 DBG] Credits :: Time to save 24.2988ms
[2026-02-18 12:02:27.169 DBG] ViewerRepo :: UpdatePresence(twitch, 5), 0.0391ms
[2026-02-18 12:02:27.223 DBG] TwitchService :: Presence Timer :: Artificially updated presence with a threshold of 5 minutes (54.4633ms)
[2026-02-18 12:03:10.475 DBG] AutoSave :: Auto saving settings...
[2026-02-18 12:03:10.501 DBG] Users :: Time to save 25.9778ms
[2026-02-18 12:03:10.521 DBG] Actions :: Time to save 20.1261ms
[2026-02-18 12:03:10.535 DBG] Commands :: Time to save 13.768ms
[2026-02-18 12:03:10.553 DBG] Twitch Rewards :: Time to save 18.5061ms
[2026-02-18 12:03:10.571 DBG] Midi :: Time to save 17.9039ms
[2026-02-18 12:03:10.582 DBG] OBS Settings :: Time to save 11.1171ms
[2026-02-18 12:03:10.598 DBG] MeldStudio Settings :: Time to save 15.6704ms
[2026-02-18 12:03:10.617 DBG] Credits :: Time to save 17.6945ms
[2026-02-18 12:03:10.630 DBG] Quotes :: Time to save 14.4034ms
[2026-02-18 12:03:10.696 DBG] Config :: Time to save 19.0254ms
[2026-02-18 12:03:27.171 DBG] ViewerRepo :: UpdatePresence(twitch, 5), 0.0331ms
[2026-02-18 12:03:27.226 DBG] TwitchService :: Presence Timer :: Artificially updated presence with a threshold of 5 minutes (55.0418ms)
[2026-02-18 12:04:27.183 DBG] ViewerRepo :: UpdatePresence(twitch, 5), 0.0321ms
[2026-02-18 12:04:27.235 DBG] TwitchService :: Presence Timer :: Artificially updated presence with a threshold of 5 minutes (52.4781ms)
[2026-02-18 12:05:27.196 DBG] ViewerRepo :: UpdatePresence(twitch, 5), 0.0465ms
[2026-02-18 12:05:27.253 DBG] TwitchService :: Presence Timer :: Artificially updated presence with a threshold of 5 minutes (57.39ms)
[2026-02-18 12:06:27.203 DBG] ViewerRepo :: UpdatePresence(twitch, 5), 0.032ms
[2026-02-18 12:06:27.259 DBG] TwitchService :: Presence Timer :: Artificially updated presence with a threshold of 5 minutes (56.8651ms)
[2026-02-18 12:07:12.801 DBG] Credits :: Time to save 28.2444ms
[2026-02-18 12:07:27.208 DBG] ViewerRepo :: UpdatePresence(twitch, 5), 0.0315ms
[2026-02-18 12:07:27.266 DBG] TwitchService :: Presence Timer :: Artificially updated presence with a threshold of 5 minutes (59.069ms)
[2026-02-18 12:07:45.417 DBG] ActionDispatcher :: Queueing 'Sub Goal' (361aa588-5f31-4e19-b8a5-099cae52479d, TimedAction) to 'Default' (00000000-0000-0000-0000-000000000000), with 11 arguments
[2026-02-18 12:07:45.417 DBG] ActionQueue :: 'Default' (00000000-0000-0000-0000-000000000000) :: Enqueue action 361aa588-5f31-4e19-b8a5-099cae52479d
[2026-02-18 12:07:45.417 DBG] ActionQueue :: 'Default' (00000000-0000-0000-0000-000000000000) :: Handling queue
[2026-02-18 12:07:45.417 DBG] ActionQueue :: 'Default' (00000000-0000-0000-0000-000000000000) :: Performing non-blocking 'Sub Goal' (361aa588-5f31-4e19-b8a5-099cae52479d, d2de9887-369a-4f39-9eca-ca0a3df7da80)
[2026-02-18 12:08:10.720 DBG] AutoSave :: Auto saving settings...
[2026-02-18 12:08:10.746 DBG] Users :: Time to save 26.705ms
[2026-02-18 12:08:10.772 DBG] Actions :: Time to save 25.926ms
[2026-02-18 12:08:10.786 DBG] Commands :: Time to save 13.6003ms
[2026-02-18 12:08:10.800 DBG] Twitch Rewards :: Time to save 13.632ms
[2026-02-18 12:08:10.818 DBG] Midi :: Time to save 18.1701ms
[2026-02-18 12:08:10.831 DBG] OBS Settings :: Time to save 12.2317ms
[2026-02-18 12:08:10.849 DBG] MeldStudio Settings :: Time to save 18.0218ms
[2026-02-18 12:08:10.862 DBG] Credits :: Time to save 14.2379ms
[2026-02-18 12:08:10.882 DBG] Quotes :: Time to save 19.9442ms
[2026-02-18 12:08:10.940 DBG] Config :: Time to save 14.9789ms
[2026-02-18 12:08:27.219 DBG] ViewerRepo :: UpdatePresence(twitch, 5), 0.0307ms
[2026-02-18 12:08:27.273 DBG] TwitchService :: Presence Timer :: Artificially updated presence with a threshold of 5 minutes (54.6364ms)
[2026-02-18 12:09:27.221 DBG] ViewerRepo :: UpdatePresence(twitch, 5), 0.0333ms
[2026-02-18 12:09:27.280 DBG] TwitchService :: Presence Timer :: Artificially updated presence with a threshold of 5 minutes (58.8803ms)
[2026-02-18 12:10:27.228 DBG] ViewerRepo :: UpdatePresence(twitch, 5), 0.0318ms
[2026-02-18 12:10:27.773 DBG] TwitchService :: Presence Timer :: Artificially updated presence with a threshold of 5 minutes (545.7905ms)
[2026-02-18 12:11:27.232 DBG] ViewerRepo :: UpdatePresence(twitch, 5), 0.0315ms
[2026-02-18 12:11:27.300 DBG] TwitchService :: Presence Timer :: Artificially updated presence with a threshold of 5 minutes (67.9399ms)
[2026-02-18 12:12:12.800 DBG] Credits :: Time to save 24.4619ms
[2026-02-18 12:12:27.246 DBG] ViewerRepo :: UpdatePresence(twitch, 5), 0.0304ms
[2026-02-18 12:12:27.300 DBG] TwitchService :: Presence Timer :: Artificially updated presence with a threshold of 5 minutes (54.5602ms)
[2026-02-18 12:13:10.978 DBG] AutoSave :: Auto saving settings...
[2026-02-18 12:13:11.003 DBG] Users :: Time to save 25.8612ms
[2026-02-18 12:13:11.030 DBG] Actions :: Time to save 26.4224ms
[2026-02-18 12:13:11.051 DBG] Commands :: Time to save 20.385ms
[2026-02-18 12:13:11.070 DBG] Twitch Rewards :: Time to save 19.6109ms
[2026-02-18 12:13:11.086 DBG] Midi :: Time to save 17.1836ms
[2026-02-18 12:13:11.104 DBG] OBS Settings :: Time to save 16.7655ms
[2026-02-18 12:13:11.121 DBG] MeldStudio Settings :: Time to save 17.5404ms
[2026-02-18 12:13:11.136 DBG] Credits :: Time to save 14.075ms
[2026-02-18 12:13:11.155 DBG] Quotes :: Time to save 19.8602ms
[2026-02-18 12:13:11.205 DBG] Config :: Time to save 23.3327ms
[2026-02-18 12:13:27.251 DBG] ViewerRepo :: UpdatePresence(twitch, 5), 0.0315ms
[2026-02-18 12:13:27.336 DBG] TwitchService :: Presence Timer :: Artificially updated presence with a threshold of 5 minutes (86.6231ms)
[2026-02-18 12:13:58.615 DBG] Twitch EventSub (Broadcaster) :: Disconnected
[2026-02-18 12:13:58.617 INF] TwitchService :: Disconnected from Broadcaster EventSub
[2026-02-18 12:14:00.620 DBG] TwitchService :: Retrying broadcaster EventSub connection
[2026-02-18 12:14:00.620 INF] TwitchService :: Connecting to Broadcaster EventSub
[2026-02-18 12:14:00.620 DBG] Twitch EventSub (Broadcaster) :: Opening connection
[2026-02-18 12:14:00.751 DBG] Twitch EventSub (Broadcaster) :: Subscribing to 56 events
[2026-02-18 12:14:05.772 INF] TwitchService :: Connected to Broadcaster EventSub, and authenticated
[2026-02-18 12:14:27.259 DBG] ViewerRepo :: UpdatePresence(twitch, 5), 0.0317ms
[2026-02-18 12:14:27.329 DBG] TwitchService :: Presence Timer :: Artificially updated presence with a threshold of 5 minutes (69.4095ms)
[2026-02-18 12:15:27.268 DBG] ViewerRepo :: UpdatePresence(twitch, 5), 0.0428ms
[2026-02-18 12:15:27.322 DBG] TwitchService :: Presence Timer :: Artificially updated presence with a threshold of 5 minutes (54.0128ms)
[2026-02-18 12:16:27.283 DBG] ViewerRepo :: UpdatePresence(twitch, 5), 0.0436ms
[2026-02-18 12:16:27.340 DBG] TwitchService :: Presence Timer :: Artificially updated presence with a threshold of 5 minutes (57.2024ms)
[2026-02-18 12:17:12.799 DBG] Credits :: Time to save 22.66ms
[2026-02-18 12:17:27.284 DBG] ViewerRepo :: UpdatePresence(twitch, 5), 0.0304ms
[2026-02-18 12:17:27.341 DBG] TwitchService :: Presence Timer :: Artificially updated presence with a threshold of 5 minutes (56.5204ms)
[2026-02-18 12:17:45.753 DBG] ActionDispatcher :: Queueing 'Sub Goal' (361aa588-5f31-4e19-b8a5-099cae52479d, TimedAction) to 'Default' (00000000-0000-0000-0000-000000000000), with 11 arguments
[2026-02-18 12:17:45.753 DBG] ActionQueue :: 'Default' (00000000-0000-0000-0000-000000000000) :: Enqueue action 361aa588-5f31-4e19-b8a5-099cae52479d
[2026-02-18 12:17:45.753 DBG] ActionQueue :: 'Default' (00000000-0000-0000-0000-000000000000) :: Handling queue
[2026-02-18 12:17:45.753 DBG] ActionQueue :: 'Default' (00000000-0000-0000-0000-000000000000) :: Performing non-blocking 'Sub Goal' (361aa588-5f31-4e19-b8a5-099cae52479d, 2d876d73-df46-4dcc-8b9c-8a613f701a95)
[2026-02-18 12:18:11.242 DBG] AutoSave :: Auto saving settings...
[2026-02-18 12:18:11.259 DBG] Users :: Time to save 16.9017ms
[2026-02-18 12:18:11.280 DBG] Actions :: Time to save 20.7028ms
[2026-02-18 12:18:11.295 DBG] Commands :: Time to save 15.4332ms
[2026-02-18 12:18:11.310 DBG] Twitch Rewards :: Time to save 15.0669ms
[2026-02-18 12:18:11.324 DBG] Midi :: Time to save 13.5768ms
[2026-02-18 12:18:11.336 DBG] OBS Settings :: Time to save 12.3371ms
[2026-02-18 12:18:11.349 DBG] MeldStudio Settings :: Time to save 12.1336ms
[2026-02-18 12:18:11.365 DBG] Credits :: Time to save 17.2212ms
[2026-02-18 12:18:11.380 DBG] Quotes :: Time to save 14.416ms
[2026-02-18 12:18:11.466 DBG] Config :: Time to save 20.395ms
[2026-02-18 12:18:27.298 DBG] ViewerRepo :: UpdatePresence(twitch, 5), 0.0349ms
[2026-02-18 12:18:27.361 DBG] TwitchService :: Presence Timer :: Artificially updated presence with a threshold of 5 minutes (63.247ms)
[2026-02-18 12:19:27.302 DBG] ViewerRepo :: UpdatePresence(twitch, 5), 0.0294ms
[2026-02-18 12:19:27.359 DBG] TwitchService :: Presence Timer :: Artificially updated presence with a threshold of 5 minutes (57.2616ms)
[2026-02-18 12:20:27.304 DBG] ViewerRepo :: UpdatePresence(twitch, 5), 0.0305ms
[2026-02-18 12:20:27.358 DBG] TwitchService :: Presence Timer :: Artificially updated presence with a threshold of 5 minutes (54.2781ms)
[2026-02-18 12:21:27.304 DBG] ViewerRepo :: UpdatePresence(twitch, 5), 0.0438ms
[2026-02-18 12:21:27.361 DBG] TwitchService :: Presence Timer :: Artificially updated presence with a threshold of 5 minutes (56.796ms)
[2026-02-18 12:22:12.796 DBG] Credits :: Time to save 16.7409ms
[2026-02-18 12:22:27.313 DBG] ViewerRepo :: UpdatePresence(twitch, 5), 0.0283ms
[2026-02-18 12:22:27.369 DBG] TwitchService :: Presence Timer :: Artificially updated presence with a threshold of 5 minutes (55.0356ms)
[2026-02-18 12:23:11.468 DBG] AutoSave :: Auto saving settings...
[2026-02-18 12:23:11.488 DBG] Users :: Time to save 19.8401ms
[2026-02-18 12:23:11.511 DBG] Actions :: Time to save 23.6893ms
[2026-02-18 12:23:11.532 DBG] Commands :: Time to save 20.6687ms
[2026-02-18 12:23:11.551 DBG] Twitch Rewards :: Time to save 19.4161ms
[2026-02-18 12:23:11.563 DBG] Midi :: Time to save 11.9829ms
[2026-02-18 12:23:11.581 DBG] OBS Settings :: Time to save 17.482ms
[2026-02-18 12:23:11.593 DBG] MeldStudio Settings :: Time to save 11.7841ms
[2026-02-18 12:23:11.611 DBG] Credits :: Time to save 17.6211ms
[2026-02-18 12:23:11.624 DBG] Quotes :: Time to save 13.3992ms
[2026-02-18 12:23:11.692 DBG] Config :: Time to save 23.1183ms
[2026-02-18 12:23:27.324 DBG] ViewerRepo :: UpdatePresence(twitch, 5), 0.0308ms
[2026-02-18 12:23:27.378 DBG] TwitchService :: Presence Timer :: Artificially updated presence with a threshold of 5 minutes (53.7189ms)
[2026-02-18 12:23:58.992 DBG] Twitch EventSub (Bot) :: Disconnected
[2026-02-18 12:23:58.994 INF] TwitchService :: Disconnected from Bot EventSub
[2026-02-18 12:24:01.010 DBG] TwitchService :: Retrying Bot EventSub connection
[2026-02-18 12:24:01.010 INF] TwitchService :: Connecting to Bot EventSub
[2026-02-18 12:24:01.010 DBG] Twitch EventSub (Bot) :: Opening connection
[2026-02-18 12:24:01.221 DBG] Twitch EventSub (Bot) :: Subscribing to 1 events
[2026-02-18 12:24:01.628 INF] TwitchService :: Connected to Bot EventSub, and authenticated
[2026-02-18 12:24:27.338 DBG] ViewerRepo :: UpdatePresence(twitch, 5), 0.0312ms
[2026-02-18 12:24:27.396 DBG] TwitchService :: Presence Timer :: Artificially updated presence with a threshold of 5 minutes (58.7897ms)
[2026-02-18 12:25:27.350 DBG] ViewerRepo :: UpdatePresence(twitch, 5), 0.033ms
[2026-02-18 12:25:27.408 DBG] TwitchService :: Presence Timer :: Artificially updated presence with a threshold of 5 minutes (58.9654ms)
[2026-02-18 12:26:27.364 DBG] ViewerRepo :: UpdatePresence(twitch, 5), 0.0298ms
[2026-02-18 12:26:27.418 DBG] TwitchService :: Presence Timer :: Artificially updated presence with a threshold of 5 minutes (53.9654ms)
[2026-02-18 12:27:12.816 DBG] Credits :: Time to save 22.9201ms
[2026-02-18 12:27:27.373 DBG] ViewerRepo :: UpdatePresence(twitch, 5), 0.0429ms
[2026-02-18 12:27:27.428 DBG] TwitchService :: Presence Timer :: Artificially updated presence with a threshold of 5 minutes (55.0695ms)
[2026-02-18 12:27:46.213 DBG] ActionDispatcher :: Queueing 'Sub Goal' (361aa588-5f31-4e19-b8a5-099cae52479d, TimedAction) to 'Default' (00000000-0000-0000-0000-000000000000), with 11 arguments
[2026-02-18 12:27:46.213 DBG] ActionQueue :: 'Default' (00000000-0000-0000-0000-000000000000) :: Enqueue action 361aa588-5f31-4e19-b8a5-099cae52479d
[2026-02-18 12:27:46.213 DBG] ActionQueue :: 'Default' (00000000-0000-0000-0000-000000000000) :: Handling queue
[2026-02-18 12:27:46.213 DBG] ActionQueue :: 'Default' (00000000-0000-0000-0000-000000000000) :: Performing non-blocking 'Sub Goal' (361aa588-5f31-4e19-b8a5-099cae52479d, 9b48c6ed-4f63-4b90-8ae9-8164ad99f974)
[2026-02-18 12:28:11.739 DBG] AutoSave :: Auto saving settings...
[2026-02-18 12:28:11.765 DBG] Users :: Time to save 26.6662ms
[2026-02-18 12:28:11.793 DBG] Actions :: Time to save 27.8262ms
[2026-02-18 12:28:11.812 DBG] Commands :: Time to save 18.8989ms
[2026-02-18 12:28:11.831 DBG] Twitch Rewards :: Time to save 19.1085ms
[2026-02-18 12:28:11.849 DBG] Midi :: Time to save 18.1249ms
[2026-02-18 12:28:11.869 DBG] OBS Settings :: Time to save 18.8702ms
[2026-02-18 12:28:11.888 DBG] MeldStudio Settings :: Time to save 18.8999ms
[2026-02-18 12:28:11.906 DBG] Credits :: Time to save 18.8623ms
[2026-02-18 12:28:11.922 DBG] Quotes :: Time to save 15.8589ms
[2026-02-18 12:28:11.963 DBG] Config :: Time to save 22.5397ms
[2026-02-18 12:28:27.387 DBG] ViewerRepo :: UpdatePresence(twitch, 5), 0.0335ms
[2026-02-18 12:28:27.446 DBG] TwitchService :: Presence Timer :: Artificially updated presence with a threshold of 5 minutes (60.477ms)
[2026-02-18 12:29:27.387 DBG] ViewerRepo :: UpdatePresence(twitch, 5), 0.0301ms
[2026-02-18 12:29:27.442 DBG] TwitchService :: Presence Timer :: Artificially updated presence with a threshold of 5 minutes (55.0397ms)
[2026-02-18 12:30:27.390 DBG] ViewerRepo :: UpdatePresence(twitch, 5), 0.0444ms
[2026-02-18 12:30:27.451 DBG] TwitchService :: Presence Timer :: Artificially updated presence with a threshold of 5 minutes (60.0443ms)
[2026-02-18 12:31:27.405 DBG] ViewerRepo :: UpdatePresence(twitch, 5), 0.0319ms
[2026-02-18 12:31:27.460 DBG] TwitchService :: Presence Timer :: Artificially updated presence with a threshold of 5 minutes (56.3485ms)
[2026-02-18 12:32:12.820 DBG] Credits :: Time to save 21.2603ms
[2026-02-18 12:32:27.406 DBG] ViewerRepo :: UpdatePresence(twitch, 5), 0.044ms
[2026-02-18 12:32:27.459 DBG] TwitchService :: Presence Timer :: Artificially updated presence with a threshold of 5 minutes (53.765ms)
[2026-02-18 12:33:12.003 DBG] AutoSave :: Auto saving settings...
[2026-02-18 12:33:12.028 DBG] Users :: Time to save 24.4885ms
[2026-02-18 12:33:12.056 DBG] Actions :: Time to save 28.9869ms
[2026-02-18 12:33:12.077 DBG] Commands :: Time to save 20.6213ms
[2026-02-18 12:33:12.099 DBG] Twitch Rewards :: Time to save 22.7469ms
[2026-02-18 12:33:12.119 DBG] Midi :: Time to save 19.0225ms
[2026-02-18 12:33:12.137 DBG] OBS Settings :: Time to save 17.7904ms
[2026-02-18 12:33:12.155 DBG] MeldStudio Settings :: Time to save 17.7985ms
[2026-02-18 12:33:12.171 DBG] Credits :: Time to save 16.9348ms
[2026-02-18 12:33:12.191 DBG] Quotes :: Time to save 18.8622ms
[2026-02-18 12:33:12.221 DBG] Config :: Time to save 15.4169ms
[2026-02-18 12:33:27.420 DBG] ViewerRepo :: UpdatePresence(twitch, 5), 0.0303ms
[2026-02-18 12:33:27.478 DBG] TwitchService :: Presence Timer :: Artificially updated presence with a threshold of 5 minutes (58.3347ms)
[2026-02-18 12:34:27.435 DBG] ViewerRepo :: UpdatePresence(twitch, 5), 0.0327ms
[2026-02-18 12:34:27.489 DBG] TwitchService :: Presence Timer :: Artificially updated presence with a threshold of 5 minutes (54.2963ms)
[2026-02-18 12:35:27.446 DBG] ViewerRepo :: UpdatePresence(twitch, 5), 0.0301ms
[2026-02-18 12:35:27.499 DBG] TwitchService :: Presence Timer :: Artificially updated presence with a threshold of 5 minutes (53.6092ms)
[2026-02-18 12:36:27.456 DBG] ViewerRepo :: UpdatePresence(twitch, 5), 0.034ms
[2026-02-18 12:36:27.514 DBG] TwitchService :: Presence Timer :: Artificially updated presence with a threshold of 5 minutes (58.1152ms)
[2026-02-18 12:37:12.833 DBG] Credits :: Time to save 20.1812ms
[2026-02-18 12:37:27.467 DBG] ViewerRepo :: UpdatePresence(twitch, 5), 0.0302ms
[2026-02-18 12:37:27.531 DBG] TwitchService :: Presence Timer :: Artificially updated presence with a threshold of 5 minutes (63.2155ms)
[2026-02-18 12:37:46.653 DBG] ActionDispatcher :: Queueing 'Sub Goal' (361aa588-5f31-4e19-b8a5-099cae52479d, TimedAction) to 'Default' (00000000-0000-0000-0000-000000000000), with 11 arguments
[2026-02-18 12:37:46.653 DBG] ActionQueue :: 'Default' (00000000-0000-0000-0000-000000000000) :: Enqueue action 361aa588-5f31-4e19-b8a5-099cae52479d
[2026-02-18 12:37:46.653 DBG] ActionQueue :: 'Default' (00000000-0000-0000-0000-000000000000) :: Handling queue
[2026-02-18 12:37:46.653 DBG] ActionQueue :: 'Default' (00000000-0000-0000-0000-000000000000) :: Performing non-blocking 'Sub Goal' (361aa588-5f31-4e19-b8a5-099cae52479d, 9c2271e1-ef36-4d17-bd86-a594a26650a7)
[2026-02-18 12:38:12.256 DBG] AutoSave :: Auto saving settings...
[2026-02-18 12:38:12.278 DBG] Users :: Time to save 22.9317ms
[2026-02-18 12:38:12.303 DBG] Actions :: Time to save 24.1204ms
[2026-02-18 12:38:12.323 DBG] Commands :: Time to save 19.7109ms
[2026-02-18 12:38:12.336 DBG] Twitch Rewards :: Time to save 13.3594ms
[2026-02-18 12:38:12.348 DBG] Midi :: Time to save 11.6812ms
[2026-02-18 12:38:12.360 DBG] OBS Settings :: Time to save 11.4257ms
[2026-02-18 12:38:12.373 DBG] MeldStudio Settings :: Time to save 13.7191ms
[2026-02-18 12:38:12.386 DBG] Credits :: Time to save 13.4084ms
[2026-02-18 12:38:12.399 DBG] Quotes :: Time to save 13.1168ms
[2026-02-18 12:38:12.481 DBG] Config :: Time to save 22.1ms
[2026-02-18 12:38:27.468 DBG] ViewerRepo :: UpdatePresence(twitch, 5), 0.0306ms
[2026-02-18 12:38:27.522 DBG] TwitchService :: Presence Timer :: Artificially updated presence with a threshold of 5 minutes (54.5531ms)
[2026-02-18 12:39:27.481 DBG] ViewerRepo :: UpdatePresence(twitch, 5), 0.0301ms
[2026-02-18 12:39:27.535 DBG] TwitchService :: Presence Timer :: Artificially updated presence with a threshold of 5 minutes (54.4671ms)
[2026-02-18 12:40:27.483 DBG] ViewerRepo :: UpdatePresence(twitch, 5), 0.0304ms
[2026-02-18 12:40:27.540 DBG] TwitchService :: Presence Timer :: Artificially updated presence with a threshold of 5 minutes (56.8541ms)
[2026-02-18 12:41:27.486 DBG] ViewerRepo :: UpdatePresence(twitch, 5), 0.0304ms
[2026-02-18 12:41:27.543 DBG] TwitchService :: Presence Timer :: Artificially updated presence with a threshold of 5 minutes (56.9464ms)
[2026-02-18 12:42:12.847 DBG] Credits :: Time to save 22.114ms
[2026-02-18 12:42:27.489 DBG] ViewerRepo :: UpdatePresence(twitch, 5), 0.0331ms
[2026-02-18 12:42:27.544 DBG] TwitchService :: Presence Timer :: Artificially updated presence with a threshold of 5 minutes (55.2998ms)
[2026-02-18 12:43:12.497 DBG] AutoSave :: Auto saving settings...
[2026-02-18 12:43:12.514 DBG] Users :: Time to save 17.2677ms
[2026-02-18 12:43:12.539 DBG] Actions :: Time to save 25.1129ms
[2026-02-18 12:43:12.557 DBG] Commands :: Time to save 18.024ms
[2026-02-18 12:43:12.577 DBG] Twitch Rewards :: Time to save 20.7053ms
[2026-02-18 12:43:12.595 DBG] Midi :: Time to save 16.9747ms
[2026-02-18 12:43:12.606 DBG] OBS Settings :: Time to save 11.1038ms
[2026-02-18 12:43:12.622 DBG] MeldStudio Settings :: Time to save 16.2565ms
[2026-02-18 12:43:12.639 DBG] Credits :: Time to save 17.084ms
[2026-02-18 12:43:12.660 DBG] Quotes :: Time to save 19.7196ms
[2026-02-18 12:43:12.715 DBG] Config :: Time to save 14.5637ms
[2026-02-18 12:43:27.504 DBG] ViewerRepo :: UpdatePresence(twitch, 5), 0.0438ms
[2026-02-18 12:43:27.562 DBG] TwitchService :: Presence Timer :: Artificially updated presence with a threshold of 5 minutes (57.6008ms)
[2026-02-18 12:44:27.506 DBG] ViewerRepo :: UpdatePresence(twitch, 5), 0.0316ms
[2026-02-18 12:44:27.562 DBG] TwitchService :: Presence Timer :: Artificially updated presence with a threshold of 5 minutes (56.7902ms)
[2026-02-18 12:45:27.516 DBG] ViewerRepo :: UpdatePresence(twitch, 5), 0.029ms
[2026-02-18 12:45:27.575 DBG] TwitchService :: Presence Timer :: Artificially updated presence with a threshold of 5 minutes (59.343ms)
[2026-02-18 12:46:27.528 DBG] ViewerRepo :: UpdatePresence(twitch, 5), 0.0281ms
[2026-02-18 12:46:27.582 DBG] TwitchService :: Presence Timer :: Artificially updated presence with a threshold of 5 minutes (54.1407ms)
[2026-02-18 12:47:12.861 DBG] Credits :: Time to save 22.973ms
[2026-02-18 12:47:27.535 DBG] ViewerRepo :: UpdatePresence(twitch, 5), 0.0374ms
[2026-02-18 12:47:27.595 DBG] TwitchService :: Presence Timer :: Artificially updated presence with a threshold of 5 minutes (60.2285ms)
[2026-02-18 12:47:46.782 DBG] ActionDispatcher :: Queueing 'Sub Goal' (361aa588-5f31-4e19-b8a5-099cae52479d, TimedAction) to 'Default' (00000000-0000-0000-0000-000000000000), with 11 arguments
[2026-02-18 12:47:46.782 DBG] ActionQueue :: 'Default' (00000000-0000-0000-0000-000000000000) :: Enqueue action 361aa588-5f31-4e19-b8a5-099cae52479d
[2026-02-18 12:47:46.782 DBG] ActionQueue :: 'Default' (00000000-0000-0000-0000-000000000000) :: Handling queue
[2026-02-18 12:47:46.782 DBG] ActionQueue :: 'Default' (00000000-0000-0000-0000-000000000000) :: Performing non-blocking 'Sub Goal' (361aa588-5f31-4e19-b8a5-099cae52479d, 31b0ef0a-5491-489d-96ad-414cc1a5f505)
[2026-02-18 12:48:12.752 DBG] AutoSave :: Auto saving settings...
[2026-02-18 12:48:12.768 DBG] Users :: Time to save 17.1284ms
[2026-02-18 12:48:12.796 DBG] Actions :: Time to save 27.3813ms
[2026-02-18 12:48:12.816 DBG] Commands :: Time to save 20.6934ms
[2026-02-18 12:48:12.838 DBG] Twitch Rewards :: Time to save 20.7666ms
[2026-02-18 12:48:12.855 DBG] Midi :: Time to save 17.2121ms
[2026-02-18 12:48:12.872 DBG] OBS Settings :: Time to save 16.9111ms
[2026-02-18 12:48:12.889 DBG] MeldStudio Settings :: Time to save 17.7504ms
[2026-02-18 12:48:12.907 DBG] Credits :: Time to save 17.1785ms
[2026-02-18 12:48:12.926 DBG] Quotes :: Time to save 19.2956ms
[2026-02-18 12:48:12.977 DBG] Config :: Time to save 22.5493ms
[2026-02-18 12:48:27.547 DBG] ViewerRepo :: UpdatePresence(twitch, 5), 0.6016ms
[2026-02-18 12:48:27.605 DBG] TwitchService :: Presence Timer :: Artificially updated presence with a threshold of 5 minutes (58.0627ms)
[2026-02-18 12:49:27.558 DBG] ViewerRepo :: UpdatePresence(twitch, 5), 0.0318ms
[2026-02-18 12:49:27.610 DBG] TwitchService :: Presence Timer :: Artificially updated presence with a threshold of 5 minutes (51.6499ms)
[2026-02-18 12:50:27.565 DBG] ViewerRepo :: UpdatePresence(twitch, 5), 0.0454ms
[2026-02-18 12:50:27.622 DBG] TwitchService :: Presence Timer :: Artificially updated presence with a threshold of 5 minutes (57.3548ms)
[2026-02-18 12:51:27.577 DBG] ViewerRepo :: UpdatePresence(twitch, 5), 0.0297ms
[2026-02-18 12:51:27.635 DBG] TwitchService :: Presence Timer :: Artificially updated presence with a threshold of 5 minutes (57.6249ms)
[2026-02-18 12:52:12.868 DBG] Credits :: Time to save 24.6379ms
[2026-02-18 12:52:27.577 DBG] ViewerRepo :: UpdatePresence(twitch, 5), 0.0339ms
[2026-02-18 12:52:27.632 DBG] TwitchService :: Presence Timer :: Artificially updated presence with a threshold of 5 minutes (55.1796ms)
[2026-02-18 12:53:12.996 DBG] AutoSave :: Auto saving settings...
[2026-02-18 12:53:13.021 DBG] Users :: Time to save 25.7654ms
[2026-02-18 12:53:13.049 DBG] Actions :: Time to save 28.0398ms
[2026-02-18 12:53:13.072 DBG] Commands :: Time to save 21.9651ms
[2026-02-18 12:53:13.094 DBG] Twitch Rewards :: Time to save 22.4734ms
[2026-02-18 12:53:13.114 DBG] Midi :: Time to save 19.4189ms
[2026-02-18 12:53:13.133 DBG] OBS Settings :: Time to save 20.1043ms
[2026-02-18 12:53:13.153 DBG] MeldStudio Settings :: Time to save 19.1733ms
[2026-02-18 12:53:13.167 DBG] Credits :: Time to save 14.01ms
[2026-02-18 12:53:13.186 DBG] Quotes :: Time to save 18.4749ms
[2026-02-18 12:53:13.222 DBG] Config :: Time to save 23.037ms
[2026-02-18 12:53:27.584 DBG] ViewerRepo :: UpdatePresence(twitch, 5), 0.0306ms
[2026-02-18 12:53:27.639 DBG] TwitchService :: Presence Timer :: Artificially updated presence with a threshold of 5 minutes (55.4914ms)
[2026-02-18 12:54:27.592 DBG] ViewerRepo :: UpdatePresence(twitch, 5), 0.03ms
[2026-02-18 12:54:27.649 DBG] TwitchService :: Presence Timer :: Artificially updated presence with a threshold of 5 minutes (58.0242ms)
[2026-02-18 12:55:27.603 DBG] ViewerRepo :: UpdatePresence(twitch, 5), 0.0312ms
[2026-02-18 12:55:27.661 DBG] TwitchService :: Presence Timer :: Artificially updated presence with a threshold of 5 minutes (58.6031ms)
[2026-02-18 12:56:27.608 DBG] ViewerRepo :: UpdatePresence(twitch, 5), 0.0331ms
[2026-02-18 12:56:27.666 DBG] TwitchService :: Presence Timer :: Artificially updated presence with a threshold of 5 minutes (58.1271ms)
[2026-02-18 12:57:12.873 DBG] Credits :: Time to save 20.963ms
[2026-02-18 12:57:27.624 DBG] ViewerRepo :: UpdatePresence(twitch, 5), 0.0297ms
[2026-02-18 12:57:27.677 DBG] TwitchService :: Presence Timer :: Artificially updated presence with a threshold of 5 minutes (54.4197ms)
[2026-02-18 12:57:47.164 DBG] ActionDispatcher :: Queueing 'Sub Goal' (361aa588-5f31-4e19-b8a5-099cae52479d, TimedAction) to 'Default' (00000000-0000-0000-0000-000000000000), with 11 arguments
[2026-02-18 12:57:47.164 DBG] ActionQueue :: 'Default' (00000000-0000-0000-0000-000000000000) :: Enqueue action 361aa588-5f31-4e19-b8a5-099cae52479d
[2026-02-18 12:57:47.164 DBG] ActionQueue :: 'Default' (00000000-0000-0000-0000-000000000000) :: Handling queue
[2026-02-18 12:57:47.164 DBG] ActionQueue :: 'Default' (00000000-0000-0000-0000-000000000000) :: Performing non-blocking 'Sub Goal' (361aa588-5f31-4e19-b8a5-099cae52479d, 3e2582fd-5dc4-4ba9-af3b-fd5b7a512bcf)
[2026-02-18 12:58:13.292 DBG] AutoSave :: Auto saving settings...
[2026-02-18 12:58:13.318 DBG] Users :: Time to save 26.7191ms
[2026-02-18 12:58:13.346 DBG] Actions :: Time to save 26.9754ms
[2026-02-18 12:58:13.368 DBG] Commands :: Time to save 22.737ms
[2026-02-18 12:58:13.390 DBG] Twitch Rewards :: Time to save 22.7285ms
[2026-02-18 12:58:13.412 DBG] Midi :: Time to save 20.3667ms
[2026-02-18 12:58:13.429 DBG] OBS Settings :: Time to save 17.3807ms
[2026-02-18 12:58:13.447 DBG] MeldStudio Settings :: Time to save 18.5133ms
[2026-02-18 12:58:13.460 DBG] Credits :: Time to save 12.5347ms
[2026-02-18 12:58:13.479 DBG] Quotes :: Time to save 19.3418ms
[2026-02-18 12:58:13.517 DBG] Config :: Time to save 23.71ms
[2026-02-18 12:58:27.627 DBG] ViewerRepo :: UpdatePresence(twitch, 5), 0.0324ms
[2026-02-18 12:58:27.679 DBG] TwitchService :: Presence Timer :: Artificially updated presence with a threshold of 5 minutes (52.4911ms)
[2026-02-18 12:59:27.645 DBG] ViewerRepo :: UpdatePresence(twitch, 5), 0.0466ms
[2026-02-18 12:59:27.706 DBG] TwitchService :: Presence Timer :: Artificially updated presence with a threshold of 5 minutes (60.2793ms)
[2026-02-18 13:00:27.661 DBG] ViewerRepo :: UpdatePresence(twitch, 5), 0.0306ms
[2026-02-18 13:00:27.719 DBG] TwitchService :: Presence Timer :: Artificially updated presence with a threshold of 5 minutes (57.9793ms)
[2026-02-18 13:01:27.666 DBG] ViewerRepo :: UpdatePresence(twitch, 5), 0.031ms
[2026-02-18 13:01:27.724 DBG] TwitchService :: Presence Timer :: Artificially updated presence with a threshold of 5 minutes (58.401ms)
[2026-02-18 13:02:12.872 DBG] Credits :: Time to save 16.3987ms
[2026-02-18 13:02:27.667 DBG] ViewerRepo :: UpdatePresence(twitch, 5), 0.031ms
[2026-02-18 13:02:27.721 DBG] TwitchService :: Presence Timer :: Artificially updated presence with a threshold of 5 minutes (54.1615ms)
[2026-02-18 13:03:13.562 DBG] AutoSave :: Auto saving settings...
[2026-02-18 13:03:13.587 DBG] Users :: Time to save 26.1941ms
[2026-02-18 13:03:13.615 DBG] Actions :: Time to save 27.0915ms
[2026-02-18 13:03:13.634 DBG] Commands :: Time to save 19.4739ms
[2026-02-18 13:03:13.654 DBG] Twitch Rewards :: Time to save 20.3572ms
[2026-02-18 13:03:13.672 DBG] Midi :: Time to save 17.6685ms
[2026-02-18 13:03:13.690 DBG] OBS Settings :: Time to save 18.0085ms
[2026-02-18 13:03:13.708 DBG] MeldStudio Settings :: Time to save 17.026ms
[2026-02-18 13:03:13.726 DBG] Credits :: Time to save 17.8788ms
[2026-02-18 13:03:13.746 DBG] Quotes :: Time to save 20.0402ms
[2026-02-18 13:03:13.787 DBG] Config :: Time to save 22.5109ms
[2026-02-18 13:03:27.678 DBG] ViewerRepo :: UpdatePresence(twitch, 5), 0.032ms
[2026-02-18 13:03:27.731 DBG] TwitchService :: Presence Timer :: Artificially updated presence with a threshold of 5 minutes (52.9059ms)
[2026-02-18 13:04:27.680 DBG] ViewerRepo :: UpdatePresence(twitch, 5), 0.0358ms
[2026-02-18 13:04:27.735 DBG] TwitchService :: Presence Timer :: Artificially updated presence with a threshold of 5 minutes (55.4028ms)
[2026-02-18 13:05:27.695 DBG] ViewerRepo :: UpdatePresence(twitch, 5), 0.0462ms
[2026-02-18 13:05:27.747 DBG] TwitchService :: Presence Timer :: Artificially updated presence with a threshold of 5 minutes (52.0681ms)
[2026-02-18 13:06:27.701 DBG] ViewerRepo :: UpdatePresence(twitch, 5), 0.0315ms
[2026-02-18 13:06:27.758 DBG] TwitchService :: Presence Timer :: Artificially updated presence with a threshold of 5 minutes (56.9657ms)
[2026-02-18 13:07:12.880 DBG] Credits :: Time to save 20.5806ms
[2026-02-18 13:07:27.717 DBG] ViewerRepo :: UpdatePresence(twitch, 5), 0.03ms
[2026-02-18 13:07:27.770 DBG] TwitchService :: Presence Timer :: Artificially updated presence with a threshold of 5 minutes (54.5578ms)
[2026-02-18 13:07:47.415 DBG] ActionDispatcher :: Queueing 'Sub Goal' (361aa588-5f31-4e19-b8a5-099cae52479d, TimedAction) to 'Default' (00000000-0000-0000-0000-000000000000), with 11 arguments
[2026-02-18 13:07:47.415 DBG] ActionQueue :: 'Default' (00000000-0000-0000-0000-000000000000) :: Enqueue action 361aa588-5f31-4e19-b8a5-099cae52479d
[2026-02-18 13:07:47.415 DBG] ActionQueue :: 'Default' (00000000-0000-0000-0000-000000000000) :: Handling queue
[2026-02-18 13:07:47.415 DBG] ActionQueue :: 'Default' (00000000-0000-0000-0000-000000000000) :: Performing non-blocking 'Sub Goal' (361aa588-5f31-4e19-b8a5-099cae52479d, 894ce4c8-e3c9-45a7-84b3-02f545b23af1)
[2026-02-18 13:08:13.844 DBG] AutoSave :: Auto saving settings...
[2026-02-18 13:08:13.868 DBG] Users :: Time to save 23.9801ms
[2026-02-18 13:08:13.893 DBG] Actions :: Time to save 24.9361ms
[2026-02-18 13:08:13.907 DBG] Commands :: Time to save 13.9481ms
[2026-02-18 13:08:13.920 DBG] Twitch Rewards :: Time to save 13.3294ms
[2026-02-18 13:08:13.937 DBG] Midi :: Time to save 16.0008ms
[2026-02-18 13:08:13.953 DBG] OBS Settings :: Time to save 16.2996ms
[2026-02-18 13:08:13.965 DBG] MeldStudio Settings :: Time to save 11.6183ms
[2026-02-18 13:08:13.980 DBG] Credits :: Time to save 14.683ms
[2026-02-18 13:08:13.995 DBG] Quotes :: Time to save 16.7907ms
[2026-02-18 13:08:14.070 DBG] Config :: Time to save 21.8485ms
[2026-02-18 13:08:27.728 DBG] ViewerRepo :: UpdatePresence(twitch, 5), 0.0301ms
[2026-02-18 13:08:27.782 DBG] TwitchService :: Presence Timer :: Artificially updated presence with a threshold of 5 minutes (54.6995ms)
[2026-02-18 13:09:27.742 DBG] ViewerRepo :: UpdatePresence(twitch, 5), 0.0322ms
[2026-02-18 13:09:27.800 DBG] TwitchService :: Presence Timer :: Artificially updated presence with a threshold of 5 minutes (58.6279ms)
[2026-02-18 13:10:27.755 DBG] ViewerRepo :: UpdatePresence(twitch, 5), 0.0314ms
[2026-02-18 13:10:28.322 DBG] TwitchService :: Presence Timer :: Artificially updated presence with a threshold of 5 minutes (566.9203ms)
[2026-02-18 13:11:27.759 DBG] ViewerRepo :: UpdatePresence(twitch, 5), 0.0366ms
[2026-02-18 13:11:27.811 DBG] TwitchService :: Presence Timer :: Artificially updated presence with a threshold of 5 minutes (52.9106ms)
[2026-02-18 13:12:12.895 DBG] Credits :: Time to save 15.7123ms
[2026-02-18 13:12:27.774 DBG] ViewerRepo :: UpdatePresence(twitch, 5), 0.0328ms
[2026-02-18 13:12:27.833 DBG] TwitchService :: Presence Timer :: Artificially updated presence with a threshold of 5 minutes (58.7042ms)
[2026-02-18 13:13:14.092 DBG] AutoSave :: Auto saving settings...
[2026-02-18 13:13:14.117 DBG] Users :: Time to save 25.9587ms
[2026-02-18 13:13:14.141 DBG] Actions :: Time to save 23.6449ms
[2026-02-18 13:13:14.154 DBG] Commands :: Time to save 13.7422ms
[2026-02-18 13:13:14.168 DBG] Twitch Rewards :: Time to save 13.4147ms
[2026-02-18 13:13:14.185 DBG] Midi :: Time to save 16.842ms
[2026-02-18 13:13:14.198 DBG] OBS Settings :: Time to save 12.5243ms
[2026-02-18 13:13:14.211 DBG] MeldStudio Settings :: Time to save 13.4371ms
[2026-02-18 13:13:14.229 DBG] Credits :: Time to save 17.3428ms
[2026-02-18 13:13:14.245 DBG] Quotes :: Time to save 17.6981ms
[2026-02-18 13:13:14.313 DBG] Config :: Time to save 17.9596ms
[2026-02-18 13:13:27.777 DBG] ViewerRepo :: UpdatePresence(twitch, 5), 0.0316ms
[2026-02-18 13:13:27.835 DBG] TwitchService :: Presence Timer :: Artificially updated presence with a threshold of 5 minutes (59.4105ms)
[2026-02-18 13:14:27.778 DBG] ViewerRepo :: UpdatePresence(twitch, 5), 0.0328ms
[2026-02-18 13:14:27.833 DBG] TwitchService :: Presence Timer :: Artificially updated presence with a threshold of 5 minutes (54.7599ms)
[2026-02-18 13:15:27.788 DBG] ViewerRepo :: UpdatePresence(twitch, 5), 0.0306ms
[2026-02-18 13:15:27.850 DBG] TwitchService :: Presence Timer :: Artificially updated presence with a threshold of 5 minutes (62.3402ms)
[2026-02-18 13:16:27.817 DBG] ViewerRepo :: UpdatePresence(twitch, 5), 0.5953ms
[2026-02-18 13:16:27.876 DBG] TwitchService :: Presence Timer :: Artificially updated presence with a threshold of 5 minutes (59.7419ms)
[2026-02-18 13:17:12.912 DBG] Credits :: Time to save 24.674ms
[2026-02-18 13:17:27.828 DBG] ViewerRepo :: UpdatePresence(twitch, 5), 0.0326ms
[2026-02-18 13:17:27.885 DBG] TwitchService :: Presence Timer :: Artificially updated presence with a threshold of 5 minutes (57.8676ms)
[2026-02-18 13:17:47.507 DBG] ActionDispatcher :: Queueing 'Sub Goal' (361aa588-5f31-4e19-b8a5-099cae52479d, TimedAction) to 'Default' (00000000-0000-0000-0000-000000000000), with 11 arguments
[2026-02-18 13:17:47.507 DBG] ActionQueue :: 'Default' (00000000-0000-0000-0000-000000000000) :: Enqueue action 361aa588-5f31-4e19-b8a5-099cae52479d
[2026-02-18 13:17:47.507 DBG] ActionQueue :: 'Default' (00000000-0000-0000-0000-000000000000) :: Handling queue
[2026-02-18 13:17:47.507 DBG] ActionQueue :: 'Default' (00000000-0000-0000-0000-000000000000) :: Performing non-blocking 'Sub Goal' (361aa588-5f31-4e19-b8a5-099cae52479d, d364d36c-9679-46a5-9c0d-4ae8fd4979c4)
[2026-02-18 13:18:14.320 DBG] AutoSave :: Auto saving settings...
[2026-02-18 13:18:14.345 DBG] Users :: Time to save 25.9825ms
[2026-02-18 13:18:14.373 DBG] Actions :: Time to save 27.5344ms
[2026-02-18 13:18:14.394 DBG] Commands :: Time to save 20.4983ms
[2026-02-18 13:18:14.412 DBG] Twitch Rewards :: Time to save 18.3665ms
[2026-02-18 13:18:14.430 DBG] Midi :: Time to save 18.0321ms
[2026-02-18 13:18:14.448 DBG] OBS Settings :: Time to save 18.0202ms
[2026-02-18 13:18:14.466 DBG] MeldStudio Settings :: Time to save 17.617ms
[2026-02-18 13:18:14.484 DBG] Credits :: Time to save 17.6759ms
[2026-02-18 13:18:14.503 DBG] Quotes :: Time to save 19.3151ms
[2026-02-18 13:18:14.547 DBG] Config :: Time to save 24.4151ms
[2026-02-18 13:18:27.841 DBG] ViewerRepo :: UpdatePresence(twitch, 5), 0.0307ms
[2026-02-18 13:18:27.895 DBG] TwitchService :: Presence Timer :: Artificially updated presence with a threshold of 5 minutes (54.8368ms)
[2026-02-18 13:19:27.851 DBG] ViewerRepo :: UpdatePresence(twitch, 5), 0.0298ms
[2026-02-18 13:19:27.907 DBG] TwitchService :: Presence Timer :: Artificially updated presence with a threshold of 5 minutes (55.9452ms)
[2026-02-18 13:20:27.865 DBG] ViewerRepo :: UpdatePresence(twitch, 5), 0.0325ms
[2026-02-18 13:20:27.919 DBG] TwitchService :: Presence Timer :: Artificially updated presence with a threshold of 5 minutes (53.8327ms)
[2026-02-18 13:21:27.867 DBG] ViewerRepo :: UpdatePresence(twitch, 5), 0.0298ms
[2026-02-18 13:21:27.925 DBG] TwitchService :: Presence Timer :: Artificially updated presence with a threshold of 5 minutes (59.2964ms)
[2026-02-18 13:22:12.920 DBG] Credits :: Time to save 16.7871ms
[2026-02-18 13:22:27.867 DBG] ViewerRepo :: UpdatePresence(twitch, 5), 0.0431ms
[2026-02-18 13:22:27.922 DBG] TwitchService :: Presence Timer :: Artificially updated presence with a threshold of 5 minutes (55.7918ms)
[2026-02-18 13:23:14.619 DBG] AutoSave :: Auto saving settings...
[2026-02-18 13:23:14.635 DBG] Users :: Time to save 16.4771ms
[2026-02-18 13:23:14.654 DBG] Actions :: Time to save 19.5098ms
[2026-02-18 13:23:14.669 DBG] Commands :: Time to save 14.5219ms
[2026-02-18 13:23:14.682 DBG] Twitch Rewards :: Time to save 12.46ms
[2026-02-18 13:23:14.697 DBG] Midi :: Time to save 16.1046ms
[2026-02-18 13:23:14.708 DBG] OBS Settings :: Time to save 11.1174ms
[2026-02-18 13:23:14.724 DBG] MeldStudio Settings :: Time to save 15.3943ms
[2026-02-18 13:23:14.741 DBG] Credits :: Time to save 16.2961ms
[2026-02-18 13:23:14.759 DBG] Quotes :: Time to save 18.3856ms
[2026-02-18 13:23:14.841 DBG] Config :: Time to save 20.4165ms
[2026-02-18 13:23:27.879 DBG] ViewerRepo :: UpdatePresence(twitch, 5), 0.0292ms
[2026-02-18 13:23:27.935 DBG] TwitchService :: Presence Timer :: Artificially updated presence with a threshold of 5 minutes (57.1306ms)
[2026-02-18 13:24:27.893 DBG] ViewerRepo :: UpdatePresence(twitch, 5), 0.0327ms
[2026-02-18 13:24:27.944 DBG] TwitchService :: Presence Timer :: Artificially updated presence with a threshold of 5 minutes (51.8402ms)
[2026-02-18 13:25:27.893 DBG] ViewerRepo :: UpdatePresence(twitch, 5), 0.0299ms
[2026-02-18 13:25:27.951 DBG] TwitchService :: Presence Timer :: Artificially updated presence with a threshold of 5 minutes (57.7097ms)
[2026-02-18 13:26:27.905 DBG] ViewerRepo :: UpdatePresence(twitch, 5), 0.0309ms
[2026-02-18 13:26:27.967 DBG] TwitchService :: Presence Timer :: Artificially updated presence with a threshold of 5 minutes (61.38ms)
[2026-02-18 13:27:12.929 DBG] Credits :: Time to save 16.7358ms
[2026-02-18 13:27:27.927 DBG] ViewerRepo :: UpdatePresence(twitch, 5), 0.0306ms
[2026-02-18 13:27:27.979 DBG] TwitchService :: Presence Timer :: Artificially updated presence with a threshold of 5 minutes (53.3201ms)
[2026-02-18 13:27:48.499 DBG] ActionDispatcher :: Queueing 'Sub Goal' (361aa588-5f31-4e19-b8a5-099cae52479d, TimedAction) to 'Default' (00000000-0000-0000-0000-000000000000), with 11 arguments
[2026-02-18 13:27:48.499 DBG] ActionQueue :: 'Default' (00000000-0000-0000-0000-000000000000) :: Enqueue action 361aa588-5f31-4e19-b8a5-099cae52479d
[2026-02-18 13:27:48.499 DBG] ActionQueue :: 'Default' (00000000-0000-0000-0000-000000000000) :: Handling queue
[2026-02-18 13:27:48.499 DBG] ActionQueue :: 'Default' (00000000-0000-0000-0000-000000000000) :: Performing non-blocking 'Sub Goal' (361aa588-5f31-4e19-b8a5-099cae52479d, 1b9d1e5d-48a9-40a4-b638-4759cf4b096a)
[2026-02-18 13:28:14.815 DBG] AutoSave :: Auto saving settings...
[2026-02-18 13:28:14.835 DBG] Users :: Time to save 20.3336ms
[2026-02-18 13:28:14.861 DBG] Actions :: Time to save 25.297ms
[2026-02-18 13:28:14.880 DBG] Commands :: Time to save 20.1734ms
[2026-02-18 13:28:14.899 DBG] Twitch Rewards :: Time to save 19.1234ms
[2026-02-18 13:28:14.915 DBG] Midi :: Time to save 16.3101ms
[2026-02-18 13:28:14.934 DBG] OBS Settings :: Time to save 17.3804ms
[2026-02-18 13:28:14.949 DBG] MeldStudio Settings :: Time to save 14.6176ms
[2026-02-18 13:28:14.965 DBG] Credits :: Time to save 16.7588ms
[2026-02-18 13:28:14.981 DBG] Quotes :: Time to save 15.9173ms
[2026-02-18 13:28:15.039 DBG] Config :: Time to save 21.3119ms
[2026-02-18 13:28:27.928 DBG] ViewerRepo :: UpdatePresence(twitch, 5), 0.03ms
[2026-02-18 13:28:27.985 DBG] TwitchService :: Presence Timer :: Artificially updated presence with a threshold of 5 minutes (58.1559ms)
[2026-02-18 13:29:27.939 DBG] ViewerRepo :: UpdatePresence(twitch, 5), 0.0326ms
[2026-02-18 13:29:27.997 DBG] TwitchService :: Presence Timer :: Artificially updated presence with a threshold of 5 minutes (58.0625ms)
[2026-02-18 13:30:27.947 DBG] ViewerRepo :: UpdatePresence(twitch, 5), 0.0304ms
[2026-02-18 13:30:28.001 DBG] TwitchService :: Presence Timer :: Artificially updated presence with a threshold of 5 minutes (54.5275ms)
[2026-02-18 13:31:27.947 DBG] ViewerRepo :: UpdatePresence(twitch, 5), 0.0384ms
[2026-02-18 13:31:28.000 DBG] TwitchService :: Presence Timer :: Artificially updated presence with a threshold of 5 minutes (53.5388ms)
[2026-02-18 13:32:12.934 DBG] Credits :: Time to save 19.1696ms
[2026-02-18 13:32:27.959 DBG] ViewerRepo :: UpdatePresence(twitch, 5), 0.0308ms
[2026-02-18 13:32:28.012 DBG] TwitchService :: Presence Timer :: Artificially updated presence with a threshold of 5 minutes (54.5878ms)
[2026-02-18 13:33:15.054 DBG] AutoSave :: Auto saving settings...
[2026-02-18 13:33:15.070 DBG] Users :: Time to save 15.9362ms
[2026-02-18 13:33:15.090 DBG] Actions :: Time to save 20.306ms
[2026-02-18 13:33:15.104 DBG] Commands :: Time to save 13.8882ms
[2026-02-18 13:33:15.119 DBG] Twitch Rewards :: Time to save 16.2041ms
[2026-02-18 13:33:15.137 DBG] Midi :: Time to save 16.7361ms
[2026-02-18 13:33:15.149 DBG] OBS Settings :: Time to save 12.3424ms
[2026-02-18 13:33:15.163 DBG] MeldStudio Settings :: Time to save 13.6905ms
[2026-02-18 13:33:15.181 DBG] Credits :: Time to save 18.0289ms
[2026-02-18 13:33:15.200 DBG] Quotes :: Time to save 19.0289ms
[2026-02-18 13:33:15.277 DBG] Config :: Time to save 20.7072ms
[2026-02-18 13:33:27.974 DBG] ViewerRepo :: UpdatePresence(twitch, 5), 0.0294ms
[2026-02-18 13:33:28.035 DBG] TwitchService :: Presence Timer :: Artificially updated presence with a threshold of 5 minutes (61.9714ms)
[2026-02-18 13:34:27.980 DBG] ViewerRepo :: UpdatePresence(twitch, 5), 0.0333ms
[2026-02-18 13:34:28.034 DBG] TwitchService :: Presence Timer :: Artificially updated presence with a threshold of 5 minutes (54.4703ms)
[2026-02-18 13:35:27.985 DBG] ViewerRepo :: UpdatePresence(twitch, 5), 0.0299ms
[2026-02-18 13:35:28.041 DBG] TwitchService :: Presence Timer :: Artificially updated presence with a threshold of 5 minutes (56.3153ms)
[2026-02-18 13:36:28.000 DBG] ViewerRepo :: UpdatePresence(twitch, 5), 0.0327ms
[2026-02-18 13:36:28.052 DBG] TwitchService :: Presence Timer :: Artificially updated presence with a threshold of 5 minutes (53.0139ms)
[2026-02-18 13:37:12.947 DBG] Credits :: Time to save 20.0591ms
[2026-02-18 13:37:28.005 DBG] ViewerRepo :: UpdatePresence(twitch, 5), 0.0288ms
[2026-02-18 13:37:28.062 DBG] TwitchService :: Presence Timer :: Artificially updated presence with a threshold of 5 minutes (56.6685ms)
[2026-02-18 13:37:48.545 DBG] ActionDispatcher :: Queueing 'Sub Goal' (361aa588-5f31-4e19-b8a5-099cae52479d, TimedAction) to 'Default' (00000000-0000-0000-0000-000000000000), with 11 arguments
[2026-02-18 13:37:48.545 DBG] ActionQueue :: 'Default' (00000000-0000-0000-0000-000000000000) :: Enqueue action 361aa588-5f31-4e19-b8a5-099cae52479d
[2026-02-18 13:37:48.545 DBG] ActionQueue :: 'Default' (00000000-0000-0000-0000-000000000000) :: Handling queue
[2026-02-18 13:37:48.545 DBG] ActionQueue :: 'Default' (00000000-0000-0000-0000-000000000000) :: Performing non-blocking 'Sub Goal' (361aa588-5f31-4e19-b8a5-099cae52479d, 0d1fd62d-9331-48c7-8b18-806193254f47)
[2026-02-18 13:38:15.283 DBG] AutoSave :: Auto saving settings...
[2026-02-18 13:38:15.304 DBG] Users :: Time to save 21.5193ms
[2026-02-18 13:38:15.328 DBG] Actions :: Time to save 23.4245ms
[2026-02-18 13:38:15.341 DBG] Commands :: Time to save 13.3969ms
[2026-02-18 13:38:15.359 DBG] Twitch Rewards :: Time to save 18.0186ms
[2026-02-18 13:38:15.375 DBG] Midi :: Time to save 16.5075ms
[2026-02-18 13:38:15.386 DBG] OBS Settings :: Time to save 11.2746ms
[2026-02-18 13:38:15.403 DBG] MeldStudio Settings :: Time to save 16.5387ms
[2026-02-18 13:38:15.421 DBG] Credits :: Time to save 17.1038ms
[2026-02-18 13:38:15.433 DBG] Quotes :: Time to save 12.4536ms
[2026-02-18 13:38:15.505 DBG] Config :: Time to save 19.8129ms
[2026-02-18 13:38:28.008 DBG] ViewerRepo :: UpdatePresence(twitch, 5), 0.0292ms
[2026-02-18 13:38:28.065 DBG] TwitchService :: Presence Timer :: Artificially updated presence with a threshold of 5 minutes (57.6615ms)
[2026-02-18 13:39:28.015 DBG] ViewerRepo :: UpdatePresence(twitch, 5), 0.0299ms
[2026-02-18 13:39:28.069 DBG] TwitchService :: Presence Timer :: Artificially updated presence with a threshold of 5 minutes (54.8284ms)
[2026-02-18 13:40:28.035 DBG] ViewerRepo :: UpdatePresence(twitch, 5), 0.0303ms
[2026-02-18 13:40:28.091 DBG] TwitchService :: Presence Timer :: Artificially updated presence with a threshold of 5 minutes (56.1712ms)
[2026-02-18 13:41:28.043 DBG] ViewerRepo :: UpdatePresence(twitch, 5), 0.0317ms
[2026-02-18 13:41:28.103 DBG] TwitchService :: Presence Timer :: Artificially updated presence with a threshold of 5 minutes (59.5656ms)
[2026-02-18 13:42:12.958 DBG] Credits :: Time to save 19.3667ms
[2026-02-18 13:42:28.055 DBG] ViewerRepo :: UpdatePresence(twitch, 5), 0.0295ms
[2026-02-18 13:42:28.111 DBG] TwitchService :: Presence Timer :: Artificially updated presence with a threshold of 5 minutes (56.8538ms)
[2026-02-18 13:43:15.509 DBG] AutoSave :: Auto saving settings...
[2026-02-18 13:43:15.524 DBG] Users :: Time to save 15.5946ms
[2026-02-18 13:43:15.544 DBG] Actions :: Time to save 20.0321ms
[2026-02-18 13:43:15.556 DBG] Commands :: Time to save 12.7445ms
[2026-02-18 13:43:15.569 DBG] Twitch Rewards :: Time to save 12.7088ms
[2026-02-18 13:43:15.588 DBG] Midi :: Time to save 17.716ms
[2026-02-18 13:43:15.602 DBG] OBS Settings :: Time to save 15.2252ms
[2026-02-18 13:43:15.618 DBG] MeldStudio Settings :: Time to save 15.8554ms
[2026-02-18 13:43:15.634 DBG] Credits :: Time to save 15.5387ms
[2026-02-18 13:43:15.653 DBG] Quotes :: Time to save 19.1301ms
[2026-02-18 13:43:15.734 DBG] Config :: Time to save 22.592ms
[2026-02-18 13:43:28.062 DBG] ViewerRepo :: UpdatePresence(twitch, 5), 0.0332ms
[2026-02-18 13:43:28.121 DBG] TwitchService :: Presence Timer :: Artificially updated presence with a threshold of 5 minutes (58.8724ms)
[2026-02-18 13:44:28.065 DBG] ViewerRepo :: UpdatePresence(twitch, 5), 0.031ms
[2026-02-18 13:44:28.122 DBG] TwitchService :: Presence Timer :: Artificially updated presence with a threshold of 5 minutes (57.1063ms)
[2026-02-18 13:45:28.079 DBG] ViewerRepo :: UpdatePresence(twitch, 5), 0.03ms
[2026-02-18 13:45:28.134 DBG] TwitchService :: Presence Timer :: Artificially updated presence with a threshold of 5 minutes (55.573ms)
[2026-02-18 13:46:28.097 DBG] ViewerRepo :: UpdatePresence(twitch, 5), 0.0315ms
[2026-02-18 13:46:28.151 DBG] TwitchService :: Presence Timer :: Artificially updated presence with a threshold of 5 minutes (54.0986ms)
[2026-02-18 13:47:12.953 DBG] Credits :: Time to save 14.3025ms
[2026-02-18 13:47:28.102 DBG] ViewerRepo :: UpdatePresence(twitch, 5), 0.0312ms
[2026-02-18 13:47:28.158 DBG] TwitchService :: Presence Timer :: Artificially updated presence with a threshold of 5 minutes (57.3245ms)
[2026-02-18 13:47:48.664 DBG] ActionDispatcher :: Queueing 'Sub Goal' (361aa588-5f31-4e19-b8a5-099cae52479d, TimedAction) to 'Default' (00000000-0000-0000-0000-000000000000), with 11 arguments
[2026-02-18 13:47:48.664 DBG] ActionQueue :: 'Default' (00000000-0000-0000-0000-000000000000) :: Enqueue action 361aa588-5f31-4e19-b8a5-099cae52479d
[2026-02-18 13:47:48.664 DBG] ActionQueue :: 'Default' (00000000-0000-0000-0000-000000000000) :: Handling queue
[2026-02-18 13:47:48.664 DBG] ActionQueue :: 'Default' (00000000-0000-0000-0000-000000000000) :: Performing non-blocking 'Sub Goal' (361aa588-5f31-4e19-b8a5-099cae52479d, f00d7195-79a7-4c41-a3e4-b3f8ab997104)
[2026-02-18 13:48:15.757 DBG] AutoSave :: Auto saving settings...
[2026-02-18 13:48:15.773 DBG] Users :: Time to save 15.9372ms
[2026-02-18 13:48:15.796 DBG] Actions :: Time to save 23.8388ms
[2026-02-18 13:48:15.813 DBG] Commands :: Time to save 16.0967ms
[2026-02-18 13:48:15.832 DBG] Twitch Rewards :: Time to save 18.9451ms
[2026-02-18 13:48:15.847 DBG] Midi :: Time to save 14.9694ms
[2026-02-18 13:48:15.862 DBG] OBS Settings :: Time to save 14.6433ms
[2026-02-18 13:48:15.875 DBG] MeldStudio Settings :: Time to save 13.376ms
[2026-02-18 13:48:15.887 DBG] Credits :: Time to save 12.3672ms
[2026-02-18 13:48:15.899 DBG] Quotes :: Time to save 12.9106ms
[2026-02-18 13:48:15.975 DBG] Config :: Time to save 14.7631ms
[2026-02-18 13:48:28.117 DBG] ViewerRepo :: UpdatePresence(twitch, 5), 0.03ms
[2026-02-18 13:48:28.173 DBG] TwitchService :: Presence Timer :: Artificially updated presence with a threshold of 5 minutes (55.4696ms)
[2026-02-18 13:49:28.124 DBG] ViewerRepo :: UpdatePresence(twitch, 5), 0.0303ms
[2026-02-18 13:49:28.176 DBG] TwitchService :: Presence Timer :: Artificially updated presence with a threshold of 5 minutes (52.8526ms)
[2026-02-18 13:50:28.126 DBG] ViewerRepo :: UpdatePresence(twitch, 5), 0.0329ms
[2026-02-18 13:50:28.184 DBG] TwitchService :: Presence Timer :: Artificially updated presence with a threshold of 5 minutes (57.2351ms)
[2026-02-18 13:51:28.132 DBG] ViewerRepo :: UpdatePresence(twitch, 5), 0.0336ms
[2026-02-18 13:51:28.193 DBG] TwitchService :: Presence Timer :: Artificially updated presence with a threshold of 5 minutes (62.0181ms)
[2026-02-18 13:52:12.965 DBG] Credits :: Time to save 16.831ms
[2026-02-18 13:52:28.144 DBG] ViewerRepo :: UpdatePresence(twitch, 5), 0.0337ms
[2026-02-18 13:52:28.204 DBG] TwitchService :: Presence Timer :: Artificially updated presence with a threshold of 5 minutes (60.2555ms)
[2026-02-18 13:53:16.005 DBG] AutoSave :: Auto saving settings...
[2026-02-18 13:53:16.028 DBG] Users :: Time to save 22.8542ms
[2026-02-18 13:53:16.055 DBG] Actions :: Time to save 26.6539ms
[2026-02-18 13:53:16.074 DBG] Commands :: Time to save 19.7374ms
[2026-02-18 13:53:16.094 DBG] Twitch Rewards :: Time to save 19.5278ms
[2026-02-18 13:53:16.111 DBG] Midi :: Time to save 17.1545ms
[2026-02-18 13:53:16.128 DBG] OBS Settings :: Time to save 17.0426ms
[2026-02-18 13:53:16.145 DBG] MeldStudio Settings :: Time to save 17.6914ms
[2026-02-18 13:53:16.163 DBG] Credits :: Time to save 16.346ms
[2026-02-18 13:53:16.181 DBG] Quotes :: Time to save 18.8259ms
[2026-02-18 13:53:16.229 DBG] Config :: Time to save 21.5697ms
[2026-02-18 13:53:28.159 DBG] ViewerRepo :: UpdatePresence(twitch, 5), 0.0307ms
[2026-02-18 13:53:28.216 DBG] TwitchService :: Presence Timer :: Artificially updated presence with a threshold of 5 minutes (57.0744ms)
[2026-02-18 13:54:28.174 DBG] ViewerRepo :: UpdatePresence(twitch, 5), 0.031ms
[2026-02-18 13:54:28.231 DBG] TwitchService :: Presence Timer :: Artificially updated presence with a threshold of 5 minutes (57.5401ms)
[2026-02-18 13:55:28.182 DBG] ViewerRepo :: UpdatePresence(twitch, 5), 0.0315ms
[2026-02-18 13:55:28.240 DBG] TwitchService :: Presence Timer :: Artificially updated presence with a threshold of 5 minutes (58.6506ms)
[2026-02-18 13:56:28.187 DBG] ViewerRepo :: UpdatePresence(twitch, 5), 0.0323ms
[2026-02-18 13:56:28.248 DBG] TwitchService :: Presence Timer :: Artificially updated presence with a threshold of 5 minutes (60.8351ms)
[2026-02-18 13:57:12.983 DBG] Credits :: Time to save 20.0956ms
[2026-02-18 13:57:28.195 DBG] ViewerRepo :: UpdatePresence(twitch, 5), 0.0301ms
[2026-02-18 13:57:28.268 DBG] TwitchService :: Presence Timer :: Artificially updated presence with a threshold of 5 minutes (73.977ms)
[2026-02-18 13:57:48.829 DBG] ActionDispatcher :: Queueing 'Sub Goal' (361aa588-5f31-4e19-b8a5-099cae52479d, TimedAction) to 'Default' (00000000-0000-0000-0000-000000000000), with 11 arguments
[2026-02-18 13:57:48.829 DBG] ActionQueue :: 'Default' (00000000-0000-0000-0000-000000000000) :: Enqueue action 361aa588-5f31-4e19-b8a5-099cae52479d
[2026-02-18 13:57:48.829 DBG] ActionQueue :: 'Default' (00000000-0000-0000-0000-000000000000) :: Handling queue
[2026-02-18 13:57:48.829 DBG] ActionQueue :: 'Default' (00000000-0000-0000-0000-000000000000) :: Performing non-blocking 'Sub Goal' (361aa588-5f31-4e19-b8a5-099cae52479d, c5245388-e641-4005-a576-5d06455b48f0)
[2026-02-18 13:58:16.277 DBG] AutoSave :: Auto saving settings...
[2026-02-18 13:58:16.293 DBG] Users :: Time to save 15.5201ms
[2026-02-18 13:58:16.312 DBG] Actions :: Time to save 19.2359ms
[2026-02-18 13:58:16.330 DBG] Commands :: Time to save 17.9334ms
[2026-02-18 13:58:16.343 DBG] Twitch Rewards :: Time to save 13.1094ms
[2026-02-18 13:58:16.354 DBG] Midi :: Time to save 10.5303ms
[2026-02-18 13:58:16.370 DBG] OBS Settings :: Time to save 17.3767ms
[2026-02-18 13:58:16.387 DBG] MeldStudio Settings :: Time to save 16.011ms
[2026-02-18 13:58:16.404 DBG] Credits :: Time to save 16.641ms
[2026-02-18 13:58:16.417 DBG] Quotes :: Time to save 13.6263ms
[2026-02-18 13:58:16.497 DBG] Config :: Time to save 16.8396ms
[2026-02-18 13:58:28.197 DBG] ViewerRepo :: UpdatePresence(twitch, 5), 0.0288ms
[2026-02-18 13:58:28.250 DBG] TwitchService :: Presence Timer :: Artificially updated presence with a threshold of 5 minutes (53.4576ms)
[2026-02-18 13:59:28.201 DBG] ViewerRepo :: UpdatePresence(twitch, 5), 0.0311ms
[2026-02-18 13:59:28.255 DBG] TwitchService :: Presence Timer :: Artificially updated presence with a threshold of 5 minutes (54.6161ms)
[2026-02-18 14:00:28.203 DBG] ViewerRepo :: UpdatePresence(twitch, 5), 0.0309ms
[2026-02-18 14:00:28.259 DBG] TwitchService :: Presence Timer :: Artificially updated presence with a threshold of 5 minutes (57.1621ms)
[2026-02-18 14:01:28.207 DBG] ViewerRepo :: UpdatePresence(twitch, 5), 0.03ms
[2026-02-18 14:01:28.268 DBG] TwitchService :: Presence Timer :: Artificially updated presence with a threshold of 5 minutes (61.2177ms)
[2026-02-18 14:02:12.993 DBG] Credits :: Time to save 18.7466ms
[2026-02-18 14:02:28.208 DBG] ViewerRepo :: UpdatePresence(twitch, 5), 0.0308ms
[2026-02-18 14:02:28.265 DBG] TwitchService :: Presence Timer :: Artificially updated presence with a threshold of 5 minutes (57.2412ms)
[2026-02-18 14:03:16.514 DBG] AutoSave :: Auto saving settings...
[2026-02-18 14:03:16.538 DBG] Users :: Time to save 24.2662ms
[2026-02-18 14:03:16.565 DBG] Actions :: Time to save 27.0081ms
[2026-02-18 14:03:16.586 DBG] Commands :: Time to save 21.0054ms
[2026-02-18 14:03:16.607 DBG] Twitch Rewards :: Time to save 20.8788ms
[2026-02-18 14:03:16.625 DBG] Midi :: Time to save 17.3893ms
[2026-02-18 14:03:16.643 DBG] OBS Settings :: Time to save 18.8132ms
[2026-02-18 14:03:16.661 DBG] MeldStudio Settings :: Time to save 17.4565ms
[2026-02-18 14:03:16.672 DBG] Credits :: Time to save 11.0974ms
[2026-02-18 14:03:16.692 DBG] Quotes :: Time to save 19.4477ms
[2026-02-18 14:03:16.738 DBG] Config :: Time to save 22.4086ms
[2026-02-18 14:03:28.214 DBG] ViewerRepo :: UpdatePresence(twitch, 5), 0.03ms
[2026-02-18 14:03:28.269 DBG] TwitchService :: Presence Timer :: Artificially updated presence with a threshold of 5 minutes (56.4719ms)
[2026-02-18 14:04:28.215 DBG] ViewerRepo :: UpdatePresence(twitch, 5), 0.0297ms
[2026-02-18 14:04:28.280 DBG] TwitchService :: Presence Timer :: Artificially updated presence with a threshold of 5 minutes (66.236ms)
[2026-02-18 14:05:28.221 DBG] ViewerRepo :: UpdatePresence(twitch, 5), 0.0304ms
[2026-02-18 14:05:28.286 DBG] TwitchService :: Presence Timer :: Artificially updated presence with a threshold of 5 minutes (66.4303ms)
[2026-02-18 14:06:28.227 DBG] ViewerRepo :: UpdatePresence(twitch, 5), 0.0295ms
[2026-02-18 14:06:28.291 DBG] TwitchService :: Presence Timer :: Artificially updated presence with a threshold of 5 minutes (64.4699ms)
[2026-02-18 14:07:12.989 DBG] Credits :: Time to save 13.0864ms
[2026-02-18 14:07:28.231 DBG] ViewerRepo :: UpdatePresence(twitch, 5), 0.03ms
[2026-02-18 14:07:28.282 DBG] TwitchService :: Presence Timer :: Artificially updated presence with a threshold of 5 minutes (52.0279ms)
[2026-02-18 14:07:49.290 DBG] ActionDispatcher :: Queueing 'Sub Goal' (361aa588-5f31-4e19-b8a5-099cae52479d, TimedAction) to 'Default' (00000000-0000-0000-0000-000000000000), with 11 arguments
[2026-02-18 14:07:49.290 DBG] ActionQueue :: 'Default' (00000000-0000-0000-0000-000000000000) :: Enqueue action 361aa588-5f31-4e19-b8a5-099cae52479d
[2026-02-18 14:07:49.290 DBG] ActionQueue :: 'Default' (00000000-0000-0000-0000-000000000000) :: Handling queue
[2026-02-18 14:07:49.290 DBG] ActionQueue :: 'Default' (00000000-0000-0000-0000-000000000000) :: Performing non-blocking 'Sub Goal' (361aa588-5f31-4e19-b8a5-099cae52479d, 58434741-a7fa-41a5-95d7-715052baa90c)
[2026-02-18 14:08:16.770 DBG] AutoSave :: Auto saving settings...
[2026-02-18 14:08:16.792 DBG] Users :: Time to save 22.2818ms
[2026-02-18 14:08:16.821 DBG] Actions :: Time to save 28.3355ms
[2026-02-18 14:08:16.842 DBG] Commands :: Time to save 21.1043ms
[2026-02-18 14:08:16.863 DBG] Twitch Rewards :: Time to save 21.5986ms
[2026-02-18 14:08:16.882 DBG] Midi :: Time to save 17.8043ms
[2026-02-18 14:08:16.899 DBG] OBS Settings :: Time to save 17.8617ms
[2026-02-18 14:08:16.916 DBG] MeldStudio Settings :: Time to save 17.2117ms
[2026-02-18 14:08:16.934 DBG] Credits :: Time to save 18.355ms
[2026-02-18 14:08:16.955 DBG] Quotes :: Time to save 19.7456ms
[2026-02-18 14:08:16.994 DBG] Config :: Time to save 22.7763ms
[2026-02-18 14:08:28.247 DBG] ViewerRepo :: UpdatePresence(twitch, 5), 0.0292ms
[2026-02-18 14:08:28.319 DBG] TwitchService :: Presence Timer :: Artificially updated presence with a threshold of 5 minutes (72.3074ms)
[2026-02-18 14:09:28.259 DBG] ViewerRepo :: UpdatePresence(twitch, 5), 0.0322ms
[2026-02-18 14:09:28.325 DBG] TwitchService :: Presence Timer :: Artificially updated presence with a threshold of 5 minutes (65.9523ms)
[2026-02-18 14:10:28.263 DBG] ViewerRepo :: UpdatePresence(twitch, 5), 0.0295ms
[2026-02-18 14:10:28.759 DBG] TwitchService :: Presence Timer :: Artificially updated presence with a threshold of 5 minutes (497.4103ms)
[2026-02-18 14:11:28.270 DBG] ViewerRepo :: UpdatePresence(twitch, 5), 0.0347ms
[2026-02-18 14:11:28.336 DBG] TwitchService :: Presence Timer :: Artificially updated presence with a threshold of 5 minutes (66.4149ms)
[2026-02-18 14:12:13.010 DBG] Credits :: Time to save 19.7396ms
[2026-02-18 14:12:28.271 DBG] ViewerRepo :: UpdatePresence(twitch, 5), 0.0302ms
[2026-02-18 14:12:28.329 DBG] TwitchService :: Presence Timer :: Artificially updated presence with a threshold of 5 minutes (57.0304ms)
[2026-02-18 14:13:17.036 DBG] AutoSave :: Auto saving settings...
[2026-02-18 14:13:17.061 DBG] Users :: Time to save 25.6081ms
[2026-02-18 14:13:17.089 DBG] Actions :: Time to save 27.3754ms
[2026-02-18 14:13:17.104 DBG] Commands :: Time to save 15.0944ms
[2026-02-18 14:13:17.119 DBG] Twitch Rewards :: Time to save 15.1725ms
[2026-02-18 14:13:17.136 DBG] Midi :: Time to save 17.0551ms
[2026-02-18 14:13:17.149 DBG] OBS Settings :: Time to save 12.5195ms
[2026-02-18 14:13:17.167 DBG] MeldStudio Settings :: Time to save 18.318ms
[2026-02-18 14:13:17.179 DBG] Credits :: Time to save 11.5385ms
[2026-02-18 14:13:17.190 DBG] Quotes :: Time to save 11.8983ms
[2026-02-18 14:13:17.253 DBG] Config :: Time to save 15.1093ms
[2026-02-18 14:13:28.282 DBG] ViewerRepo :: UpdatePresence(twitch, 5), 0.0344ms
[2026-02-18 14:13:28.341 DBG] TwitchService :: Presence Timer :: Artificially updated presence with a threshold of 5 minutes (59.1741ms)
[2026-02-18 14:14:28.286 DBG] ViewerRepo :: UpdatePresence(twitch, 5), 0.0317ms
[2026-02-18 14:14:28.343 DBG] TwitchService :: Presence Timer :: Artificially updated presence with a threshold of 5 minutes (57.0205ms)
[2026-02-18 14:15:28.293 DBG] ViewerRepo :: UpdatePresence(twitch, 5), 0.0301ms
[2026-02-18 14:15:28.348 DBG] TwitchService :: Presence Timer :: Artificially updated presence with a threshold of 5 minutes (55.6404ms)
[2026-02-18 14:16:28.295 DBG] ViewerRepo :: UpdatePresence(twitch, 5), 0.03ms
[2026-02-18 14:16:28.348 DBG] TwitchService :: Presence Timer :: Artificially updated presence with a threshold of 5 minutes (53.197ms)
[2026-02-18 14:17:13.017 DBG] Credits :: Time to save 20.8129ms
[2026-02-18 14:17:28.302 DBG] ViewerRepo :: UpdatePresence(twitch, 5), 0.0304ms
[2026-02-18 14:17:28.360 DBG] TwitchService :: Presence Timer :: Artificially updated presence with a threshold of 5 minutes (58.0462ms)
[2026-02-18 14:17:49.404 DBG] ActionDispatcher :: Queueing 'Sub Goal' (361aa588-5f31-4e19-b8a5-099cae52479d, TimedAction) to 'Default' (00000000-0000-0000-0000-000000000000), with 11 arguments
[2026-02-18 14:17:49.404 DBG] ActionQueue :: 'Default' (00000000-0000-0000-0000-000000000000) :: Enqueue action 361aa588-5f31-4e19-b8a5-099cae52479d
[2026-02-18 14:17:49.404 DBG] ActionQueue :: 'Default' (00000000-0000-0000-0000-000000000000) :: Handling queue
[2026-02-18 14:17:49.404 DBG] ActionQueue :: 'Default' (00000000-0000-0000-0000-000000000000) :: Performing non-blocking 'Sub Goal' (361aa588-5f31-4e19-b8a5-099cae52479d, 568e7a35-008f-4008-8ac8-abb22b8f8b5d)
[2026-02-18 14:18:17.310 DBG] AutoSave :: Auto saving settings...
[2026-02-18 14:18:17.324 DBG] Users :: Time to save 14.0785ms
[2026-02-18 14:18:17.350 DBG] Actions :: Time to save 25.5006ms
[2026-02-18 14:18:17.366 DBG] Commands :: Time to save 16.3307ms
[2026-02-18 14:18:17.382 DBG] Twitch Rewards :: Time to save 16.1801ms
[2026-02-18 14:18:17.396 DBG] Midi :: Time to save 13.8191ms
[2026-02-18 14:18:17.410 DBG] OBS Settings :: Time to save 13.7069ms
[2026-02-18 14:18:17.422 DBG] MeldStudio Settings :: Time to save 11.7699ms
[2026-02-18 14:18:17.432 DBG] Credits :: Time to save 10.4798ms
[2026-02-18 14:18:17.449 DBG] Quotes :: Time to save 17.3524ms
[2026-02-18 14:18:17.534 DBG] Config :: Time to save 20.7509ms
[2026-02-18 14:18:28.306 DBG] ViewerRepo :: UpdatePresence(twitch, 5), 0.029ms
[2026-02-18 14:18:28.363 DBG] TwitchService :: Presence Timer :: Artificially updated presence with a threshold of 5 minutes (57.0633ms)
[2026-02-18 14:19:28.308 DBG] ViewerRepo :: UpdatePresence(twitch, 5), 0.03ms
[2026-02-18 14:19:28.363 DBG] TwitchService :: Presence Timer :: Artificially updated presence with a threshold of 5 minutes (55.8515ms)
[2026-02-18 14:20:28.319 DBG] ViewerRepo :: UpdatePresence(twitch, 5), 0.0321ms
[2026-02-18 14:20:28.371 DBG] TwitchService :: Presence Timer :: Artificially updated presence with a threshold of 5 minutes (52.4438ms)
[2026-02-18 14:21:28.328 DBG] ViewerRepo :: UpdatePresence(twitch, 5), 0.0306ms
[2026-02-18 14:21:28.382 DBG] TwitchService :: Presence Timer :: Artificially updated presence with a threshold of 5 minutes (55.1383ms)
[2026-02-18 14:22:13.029 DBG] Credits :: Time to save 18.7321ms
[2026-02-18 14:22:28.338 DBG] ViewerRepo :: UpdatePresence(twitch, 5), 0.0308ms
[2026-02-18 14:22:28.393 DBG] TwitchService :: Presence Timer :: Artificially updated presence with a threshold of 5 minutes (55.7523ms)
[2026-02-18 14:23:17.518 DBG] AutoSave :: Auto saving settings...
[2026-02-18 14:23:17.540 DBG] Users :: Time to save 22.2098ms
[2026-02-18 14:23:17.563 DBG] Actions :: Time to save 23.1083ms
[2026-02-18 14:23:17.582 DBG] Commands :: Time to save 19.068ms
[2026-02-18 14:23:17.601 DBG] Twitch Rewards :: Time to save 18.9578ms
[2026-02-18 14:23:17.618 DBG] Midi :: Time to save 16.7255ms
[2026-02-18 14:23:17.636 DBG] OBS Settings :: Time to save 17.1183ms
[2026-02-18 14:23:17.653 DBG] MeldStudio Settings :: Time to save 17.6436ms
[2026-02-18 14:23:17.670 DBG] Credits :: Time to save 17.012ms
[2026-02-18 14:23:17.689 DBG] Quotes :: Time to save 18.6692ms
[2026-02-18 14:23:17.741 DBG] Config :: Time to save 20.616ms
[2026-02-18 14:23:28.350 DBG] ViewerRepo :: UpdatePresence(twitch, 5), 0.0285ms
[2026-02-18 14:23:28.404 DBG] TwitchService :: Presence Timer :: Artificially updated presence with a threshold of 5 minutes (54.5279ms)
[2026-02-18 14:24:28.353 DBG] ViewerRepo :: UpdatePresence(twitch, 5), 0.0273ms
[2026-02-18 14:24:28.420 DBG] TwitchService :: Presence Timer :: Artificially updated presence with a threshold of 5 minutes (67.4117ms)
[2026-02-18 14:25:28.361 DBG] ViewerRepo :: UpdatePresence(twitch, 5), 0.0306ms
[2026-02-18 14:25:28.419 DBG] TwitchService :: Presence Timer :: Artificially updated presence with a threshold of 5 minutes (58.4032ms)
[2026-02-18 14:26:28.366 DBG] ViewerRepo :: UpdatePresence(twitch, 5), 0.0294ms
[2026-02-18 14:26:28.424 DBG] TwitchService :: Presence Timer :: Artificially updated presence with a threshold of 5 minutes (59.0719ms)
[2026-02-18 14:27:13.037 DBG] Credits :: Time to save 20.0929ms
[2026-02-18 14:27:28.382 DBG] ViewerRepo :: UpdatePresence(twitch, 5), 0.03ms
[2026-02-18 14:27:28.438 DBG] TwitchService :: Presence Timer :: Artificially updated presence with a threshold of 5 minutes (56.1107ms)
[2026-02-18 14:27:49.673 DBG] ActionDispatcher :: Queueing 'Sub Goal' (361aa588-5f31-4e19-b8a5-099cae52479d, TimedAction) to 'Default' (00000000-0000-0000-0000-000000000000), with 11 arguments
[2026-02-18 14:27:49.673 DBG] ActionQueue :: 'Default' (00000000-0000-0000-0000-000000000000) :: Enqueue action 361aa588-5f31-4e19-b8a5-099cae52479d
[2026-02-18 14:27:49.673 DBG] ActionQueue :: 'Default' (00000000-0000-0000-0000-000000000000) :: Handling queue
[2026-02-18 14:27:49.673 DBG] ActionQueue :: 'Default' (00000000-0000-0000-0000-000000000000) :: Performing non-blocking 'Sub Goal' (361aa588-5f31-4e19-b8a5-099cae52479d, 15c30451-9003-467d-8903-52915beddde1)
[2026-02-18 14:28:17.782 DBG] AutoSave :: Auto saving settings...
[2026-02-18 14:28:17.797 DBG] Users :: Time to save 14.9575ms
[2026-02-18 14:28:17.822 DBG] Actions :: Time to save 25.4066ms
[2026-02-18 14:28:17.838 DBG] Commands :: Time to save 15.648ms
[2026-02-18 14:28:17.853 DBG] Twitch Rewards :: Time to save 15.3972ms
[2026-02-18 14:28:17.864 DBG] Midi :: Time to save 11.3638ms
[2026-02-18 14:28:17.876 DBG] OBS Settings :: Time to save 11.0109ms
[2026-02-18 14:28:17.888 DBG] MeldStudio Settings :: Time to save 11.8545ms
[2026-02-18 14:28:17.903 DBG] Credits :: Time to save 14.5ms
[2026-02-18 14:28:17.920 DBG] Quotes :: Time to save 18.2597ms
[2026-02-18 14:28:18.004 DBG] Config :: Time to save 20.5514ms
[2026-02-18 14:28:28.397 DBG] ViewerRepo :: UpdatePresence(twitch, 5), 0.0299ms
[2026-02-18 14:28:28.459 DBG] TwitchService :: Presence Timer :: Artificially updated presence with a threshold of 5 minutes (62.6146ms)
[2026-02-18 14:29:28.401 DBG] ViewerRepo :: UpdatePresence(twitch, 5), 0.0318ms
[2026-02-18 14:29:28.455 DBG] TwitchService :: Presence Timer :: Artificially updated presence with a threshold of 5 minutes (54.0995ms)
[2026-02-18 14:30:28.416 DBG] ViewerRepo :: UpdatePresence(twitch, 5), 0.0314ms
[2026-02-18 14:30:28.473 DBG] TwitchService :: Presence Timer :: Artificially updated presence with a threshold of 5 minutes (57.664ms)
[2026-02-18 14:31:28.420 DBG] ViewerRepo :: UpdatePresence(twitch, 5), 0.0284ms
[2026-02-18 14:31:28.479 DBG] TwitchService :: Presence Timer :: Artificially updated presence with a threshold of 5 minutes (60.0187ms)
[2026-02-18 14:32:13.039 DBG] Credits :: Time to save 12.9666ms
[2026-02-18 14:32:28.442 DBG] ViewerRepo :: UpdatePresence(twitch, 5), 0.0305ms
[2026-02-18 14:32:28.498 DBG] TwitchService :: Presence Timer :: Artificially updated presence with a threshold of 5 minutes (55.1907ms)
[2026-02-18 14:33:17.973 DBG] AutoSave :: Auto saving settings...
[2026-02-18 14:33:17.996 DBG] Users :: Time to save 21.8649ms
[2026-02-18 14:33:18.018 DBG] Actions :: Time to save 22.9948ms
[2026-02-18 14:33:18.039 DBG] Commands :: Time to save 20.6907ms
[2026-02-18 14:33:18.053 DBG] Twitch Rewards :: Time to save 14.6467ms
[2026-02-18 14:33:18.070 DBG] Midi :: Time to save 16.6107ms
[2026-02-18 14:33:18.089 DBG] OBS Settings :: Time to save 18.3322ms
[2026-02-18 14:33:18.106 DBG] MeldStudio Settings :: Time to save 16.5949ms
[2026-02-18 14:33:18.117 DBG] Credits :: Time to save 11.3703ms
[2026-02-18 14:33:18.129 DBG] Quotes :: Time to save 12.5128ms
[2026-02-18 14:33:18.198 DBG] Config :: Time to save 21.8952ms
[2026-02-18 14:33:28.449 DBG] ViewerRepo :: UpdatePresence(twitch, 5), 0.0326ms
[2026-02-18 14:33:28.507 DBG] TwitchService :: Presence Timer :: Artificially updated presence with a threshold of 5 minutes (58.0937ms)
[2026-02-18 14:34:28.452 DBG] ViewerRepo :: UpdatePresence(twitch, 5), 0.03ms
[2026-02-18 14:34:28.508 DBG] TwitchService :: Presence Timer :: Artificially updated presence with a threshold of 5 minutes (55.8526ms)
[2026-02-18 14:35:28.452 DBG] ViewerRepo :: UpdatePresence(twitch, 5), 0.0303ms
[2026-02-18 14:35:28.513 DBG] TwitchService :: Presence Timer :: Artificially updated presence with a threshold of 5 minutes (61.7556ms)
[2026-02-18 14:36:28.458 DBG] ViewerRepo :: UpdatePresence(twitch, 5), 0.0323ms
[2026-02-18 14:36:28.518 DBG] TwitchService :: Presence Timer :: Artificially updated presence with a threshold of 5 minutes (61.4462ms)
[2026-02-18 14:37:13.051 DBG] Credits :: Time to save 20.2348ms
[2026-02-18 14:37:28.459 DBG] ViewerRepo :: UpdatePresence(twitch, 5), 0.0318ms
[2026-02-18 14:37:28.513 DBG] TwitchService :: Presence Timer :: Artificially updated presence with a threshold of 5 minutes (53.8212ms)
[2026-02-18 14:37:50.014 DBG] ActionDispatcher :: Queueing 'Sub Goal' (361aa588-5f31-4e19-b8a5-099cae52479d, TimedAction) to 'Default' (00000000-0000-0000-0000-000000000000), with 11 arguments
[2026-02-18 14:37:50.014 DBG] ActionQueue :: 'Default' (00000000-0000-0000-0000-000000000000) :: Enqueue action 361aa588-5f31-4e19-b8a5-099cae52479d
[2026-02-18 14:37:50.014 DBG] ActionQueue :: 'Default' (00000000-0000-0000-0000-000000000000) :: Handling queue
[2026-02-18 14:37:50.014 DBG] ActionQueue :: 'Default' (00000000-0000-0000-0000-000000000000) :: Performing non-blocking 'Sub Goal' (361aa588-5f31-4e19-b8a5-099cae52479d, b7253ef4-4c92-4c22-b049-0b4994938687)
[2026-02-18 14:38:18.234 DBG] AutoSave :: Auto saving settings...
[2026-02-18 14:38:18.257 DBG] Users :: Time to save 22.7301ms
[2026-02-18 14:38:18.282 DBG] Actions :: Time to save 25.9426ms
[2026-02-18 14:38:18.297 DBG] Commands :: Time to save 14.3314ms
[2026-02-18 14:38:18.315 DBG] Twitch Rewards :: Time to save 17.4107ms
[2026-02-18 14:38:18.331 DBG] Midi :: Time to save 16.5219ms
[2026-02-18 14:38:18.344 DBG] OBS Settings :: Time to save 13.4357ms
[2026-02-18 14:38:18.362 DBG] MeldStudio Settings :: Time to save 17.2939ms
[2026-02-18 14:38:18.379 DBG] Credits :: Time to save 16.2568ms
[2026-02-18 14:38:18.391 DBG] Quotes :: Time to save 12.5557ms
[2026-02-18 14:38:18.457 DBG] Config :: Time to save 19.9082ms
[2026-02-18 14:38:28.467 DBG] ViewerRepo :: UpdatePresence(twitch, 5), 0.0318ms
[2026-02-18 14:38:28.524 DBG] TwitchService :: Presence Timer :: Artificially updated presence with a threshold of 5 minutes (58.2679ms)
[2026-02-18 14:39:28.470 DBG] ViewerRepo :: UpdatePresence(twitch, 5), 0.0313ms
[2026-02-18 14:39:28.527 DBG] TwitchService :: Presence Timer :: Artificially updated presence with a threshold of 5 minutes (56.802ms)
[2026-02-18 14:40:28.486 DBG] ViewerRepo :: UpdatePresence(twitch, 5), 0.0885ms
[2026-02-18 14:40:28.544 DBG] TwitchService :: Presence Timer :: Artificially updated presence with a threshold of 5 minutes (59.1122ms)
[2026-02-18 14:41:28.496 DBG] ViewerRepo :: UpdatePresence(twitch, 5), 0.0285ms
[2026-02-18 14:41:28.550 DBG] TwitchService :: Presence Timer :: Artificially updated presence with a threshold of 5 minutes (54.7211ms)
[2026-02-18 14:42:13.058 DBG] Credits :: Time to save 19.3658ms
[2026-02-18 14:42:28.506 DBG] ViewerRepo :: UpdatePresence(twitch, 5), 0.0304ms
[2026-02-18 14:42:28.559 DBG] TwitchService :: Presence Timer :: Artificially updated presence with a threshold of 5 minutes (53.4614ms)
[2026-02-18 14:43:18.461 DBG] AutoSave :: Auto saving settings...
[2026-02-18 14:43:18.485 DBG] Users :: Time to save 23.5416ms
[2026-02-18 14:43:18.510 DBG] Actions :: Time to save 25.7065ms
[2026-02-18 14:43:18.530 DBG] Commands :: Time to save 19.3845ms
[2026-02-18 14:43:18.548 DBG] Twitch Rewards :: Time to save 18.6427ms
[2026-02-18 14:43:18.566 DBG] Midi :: Time to save 17.8483ms
[2026-02-18 14:43:18.583 DBG] OBS Settings :: Time to save 16.1863ms
[2026-02-18 14:43:18.598 DBG] MeldStudio Settings :: Time to save 16.527ms
[2026-02-18 14:43:18.617 DBG] Credits :: Time to save 17.3487ms
[2026-02-18 14:43:18.637 DBG] Quotes :: Time to save 19.8379ms
[2026-02-18 14:43:18.684 DBG] Config :: Time to save 22.4164ms
[2026-02-18 14:43:28.518 DBG] ViewerRepo :: UpdatePresence(twitch, 5), 0.0312ms
[2026-02-18 14:43:28.574 DBG] TwitchService :: Presence Timer :: Artificially updated presence with a threshold of 5 minutes (55.7423ms)
[2026-02-18 14:44:28.535 DBG] ViewerRepo :: UpdatePresence(twitch, 5), 0.0433ms
[2026-02-18 14:44:28.591 DBG] TwitchService :: Presence Timer :: Artificially updated presence with a threshold of 5 minutes (55.6825ms)
[2026-02-18 14:45:28.536 DBG] ViewerRepo :: UpdatePresence(twitch, 5), 0.0307ms
[2026-02-18 14:45:28.590 DBG] TwitchService :: Presence Timer :: Artificially updated presence with a threshold of 5 minutes (54.7022ms)
[2026-02-18 14:46:28.543 DBG] ViewerRepo :: UpdatePresence(twitch, 5), 0.0307ms
[2026-02-18 14:46:28.603 DBG] TwitchService :: Presence Timer :: Artificially updated presence with a threshold of 5 minutes (60.1983ms)
[2026-02-18 14:47:13.070 DBG] Credits :: Time to save 17.1168ms
[2026-02-18 14:47:28.553 DBG] ViewerRepo :: UpdatePresence(twitch, 5), 0.0299ms
[2026-02-18 14:47:28.612 DBG] TwitchService :: Presence Timer :: Artificially updated presence with a threshold of 5 minutes (59.4332ms)
[2026-02-18 14:47:50.183 DBG] ActionDispatcher :: Queueing 'Sub Goal' (361aa588-5f31-4e19-b8a5-099cae52479d, TimedAction) to 'Default' (00000000-0000-0000-0000-000000000000), with 11 arguments
[2026-02-18 14:47:50.183 DBG] ActionQueue :: 'Default' (00000000-0000-0000-0000-000000000000) :: Enqueue action 361aa588-5f31-4e19-b8a5-099cae52479d
[2026-02-18 14:47:50.183 DBG] ActionQueue :: 'Default' (00000000-0000-0000-0000-000000000000) :: Handling queue
[2026-02-18 14:47:50.183 DBG] ActionQueue :: 'Default' (00000000-0000-0000-0000-000000000000) :: Performing non-blocking 'Sub Goal' (361aa588-5f31-4e19-b8a5-099cae52479d, 69e03236-7eaa-4d9e-ad37-ea103835e60e)
[2026-02-18 14:48:18.712 DBG] AutoSave :: Auto saving settings...
[2026-02-18 14:48:18.726 DBG] Users :: Time to save 14.618ms
[2026-02-18 14:48:18.744 DBG] Actions :: Time to save 18.138ms
[2026-02-18 14:48:18.757 DBG] Commands :: Time to save 12.6935ms
[2026-02-18 14:48:18.778 DBG] Twitch Rewards :: Time to save 20.0868ms
[2026-02-18 14:48:18.796 DBG] Midi :: Time to save 18.5784ms
[2026-02-18 14:48:18.815 DBG] OBS Settings :: Time to save 19.2467ms
[2026-02-18 14:48:18.834 DBG] MeldStudio Settings :: Time to save 18.3569ms
[2026-02-18 14:48:18.850 DBG] Credits :: Time to save 16.7694ms
[2026-02-18 14:48:18.871 DBG] Quotes :: Time to save 20.5206ms
[2026-02-18 14:48:18.936 DBG] Config :: Time to save 21.3038ms
[2026-02-18 14:48:28.566 DBG] ViewerRepo :: UpdatePresence(twitch, 5), 0.029ms
[2026-02-18 14:48:28.623 DBG] TwitchService :: Presence Timer :: Artificially updated presence with a threshold of 5 minutes (57.2078ms)
[2026-02-18 14:49:28.573 DBG] ViewerRepo :: UpdatePresence(twitch, 5), 0.0299ms
[2026-02-18 14:49:28.631 DBG] TwitchService :: Presence Timer :: Artificially updated presence with a threshold of 5 minutes (57.8499ms)
[2026-02-18 14:50:28.586 DBG] ViewerRepo :: UpdatePresence(twitch, 5), 0.0285ms
[2026-02-18 14:50:28.642 DBG] TwitchService :: Presence Timer :: Artificially updated presence with a threshold of 5 minutes (55.9955ms)
[2026-02-18 14:51:28.595 DBG] ViewerRepo :: UpdatePresence(twitch, 5), 0.0298ms
[2026-02-18 14:51:28.652 DBG] TwitchService :: Presence Timer :: Artificially updated presence with a threshold of 5 minutes (56.2761ms)
[2026-02-18 14:52:13.080 DBG] Credits :: Time to save 13.3624ms
[2026-02-18 14:52:28.605 DBG] ViewerRepo :: UpdatePresence(twitch, 5), 0.0304ms
[2026-02-18 14:52:28.662 DBG] TwitchService :: Presence Timer :: Artificially updated presence with a threshold of 5 minutes (56.5493ms)
[2026-02-18 14:53:18.957 DBG] AutoSave :: Auto saving settings...
[2026-02-18 14:53:18.978 DBG] Users :: Time to save 21.4205ms
[2026-02-18 14:53:19.000 DBG] Actions :: Time to save 21.9362ms
[2026-02-18 14:53:19.019 DBG] Commands :: Time to save 18.1307ms
[2026-02-18 14:53:19.036 DBG] Twitch Rewards :: Time to save 18.0708ms
[2026-02-18 14:53:19.052 DBG] Midi :: Time to save 14.8498ms
[2026-02-18 14:53:19.068 DBG] OBS Settings :: Time to save 16.8204ms
[2026-02-18 14:53:19.084 DBG] MeldStudio Settings :: Time to save 16.5252ms
[2026-02-18 14:53:19.102 DBG] Credits :: Time to save 16.3704ms
[2026-02-18 14:53:19.114 DBG] Quotes :: Time to save 11.9752ms
[2026-02-18 14:53:19.183 DBG] Config :: Time to save 22.4624ms
[2026-02-18 14:53:28.607 DBG] ViewerRepo :: UpdatePresence(twitch, 5), 0.0298ms
[2026-02-18 14:53:28.678 DBG] TwitchService :: Presence Timer :: Artificially updated presence with a threshold of 5 minutes (72.5822ms)
[2026-02-18 14:54:28.610 DBG] ViewerRepo :: UpdatePresence(twitch, 5), 0.0302ms
[2026-02-18 14:54:28.668 DBG] TwitchService :: Presence Timer :: Artificially updated presence with a threshold of 5 minutes (59.1737ms)
[2026-02-18 14:55:28.625 DBG] ViewerRepo :: UpdatePresence(twitch, 5), 0.0294ms
[2026-02-18 14:55:28.682 DBG] TwitchService :: Presence Timer :: Artificially updated presence with a threshold of 5 minutes (56.7951ms)
[2026-02-18 14:56:28.632 DBG] ViewerRepo :: UpdatePresence(twitch, 5), 0.0302ms
[2026-02-18 14:56:28.687 DBG] TwitchService :: Presence Timer :: Artificially updated presence with a threshold of 5 minutes (55.3164ms)
[2026-02-18 14:57:13.094 DBG] Credits :: Time to save 20.1467ms
[2026-02-18 14:57:28.643 DBG] ViewerRepo :: UpdatePresence(twitch, 5), 0.0309ms
[2026-02-18 14:57:28.702 DBG] TwitchService :: Presence Timer :: Artificially updated presence with a threshold of 5 minutes (58.7824ms)
[2026-02-18 14:57:50.451 DBG] ActionDispatcher :: Queueing 'Sub Goal' (361aa588-5f31-4e19-b8a5-099cae52479d, TimedAction) to 'Default' (00000000-0000-0000-0000-000000000000), with 11 arguments
[2026-02-18 14:57:50.451 DBG] ActionQueue :: 'Default' (00000000-0000-0000-0000-000000000000) :: Enqueue action 361aa588-5f31-4e19-b8a5-099cae52479d
[2026-02-18 14:57:50.451 DBG] ActionQueue :: 'Default' (00000000-0000-0000-0000-000000000000) :: Handling queue
[2026-02-18 14:57:50.451 DBG] ActionQueue :: 'Default' (00000000-0000-0000-0000-000000000000) :: Performing non-blocking 'Sub Goal' (361aa588-5f31-4e19-b8a5-099cae52479d, d1b8348a-4e3e-46ac-a387-ca76a00a4a94)
[2026-02-18 14:58:19.203 DBG] AutoSave :: Auto saving settings...
[2026-02-18 14:58:19.218 DBG] Users :: Time to save 15.5296ms
[2026-02-18 14:58:19.237 DBG] Actions :: Time to save 19.5897ms
[2026-02-18 14:58:19.256 DBG] Commands :: Time to save 17.8356ms
[2026-02-18 14:58:19.274 DBG] Twitch Rewards :: Time to save 18.8644ms
[2026-02-18 14:58:19.293 DBG] Midi :: Time to save 18.1876ms
[2026-02-18 14:58:19.310 DBG] OBS Settings :: Time to save 16.6536ms
[2026-02-18 14:58:19.327 DBG] MeldStudio Settings :: Time to save 17.7147ms
[2026-02-18 14:58:19.344 DBG] Credits :: Time to save 17.1244ms
[2026-02-18 14:58:19.364 DBG] Quotes :: Time to save 19.0921ms
[2026-02-18 14:58:19.427 DBG] Config :: Time to save 21.5949ms
[2026-02-18 14:58:28.656 DBG] ViewerRepo :: UpdatePresence(twitch, 5), 0.0296ms
[2026-02-18 14:58:28.711 DBG] TwitchService :: Presence Timer :: Artificially updated presence with a threshold of 5 minutes (54.6149ms)
[2026-02-18 14:59:28.667 DBG] ViewerRepo :: UpdatePresence(twitch, 5), 0.0392ms
[2026-02-18 14:59:28.721 DBG] TwitchService :: Presence Timer :: Artificially updated presence with a threshold of 5 minutes (53.2094ms)
[2026-02-18 15:00:28.667 DBG] ViewerRepo :: UpdatePresence(twitch, 5), 0.029ms
[2026-02-18 15:00:28.737 DBG] TwitchService :: Presence Timer :: Artificially updated presence with a threshold of 5 minutes (70.053ms)
[2026-02-18 15:01:28.678 DBG] ViewerRepo :: UpdatePresence(twitch, 5), 0.0286ms
[2026-02-18 15:01:28.734 DBG] TwitchService :: Presence Timer :: Artificially updated presence with a threshold of 5 minutes (56.222ms)
[2026-02-18 15:02:13.102 DBG] Credits :: Time to save 18.9063ms
[2026-02-18 15:02:28.681 DBG] ViewerRepo :: UpdatePresence(twitch, 5), 0.0308ms
[2026-02-18 15:02:28.737 DBG] TwitchService :: Presence Timer :: Artificially updated presence with a threshold of 5 minutes (56.0145ms)
[2026-02-18 15:03:19.445 DBG] AutoSave :: Auto saving settings...
[2026-02-18 15:03:19.470 DBG] Users :: Time to save 25.0642ms
[2026-02-18 15:03:19.497 DBG] Actions :: Time to save 26.9559ms
[2026-02-18 15:03:19.516 DBG] Commands :: Time to save 19.1412ms
[2026-02-18 15:03:19.536 DBG] Twitch Rewards :: Time to save 19.4773ms
[2026-02-18 15:03:19.554 DBG] Midi :: Time to save 17.8023ms
[2026-02-18 15:03:19.575 DBG] OBS Settings :: Time to save 21.589ms
[2026-02-18 15:03:19.593 DBG] MeldStudio Settings :: Time to save 18.3459ms
[2026-02-18 15:03:19.608 DBG] Credits :: Time to save 14.8256ms
[2026-02-18 15:03:19.627 DBG] Quotes :: Time to save 18.6265ms
[2026-02-18 15:03:19.669 DBG] Config :: Time to save 22.477ms
[2026-02-18 15:03:28.692 DBG] ViewerRepo :: UpdatePresence(twitch, 5), 0.0307ms
[2026-02-18 15:03:28.744 DBG] TwitchService :: Presence Timer :: Artificially updated presence with a threshold of 5 minutes (52.3574ms)
[2026-02-18 15:04:28.696 DBG] ViewerRepo :: UpdatePresence(twitch, 5), 0.031ms
[2026-02-18 15:04:28.751 DBG] TwitchService :: Presence Timer :: Artificially updated presence with a threshold of 5 minutes (55.1775ms)
[2026-02-18 15:05:28.704 DBG] ViewerRepo :: UpdatePresence(twitch, 5), 0.0296ms
[2026-02-18 15:05:28.760 DBG] TwitchService :: Presence Timer :: Artificially updated presence with a threshold of 5 minutes (56.1532ms)
[2026-02-18 15:06:28.710 DBG] ViewerRepo :: UpdatePresence(twitch, 5), 0.0293ms
[2026-02-18 15:06:28.766 DBG] TwitchService :: Presence Timer :: Artificially updated presence with a threshold of 5 minutes (56.0674ms)
[2026-02-18 15:07:13.112 DBG] Credits :: Time to save 19.9428ms
[2026-02-18 15:07:28.716 DBG] ViewerRepo :: UpdatePresence(twitch, 5), 0.0308ms
[2026-02-18 15:07:28.770 DBG] TwitchService :: Presence Timer :: Artificially updated presence with a threshold of 5 minutes (53.4158ms)
[2026-02-18 15:07:50.660 DBG] ActionDispatcher :: Queueing 'Sub Goal' (361aa588-5f31-4e19-b8a5-099cae52479d, TimedAction) to 'Default' (00000000-0000-0000-0000-000000000000), with 11 arguments
[2026-02-18 15:07:50.660 DBG] ActionQueue :: 'Default' (00000000-0000-0000-0000-000000000000) :: Enqueue action 361aa588-5f31-4e19-b8a5-099cae52479d
[2026-02-18 15:07:50.660 DBG] ActionQueue :: 'Default' (00000000-0000-0000-0000-000000000000) :: Handling queue
[2026-02-18 15:07:50.660 DBG] ActionQueue :: 'Default' (00000000-0000-0000-0000-000000000000) :: Performing non-blocking 'Sub Goal' (361aa588-5f31-4e19-b8a5-099cae52479d, 0d4bdbf8-fff2-4538-9a81-9ee899daaeeb)
[2026-02-18 15:08:19.735 DBG] AutoSave :: Auto saving settings...
[2026-02-18 15:08:19.750 DBG] Users :: Time to save 15.2585ms
[2026-02-18 15:08:19.775 DBG] Actions :: Time to save 25.2058ms
[2026-02-18 15:08:19.795 DBG] Commands :: Time to save 19.7553ms
[2026-02-18 15:08:19.814 DBG] Twitch Rewards :: Time to save 18.8872ms
[2026-02-18 15:08:19.825 DBG] Midi :: Time to save 11.307ms
[2026-02-18 15:08:19.842 DBG] OBS Settings :: Time to save 15.8512ms
[2026-02-18 15:08:19.858 DBG] MeldStudio Settings :: Time to save 16.001ms
[2026-02-18 15:08:19.874 DBG] Credits :: Time to save 16.7832ms
[2026-02-18 15:08:19.892 DBG] Quotes :: Time to save 17.6647ms
[2026-02-18 15:08:19.954 DBG] Config :: Time to save 17.1436ms
[2026-02-18 15:08:28.722 DBG] ViewerRepo :: UpdatePresence(twitch, 5), 0.0301ms
[2026-02-18 15:08:28.783 DBG] TwitchService :: Presence Timer :: Artificially updated presence with a threshold of 5 minutes (61.1219ms)
[2026-02-18 15:09:28.728 DBG] ViewerRepo :: UpdatePresence(twitch, 5), 0.0322ms
[2026-02-18 15:09:28.784 DBG] TwitchService :: Presence Timer :: Artificially updated presence with a threshold of 5 minutes (55.4862ms)
[2026-02-18 15:10:28.730 DBG] ViewerRepo :: UpdatePresence(twitch, 5), 0.0311ms
[2026-02-18 15:10:29.274 DBG] TwitchService :: Presence Timer :: Artificially updated presence with a threshold of 5 minutes (544.9697ms)
[2026-02-18 15:11:28.744 DBG] ViewerRepo :: UpdatePresence(twitch, 5), 0.0295ms
[2026-02-18 15:11:28.796 DBG] TwitchService :: Presence Timer :: Artificially updated presence with a threshold of 5 minutes (53.0026ms)
[2026-02-18 15:12:13.116 DBG] Credits :: Time to save 19.0872ms
[2026-02-18 15:12:28.757 DBG] ViewerRepo :: UpdatePresence(twitch, 5), 0.0306ms
[2026-02-18 15:12:28.814 DBG] TwitchService :: Presence Timer :: Artificially updated presence with a threshold of 5 minutes (57.3786ms)
[2026-02-18 15:13:19.997 DBG] AutoSave :: Auto saving settings...
[2026-02-18 15:13:20.018 DBG] Users :: Time to save 21.7361ms
[2026-02-18 15:13:20.036 DBG] Actions :: Time to save 17.6494ms
[2026-02-18 15:13:20.053 DBG] Commands :: Time to save 16.9221ms
[2026-02-18 15:13:20.074 DBG] Twitch Rewards :: Time to save 20.8707ms
[2026-02-18 15:13:20.094 DBG] Midi :: Time to save 19.5671ms
[2026-02-18 15:13:20.112 DBG] OBS Settings :: Time to save 17.6552ms
[2026-02-18 15:13:20.131 DBG] MeldStudio Settings :: Time to save 19.6114ms
[2026-02-18 15:13:20.150 DBG] Credits :: Time to save 18.967ms
[2026-02-18 15:13:20.171 DBG] Quotes :: Time to save 21.2482ms
[2026-02-18 15:13:20.223 DBG] Config :: Time to save 22.4426ms
[2026-02-18 15:13:28.772 DBG] ViewerRepo :: UpdatePresence(twitch, 5), 0.0294ms
[2026-02-18 15:13:28.828 DBG] TwitchService :: Presence Timer :: Artificially updated presence with a threshold of 5 minutes (57.0284ms)
[2026-02-18 15:13:55.736 DBG] Streamer.bot Website Socket :: Disconnected
[2026-02-18 15:13:55.736 INF] Streamer.bot Service :: Disconnected from Website Client
[2026-02-18 15:13:57.748 DBG] Streamer.bot Service :: Retrying website client connection
[2026-02-18 15:13:57.748 INF] Streamer.bot Service :: Connecting to Website Client
[2026-02-18 15:13:57.748 DBG] Streamer.bot Website Socket :: Opening connection
[2026-02-18 15:13:58.048 INF] Streamer.bot Service :: Website Client authenticated
[2026-02-18 15:13:58.048 INF] Streamer.bot Service :: Connected to Website Client
[2026-02-18 15:14:28.782 DBG] ViewerRepo :: UpdatePresence(twitch, 5), 0.0295ms
[2026-02-18 15:14:28.855 DBG] TwitchService :: Presence Timer :: Artificially updated presence with a threshold of 5 minutes (73.1096ms)
[2026-02-18 15:15:28.789 DBG] ViewerRepo :: UpdatePresence(twitch, 5), 0.0358ms
[2026-02-18 15:15:28.845 DBG] TwitchService :: Presence Timer :: Artificially updated presence with a threshold of 5 minutes (56.1918ms)
[2026-02-18 15:16:28.817 DBG] ViewerRepo :: UpdatePresence(twitch, 5), 0.0317ms
[2026-02-18 15:16:28.868 DBG] TwitchService :: Presence Timer :: Artificially updated presence with a threshold of 5 minutes (52.208ms)
[2026-02-18 15:17:13.120 DBG] Credits :: Time to save 16.0582ms
[2026-02-18 15:17:28.820 DBG] ViewerRepo :: UpdatePresence(twitch, 5), 0.0297ms
[2026-02-18 15:17:28.873 DBG] TwitchService :: Presence Timer :: Artificially updated presence with a threshold of 5 minutes (54.9542ms)
[2026-02-18 15:17:50.970 DBG] ActionDispatcher :: Queueing 'Sub Goal' (361aa588-5f31-4e19-b8a5-099cae52479d, TimedAction) to 'Default' (00000000-0000-0000-0000-000000000000), with 11 arguments
[2026-02-18 15:17:50.970 DBG] ActionQueue :: 'Default' (00000000-0000-0000-0000-000000000000) :: Enqueue action 361aa588-5f31-4e19-b8a5-099cae52479d
[2026-02-18 15:17:50.970 DBG] ActionQueue :: 'Default' (00000000-0000-0000-0000-000000000000) :: Handling queue
[2026-02-18 15:17:50.970 DBG] ActionQueue :: 'Default' (00000000-0000-0000-0000-000000000000) :: Performing non-blocking 'Sub Goal' (361aa588-5f31-4e19-b8a5-099cae52479d, 1f8c677b-25fe-40ca-adb9-a61cad0d4f4e)
[2026-02-18 15:18:20.236 DBG] AutoSave :: Auto saving settings...
[2026-02-18 15:18:20.259 DBG] Users :: Time to save 23.7497ms
[2026-02-18 15:18:20.284 DBG] Actions :: Time to save 24.6668ms
[2026-02-18 15:18:20.304 DBG] Commands :: Time to save 20.4826ms
[2026-02-18 15:18:20.324 DBG] Twitch Rewards :: Time to save 19.6819ms
[2026-02-18 15:18:20.342 DBG] Midi :: Time to save 17.3343ms
[2026-02-18 15:18:20.361 DBG] OBS Settings :: Time to save 18.9917ms
[2026-02-18 15:18:20.378 DBG] MeldStudio Settings :: Time to save 17.4413ms
[2026-02-18 15:18:20.389 DBG] Credits :: Time to save 10.7829ms
[2026-02-18 15:18:20.406 DBG] Quotes :: Time to save 17.4637ms
[2026-02-18 15:18:20.459 DBG] Config :: Time to save 20.9258ms
[2026-02-18 15:18:28.821 DBG] ViewerRepo :: UpdatePresence(twitch, 5), 0.031ms
[2026-02-18 15:18:28.877 DBG] TwitchService :: Presence Timer :: Artificially updated presence with a threshold of 5 minutes (56.2841ms)
[2026-02-18 15:19:28.822 DBG] ViewerRepo :: UpdatePresence(twitch, 5), 0.0307ms
[2026-02-18 15:19:28.872 DBG] TwitchService :: Presence Timer :: Artificially updated presence with a threshold of 5 minutes (50.2282ms)
[2026-02-18 15:20:28.832 DBG] ViewerRepo :: UpdatePresence(twitch, 5), 0.035ms
[2026-02-18 15:20:28.885 DBG] TwitchService :: Presence Timer :: Artificially updated presence with a threshold of 5 minutes (53.9755ms)
[2026-02-18 15:21:28.840 DBG] ViewerRepo :: UpdatePresence(twitch, 5), 0.0312ms
[2026-02-18 15:21:28.893 DBG] TwitchService :: Presence Timer :: Artificially updated presence with a threshold of 5 minutes (52.6167ms)
[2026-02-18 15:22:13.131 DBG] Credits :: Time to save 20.2228ms
[2026-02-18 15:22:28.855 DBG] ViewerRepo :: UpdatePresence(twitch, 5), 0.0294ms
[2026-02-18 15:22:28.910 DBG] TwitchService :: Presence Timer :: Artificially updated presence with a threshold of 5 minutes (55.1666ms)
[2026-02-18 15:23:20.483 DBG] AutoSave :: Auto saving settings...
[2026-02-18 15:23:20.509 DBG] Users :: Time to save 25.9511ms
[2026-02-18 15:23:20.534 DBG] Actions :: Time to save 24.6891ms
[2026-02-18 15:23:20.546 DBG] Commands :: Time to save 12.2531ms
[2026-02-18 15:23:20.559 DBG] Twitch Rewards :: Time to save 12.4635ms
[2026-02-18 15:23:20.573 DBG] Midi :: Time to save 15.2034ms
[2026-02-18 15:23:20.585 DBG] OBS Settings :: Time to save 11.1894ms
[2026-02-18 15:23:20.600 DBG] MeldStudio Settings :: Time to save 15.5367ms
[2026-02-18 15:23:20.618 DBG] Credits :: Time to save 17.6599ms
[2026-02-18 15:23:20.638 DBG] Quotes :: Time to save 19.9261ms
[2026-02-18 15:23:20.708 DBG] Config :: Time to save 21.6967ms
[2026-02-18 15:23:28.868 DBG] ViewerRepo :: UpdatePresence(twitch, 5), 0.0317ms
[2026-02-18 15:23:28.925 DBG] TwitchService :: Presence Timer :: Artificially updated presence with a threshold of 5 minutes (56.7507ms)
[2026-02-18 15:24:28.878 DBG] ViewerRepo :: UpdatePresence(twitch, 5), 0.0297ms
[2026-02-18 15:24:28.930 DBG] TwitchService :: Presence Timer :: Artificially updated presence with a threshold of 5 minutes (52.7186ms)
[2026-02-18 15:25:28.892 DBG] ViewerRepo :: UpdatePresence(twitch, 5), 0.0304ms
[2026-02-18 15:25:28.948 DBG] TwitchService :: Presence Timer :: Artificially updated presence with a threshold of 5 minutes (55.5191ms)
[2026-02-18 15:26:28.905 DBG] ViewerRepo :: UpdatePresence(twitch, 5), 0.031ms
[2026-02-18 15:26:28.962 DBG] TwitchService :: Presence Timer :: Artificially updated presence with a threshold of 5 minutes (57.0687ms)
[2026-02-18 15:27:13.140 DBG] Credits :: Time to save 22.1896ms
[2026-02-18 15:27:28.906 DBG] ViewerRepo :: UpdatePresence(twitch, 5), 0.0389ms
[2026-02-18 15:27:28.959 DBG] TwitchService :: Presence Timer :: Artificially updated presence with a threshold of 5 minutes (53.8899ms)
[2026-02-18 15:27:51.160 DBG] ActionDispatcher :: Queueing 'Sub Goal' (361aa588-5f31-4e19-b8a5-099cae52479d, TimedAction) to 'Default' (00000000-0000-0000-0000-000000000000), with 11 arguments
[2026-02-18 15:27:51.160 DBG] ActionQueue :: 'Default' (00000000-0000-0000-0000-000000000000) :: Enqueue action 361aa588-5f31-4e19-b8a5-099cae52479d
[2026-02-18 15:27:51.160 DBG] ActionQueue :: 'Default' (00000000-0000-0000-0000-000000000000) :: Handling queue
[2026-02-18 15:27:51.160 DBG] ActionQueue :: 'Default' (00000000-0000-0000-0000-000000000000) :: Performing non-blocking 'Sub Goal' (361aa588-5f31-4e19-b8a5-099cae52479d, fe22ffca-b0c1-49c7-9e14-d57426d342f7)
[2026-02-18 15:28:20.749 DBG] AutoSave :: Auto saving settings...
[2026-02-18 15:28:20.765 DBG] Users :: Time to save 15.8745ms
[2026-02-18 15:28:20.785 DBG] Actions :: Time to save 19.4305ms
[2026-02-18 15:28:20.803 DBG] Commands :: Time to save 19.5154ms
[2026-02-18 15:28:20.819 DBG] Twitch Rewards :: Time to save 15.0926ms
[2026-02-18 15:28:20.835 DBG] Midi :: Time to save 16.0591ms
[2026-02-18 15:28:20.849 DBG] OBS Settings :: Time to save 13.9077ms
[2026-02-18 15:28:20.860 DBG] MeldStudio Settings :: Time to save 10.8613ms
[2026-02-18 15:28:20.871 DBG] Credits :: Time to save 10.8012ms
[2026-02-18 15:28:20.888 DBG] Quotes :: Time to save 17.8212ms
[2026-02-18 15:28:20.973 DBG] Config :: Time to save 21.5398ms
[2026-02-18 15:28:28.918 DBG] ViewerRepo :: UpdatePresence(twitch, 5), 0.0305ms
[2026-02-18 15:28:28.972 DBG] TwitchService :: Presence Timer :: Artificially updated presence with a threshold of 5 minutes (54.5738ms)
[2026-02-18 15:29:28.925 DBG] ViewerRepo :: UpdatePresence(twitch, 5), 0.0291ms
[2026-02-18 15:29:28.979 DBG] TwitchService :: Presence Timer :: Artificially updated presence with a threshold of 5 minutes (54.6042ms)
[2026-02-18 15:30:28.928 DBG] ViewerRepo :: UpdatePresence(twitch, 5), 0.0292ms
[2026-02-18 15:30:28.981 DBG] TwitchService :: Presence Timer :: Artificially updated presence with a threshold of 5 minutes (53.993ms)
[2026-02-18 15:31:28.937 DBG] ViewerRepo :: UpdatePresence(twitch, 5), 0.0286ms
[2026-02-18 15:31:28.992 DBG] TwitchService :: Presence Timer :: Artificially updated presence with a threshold of 5 minutes (55.1997ms)
[2026-02-18 15:32:13.139 DBG] Credits :: Time to save 20.9178ms
[2026-02-18 15:32:28.950 DBG] ViewerRepo :: UpdatePresence(twitch, 5), 0.0297ms
[2026-02-18 15:32:29.003 DBG] TwitchService :: Presence Timer :: Artificially updated presence with a threshold of 5 minutes (53.8028ms)
[2026-02-18 15:33:21.003 DBG] AutoSave :: Auto saving settings...
[2026-02-18 15:33:21.029 DBG] Users :: Time to save 25.5706ms
[2026-02-18 15:33:21.055 DBG] Actions :: Time to save 26.0728ms
[2026-02-18 15:33:21.075 DBG] Commands :: Time to save 19.9517ms
[2026-02-18 15:33:21.095 DBG] Twitch Rewards :: Time to save 19.6847ms
[2026-02-18 15:33:21.111 DBG] Midi :: Time to save 16.5783ms
[2026-02-18 15:33:21.129 DBG] OBS Settings :: Time to save 17.4298ms
[2026-02-18 15:33:21.145 DBG] MeldStudio Settings :: Time to save 16.099ms
[2026-02-18 15:33:21.161 DBG] Credits :: Time to save 15.8116ms
[2026-02-18 15:33:21.180 DBG] Quotes :: Time to save 19.1889ms
[2026-02-18 15:33:21.227 DBG] Config :: Time to save 20.6762ms
[2026-02-18 15:33:28.958 DBG] ViewerRepo :: UpdatePresence(twitch, 5), 0.03ms
[2026-02-18 15:33:29.012 DBG] TwitchService :: Presence Timer :: Artificially updated presence with a threshold of 5 minutes (54.1212ms)
[2026-02-18 15:34:28.972 DBG] ViewerRepo :: UpdatePresence(twitch, 5), 0.0298ms
[2026-02-18 15:34:29.032 DBG] TwitchService :: Presence Timer :: Artificially updated presence with a threshold of 5 minutes (59.8768ms)
[2026-02-18 15:35:28.981 DBG] ViewerRepo :: UpdatePresence(twitch, 5), 0.0325ms
[2026-02-18 15:35:29.036 DBG] TwitchService :: Presence Timer :: Artificially updated presence with a threshold of 5 minutes (55.0082ms)
[2026-02-18 15:36:28.981 DBG] ViewerRepo :: UpdatePresence(twitch, 5), 0.0306ms
[2026-02-18 15:36:29.035 DBG] TwitchService :: Presence Timer :: Artificially updated presence with a threshold of 5 minutes (54.7287ms)
[2026-02-18 15:37:13.141 DBG] Credits :: Time to save 15.686ms
[2026-02-18 15:37:28.989 DBG] ViewerRepo :: UpdatePresence(twitch, 5), 0.0292ms
[2026-02-18 15:37:29.043 DBG] TwitchService :: Presence Timer :: Artificially updated presence with a threshold of 5 minutes (54.2674ms)
[2026-02-18 15:37:51.395 DBG] ActionDispatcher :: Queueing 'Sub Goal' (361aa588-5f31-4e19-b8a5-099cae52479d, TimedAction) to 'Default' (00000000-0000-0000-0000-000000000000), with 11 arguments
[2026-02-18 15:37:51.395 DBG] ActionQueue :: 'Default' (00000000-0000-0000-0000-000000000000) :: Enqueue action 361aa588-5f31-4e19-b8a5-099cae52479d
[2026-02-18 15:37:51.395 DBG] ActionQueue :: 'Default' (00000000-0000-0000-0000-000000000000) :: Handling queue
[2026-02-18 15:37:51.395 DBG] ActionQueue :: 'Default' (00000000-0000-0000-0000-000000000000) :: Performing non-blocking 'Sub Goal' (361aa588-5f31-4e19-b8a5-099cae52479d, 40d7b9c3-46b9-4906-8e74-cef1657ea5c7)
[2026-02-18 15:38:21.273 DBG] AutoSave :: Auto saving settings...
[2026-02-18 15:38:21.297 DBG] Users :: Time to save 24.4364ms
[2026-02-18 15:38:21.321 DBG] Actions :: Time to save 23.7853ms
[2026-02-18 15:38:21.334 DBG] Commands :: Time to save 13.0233ms
[2026-02-18 15:38:21.352 DBG] Twitch Rewards :: Time to save 17.9222ms
[2026-02-18 15:38:21.369 DBG] Midi :: Time to save 17.1255ms
[2026-02-18 15:38:21.381 DBG] OBS Settings :: Time to save 11.1669ms
[2026-02-18 15:38:21.398 DBG] MeldStudio Settings :: Time to save 16.5371ms
[2026-02-18 15:38:21.414 DBG] Credits :: Time to save 16.4583ms
[2026-02-18 15:38:21.432 DBG] Quotes :: Time to save 18.0344ms
[2026-02-18 15:38:21.497 DBG] Config :: Time to save 21.9665ms
[2026-02-18 15:38:28.996 DBG] ViewerRepo :: UpdatePresence(twitch, 5), 0.0306ms
[2026-02-18 15:38:29.053 DBG] TwitchService :: Presence Timer :: Artificially updated presence with a threshold of 5 minutes (58.6348ms)
[2026-02-18 15:39:29.003 DBG] ViewerRepo :: UpdatePresence(twitch, 5), 0.0316ms
[2026-02-18 15:39:29.058 DBG] TwitchService :: Presence Timer :: Artificially updated presence with a threshold of 5 minutes (55.9536ms)
[2026-02-18 15:40:29.011 DBG] ViewerRepo :: UpdatePresence(twitch, 5), 0.0293ms
[2026-02-18 15:40:29.066 DBG] TwitchService :: Presence Timer :: Artificially updated presence with a threshold of 5 minutes (55.3267ms)
[2026-02-18 15:41:29.011 DBG] ViewerRepo :: UpdatePresence(twitch, 5), 0.0295ms
[2026-02-18 15:41:29.065 DBG] TwitchService :: Presence Timer :: Artificially updated presence with a threshold of 5 minutes (54.3634ms)
[2026-02-18 15:42:13.153 DBG] Credits :: Time to save 21.5941ms
[2026-02-18 15:42:29.016 DBG] ViewerRepo :: UpdatePresence(twitch, 5), 0.032ms
[2026-02-18 15:42:29.067 DBG] TwitchService :: Presence Timer :: Artificially updated presence with a threshold of 5 minutes (52.6391ms)
[2026-02-18 15:43:21.505 DBG] AutoSave :: Auto saving settings...
[2026-02-18 15:43:21.529 DBG] Users :: Time to save 23.3604ms
[2026-02-18 15:43:21.555 DBG] Actions :: Time to save 25.7673ms
[2026-02-18 15:43:21.574 DBG] Commands :: Time to save 18.6948ms
[2026-02-18 15:43:21.588 DBG] Twitch Rewards :: Time to save 15.1258ms
[2026-02-18 15:43:21.606 DBG] Midi :: Time to save 17.3173ms
[2026-02-18 15:43:21.619 DBG] OBS Settings :: Time to save 13.0447ms
[2026-02-18 15:43:21.632 DBG] MeldStudio Settings :: Time to save 13.1183ms
[2026-02-18 15:43:21.649 DBG] Credits :: Time to save 17.0972ms
[2026-02-18 15:43:21.668 DBG] Quotes :: Time to save 18.7617ms
[2026-02-18 15:43:21.748 DBG] Config :: Time to save 23.8587ms
[2026-02-18 15:43:29.035 DBG] ViewerRepo :: UpdatePresence(twitch, 5), 0.0314ms
[2026-02-18 15:43:29.093 DBG] TwitchService :: Presence Timer :: Artificially updated presence with a threshold of 5 minutes (58.7685ms)
[2026-02-18 15:44:29.040 DBG] ViewerRepo :: UpdatePresence(twitch, 5), 0.0305ms
[2026-02-18 15:44:29.093 DBG] TwitchService :: Presence Timer :: Artificially updated presence with a threshold of 5 minutes (54.0033ms)
[2026-02-18 15:45:29.052 DBG] ViewerRepo :: UpdatePresence(twitch, 5), 0.0324ms
[2026-02-18 15:45:29.106 DBG] TwitchService :: Presence Timer :: Artificially updated presence with a threshold of 5 minutes (54.2158ms)
[2026-02-18 15:46:29.060 DBG] ViewerRepo :: UpdatePresence(twitch, 5), 0.0295ms
[2026-02-18 15:46:29.118 DBG] TwitchService :: Presence Timer :: Artificially updated presence with a threshold of 5 minutes (57.1933ms)
[2026-02-18 15:47:13.170 DBG] Credits :: Time to save 22.3824ms
[2026-02-18 15:47:29.063 DBG] ViewerRepo :: UpdatePresence(twitch, 5), 0.0312ms
[2026-02-18 15:47:29.120 DBG] TwitchService :: Presence Timer :: Artificially updated presence with a threshold of 5 minutes (57.4142ms)
[2026-02-18 15:47:51.773 DBG] ActionDispatcher :: Queueing 'Sub Goal' (361aa588-5f31-4e19-b8a5-099cae52479d, TimedAction) to 'Default' (00000000-0000-0000-0000-000000000000), with 11 arguments
[2026-02-18 15:47:51.773 DBG] ActionQueue :: 'Default' (00000000-0000-0000-0000-000000000000) :: Enqueue action 361aa588-5f31-4e19-b8a5-099cae52479d
[2026-02-18 15:47:51.773 DBG] ActionQueue :: 'Default' (00000000-0000-0000-0000-000000000000) :: Handling queue
[2026-02-18 15:47:51.773 DBG] ActionQueue :: 'Default' (00000000-0000-0000-0000-000000000000) :: Performing non-blocking 'Sub Goal' (361aa588-5f31-4e19-b8a5-099cae52479d, 0d2df781-1d53-466a-9520-7e1f320bbe1e)
[2026-02-18 15:48:21.745 DBG] AutoSave :: Auto saving settings...
[2026-02-18 15:48:21.760 DBG] Users :: Time to save 15.7011ms
[2026-02-18 15:48:21.780 DBG] Actions :: Time to save 19.9456ms
[2026-02-18 15:48:21.794 DBG] Commands :: Time to save 13.62ms
[2026-02-18 15:48:21.809 DBG] Twitch Rewards :: Time to save 14.8529ms
[2026-02-18 15:48:21.827 DBG] Midi :: Time to save 18.7366ms
[2026-02-18 15:48:21.839 DBG] OBS Settings :: Time to save 11.4042ms
[2026-02-18 15:48:21.856 DBG] MeldStudio Settings :: Time to save 17.457ms
[2026-02-18 15:48:21.869 DBG] Credits :: Time to save 12.7373ms
[2026-02-18 15:48:21.882 DBG] Quotes :: Time to save 13.0362ms
[2026-02-18 15:48:21.967 DBG] Config :: Time to save 22.2045ms
[2026-02-18 15:48:29.074 DBG] ViewerRepo :: UpdatePresence(twitch, 5), 0.0306ms
[2026-02-18 15:48:29.133 DBG] TwitchService :: Presence Timer :: Artificially updated presence with a threshold of 5 minutes (58.6936ms)
[2026-02-18 15:49:29.099 DBG] ViewerRepo :: UpdatePresence(twitch, 5), 0.0315ms
[2026-02-18 15:49:29.154 DBG] TwitchService :: Presence Timer :: Artificially updated presence with a threshold of 5 minutes (55.4437ms)
[2026-02-18 15:50:29.110 DBG] ViewerRepo :: UpdatePresence(twitch, 5), 0.0301ms
[2026-02-18 15:50:29.163 DBG] TwitchService :: Presence Timer :: Artificially updated presence with a threshold of 5 minutes (53.601ms)
[2026-02-18 15:51:29.124 DBG] ViewerRepo :: UpdatePresence(twitch, 5), 0.0301ms
[2026-02-18 15:51:29.182 DBG] TwitchService :: Presence Timer :: Artificially updated presence with a threshold of 5 minutes (58.6204ms)
[2026-02-18 15:52:13.185 DBG] Credits :: Time to save 21.6376ms
[2026-02-18 15:52:29.131 DBG] ViewerRepo :: UpdatePresence(twitch, 5), 0.0311ms
[2026-02-18 15:52:29.185 DBG] TwitchService :: Presence Timer :: Artificially updated presence with a threshold of 5 minutes (54.3156ms)
[2026-02-18 15:53:21.974 DBG] AutoSave :: Auto saving settings...
[2026-02-18 15:53:21.997 DBG] Users :: Time to save 23.3514ms
[2026-02-18 15:53:22.025 DBG] Actions :: Time to save 28.063ms
[2026-02-18 15:53:22.045 DBG] Commands :: Time to save 19.6712ms
[2026-02-18 15:53:22.061 DBG] Twitch Rewards :: Time to save 15.4819ms
[2026-02-18 15:53:22.073 DBG] Midi :: Time to save 12.3961ms
[2026-02-18 15:53:22.084 DBG] OBS Settings :: Time to save 11.3543ms
[2026-02-18 15:53:22.101 DBG] MeldStudio Settings :: Time to save 17.4433ms
[2026-02-18 15:53:22.113 DBG] Credits :: Time to save 11.9728ms
[2026-02-18 15:53:22.133 DBG] Quotes :: Time to save 19.3401ms
[2026-02-18 15:53:22.213 DBG] Config :: Time to save 20.9931ms
[2026-02-18 15:53:29.140 DBG] ViewerRepo :: UpdatePresence(twitch, 5), 0.0315ms
[2026-02-18 15:53:29.197 DBG] TwitchService :: Presence Timer :: Artificially updated presence with a threshold of 5 minutes (57.4078ms)
[2026-02-18 15:54:29.150 DBG] ViewerRepo :: UpdatePresence(twitch, 5), 0.0328ms
[2026-02-18 15:54:29.202 DBG] TwitchService :: Presence Timer :: Artificially updated presence with a threshold of 5 minutes (52.5097ms)
[2026-02-18 15:55:29.160 DBG] ViewerRepo :: UpdatePresence(twitch, 5), 0.0292ms
[2026-02-18 15:55:29.216 DBG] TwitchService :: Presence Timer :: Artificially updated presence with a threshold of 5 minutes (57.1515ms)
[2026-02-18 15:56:29.167 DBG] ViewerRepo :: UpdatePresence(twitch, 5), 0.0292ms
[2026-02-18 15:56:29.220 DBG] TwitchService :: Presence Timer :: Artificially updated presence with a threshold of 5 minutes (52.9477ms)
[2026-02-18 15:56:32.775 DBG] Streamer.bot Website Socket :: Disconnected
[2026-02-18 15:56:32.775 INF] Streamer.bot Service :: Disconnected from Website Client
[2026-02-18 15:56:34.781 DBG] Streamer.bot Service :: Retrying website client connection
[2026-02-18 15:56:34.781 INF] Streamer.bot Service :: Connecting to Website Client
[2026-02-18 15:56:34.781 DBG] Streamer.bot Website Socket :: Opening connection
[2026-02-18 15:56:35.096 INF] Streamer.bot Service :: Website Client authenticated
[2026-02-18 15:56:35.096 INF] Streamer.bot Service :: Connected to Website Client
[2026-02-18 15:57:13.197 DBG] Credits :: Time to save 22.2228ms
[2026-02-18 15:57:29.171 DBG] ViewerRepo :: UpdatePresence(twitch, 5), 0.03ms
[2026-02-18 15:57:29.226 DBG] TwitchService :: Presence Timer :: Artificially updated presence with a threshold of 5 minutes (55.6337ms)
[2026-02-18 15:57:52.079 DBG] ActionDispatcher :: Queueing 'Sub Goal' (361aa588-5f31-4e19-b8a5-099cae52479d, TimedAction) to 'Default' (00000000-0000-0000-0000-000000000000), with 11 arguments
[2026-02-18 15:57:52.079 DBG] ActionQueue :: 'Default' (00000000-0000-0000-0000-000000000000) :: Enqueue action 361aa588-5f31-4e19-b8a5-099cae52479d
[2026-02-18 15:57:52.079 DBG] ActionQueue :: 'Default' (00000000-0000-0000-0000-000000000000) :: Handling queue
[2026-02-18 15:57:52.079 DBG] ActionQueue :: 'Default' (00000000-0000-0000-0000-000000000000) :: Performing non-blocking 'Sub Goal' (361aa588-5f31-4e19-b8a5-099cae52479d, 708ffe7d-8f67-4789-924f-7b03a5b4799b)
[2026-02-18 15:58:22.223 DBG] AutoSave :: Auto saving settings...
[2026-02-18 15:58:22.246 DBG] Users :: Time to save 23.6847ms
[2026-02-18 15:58:22.272 DBG] Actions :: Time to save 25.6326ms
[2026-02-18 15:58:22.285 DBG] Commands :: Time to save 13.7104ms
[2026-02-18 15:58:22.305 DBG] Twitch Rewards :: Time to save 20.3158ms
[2026-02-18 15:58:22.325 DBG] Midi :: Time to save 19.2401ms
[2026-02-18 15:58:22.342 DBG] OBS Settings :: Time to save 16.6133ms
[2026-02-18 15:58:22.357 DBG] MeldStudio Settings :: Time to save 15.8914ms
[2026-02-18 15:58:22.374 DBG] Credits :: Time to save 16.2708ms
[2026-02-18 15:58:22.393 DBG] Quotes :: Time to save 18.6753ms
[2026-02-18 15:58:22.447 DBG] Config :: Time to save 21.1564ms
[2026-02-18 15:58:29.187 DBG] ViewerRepo :: UpdatePresence(twitch, 5), 0.0325ms
[2026-02-18 15:58:29.240 DBG] TwitchService :: Presence Timer :: Artificially updated presence with a threshold of 5 minutes (53.08ms)
[2026-02-18 15:59:29.190 DBG] ViewerRepo :: UpdatePresence(twitch, 5), 0.0298ms
[2026-02-18 15:59:29.246 DBG] TwitchService :: Presence Timer :: Artificially updated presence with a threshold of 5 minutes (57.2594ms)
[2026-02-18 16:00:29.201 DBG] ViewerRepo :: UpdatePresence(twitch, 5), 0.0299ms
[2026-02-18 16:00:29.263 DBG] TwitchService :: Presence Timer :: Artificially updated presence with a threshold of 5 minutes (62.4188ms)
[2026-02-18 16:01:29.202 DBG] ViewerRepo :: UpdatePresence(twitch, 5), 0.0307ms
[2026-02-18 16:01:29.261 DBG] TwitchService :: Presence Timer :: Artificially updated presence with a threshold of 5 minutes (60.2352ms)
[2026-02-18 16:02:13.214 DBG] Credits :: Time to save 23.6039ms
[2026-02-18 16:02:29.217 DBG] ViewerRepo :: UpdatePresence(twitch, 5), 0.0317ms
[2026-02-18 16:02:29.275 DBG] TwitchService :: Presence Timer :: Artificially updated presence with a threshold of 5 minutes (57.9386ms)
[2026-02-18 16:03:22.433 DBG] AutoSave :: Auto saving settings...
[2026-02-18 16:03:22.456 DBG] Users :: Time to save 22.9807ms
[2026-02-18 16:03:22.474 DBG] Actions :: Time to save 18.7024ms
[2026-02-18 16:03:22.493 DBG] Commands :: Time to save 18.1512ms
[2026-02-18 16:03:22.510 DBG] Twitch Rewards :: Time to save 17.8782ms
[2026-02-18 16:03:22.527 DBG] Midi :: Time to save 17.0144ms
[2026-02-18 16:03:22.544 DBG] OBS Settings :: Time to save 17.1838ms
[2026-02-18 16:03:22.562 DBG] MeldStudio Settings :: Time to save 17.3866ms
[2026-02-18 16:03:22.575 DBG] Credits :: Time to save 12.9972ms
[2026-02-18 16:03:22.594 DBG] Quotes :: Time to save 18.907ms
[2026-02-18 16:03:22.651 DBG] Config :: Time to save 14.6992ms
[2026-02-18 16:03:29.221 DBG] ViewerRepo :: UpdatePresence(twitch, 5), 0.0322ms
[2026-02-18 16:03:29.274 DBG] TwitchService :: Presence Timer :: Artificially updated presence with a threshold of 5 minutes (54.4065ms)
[2026-02-18 16:04:29.224 DBG] ViewerRepo :: UpdatePresence(twitch, 5), 0.0307ms
[2026-02-18 16:04:29.284 DBG] TwitchService :: Presence Timer :: Artificially updated presence with a threshold of 5 minutes (59.8474ms)
[2026-02-18 16:05:29.238 DBG] ViewerRepo :: UpdatePresence(twitch, 5), 0.0406ms
[2026-02-18 16:05:29.307 DBG] TwitchService :: Presence Timer :: Artificially updated presence with a threshold of 5 minutes (68.6904ms)
[2026-02-18 16:06:29.246 DBG] ViewerRepo :: UpdatePresence(twitch, 5), 0.0302ms
[2026-02-18 16:06:29.302 DBG] TwitchService :: Presence Timer :: Artificially updated presence with a threshold of 5 minutes (55.6205ms)
[2026-02-18 16:07:13.222 DBG] Credits :: Time to save 15.2344ms
[2026-02-18 16:07:29.257 DBG] ViewerRepo :: UpdatePresence(twitch, 5), 0.0327ms
[2026-02-18 16:07:29.314 DBG] TwitchService :: Presence Timer :: Artificially updated presence with a threshold of 5 minutes (57.163ms)
[2026-02-18 16:07:52.467 DBG] ActionDispatcher :: Queueing 'Sub Goal' (361aa588-5f31-4e19-b8a5-099cae52479d, TimedAction) to 'Default' (00000000-0000-0000-0000-000000000000), with 11 arguments
[2026-02-18 16:07:52.467 DBG] ActionQueue :: 'Default' (00000000-0000-0000-0000-000000000000) :: Enqueue action 361aa588-5f31-4e19-b8a5-099cae52479d
[2026-02-18 16:07:52.467 DBG] ActionQueue :: 'Default' (00000000-0000-0000-0000-000000000000) :: Handling queue
[2026-02-18 16:07:52.467 DBG] ActionQueue :: 'Default' (00000000-0000-0000-0000-000000000000) :: Performing non-blocking 'Sub Goal' (361aa588-5f31-4e19-b8a5-099cae52479d, 5db0c94f-6e92-49a5-be12-f75320707a71)
[2026-02-18 16:08:22.672 DBG] AutoSave :: Auto saving settings...
[2026-02-18 16:08:22.696 DBG] Users :: Time to save 24.3917ms
[2026-02-18 16:08:22.722 DBG] Actions :: Time to save 25.5482ms
[2026-02-18 16:08:22.742 DBG] Commands :: Time to save 19.7468ms
[2026-02-18 16:08:22.760 DBG] Twitch Rewards :: Time to save 18.5069ms
[2026-02-18 16:08:22.777 DBG] Midi :: Time to save 16.9178ms
[2026-02-18 16:08:22.793 DBG] OBS Settings :: Time to save 16.3038ms
[2026-02-18 16:08:22.810 DBG] MeldStudio Settings :: Time to save 17.1842ms
[2026-02-18 16:08:22.827 DBG] Credits :: Time to save 17.1179ms
[2026-02-18 16:08:22.847 DBG] Quotes :: Time to save 18.9329ms
[2026-02-18 16:08:22.895 DBG] Config :: Time to save 21.1077ms
[2026-02-18 16:08:29.266 DBG] ViewerRepo :: UpdatePresence(twitch, 5), 0.0296ms
[2026-02-18 16:08:29.321 DBG] TwitchService :: Presence Timer :: Artificially updated presence with a threshold of 5 minutes (54.9739ms)
[2026-02-18 16:09:29.285 DBG] ViewerRepo :: UpdatePresence(twitch, 5), 0.0298ms
[2026-02-18 16:09:29.342 DBG] TwitchService :: Presence Timer :: Artificially updated presence with a threshold of 5 minutes (57.9637ms)
[2026-02-18 16:10:29.301 DBG] ViewerRepo :: UpdatePresence(twitch, 5), 0.0294ms
[2026-02-18 16:10:29.798 DBG] TwitchService :: Presence Timer :: Artificially updated presence with a threshold of 5 minutes (498.0716ms)
[2026-02-18 16:11:29.311 DBG] ViewerRepo :: UpdatePresence(twitch, 5), 0.0318ms
[2026-02-18 16:11:29.369 DBG] TwitchService :: Presence Timer :: Artificially updated presence with a threshold of 5 minutes (57.011ms)
[2026-02-18 16:12:13.244 DBG] Credits :: Time to save 24.434ms
[2026-02-18 16:12:29.326 DBG] ViewerRepo :: UpdatePresence(twitch, 5), 0.0304ms
[2026-02-18 16:12:29.379 DBG] TwitchService :: Presence Timer :: Artificially updated presence with a threshold of 5 minutes (53.0022ms)
[2026-02-18 16:13:22.946 DBG] AutoSave :: Auto saving settings...
[2026-02-18 16:13:22.971 DBG] Users :: Time to save 24.4701ms
[2026-02-18 16:13:22.996 DBG] Actions :: Time to save 26.1659ms
[2026-02-18 16:13:23.015 DBG] Commands :: Time to save 18.2714ms
[2026-02-18 16:13:23.032 DBG] Twitch Rewards :: Time to save 17.3536ms
[2026-02-18 16:13:23.046 DBG] Midi :: Time to save 13.5067ms
[2026-02-18 16:13:23.060 DBG] OBS Settings :: Time to save 13.9918ms
[2026-02-18 16:13:23.076 DBG] MeldStudio Settings :: Time to save 15.9933ms
[2026-02-18 16:13:23.086 DBG] Credits :: Time to save 10.5112ms
[2026-02-18 16:13:23.105 DBG] Quotes :: Time to save 18.7346ms
[2026-02-18 16:13:23.163 DBG] Config :: Time to save 14.4128ms
[2026-02-18 16:13:29.327 DBG] ViewerRepo :: UpdatePresence(twitch, 5), 0.0301ms
[2026-02-18 16:13:29.382 DBG] TwitchService :: Presence Timer :: Artificially updated presence with a threshold of 5 minutes (54.5998ms)
[2026-02-18 16:14:29.336 DBG] ViewerRepo :: UpdatePresence(twitch, 5), 0.0549ms
[2026-02-18 16:14:29.388 DBG] TwitchService :: Presence Timer :: Artificially updated presence with a threshold of 5 minutes (53.2716ms)
[2026-02-18 16:15:29.345 DBG] ViewerRepo :: UpdatePresence(twitch, 5), 0.0306ms
[2026-02-18 16:15:29.400 DBG] TwitchService :: Presence Timer :: Artificially updated presence with a threshold of 5 minutes (55.5493ms)
[2026-02-18 16:16:29.357 DBG] ViewerRepo :: UpdatePresence(twitch, 5), 0.0294ms
[2026-02-18 16:16:29.417 DBG] TwitchService :: Presence Timer :: Artificially updated presence with a threshold of 5 minutes (60.3061ms)
[2026-02-18 16:17:13.246 DBG] Credits :: Time to save 19.1748ms
[2026-02-18 16:17:29.362 DBG] ViewerRepo :: UpdatePresence(twitch, 5), 0.0295ms
[2026-02-18 16:17:29.432 DBG] TwitchService :: Presence Timer :: Artificially updated presence with a threshold of 5 minutes (71.1643ms)
[2026-02-18 16:17:52.738 DBG] ActionDispatcher :: Queueing 'Sub Goal' (361aa588-5f31-4e19-b8a5-099cae52479d, TimedAction) to 'Default' (00000000-0000-0000-0000-000000000000), with 11 arguments
[2026-02-18 16:17:52.738 DBG] ActionQueue :: 'Default' (00000000-0000-0000-0000-000000000000) :: Enqueue action 361aa588-5f31-4e19-b8a5-099cae52479d
[2026-02-18 16:17:52.738 DBG] ActionQueue :: 'Default' (00000000-0000-0000-0000-000000000000) :: Handling queue
[2026-02-18 16:17:52.739 DBG] ActionQueue :: 'Default' (00000000-0000-0000-0000-000000000000) :: Performing non-blocking 'Sub Goal' (361aa588-5f31-4e19-b8a5-099cae52479d, 9a3cf0cf-2f50-4515-86e2-4c47a59a7df2)
[2026-02-18 16:18:23.185 DBG] AutoSave :: Auto saving settings...
[2026-02-18 16:18:23.210 DBG] Users :: Time to save 24.3169ms
[2026-02-18 16:18:23.235 DBG] Actions :: Time to save 25.7519ms
[2026-02-18 16:18:23.248 DBG] Commands :: Time to save 12.8383ms
[2026-02-18 16:18:23.267 DBG] Twitch Rewards :: Time to save 19.2744ms
[2026-02-18 16:18:23.285 DBG] Midi :: Time to save 17.4112ms
[2026-02-18 16:18:23.302 DBG] OBS Settings :: Time to save 17.7855ms
[2026-02-18 16:18:23.317 DBG] MeldStudio Settings :: Time to save 14.4083ms
[2026-02-18 16:18:23.328 DBG] Credits :: Time to save 11.0707ms
[2026-02-18 16:18:23.339 DBG] Quotes :: Time to save 11.511ms
[2026-02-18 16:18:23.407 DBG] Config :: Time to save 21.2351ms
[2026-02-18 16:18:29.376 DBG] ViewerRepo :: UpdatePresence(twitch, 5), 0.0334ms
[2026-02-18 16:18:29.434 DBG] TwitchService :: Presence Timer :: Artificially updated presence with a threshold of 5 minutes (58.2496ms)
[2026-02-18 16:19:29.387 DBG] ViewerRepo :: UpdatePresence(twitch, 5), 0.0304ms
[2026-02-18 16:19:29.442 DBG] TwitchService :: Presence Timer :: Artificially updated presence with a threshold of 5 minutes (56.1373ms)
[2026-02-18 16:20:29.396 DBG] ViewerRepo :: UpdatePresence(twitch, 5), 0.0291ms
[2026-02-18 16:20:29.448 DBG] TwitchService :: Presence Timer :: Artificially updated presence with a threshold of 5 minutes (52.8128ms)
[2026-02-18 16:21:29.406 DBG] ViewerRepo :: UpdatePresence(twitch, 5), 0.0306ms
[2026-02-18 16:21:29.463 DBG] TwitchService :: Presence Timer :: Artificially updated presence with a threshold of 5 minutes (56.9406ms)
[2026-02-18 16:22:13.258 DBG] Credits :: Time to save 24.3419ms
[2026-02-18 16:22:29.407 DBG] ViewerRepo :: UpdatePresence(twitch, 5), 0.0319ms
[2026-02-18 16:22:29.461 DBG] TwitchService :: Presence Timer :: Artificially updated presence with a threshold of 5 minutes (54.9629ms)
[2026-02-18 16:23:23.426 DBG] AutoSave :: Auto saving settings...
[2026-02-18 16:23:23.447 DBG] Users :: Time to save 22.3563ms
[2026-02-18 16:23:23.477 DBG] Actions :: Time to save 29.031ms
[2026-02-18 16:23:23.489 DBG] Commands :: Time to save 12.2407ms
[2026-02-18 16:23:23.502 DBG] Twitch Rewards :: Time to save 12.7957ms
[2026-02-18 16:23:23.514 DBG] Midi :: Time to save 11.9009ms
[2026-02-18 16:23:23.527 DBG] OBS Settings :: Time to save 13.1141ms
[2026-02-18 16:23:23.542 DBG] MeldStudio Settings :: Time to save 16.1573ms
[2026-02-18 16:23:23.557 DBG] Credits :: Time to save 14.2864ms
[2026-02-18 16:23:23.572 DBG] Quotes :: Time to save 14.3574ms
[2026-02-18 16:23:23.647 DBG] Config :: Time to save 21.2722ms
[2026-02-18 16:23:29.420 DBG] ViewerRepo :: UpdatePresence(twitch, 5), 0.0404ms
[2026-02-18 16:23:29.475 DBG] TwitchService :: Presence Timer :: Artificially updated presence with a threshold of 5 minutes (55.1559ms)
[2026-02-18 16:24:29.421 DBG] ViewerRepo :: UpdatePresence(twitch, 5), 0.0302ms
[2026-02-18 16:24:29.474 DBG] TwitchService :: Presence Timer :: Artificially updated presence with a threshold of 5 minutes (52.867ms)
[2026-02-18 16:25:29.426 DBG] ViewerRepo :: UpdatePresence(twitch, 5), 0.0302ms
[2026-02-18 16:25:29.482 DBG] TwitchService :: Presence Timer :: Artificially updated presence with a threshold of 5 minutes (55.9979ms)
[2026-02-18 16:26:29.431 DBG] ViewerRepo :: UpdatePresence(twitch, 5), 0.0307ms
[2026-02-18 16:26:29.496 DBG] TwitchService :: Presence Timer :: Artificially updated presence with a threshold of 5 minutes (64.671ms)
[2026-02-18 16:27:13.276 DBG] Credits :: Time to save 22.2552ms
[2026-02-18 16:27:29.434 DBG] ViewerRepo :: UpdatePresence(twitch, 5), 0.0318ms
[2026-02-18 16:27:29.492 DBG] TwitchService :: Presence Timer :: Artificially updated presence with a threshold of 5 minutes (59.532ms)
[2026-02-18 16:27:52.994 DBG] ActionDispatcher :: Queueing 'Sub Goal' (361aa588-5f31-4e19-b8a5-099cae52479d, TimedAction) to 'Default' (00000000-0000-0000-0000-000000000000), with 11 arguments
[2026-02-18 16:27:52.994 DBG] ActionQueue :: 'Default' (00000000-0000-0000-0000-000000000000) :: Enqueue action 361aa588-5f31-4e19-b8a5-099cae52479d
[2026-02-18 16:27:52.994 DBG] ActionQueue :: 'Default' (00000000-0000-0000-0000-000000000000) :: Handling queue
[2026-02-18 16:27:52.994 DBG] ActionQueue :: 'Default' (00000000-0000-0000-0000-000000000000) :: Performing non-blocking 'Sub Goal' (361aa588-5f31-4e19-b8a5-099cae52479d, 956d3c8e-3a9f-429c-80e8-3277c7b95efa)
[2026-02-18 16:28:23.654 DBG] AutoSave :: Auto saving settings...
[2026-02-18 16:28:23.677 DBG] Users :: Time to save 24.2682ms
[2026-02-18 16:28:23.702 DBG] Actions :: Time to save 24.6092ms
[2026-02-18 16:28:23.715 DBG] Commands :: Time to save 13.1357ms
[2026-02-18 16:28:23.729 DBG] Twitch Rewards :: Time to save 13.2206ms
[2026-02-18 16:28:23.746 DBG] Midi :: Time to save 17.3214ms
[2026-02-18 16:28:23.758 DBG] OBS Settings :: Time to save 12.4847ms
[2026-02-18 16:28:23.773 DBG] MeldStudio Settings :: Time to save 15.0409ms
[2026-02-18 16:28:23.788 DBG] Credits :: Time to save 14.5266ms
[2026-02-18 16:28:23.805 DBG] Quotes :: Time to save 15.8974ms
[2026-02-18 16:28:23.878 DBG] Config :: Time to save 22.8152ms
[2026-02-18 16:28:29.445 DBG] ViewerRepo :: UpdatePresence(twitch, 5), 0.0296ms
[2026-02-18 16:28:29.505 DBG] TwitchService :: Presence Timer :: Artificially updated presence with a threshold of 5 minutes (60.2399ms)
[2026-02-18 16:29:29.449 DBG] ViewerRepo :: UpdatePresence(twitch, 5), 0.0302ms
[2026-02-18 16:29:29.507 DBG] TwitchService :: Presence Timer :: Artificially updated presence with a threshold of 5 minutes (58.3696ms)
[2026-02-18 16:30:29.451 DBG] ViewerRepo :: UpdatePresence(twitch, 5), 0.0311ms
[2026-02-18 16:30:29.509 DBG] TwitchService :: Presence Timer :: Artificially updated presence with a threshold of 5 minutes (58.0376ms)
[2026-02-18 16:31:29.455 DBG] ViewerRepo :: UpdatePresence(twitch, 5), 0.0287ms
[2026-02-18 16:31:29.518 DBG] TwitchService :: Presence Timer :: Artificially updated presence with a threshold of 5 minutes (63.8849ms)
[2026-02-18 16:32:13.287 DBG] Credits :: Time to save 21.7211ms
[2026-02-18 16:32:29.457 DBG] ViewerRepo :: UpdatePresence(twitch, 5), 0.0307ms
[2026-02-18 16:32:29.508 DBG] TwitchService :: Presence Timer :: Artificially updated presence with a threshold of 5 minutes (52.3245ms)
[2026-02-18 16:33:23.912 DBG] AutoSave :: Auto saving settings...
[2026-02-18 16:33:23.927 DBG] Users :: Time to save 15.4724ms
[2026-02-18 16:33:23.956 DBG] Actions :: Time to save 29.054ms
[2026-02-18 16:33:23.977 DBG] Commands :: Time to save 21.4133ms
[2026-02-18 16:33:24.000 DBG] Twitch Rewards :: Time to save 22.1136ms
[2026-02-18 16:33:24.018 DBG] Midi :: Time to save 18.531ms
[2026-02-18 16:33:24.031 DBG] OBS Settings :: Time to save 13.0673ms
[2026-02-18 16:33:24.047 DBG] MeldStudio Settings :: Time to save 14.991ms
[2026-02-18 16:33:24.063 DBG] Credits :: Time to save 15.879ms
[2026-02-18 16:33:24.075 DBG] Quotes :: Time to save 12.741ms
[2026-02-18 16:33:24.130 DBG] Config :: Time to save 15.425ms
[2026-02-18 16:33:29.466 DBG] ViewerRepo :: UpdatePresence(twitch, 5), 0.0308ms
[2026-02-18 16:33:29.525 DBG] TwitchService :: Presence Timer :: Artificially updated presence with a threshold of 5 minutes (59.0615ms)
[2026-02-18 16:34:29.476 DBG] ViewerRepo :: UpdatePresence(twitch, 5), 0.0293ms
[2026-02-18 16:34:29.535 DBG] TwitchService :: Presence Timer :: Artificially updated presence with a threshold of 5 minutes (59.8011ms)
[2026-02-18 16:35:29.482 DBG] ViewerRepo :: UpdatePresence(twitch, 5), 0.0294ms
[2026-02-18 16:35:29.551 DBG] TwitchService :: Presence Timer :: Artificially updated presence with a threshold of 5 minutes (69.3858ms)
[2026-02-18 16:36:29.495 DBG] ViewerRepo :: UpdatePresence(twitch, 5), 0.0302ms
[2026-02-18 16:36:29.551 DBG] TwitchService :: Presence Timer :: Artificially updated presence with a threshold of 5 minutes (56.6406ms)
[2026-02-18 16:37:13.289 DBG] Credits :: Time to save 22.7621ms
[2026-02-18 16:37:29.508 DBG] ViewerRepo :: UpdatePresence(twitch, 5), 0.0295ms
[2026-02-18 16:37:29.565 DBG] TwitchService :: Presence Timer :: Artificially updated presence with a threshold of 5 minutes (56.4923ms)
[2026-02-18 16:37:53.559 DBG] ActionDispatcher :: Queueing 'Sub Goal' (361aa588-5f31-4e19-b8a5-099cae52479d, TimedAction) to 'Default' (00000000-0000-0000-0000-000000000000), with 11 arguments
[2026-02-18 16:37:53.559 DBG] ActionQueue :: 'Default' (00000000-0000-0000-0000-000000000000) :: Enqueue action 361aa588-5f31-4e19-b8a5-099cae52479d
[2026-02-18 16:37:53.559 DBG] ActionQueue :: 'Default' (00000000-0000-0000-0000-000000000000) :: Handling queue
[2026-02-18 16:37:53.559 DBG] ActionQueue :: 'Default' (00000000-0000-0000-0000-000000000000) :: Performing non-blocking 'Sub Goal' (361aa588-5f31-4e19-b8a5-099cae52479d, b423c4da-3196-466d-92ab-f2de229af342)
[2026-02-18 16:38:24.157 DBG] AutoSave :: Auto saving settings...
[2026-02-18 16:38:24.172 DBG] Users :: Time to save 16.2782ms
[2026-02-18 16:38:24.198 DBG] Actions :: Time to save 25.384ms
[2026-02-18 16:38:24.217 DBG] Commands :: Time to save 18.8868ms
[2026-02-18 16:38:24.241 DBG] Twitch Rewards :: Time to save 23.101ms
[2026-02-18 16:38:24.258 DBG] Midi :: Time to save 17.7915ms
[2026-02-18 16:38:24.272 DBG] OBS Settings :: Time to save 14.3255ms
[2026-02-18 16:38:24.289 DBG] MeldStudio Settings :: Time to save 17.0071ms
[2026-02-18 16:38:24.307 DBG] Credits :: Time to save 17.4401ms
[2026-02-18 16:38:24.329 DBG] Quotes :: Time to save 21.7222ms
[2026-02-18 16:38:24.380 DBG] Config :: Time to save 21.4663ms
[2026-02-18 16:38:29.511 DBG] ViewerRepo :: UpdatePresence(twitch, 5), 0.0312ms
[2026-02-18 16:38:29.565 DBG] TwitchService :: Presence Timer :: Artificially updated presence with a threshold of 5 minutes (53.9021ms)
[2026-02-18 16:39:29.519 DBG] ViewerRepo :: UpdatePresence(twitch, 5), 0.0292ms
[2026-02-18 16:39:29.575 DBG] TwitchService :: Presence Timer :: Artificially updated presence with a threshold of 5 minutes (55.9969ms)
[2026-02-18 16:40:29.526 DBG] ViewerRepo :: UpdatePresence(twitch, 5), 0.0293ms
[2026-02-18 16:40:29.585 DBG] TwitchService :: Presence Timer :: Artificially updated presence with a threshold of 5 minutes (58.8435ms)
[2026-02-18 16:41:29.540 DBG] ViewerRepo :: UpdatePresence(twitch, 5), 0.0299ms
[2026-02-18 16:41:29.592 DBG] TwitchService :: Presence Timer :: Artificially updated presence with a threshold of 5 minutes (52.8647ms)
[2026-02-18 16:42:13.304 DBG] Credits :: Time to save 22.3597ms
[2026-02-18 16:42:29.541 DBG] ViewerRepo :: UpdatePresence(twitch, 5), 0.0427ms
[2026-02-18 16:42:29.600 DBG] TwitchService :: Presence Timer :: Artificially updated presence with a threshold of 5 minutes (58.5066ms)
[2026-02-18 16:43:24.415 DBG] AutoSave :: Auto saving settings...
[2026-02-18 16:43:24.437 DBG] Users :: Time to save 22.1971ms
[2026-02-18 16:43:24.463 DBG] Actions :: Time to save 26.0815ms
[2026-02-18 16:43:24.485 DBG] Commands :: Time to save 21.9455ms
[2026-02-18 16:43:24.506 DBG] Twitch Rewards :: Time to save 20.8561ms
[2026-02-18 16:43:24.525 DBG] Midi :: Time to save 18.3584ms
[2026-02-18 16:43:24.543 DBG] OBS Settings :: Time to save 17.6108ms
[2026-02-18 16:43:24.563 DBG] MeldStudio Settings :: Time to save 19.6513ms
[2026-02-18 16:43:24.579 DBG] Credits :: Time to save 17.3894ms
[2026-02-18 16:43:24.598 DBG] Quotes :: Time to save 18.859ms
[2026-02-18 16:43:24.640 DBG] Config :: Time to save 22.2189ms
[2026-02-18 16:43:29.567 DBG] ViewerRepo :: UpdatePresence(twitch, 5), 0.0284ms
[2026-02-18 16:43:29.624 DBG] TwitchService :: Presence Timer :: Artificially updated presence with a threshold of 5 minutes (57.5169ms)
[2026-02-18 16:44:29.572 DBG] ViewerRepo :: UpdatePresence(twitch, 5), 0.0301ms
[2026-02-18 16:44:29.627 DBG] TwitchService :: Presence Timer :: Artificially updated presence with a threshold of 5 minutes (54.4506ms)
[2026-02-18 16:45:29.598 DBG] ViewerRepo :: UpdatePresence(twitch, 5), 0.0299ms
[2026-02-18 16:45:29.654 DBG] TwitchService :: Presence Timer :: Artificially updated presence with a threshold of 5 minutes (56.7181ms)
[2026-02-18 16:46:29.606 DBG] ViewerRepo :: UpdatePresence(twitch, 5), 0.0301ms
[2026-02-18 16:46:29.658 DBG] TwitchService :: Presence Timer :: Artificially updated presence with a threshold of 5 minutes (52.4739ms)
[2026-02-18 16:47:13.314 DBG] Credits :: Time to save 20.4311ms
[2026-02-18 16:47:29.614 DBG] ViewerRepo :: UpdatePresence(twitch, 5), 0.0299ms
[2026-02-18 16:47:29.672 DBG] TwitchService :: Presence Timer :: Artificially updated presence with a threshold of 5 minutes (59.2298ms)
[2026-02-18 16:47:54.004 DBG] ActionDispatcher :: Queueing 'Sub Goal' (361aa588-5f31-4e19-b8a5-099cae52479d, TimedAction) to 'Default' (00000000-0000-0000-0000-000000000000), with 11 arguments
[2026-02-18 16:47:54.004 DBG] ActionQueue :: 'Default' (00000000-0000-0000-0000-000000000000) :: Enqueue action 361aa588-5f31-4e19-b8a5-099cae52479d
[2026-02-18 16:47:54.004 DBG] ActionQueue :: 'Default' (00000000-0000-0000-0000-000000000000) :: Handling queue
[2026-02-18 16:47:54.004 DBG] ActionQueue :: 'Default' (00000000-0000-0000-0000-000000000000) :: Performing non-blocking 'Sub Goal' (361aa588-5f31-4e19-b8a5-099cae52479d, 0d63d349-8b05-46a1-bd5c-5c528dd40c49)
[2026-02-18 16:48:24.702 DBG] AutoSave :: Auto saving settings...
[2026-02-18 16:48:24.728 DBG] Users :: Time to save 25.7114ms
[2026-02-18 16:48:24.752 DBG] Actions :: Time to save 24.2037ms
[2026-02-18 16:48:24.771 DBG] Commands :: Time to save 18.9881ms
[2026-02-18 16:48:24.784 DBG] Twitch Rewards :: Time to save 12.9465ms
[2026-02-18 16:48:24.794 DBG] Midi :: Time to save 10.4504ms
[2026-02-18 16:48:24.807 DBG] OBS Settings :: Time to save 11.867ms
[2026-02-18 16:48:24.818 DBG] MeldStudio Settings :: Time to save 11.6008ms
[2026-02-18 16:48:24.836 DBG] Credits :: Time to save 17.1736ms
[2026-02-18 16:48:24.851 DBG] Quotes :: Time to save 16.3198ms
[2026-02-18 16:48:24.926 DBG] Config :: Time to save 21.3519ms
[2026-02-18 16:48:29.628 DBG] ViewerRepo :: UpdatePresence(twitch, 5), 0.0306ms
[2026-02-18 16:48:29.684 DBG] TwitchService :: Presence Timer :: Artificially updated presence with a threshold of 5 minutes (56.0181ms)
[2026-02-18 16:49:29.646 DBG] ViewerRepo :: UpdatePresence(twitch, 5), 0.0299ms
[2026-02-18 16:49:29.703 DBG] TwitchService :: Presence Timer :: Artificially updated presence with a threshold of 5 minutes (58.6614ms)
[2026-02-18 16:50:29.661 DBG] ViewerRepo :: UpdatePresence(twitch, 5), 0.0308ms
[2026-02-18 16:50:29.716 DBG] TwitchService :: Presence Timer :: Artificially updated presence with a threshold of 5 minutes (56.6323ms)
[2026-02-18 16:51:29.665 DBG] ViewerRepo :: UpdatePresence(twitch, 5), 0.084ms
[2026-02-18 16:51:29.720 DBG] TwitchService :: Presence Timer :: Artificially updated presence with a threshold of 5 minutes (55.0991ms)
[2026-02-18 16:52:13.316 DBG] Credits :: Time to save 21.2344ms
[2026-02-18 16:52:29.675 DBG] ViewerRepo :: UpdatePresence(twitch, 5), 0.0293ms
[2026-02-18 16:52:29.732 DBG] TwitchService :: Presence Timer :: Artificially updated presence with a threshold of 5 minutes (56.4046ms)
[2026-02-18 16:53:24.936 DBG] AutoSave :: Auto saving settings...
[2026-02-18 16:53:24.961 DBG] Users :: Time to save 24.5461ms
[2026-02-18 16:53:24.986 DBG] Actions :: Time to save 24.5271ms
[2026-02-18 16:53:25.005 DBG] Commands :: Time to save 19.3043ms
[2026-02-18 16:53:25.022 DBG] Twitch Rewards :: Time to save 18.315ms
[2026-02-18 16:53:25.042 DBG] Midi :: Time to save 18.8517ms
[2026-02-18 16:53:25.060 DBG] OBS Settings :: Time to save 18.353ms
[2026-02-18 16:53:25.078 DBG] MeldStudio Settings :: Time to save 17.7107ms
[2026-02-18 16:53:25.096 DBG] Credits :: Time to save 18.5323ms
[2026-02-18 16:53:25.116 DBG] Quotes :: Time to save 19.726ms
[2026-02-18 16:53:25.157 DBG] Config :: Time to save 16.5141ms
[2026-02-18 16:53:29.693 DBG] ViewerRepo :: UpdatePresence(twitch, 5), 0.0292ms
[2026-02-18 16:53:29.744 DBG] TwitchService :: Presence Timer :: Artificially updated presence with a threshold of 5 minutes (52.0694ms)
[2026-02-18 16:54:29.698 DBG] ViewerRepo :: UpdatePresence(twitch, 5), 0.0301ms
[2026-02-18 16:54:29.750 DBG] TwitchService :: Presence Timer :: Artificially updated presence with a threshold of 5 minutes (52.476ms)
[2026-02-18 16:55:29.703 DBG] ViewerRepo :: UpdatePresence(twitch, 5), 0.0327ms
[2026-02-18 16:55:29.764 DBG] TwitchService :: Presence Timer :: Artificially updated presence with a threshold of 5 minutes (60.5608ms)
[2026-02-18 16:56:29.705 DBG] ViewerRepo :: UpdatePresence(twitch, 5), 0.0301ms
[2026-02-18 16:56:29.760 DBG] TwitchService :: Presence Timer :: Artificially updated presence with a threshold of 5 minutes (54.2184ms)
[2026-02-18 16:57:13.332 DBG] Credits :: Time to save 23.7369ms
[2026-02-18 16:57:29.713 DBG] ViewerRepo :: UpdatePresence(twitch, 5), 0.0294ms
[2026-02-18 16:57:29.767 DBG] TwitchService :: Presence Timer :: Artificially updated presence with a threshold of 5 minutes (54.3328ms)
[2026-02-18 16:57:54.400 DBG] ActionDispatcher :: Queueing 'Sub Goal' (361aa588-5f31-4e19-b8a5-099cae52479d, TimedAction) to 'Default' (00000000-0000-0000-0000-000000000000), with 11 arguments
[2026-02-18 16:57:54.400 DBG] ActionQueue :: 'Default' (00000000-0000-0000-0000-000000000000) :: Enqueue action 361aa588-5f31-4e19-b8a5-099cae52479d
[2026-02-18 16:57:54.400 DBG] ActionQueue :: 'Default' (00000000-0000-0000-0000-000000000000) :: Handling queue
[2026-02-18 16:57:54.400 DBG] ActionQueue :: 'Default' (00000000-0000-0000-0000-000000000000) :: Performing non-blocking 'Sub Goal' (361aa588-5f31-4e19-b8a5-099cae52479d, 44627d50-1a23-45cf-8e8b-66d2af4f16f4)
[2026-02-18 16:58:25.188 DBG] AutoSave :: Auto saving settings...
[2026-02-18 16:58:25.210 DBG] Users :: Time to save 22.4954ms
[2026-02-18 16:58:25.237 DBG] Actions :: Time to save 26.936ms
[2026-02-18 16:58:25.256 DBG] Commands :: Time to save 19.4495ms
[2026-02-18 16:58:25.272 DBG] Twitch Rewards :: Time to save 15.8704ms
[2026-02-18 16:58:25.284 DBG] Midi :: Time to save 11.7574ms
[2026-02-18 16:58:25.295 DBG] OBS Settings :: Time to save 11.345ms
[2026-02-18 16:58:25.314 DBG] MeldStudio Settings :: Time to save 18.7909ms
[2026-02-18 16:58:25.328 DBG] Credits :: Time to save 13.9373ms
[2026-02-18 16:58:25.349 DBG] Quotes :: Time to save 20.0502ms
[2026-02-18 16:58:25.412 DBG] Config :: Time to save 21.7031ms
[2026-02-18 16:58:29.714 DBG] ViewerRepo :: UpdatePresence(twitch, 5), 0.0368ms
[2026-02-18 16:58:29.769 DBG] TwitchService :: Presence Timer :: Artificially updated presence with a threshold of 5 minutes (56.3172ms)
[2026-02-18 16:59:29.718 DBG] ViewerRepo :: UpdatePresence(twitch, 5), 0.0553ms
[2026-02-18 16:59:29.773 DBG] TwitchService :: Presence Timer :: Artificially updated presence with a threshold of 5 minutes (56.0866ms)
[2026-02-18 17:00:29.722 DBG] ViewerRepo :: UpdatePresence(twitch, 5), 0.0302ms
[2026-02-18 17:00:29.775 DBG] TwitchService :: Presence Timer :: Artificially updated presence with a threshold of 5 minutes (54.4523ms)
[2026-02-18 17:01:29.724 DBG] ViewerRepo :: UpdatePresence(twitch, 5), 0.0305ms
[2026-02-18 17:01:29.782 DBG] TwitchService :: Presence Timer :: Artificially updated presence with a threshold of 5 minutes (58.6824ms)
[2026-02-18 17:02:13.346 DBG] Credits :: Time to save 23.0346ms
[2026-02-18 17:02:29.739 DBG] ViewerRepo :: UpdatePresence(twitch, 5), 0.0411ms
[2026-02-18 17:02:29.795 DBG] TwitchService :: Presence Timer :: Artificially updated presence with a threshold of 5 minutes (56.5982ms)
[2026-02-18 17:03:25.432 DBG] AutoSave :: Auto saving settings...
[2026-02-18 17:03:25.450 DBG] Users :: Time to save 17.4255ms
[2026-02-18 17:03:25.472 DBG] Actions :: Time to save 22.3355ms
[2026-02-18 17:03:25.491 DBG] Commands :: Time to save 18.9001ms
[2026-02-18 17:03:25.504 DBG] Twitch Rewards :: Time to save 12.962ms
[2026-02-18 17:03:25.518 DBG] Midi :: Time to save 13.9402ms
[2026-02-18 17:03:25.531 DBG] OBS Settings :: Time to save 12.4154ms
[2026-02-18 17:03:25.546 DBG] MeldStudio Settings :: Time to save 16.3799ms
[2026-02-18 17:03:25.558 DBG] Credits :: Time to save 10.6526ms
[2026-02-18 17:03:25.571 DBG] Quotes :: Time to save 12.918ms
[2026-02-18 17:03:25.655 DBG] Config :: Time to save 21.0707ms
[2026-02-18 17:03:29.743 DBG] ViewerRepo :: UpdatePresence(twitch, 5), 0.0382ms
[2026-02-18 17:03:29.804 DBG] TwitchService :: Presence Timer :: Artificially updated presence with a threshold of 5 minutes (60.9462ms)
[2026-02-18 17:04:29.758 DBG] ViewerRepo :: UpdatePresence(twitch, 5), 0.029ms
[2026-02-18 17:04:29.810 DBG] TwitchService :: Presence Timer :: Artificially updated presence with a threshold of 5 minutes (52.5527ms)
[2026-02-18 17:05:29.763 DBG] ViewerRepo :: UpdatePresence(twitch, 5), 0.0304ms
[2026-02-18 17:05:29.822 DBG] TwitchService :: Presence Timer :: Artificially updated presence with a threshold of 5 minutes (58.6219ms)
[2026-02-18 17:06:29.768 DBG] ViewerRepo :: UpdatePresence(twitch, 5), 0.0941ms
[2026-02-18 17:06:29.828 DBG] TwitchService :: Presence Timer :: Artificially updated presence with a threshold of 5 minutes (60.6037ms)
[2026-02-18 17:07:13.368 DBG] Credits :: Time to save 22.752ms
[2026-02-18 17:07:14.882 DBG] StreamElements Socket :: Disconnected
[2026-02-18 17:07:14.885 INF] StreamElements Service :: Disconnected from Client
[2026-02-18 17:07:16.900 DBG] StreamElements Service :: Retrying client connection
[2026-02-18 17:07:16.900 INF] StreamElements Service :: Connecting to Client
[2026-02-18 17:07:16.900 DBG] StreamElements Socket :: Opening connection
[2026-02-18 17:07:17.175 INF] StreamElements Service :: Connected to Client
[2026-02-18 17:07:29.773 DBG] ViewerRepo :: UpdatePresence(twitch, 5), 0.0306ms
[2026-02-18 17:07:29.831 DBG] TwitchService :: Presence Timer :: Artificially updated presence with a threshold of 5 minutes (57.6747ms)
[2026-02-18 17:07:54.892 DBG] ActionDispatcher :: Queueing 'Sub Goal' (361aa588-5f31-4e19-b8a5-099cae52479d, TimedAction) to 'Default' (00000000-0000-0000-0000-000000000000), with 11 arguments
[2026-02-18 17:07:54.892 DBG] ActionQueue :: 'Default' (00000000-0000-0000-0000-000000000000) :: Enqueue action 361aa588-5f31-4e19-b8a5-099cae52479d
[2026-02-18 17:07:54.892 DBG] ActionQueue :: 'Default' (00000000-0000-0000-0000-000000000000) :: Handling queue
[2026-02-18 17:07:54.892 DBG] ActionQueue :: 'Default' (00000000-0000-0000-0000-000000000000) :: Performing non-blocking 'Sub Goal' (361aa588-5f31-4e19-b8a5-099cae52479d, ad124d1d-c815-4866-ad07-5f5a7dbf95ca)
[2026-02-18 17:08:25.651 DBG] AutoSave :: Auto saving settings...
[2026-02-18 17:08:25.674 DBG] Users :: Time to save 23.5638ms
[2026-02-18 17:08:25.694 DBG] Actions :: Time to save 19.7591ms
[2026-02-18 17:08:25.706 DBG] Commands :: Time to save 12.8311ms
[2026-02-18 17:08:25.720 DBG] Twitch Rewards :: Time to save 12.6749ms
[2026-02-18 17:08:25.732 DBG] Midi :: Time to save 12.1848ms
[2026-02-18 17:08:25.743 DBG] OBS Settings :: Time to save 11.0844ms
[2026-02-18 17:08:25.760 DBG] MeldStudio Settings :: Time to save 16.7991ms
[2026-02-18 17:08:25.776 DBG] Credits :: Time to save 16.4566ms
[2026-02-18 17:08:25.790 DBG] Quotes :: Time to save 12.8842ms
[2026-02-18 17:08:25.872 DBG] Config :: Time to save 19.708ms
[2026-02-18 17:08:29.780 DBG] ViewerRepo :: UpdatePresence(twitch, 5), 0.0298ms
[2026-02-18 17:08:29.836 DBG] TwitchService :: Presence Timer :: Artificially updated presence with a threshold of 5 minutes (55.92ms)
[2026-02-18 17:09:29.794 DBG] ViewerRepo :: UpdatePresence(twitch, 5), 0.0317ms
[2026-02-18 17:09:29.857 DBG] TwitchService :: Presence Timer :: Artificially updated presence with a threshold of 5 minutes (63.3632ms)
[2026-02-18 17:10:29.796 DBG] ViewerRepo :: UpdatePresence(twitch, 5), 0.0323ms
[2026-02-18 17:10:30.357 DBG] TwitchService :: Presence Timer :: Artificially updated presence with a threshold of 5 minutes (561.7507ms)
[2026-02-18 17:11:29.800 DBG] ViewerRepo :: UpdatePresence(twitch, 5), 0.0289ms
[2026-02-18 17:11:29.860 DBG] TwitchService :: Presence Timer :: Artificially updated presence with a threshold of 5 minutes (60.3156ms)
[2026-02-18 17:12:13.376 DBG] Credits :: Time to save 25.115ms
[2026-02-18 17:12:29.805 DBG] ViewerRepo :: UpdatePresence(twitch, 5), 0.0405ms
[2026-02-18 17:12:29.861 DBG] TwitchService :: Presence Timer :: Artificially updated presence with a threshold of 5 minutes (55.4675ms)
[2026-02-18 17:13:25.907 DBG] AutoSave :: Auto saving settings...
[2026-02-18 17:13:25.923 DBG] Users :: Time to save 15.3598ms
[2026-02-18 17:13:25.949 DBG] Actions :: Time to save 26.0982ms
[2026-02-18 17:13:25.962 DBG] Commands :: Time to save 13.4681ms
[2026-02-18 17:13:25.978 DBG] Twitch Rewards :: Time to save 15.1541ms
[2026-02-18 17:13:25.989 DBG] Midi :: Time to save 12.1609ms
[2026-02-18 17:13:26.001 DBG] OBS Settings :: Time to save 11.3502ms
[2026-02-18 17:13:26.013 DBG] MeldStudio Settings :: Time to save 11.7514ms
[2026-02-18 17:13:26.029 DBG] Credits :: Time to save 15.235ms
[2026-02-18 17:13:26.045 DBG] Quotes :: Time to save 17.0383ms
[2026-02-18 17:13:26.128 DBG] Config :: Time to save 18.696ms
[2026-02-18 17:13:29.808 DBG] ViewerRepo :: UpdatePresence(twitch, 5), 0.0301ms
[2026-02-18 17:13:29.863 DBG] TwitchService :: Presence Timer :: Artificially updated presence with a threshold of 5 minutes (55.0474ms)
[2026-02-18 17:14:29.815 DBG] ViewerRepo :: UpdatePresence(twitch, 5), 0.0315ms
[2026-02-18 17:14:29.873 DBG] TwitchService :: Presence Timer :: Artificially updated presence with a threshold of 5 minutes (58.2305ms)
[2026-02-18 17:15:29.823 DBG] ViewerRepo :: UpdatePresence(twitch, 5), 0.0285ms
[2026-02-18 17:15:29.876 DBG] TwitchService :: Presence Timer :: Artificially updated presence with a threshold of 5 minutes (53.8289ms)
[2026-02-18 17:16:29.834 DBG] ViewerRepo :: UpdatePresence(twitch, 5), 0.0294ms
[2026-02-18 17:16:29.889 DBG] TwitchService :: Presence Timer :: Artificially updated presence with a threshold of 5 minutes (55.0675ms)
[2026-02-18 17:17:13.381 DBG] Credits :: Time to save 16.3885ms
[2026-02-18 17:17:29.845 DBG] ViewerRepo :: UpdatePresence(twitch, 5), 0.0304ms
[2026-02-18 17:17:29.904 DBG] TwitchService :: Presence Timer :: Artificially updated presence with a threshold of 5 minutes (59.2068ms)
[2026-02-18 17:17:55.338 DBG] ActionDispatcher :: Queueing 'Sub Goal' (361aa588-5f31-4e19-b8a5-099cae52479d, TimedAction) to 'Default' (00000000-0000-0000-0000-000000000000), with 11 arguments
[2026-02-18 17:17:55.338 DBG] ActionQueue :: 'Default' (00000000-0000-0000-0000-000000000000) :: Enqueue action 361aa588-5f31-4e19-b8a5-099cae52479d
[2026-02-18 17:17:55.338 DBG] ActionQueue :: 'Default' (00000000-0000-0000-0000-000000000000) :: Handling queue
[2026-02-18 17:17:55.338 DBG] ActionQueue :: 'Default' (00000000-0000-0000-0000-000000000000) :: Performing non-blocking 'Sub Goal' (361aa588-5f31-4e19-b8a5-099cae52479d, bff3f3e6-6689-42f7-8b09-8e7f917afc7a)
[2026-02-18 17:18:26.123 DBG] AutoSave :: Auto saving settings...
[2026-02-18 17:18:26.149 DBG] Users :: Time to save 26.2664ms
[2026-02-18 17:18:26.176 DBG] Actions :: Time to save 26.526ms
[2026-02-18 17:18:26.197 DBG] Commands :: Time to save 21.3119ms
[2026-02-18 17:18:26.216 DBG] Twitch Rewards :: Time to save 19.2934ms
[2026-02-18 17:18:26.233 DBG] Midi :: Time to save 16.8403ms
[2026-02-18 17:18:26.250 DBG] OBS Settings :: Time to save 16.159ms
[2026-02-18 17:18:26.265 DBG] MeldStudio Settings :: Time to save 16.2039ms
[2026-02-18 17:18:26.284 DBG] Credits :: Time to save 18.3364ms
[2026-02-18 17:18:26.303 DBG] Quotes :: Time to save 19.0796ms
[2026-02-18 17:18:26.346 DBG] Config :: Time to save 21.0306ms
[2026-02-18 17:18:29.853 DBG] ViewerRepo :: UpdatePresence(twitch, 5), 0.0628ms
[2026-02-18 17:18:29.911 DBG] TwitchService :: Presence Timer :: Artificially updated presence with a threshold of 5 minutes (57.3728ms)
[2026-02-18 17:19:29.859 DBG] ViewerRepo :: UpdatePresence(twitch, 5), 0.0292ms
[2026-02-18 17:19:29.918 DBG] TwitchService :: Presence Timer :: Artificially updated presence with a threshold of 5 minutes (57.9646ms)
[2026-02-18 17:20:29.861 DBG] ViewerRepo :: UpdatePresence(twitch, 5), 0.0315ms
[2026-02-18 17:20:29.913 DBG] TwitchService :: Presence Timer :: Artificially updated presence with a threshold of 5 minutes (52.5244ms)
[2026-02-18 17:21:29.874 DBG] ViewerRepo :: UpdatePresence(twitch, 5), 0.0316ms
[2026-02-18 17:21:29.928 DBG] TwitchService :: Presence Timer :: Artificially updated presence with a threshold of 5 minutes (54.3732ms)
[2026-02-18 17:22:13.391 DBG] Credits :: Time to save 23.0174ms
[2026-02-18 17:22:29.878 DBG] ViewerRepo :: UpdatePresence(twitch, 5), 0.0304ms
[2026-02-18 17:22:29.932 DBG] TwitchService :: Presence Timer :: Artificially updated presence with a threshold of 5 minutes (55.0184ms)
[2026-02-18 17:23:26.393 DBG] AutoSave :: Auto saving settings...
[2026-02-18 17:23:26.418 DBG] Users :: Time to save 24.2032ms
[2026-02-18 17:23:26.444 DBG] Actions :: Time to save 26.1627ms
[2026-02-18 17:23:26.463 DBG] Commands :: Time to save 19.1835ms
[2026-02-18 17:23:26.481 DBG] Twitch Rewards :: Time to save 18.8816ms
[2026-02-18 17:23:26.500 DBG] Midi :: Time to save 17.592ms
[2026-02-18 17:23:26.516 DBG] OBS Settings :: Time to save 17.0374ms
[2026-02-18 17:23:26.534 DBG] MeldStudio Settings :: Time to save 17.0743ms
[2026-02-18 17:23:26.550 DBG] Credits :: Time to save 16.5721ms
[2026-02-18 17:23:26.571 DBG] Quotes :: Time to save 21.2451ms
[2026-02-18 17:23:26.621 DBG] Config :: Time to save 23.2336ms
[2026-02-18 17:23:29.894 DBG] ViewerRepo :: UpdatePresence(twitch, 5), 0.0301ms
[2026-02-18 17:23:29.956 DBG] TwitchService :: Presence Timer :: Artificially updated presence with a threshold of 5 minutes (62.5037ms)
[2026-02-18 17:24:29.901 DBG] ViewerRepo :: UpdatePresence(twitch, 5), 0.0301ms
[2026-02-18 17:24:29.963 DBG] TwitchService :: Presence Timer :: Artificially updated presence with a threshold of 5 minutes (62.5398ms)
[2026-02-18 17:25:29.905 DBG] ViewerRepo :: UpdatePresence(twitch, 5), 0.0294ms
[2026-02-18 17:25:29.963 DBG] TwitchService :: Presence Timer :: Artificially updated presence with a threshold of 5 minutes (58.4352ms)
[2026-02-18 17:26:29.918 DBG] ViewerRepo :: UpdatePresence(twitch, 5), 0.1247ms
[2026-02-18 17:26:29.976 DBG] TwitchService :: Presence Timer :: Artificially updated presence with a threshold of 5 minutes (57.9208ms)
[2026-02-18 17:27:13.399 DBG] Credits :: Time to save 18.0287ms
[2026-02-18 17:27:29.921 DBG] ViewerRepo :: UpdatePresence(twitch, 5), 0.0311ms
[2026-02-18 17:27:29.974 DBG] TwitchService :: Presence Timer :: Artificially updated presence with a threshold of 5 minutes (53.138ms)
[2026-02-18 17:27:55.607 DBG] ActionDispatcher :: Queueing 'Sub Goal' (361aa588-5f31-4e19-b8a5-099cae52479d, TimedAction) to 'Default' (00000000-0000-0000-0000-000000000000), with 11 arguments
[2026-02-18 17:27:55.607 DBG] ActionQueue :: 'Default' (00000000-0000-0000-0000-000000000000) :: Enqueue action 361aa588-5f31-4e19-b8a5-099cae52479d
[2026-02-18 17:27:55.607 DBG] ActionQueue :: 'Default' (00000000-0000-0000-0000-000000000000) :: Handling queue
[2026-02-18 17:27:55.607 DBG] ActionQueue :: 'Default' (00000000-0000-0000-0000-000000000000) :: Performing non-blocking 'Sub Goal' (361aa588-5f31-4e19-b8a5-099cae52479d, b1f7f1a9-d9b1-4928-ab17-d811d8d5ee16)
[2026-02-18 17:28:26.693 DBG] AutoSave :: Auto saving settings...
[2026-02-18 17:28:26.717 DBG] Users :: Time to save 24.3043ms
[2026-02-18 17:28:26.744 DBG] Actions :: Time to save 26.9107ms
[2026-02-18 17:28:26.764 DBG] Commands :: Time to save 20.5406ms
[2026-02-18 17:28:26.784 DBG] Twitch Rewards :: Time to save 19.5328ms
[2026-02-18 17:28:26.800 DBG] Midi :: Time to save 15.9892ms
[2026-02-18 17:28:26.818 DBG] OBS Settings :: Time to save 18.3536ms
[2026-02-18 17:28:26.829 DBG] MeldStudio Settings :: Time to save 11.0117ms
[2026-02-18 17:28:26.846 DBG] Credits :: Time to save 16.137ms
[2026-02-18 17:28:26.863 DBG] Quotes :: Time to save 17.4631ms
[2026-02-18 17:28:26.911 DBG] Config :: Time to save 15.3961ms
[2026-02-18 17:28:29.921 DBG] ViewerRepo :: UpdatePresence(twitch, 5), 0.0338ms
[2026-02-18 17:28:29.978 DBG] TwitchService :: Presence Timer :: Artificially updated presence with a threshold of 5 minutes (57.1935ms)
[2026-02-18 17:29:29.923 DBG] ViewerRepo :: UpdatePresence(twitch, 5), 0.0301ms
[2026-02-18 17:29:29.978 DBG] TwitchService :: Presence Timer :: Artificially updated presence with a threshold of 5 minutes (55.5199ms)
[2026-02-18 17:30:29.933 DBG] ViewerRepo :: UpdatePresence(twitch, 5), 0.0312ms
[2026-02-18 17:30:29.992 DBG] TwitchService :: Presence Timer :: Artificially updated presence with a threshold of 5 minutes (59.4453ms)
[2026-02-18 17:31:29.943 DBG] ViewerRepo :: UpdatePresence(twitch, 5), 0.072ms
[2026-02-18 17:31:30.001 DBG] TwitchService :: Presence Timer :: Artificially updated presence with a threshold of 5 minutes (58.7223ms)
[2026-02-18 17:32:13.405 DBG] Credits :: Time to save 21.2753ms
[2026-02-18 17:32:29.956 DBG] ViewerRepo :: UpdatePresence(twitch, 5), 0.0298ms
[2026-02-18 17:32:30.011 DBG] TwitchService :: Presence Timer :: Artificially updated presence with a threshold of 5 minutes (55.9234ms)
[2026-02-18 17:33:26.957 DBG] AutoSave :: Auto saving settings...
[2026-02-18 17:33:26.983 DBG] Users :: Time to save 25.9526ms
[2026-02-18 17:33:27.003 DBG] Actions :: Time to save 20.2317ms
[2026-02-18 17:33:27.023 DBG] Commands :: Time to save 19.923ms
[2026-02-18 17:33:27.043 DBG] Twitch Rewards :: Time to save 19.7109ms
[2026-02-18 17:33:27.060 DBG] Midi :: Time to save 17.5349ms
[2026-02-18 17:33:27.078 DBG] OBS Settings :: Time to save 17.1497ms
[2026-02-18 17:33:27.095 DBG] MeldStudio Settings :: Time to save 17.1729ms
[2026-02-18 17:33:27.112 DBG] Credits :: Time to save 16.8036ms
[2026-02-18 17:33:27.131 DBG] Quotes :: Time to save 19.071ms
[2026-02-18 17:33:27.182 DBG] Config :: Time to save 21.5542ms
[2026-02-18 17:33:29.961 DBG] ViewerRepo :: UpdatePresence(twitch, 5), 0.0297ms
[2026-02-18 17:33:30.018 DBG] TwitchService :: Presence Timer :: Artificially updated presence with a threshold of 5 minutes (57.0676ms)
[2026-02-18 17:34:29.970 DBG] ViewerRepo :: UpdatePresence(twitch, 5), 0.0321ms
[2026-02-18 17:34:30.023 DBG] TwitchService :: Presence Timer :: Artificially updated presence with a threshold of 5 minutes (52.3189ms)
[2026-02-18 17:35:29.985 DBG] ViewerRepo :: UpdatePresence(twitch, 5), 0.0314ms
[2026-02-18 17:35:30.040 DBG] TwitchService :: Presence Timer :: Artificially updated presence with a threshold of 5 minutes (55.6131ms)
[2026-02-18 17:36:29.993 DBG] ViewerRepo :: UpdatePresence(twitch, 5), 0.0294ms
[2026-02-18 17:36:30.050 DBG] TwitchService :: Presence Timer :: Artificially updated presence with a threshold of 5 minutes (57.8567ms)
[2026-02-18 17:37:13.407 DBG] Credits :: Time to save 16.6432ms
[2026-02-18 17:37:29.996 DBG] ViewerRepo :: UpdatePresence(twitch, 5), 0.0383ms
[2026-02-18 17:37:30.058 DBG] TwitchService :: Presence Timer :: Artificially updated presence with a threshold of 5 minutes (62.2501ms)
[2026-02-18 17:37:55.841 DBG] ActionDispatcher :: Queueing 'Sub Goal' (361aa588-5f31-4e19-b8a5-099cae52479d, TimedAction) to 'Default' (00000000-0000-0000-0000-000000000000), with 11 arguments
[2026-02-18 17:37:55.841 DBG] ActionQueue :: 'Default' (00000000-0000-0000-0000-000000000000) :: Enqueue action 361aa588-5f31-4e19-b8a5-099cae52479d
[2026-02-18 17:37:55.841 DBG] ActionQueue :: 'Default' (00000000-0000-0000-0000-000000000000) :: Handling queue
[2026-02-18 17:37:55.841 DBG] ActionQueue :: 'Default' (00000000-0000-0000-0000-000000000000) :: Performing non-blocking 'Sub Goal' (361aa588-5f31-4e19-b8a5-099cae52479d, 0949acd6-5421-4392-8452-c077e03c4fd0)
[2026-02-18 17:38:27.224 DBG] AutoSave :: Auto saving settings...
[2026-02-18 17:38:27.240 DBG] Users :: Time to save 16.9105ms
[2026-02-18 17:38:27.260 DBG] Actions :: Time to save 20.134ms
[2026-02-18 17:38:27.279 DBG] Commands :: Time to save 19.0398ms
[2026-02-18 17:38:27.296 DBG] Twitch Rewards :: Time to save 16.3749ms
[2026-02-18 17:38:27.311 DBG] Midi :: Time to save 14.3515ms
[2026-02-18 17:38:27.324 DBG] OBS Settings :: Time to save 13.5726ms
[2026-02-18 17:38:27.341 DBG] MeldStudio Settings :: Time to save 16.8701ms
[2026-02-18 17:38:27.357 DBG] Credits :: Time to save 16.1821ms
[2026-02-18 17:38:27.374 DBG] Quotes :: Time to save 16.2592ms
[2026-02-18 17:38:27.441 DBG] Config :: Time to save 14.6635ms
[2026-02-18 17:38:30.001 DBG] ViewerRepo :: UpdatePresence(twitch, 5), 0.0296ms
[2026-02-18 17:38:30.059 DBG] TwitchService :: Presence Timer :: Artificially updated presence with a threshold of 5 minutes (57.5404ms)
[2026-02-18 17:39:30.013 DBG] ViewerRepo :: UpdatePresence(twitch, 5), 0.0291ms
[2026-02-18 17:39:30.071 DBG] TwitchService :: Presence Timer :: Artificially updated presence with a threshold of 5 minutes (59.05ms)
[2026-02-18 17:40:30.014 DBG] ViewerRepo :: UpdatePresence(twitch, 5), 0.0297ms
[2026-02-18 17:40:30.071 DBG] TwitchService :: Presence Timer :: Artificially updated presence with a threshold of 5 minutes (57.7376ms)
[2026-02-18 17:41:30.027 DBG] ViewerRepo :: UpdatePresence(twitch, 5), 0.0298ms
[2026-02-18 17:41:30.086 DBG] TwitchService :: Presence Timer :: Artificially updated presence with a threshold of 5 minutes (59.3317ms)
[2026-02-18 17:42:13.418 DBG] Credits :: Time to save 20.6485ms
[2026-02-18 17:42:30.043 DBG] ViewerRepo :: UpdatePresence(twitch, 5), 0.0298ms
[2026-02-18 17:42:30.095 DBG] TwitchService :: Presence Timer :: Artificially updated presence with a threshold of 5 minutes (52.3242ms)
[2026-02-18 17:43:27.441 DBG] AutoSave :: Auto saving settings...
[2026-02-18 17:43:27.465 DBG] Users :: Time to save 24.203ms
[2026-02-18 17:43:27.496 DBG] Actions :: Time to save 30.0247ms
[2026-02-18 17:43:27.514 DBG] Commands :: Time to save 18.7024ms
[2026-02-18 17:43:27.535 DBG] Twitch Rewards :: Time to save 21.0281ms
[2026-02-18 17:43:27.554 DBG] Midi :: Time to save 18.7751ms
[2026-02-18 17:43:27.573 DBG] OBS Settings :: Time to save 19.0813ms
[2026-02-18 17:43:27.593 DBG] MeldStudio Settings :: Time to save 19.2534ms
[2026-02-18 17:43:27.606 DBG] Credits :: Time to save 14.2575ms
[2026-02-18 17:43:27.623 DBG] Quotes :: Time to save 15.8738ms
[2026-02-18 17:43:27.665 DBG] Config :: Time to save 21.6412ms
[2026-02-18 17:43:30.049 DBG] ViewerRepo :: UpdatePresence(twitch, 5), 0.0296ms
[2026-02-18 17:43:30.109 DBG] TwitchService :: Presence Timer :: Artificially updated presence with a threshold of 5 minutes (60.0793ms)
[2026-02-18 17:44:30.063 DBG] ViewerRepo :: UpdatePresence(twitch, 5), 0.0303ms
[2026-02-18 17:44:30.116 DBG] TwitchService :: Presence Timer :: Artificially updated presence with a threshold of 5 minutes (53.9511ms)
[2026-02-18 17:45:30.065 DBG] ViewerRepo :: UpdatePresence(twitch, 5), 0.0301ms
[2026-02-18 17:45:30.127 DBG] TwitchService :: Presence Timer :: Artificially updated presence with a threshold of 5 minutes (63.1592ms)
[2026-02-18 17:46:30.080 DBG] ViewerRepo :: UpdatePresence(twitch, 5), 0.0286ms
[2026-02-18 17:46:30.140 DBG] TwitchService :: Presence Timer :: Artificially updated presence with a threshold of 5 minutes (60.8046ms)
[2026-02-18 17:47:13.444 DBG] Credits :: Time to save 18.5122ms
[2026-02-18 17:47:30.083 DBG] ViewerRepo :: UpdatePresence(twitch, 5), 0.0294ms
[2026-02-18 17:47:30.138 DBG] TwitchService :: Presence Timer :: Artificially updated presence with a threshold of 5 minutes (56.0531ms)
[2026-02-18 17:47:56.197 DBG] ActionDispatcher :: Queueing 'Sub Goal' (361aa588-5f31-4e19-b8a5-099cae52479d, TimedAction) to 'Default' (00000000-0000-0000-0000-000000000000), with 11 arguments
[2026-02-18 17:47:56.197 DBG] ActionQueue :: 'Default' (00000000-0000-0000-0000-000000000000) :: Enqueue action 361aa588-5f31-4e19-b8a5-099cae52479d
[2026-02-18 17:47:56.197 DBG] ActionQueue :: 'Default' (00000000-0000-0000-0000-000000000000) :: Handling queue
[2026-02-18 17:47:56.197 DBG] ActionQueue :: 'Default' (00000000-0000-0000-0000-000000000000) :: Performing non-blocking 'Sub Goal' (361aa588-5f31-4e19-b8a5-099cae52479d, f7a698f3-6562-467e-8566-76eb1a348981)
[2026-02-18 17:48:27.701 DBG] AutoSave :: Auto saving settings...
[2026-02-18 17:48:27.715 DBG] Users :: Time to save 13.9061ms
[2026-02-18 17:48:27.734 DBG] Actions :: Time to save 18.6911ms
[2026-02-18 17:48:27.747 DBG] Commands :: Time to save 12.9072ms
[2026-02-18 17:48:27.766 DBG] Twitch Rewards :: Time to save 20.0581ms
[2026-02-18 17:48:27.786 DBG] Midi :: Time to save 18.4633ms
[2026-02-18 17:48:27.805 DBG] OBS Settings :: Time to save 19.4361ms
[2026-02-18 17:48:27.823 DBG] MeldStudio Settings :: Time to save 17.2958ms
[2026-02-18 17:48:27.839 DBG] Credits :: Time to save 16.5656ms
[2026-02-18 17:48:27.861 DBG] Quotes :: Time to save 21.3932ms
[2026-02-18 17:48:27.925 DBG] Config :: Time to save 21.3398ms
[2026-02-18 17:48:30.091 DBG] ViewerRepo :: UpdatePresence(twitch, 5), 0.0375ms
[2026-02-18 17:48:30.146 DBG] TwitchService :: Presence Timer :: Artificially updated presence with a threshold of 5 minutes (54.6687ms)
[2026-02-18 17:49:30.114 DBG] ViewerRepo :: UpdatePresence(twitch, 5), 0.0313ms
[2026-02-18 17:49:30.170 DBG] TwitchService :: Presence Timer :: Artificially updated presence with a threshold of 5 minutes (56.3686ms)
[2026-02-18 17:50:30.129 DBG] ViewerRepo :: UpdatePresence(twitch, 5), 0.0308ms
[2026-02-18 17:50:30.184 DBG] TwitchService :: Presence Timer :: Artificially updated presence with a threshold of 5 minutes (55.4063ms)
[2026-02-18 17:51:07.238 DBG] StreamElements Socket :: Disconnected
[2026-02-18 17:51:07.238 INF] StreamElements Service :: Disconnected from Client
[2026-02-18 17:51:09.247 DBG] StreamElements Service :: Retrying client connection
[2026-02-18 17:51:09.247 INF] StreamElements Service :: Connecting to Client
[2026-02-18 17:51:09.247 DBG] StreamElements Socket :: Opening connection
[2026-02-18 17:51:09.533 INF] StreamElements Service :: Connected to Client
[2026-02-18 17:51:30.144 DBG] ViewerRepo :: UpdatePresence(twitch, 5), 0.0317ms
[2026-02-18 17:51:30.198 DBG] TwitchService :: Presence Timer :: Artificially updated presence with a threshold of 5 minutes (54.5175ms)
[2026-02-18 17:52:13.452 DBG] Credits :: Time to save 21.601ms
[2026-02-18 17:52:30.155 DBG] ViewerRepo :: UpdatePresence(twitch, 5), 0.0351ms
[2026-02-18 17:52:30.208 DBG] TwitchService :: Presence Timer :: Artificially updated presence with a threshold of 5 minutes (54.3177ms)
[2026-02-18 17:53:27.935 DBG] AutoSave :: Auto saving settings...
[2026-02-18 17:53:27.956 DBG] Users :: Time to save 21.5067ms
[2026-02-18 17:53:27.979 DBG] Actions :: Time to save 22.291ms
[2026-02-18 17:53:27.997 DBG] Commands :: Time to save 18.0022ms
[2026-02-18 17:53:28.011 DBG] Twitch Rewards :: Time to save 13.2852ms
[2026-02-18 17:53:28.022 DBG] Midi :: Time to save 11.6099ms
[2026-02-18 17:53:28.036 DBG] OBS Settings :: Time to save 13.2904ms
[2026-02-18 17:53:28.053 DBG] MeldStudio Settings :: Time to save 16.6294ms
[2026-02-18 17:53:28.064 DBG] Credits :: Time to save 11.2914ms
[2026-02-18 17:53:28.075 DBG] Quotes :: Time to save 12.607ms
[2026-02-18 17:53:28.159 DBG] Config :: Time to save 22.5339ms
[2026-02-18 17:53:30.167 DBG] ViewerRepo :: UpdatePresence(twitch, 5), 0.0311ms
[2026-02-18 17:53:30.246 DBG] TwitchService :: Presence Timer :: Artificially updated presence with a threshold of 5 minutes (79.4385ms)
[2026-02-18 17:54:30.171 DBG] ViewerRepo :: UpdatePresence(twitch, 5), 0.0314ms
[2026-02-18 17:54:30.224 DBG] TwitchService :: Presence Timer :: Artificially updated presence with a threshold of 5 minutes (53.881ms)
[2026-02-18 17:55:30.185 DBG] ViewerRepo :: UpdatePresence(twitch, 5), 0.0311ms
[2026-02-18 17:55:30.240 DBG] TwitchService :: Presence Timer :: Artificially updated presence with a threshold of 5 minutes (55.6358ms)
[2026-02-18 17:56:30.192 DBG] ViewerRepo :: UpdatePresence(twitch, 5), 0.0321ms
[2026-02-18 17:56:30.250 DBG] TwitchService :: Presence Timer :: Artificially updated presence with a threshold of 5 minutes (57.8226ms)
[2026-02-18 17:57:13.461 DBG] Credits :: Time to save 19.812ms
[2026-02-18 17:57:30.207 DBG] ViewerRepo :: UpdatePresence(twitch, 5), 0.0288ms
[2026-02-18 17:57:30.263 DBG] TwitchService :: Presence Timer :: Artificially updated presence with a threshold of 5 minutes (56.4803ms)
[2026-02-18 17:57:56.693 DBG] ActionDispatcher :: Queueing 'Sub Goal' (361aa588-5f31-4e19-b8a5-099cae52479d, TimedAction) to 'Default' (00000000-0000-0000-0000-000000000000), with 11 arguments
[2026-02-18 17:57:56.693 DBG] ActionQueue :: 'Default' (00000000-0000-0000-0000-000000000000) :: Enqueue action 361aa588-5f31-4e19-b8a5-099cae52479d
[2026-02-18 17:57:56.693 DBG] ActionQueue :: 'Default' (00000000-0000-0000-0000-000000000000) :: Handling queue
[2026-02-18 17:57:56.693 DBG] ActionQueue :: 'Default' (00000000-0000-0000-0000-000000000000) :: Performing non-blocking 'Sub Goal' (361aa588-5f31-4e19-b8a5-099cae52479d, 78a48d93-a217-4e74-9b00-bc47d99cbd41)
[2026-02-18 17:58:28.158 DBG] AutoSave :: Auto saving settings...
[2026-02-18 17:58:28.172 DBG] Users :: Time to save 15.1434ms
[2026-02-18 17:58:28.191 DBG] Actions :: Time to save 18.4241ms
[2026-02-18 17:58:28.204 DBG] Commands :: Time to save 12.3321ms
[2026-02-18 17:58:28.224 DBG] Twitch Rewards :: Time to save 20.0691ms
[2026-02-18 17:58:28.241 DBG] Midi :: Time to save 17.8211ms
[2026-02-18 17:58:28.259 DBG] OBS Settings :: Time to save 16.9142ms
[2026-02-18 17:58:28.276 DBG] MeldStudio Settings :: Time to save 16.9275ms
[2026-02-18 17:58:28.288 DBG] Credits :: Time to save 12.6803ms
[2026-02-18 17:58:28.308 DBG] Quotes :: Time to save 19.4414ms
[2026-02-18 17:58:28.380 DBG] Config :: Time to save 20.3379ms
[2026-02-18 17:58:30.214 DBG] ViewerRepo :: UpdatePresence(twitch, 5), 0.0294ms
[2026-02-18 17:58:30.276 DBG] TwitchService :: Presence Timer :: Artificially updated presence with a threshold of 5 minutes (61.7099ms)
[2026-02-18 17:59:30.229 DBG] ViewerRepo :: UpdatePresence(twitch, 5), 0.0329ms
[2026-02-18 17:59:30.285 DBG] TwitchService :: Presence Timer :: Artificially updated presence with a threshold of 5 minutes (57.2111ms)
[2026-02-18 18:00:30.230 DBG] ViewerRepo :: UpdatePresence(twitch, 5), 0.0318ms
[2026-02-18 18:00:30.288 DBG] TwitchService :: Presence Timer :: Artificially updated presence with a threshold of 5 minutes (58.623ms)
[2026-02-18 18:01:30.231 DBG] ViewerRepo :: UpdatePresence(twitch, 5), 0.0303ms
[2026-02-18 18:01:30.288 DBG] TwitchService :: Presence Timer :: Artificially updated presence with a threshold of 5 minutes (57.6267ms)
[2026-02-18 18:02:13.468 DBG] Credits :: Time to save 13.2393ms
[2026-02-18 18:02:30.234 DBG] ViewerRepo :: UpdatePresence(twitch, 5), 0.0304ms
[2026-02-18 18:02:30.291 DBG] TwitchService :: Presence Timer :: Artificially updated presence with a threshold of 5 minutes (56.8972ms)
[2026-02-18 18:03:28.397 DBG] AutoSave :: Auto saving settings...
[2026-02-18 18:03:28.419 DBG] Users :: Time to save 22.2086ms
[2026-02-18 18:03:28.443 DBG] Actions :: Time to save 23.4908ms
[2026-02-18 18:03:28.461 DBG] Commands :: Time to save 18.7716ms
[2026-02-18 18:03:28.474 DBG] Twitch Rewards :: Time to save 12.1416ms
[2026-02-18 18:03:28.489 DBG] Midi :: Time to save 15.7561ms
[2026-02-18 18:03:28.504 DBG] OBS Settings :: Time to save 15.4487ms
[2026-02-18 18:03:28.521 DBG] MeldStudio Settings :: Time to save 15.8825ms
[2026-02-18 18:03:28.535 DBG] Credits :: Time to save 15.5247ms
[2026-02-18 18:03:28.557 DBG] Quotes :: Time to save 20.9221ms
[2026-02-18 18:03:28.621 DBG] Config :: Time to save 20.8375ms
[2026-02-18 18:03:30.235 DBG] ViewerRepo :: UpdatePresence(twitch, 5), 0.0335ms
[2026-02-18 18:03:30.293 DBG] TwitchService :: Presence Timer :: Artificially updated presence with a threshold of 5 minutes (58.6595ms)
[2026-02-18 18:04:30.254 DBG] ViewerRepo :: UpdatePresence(twitch, 5), 0.0544ms
[2026-02-18 18:04:30.328 DBG] TwitchService :: Presence Timer :: Artificially updated presence with a threshold of 5 minutes (73.533ms)
[2026-02-18 18:05:30.269 DBG] ViewerRepo :: UpdatePresence(twitch, 5), 0.0326ms
[2026-02-18 18:05:30.321 DBG] TwitchService :: Presence Timer :: Artificially updated presence with a threshold of 5 minutes (52.3598ms)
[2026-02-18 18:06:30.281 DBG] ViewerRepo :: UpdatePresence(twitch, 5), 0.0313ms
[2026-02-18 18:06:30.335 DBG] TwitchService :: Presence Timer :: Artificially updated presence with a threshold of 5 minutes (54.6099ms)
[2026-02-18 18:07:13.483 DBG] Credits :: Time to save 19.9533ms
[2026-02-18 18:07:30.294 DBG] ViewerRepo :: UpdatePresence(twitch, 5), 0.0304ms
[2026-02-18 18:07:30.350 DBG] TwitchService :: Presence Timer :: Artificially updated presence with a threshold of 5 minutes (55.4874ms)
[2026-02-18 18:07:57.110 DBG] ActionDispatcher :: Queueing 'Sub Goal' (361aa588-5f31-4e19-b8a5-099cae52479d, TimedAction) to 'Default' (00000000-0000-0000-0000-000000000000), with 11 arguments
[2026-02-18 18:07:57.110 DBG] ActionQueue :: 'Default' (00000000-0000-0000-0000-000000000000) :: Enqueue action 361aa588-5f31-4e19-b8a5-099cae52479d
[2026-02-18 18:07:57.110 DBG] ActionQueue :: 'Default' (00000000-0000-0000-0000-000000000000) :: Handling queue
[2026-02-18 18:07:57.110 DBG] ActionQueue :: 'Default' (00000000-0000-0000-0000-000000000000) :: Performing non-blocking 'Sub Goal' (361aa588-5f31-4e19-b8a5-099cae52479d, 6909b679-cf19-45c7-baec-3f613e2f1ece)
[2026-02-18 18:08:28.646 DBG] AutoSave :: Auto saving settings...
[2026-02-18 18:08:28.669 DBG] Users :: Time to save 23.3112ms
[2026-02-18 18:08:28.694 DBG] Actions :: Time to save 25.4647ms
[2026-02-18 18:08:28.708 DBG] Commands :: Time to save 13.8758ms
[2026-02-18 18:08:28.728 DBG] Twitch Rewards :: Time to save 19.7939ms
[2026-02-18 18:08:28.744 DBG] Midi :: Time to save 16.9375ms
[2026-02-18 18:08:28.758 DBG] OBS Settings :: Time to save 13.0333ms
[2026-02-18 18:08:28.777 DBG] MeldStudio Settings :: Time to save 19.1851ms
[2026-02-18 18:08:28.790 DBG] Credits :: Time to save 12.1966ms
[2026-02-18 18:08:28.810 DBG] Quotes :: Time to save 20.0947ms
[2026-02-18 18:08:28.870 DBG] Config :: Time to save 21.6602ms
[2026-02-18 18:08:30.297 DBG] ViewerRepo :: UpdatePresence(twitch, 5), 0.0301ms
[2026-02-18 18:08:30.350 DBG] TwitchService :: Presence Timer :: Artificially updated presence with a threshold of 5 minutes (53.8013ms)
[2026-02-18 18:09:30.311 DBG] ViewerRepo :: UpdatePresence(twitch, 5), 0.029ms
[2026-02-18 18:09:30.365 DBG] TwitchService :: Presence Timer :: Artificially updated presence with a threshold of 5 minutes (55.7122ms)
[2026-02-18 18:10:30.320 DBG] ViewerRepo :: UpdatePresence(twitch, 5), 0.0303ms
[2026-02-18 18:10:30.869 DBG] TwitchService :: Presence Timer :: Artificially updated presence with a threshold of 5 minutes (549.2823ms)
[2026-02-18 18:11:30.329 DBG] ViewerRepo :: UpdatePresence(twitch, 5), 0.0333ms
[2026-02-18 18:11:30.383 DBG] TwitchService :: Presence Timer :: Artificially updated presence with a threshold of 5 minutes (54.8153ms)
[2026-02-18 18:12:13.499 DBG] Credits :: Time to save 20.7757ms
[2026-02-18 18:12:30.336 DBG] ViewerRepo :: UpdatePresence(twitch, 5), 0.0313ms
[2026-02-18 18:12:30.390 DBG] TwitchService :: Presence Timer :: Artificially updated presence with a threshold of 5 minutes (53.3067ms)
[2026-02-18 18:13:28.877 DBG] AutoSave :: Auto saving settings...
[2026-02-18 18:13:28.898 DBG] Users :: Time to save 21.7465ms
[2026-02-18 18:13:28.921 DBG] Actions :: Time to save 23.5658ms
[2026-02-18 18:13:28.940 DBG] Commands :: Time to save 18.7625ms
[2026-02-18 18:13:28.953 DBG] Twitch Rewards :: Time to save 12.7773ms
[2026-02-18 18:13:28.971 DBG] Midi :: Time to save 16.8796ms
[2026-02-18 18:13:28.987 DBG] OBS Settings :: Time to save 16.5405ms
[2026-02-18 18:13:29.003 DBG] MeldStudio Settings :: Time to save 16.6397ms
[2026-02-18 18:13:29.020 DBG] Credits :: Time to save 16.1735ms
[2026-02-18 18:13:29.038 DBG] Quotes :: Time to save 18.306ms
[2026-02-18 18:13:29.101 DBG] Config :: Time to save 20.8535ms
[2026-02-18 18:13:30.343 DBG] ViewerRepo :: UpdatePresence(twitch, 5), 0.0288ms
[2026-02-18 18:13:30.398 DBG] TwitchService :: Presence Timer :: Artificially updated presence with a threshold of 5 minutes (55.0521ms)
[2026-02-18 18:14:30.357 DBG] ViewerRepo :: UpdatePresence(twitch, 5), 0.0299ms
[2026-02-18 18:14:30.413 DBG] TwitchService :: Presence Timer :: Artificially updated presence with a threshold of 5 minutes (56.9979ms)
[2026-02-18 18:15:30.371 DBG] ViewerRepo :: UpdatePresence(twitch, 5), 0.0304ms
[2026-02-18 18:15:30.443 DBG] TwitchService :: Presence Timer :: Artificially updated presence with a threshold of 5 minutes (73.1203ms)
[2026-02-18 18:16:30.383 DBG] ViewerRepo :: UpdatePresence(twitch, 5), 0.0332ms
[2026-02-18 18:16:30.442 DBG] TwitchService :: Presence Timer :: Artificially updated presence with a threshold of 5 minutes (58.6071ms)
[2026-02-18 18:17:13.518 DBG] Credits :: Time to save 13.4222ms
[2026-02-18 18:17:30.384 DBG] ViewerRepo :: UpdatePresence(twitch, 5), 0.0328ms
[2026-02-18 18:17:30.443 DBG] TwitchService :: Presence Timer :: Artificially updated presence with a threshold of 5 minutes (58.6571ms)
[2026-02-18 18:17:57.427 DBG] ActionDispatcher :: Queueing 'Sub Goal' (361aa588-5f31-4e19-b8a5-099cae52479d, TimedAction) to 'Default' (00000000-0000-0000-0000-000000000000), with 11 arguments
[2026-02-18 18:17:57.427 DBG] ActionQueue :: 'Default' (00000000-0000-0000-0000-000000000000) :: Enqueue action 361aa588-5f31-4e19-b8a5-099cae52479d
[2026-02-18 18:17:57.427 DBG] ActionQueue :: 'Default' (00000000-0000-0000-0000-000000000000) :: Handling queue
[2026-02-18 18:17:57.427 DBG] ActionQueue :: 'Default' (00000000-0000-0000-0000-000000000000) :: Performing non-blocking 'Sub Goal' (361aa588-5f31-4e19-b8a5-099cae52479d, 19711a31-6048-4ef7-af5e-af0fe4b875a7)
[2026-02-18 18:18:29.129 DBG] AutoSave :: Auto saving settings...
[2026-02-18 18:18:29.143 DBG] Users :: Time to save 15.2882ms
[2026-02-18 18:18:29.164 DBG] Actions :: Time to save 20.5339ms
[2026-02-18 18:18:29.177 DBG] Commands :: Time to save 13.26ms
[2026-02-18 18:18:29.190 DBG] Twitch Rewards :: Time to save 13.1305ms
[2026-02-18 18:18:29.208 DBG] Midi :: Time to save 17.0277ms
[2026-02-18 18:18:29.225 DBG] OBS Settings :: Time to save 17.1627ms
[2026-02-18 18:18:29.237 DBG] MeldStudio Settings :: Time to save 10.9414ms
[2026-02-18 18:18:29.253 DBG] Credits :: Time to save 17.2549ms
[2026-02-18 18:18:29.267 DBG] Quotes :: Time to save 12.9241ms
[2026-02-18 18:18:29.352 DBG] Config :: Time to save 20.5768ms
[2026-02-18 18:18:30.393 DBG] ViewerRepo :: UpdatePresence(twitch, 5), 0.0302ms
[2026-02-18 18:18:30.448 DBG] TwitchService :: Presence Timer :: Artificially updated presence with a threshold of 5 minutes (54.6963ms)
[2026-02-18 18:19:30.403 DBG] ViewerRepo :: UpdatePresence(twitch, 5), 0.0308ms
[2026-02-18 18:19:30.463 DBG] TwitchService :: Presence Timer :: Artificially updated presence with a threshold of 5 minutes (59.8539ms)
[2026-02-18 18:20:30.413 DBG] ViewerRepo :: UpdatePresence(twitch, 5), 0.0294ms
[2026-02-18 18:20:30.471 DBG] TwitchService :: Presence Timer :: Artificially updated presence with a threshold of 5 minutes (57.6338ms)
[2026-02-18 18:21:30.414 DBG] ViewerRepo :: UpdatePresence(twitch, 5), 0.03ms
[2026-02-18 18:21:30.471 DBG] TwitchService :: Presence Timer :: Artificially updated presence with a threshold of 5 minutes (56.1867ms)
[2026-02-18 18:22:13.527 DBG] Credits :: Time to save 18.3458ms
[2026-02-18 18:22:30.420 DBG] ViewerRepo :: UpdatePresence(twitch, 5), 0.032ms
[2026-02-18 18:22:30.478 DBG] TwitchService :: Presence Timer :: Artificially updated presence with a threshold of 5 minutes (58.1403ms)
[2026-02-18 18:23:29.368 DBG] AutoSave :: Auto saving settings...
[2026-02-18 18:23:29.390 DBG] Users :: Time to save 22.7179ms
[2026-02-18 18:23:29.417 DBG] Actions :: Time to save 26.1483ms
[2026-02-18 18:23:29.437 DBG] Commands :: Time to save 19.485ms
[2026-02-18 18:23:29.457 DBG] Twitch Rewards :: Time to save 19.6839ms
[2026-02-18 18:23:29.474 DBG] Midi :: Time to save 18.0894ms
[2026-02-18 18:23:29.492 DBG] OBS Settings :: Time to save 18.1062ms
[2026-02-18 18:23:29.510 DBG] MeldStudio Settings :: Time to save 16.5898ms
[2026-02-18 18:23:29.527 DBG] Credits :: Time to save 17.9756ms
[2026-02-18 18:23:29.547 DBG] Quotes :: Time to save 19.4134ms
[2026-02-18 18:23:29.591 DBG] Config :: Time to save 22.0681ms
[2026-02-18 18:23:30.442 DBG] ViewerRepo :: UpdatePresence(twitch, 5), 0.034ms
[2026-02-18 18:23:30.499 DBG] TwitchService :: Presence Timer :: Artificially updated presence with a threshold of 5 minutes (57.0836ms)
[2026-02-18 18:24:30.452 DBG] ViewerRepo :: UpdatePresence(twitch, 5), 0.0307ms
[2026-02-18 18:24:30.508 DBG] TwitchService :: Presence Timer :: Artificially updated presence with a threshold of 5 minutes (56.347ms)
[2026-02-18 18:25:30.466 DBG] ViewerRepo :: UpdatePresence(twitch, 5), 0.0332ms
[2026-02-18 18:25:30.524 DBG] TwitchService :: Presence Timer :: Artificially updated presence with a threshold of 5 minutes (57.2212ms)
[2026-02-18 18:26:30.475 DBG] ViewerRepo :: UpdatePresence(twitch, 5), 0.0303ms
[2026-02-18 18:26:30.531 DBG] TwitchService :: Presence Timer :: Artificially updated presence with a threshold of 5 minutes (55.9389ms)
[2026-02-18 18:27:13.535 DBG] Credits :: Time to save 12.7791ms
[2026-02-18 18:27:30.484 DBG] ViewerRepo :: UpdatePresence(twitch, 5), 0.0416ms
[2026-02-18 18:27:30.541 DBG] TwitchService :: Presence Timer :: Artificially updated presence with a threshold of 5 minutes (56.9481ms)
[2026-02-18 18:27:57.932 DBG] ActionDispatcher :: Queueing 'Sub Goal' (361aa588-5f31-4e19-b8a5-099cae52479d, TimedAction) to 'Default' (00000000-0000-0000-0000-000000000000), with 11 arguments
[2026-02-18 18:27:57.932 DBG] ActionQueue :: 'Default' (00000000-0000-0000-0000-000000000000) :: Enqueue action 361aa588-5f31-4e19-b8a5-099cae52479d
[2026-02-18 18:27:57.932 DBG] ActionQueue :: 'Default' (00000000-0000-0000-0000-000000000000) :: Handling queue
[2026-02-18 18:27:57.932 DBG] ActionQueue :: 'Default' (00000000-0000-0000-0000-000000000000) :: Performing non-blocking 'Sub Goal' (361aa588-5f31-4e19-b8a5-099cae52479d, 52b93424-e2b9-4453-8110-b6629122b120)
[2026-02-18 18:28:29.646 DBG] AutoSave :: Auto saving settings...
[2026-02-18 18:28:29.669 DBG] Users :: Time to save 23.4459ms
[2026-02-18 18:28:29.697 DBG] Actions :: Time to save 26.6242ms
[2026-02-18 18:28:29.715 DBG] Commands :: Time to save 18.8806ms
[2026-02-18 18:28:29.729 DBG] Twitch Rewards :: Time to save 14.1992ms
[2026-02-18 18:28:29.745 DBG] Midi :: Time to save 16.4511ms
[2026-02-18 18:28:29.759 DBG] OBS Settings :: Time to save 12.1721ms
[2026-02-18 18:28:29.769 DBG] MeldStudio Settings :: Time to save 10.7479ms
[2026-02-18 18:28:29.784 DBG] Credits :: Time to save 15.3727ms
[2026-02-18 18:28:29.803 DBG] Quotes :: Time to save 18.4993ms
[2026-02-18 18:28:29.888 DBG] Config :: Time to save 23.7871ms
[2026-02-18 18:28:30.487 DBG] ViewerRepo :: UpdatePresence(twitch, 5), 0.0301ms
[2026-02-18 18:28:30.544 DBG] TwitchService :: Presence Timer :: Artificially updated presence with a threshold of 5 minutes (56.8782ms)
[2026-02-18 18:29:30.495 DBG] ViewerRepo :: UpdatePresence(twitch, 5), 0.0301ms
[2026-02-18 18:29:30.553 DBG] TwitchService :: Presence Timer :: Artificially updated presence with a threshold of 5 minutes (58.4007ms)
[2026-02-18 18:30:30.506 DBG] ViewerRepo :: UpdatePresence(twitch, 5), 0.0309ms
[2026-02-18 18:30:30.561 DBG] TwitchService :: Presence Timer :: Artificially updated presence with a threshold of 5 minutes (54.5541ms)
[2026-02-18 18:31:30.517 DBG] ViewerRepo :: UpdatePresence(twitch, 5), 0.0337ms
[2026-02-18 18:31:30.576 DBG] TwitchService :: Presence Timer :: Artificially updated presence with a threshold of 5 minutes (58.8573ms)
[2026-02-18 18:32:13.555 DBG] Credits :: Time to save 19.9058ms
[2026-02-18 18:32:30.525 DBG] ViewerRepo :: UpdatePresence(twitch, 5), 0.0324ms
[2026-02-18 18:32:30.581 DBG] TwitchService :: Presence Timer :: Artificially updated presence with a threshold of 5 minutes (56.5421ms)
[2026-02-18 18:33:29.872 DBG] AutoSave :: Auto saving settings...
[2026-02-18 18:33:29.894 DBG] Users :: Time to save 22.4046ms
[2026-02-18 18:33:29.913 DBG] Actions :: Time to save 19.0068ms
[2026-02-18 18:33:29.932 DBG] Commands :: Time to save 18.9382ms
[2026-02-18 18:33:29.951 DBG] Twitch Rewards :: Time to save 18.2579ms
[2026-02-18 18:33:29.968 DBG] Midi :: Time to save 16.8725ms
[2026-02-18 18:33:29.979 DBG] OBS Settings :: Time to save 11.344ms
[2026-02-18 18:33:29.995 DBG] MeldStudio Settings :: Time to save 15.998ms
[2026-02-18 18:33:30.010 DBG] Credits :: Time to save 15.8013ms
[2026-02-18 18:33:30.025 DBG] Quotes :: Time to save 13.7187ms
[2026-02-18 18:33:30.095 DBG] Config :: Time to save 21.5982ms
[2026-02-18 18:33:30.527 DBG] ViewerRepo :: UpdatePresence(twitch, 5), 0.029ms
[2026-02-18 18:33:30.584 DBG] TwitchService :: Presence Timer :: Artificially updated presence with a threshold of 5 minutes (56.5321ms)
[2026-02-18 18:34:30.538 DBG] ViewerRepo :: UpdatePresence(twitch, 5), 0.0294ms
[2026-02-18 18:34:30.595 DBG] TwitchService :: Presence Timer :: Artificially updated presence with a threshold of 5 minutes (56.753ms)
[2026-02-18 18:35:30.545 DBG] ViewerRepo :: UpdatePresence(twitch, 5), 0.0304ms
[2026-02-18 18:35:30.600 DBG] TwitchService :: Presence Timer :: Artificially updated presence with a threshold of 5 minutes (55.7213ms)
[2026-02-18 18:36:30.557 DBG] ViewerRepo :: UpdatePresence(twitch, 5), 0.0291ms
[2026-02-18 18:36:30.615 DBG] TwitchService :: Presence Timer :: Artificially updated presence with a threshold of 5 minutes (58.6498ms)
[2026-02-18 18:37:13.569 DBG] Credits :: Time to save 22.2773ms
[2026-02-18 18:37:30.565 DBG] ViewerRepo :: UpdatePresence(twitch, 5), 0.0296ms
[2026-02-18 18:37:30.619 DBG] TwitchService :: Presence Timer :: Artificially updated presence with a threshold of 5 minutes (53.6619ms)
[2026-02-18 18:37:58.222 DBG] ActionDispatcher :: Queueing 'Sub Goal' (361aa588-5f31-4e19-b8a5-099cae52479d, TimedAction) to 'Default' (00000000-0000-0000-0000-000000000000), with 11 arguments
[2026-02-18 18:37:58.222 DBG] ActionQueue :: 'Default' (00000000-0000-0000-0000-000000000000) :: Enqueue action 361aa588-5f31-4e19-b8a5-099cae52479d
[2026-02-18 18:37:58.222 DBG] ActionQueue :: 'Default' (00000000-0000-0000-0000-000000000000) :: Handling queue
[2026-02-18 18:37:58.222 DBG] ActionQueue :: 'Default' (00000000-0000-0000-0000-000000000000) :: Performing non-blocking 'Sub Goal' (361aa588-5f31-4e19-b8a5-099cae52479d, a67f0c01-6d9c-47cf-8124-7e63bf0dacd0)
[2026-02-18 18:38:30.115 DBG] AutoSave :: Auto saving settings...
[2026-02-18 18:38:30.136 DBG] Users :: Time to save 20.932ms
[2026-02-18 18:38:30.160 DBG] Actions :: Time to save 24.9372ms
[2026-02-18 18:38:30.179 DBG] Commands :: Time to save 18.9932ms
[2026-02-18 18:38:30.197 DBG] Twitch Rewards :: Time to save 17.4129ms
[2026-02-18 18:38:30.214 DBG] Midi :: Time to save 16.3787ms
[2026-02-18 18:38:30.230 DBG] OBS Settings :: Time to save 16.411ms
[2026-02-18 18:38:30.247 DBG] MeldStudio Settings :: Time to save 17.0758ms
[2026-02-18 18:38:30.264 DBG] Credits :: Time to save 16.1209ms
[2026-02-18 18:38:30.282 DBG] Quotes :: Time to save 18.5087ms
[2026-02-18 18:38:30.353 DBG] Config :: Time to save 21.2684ms
[2026-02-18 18:38:30.567 DBG] ViewerRepo :: UpdatePresence(twitch, 5), 0.0311ms
[2026-02-18 18:38:30.624 DBG] TwitchService :: Presence Timer :: Artificially updated presence with a threshold of 5 minutes (56.3428ms)
[2026-02-18 18:39:30.575 DBG] ViewerRepo :: UpdatePresence(twitch, 5), 0.0318ms
[2026-02-18 18:39:30.633 DBG] TwitchService :: Presence Timer :: Artificially updated presence with a threshold of 5 minutes (58.262ms)
[2026-02-18 18:40:30.584 DBG] ViewerRepo :: UpdatePresence(twitch, 5), 0.0312ms
[2026-02-18 18:40:30.638 DBG] TwitchService :: Presence Timer :: Artificially updated presence with a threshold of 5 minutes (54.7282ms)
[2026-02-18 18:41:30.595 DBG] ViewerRepo :: UpdatePresence(twitch, 5), 0.0305ms
[2026-02-18 18:41:30.659 DBG] TwitchService :: Presence Timer :: Artificially updated presence with a threshold of 5 minutes (64.2387ms)
[2026-02-18 18:42:13.575 DBG] Credits :: Time to save 21.4196ms
[2026-02-18 18:42:30.607 DBG] ViewerRepo :: UpdatePresence(twitch, 5), 0.0444ms
[2026-02-18 18:42:30.664 DBG] TwitchService :: Presence Timer :: Artificially updated presence with a threshold of 5 minutes (56.3963ms)
[2026-02-18 18:43:30.396 DBG] AutoSave :: Auto saving settings...
[2026-02-18 18:43:30.420 DBG] Users :: Time to save 23.819ms
[2026-02-18 18:43:30.447 DBG] Actions :: Time to save 27.5747ms
[2026-02-18 18:43:30.466 DBG] Commands :: Time to save 18.546ms
[2026-02-18 18:43:30.487 DBG] Twitch Rewards :: Time to save 20.1051ms
[2026-02-18 18:43:30.504 DBG] Midi :: Time to save 17.5701ms
[2026-02-18 18:43:30.520 DBG] OBS Settings :: Time to save 16.0737ms
[2026-02-18 18:43:30.537 DBG] MeldStudio Settings :: Time to save 17.3805ms
[2026-02-18 18:43:30.554 DBG] Credits :: Time to save 16.4568ms
[2026-02-18 18:43:30.575 DBG] Quotes :: Time to save 21.1727ms
[2026-02-18 18:43:30.615 DBG] ViewerRepo :: UpdatePresence(twitch, 5), 0.0339ms
[2026-02-18 18:43:30.622 DBG] Config :: Time to save 23.0053ms
[2026-02-18 18:43:30.673 DBG] TwitchService :: Presence Timer :: Artificially updated presence with a threshold of 5 minutes (58.5132ms)
[2026-02-18 18:44:30.615 DBG] ViewerRepo :: UpdatePresence(twitch, 5), 0.0308ms
[2026-02-18 18:44:30.668 DBG] TwitchService :: Presence Timer :: Artificially updated presence with a threshold of 5 minutes (54.1546ms)
[2026-02-18 18:45:30.627 DBG] ViewerRepo :: UpdatePresence(twitch, 5), 0.0318ms
[2026-02-18 18:45:30.683 DBG] TwitchService :: Presence Timer :: Artificially updated presence with a threshold of 5 minutes (56.4962ms)
[2026-02-18 18:46:30.639 DBG] ViewerRepo :: UpdatePresence(twitch, 5), 0.0305ms
[2026-02-18 18:46:30.695 DBG] TwitchService :: Presence Timer :: Artificially updated presence with a threshold of 5 minutes (55.8972ms)
[2026-02-18 18:47:13.586 DBG] Credits :: Time to save 19.8583ms
[2026-02-18 18:47:30.653 DBG] ViewerRepo :: UpdatePresence(twitch, 5), 0.0354ms
[2026-02-18 18:47:30.707 DBG] TwitchService :: Presence Timer :: Artificially updated presence with a threshold of 5 minutes (54.5842ms)
[2026-02-18 18:47:58.572 DBG] ActionDispatcher :: Queueing 'Sub Goal' (361aa588-5f31-4e19-b8a5-099cae52479d, TimedAction) to 'Default' (00000000-0000-0000-0000-000000000000), with 11 arguments
[2026-02-18 18:47:58.572 DBG] ActionQueue :: 'Default' (00000000-0000-0000-0000-000000000000) :: Enqueue action 361aa588-5f31-4e19-b8a5-099cae52479d
[2026-02-18 18:47:58.572 DBG] ActionQueue :: 'Default' (00000000-0000-0000-0000-000000000000) :: Handling queue
[2026-02-18 18:47:58.572 DBG] ActionQueue :: 'Default' (00000000-0000-0000-0000-000000000000) :: Performing non-blocking 'Sub Goal' (361aa588-5f31-4e19-b8a5-099cae52479d, 21521306-54bf-4187-8155-563e8efb6354)
[2026-02-18 18:48:30.636 DBG] AutoSave :: Auto saving settings...
[2026-02-18 18:48:30.658 DBG] Users :: Time to save 22.5585ms
[2026-02-18 18:48:30.667 DBG] ViewerRepo :: UpdatePresence(twitch, 5), 0.028ms
[2026-02-18 18:48:30.680 DBG] Actions :: Time to save 21.5877ms
[2026-02-18 18:48:30.698 DBG] Commands :: Time to save 17.8239ms
[2026-02-18 18:48:30.718 DBG] Twitch Rewards :: Time to save 20.3372ms
[2026-02-18 18:48:30.728 DBG] TwitchService :: Presence Timer :: Artificially updated presence with a threshold of 5 minutes (60.9593ms)
[2026-02-18 18:48:30.729 DBG] Midi :: Time to save 11.0025ms
[2026-02-18 18:48:30.745 DBG] OBS Settings :: Time to save 15.6131ms
[2026-02-18 18:48:30.761 DBG] MeldStudio Settings :: Time to save 16.4813ms
[2026-02-18 18:48:30.778 DBG] Credits :: Time to save 16.6231ms
[2026-02-18 18:48:30.797 DBG] Quotes :: Time to save 19.19ms
[2026-02-18 18:48:30.859 DBG] Config :: Time to save 19.8985ms
[2026-02-18 18:49:30.678 DBG] ViewerRepo :: UpdatePresence(twitch, 5), 0.0308ms
[2026-02-18 18:49:30.730 DBG] TwitchService :: Presence Timer :: Artificially updated presence with a threshold of 5 minutes (52.5495ms)
[2026-02-18 18:50:30.686 DBG] ViewerRepo :: UpdatePresence(twitch, 5), 0.0302ms
[2026-02-18 18:50:30.742 DBG] TwitchService :: Presence Timer :: Artificially updated presence with a threshold of 5 minutes (56.1864ms)
[2026-02-18 18:51:30.699 DBG] ViewerRepo :: UpdatePresence(twitch, 5), 0.0309ms
[2026-02-18 18:51:30.756 DBG] TwitchService :: Presence Timer :: Artificially updated presence with a threshold of 5 minutes (57.1909ms)
[2026-02-18 18:52:13.588 DBG] Credits :: Time to save 17.9459ms
[2026-02-18 18:52:30.705 DBG] ViewerRepo :: UpdatePresence(twitch, 5), 0.0463ms
[2026-02-18 18:52:30.761 DBG] TwitchService :: Presence Timer :: Artificially updated presence with a threshold of 5 minutes (56.4793ms)
[2026-02-18 18:53:30.715 DBG] ViewerRepo :: UpdatePresence(twitch, 5), 0.0294ms
[2026-02-18 18:53:30.770 DBG] TwitchService :: Presence Timer :: Artificially updated presence with a threshold of 5 minutes (55.8449ms)
[2026-02-18 18:53:30.886 DBG] AutoSave :: Auto saving settings...
[2026-02-18 18:53:30.907 DBG] Users :: Time to save 21.8001ms
[2026-02-18 18:53:30.932 DBG] Actions :: Time to save 24.4939ms
[2026-02-18 18:53:30.945 DBG] Commands :: Time to save 12.9863ms
[2026-02-18 18:53:30.960 DBG] Twitch Rewards :: Time to save 16.0511ms
[2026-02-18 18:53:30.977 DBG] Midi :: Time to save 15.4999ms
[2026-02-18 18:53:30.991 DBG] OBS Settings :: Time to save 15.1133ms
[2026-02-18 18:53:31.007 DBG] MeldStudio Settings :: Time to save 14.5276ms
[2026-02-18 18:53:31.020 DBG] Credits :: Time to save 14.1159ms
[2026-02-18 18:53:31.037 DBG] Quotes :: Time to save 16.3179ms
[2026-02-18 18:53:31.112 DBG] Config :: Time to save 22.5086ms
[2026-02-18 18:54:30.723 DBG] ViewerRepo :: UpdatePresence(twitch, 5), 0.0304ms
[2026-02-18 18:54:30.776 DBG] TwitchService :: Presence Timer :: Artificially updated presence with a threshold of 5 minutes (52.9788ms)
[2026-02-18 18:55:30.729 DBG] ViewerRepo :: UpdatePresence(twitch, 5), 0.0295ms
[2026-02-18 18:55:30.787 DBG] TwitchService :: Presence Timer :: Artificially updated presence with a threshold of 5 minutes (58.2462ms)
[2026-02-18 18:56:30.741 DBG] ViewerRepo :: UpdatePresence(twitch, 5), 0.0294ms
[2026-02-18 18:56:30.846 DBG] TwitchService :: Presence Timer :: Artificially updated presence with a threshold of 5 minutes (104.5784ms)
[2026-02-18 18:57:13.602 DBG] Credits :: Time to save 20.3445ms
[2026-02-18 18:57:30.770 DBG] ViewerRepo :: UpdatePresence(twitch, 5), 0.0284ms
[2026-02-18 18:57:30.826 DBG] TwitchService :: Presence Timer :: Artificially updated presence with a threshold of 5 minutes (56.7186ms)
[2026-02-18 18:57:59.009 DBG] ActionDispatcher :: Queueing 'Sub Goal' (361aa588-5f31-4e19-b8a5-099cae52479d, TimedAction) to 'Default' (00000000-0000-0000-0000-000000000000), with 11 arguments
[2026-02-18 18:57:59.009 DBG] ActionQueue :: 'Default' (00000000-0000-0000-0000-000000000000) :: Enqueue action 361aa588-5f31-4e19-b8a5-099cae52479d
[2026-02-18 18:57:59.009 DBG] ActionQueue :: 'Default' (00000000-0000-0000-0000-000000000000) :: Handling queue
[2026-02-18 18:57:59.009 DBG] ActionQueue :: 'Default' (00000000-0000-0000-0000-000000000000) :: Performing non-blocking 'Sub Goal' (361aa588-5f31-4e19-b8a5-099cae52479d, c204de8e-7f6c-451d-a9b7-072d83915765)
[2026-02-18 18:58:30.783 DBG] ViewerRepo :: UpdatePresence(twitch, 5), 0.0287ms
[2026-02-18 18:58:30.835 DBG] TwitchService :: Presence Timer :: Artificially updated presence with a threshold of 5 minutes (52.2074ms)
[2026-02-18 18:58:31.110 DBG] AutoSave :: Auto saving settings...
[2026-02-18 18:58:31.125 DBG] Users :: Time to save 14.8394ms
[2026-02-18 18:58:31.144 DBG] Actions :: Time to save 18.764ms
[2026-02-18 18:58:31.163 DBG] Commands :: Time to save 19.3124ms
[2026-02-18 18:58:31.182 DBG] Twitch Rewards :: Time to save 18.2986ms
[2026-02-18 18:58:31.197 DBG] Midi :: Time to save 15.7663ms
[2026-02-18 18:58:31.215 DBG] OBS Settings :: Time to save 17.5041ms
[2026-02-18 18:58:31.230 DBG] MeldStudio Settings :: Time to save 16.2155ms
[2026-02-18 18:58:31.248 DBG] Credits :: Time to save 16.6345ms
[2026-02-18 18:58:31.266 DBG] Quotes :: Time to save 18.6596ms
[2026-02-18 18:58:31.335 DBG] Config :: Time to save 22.1951ms
[2026-02-18 18:59:30.792 DBG] ViewerRepo :: UpdatePresence(twitch, 5), 0.0287ms
[2026-02-18 18:59:30.850 DBG] TwitchService :: Presence Timer :: Artificially updated presence with a threshold of 5 minutes (59.1023ms)
[2026-02-18 19:00:30.816 DBG] ViewerRepo :: UpdatePresence(twitch, 5), 0.031ms
[2026-02-18 19:00:30.898 DBG] TwitchService :: Presence Timer :: Artificially updated presence with a threshold of 5 minutes (82.6275ms)
[2026-02-18 19:01:30.826 DBG] ViewerRepo :: UpdatePresence(twitch, 5), 0.0289ms
[2026-02-18 19:01:30.881 DBG] TwitchService :: Presence Timer :: Artificially updated presence with a threshold of 5 minutes (55.3801ms)
[2026-02-18 19:02:13.600 DBG] Credits :: Time to save 13.5975ms
[2026-02-18 19:02:30.832 DBG] ViewerRepo :: UpdatePresence(twitch, 5), 0.0293ms
[2026-02-18 19:02:30.893 DBG] TwitchService :: Presence Timer :: Artificially updated presence with a threshold of 5 minutes (60.7872ms)
[2026-02-18 19:03:30.846 DBG] ViewerRepo :: UpdatePresence(twitch, 5), 0.0312ms
[2026-02-18 19:03:30.899 DBG] TwitchService :: Presence Timer :: Artificially updated presence with a threshold of 5 minutes (53.5108ms)
[2026-02-18 19:03:31.376 DBG] AutoSave :: Auto saving settings...
[2026-02-18 19:03:31.398 DBG] Users :: Time to save 21.7923ms
[2026-02-18 19:03:31.420 DBG] Actions :: Time to save 22.2512ms
[2026-02-18 19:03:31.440 DBG] Commands :: Time to save 20.4431ms
[2026-02-18 19:03:31.460 DBG] Twitch Rewards :: Time to save 19.8114ms
[2026-02-18 19:03:31.480 DBG] Midi :: Time to save 19.7639ms
[2026-02-18 19:03:31.499 DBG] OBS Settings :: Time to save 18.3671ms
[2026-02-18 19:03:31.518 DBG] MeldStudio Settings :: Time to save 19.2429ms
[2026-02-18 19:03:31.536 DBG] Credits :: Time to save 17.9457ms
[2026-02-18 19:03:31.557 DBG] Quotes :: Time to save 20.5949ms
[2026-02-18 19:03:31.601 DBG] Config :: Time to save 22.2401ms
[2026-02-18 19:04:30.850 DBG] ViewerRepo :: UpdatePresence(twitch, 5), 0.0293ms
[2026-02-18 19:04:30.907 DBG] TwitchService :: Presence Timer :: Artificially updated presence with a threshold of 5 minutes (57.7985ms)
[2026-02-18 19:05:30.859 DBG] ViewerRepo :: UpdatePresence(twitch, 5), 0.0331ms
[2026-02-18 19:05:30.913 DBG] TwitchService :: Presence Timer :: Artificially updated presence with a threshold of 5 minutes (53.5969ms)
[2026-02-18 19:06:30.865 DBG] ViewerRepo :: UpdatePresence(twitch, 5), 0.029ms
[2026-02-18 19:06:30.922 DBG] TwitchService :: Presence Timer :: Artificially updated presence with a threshold of 5 minutes (57.8898ms)
[2026-02-18 19:07:13.603 DBG] Credits :: Time to save 15.1546ms
[2026-02-18 19:07:30.869 DBG] ViewerRepo :: UpdatePresence(twitch, 5), 0.0306ms
[2026-02-18 19:07:30.924 DBG] TwitchService :: Presence Timer :: Artificially updated presence with a threshold of 5 minutes (56.2897ms)
[2026-02-18 19:07:59.381 DBG] ActionDispatcher :: Queueing 'Sub Goal' (361aa588-5f31-4e19-b8a5-099cae52479d, TimedAction) to 'Default' (00000000-0000-0000-0000-000000000000), with 11 arguments
[2026-02-18 19:07:59.381 DBG] ActionQueue :: 'Default' (00000000-0000-0000-0000-000000000000) :: Enqueue action 361aa588-5f31-4e19-b8a5-099cae52479d
[2026-02-18 19:07:59.381 DBG] ActionQueue :: 'Default' (00000000-0000-0000-0000-000000000000) :: Handling queue
[2026-02-18 19:07:59.381 DBG] ActionQueue :: 'Default' (00000000-0000-0000-0000-000000000000) :: Performing non-blocking 'Sub Goal' (361aa588-5f31-4e19-b8a5-099cae52479d, adfa9648-8311-4116-a459-702387198c37)
[2026-02-18 19:08:30.879 DBG] ViewerRepo :: UpdatePresence(twitch, 5), 0.0296ms
[2026-02-18 19:08:30.931 DBG] TwitchService :: Presence Timer :: Artificially updated presence with a threshold of 5 minutes (52.6722ms)
[2026-02-18 19:08:31.624 DBG] AutoSave :: Auto saving settings...
[2026-02-18 19:08:31.640 DBG] Users :: Time to save 15.6814ms
[2026-02-18 19:08:31.664 DBG] Actions :: Time to save 24.8144ms
[2026-02-18 19:08:31.684 DBG] Commands :: Time to save 19.9874ms
[2026-02-18 19:08:31.705 DBG] Twitch Rewards :: Time to save 19.9641ms
[2026-02-18 19:08:31.724 DBG] Midi :: Time to save 18.9196ms
[2026-02-18 19:08:31.740 DBG] OBS Settings :: Time to save 17.0063ms
[2026-02-18 19:08:31.759 DBG] MeldStudio Settings :: Time to save 17.7845ms
[2026-02-18 19:08:31.776 DBG] Credits :: Time to save 17.1291ms
[2026-02-18 19:08:31.794 DBG] Quotes :: Time to save 18.624ms
[2026-02-18 19:08:31.850 DBG] Config :: Time to save 21.413ms
[2026-02-18 19:09:30.880 DBG] ViewerRepo :: UpdatePresence(twitch, 5), 0.03ms
[2026-02-18 19:09:30.935 DBG] TwitchService :: Presence Timer :: Artificially updated presence with a threshold of 5 minutes (55.743ms)
[2026-02-18 19:10:30.893 DBG] ViewerRepo :: UpdatePresence(twitch, 5), 0.0409ms
[2026-02-18 19:10:31.400 DBG] TwitchService :: Presence Timer :: Artificially updated presence with a threshold of 5 minutes (507.101ms)
[2026-02-18 19:11:30.906 DBG] ViewerRepo :: UpdatePresence(twitch, 5), 0.0311ms
[2026-02-18 19:11:30.962 DBG] TwitchService :: Presence Timer :: Artificially updated presence with a threshold of 5 minutes (56.7583ms)
[2026-02-18 19:12:13.636 DBG] Credits :: Time to save 23.0412ms
[2026-02-18 19:12:30.919 DBG] ViewerRepo :: UpdatePresence(twitch, 5), 0.0294ms
[2026-02-18 19:12:30.978 DBG] TwitchService :: Presence Timer :: Artificially updated presence with a threshold of 5 minutes (59.3767ms)
[2026-02-18 19:13:30.923 DBG] ViewerRepo :: UpdatePresence(twitch, 5), 0.0297ms
[2026-02-18 19:13:30.986 DBG] TwitchService :: Presence Timer :: Artificially updated presence with a threshold of 5 minutes (62.6554ms)
[2026-02-18 19:13:31.877 DBG] AutoSave :: Auto saving settings...
[2026-02-18 19:13:31.892 DBG] Users :: Time to save 15.6042ms
[2026-02-18 19:13:31.911 DBG] Actions :: Time to save 19.121ms
[2026-02-18 19:13:31.931 DBG] Commands :: Time to save 20.2634ms
[2026-02-18 19:13:31.948 DBG] Twitch Rewards :: Time to save 15.9393ms
[2026-02-18 19:13:31.961 DBG] Midi :: Time to save 14.0023ms
[2026-02-18 19:13:31.978 DBG] OBS Settings :: Time to save 16.0623ms
[2026-02-18 19:13:31.991 DBG] MeldStudio Settings :: Time to save 13.2073ms
[2026-02-18 19:13:32.002 DBG] Credits :: Time to save 11.8631ms
[2026-02-18 19:13:32.024 DBG] Quotes :: Time to save 21.712ms
[2026-02-18 19:13:32.101 DBG] Config :: Time to save 21.3735ms
[2026-02-18 19:14:30.927 DBG] ViewerRepo :: UpdatePresence(twitch, 5), 0.0305ms
[2026-02-18 19:14:30.980 DBG] TwitchService :: Presence Timer :: Artificially updated presence with a threshold of 5 minutes (53.7741ms)
[2026-02-18 19:15:30.930 DBG] ViewerRepo :: UpdatePresence(twitch, 5), 0.0284ms
[2026-02-18 19:15:30.983 DBG] TwitchService :: Presence Timer :: Artificially updated presence with a threshold of 5 minutes (54.0051ms)
[2026-02-18 19:16:30.948 DBG] ViewerRepo :: UpdatePresence(twitch, 5), 0.0302ms
[2026-02-18 19:16:31.003 DBG] TwitchService :: Presence Timer :: Artificially updated presence with a threshold of 5 minutes (55.1422ms)
[2026-02-18 19:17:13.650 DBG] Credits :: Time to save 20.6312ms
[2026-02-18 19:17:30.953 DBG] ViewerRepo :: UpdatePresence(twitch, 5), 0.0315ms
[2026-02-18 19:17:31.010 DBG] TwitchService :: Presence Timer :: Artificially updated presence with a threshold of 5 minutes (57.4196ms)
[2026-02-18 19:17:59.430 DBG] ActionDispatcher :: Queueing 'Sub Goal' (361aa588-5f31-4e19-b8a5-099cae52479d, TimedAction) to 'Default' (00000000-0000-0000-0000-000000000000), with 11 arguments
[2026-02-18 19:17:59.430 DBG] ActionQueue :: 'Default' (00000000-0000-0000-0000-000000000000) :: Enqueue action 361aa588-5f31-4e19-b8a5-099cae52479d
[2026-02-18 19:17:59.430 DBG] ActionQueue :: 'Default' (00000000-0000-0000-0000-000000000000) :: Handling queue
[2026-02-18 19:17:59.430 DBG] ActionQueue :: 'Default' (00000000-0000-0000-0000-000000000000) :: Performing non-blocking 'Sub Goal' (361aa588-5f31-4e19-b8a5-099cae52479d, 7278bf1f-4a0c-4aed-bbeb-f11c191cbfd9)
[2026-02-18 19:18:30.957 DBG] ViewerRepo :: UpdatePresence(twitch, 5), 0.028ms
[2026-02-18 19:18:31.014 DBG] TwitchService :: Presence Timer :: Artificially updated presence with a threshold of 5 minutes (57.8744ms)
[2026-02-18 19:18:32.111 DBG] AutoSave :: Auto saving settings...
[2026-02-18 19:18:32.133 DBG] Users :: Time to save 22.741ms
[2026-02-18 19:18:32.160 DBG] Actions :: Time to save 26.0432ms
[2026-02-18 19:18:32.179 DBG] Commands :: Time to save 18.9992ms
[2026-02-18 19:18:32.198 DBG] Twitch Rewards :: Time to save 19.1565ms
[2026-02-18 19:18:32.214 DBG] Midi :: Time to save 16.5015ms
[2026-02-18 19:18:32.233 DBG] OBS Settings :: Time to save 18.016ms
[2026-02-18 19:18:32.251 DBG] MeldStudio Settings :: Time to save 18.0734ms
[2026-02-18 19:18:32.268 DBG] Credits :: Time to save 16.2292ms
[2026-02-18 19:18:32.287 DBG] Quotes :: Time to save 18.9874ms
[2026-02-18 19:18:32.327 DBG] Config :: Time to save 14.1821ms
[2026-02-18 19:19:30.962 DBG] ViewerRepo :: UpdatePresence(twitch, 5), 0.0324ms
[2026-02-18 19:19:31.022 DBG] TwitchService :: Presence Timer :: Artificially updated presence with a threshold of 5 minutes (59.9237ms)
[2026-02-18 19:20:30.969 DBG] ViewerRepo :: UpdatePresence(twitch, 5), 0.0304ms
[2026-02-18 19:20:31.025 DBG] TwitchService :: Presence Timer :: Artificially updated presence with a threshold of 5 minutes (57.053ms)
[2026-02-18 19:21:30.970 DBG] ViewerRepo :: UpdatePresence(twitch, 5), 0.0302ms
[2026-02-18 19:21:31.024 DBG] TwitchService :: Presence Timer :: Artificially updated presence with a threshold of 5 minutes (54.9994ms)
[2026-02-18 19:22:13.660 DBG] Credits :: Time to save 23.2541ms
[2026-02-18 19:22:30.983 DBG] ViewerRepo :: UpdatePresence(twitch, 5), 0.03ms
[2026-02-18 19:22:31.037 DBG] TwitchService :: Presence Timer :: Artificially updated presence with a threshold of 5 minutes (53.2372ms)
[2026-02-18 19:23:30.997 DBG] ViewerRepo :: UpdatePresence(twitch, 5), 0.0295ms
[2026-02-18 19:23:31.053 DBG] TwitchService :: Presence Timer :: Artificially updated presence with a threshold of 5 minutes (56.2929ms)
[2026-02-18 19:23:32.355 DBG] AutoSave :: Auto saving settings...
[2026-02-18 19:23:32.377 DBG] Users :: Time to save 21.1871ms
[2026-02-18 19:23:32.402 DBG] Actions :: Time to save 25.6423ms
[2026-02-18 19:23:32.423 DBG] Commands :: Time to save 21.462ms
[2026-02-18 19:23:32.442 DBG] Twitch Rewards :: Time to save 19.1019ms
[2026-02-18 19:23:32.456 DBG] Midi :: Time to save 13.2868ms
[2026-02-18 19:23:32.468 DBG] OBS Settings :: Time to save 11.4027ms
[2026-02-18 19:23:32.478 DBG] MeldStudio Settings :: Time to save 10.7899ms
[2026-02-18 19:23:32.494 DBG] Credits :: Time to save 15.7891ms
[2026-02-18 19:23:32.514 DBG] Quotes :: Time to save 20.7664ms
[2026-02-18 19:23:32.572 DBG] Config :: Time to save 14.3032ms
[2026-02-18 19:24:31.009 DBG] ViewerRepo :: UpdatePresence(twitch, 5), 0.0419ms
[2026-02-18 19:24:31.068 DBG] TwitchService :: Presence Timer :: Artificially updated presence with a threshold of 5 minutes (60.2438ms)
[2026-02-18 19:25:31.011 DBG] ViewerRepo :: UpdatePresence(twitch, 5), 0.0306ms
[2026-02-18 19:25:31.069 DBG] TwitchService :: Presence Timer :: Artificially updated presence with a threshold of 5 minutes (58.5522ms)
[2026-02-18 19:26:31.012 DBG] ViewerRepo :: UpdatePresence(twitch, 5), 0.0297ms
[2026-02-18 19:26:31.069 DBG] TwitchService :: Presence Timer :: Artificially updated presence with a threshold of 5 minutes (57.0215ms)
[2026-02-18 19:27:13.668 DBG] Credits :: Time to save 15.4233ms
[2026-02-18 19:27:31.016 DBG] ViewerRepo :: UpdatePresence(twitch, 5), 0.0312ms
[2026-02-18 19:27:31.073 DBG] TwitchService :: Presence Timer :: Artificially updated presence with a threshold of 5 minutes (56.8229ms)
[2026-02-18 19:27:59.819 DBG] ActionDispatcher :: Queueing 'Sub Goal' (361aa588-5f31-4e19-b8a5-099cae52479d, TimedAction) to 'Default' (00000000-0000-0000-0000-000000000000), with 11 arguments
[2026-02-18 19:27:59.819 DBG] ActionQueue :: 'Default' (00000000-0000-0000-0000-000000000000) :: Enqueue action 361aa588-5f31-4e19-b8a5-099cae52479d
[2026-02-18 19:27:59.819 DBG] ActionQueue :: 'Default' (00000000-0000-0000-0000-000000000000) :: Handling queue
[2026-02-18 19:27:59.819 DBG] ActionQueue :: 'Default' (00000000-0000-0000-0000-000000000000) :: Performing non-blocking 'Sub Goal' (361aa588-5f31-4e19-b8a5-099cae52479d, 68a52111-5222-467b-8c1d-734f34d4a798)
[2026-02-18 19:28:31.024 DBG] ViewerRepo :: UpdatePresence(twitch, 5), 0.0307ms
[2026-02-18 19:28:31.078 DBG] TwitchService :: Presence Timer :: Artificially updated presence with a threshold of 5 minutes (55.1356ms)
[2026-02-18 19:28:32.584 DBG] AutoSave :: Auto saving settings...
[2026-02-18 19:28:32.607 DBG] Users :: Time to save 22.4738ms
[2026-02-18 19:28:32.630 DBG] Actions :: Time to save 23.8ms
[2026-02-18 19:28:32.650 DBG] Commands :: Time to save 19.8937ms
[2026-02-18 19:28:32.663 DBG] Twitch Rewards :: Time to save 12.531ms
[2026-02-18 19:28:32.674 DBG] Midi :: Time to save 11.2093ms
[2026-02-18 19:28:32.688 DBG] OBS Settings :: Time to save 14.273ms
[2026-02-18 19:28:32.703 DBG] MeldStudio Settings :: Time to save 14.5684ms
[2026-02-18 19:28:32.720 DBG] Credits :: Time to save 17.373ms
[2026-02-18 19:28:32.737 DBG] Quotes :: Time to save 16.3409ms
[2026-02-18 19:28:32.801 DBG] Config :: Time to save 14.5704ms
[2026-02-18 19:29:31.029 DBG] ViewerRepo :: UpdatePresence(twitch, 5), 0.0291ms
[2026-02-18 19:29:31.087 DBG] TwitchService :: Presence Timer :: Artificially updated presence with a threshold of 5 minutes (57.8649ms)
[2026-02-18 19:30:31.041 DBG] ViewerRepo :: UpdatePresence(twitch, 5), 0.0292ms
[2026-02-18 19:30:31.093 DBG] TwitchService :: Presence Timer :: Artificially updated presence with a threshold of 5 minutes (52.165ms)
[2026-02-18 19:31:31.066 DBG] ViewerRepo :: UpdatePresence(twitch, 5), 0.0306ms
[2026-02-18 19:31:31.122 DBG] TwitchService :: Presence Timer :: Artificially updated presence with a threshold of 5 minutes (55.5487ms)
[2026-02-18 19:32:13.682 DBG] Credits :: Time to save 14.7078ms
[2026-02-18 19:32:31.079 DBG] ViewerRepo :: UpdatePresence(twitch, 5), 0.0303ms
[2026-02-18 19:32:31.134 DBG] TwitchService :: Presence Timer :: Artificially updated presence with a threshold of 5 minutes (55.6606ms)
[2026-02-18 19:33:31.087 DBG] ViewerRepo :: UpdatePresence(twitch, 5), 0.0293ms
[2026-02-18 19:33:31.144 DBG] TwitchService :: Presence Timer :: Artificially updated presence with a threshold of 5 minutes (57.6709ms)
[2026-02-18 19:33:32.789 DBG] AutoSave :: Auto saving settings...
[2026-02-18 19:33:32.811 DBG] Users :: Time to save 22.036ms
[2026-02-18 19:33:32.833 DBG] Actions :: Time to save 21.9889ms
[2026-02-18 19:33:32.851 DBG] Commands :: Time to save 18.1097ms
[2026-02-18 19:33:32.869 DBG] Twitch Rewards :: Time to save 18.267ms
[2026-02-18 19:33:32.879 DBG] Midi :: Time to save 11.1897ms
[2026-02-18 19:33:32.896 DBG] OBS Settings :: Time to save 15.5333ms
[2026-02-18 19:33:32.911 DBG] MeldStudio Settings :: Time to save 15.3531ms
[2026-02-18 19:33:32.927 DBG] Credits :: Time to save 15.7158ms
[2026-02-18 19:33:32.945 DBG] Quotes :: Time to save 18.0988ms
[2026-02-18 19:33:33.014 DBG] Config :: Time to save 21.929ms
[2026-02-18 19:34:31.102 DBG] ViewerRepo :: UpdatePresence(twitch, 5), 0.0318ms
[2026-02-18 19:34:31.159 DBG] TwitchService :: Presence Timer :: Artificially updated presence with a threshold of 5 minutes (56.5955ms)
[2026-02-18 19:35:31.105 DBG] ViewerRepo :: UpdatePresence(twitch, 5), 0.0426ms
[2026-02-18 19:35:31.164 DBG] TwitchService :: Presence Timer :: Artificially updated presence with a threshold of 5 minutes (58.9007ms)
[2026-02-18 19:36:31.120 DBG] ViewerRepo :: UpdatePresence(twitch, 5), 0.039ms
[2026-02-18 19:36:31.173 DBG] TwitchService :: Presence Timer :: Artificially updated presence with a threshold of 5 minutes (53.5211ms)
[2026-02-18 19:37:13.702 DBG] Credits :: Time to save 22.3802ms
[2026-02-18 19:37:31.124 DBG] ViewerRepo :: UpdatePresence(twitch, 5), 0.03ms
[2026-02-18 19:37:31.181 DBG] TwitchService :: Presence Timer :: Artificially updated presence with a threshold of 5 minutes (57.8234ms)
[2026-02-18 19:38:00.077 DBG] ActionDispatcher :: Queueing 'Sub Goal' (361aa588-5f31-4e19-b8a5-099cae52479d, TimedAction) to 'Default' (00000000-0000-0000-0000-000000000000), with 11 arguments
[2026-02-18 19:38:00.077 DBG] ActionQueue :: 'Default' (00000000-0000-0000-0000-000000000000) :: Enqueue action 361aa588-5f31-4e19-b8a5-099cae52479d
[2026-02-18 19:38:00.077 DBG] ActionQueue :: 'Default' (00000000-0000-0000-0000-000000000000) :: Handling queue
[2026-02-18 19:38:00.077 DBG] ActionQueue :: 'Default' (00000000-0000-0000-0000-000000000000) :: Performing non-blocking 'Sub Goal' (361aa588-5f31-4e19-b8a5-099cae52479d, 4042f6e1-1c0c-48fd-ae81-99029319a460)
[2026-02-18 19:38:31.138 DBG] ViewerRepo :: UpdatePresence(twitch, 5), 0.0412ms
[2026-02-18 19:38:31.191 DBG] TwitchService :: Presence Timer :: Artificially updated presence with a threshold of 5 minutes (53.4765ms)
[2026-02-18 19:38:33.013 DBG] AutoSave :: Auto saving settings...
[2026-02-18 19:38:33.034 DBG] Users :: Time to save 21.1495ms
[2026-02-18 19:38:33.061 DBG] Actions :: Time to save 26.7869ms
[2026-02-18 19:38:33.079 DBG] Commands :: Time to save 18.889ms
[2026-02-18 19:38:33.093 DBG] Twitch Rewards :: Time to save 13.0027ms
[2026-02-18 19:38:33.104 DBG] Midi :: Time to save 10.9048ms
[2026-02-18 19:38:33.114 DBG] OBS Settings :: Time to save 10.772ms
[2026-02-18 19:38:33.125 DBG] MeldStudio Settings :: Time to save 10.7609ms
[2026-02-18 19:38:33.142 DBG] Credits :: Time to save 17.0833ms
[2026-02-18 19:38:33.154 DBG] Quotes :: Time to save 12.034ms
[2026-02-18 19:38:33.237 DBG] Config :: Time to save 21.8203ms
[2026-02-18 19:39:31.138 DBG] ViewerRepo :: UpdatePresence(twitch, 5), 0.0295ms
[2026-02-18 19:39:31.197 DBG] TwitchService :: Presence Timer :: Artificially updated presence with a threshold of 5 minutes (59.8586ms)
[2026-02-18 19:40:31.142 DBG] ViewerRepo :: UpdatePresence(twitch, 5), 0.03ms
[2026-02-18 19:40:31.204 DBG] TwitchService :: Presence Timer :: Artificially updated presence with a threshold of 5 minutes (61.8468ms)
[2026-02-18 19:41:31.149 DBG] ViewerRepo :: UpdatePresence(twitch, 5), 0.0304ms
[2026-02-18 19:41:31.205 DBG] TwitchService :: Presence Timer :: Artificially updated presence with a threshold of 5 minutes (56.2545ms)
[2026-02-18 19:42:13.707 DBG] Credits :: Time to save 22.2298ms
[2026-02-18 19:42:31.152 DBG] ViewerRepo :: UpdatePresence(twitch, 5), 0.0303ms
[2026-02-18 19:42:31.208 DBG] TwitchService :: Presence Timer :: Artificially updated presence with a threshold of 5 minutes (56.5584ms)
[2026-02-18 19:43:31.153 DBG] ViewerRepo :: UpdatePresence(twitch, 5), 0.0298ms
[2026-02-18 19:43:31.208 DBG] TwitchService :: Presence Timer :: Artificially updated presence with a threshold of 5 minutes (55.8557ms)
[2026-02-18 19:43:33.228 DBG] AutoSave :: Auto saving settings...
[2026-02-18 19:43:33.251 DBG] Users :: Time to save 23.411ms
[2026-02-18 19:43:33.277 DBG] Actions :: Time to save 25.9484ms
[2026-02-18 19:43:33.294 DBG] Commands :: Time to save 17.2068ms
[2026-02-18 19:43:33.307 DBG] Twitch Rewards :: Time to save 12.2741ms
[2026-02-18 19:43:33.317 DBG] Midi :: Time to save 10.3219ms
[2026-02-18 19:43:33.332 DBG] OBS Settings :: Time to save 14.0941ms
[2026-02-18 19:43:33.345 DBG] MeldStudio Settings :: Time to save 14.2147ms
[2026-02-18 19:43:33.359 DBG] Credits :: Time to save 14.1564ms
[2026-02-18 19:43:33.373 DBG] Quotes :: Time to save 13.4866ms
[2026-02-18 19:43:33.452 DBG] Config :: Time to save 21.2152ms
[2026-02-18 19:44:31.165 DBG] ViewerRepo :: UpdatePresence(twitch, 5), 0.0292ms
[2026-02-18 19:44:31.222 DBG] TwitchService :: Presence Timer :: Artificially updated presence with a threshold of 5 minutes (56.6403ms)
[2026-02-18 19:45:31.190 DBG] ViewerRepo :: UpdatePresence(twitch, 5), 0.0312ms
[2026-02-18 19:45:31.247 DBG] TwitchService :: Presence Timer :: Artificially updated presence with a threshold of 5 minutes (58.0851ms)
[2026-02-18 19:46:31.201 DBG] ViewerRepo :: UpdatePresence(twitch, 5), 0.0309ms
[2026-02-18 19:46:31.259 DBG] TwitchService :: Presence Timer :: Artificially updated presence with a threshold of 5 minutes (59.0302ms)
[2026-02-18 19:47:13.708 DBG] Credits :: Time to save 21.001ms
[2026-02-18 19:47:31.208 DBG] ViewerRepo :: UpdatePresence(twitch, 5), 0.0307ms
[2026-02-18 19:47:31.264 DBG] TwitchService :: Presence Timer :: Artificially updated presence with a threshold of 5 minutes (55.4338ms)
[2026-02-18 19:48:00.148 DBG] ActionDispatcher :: Queueing 'Sub Goal' (361aa588-5f31-4e19-b8a5-099cae52479d, TimedAction) to 'Default' (00000000-0000-0000-0000-000000000000), with 11 arguments
[2026-02-18 19:48:00.148 DBG] ActionQueue :: 'Default' (00000000-0000-0000-0000-000000000000) :: Enqueue action 361aa588-5f31-4e19-b8a5-099cae52479d
[2026-02-18 19:48:00.148 DBG] ActionQueue :: 'Default' (00000000-0000-0000-0000-000000000000) :: Handling queue
[2026-02-18 19:48:00.148 DBG] ActionQueue :: 'Default' (00000000-0000-0000-0000-000000000000) :: Performing non-blocking 'Sub Goal' (361aa588-5f31-4e19-b8a5-099cae52479d, ddb580ab-c246-4c23-a12e-83a817a46a66)
[2026-02-18 19:48:31.222 DBG] ViewerRepo :: UpdatePresence(twitch, 5), 0.0321ms
[2026-02-18 19:48:31.279 DBG] TwitchService :: Presence Timer :: Artificially updated presence with a threshold of 5 minutes (58.031ms)
[2026-02-18 19:48:33.451 DBG] AutoSave :: Auto saving settings...
[2026-02-18 19:48:33.466 DBG] Users :: Time to save 15.6161ms
[2026-02-18 19:48:33.486 DBG] Actions :: Time to save 20.326ms
[2026-02-18 19:48:33.505 DBG] Commands :: Time to save 19.0896ms
[2026-02-18 19:48:33.522 DBG] Twitch Rewards :: Time to save 15.1171ms
[2026-02-18 19:48:33.534 DBG] Midi :: Time to save 12.3937ms
[2026-02-18 19:48:33.551 DBG] OBS Settings :: Time to save 17.2246ms
[2026-02-18 19:48:33.562 DBG] MeldStudio Settings :: Time to save 11.2701ms
[2026-02-18 19:48:33.574 DBG] Credits :: Time to save 12.0611ms
[2026-02-18 19:48:33.592 DBG] Quotes :: Time to save 17.1669ms
[2026-02-18 19:48:33.669 DBG] Config :: Time to save 14.0328ms
[2026-02-18 19:49:31.235 DBG] ViewerRepo :: UpdatePresence(twitch, 5), 0.0296ms
[2026-02-18 19:49:31.294 DBG] TwitchService :: Presence Timer :: Artificially updated presence with a threshold of 5 minutes (59.0592ms)
[2026-02-18 19:50:31.249 DBG] ViewerRepo :: UpdatePresence(twitch, 5), 0.0335ms
[2026-02-18 19:50:31.321 DBG] TwitchService :: Presence Timer :: Artificially updated presence with a threshold of 5 minutes (72.2759ms)
[2026-02-18 19:51:31.264 DBG] ViewerRepo :: UpdatePresence(twitch, 5), 0.0292ms
[2026-02-18 19:51:31.345 DBG] TwitchService :: Presence Timer :: Artificially updated presence with a threshold of 5 minutes (81.6289ms)
[2026-02-18 19:52:13.719 DBG] Credits :: Time to save 22.0851ms
[2026-02-18 19:52:31.275 DBG] ViewerRepo :: UpdatePresence(twitch, 5), 0.0299ms
[2026-02-18 19:52:31.354 DBG] TwitchService :: Presence Timer :: Artificially updated presence with a threshold of 5 minutes (78.6624ms)
[2026-02-18 19:53:31.283 DBG] ViewerRepo :: UpdatePresence(twitch, 5), 0.0477ms
[2026-02-18 19:53:31.359 DBG] TwitchService :: Presence Timer :: Artificially updated presence with a threshold of 5 minutes (75.9151ms)
[2026-02-18 19:53:33.687 DBG] AutoSave :: Auto saving settings...
[2026-02-18 19:53:33.709 DBG] Users :: Time to save 22.0859ms
[2026-02-18 19:53:33.734 DBG] Actions :: Time to save 24.8107ms
[2026-02-18 19:53:33.754 DBG] Commands :: Time to save 19.1348ms
[2026-02-18 19:53:33.773 DBG] Twitch Rewards :: Time to save 19.6945ms
[2026-02-18 19:53:33.789 DBG] Midi :: Time to save 16.1041ms
[2026-02-18 19:53:33.807 DBG] OBS Settings :: Time to save 17.4435ms
[2026-02-18 19:53:33.824 DBG] MeldStudio Settings :: Time to save 16.9606ms
[2026-02-18 19:53:33.841 DBG] Credits :: Time to save 16.8113ms
[2026-02-18 19:53:33.861 DBG] Quotes :: Time to save 19.8749ms
[2026-02-18 19:53:33.909 DBG] Config :: Time to save 20.5518ms
[2026-02-18 19:54:31.289 DBG] ViewerRepo :: UpdatePresence(twitch, 5), 0.0304ms
[2026-02-18 19:54:31.373 DBG] TwitchService :: Presence Timer :: Artificially updated presence with a threshold of 5 minutes (83.5679ms)
[2026-02-18 19:55:31.318 DBG] ViewerRepo :: UpdatePresence(twitch, 5), 0.0307ms
[2026-02-18 19:55:31.392 DBG] TwitchService :: Presence Timer :: Artificially updated presence with a threshold of 5 minutes (74.9913ms)
[2026-02-18 19:56:31.331 DBG] ViewerRepo :: UpdatePresence(twitch, 5), 0.0305ms
[2026-02-18 19:56:31.409 DBG] TwitchService :: Presence Timer :: Artificially updated presence with a threshold of 5 minutes (78.4792ms)
[2026-02-18 19:57:13.714 DBG] Credits :: Time to save 13.4882ms
[2026-02-18 19:57:31.335 DBG] ViewerRepo :: UpdatePresence(twitch, 5), 0.0299ms
[2026-02-18 19:57:31.411 DBG] TwitchService :: Presence Timer :: Artificially updated presence with a threshold of 5 minutes (76.1344ms)
[2026-02-18 19:58:00.325 DBG] ActionDispatcher :: Queueing 'Sub Goal' (361aa588-5f31-4e19-b8a5-099cae52479d, TimedAction) to 'Default' (00000000-0000-0000-0000-000000000000), with 11 arguments
[2026-02-18 19:58:00.325 DBG] ActionQueue :: 'Default' (00000000-0000-0000-0000-000000000000) :: Enqueue action 361aa588-5f31-4e19-b8a5-099cae52479d
[2026-02-18 19:58:00.325 DBG] ActionQueue :: 'Default' (00000000-0000-0000-0000-000000000000) :: Handling queue
[2026-02-18 19:58:00.325 DBG] ActionQueue :: 'Default' (00000000-0000-0000-0000-000000000000) :: Performing non-blocking 'Sub Goal' (361aa588-5f31-4e19-b8a5-099cae52479d, d36d05c7-38ac-4cd0-8e95-a78cf1a36f79)
[2026-02-18 19:58:31.338 DBG] ViewerRepo :: UpdatePresence(twitch, 5), 0.03ms
[2026-02-18 19:58:31.419 DBG] TwitchService :: Presence Timer :: Artificially updated presence with a threshold of 5 minutes (81.0186ms)
[2026-02-18 19:58:33.973 DBG] AutoSave :: Auto saving settings...
[2026-02-18 19:58:33.988 DBG] Users :: Time to save 15.0669ms
[2026-02-18 19:58:34.007 DBG] Actions :: Time to save 19.2213ms
[2026-02-18 19:58:34.021 DBG] Commands :: Time to save 13.0347ms
[2026-02-18 19:58:34.034 DBG] Twitch Rewards :: Time to save 13.7514ms
[2026-02-18 19:58:34.052 DBG] Midi :: Time to save 17.2422ms
[2026-02-18 19:58:34.068 DBG] OBS Settings :: Time to save 16.7114ms
[2026-02-18 19:58:34.085 DBG] MeldStudio Settings :: Time to save 16.6934ms
[2026-02-18 19:58:34.101 DBG] Credits :: Time to save 16.2405ms
[2026-02-18 19:58:34.116 DBG] Quotes :: Time to save 14.3418ms
[2026-02-18 19:58:34.195 DBG] Config :: Time to save 18.5279ms
[2026-02-18 19:59:31.343 DBG] ViewerRepo :: UpdatePresence(twitch, 5), 0.0315ms
[2026-02-18 19:59:31.422 DBG] TwitchService :: Presence Timer :: Artificially updated presence with a threshold of 5 minutes (78.9715ms)
[2026-02-18 20:00:31.359 DBG] ViewerRepo :: UpdatePresence(twitch, 5), 0.0305ms
[2026-02-18 20:00:31.436 DBG] TwitchService :: Presence Timer :: Artificially updated presence with a threshold of 5 minutes (76.667ms)
[2026-02-18 20:01:31.369 DBG] ViewerRepo :: UpdatePresence(twitch, 5), 0.0294ms
[2026-02-18 20:01:31.445 DBG] TwitchService :: Presence Timer :: Artificially updated presence with a threshold of 5 minutes (76.0283ms)
[2026-02-18 20:02:13.732 DBG] Credits :: Time to save 23.9965ms
[2026-02-18 20:02:31.369 DBG] ViewerRepo :: UpdatePresence(twitch, 5), 0.0299ms
[2026-02-18 20:02:31.441 DBG] TwitchService :: Presence Timer :: Artificially updated presence with a threshold of 5 minutes (72.2933ms)
[2026-02-18 20:03:31.371 DBG] ViewerRepo :: UpdatePresence(twitch, 5), 0.0281ms
[2026-02-18 20:03:31.449 DBG] TwitchService :: Presence Timer :: Artificially updated presence with a threshold of 5 minutes (79.4508ms)
[2026-02-18 20:03:34.158 DBG] AutoSave :: Auto saving settings...
[2026-02-18 20:03:34.173 DBG] Users :: Time to save 16.0344ms
[2026-02-18 20:03:34.194 DBG] Actions :: Time to save 20.314ms
[2026-02-18 20:03:34.207 DBG] Commands :: Time to save 13.0817ms
[2026-02-18 20:03:34.220 DBG] Twitch Rewards :: Time to save 13.1402ms
[2026-02-18 20:03:34.233 DBG] Midi :: Time to save 12.144ms
[2026-02-18 20:03:34.250 DBG] OBS Settings :: Time to save 17.437ms
[2026-02-18 20:03:34.268 DBG] MeldStudio Settings :: Time to save 17.3856ms
[2026-02-18 20:03:34.286 DBG] Credits :: Time to save 18.3183ms
[2026-02-18 20:03:34.306 DBG] Quotes :: Time to save 19.9001ms
[2026-02-18 20:03:34.384 DBG] Config :: Time to save 21.9261ms
[2026-02-18 20:04:31.385 DBG] ViewerRepo :: UpdatePresence(twitch, 5), 0.0286ms
[2026-02-18 20:04:31.458 DBG] TwitchService :: Presence Timer :: Artificially updated presence with a threshold of 5 minutes (73.327ms)
[2026-02-18 20:05:31.393 DBG] ViewerRepo :: UpdatePresence(twitch, 5), 0.0288ms
[2026-02-18 20:05:31.468 DBG] TwitchService :: Presence Timer :: Artificially updated presence with a threshold of 5 minutes (75.3504ms)
[2026-02-18 20:06:31.409 DBG] ViewerRepo :: UpdatePresence(twitch, 5), 0.0305ms
[2026-02-18 20:06:31.485 DBG] TwitchService :: Presence Timer :: Artificially updated presence with a threshold of 5 minutes (76.288ms)
[2026-02-18 20:07:13.745 DBG] Credits :: Time to save 20.2288ms
[2026-02-18 20:07:31.411 DBG] ViewerRepo :: UpdatePresence(twitch, 5), 0.0305ms
[2026-02-18 20:07:31.489 DBG] TwitchService :: Presence Timer :: Artificially updated presence with a threshold of 5 minutes (77.8058ms)
[2026-02-18 20:08:00.676 DBG] ActionDispatcher :: Queueing 'Sub Goal' (361aa588-5f31-4e19-b8a5-099cae52479d, TimedAction) to 'Default' (00000000-0000-0000-0000-000000000000), with 11 arguments
[2026-02-18 20:08:00.676 DBG] ActionQueue :: 'Default' (00000000-0000-0000-0000-000000000000) :: Enqueue action 361aa588-5f31-4e19-b8a5-099cae52479d
[2026-02-18 20:08:00.676 DBG] ActionQueue :: 'Default' (00000000-0000-0000-0000-000000000000) :: Handling queue
[2026-02-18 20:08:00.676 DBG] ActionQueue :: 'Default' (00000000-0000-0000-0000-000000000000) :: Performing non-blocking 'Sub Goal' (361aa588-5f31-4e19-b8a5-099cae52479d, 9c517111-c9b2-4017-8c5e-d19d6e9bd449)
[2026-02-18 20:08:31.425 DBG] ViewerRepo :: UpdatePresence(twitch, 5), 0.0307ms
[2026-02-18 20:08:31.501 DBG] TwitchService :: Presence Timer :: Artificially updated presence with a threshold of 5 minutes (76.0168ms)
[2026-02-18 20:08:34.404 DBG] AutoSave :: Auto saving settings...
[2026-02-18 20:08:34.429 DBG] Users :: Time to save 25.2897ms
[2026-02-18 20:08:34.457 DBG] Actions :: Time to save 28.1952ms
[2026-02-18 20:08:34.480 DBG] Commands :: Time to save 22.717ms
[2026-02-18 20:08:34.503 DBG] Twitch Rewards :: Time to save 23.1396ms
[2026-02-18 20:08:34.521 DBG] Midi :: Time to save 18.6076ms
[2026-02-18 20:08:34.540 DBG] OBS Settings :: Time to save 18.6261ms
[2026-02-18 20:08:34.557 DBG] MeldStudio Settings :: Time to save 16.7034ms
[2026-02-18 20:08:34.573 DBG] Credits :: Time to save 16.1357ms
[2026-02-18 20:08:34.595 DBG] Quotes :: Time to save 22.1567ms
[2026-02-18 20:08:34.625 DBG] Config :: Time to save 16.8294ms
[2026-02-18 20:09:31.434 DBG] ViewerRepo :: UpdatePresence(twitch, 5), 0.0299ms
[2026-02-18 20:09:31.509 DBG] TwitchService :: Presence Timer :: Artificially updated presence with a threshold of 5 minutes (75.1818ms)
[2026-02-18 20:10:31.442 DBG] ViewerRepo :: UpdatePresence(twitch, 5), 0.0304ms
[2026-02-18 20:10:32.029 DBG] TwitchService :: Presence Timer :: Artificially updated presence with a threshold of 5 minutes (587.4321ms)
[2026-02-18 20:11:31.456 DBG] ViewerRepo :: UpdatePresence(twitch, 5), 0.029ms
[2026-02-18 20:11:31.533 DBG] TwitchService :: Presence Timer :: Artificially updated presence with a threshold of 5 minutes (77.7771ms)
[2026-02-18 20:12:13.747 DBG] Credits :: Time to save 14.6309ms
[2026-02-18 20:12:31.461 DBG] ViewerRepo :: UpdatePresence(twitch, 5), 0.0293ms
[2026-02-18 20:12:31.545 DBG] TwitchService :: Presence Timer :: Artificially updated presence with a threshold of 5 minutes (84.0585ms)
[2026-02-18 20:13:31.465 DBG] ViewerRepo :: UpdatePresence(twitch, 5), 0.0293ms
[2026-02-18 20:13:31.658 DBG] TwitchService :: Presence Timer :: Artificially updated presence with a threshold of 5 minutes (192.8962ms)
[2026-02-18 20:13:34.676 DBG] AutoSave :: Auto saving settings...
[2026-02-18 20:13:34.698 DBG] Users :: Time to save 22.1854ms
[2026-02-18 20:13:34.721 DBG] Actions :: Time to save 23.6966ms
[2026-02-18 20:13:34.737 DBG] Commands :: Time to save 15.8132ms
[2026-02-18 20:13:34.757 DBG] Twitch Rewards :: Time to save 19.1069ms
[2026-02-18 20:13:34.773 DBG] Midi :: Time to save 17.3464ms
[2026-02-18 20:13:34.791 DBG] OBS Settings :: Time to save 16.7582ms
[2026-02-18 20:13:34.808 DBG] MeldStudio Settings :: Time to save 16.9095ms
[2026-02-18 20:13:34.825 DBG] Credits :: Time to save 17.0158ms
[2026-02-18 20:13:34.843 DBG] Quotes :: Time to save 18.7086ms
[2026-02-18 20:13:34.899 DBG] Config :: Time to save 21.785ms
[2026-02-18 20:14:31.479 DBG] ViewerRepo :: UpdatePresence(twitch, 5), 0.0318ms
[2026-02-18 20:14:31.555 DBG] TwitchService :: Presence Timer :: Artificially updated presence with a threshold of 5 minutes (76.2005ms)
[2026-02-18 20:15:31.486 DBG] ViewerRepo :: UpdatePresence(twitch, 5), 0.03ms
[2026-02-18 20:15:31.563 DBG] TwitchService :: Presence Timer :: Artificially updated presence with a threshold of 5 minutes (76.96ms)
[2026-02-18 20:16:31.498 DBG] ViewerRepo :: UpdatePresence(twitch, 5), 0.0309ms
[2026-02-18 20:16:31.573 DBG] TwitchService :: Presence Timer :: Artificially updated presence with a threshold of 5 minutes (75.5465ms)
[2026-02-18 20:17:13.777 DBG] Credits :: Time to save 22.4553ms
[2026-02-18 20:17:31.510 DBG] ViewerRepo :: UpdatePresence(twitch, 5), 0.0288ms
[2026-02-18 20:17:31.585 DBG] TwitchService :: Presence Timer :: Artificially updated presence with a threshold of 5 minutes (74.5619ms)
[2026-02-18 20:18:00.983 DBG] ActionDispatcher :: Queueing 'Sub Goal' (361aa588-5f31-4e19-b8a5-099cae52479d, TimedAction) to 'Default' (00000000-0000-0000-0000-000000000000), with 11 arguments
[2026-02-18 20:18:00.983 DBG] ActionQueue :: 'Default' (00000000-0000-0000-0000-000000000000) :: Enqueue action 361aa588-5f31-4e19-b8a5-099cae52479d
[2026-02-18 20:18:00.983 DBG] ActionQueue :: 'Default' (00000000-0000-0000-0000-000000000000) :: Handling queue
[2026-02-18 20:18:00.983 DBG] ActionQueue :: 'Default' (00000000-0000-0000-0000-000000000000) :: Performing non-blocking 'Sub Goal' (361aa588-5f31-4e19-b8a5-099cae52479d, 91a430d5-a8a0-40f6-a5fc-16a5b62e915c)
[2026-02-18 20:18:31.525 DBG] ViewerRepo :: UpdatePresence(twitch, 5), 0.0301ms
[2026-02-18 20:18:31.600 DBG] TwitchService :: Presence Timer :: Artificially updated presence with a threshold of 5 minutes (76.5137ms)
[2026-02-18 20:18:34.943 DBG] AutoSave :: Auto saving settings...
[2026-02-18 20:18:34.958 DBG] Users :: Time to save 15.1712ms
[2026-02-18 20:18:34.985 DBG] Actions :: Time to save 26.613ms
[2026-02-18 20:18:35.002 DBG] Commands :: Time to save 17.5999ms
[2026-02-18 20:18:35.016 DBG] Twitch Rewards :: Time to save 13.0261ms
[2026-02-18 20:18:35.028 DBG] Midi :: Time to save 11.6404ms
[2026-02-18 20:18:35.038 DBG] OBS Settings :: Time to save 10.6327ms
[2026-02-18 20:18:35.049 DBG] MeldStudio Settings :: Time to save 11.1445ms
[2026-02-18 20:18:35.064 DBG] Credits :: Time to save 14.5907ms
[2026-02-18 20:18:35.079 DBG] Quotes :: Time to save 14.3667ms
[2026-02-18 20:18:35.167 DBG] Config :: Time to save 20.343ms
[2026-02-18 20:19:31.527 DBG] ViewerRepo :: UpdatePresence(twitch, 5), 0.0295ms
[2026-02-18 20:19:31.604 DBG] TwitchService :: Presence Timer :: Artificially updated presence with a threshold of 5 minutes (77.979ms)
[2026-02-18 20:20:31.532 DBG] ViewerRepo :: UpdatePresence(twitch, 5), 0.0401ms
[2026-02-18 20:20:31.611 DBG] TwitchService :: Presence Timer :: Artificially updated presence with a threshold of 5 minutes (79.0078ms)
[2026-02-18 20:21:31.543 DBG] ViewerRepo :: UpdatePresence(twitch, 5), 0.0304ms
[2026-02-18 20:21:31.619 DBG] TwitchService :: Presence Timer :: Artificially updated presence with a threshold of 5 minutes (76.6406ms)
[2026-02-18 20:22:13.780 DBG] Credits :: Time to save 19.6426ms
[2026-02-18 20:22:31.546 DBG] ViewerRepo :: UpdatePresence(twitch, 5), 0.032ms
[2026-02-18 20:22:31.623 DBG] TwitchService :: Presence Timer :: Artificially updated presence with a threshold of 5 minutes (78.1658ms)
[2026-02-18 20:23:31.553 DBG] ViewerRepo :: UpdatePresence(twitch, 5), 0.0308ms
[2026-02-18 20:23:31.629 DBG] TwitchService :: Presence Timer :: Artificially updated presence with a threshold of 5 minutes (76.0759ms)
[2026-02-18 20:23:35.173 DBG] AutoSave :: Auto saving settings...
[2026-02-18 20:23:35.196 DBG] Users :: Time to save 24.4598ms
[2026-02-18 20:23:35.218 DBG] Actions :: Time to save 20.9028ms
[2026-02-18 20:23:35.237 DBG] Commands :: Time to save 18.6221ms
[2026-02-18 20:23:35.256 DBG] Twitch Rewards :: Time to save 19.4835ms
[2026-02-18 20:23:35.273 DBG] Midi :: Time to save 17.5936ms
[2026-02-18 20:23:35.287 DBG] OBS Settings :: Time to save 12.7682ms
[2026-02-18 20:23:35.298 DBG] MeldStudio Settings :: Time to save 11.3762ms
[2026-02-18 20:23:35.309 DBG] Credits :: Time to save 11.3711ms
[2026-02-18 20:23:35.328 DBG] Quotes :: Time to save 18.923ms
[2026-02-18 20:23:35.389 DBG] Config :: Time to save 14.053ms
[2026-02-18 20:24:31.560 DBG] ViewerRepo :: UpdatePresence(twitch, 5), 0.0383ms
[2026-02-18 20:24:31.637 DBG] TwitchService :: Presence Timer :: Artificially updated presence with a threshold of 5 minutes (77.1566ms)
[2026-02-18 20:25:31.574 DBG] ViewerRepo :: UpdatePresence(twitch, 5), 0.0298ms
[2026-02-18 20:25:31.649 DBG] TwitchService :: Presence Timer :: Artificially updated presence with a threshold of 5 minutes (75.694ms)
[2026-02-18 20:26:31.575 DBG] ViewerRepo :: UpdatePresence(twitch, 5), 0.0296ms
[2026-02-18 20:26:31.652 DBG] TwitchService :: Presence Timer :: Artificially updated presence with a threshold of 5 minutes (78.2267ms)
[2026-02-18 20:27:13.791 DBG] Credits :: Time to save 23.0501ms
[2026-02-18 20:27:31.588 DBG] ViewerRepo :: UpdatePresence(twitch, 5), 0.0317ms
[2026-02-18 20:27:31.668 DBG] TwitchService :: Presence Timer :: Artificially updated presence with a threshold of 5 minutes (80.6577ms)
[2026-02-18 20:28:01.166 DBG] ActionDispatcher :: Queueing 'Sub Goal' (361aa588-5f31-4e19-b8a5-099cae52479d, TimedAction) to 'Default' (00000000-0000-0000-0000-000000000000), with 11 arguments
[2026-02-18 20:28:01.166 DBG] ActionQueue :: 'Default' (00000000-0000-0000-0000-000000000000) :: Enqueue action 361aa588-5f31-4e19-b8a5-099cae52479d
[2026-02-18 20:28:01.166 DBG] ActionQueue :: 'Default' (00000000-0000-0000-0000-000000000000) :: Handling queue
[2026-02-18 20:28:01.166 DBG] ActionQueue :: 'Default' (00000000-0000-0000-0000-000000000000) :: Performing non-blocking 'Sub Goal' (361aa588-5f31-4e19-b8a5-099cae52479d, 53d35eb3-15a7-49ed-89b3-de46c4d0f5b4)
[2026-02-18 20:28:31.592 DBG] ViewerRepo :: UpdatePresence(twitch, 5), 0.0323ms
[2026-02-18 20:28:31.667 DBG] TwitchService :: Presence Timer :: Artificially updated presence with a threshold of 5 minutes (75.5922ms)
[2026-02-18 20:28:35.410 DBG] AutoSave :: Auto saving settings...
[2026-02-18 20:28:35.432 DBG] Users :: Time to save 22.2888ms
[2026-02-18 20:28:35.459 DBG] Actions :: Time to save 27.1517ms
[2026-02-18 20:28:35.480 DBG] Commands :: Time to save 20.1305ms
[2026-02-18 20:28:35.498 DBG] Twitch Rewards :: Time to save 19.2385ms
[2026-02-18 20:28:35.517 DBG] Midi :: Time to save 18.0105ms
[2026-02-18 20:28:35.535 DBG] OBS Settings :: Time to save 18.2573ms
[2026-02-18 20:28:35.552 DBG] MeldStudio Settings :: Time to save 16.9498ms
[2026-02-18 20:28:35.569 DBG] Credits :: Time to save 16.8138ms
[2026-02-18 20:28:35.588 DBG] Quotes :: Time to save 18.8726ms
[2026-02-18 20:28:35.633 DBG] Config :: Time to save 21.0936ms
[2026-02-18 20:29:31.594 DBG] ViewerRepo :: UpdatePresence(twitch, 5), 0.0303ms
[2026-02-18 20:29:31.671 DBG] TwitchService :: Presence Timer :: Artificially updated presence with a threshold of 5 minutes (77.0473ms)
[2026-02-18 20:30:31.601 DBG] ViewerRepo :: UpdatePresence(twitch, 5), 0.0384ms
[2026-02-18 20:30:31.679 DBG] TwitchService :: Presence Timer :: Artificially updated presence with a threshold of 5 minutes (78.7565ms)
[2026-02-18 20:31:31.612 DBG] ViewerRepo :: UpdatePresence(twitch, 5), 0.0319ms
[2026-02-18 20:31:31.691 DBG] TwitchService :: Presence Timer :: Artificially updated presence with a threshold of 5 minutes (78.9499ms)
[2026-02-18 20:32:13.801 DBG] Credits :: Time to save 19.7141ms
[2026-02-18 20:32:31.628 DBG] ViewerRepo :: UpdatePresence(twitch, 5), 0.0305ms
[2026-02-18 20:32:31.701 DBG] TwitchService :: Presence Timer :: Artificially updated presence with a threshold of 5 minutes (74.1609ms)
[2026-02-18 20:33:31.643 DBG] ViewerRepo :: UpdatePresence(twitch, 5), 0.0286ms
[2026-02-18 20:33:31.733 DBG] TwitchService :: Presence Timer :: Artificially updated presence with a threshold of 5 minutes (90.268ms)
[2026-02-18 20:33:35.687 DBG] AutoSave :: Auto saving settings...
[2026-02-18 20:33:35.701 DBG] Users :: Time to save 15.2683ms
[2026-02-18 20:33:35.722 DBG] Actions :: Time to save 20.8231ms
[2026-02-18 20:33:35.743 DBG] Commands :: Time to save 20.9283ms
[2026-02-18 20:33:35.763 DBG] Twitch Rewards :: Time to save 20.0617ms
[2026-02-18 20:33:35.778 DBG] Midi :: Time to save 15.8635ms
[2026-02-18 20:33:35.791 DBG] OBS Settings :: Time to save 11.5484ms
[2026-02-18 20:33:35.806 DBG] MeldStudio Settings :: Time to save 14.4579ms
[2026-02-18 20:33:35.818 DBG] Credits :: Time to save 12.0934ms
[2026-02-18 20:33:35.831 DBG] Quotes :: Time to save 13.4226ms
[2026-02-18 20:33:35.912 DBG] Config :: Time to save 21.7786ms
[2026-02-18 20:34:31.652 DBG] ViewerRepo :: UpdatePresence(twitch, 5), 0.0303ms
[2026-02-18 20:34:31.730 DBG] TwitchService :: Presence Timer :: Artificially updated presence with a threshold of 5 minutes (78.2878ms)
[2026-02-18 20:35:31.677 DBG] ViewerRepo :: UpdatePresence(twitch, 5), 0.0289ms
[2026-02-18 20:35:31.753 DBG] TwitchService :: Presence Timer :: Artificially updated presence with a threshold of 5 minutes (76.2738ms)
[2026-02-18 20:36:31.686 DBG] ViewerRepo :: UpdatePresence(twitch, 5), 0.0294ms
[2026-02-18 20:36:31.762 DBG] TwitchService :: Presence Timer :: Artificially updated presence with a threshold of 5 minutes (76.3646ms)
[2026-02-18 20:37:00.498 DBG] Streamer.bot Website Socket :: Disconnected
[2026-02-18 20:37:00.498 INF] Streamer.bot Service :: Disconnected from Website Client
[2026-02-18 20:37:02.510 DBG] Streamer.bot Service :: Retrying website client connection
[2026-02-18 20:37:02.510 INF] Streamer.bot Service :: Connecting to Website Client
[2026-02-18 20:37:02.510 DBG] Streamer.bot Website Socket :: Opening connection
[2026-02-18 20:37:02.854 INF] Streamer.bot Service :: Website Client authenticated
[2026-02-18 20:37:02.854 INF] Streamer.bot Service :: Connected to Website Client
[2026-02-18 20:37:13.805 DBG] Credits :: Time to save 14.8928ms
[2026-02-18 20:37:31.691 DBG] ViewerRepo :: UpdatePresence(twitch, 5), 0.0416ms
[2026-02-18 20:37:31.773 DBG] TwitchService :: Presence Timer :: Artificially updated presence with a threshold of 5 minutes (82.3056ms)
[2026-02-18 20:38:01.374 DBG] ActionDispatcher :: Queueing 'Sub Goal' (361aa588-5f31-4e19-b8a5-099cae52479d, TimedAction) to 'Default' (00000000-0000-0000-0000-000000000000), with 11 arguments
[2026-02-18 20:38:01.374 DBG] ActionQueue :: 'Default' (00000000-0000-0000-0000-000000000000) :: Enqueue action 361aa588-5f31-4e19-b8a5-099cae52479d
[2026-02-18 20:38:01.374 DBG] ActionQueue :: 'Default' (00000000-0000-0000-0000-000000000000) :: Handling queue
[2026-02-18 20:38:01.374 DBG] ActionQueue :: 'Default' (00000000-0000-0000-0000-000000000000) :: Performing non-blocking 'Sub Goal' (361aa588-5f31-4e19-b8a5-099cae52479d, a18c54c8-8525-4d34-9cbb-f35270c033e2)
[2026-02-18 20:38:31.696 DBG] ViewerRepo :: UpdatePresence(twitch, 5), 0.0313ms
[2026-02-18 20:38:31.773 DBG] TwitchService :: Presence Timer :: Artificially updated presence with a threshold of 5 minutes (77.2184ms)
[2026-02-18 20:38:35.943 DBG] AutoSave :: Auto saving settings...
[2026-02-18 20:38:35.965 DBG] Users :: Time to save 21.5584ms
[2026-02-18 20:38:35.988 DBG] Actions :: Time to save 23.6264ms
[2026-02-18 20:38:36.006 DBG] Commands :: Time to save 17.8934ms
[2026-02-18 20:38:36.024 DBG] Twitch Rewards :: Time to save 18.0845ms
[2026-02-18 20:38:36.034 DBG] Midi :: Time to save 10.537ms
[2026-02-18 20:38:36.052 DBG] OBS Settings :: Time to save 17.5055ms
[2026-02-18 20:38:36.070 DBG] MeldStudio Settings :: Time to save 17.3187ms
[2026-02-18 20:38:36.088 DBG] Credits :: Time to save 18.3683ms
[2026-02-18 20:38:36.101 DBG] Quotes :: Time to save 13.2657ms
[2026-02-18 20:38:36.175 DBG] Config :: Time to save 14.5043ms
[2026-02-18 20:39:31.708 DBG] ViewerRepo :: UpdatePresence(twitch, 5), 0.0319ms
[2026-02-18 20:39:31.788 DBG] TwitchService :: Presence Timer :: Artificially updated presence with a threshold of 5 minutes (80.8028ms)
[2026-02-18 20:40:31.720 DBG] ViewerRepo :: UpdatePresence(twitch, 5), 0.0289ms
[2026-02-18 20:40:31.797 DBG] TwitchService :: Presence Timer :: Artificially updated presence with a threshold of 5 minutes (78.0006ms)
[2026-02-18 20:41:31.722 DBG] ViewerRepo :: UpdatePresence(twitch, 5), 0.0313ms
[2026-02-18 20:41:31.798 DBG] TwitchService :: Presence Timer :: Artificially updated presence with a threshold of 5 minutes (75.7717ms)
[2026-02-18 20:42:13.819 DBG] Credits :: Time to save 20.6773ms
[2026-02-18 20:42:31.734 DBG] ViewerRepo :: UpdatePresence(twitch, 5), 0.0304ms
[2026-02-18 20:42:31.811 DBG] TwitchService :: Presence Timer :: Artificially updated presence with a threshold of 5 minutes (76.3724ms)
[2026-02-18 20:43:31.737 DBG] ViewerRepo :: UpdatePresence(twitch, 5), 0.0299ms
[2026-02-18 20:43:31.813 DBG] TwitchService :: Presence Timer :: Artificially updated presence with a threshold of 5 minutes (77.5425ms)
[2026-02-18 20:43:36.198 DBG] AutoSave :: Auto saving settings...
[2026-02-18 20:43:36.220 DBG] Users :: Time to save 22.7428ms
[2026-02-18 20:43:36.243 DBG] Actions :: Time to save 22.7279ms
[2026-02-18 20:43:36.261 DBG] Commands :: Time to save 18.2119ms
[2026-02-18 20:43:36.273 DBG] Twitch Rewards :: Time to save 12.4906ms
[2026-02-18 20:43:36.285 DBG] Midi :: Time to save 11.315ms
[2026-02-18 20:43:36.298 DBG] OBS Settings :: Time to save 13.5452ms
[2026-02-18 20:43:36.310 DBG] MeldStudio Settings :: Time to save 11.6909ms
[2026-02-18 20:43:36.321 DBG] Credits :: Time to save 10.8159ms
[2026-02-18 20:43:36.340 DBG] Quotes :: Time to save 18.4376ms
[2026-02-18 20:43:36.423 DBG] Config :: Time to save 22.0178ms
[2026-02-18 20:44:31.747 DBG] ViewerRepo :: UpdatePresence(twitch, 5), 0.0305ms
[2026-02-18 20:44:31.824 DBG] TwitchService :: Presence Timer :: Artificially updated presence with a threshold of 5 minutes (77.3059ms)
[2026-02-18 20:45:31.760 DBG] ViewerRepo :: UpdatePresence(twitch, 5), 0.0303ms
[2026-02-18 20:45:31.839 DBG] TwitchService :: Presence Timer :: Artificially updated presence with a threshold of 5 minutes (79.8763ms)
[2026-02-18 20:46:31.768 DBG] ViewerRepo :: UpdatePresence(twitch, 5), 0.0315ms
[2026-02-18 20:46:31.843 DBG] TwitchService :: Presence Timer :: Artificially updated presence with a threshold of 5 minutes (75.8175ms)
[2026-02-18 20:47:13.828 DBG] Credits :: Time to save 19.9804ms
[2026-02-18 20:47:31.774 DBG] ViewerRepo :: UpdatePresence(twitch, 5), 0.0299ms
[2026-02-18 20:47:31.851 DBG] TwitchService :: Presence Timer :: Artificially updated presence with a threshold of 5 minutes (76.7516ms)
[2026-02-18 20:48:01.757 DBG] ActionDispatcher :: Queueing 'Sub Goal' (361aa588-5f31-4e19-b8a5-099cae52479d, TimedAction) to 'Default' (00000000-0000-0000-0000-000000000000), with 11 arguments
[2026-02-18 20:48:01.757 DBG] ActionQueue :: 'Default' (00000000-0000-0000-0000-000000000000) :: Enqueue action 361aa588-5f31-4e19-b8a5-099cae52479d
[2026-02-18 20:48:01.757 DBG] ActionQueue :: 'Default' (00000000-0000-0000-0000-000000000000) :: Handling queue
[2026-02-18 20:48:01.757 DBG] ActionQueue :: 'Default' (00000000-0000-0000-0000-000000000000) :: Performing non-blocking 'Sub Goal' (361aa588-5f31-4e19-b8a5-099cae52479d, 26dc2f42-a12c-4e7c-8763-5bca9020be20)
[2026-02-18 20:48:31.781 DBG] ViewerRepo :: UpdatePresence(twitch, 5), 0.0291ms
[2026-02-18 20:48:31.857 DBG] TwitchService :: Presence Timer :: Artificially updated presence with a threshold of 5 minutes (77.1678ms)
[2026-02-18 20:48:36.424 DBG] AutoSave :: Auto saving settings...
[2026-02-18 20:48:36.448 DBG] Users :: Time to save 24.2519ms
[2026-02-18 20:48:36.474 DBG] Actions :: Time to save 26.0498ms
[2026-02-18 20:48:36.495 DBG] Commands :: Time to save 20.5375ms
[2026-02-18 20:48:36.514 DBG] Twitch Rewards :: Time to save 18.9469ms
[2026-02-18 20:48:36.532 DBG] Midi :: Time to save 17.5594ms
[2026-02-18 20:48:36.544 DBG] OBS Settings :: Time to save 12.3832ms
[2026-02-18 20:48:36.561 DBG] MeldStudio Settings :: Time to save 16.6616ms
[2026-02-18 20:48:36.577 DBG] Credits :: Time to save 17.1305ms
[2026-02-18 20:48:36.596 DBG] Quotes :: Time to save 18.0294ms
[2026-02-18 20:48:36.648 DBG] Config :: Time to save 21.0428ms
[2026-02-18 20:49:31.784 DBG] ViewerRepo :: UpdatePresence(twitch, 5), 0.0322ms
[2026-02-18 20:49:31.861 DBG] TwitchService :: Presence Timer :: Artificially updated presence with a threshold of 5 minutes (77.1018ms)
[2026-02-18 20:50:31.784 DBG] ViewerRepo :: UpdatePresence(twitch, 5), 0.0314ms
[2026-02-18 20:50:31.865 DBG] TwitchService :: Presence Timer :: Artificially updated presence with a threshold of 5 minutes (82.0753ms)
[2026-02-18 20:51:31.801 DBG] ViewerRepo :: UpdatePresence(twitch, 5), 0.0312ms
[2026-02-18 20:51:31.883 DBG] TwitchService :: Presence Timer :: Artificially updated presence with a threshold of 5 minutes (82.0598ms)
[2026-02-18 20:52:13.827 DBG] Credits :: Time to save 16.7936ms
[2026-02-18 20:52:31.812 DBG] ViewerRepo :: UpdatePresence(twitch, 5), 0.0327ms
[2026-02-18 20:52:31.888 DBG] TwitchService :: Presence Timer :: Artificially updated presence with a threshold of 5 minutes (76.6252ms)
[2026-02-18 20:53:31.817 DBG] ViewerRepo :: UpdatePresence(twitch, 5), 0.0447ms
[2026-02-18 20:53:31.895 DBG] TwitchService :: Presence Timer :: Artificially updated presence with a threshold of 5 minutes (78.6077ms)
[2026-02-18 20:53:36.688 DBG] AutoSave :: Auto saving settings...
[2026-02-18 20:53:36.713 DBG] Users :: Time to save 25.5725ms
[2026-02-18 20:53:36.741 DBG] Actions :: Time to save 27.6625ms
[2026-02-18 20:53:36.761 DBG] Commands :: Time to save 19.5951ms
[2026-02-18 20:53:36.778 DBG] Twitch Rewards :: Time to save 17.1647ms
[2026-02-18 20:53:36.790 DBG] Midi :: Time to save 11.3246ms
[2026-02-18 20:53:36.803 DBG] OBS Settings :: Time to save 13.0656ms
[2026-02-18 20:53:36.814 DBG] MeldStudio Settings :: Time to save 11.331ms
[2026-02-18 20:53:36.831 DBG] Credits :: Time to save 17.0231ms
[2026-02-18 20:53:36.851 DBG] Quotes :: Time to save 20.1323ms
[2026-02-18 20:53:36.912 DBG] Config :: Time to save 20.8038ms
[2026-02-18 20:54:31.820 DBG] ViewerRepo :: UpdatePresence(twitch, 5), 0.0322ms
[2026-02-18 20:54:31.903 DBG] TwitchService :: Presence Timer :: Artificially updated presence with a threshold of 5 minutes (83.6361ms)
[2026-02-18 20:55:23.656 DBG] Streamer.bot Website Socket :: Disconnected
[2026-02-18 20:55:23.656 INF] Streamer.bot Service :: Disconnected from Website Client
[2026-02-18 20:55:25.660 DBG] Streamer.bot Service :: Retrying website client connection
[2026-02-18 20:55:25.660 INF] Streamer.bot Service :: Connecting to Website Client
[2026-02-18 20:55:25.660 DBG] Streamer.bot Website Socket :: Opening connection
[2026-02-18 20:55:31.822 DBG] ViewerRepo :: UpdatePresence(twitch, 5), 0.0314ms
[2026-02-18 20:55:31.901 DBG] TwitchService :: Presence Timer :: Artificially updated presence with a threshold of 5 minutes (79.3717ms)
[2026-02-18 20:55:32.365 DBG] Streamer.bot Website Socket :: Disconnected
[2026-02-18 20:55:32.365 INF] Streamer.bot Service :: Disconnected from Website Client
[2026-02-18 20:55:36.380 DBG] Streamer.bot Service :: Retrying website client connection
[2026-02-18 20:55:36.380 INF] Streamer.bot Service :: Connecting to Website Client
[2026-02-18 20:55:36.380 DBG] Streamer.bot Website Socket :: Opening connection
[2026-02-18 20:56:08.962 DBG] Streamer.bot Website Socket :: Disconnected
[2026-02-18 20:56:08.962 INF] Streamer.bot Service :: Disconnected from Website Client
[2026-02-18 20:56:16.965 DBG] Streamer.bot Service :: Retrying website client connection
[2026-02-18 20:56:16.965 INF] Streamer.bot Service :: Connecting to Website Client
[2026-02-18 20:56:16.965 DBG] Streamer.bot Website Socket :: Opening connection
[2026-02-18 20:56:17.262 INF] Streamer.bot Service :: Website Client authenticated
[2026-02-18 20:56:17.262 INF] Streamer.bot Service :: Connected to Website Client
[2026-02-18 20:56:31.833 DBG] ViewerRepo :: UpdatePresence(twitch, 5), 0.0306ms
[2026-02-18 20:56:31.908 DBG] TwitchService :: Presence Timer :: Artificially updated presence with a threshold of 5 minutes (76.5525ms)
[2026-02-18 20:57:13.832 DBG] Credits :: Time to save 15.5961ms
[2026-02-18 20:57:31.841 DBG] ViewerRepo :: UpdatePresence(twitch, 5), 0.0314ms
[2026-02-18 20:57:31.918 DBG] TwitchService :: Presence Timer :: Artificially updated presence with a threshold of 5 minutes (78.15ms)
[2026-02-18 20:58:01.814 DBG] ActionDispatcher :: Queueing 'Sub Goal' (361aa588-5f31-4e19-b8a5-099cae52479d, TimedAction) to 'Default' (00000000-0000-0000-0000-000000000000), with 11 arguments
[2026-02-18 20:58:01.814 DBG] ActionQueue :: 'Default' (00000000-0000-0000-0000-000000000000) :: Enqueue action 361aa588-5f31-4e19-b8a5-099cae52479d
[2026-02-18 20:58:01.814 DBG] ActionQueue :: 'Default' (00000000-0000-0000-0000-000000000000) :: Handling queue
[2026-02-18 20:58:01.814 DBG] ActionQueue :: 'Default' (00000000-0000-0000-0000-000000000000) :: Performing non-blocking 'Sub Goal' (361aa588-5f31-4e19-b8a5-099cae52479d, 02102113-196c-4300-b133-431820982cd2)
[2026-02-18 20:58:31.845 DBG] ViewerRepo :: UpdatePresence(twitch, 5), 0.0309ms
[2026-02-18 20:58:31.925 DBG] TwitchService :: Presence Timer :: Artificially updated presence with a threshold of 5 minutes (80.6462ms)
[2026-02-18 20:58:36.947 DBG] AutoSave :: Auto saving settings...
[2026-02-18 20:58:36.969 DBG] Users :: Time to save 22.5858ms
[2026-02-18 20:58:36.994 DBG] Actions :: Time to save 24.6638ms
[2026-02-18 20:58:37.015 DBG] Commands :: Time to save 20.6821ms
[2026-02-18 20:58:37.031 DBG] Twitch Rewards :: Time to save 15.8322ms
[2026-02-18 20:58:37.042 DBG] Midi :: Time to save 11.8823ms
[2026-02-18 20:58:37.062 DBG] OBS Settings :: Time to save 19.5885ms
[2026-02-18 20:58:37.080 DBG] MeldStudio Settings :: Time to save 16.9103ms
[2026-02-18 20:58:37.092 DBG] Credits :: Time to save 11.8809ms
[2026-02-18 20:58:37.107 DBG] Quotes :: Time to save 16.4523ms
[2026-02-18 20:58:37.173 DBG] Config :: Time to save 21.9883ms
[2026-02-18 20:59:31.852 DBG] ViewerRepo :: UpdatePresence(twitch, 5), 0.0295ms
[2026-02-18 20:59:31.926 DBG] TwitchService :: Presence Timer :: Artificially updated presence with a threshold of 5 minutes (74.5654ms)
[2026-02-18 21:00:31.857 DBG] ViewerRepo :: UpdatePresence(twitch, 5), 0.03ms
[2026-02-18 21:00:31.932 DBG] TwitchService :: Presence Timer :: Artificially updated presence with a threshold of 5 minutes (75.1723ms)
[2026-02-18 21:01:31.866 DBG] ViewerRepo :: UpdatePresence(twitch, 5), 0.0301ms
[2026-02-18 21:01:31.941 DBG] TwitchService :: Presence Timer :: Artificially updated presence with a threshold of 5 minutes (75.3058ms)
[2026-02-18 21:02:13.835 DBG] Credits :: Time to save 16.9335ms
[2026-02-18 21:02:26.929 DBG] Streamer.bot Website Socket :: Disconnected
[2026-02-18 21:02:26.929 INF] Streamer.bot Service :: Disconnected from Website Client
[2026-02-18 21:02:28.943 DBG] Streamer.bot Service :: Retrying website client connection
[2026-02-18 21:02:28.943 INF] Streamer.bot Service :: Connecting to Website Client
[2026-02-18 21:02:28.943 DBG] Streamer.bot Website Socket :: Opening connection
[2026-02-18 21:02:31.873 DBG] ViewerRepo :: UpdatePresence(twitch, 5), 0.0321ms
[2026-02-18 21:02:31.952 DBG] TwitchService :: Presence Timer :: Artificially updated presence with a threshold of 5 minutes (79.3589ms)
[2026-02-18 21:02:33.559 DBG] Streamer.bot Website Socket :: Disconnected
[2026-02-18 21:02:33.559 INF] Streamer.bot Service :: Disconnected from Website Client
[2026-02-18 21:02:37.570 DBG] Streamer.bot Service :: Retrying website client connection
[2026-02-18 21:02:37.570 INF] Streamer.bot Service :: Connecting to Website Client
[2026-02-18 21:02:37.570 DBG] Streamer.bot Website Socket :: Opening connection
[2026-02-18 21:03:07.793 DBG] Streamer.bot Website Socket :: Disconnected
[2026-02-18 21:03:07.793 INF] Streamer.bot Service :: Disconnected from Website Client
[2026-02-18 21:03:15.801 DBG] Streamer.bot Service :: Retrying website client connection
[2026-02-18 21:03:15.801 INF] Streamer.bot Service :: Connecting to Website Client
[2026-02-18 21:03:15.801 DBG] Streamer.bot Website Socket :: Opening connection
[2026-02-18 21:03:31.888 DBG] ViewerRepo :: UpdatePresence(twitch, 5), 0.0457ms
[2026-02-18 21:03:31.964 DBG] TwitchService :: Presence Timer :: Artificially updated presence with a threshold of 5 minutes (75.5726ms)
[2026-02-18 21:03:37.192 DBG] AutoSave :: Auto saving settings...
[2026-02-18 21:03:37.214 DBG] Users :: Time to save 23.1031ms
[2026-02-18 21:03:37.240 DBG] Actions :: Time to save 26.3133ms
[2026-02-18 21:03:37.262 DBG] Commands :: Time to save 20.9422ms
[2026-02-18 21:03:37.282 DBG] Twitch Rewards :: Time to save 20.0192ms
[2026-02-18 21:03:37.299 DBG] Midi :: Time to save 16.5563ms
[2026-02-18 21:03:37.315 DBG] OBS Settings :: Time to save 16.5045ms
[2026-02-18 21:03:37.332 DBG] MeldStudio Settings :: Time to save 17.5207ms
[2026-02-18 21:03:37.350 DBG] Credits :: Time to save 16.4346ms
[2026-02-18 21:03:37.370 DBG] Quotes :: Time to save 19.9887ms
[2026-02-18 21:03:37.414 DBG] Config :: Time to save 20.8059ms
[2026-02-18 21:03:39.417 DBG] Streamer.bot Website Socket :: Disconnected
[2026-02-18 21:03:39.417 INF] Streamer.bot Service :: Disconnected from Website Client
[2026-02-18 21:03:55.419 DBG] Streamer.bot Service :: Retrying website client connection
[2026-02-18 21:03:55.419 INF] Streamer.bot Service :: Connecting to Website Client
[2026-02-18 21:03:55.419 DBG] Streamer.bot Website Socket :: Opening connection
[2026-02-18 21:04:12.547 DBG] Streamer.bot Website Socket :: Disconnected
[2026-02-18 21:04:12.547 INF] Streamer.bot Service :: Disconnected from Website Client
[2026-02-18 21:04:31.900 DBG] ViewerRepo :: UpdatePresence(twitch, 5), 0.029ms
[2026-02-18 21:04:31.975 DBG] TwitchService :: Presence Timer :: Artificially updated presence with a threshold of 5 minutes (76.4896ms)
[2026-02-18 21:04:44.550 DBG] Streamer.bot Service :: Retrying website client connection
[2026-02-18 21:04:44.550 INF] Streamer.bot Service :: Connecting to Website Client
[2026-02-18 21:04:44.550 DBG] Streamer.bot Website Socket :: Opening connection
[2026-02-18 21:04:54.811 DBG] Streamer.bot Website Socket :: Disconnected
[2026-02-18 21:04:54.811 INF] Streamer.bot Service :: Disconnected from Website Client
[2026-02-18 21:05:31.915 DBG] ViewerRepo :: UpdatePresence(twitch, 5), 0.0302ms
[2026-02-18 21:05:31.991 DBG] TwitchService :: Presence Timer :: Artificially updated presence with a threshold of 5 minutes (76.263ms)
[2026-02-18 21:05:58.826 DBG] Streamer.bot Service :: Retrying website client connection
[2026-02-18 21:05:58.826 INF] Streamer.bot Service :: Connecting to Website Client
[2026-02-18 21:05:58.826 DBG] Streamer.bot Website Socket :: Opening connection
[2026-02-18 21:05:59.316 INF] Streamer.bot Service :: Website Client authenticated
[2026-02-18 21:05:59.317 INF] Streamer.bot Service :: Connected to Website Client
[2026-02-18 21:06:31.926 DBG] ViewerRepo :: UpdatePresence(twitch, 5), 0.0299ms
[2026-02-18 21:06:32.003 DBG] TwitchService :: Presence Timer :: Artificially updated presence with a threshold of 5 minutes (77.4718ms)
[2026-02-18 21:07:13.851 DBG] Credits :: Time to save 19.4634ms
[2026-02-18 21:07:31.940 DBG] ViewerRepo :: UpdatePresence(twitch, 5), 0.041ms
[2026-02-18 21:07:32.018 DBG] TwitchService :: Presence Timer :: Artificially updated presence with a threshold of 5 minutes (78.1462ms)
[2026-02-18 21:08:02.145 DBG] ActionDispatcher :: Queueing 'Sub Goal' (361aa588-5f31-4e19-b8a5-099cae52479d, TimedAction) to 'Default' (00000000-0000-0000-0000-000000000000), with 11 arguments
[2026-02-18 21:08:02.145 DBG] ActionQueue :: 'Default' (00000000-0000-0000-0000-000000000000) :: Enqueue action 361aa588-5f31-4e19-b8a5-099cae52479d
[2026-02-18 21:08:02.145 DBG] ActionQueue :: 'Default' (00000000-0000-0000-0000-000000000000) :: Handling queue
[2026-02-18 21:08:02.145 DBG] ActionQueue :: 'Default' (00000000-0000-0000-0000-000000000000) :: Performing non-blocking 'Sub Goal' (361aa588-5f31-4e19-b8a5-099cae52479d, ab4698f1-5ccf-4411-a9d3-808fcb731c74)
[2026-02-18 21:08:31.952 DBG] ViewerRepo :: UpdatePresence(twitch, 5), 0.0292ms
[2026-02-18 21:08:32.030 DBG] TwitchService :: Presence Timer :: Artificially updated presence with a threshold of 5 minutes (78.4719ms)
[2026-02-18 21:08:37.431 DBG] AutoSave :: Auto saving settings...
[2026-02-18 21:08:37.444 DBG] Users :: Time to save 13.7522ms
[2026-02-18 21:08:37.463 DBG] Actions :: Time to save 18.783ms
[2026-02-18 21:08:37.477 DBG] Commands :: Time to save 13.0439ms
[2026-02-18 21:08:37.488 DBG] Twitch Rewards :: Time to save 12.2577ms
[2026-02-18 21:08:37.503 DBG] Midi :: Time to save 14.8787ms
[2026-02-18 21:08:37.520 DBG] OBS Settings :: Time to save 16.5876ms
[2026-02-18 21:08:37.532 DBG] MeldStudio Settings :: Time to save 11.8417ms
[2026-02-18 21:08:37.544 DBG] Credits :: Time to save 11.602ms
[2026-02-18 21:08:37.555 DBG] Quotes :: Time to save 11.4805ms
[2026-02-18 21:08:37.654 DBG] Config :: Time to save 19.7784ms
[2026-02-18 21:09:31.967 DBG] ViewerRepo :: UpdatePresence(twitch, 5), 0.0317ms
[2026-02-18 21:09:32.045 DBG] TwitchService :: Presence Timer :: Artificially updated presence with a threshold of 5 minutes (77.9394ms)
[2026-02-18 21:10:31.972 DBG] ViewerRepo :: UpdatePresence(twitch, 5), 0.0288ms
[2026-02-18 21:10:32.538 DBG] TwitchService :: Presence Timer :: Artificially updated presence with a threshold of 5 minutes (565.8825ms)
[2026-02-18 21:11:31.973 DBG] ViewerRepo :: UpdatePresence(twitch, 5), 0.0298ms
[2026-02-18 21:11:32.050 DBG] TwitchService :: Presence Timer :: Artificially updated presence with a threshold of 5 minutes (77.5773ms)
[2026-02-18 21:12:13.858 DBG] Credits :: Time to save 19.7414ms
[2026-02-18 21:12:31.981 DBG] ViewerRepo :: UpdatePresence(twitch, 5), 0.0299ms
[2026-02-18 21:12:32.058 DBG] TwitchService :: Presence Timer :: Artificially updated presence with a threshold of 5 minutes (76.6806ms)
[2026-02-18 21:13:31.985 DBG] ViewerRepo :: UpdatePresence(twitch, 5), 0.0284ms
[2026-02-18 21:13:32.064 DBG] TwitchService :: Presence Timer :: Artificially updated presence with a threshold of 5 minutes (79.563ms)
[2026-02-18 21:13:37.649 DBG] AutoSave :: Auto saving settings...
[2026-02-18 21:13:37.665 DBG] Users :: Time to save 15.5971ms
[2026-02-18 21:13:37.682 DBG] Actions :: Time to save 18.1264ms
[2026-02-18 21:13:37.701 DBG] Commands :: Time to save 18.6702ms
[2026-02-18 21:13:37.715 DBG] Twitch Rewards :: Time to save 13.2779ms
[2026-02-18 21:13:37.732 DBG] Midi :: Time to save 16.8401ms
[2026-02-18 21:13:37.746 DBG] OBS Settings :: Time to save 14.1986ms
[2026-02-18 21:13:37.757 DBG] MeldStudio Settings :: Time to save 10.5887ms
[2026-02-18 21:13:37.772 DBG] Credits :: Time to save 15.6481ms
[2026-02-18 21:13:37.789 DBG] Quotes :: Time to save 17.4494ms
[2026-02-18 21:13:37.872 DBG] Config :: Time to save 20.5197ms
[2026-02-18 21:14:31.995 DBG] ViewerRepo :: UpdatePresence(twitch, 5), 0.0299ms
[2026-02-18 21:14:32.074 DBG] TwitchService :: Presence Timer :: Artificially updated presence with a threshold of 5 minutes (79.234ms)
[2026-02-18 21:15:31.999 DBG] ViewerRepo :: UpdatePresence(twitch, 5), 0.0295ms
[2026-02-18 21:15:32.075 DBG] TwitchService :: Presence Timer :: Artificially updated presence with a threshold of 5 minutes (75.5237ms)
[2026-02-18 21:16:32.014 DBG] ViewerRepo :: UpdatePresence(twitch, 5), 0.0287ms
[2026-02-18 21:16:32.116 DBG] TwitchService :: Presence Timer :: Artificially updated presence with a threshold of 5 minutes (102.3561ms)
[2026-02-18 21:17:13.876 DBG] Credits :: Time to save 22.0449ms
[2026-02-18 21:17:32.029 DBG] ViewerRepo :: UpdatePresence(twitch, 5), 0.0295ms
[2026-02-18 21:17:32.108 DBG] TwitchService :: Presence Timer :: Artificially updated presence with a threshold of 5 minutes (78.6951ms)
[2026-02-18 21:18:02.178 DBG] ActionDispatcher :: Queueing 'Sub Goal' (361aa588-5f31-4e19-b8a5-099cae52479d, TimedAction) to 'Default' (00000000-0000-0000-0000-000000000000), with 11 arguments
[2026-02-18 21:18:02.178 DBG] ActionQueue :: 'Default' (00000000-0000-0000-0000-000000000000) :: Enqueue action 361aa588-5f31-4e19-b8a5-099cae52479d
[2026-02-18 21:18:02.178 DBG] ActionQueue :: 'Default' (00000000-0000-0000-0000-000000000000) :: Handling queue
[2026-02-18 21:18:02.178 DBG] ActionQueue :: 'Default' (00000000-0000-0000-0000-000000000000) :: Performing non-blocking 'Sub Goal' (361aa588-5f31-4e19-b8a5-099cae52479d, db44b4af-6a3b-4f87-b8db-f4fa231dacec)
[2026-02-18 21:18:32.035 DBG] ViewerRepo :: UpdatePresence(twitch, 5), 0.0298ms
[2026-02-18 21:18:32.122 DBG] TwitchService :: Presence Timer :: Artificially updated presence with a threshold of 5 minutes (87.691ms)
[2026-02-18 21:18:37.865 DBG] AutoSave :: Auto saving settings...
[2026-02-18 21:18:37.886 DBG] Users :: Time to save 21.0243ms
[2026-02-18 21:18:37.908 DBG] Actions :: Time to save 21.7863ms
[2026-02-18 21:18:37.925 DBG] Commands :: Time to save 16.7716ms
[2026-02-18 21:18:37.942 DBG] Twitch Rewards :: Time to save 18.1925ms
[2026-02-18 21:18:37.954 DBG] Midi :: Time to save 11.1756ms
[2026-02-18 21:18:37.967 DBG] OBS Settings :: Time to save 13.866ms
[2026-02-18 21:18:37.984 DBG] MeldStudio Settings :: Time to save 16.006ms
[2026-02-18 21:18:37.999 DBG] Credits :: Time to save 15.2199ms
[2026-02-18 21:18:38.018 DBG] Quotes :: Time to save 18.4326ms
[2026-02-18 21:18:38.090 DBG] Config :: Time to save 20.9748ms
[2026-02-18 21:19:32.047 DBG] ViewerRepo :: UpdatePresence(twitch, 5), 0.0305ms
[2026-02-18 21:19:32.122 DBG] TwitchService :: Presence Timer :: Artificially updated presence with a threshold of 5 minutes (75.2848ms)
[2026-02-18 21:20:32.048 DBG] ViewerRepo :: UpdatePresence(twitch, 5), 0.031ms
[2026-02-18 21:20:32.122 DBG] TwitchService :: Presence Timer :: Artificially updated presence with a threshold of 5 minutes (75.0883ms)
[2026-02-18 21:21:32.060 DBG] ViewerRepo :: UpdatePresence(twitch, 5), 0.0306ms
[2026-02-18 21:21:32.134 DBG] TwitchService :: Presence Timer :: Artificially updated presence with a threshold of 5 minutes (73.2479ms)
[2026-02-18 21:22:13.881 DBG] Credits :: Time to save 19.5882ms
[2026-02-18 21:22:32.068 DBG] ViewerRepo :: UpdatePresence(twitch, 5), 0.0307ms
[2026-02-18 21:22:32.142 DBG] TwitchService :: Presence Timer :: Artificially updated presence with a threshold of 5 minutes (74.6736ms)
[2026-02-18 21:23:32.069 DBG] ViewerRepo :: UpdatePresence(twitch, 5), 0.0302ms
[2026-02-18 21:23:32.147 DBG] TwitchService :: Presence Timer :: Artificially updated presence with a threshold of 5 minutes (77.9332ms)
[2026-02-18 21:23:38.126 DBG] AutoSave :: Auto saving settings...
[2026-02-18 21:23:38.149 DBG] Users :: Time to save 23.1483ms
[2026-02-18 21:23:38.171 DBG] Actions :: Time to save 22.0428ms
[2026-02-18 21:23:38.190 DBG] Commands :: Time to save 19.1786ms
[2026-02-18 21:23:38.210 DBG] Twitch Rewards :: Time to save 19.738ms
[2026-02-18 21:23:38.224 DBG] Midi :: Time to save 13.3189ms
[2026-02-18 21:23:38.242 DBG] OBS Settings :: Time to save 19.6756ms
[2026-02-18 21:23:38.262 DBG] MeldStudio Settings :: Time to save 20.1781ms
[2026-02-18 21:23:38.282 DBG] Credits :: Time to save 18.5517ms
[2026-02-18 21:23:38.302 DBG] Quotes :: Time to save 20.8348ms
[2026-02-18 21:23:38.351 DBG] Config :: Time to save 22.8172ms
[2026-02-18 21:24:32.074 DBG] ViewerRepo :: UpdatePresence(twitch, 5), 0.0324ms
[2026-02-18 21:24:32.156 DBG] TwitchService :: Presence Timer :: Artificially updated presence with a threshold of 5 minutes (82.3574ms)
[2026-02-18 21:25:32.089 DBG] ViewerRepo :: UpdatePresence(twitch, 5), 0.0317ms
[2026-02-18 21:25:32.169 DBG] TwitchService :: Presence Timer :: Artificially updated presence with a threshold of 5 minutes (80.3632ms)
[2026-02-18 21:26:32.094 DBG] ViewerRepo :: UpdatePresence(twitch, 5), 0.0309ms
[2026-02-18 21:26:32.170 DBG] TwitchService :: Presence Timer :: Artificially updated presence with a threshold of 5 minutes (76.7716ms)
[2026-02-18 21:27:13.886 DBG] Credits :: Time to save 19.4592ms
[2026-02-18 21:27:32.105 DBG] ViewerRepo :: UpdatePresence(twitch, 5), 0.0312ms
[2026-02-18 21:27:32.180 DBG] TwitchService :: Presence Timer :: Artificially updated presence with a threshold of 5 minutes (75.3122ms)
[2026-02-18 21:28:03.178 DBG] ActionDispatcher :: Queueing 'Sub Goal' (361aa588-5f31-4e19-b8a5-099cae52479d, TimedAction) to 'Default' (00000000-0000-0000-0000-000000000000), with 11 arguments
[2026-02-18 21:28:03.178 DBG] ActionQueue :: 'Default' (00000000-0000-0000-0000-000000000000) :: Enqueue action 361aa588-5f31-4e19-b8a5-099cae52479d
[2026-02-18 21:28:03.178 DBG] ActionQueue :: 'Default' (00000000-0000-0000-0000-000000000000) :: Handling queue
[2026-02-18 21:28:03.178 DBG] ActionQueue :: 'Default' (00000000-0000-0000-0000-000000000000) :: Performing non-blocking 'Sub Goal' (361aa588-5f31-4e19-b8a5-099cae52479d, f2966db7-c0f3-4d46-961f-fe783ee61f8a)
[2026-02-18 21:28:32.118 DBG] ViewerRepo :: UpdatePresence(twitch, 5), 0.0302ms
[2026-02-18 21:28:32.197 DBG] TwitchService :: Presence Timer :: Artificially updated presence with a threshold of 5 minutes (79.822ms)
[2026-02-18 21:28:38.407 DBG] AutoSave :: Auto saving settings...
[2026-02-18 21:28:38.428 DBG] Users :: Time to save 21.5318ms
[2026-02-18 21:28:38.458 DBG] Actions :: Time to save 29.0376ms
[2026-02-18 21:28:38.479 DBG] Commands :: Time to save 21.6107ms
[2026-02-18 21:28:38.500 DBG] Twitch Rewards :: Time to save 21.2819ms
[2026-02-18 21:28:38.519 DBG] Midi :: Time to save 19.4017ms
[2026-02-18 21:28:38.537 DBG] OBS Settings :: Time to save 17.4884ms
[2026-02-18 21:28:38.555 DBG] MeldStudio Settings :: Time to save 17.8098ms
[2026-02-18 21:28:38.572 DBG] Credits :: Time to save 16.9179ms
[2026-02-18 21:28:38.591 DBG] Quotes :: Time to save 18.5087ms
[2026-02-18 21:28:38.632 DBG] Config :: Time to save 22.167ms
[2026-02-18 21:29:32.145 DBG] ViewerRepo :: UpdatePresence(twitch, 5), 0.0283ms
[2026-02-18 21:29:32.222 DBG] TwitchService :: Presence Timer :: Artificially updated presence with a threshold of 5 minutes (78.6215ms)
[2026-02-18 21:29:55.398 DBG] StreamElements Socket :: Disconnected
[2026-02-18 21:29:55.398 INF] StreamElements Service :: Disconnected from Client
[2026-02-18 21:29:57.410 DBG] StreamElements Service :: Retrying client connection
[2026-02-18 21:29:57.410 INF] StreamElements Service :: Connecting to Client
[2026-02-18 21:29:57.410 DBG] StreamElements Socket :: Opening connection
[2026-02-18 21:29:57.687 INF] StreamElements Service :: Connected to Client
[2026-02-18 21:30:32.150 DBG] ViewerRepo :: UpdatePresence(twitch, 5), 0.0286ms
[2026-02-18 21:30:32.226 DBG] TwitchService :: Presence Timer :: Artificially updated presence with a threshold of 5 minutes (76.2768ms)
[2026-02-18 21:31:32.158 DBG] ViewerRepo :: UpdatePresence(twitch, 5), 0.0296ms
[2026-02-18 21:31:32.235 DBG] TwitchService :: Presence Timer :: Artificially updated presence with a threshold of 5 minutes (77.6688ms)
[2026-02-18 21:32:13.898 DBG] Credits :: Time to save 19.9216ms
[2026-02-18 21:32:32.159 DBG] ViewerRepo :: UpdatePresence(twitch, 5), 0.0301ms
[2026-02-18 21:32:32.236 DBG] TwitchService :: Presence Timer :: Artificially updated presence with a threshold of 5 minutes (77.0501ms)
[2026-02-18 21:33:32.169 DBG] ViewerRepo :: UpdatePresence(twitch, 5), 0.0298ms
[2026-02-18 21:33:32.248 DBG] TwitchService :: Presence Timer :: Artificially updated presence with a threshold of 5 minutes (79.3636ms)
[2026-02-18 21:33:38.677 DBG] AutoSave :: Auto saving settings...
[2026-02-18 21:33:38.699 DBG] Users :: Time to save 22.6264ms
[2026-02-18 21:33:38.725 DBG] Actions :: Time to save 26.541ms
[2026-02-18 21:33:38.746 DBG] Commands :: Time to save 19.4521ms
[2026-02-18 21:33:38.765 DBG] Twitch Rewards :: Time to save 19.0399ms
[2026-02-18 21:33:38.781 DBG] Midi :: Time to save 16.6955ms
[2026-02-18 21:33:38.798 DBG] OBS Settings :: Time to save 16.7654ms
[2026-02-18 21:33:38.814 DBG] MeldStudio Settings :: Time to save 16.7034ms
[2026-02-18 21:33:38.831 DBG] Credits :: Time to save 16.0967ms
[2026-02-18 21:33:38.850 DBG] Quotes :: Time to save 18.8465ms
[2026-02-18 21:33:38.901 DBG] Config :: Time to save 20.9369ms
[2026-02-18 21:34:32.170 DBG] ViewerRepo :: UpdatePresence(twitch, 5), 0.0549ms
[2026-02-18 21:34:32.247 DBG] TwitchService :: Presence Timer :: Artificially updated presence with a threshold of 5 minutes (76.9706ms)
[2026-02-18 21:35:32.176 DBG] ViewerRepo :: UpdatePresence(twitch, 5), 0.0397ms
[2026-02-18 21:35:32.254 DBG] TwitchService :: Presence Timer :: Artificially updated presence with a threshold of 5 minutes (77.8795ms)
[2026-02-18 21:36:32.188 DBG] ViewerRepo :: UpdatePresence(twitch, 5), 0.0292ms
[2026-02-18 21:36:32.264 DBG] TwitchService :: Presence Timer :: Artificially updated presence with a threshold of 5 minutes (75.9835ms)
[2026-02-18 21:37:13.906 DBG] Credits :: Time to save 19.0692ms
[2026-02-18 21:37:32.202 DBG] ViewerRepo :: UpdatePresence(twitch, 5), 0.0307ms
[2026-02-18 21:37:32.280 DBG] TwitchService :: Presence Timer :: Artificially updated presence with a threshold of 5 minutes (78.8395ms)
[2026-02-18 21:38:03.326 DBG] ActionDispatcher :: Queueing 'Sub Goal' (361aa588-5f31-4e19-b8a5-099cae52479d, TimedAction) to 'Default' (00000000-0000-0000-0000-000000000000), with 11 arguments
[2026-02-18 21:38:03.326 DBG] ActionQueue :: 'Default' (00000000-0000-0000-0000-000000000000) :: Enqueue action 361aa588-5f31-4e19-b8a5-099cae52479d
[2026-02-18 21:38:03.326 DBG] ActionQueue :: 'Default' (00000000-0000-0000-0000-000000000000) :: Handling queue
[2026-02-18 21:38:03.326 DBG] ActionQueue :: 'Default' (00000000-0000-0000-0000-000000000000) :: Performing non-blocking 'Sub Goal' (361aa588-5f31-4e19-b8a5-099cae52479d, ecb0cf51-864f-40ec-8676-0d5b0a57e2cc)
[2026-02-18 21:38:32.205 DBG] ViewerRepo :: UpdatePresence(twitch, 5), 0.032ms
[2026-02-18 21:38:32.286 DBG] TwitchService :: Presence Timer :: Artificially updated presence with a threshold of 5 minutes (81.1847ms)
[2026-02-18 21:38:38.956 DBG] AutoSave :: Auto saving settings...
[2026-02-18 21:38:38.980 DBG] Users :: Time to save 24.6402ms
[2026-02-18 21:38:39.007 DBG] Actions :: Time to save 26.7038ms
[2026-02-18 21:38:39.027 DBG] Commands :: Time to save 20.2171ms
[2026-02-18 21:38:39.050 DBG] Twitch Rewards :: Time to save 22.8583ms
[2026-02-18 21:38:39.067 DBG] Midi :: Time to save 17.1123ms
[2026-02-18 21:38:39.085 DBG] OBS Settings :: Time to save 18.2504ms
[2026-02-18 21:38:39.102 DBG] MeldStudio Settings :: Time to save 16.8656ms
[2026-02-18 21:38:39.119 DBG] Credits :: Time to save 16.6844ms
[2026-02-18 21:38:39.140 DBG] Quotes :: Time to save 20.851ms
[2026-02-18 21:38:39.182 DBG] Config :: Time to save 22.8776ms
[2026-02-18 21:39:32.216 DBG] ViewerRepo :: UpdatePresence(twitch, 5), 0.031ms
[2026-02-18 21:39:32.290 DBG] TwitchService :: Presence Timer :: Artificially updated presence with a threshold of 5 minutes (74.4281ms)
[2026-02-18 21:40:32.219 DBG] ViewerRepo :: UpdatePresence(twitch, 5), 0.0291ms
[2026-02-18 21:40:32.296 DBG] TwitchService :: Presence Timer :: Artificially updated presence with a threshold of 5 minutes (76.8936ms)
[2026-02-18 21:41:32.221 DBG] ViewerRepo :: UpdatePresence(twitch, 5), 0.0304ms
[2026-02-18 21:41:32.299 DBG] TwitchService :: Presence Timer :: Artificially updated presence with a threshold of 5 minutes (78.6752ms)
[2026-02-18 21:42:13.917 DBG] Credits :: Time to save 21.6997ms
[2026-02-18 21:42:32.230 DBG] ViewerRepo :: UpdatePresence(twitch, 5), 0.0308ms
[2026-02-18 21:42:32.317 DBG] TwitchService :: Presence Timer :: Artificially updated presence with a threshold of 5 minutes (87.2048ms)
[2026-02-18 21:43:32.246 DBG] ViewerRepo :: UpdatePresence(twitch, 5), 0.0324ms
[2026-02-18 21:43:32.339 DBG] TwitchService :: Presence Timer :: Artificially updated presence with a threshold of 5 minutes (93.4965ms)
[2026-02-18 21:43:39.235 DBG] AutoSave :: Auto saving settings...
[2026-02-18 21:43:39.258 DBG] Users :: Time to save 23.7951ms
[2026-02-18 21:43:39.288 DBG] Actions :: Time to save 29.3707ms
[2026-02-18 21:43:39.308 DBG] Commands :: Time to save 20.6188ms
[2026-02-18 21:43:39.327 DBG] Twitch Rewards :: Time to save 20.0199ms
[2026-02-18 21:43:39.345 DBG] Midi :: Time to save 17.5294ms
[2026-02-18 21:43:39.363 DBG] OBS Settings :: Time to save 17.8414ms
[2026-02-18 21:43:39.377 DBG] MeldStudio Settings :: Time to save 12.495ms
[2026-02-18 21:43:39.394 DBG] Credits :: Time to save 18.3184ms
[2026-02-18 21:43:39.415 DBG] Quotes :: Time to save 20.1062ms
[2026-02-18 21:43:39.460 DBG] Config :: Time to save 23.5924ms
[2026-02-18 21:44:32.269 DBG] ViewerRepo :: UpdatePresence(twitch, 5), 0.0394ms
[2026-02-18 21:44:32.348 DBG] TwitchService :: Presence Timer :: Artificially updated presence with a threshold of 5 minutes (79.0182ms)
[2026-02-18 21:45:32.280 DBG] ViewerRepo :: UpdatePresence(twitch, 5), 0.0308ms
[2026-02-18 21:45:32.356 DBG] TwitchService :: Presence Timer :: Artificially updated presence with a threshold of 5 minutes (76.5662ms)
[2026-02-18 21:46:32.291 DBG] ViewerRepo :: UpdatePresence(twitch, 5), 0.0298ms
[2026-02-18 21:46:32.371 DBG] TwitchService :: Presence Timer :: Artificially updated presence with a threshold of 5 minutes (80.719ms)
[2026-02-18 21:47:13.919 DBG] Credits :: Time to save 19.2317ms
[2026-02-18 21:47:32.294 DBG] ViewerRepo :: UpdatePresence(twitch, 5), 0.0299ms
[2026-02-18 21:47:32.372 DBG] TwitchService :: Presence Timer :: Artificially updated presence with a threshold of 5 minutes (78.7114ms)
[2026-02-18 21:48:03.525 DBG] ActionDispatcher :: Queueing 'Sub Goal' (361aa588-5f31-4e19-b8a5-099cae52479d, TimedAction) to 'Default' (00000000-0000-0000-0000-000000000000), with 11 arguments
[2026-02-18 21:48:03.525 DBG] ActionQueue :: 'Default' (00000000-0000-0000-0000-000000000000) :: Enqueue action 361aa588-5f31-4e19-b8a5-099cae52479d
[2026-02-18 21:48:03.525 DBG] ActionQueue :: 'Default' (00000000-0000-0000-0000-000000000000) :: Handling queue
[2026-02-18 21:48:03.525 DBG] ActionQueue :: 'Default' (00000000-0000-0000-0000-000000000000) :: Performing non-blocking 'Sub Goal' (361aa588-5f31-4e19-b8a5-099cae52479d, 595195b0-9239-425e-ab81-3ac60fc9d35e)
[2026-02-18 21:48:32.301 DBG] ViewerRepo :: UpdatePresence(twitch, 5), 0.0387ms
[2026-02-18 21:48:32.378 DBG] TwitchService :: Presence Timer :: Artificially updated presence with a threshold of 5 minutes (77.3174ms)
[2026-02-18 21:48:39.493 DBG] AutoSave :: Auto saving settings...
[2026-02-18 21:48:39.514 DBG] Users :: Time to save 21.4511ms
[2026-02-18 21:48:39.541 DBG] Actions :: Time to save 26.805ms
[2026-02-18 21:48:39.561 DBG] Commands :: Time to save 19.7494ms
[2026-02-18 21:48:39.580 DBG] Twitch Rewards :: Time to save 19.4425ms
[2026-02-18 21:48:39.598 DBG] Midi :: Time to save 17.3638ms
[2026-02-18 21:48:39.617 DBG] OBS Settings :: Time to save 18.9206ms
[2026-02-18 21:48:39.634 DBG] MeldStudio Settings :: Time to save 17.4944ms
[2026-02-18 21:48:39.652 DBG] Credits :: Time to save 17.022ms
[2026-02-18 21:48:39.671 DBG] Quotes :: Time to save 19.1309ms
[2026-02-18 21:48:39.717 DBG] Config :: Time to save 20.9315ms
[2026-02-18 21:49:32.307 DBG] ViewerRepo :: UpdatePresence(twitch, 5), 0.03ms
[2026-02-18 21:49:32.387 DBG] TwitchService :: Presence Timer :: Artificially updated presence with a threshold of 5 minutes (79.9188ms)
[2026-02-18 21:50:32.322 DBG] ViewerRepo :: UpdatePresence(twitch, 5), 0.0289ms
[2026-02-18 21:50:32.397 DBG] TwitchService :: Presence Timer :: Artificially updated presence with a threshold of 5 minutes (76.5291ms)
[2026-02-18 21:51:32.332 DBG] ViewerRepo :: UpdatePresence(twitch, 5), 0.034ms
[2026-02-18 21:51:32.414 DBG] TwitchService :: Presence Timer :: Artificially updated presence with a threshold of 5 minutes (82.8399ms)
[2026-02-18 21:52:13.923 DBG] Credits :: Time to save 16.6763ms
[2026-02-18 21:52:32.346 DBG] ViewerRepo :: UpdatePresence(twitch, 5), 0.0297ms
[2026-02-18 21:52:32.423 DBG] TwitchService :: Presence Timer :: Artificially updated presence with a threshold of 5 minutes (77.1359ms)
[2026-02-18 21:53:32.353 DBG] ViewerRepo :: UpdatePresence(twitch, 5), 0.031ms
[2026-02-18 21:53:32.427 DBG] TwitchService :: Presence Timer :: Artificially updated presence with a threshold of 5 minutes (74.6518ms)
[2026-02-18 21:53:39.777 DBG] AutoSave :: Auto saving settings...
[2026-02-18 21:53:39.797 DBG] Users :: Time to save 21.4802ms
[2026-02-18 21:53:39.825 DBG] Actions :: Time to save 26.5824ms
[2026-02-18 21:53:39.844 DBG] Commands :: Time to save 19.5464ms
[2026-02-18 21:53:39.864 DBG] Twitch Rewards :: Time to save 19.7627ms
[2026-02-18 21:53:39.877 DBG] Midi :: Time to save 13.088ms
[2026-02-18 21:53:39.895 DBG] OBS Settings :: Time to save 17.9227ms
[2026-02-18 21:53:39.912 DBG] MeldStudio Settings :: Time to save 16.9268ms
[2026-02-18 21:53:39.926 DBG] Credits :: Time to save 13.7075ms
[2026-02-18 21:53:39.944 DBG] Quotes :: Time to save 18.8556ms
[2026-02-18 21:53:40.000 DBG] Config :: Time to save 21.3858ms
[2026-02-18 21:54:32.362 DBG] ViewerRepo :: UpdatePresence(twitch, 5), 0.0383ms
[2026-02-18 21:54:32.440 DBG] TwitchService :: Presence Timer :: Artificially updated presence with a threshold of 5 minutes (78.6607ms)
[2026-02-18 21:55:32.372 DBG] ViewerRepo :: UpdatePresence(twitch, 5), 0.0315ms
[2026-02-18 21:55:32.451 DBG] TwitchService :: Presence Timer :: Artificially updated presence with a threshold of 5 minutes (79.4381ms)
[2026-02-18 21:56:32.373 DBG] ViewerRepo :: UpdatePresence(twitch, 5), 0.0326ms
[2026-02-18 21:56:32.449 DBG] TwitchService :: Presence Timer :: Artificially updated presence with a threshold of 5 minutes (75.9789ms)
[2026-02-18 21:57:13.936 DBG] Credits :: Time to save 20.0301ms
[2026-02-18 21:57:32.396 DBG] ViewerRepo :: UpdatePresence(twitch, 5), 0.0301ms
[2026-02-18 21:57:32.472 DBG] TwitchService :: Presence Timer :: Artificially updated presence with a threshold of 5 minutes (76.2029ms)
[2026-02-18 21:58:03.796 DBG] ActionDispatcher :: Queueing 'Sub Goal' (361aa588-5f31-4e19-b8a5-099cae52479d, TimedAction) to 'Default' (00000000-0000-0000-0000-000000000000), with 11 arguments
[2026-02-18 21:58:03.796 DBG] ActionQueue :: 'Default' (00000000-0000-0000-0000-000000000000) :: Enqueue action 361aa588-5f31-4e19-b8a5-099cae52479d
[2026-02-18 21:58:03.796 DBG] ActionQueue :: 'Default' (00000000-0000-0000-0000-000000000000) :: Handling queue
[2026-02-18 21:58:03.796 DBG] ActionQueue :: 'Default' (00000000-0000-0000-0000-000000000000) :: Performing non-blocking 'Sub Goal' (361aa588-5f31-4e19-b8a5-099cae52479d, 64e27f73-5ca0-4bfb-bb54-d093479a567a)
[2026-02-18 21:58:32.409 DBG] ViewerRepo :: UpdatePresence(twitch, 5), 0.0298ms
[2026-02-18 21:58:32.484 DBG] TwitchService :: Presence Timer :: Artificially updated presence with a threshold of 5 minutes (74.8448ms)
[2026-02-18 21:58:40.067 DBG] AutoSave :: Auto saving settings...
[2026-02-18 21:58:40.086 DBG] Users :: Time to save 19.0257ms
[2026-02-18 21:58:40.111 DBG] Actions :: Time to save 25.1353ms
[2026-02-18 21:58:40.132 DBG] Commands :: Time to save 21.0737ms
[2026-02-18 21:58:40.152 DBG] Twitch Rewards :: Time to save 18.9957ms
[2026-02-18 21:58:40.170 DBG] Midi :: Time to save 18.5254ms
[2026-02-18 21:58:40.184 DBG] OBS Settings :: Time to save 14.436ms
[2026-02-18 21:58:40.202 DBG] MeldStudio Settings :: Time to save 17.4061ms
[2026-02-18 21:58:40.220 DBG] Credits :: Time to save 17.9099ms
[2026-02-18 21:58:40.239 DBG] Quotes :: Time to save 19.1776ms
[2026-02-18 21:58:40.292 DBG] Config :: Time to save 20.9446ms
[2026-02-18 21:59:32.417 DBG] ViewerRepo :: UpdatePresence(twitch, 5), 0.0299ms
[2026-02-18 21:59:32.494 DBG] TwitchService :: Presence Timer :: Artificially updated presence with a threshold of 5 minutes (77.8069ms)
[2026-02-18 22:00:32.425 DBG] ViewerRepo :: UpdatePresence(twitch, 5), 0.0328ms
[2026-02-18 22:00:32.497 DBG] TwitchService :: Presence Timer :: Artificially updated presence with a threshold of 5 minutes (73.2294ms)
[2026-02-18 22:01:32.430 DBG] ViewerRepo :: UpdatePresence(twitch, 5), 0.0289ms
[2026-02-18 22:01:32.507 DBG] TwitchService :: Presence Timer :: Artificially updated presence with a threshold of 5 minutes (77.8507ms)
[2026-02-18 22:02:13.948 DBG] Credits :: Time to save 18.1799ms
[2026-02-18 22:02:32.433 DBG] ViewerRepo :: UpdatePresence(twitch, 5), 0.0293ms
[2026-02-18 22:02:32.511 DBG] TwitchService :: Presence Timer :: Artificially updated presence with a threshold of 5 minutes (77.6414ms)
[2026-02-18 22:03:32.439 DBG] ViewerRepo :: UpdatePresence(twitch, 5), 0.0459ms
[2026-02-18 22:03:32.523 DBG] TwitchService :: Presence Timer :: Artificially updated presence with a threshold of 5 minutes (84.4497ms)
[2026-02-18 22:03:40.320 DBG] AutoSave :: Auto saving settings...
[2026-02-18 22:03:40.341 DBG] Users :: Time to save 21.411ms
[2026-02-18 22:03:40.365 DBG] Actions :: Time to save 24.5984ms
[2026-02-18 22:03:40.384 DBG] Commands :: Time to save 19.4458ms
[2026-02-18 22:03:40.404 DBG] Twitch Rewards :: Time to save 19.022ms
[2026-02-18 22:03:40.421 DBG] Midi :: Time to save 16.7009ms
[2026-02-18 22:03:40.437 DBG] OBS Settings :: Time to save 16.7497ms
[2026-02-18 22:03:40.455 DBG] MeldStudio Settings :: Time to save 16.9257ms
[2026-02-18 22:03:40.471 DBG] Credits :: Time to save 16.9052ms
[2026-02-18 22:03:40.491 DBG] Quotes :: Time to save 19.1067ms
[2026-02-18 22:03:40.544 DBG] Config :: Time to save 20.4586ms
[2026-02-18 22:04:32.457 DBG] ViewerRepo :: UpdatePresence(twitch, 5), 0.0324ms
[2026-02-18 22:04:32.532 DBG] TwitchService :: Presence Timer :: Artificially updated presence with a threshold of 5 minutes (75.3885ms)
[2026-02-18 22:05:32.468 DBG] ViewerRepo :: UpdatePresence(twitch, 5), 0.0312ms
[2026-02-18 22:05:32.545 DBG] TwitchService :: Presence Timer :: Artificially updated presence with a threshold of 5 minutes (76.8218ms)
[2026-02-18 22:06:32.483 DBG] ViewerRepo :: UpdatePresence(twitch, 5), 0.0358ms
[2026-02-18 22:06:32.561 DBG] TwitchService :: Presence Timer :: Artificially updated presence with a threshold of 5 minutes (77.0919ms)
[2026-02-18 22:07:13.959 DBG] Credits :: Time to save 20.2582ms
[2026-02-18 22:07:32.499 DBG] ViewerRepo :: UpdatePresence(twitch, 5), 0.0365ms
[2026-02-18 22:07:32.576 DBG] TwitchService :: Presence Timer :: Artificially updated presence with a threshold of 5 minutes (78.2061ms)
[2026-02-18 22:08:04.025 DBG] ActionDispatcher :: Queueing 'Sub Goal' (361aa588-5f31-4e19-b8a5-099cae52479d, TimedAction) to 'Default' (00000000-0000-0000-0000-000000000000), with 11 arguments
[2026-02-18 22:08:04.025 DBG] ActionQueue :: 'Default' (00000000-0000-0000-0000-000000000000) :: Enqueue action 361aa588-5f31-4e19-b8a5-099cae52479d
[2026-02-18 22:08:04.025 DBG] ActionQueue :: 'Default' (00000000-0000-0000-0000-000000000000) :: Handling queue
[2026-02-18 22:08:04.025 DBG] ActionQueue :: 'Default' (00000000-0000-0000-0000-000000000000) :: Performing non-blocking 'Sub Goal' (361aa588-5f31-4e19-b8a5-099cae52479d, e3b6b1c3-3e1c-412a-b2b1-491231a7dd60)
[2026-02-18 22:08:32.507 DBG] ViewerRepo :: UpdatePresence(twitch, 5), 0.028ms
[2026-02-18 22:08:32.599 DBG] TwitchService :: Presence Timer :: Artificially updated presence with a threshold of 5 minutes (92.3633ms)
[2026-02-18 22:08:40.604 DBG] AutoSave :: Auto saving settings...
[2026-02-18 22:08:40.623 DBG] Users :: Time to save 19.4502ms
[2026-02-18 22:08:40.649 DBG] Actions :: Time to save 25.3467ms
[2026-02-18 22:08:40.667 DBG] Commands :: Time to save 18.8867ms
[2026-02-18 22:08:40.686 DBG] Twitch Rewards :: Time to save 18.4094ms
[2026-02-18 22:08:40.703 DBG] Midi :: Time to save 16.5649ms
[2026-02-18 22:08:40.719 DBG] OBS Settings :: Time to save 16.7845ms
[2026-02-18 22:08:40.736 DBG] MeldStudio Settings :: Time to save 16.705ms
[2026-02-18 22:08:40.753 DBG] Credits :: Time to save 16.9129ms
[2026-02-18 22:08:40.772 DBG] Quotes :: Time to save 18.9292ms
[2026-02-18 22:08:40.825 DBG] Config :: Time to save 20.0019ms
[2026-02-18 22:09:32.509 DBG] ViewerRepo :: UpdatePresence(twitch, 5), 0.0306ms
[2026-02-18 22:09:32.585 DBG] TwitchService :: Presence Timer :: Artificially updated presence with a threshold of 5 minutes (76.7633ms)
[2026-02-18 22:10:32.514 DBG] ViewerRepo :: UpdatePresence(twitch, 5), 0.0285ms
[2026-02-18 22:10:33.151 DBG] TwitchService :: Presence Timer :: Artificially updated presence with a threshold of 5 minutes (637.3459ms)
[2026-02-18 22:11:32.529 DBG] ViewerRepo :: UpdatePresence(twitch, 5), 0.0317ms
[2026-02-18 22:11:32.609 DBG] TwitchService :: Presence Timer :: Artificially updated presence with a threshold of 5 minutes (79.6218ms)
[2026-02-18 22:12:13.962 DBG] Credits :: Time to save 20.1393ms
[2026-02-18 22:12:32.542 DBG] ViewerRepo :: UpdatePresence(twitch, 5), 0.0295ms
[2026-02-18 22:12:32.616 DBG] TwitchService :: Presence Timer :: Artificially updated presence with a threshold of 5 minutes (74.6412ms)
[2026-02-18 22:13:32.567 DBG] ViewerRepo :: UpdatePresence(twitch, 5), 0.0311ms
[2026-02-18 22:13:32.649 DBG] TwitchService :: Presence Timer :: Artificially updated presence with a threshold of 5 minutes (82.1357ms)
[2026-02-18 22:13:40.864 DBG] AutoSave :: Auto saving settings...
[2026-02-18 22:13:40.886 DBG] Users :: Time to save 22.2757ms
[2026-02-18 22:13:40.911 DBG] Actions :: Time to save 24.536ms
[2026-02-18 22:13:40.930 DBG] Commands :: Time to save 19.3633ms
[2026-02-18 22:13:40.948 DBG] Twitch Rewards :: Time to save 18.5665ms
[2026-02-18 22:13:40.966 DBG] Midi :: Time to save 17.2617ms
[2026-02-18 22:13:40.982 DBG] OBS Settings :: Time to save 16.1184ms
[2026-02-18 22:13:40.999 DBG] MeldStudio Settings :: Time to save 16.7399ms
[2026-02-18 22:13:41.015 DBG] Credits :: Time to save 16.1534ms
[2026-02-18 22:13:41.033 DBG] Quotes :: Time to save 17.5207ms
[2026-02-18 22:13:41.089 DBG] Config :: Time to save 20.5886ms
[2026-02-18 22:14:32.582 DBG] ViewerRepo :: UpdatePresence(twitch, 5), 0.0307ms
[2026-02-18 22:14:32.660 DBG] TwitchService :: Presence Timer :: Artificially updated presence with a threshold of 5 minutes (78.0107ms)
[2026-02-18 22:15:32.587 DBG] ViewerRepo :: UpdatePresence(twitch, 5), 0.031ms
[2026-02-18 22:15:32.669 DBG] TwitchService :: Presence Timer :: Artificially updated presence with a threshold of 5 minutes (81.5434ms)
[2026-02-18 22:16:32.593 DBG] ViewerRepo :: UpdatePresence(twitch, 5), 0.0535ms
[2026-02-18 22:16:32.671 DBG] TwitchService :: Presence Timer :: Artificially updated presence with a threshold of 5 minutes (78.2856ms)
[2026-02-18 22:17:13.964 DBG] Credits :: Time to save 21.3889ms
[2026-02-18 22:17:32.601 DBG] ViewerRepo :: UpdatePresence(twitch, 5), 0.0547ms
[2026-02-18 22:17:32.679 DBG] TwitchService :: Presence Timer :: Artificially updated presence with a threshold of 5 minutes (78.2418ms)
[2026-02-18 22:18:04.214 DBG] ActionDispatcher :: Queueing 'Sub Goal' (361aa588-5f31-4e19-b8a5-099cae52479d, TimedAction) to 'Default' (00000000-0000-0000-0000-000000000000), with 11 arguments
[2026-02-18 22:18:04.214 DBG] ActionQueue :: 'Default' (00000000-0000-0000-0000-000000000000) :: Enqueue action 361aa588-5f31-4e19-b8a5-099cae52479d
[2026-02-18 22:18:04.214 DBG] ActionQueue :: 'Default' (00000000-0000-0000-0000-000000000000) :: Handling queue
[2026-02-18 22:18:04.214 DBG] ActionQueue :: 'Default' (00000000-0000-0000-0000-000000000000) :: Performing non-blocking 'Sub Goal' (361aa588-5f31-4e19-b8a5-099cae52479d, 44d6a391-6104-4a95-bbed-eaf3941e62fc)
[2026-02-18 22:18:32.611 DBG] ViewerRepo :: UpdatePresence(twitch, 5), 0.0297ms
[2026-02-18 22:18:32.689 DBG] TwitchService :: Presence Timer :: Artificially updated presence with a threshold of 5 minutes (77.9676ms)
[2026-02-18 22:18:41.126 DBG] AutoSave :: Auto saving settings...
[2026-02-18 22:18:41.150 DBG] Users :: Time to save 23.3478ms
[2026-02-18 22:18:41.178 DBG] Actions :: Time to save 27.9803ms
[2026-02-18 22:18:41.198 DBG] Commands :: Time to save 21.261ms
[2026-02-18 22:18:41.222 DBG] Twitch Rewards :: Time to save 22.452ms
[2026-02-18 22:18:41.240 DBG] Midi :: Time to save 18.8284ms
[2026-02-18 22:18:41.260 DBG] OBS Settings :: Time to save 20.4065ms
[2026-02-18 22:18:41.280 DBG] MeldStudio Settings :: Time to save 19.3643ms
[2026-02-18 22:18:41.301 DBG] Credits :: Time to save 20.7621ms
[2026-02-18 22:18:41.323 DBG] Quotes :: Time to save 22.4125ms
[2026-02-18 22:18:41.351 DBG] Config :: Time to save 23.3533ms
[2026-02-18 22:19:32.613 DBG] ViewerRepo :: UpdatePresence(twitch, 5), 0.0308ms
[2026-02-18 22:19:32.687 DBG] TwitchService :: Presence Timer :: Artificially updated presence with a threshold of 5 minutes (75.15ms)
[2026-02-18 22:20:32.616 DBG] ViewerRepo :: UpdatePresence(twitch, 5), 0.0306ms
[2026-02-18 22:20:32.695 DBG] TwitchService :: Presence Timer :: Artificially updated presence with a threshold of 5 minutes (79.1887ms)
[2026-02-18 22:21:32.621 DBG] ViewerRepo :: UpdatePresence(twitch, 5), 0.0305ms
[2026-02-18 22:21:32.695 DBG] TwitchService :: Presence Timer :: Artificially updated presence with a threshold of 5 minutes (75.1826ms)
[2026-02-18 22:22:13.969 DBG] Credits :: Time to save 20.3988ms
[2026-02-18 22:22:32.629 DBG] ViewerRepo :: UpdatePresence(twitch, 5), 0.0304ms
[2026-02-18 22:22:32.707 DBG] TwitchService :: Presence Timer :: Artificially updated presence with a threshold of 5 minutes (77.9568ms)
[2026-02-18 22:23:32.634 DBG] ViewerRepo :: UpdatePresence(twitch, 5), 0.0303ms
[2026-02-18 22:23:32.709 DBG] TwitchService :: Presence Timer :: Artificially updated presence with a threshold of 5 minutes (76.0638ms)
[2026-02-18 22:23:41.418 DBG] AutoSave :: Auto saving settings...
[2026-02-18 22:23:41.439 DBG] Users :: Time to save 21.4834ms
[2026-02-18 22:23:41.464 DBG] Actions :: Time to save 24.6071ms
[2026-02-18 22:23:41.484 DBG] Commands :: Time to save 19.4444ms
[2026-02-18 22:23:41.503 DBG] Twitch Rewards :: Time to save 19.5103ms
[2026-02-18 22:23:41.520 DBG] Midi :: Time to save 17.3423ms
[2026-02-18 22:23:41.537 DBG] OBS Settings :: Time to save 17.0927ms
[2026-02-18 22:23:41.556 DBG] MeldStudio Settings :: Time to save 17.979ms
[2026-02-18 22:23:41.573 DBG] Credits :: Time to save 17.646ms
[2026-02-18 22:23:41.593 DBG] Quotes :: Time to save 18.8578ms
[2026-02-18 22:23:41.644 DBG] Config :: Time to save 23.1812ms
[2026-02-18 22:24:32.639 DBG] ViewerRepo :: UpdatePresence(twitch, 5), 0.0371ms
[2026-02-18 22:24:32.718 DBG] TwitchService :: Presence Timer :: Artificially updated presence with a threshold of 5 minutes (79.5998ms)
[2026-02-18 22:25:32.646 DBG] ViewerRepo :: UpdatePresence(twitch, 5), 0.03ms
[2026-02-18 22:25:32.725 DBG] TwitchService :: Presence Timer :: Artificially updated presence with a threshold of 5 minutes (78.971ms)
[2026-02-18 22:26:32.657 DBG] ViewerRepo :: UpdatePresence(twitch, 5), 0.0296ms
[2026-02-18 22:26:32.731 DBG] TwitchService :: Presence Timer :: Artificially updated presence with a threshold of 5 minutes (74.9669ms)
[2026-02-18 22:27:13.980 DBG] Credits :: Time to save 19.7038ms
[2026-02-18 22:27:32.659 DBG] ViewerRepo :: UpdatePresence(twitch, 5), 0.0323ms
[2026-02-18 22:27:32.733 DBG] TwitchService :: Presence Timer :: Artificially updated presence with a threshold of 5 minutes (74.5286ms)
[2026-02-18 22:28:04.561 DBG] ActionDispatcher :: Queueing 'Sub Goal' (361aa588-5f31-4e19-b8a5-099cae52479d, TimedAction) to 'Default' (00000000-0000-0000-0000-000000000000), with 11 arguments
[2026-02-18 22:28:04.561 DBG] ActionQueue :: 'Default' (00000000-0000-0000-0000-000000000000) :: Enqueue action 361aa588-5f31-4e19-b8a5-099cae52479d
[2026-02-18 22:28:04.561 DBG] ActionQueue :: 'Default' (00000000-0000-0000-0000-000000000000) :: Handling queue
[2026-02-18 22:28:04.561 DBG] ActionQueue :: 'Default' (00000000-0000-0000-0000-000000000000) :: Performing non-blocking 'Sub Goal' (361aa588-5f31-4e19-b8a5-099cae52479d, 2899f65f-c10e-46f0-b12c-be8b97671acc)
[2026-02-18 22:28:32.676 DBG] ViewerRepo :: UpdatePresence(twitch, 5), 0.0305ms
[2026-02-18 22:28:32.757 DBG] TwitchService :: Presence Timer :: Artificially updated presence with a threshold of 5 minutes (81.2434ms)
[2026-02-18 22:28:41.681 DBG] AutoSave :: Auto saving settings...
[2026-02-18 22:28:41.698 DBG] Users :: Time to save 17.1099ms
[2026-02-18 22:28:41.724 DBG] Actions :: Time to save 26.019ms
[2026-02-18 22:28:41.745 DBG] Commands :: Time to save 21.3903ms
[2026-02-18 22:28:41.766 DBG] Twitch Rewards :: Time to save 19.8405ms
[2026-02-18 22:28:41.783 DBG] Midi :: Time to save 16.8817ms
[2026-02-18 22:28:41.800 DBG] OBS Settings :: Time to save 17.9441ms
[2026-02-18 22:28:41.815 DBG] MeldStudio Settings :: Time to save 14.5377ms
[2026-02-18 22:28:41.831 DBG] Credits :: Time to save 16.7797ms
[2026-02-18 22:28:41.850 DBG] Quotes :: Time to save 18.8829ms
[2026-02-18 22:28:41.908 DBG] Config :: Time to save 22.8442ms
[2026-02-18 22:29:32.685 DBG] ViewerRepo :: UpdatePresence(twitch, 5), 0.0305ms
[2026-02-18 22:29:32.764 DBG] TwitchService :: Presence Timer :: Artificially updated presence with a threshold of 5 minutes (79.4297ms)
[2026-02-18 22:30:32.686 DBG] ViewerRepo :: UpdatePresence(twitch, 5), 0.032ms
[2026-02-18 22:30:32.763 DBG] TwitchService :: Presence Timer :: Artificially updated presence with a threshold of 5 minutes (76.9851ms)
[2026-02-18 22:31:32.687 DBG] ViewerRepo :: UpdatePresence(twitch, 5), 0.0942ms
[2026-02-18 22:31:32.764 DBG] TwitchService :: Presence Timer :: Artificially updated presence with a threshold of 5 minutes (77.1843ms)
[2026-02-18 22:32:13.988 DBG] Credits :: Time to save 19.4194ms
[2026-02-18 22:32:32.694 DBG] ViewerRepo :: UpdatePresence(twitch, 5), 0.039ms
[2026-02-18 22:32:32.771 DBG] TwitchService :: Presence Timer :: Artificially updated presence with a threshold of 5 minutes (77.1084ms)
[2026-02-18 22:33:32.709 DBG] ViewerRepo :: UpdatePresence(twitch, 5), 0.0289ms
[2026-02-18 22:33:32.786 DBG] TwitchService :: Presence Timer :: Artificially updated presence with a threshold of 5 minutes (77.9123ms)
[2026-02-18 22:33:41.926 DBG] AutoSave :: Auto saving settings...
[2026-02-18 22:33:41.949 DBG] Users :: Time to save 23.0082ms
[2026-02-18 22:33:41.977 DBG] Actions :: Time to save 28.1693ms
[2026-02-18 22:33:42.001 DBG] Commands :: Time to save 23.8067ms
[2026-02-18 22:33:42.024 DBG] Twitch Rewards :: Time to save 22.9792ms
[2026-02-18 22:33:42.045 DBG] Midi :: Time to save 20.2616ms
[2026-02-18 22:33:42.065 DBG] OBS Settings :: Time to save 19.9394ms
[2026-02-18 22:33:42.078 DBG] MeldStudio Settings :: Time to save 13.8277ms
[2026-02-18 22:33:42.098 DBG] Credits :: Time to save 20.1276ms
[2026-02-18 22:33:42.121 DBG] Quotes :: Time to save 23.314ms
[2026-02-18 22:33:42.156 DBG] Config :: Time to save 24.4753ms
[2026-02-18 22:34:32.716 DBG] ViewerRepo :: UpdatePresence(twitch, 5), 0.0296ms
[2026-02-18 22:34:32.794 DBG] TwitchService :: Presence Timer :: Artificially updated presence with a threshold of 5 minutes (77.8212ms)
[2026-02-18 22:35:32.721 DBG] ViewerRepo :: UpdatePresence(twitch, 5), 0.028ms
[2026-02-18 22:35:32.804 DBG] TwitchService :: Presence Timer :: Artificially updated presence with a threshold of 5 minutes (82.8539ms)
[2026-02-18 22:36:32.726 DBG] ViewerRepo :: UpdatePresence(twitch, 5), 0.0287ms
[2026-02-18 22:36:32.802 DBG] TwitchService :: Presence Timer :: Artificially updated presence with a threshold of 5 minutes (76.514ms)
[2026-02-18 22:37:13.996 DBG] Credits :: Time to save 19.6936ms
[2026-02-18 22:37:32.729 DBG] ViewerRepo :: UpdatePresence(twitch, 5), 0.0299ms
[2026-02-18 22:37:32.808 DBG] TwitchService :: Presence Timer :: Artificially updated presence with a threshold of 5 minutes (79.1365ms)
[2026-02-18 22:38:04.978 DBG] ActionDispatcher :: Queueing 'Sub Goal' (361aa588-5f31-4e19-b8a5-099cae52479d, TimedAction) to 'Default' (00000000-0000-0000-0000-000000000000), with 11 arguments
[2026-02-18 22:38:04.978 DBG] ActionQueue :: 'Default' (00000000-0000-0000-0000-000000000000) :: Enqueue action 361aa588-5f31-4e19-b8a5-099cae52479d
[2026-02-18 22:38:04.978 DBG] ActionQueue :: 'Default' (00000000-0000-0000-0000-000000000000) :: Handling queue
[2026-02-18 22:38:04.978 DBG] ActionQueue :: 'Default' (00000000-0000-0000-0000-000000000000) :: Performing non-blocking 'Sub Goal' (361aa588-5f31-4e19-b8a5-099cae52479d, 5324da22-e088-450a-b53f-636163f69e05)
[2026-02-18 22:38:32.731 DBG] ViewerRepo :: UpdatePresence(twitch, 5), 0.0309ms
[2026-02-18 22:38:32.811 DBG] TwitchService :: Presence Timer :: Artificially updated presence with a threshold of 5 minutes (79.7628ms)
[2026-02-18 22:38:42.209 DBG] AutoSave :: Auto saving settings...
[2026-02-18 22:38:42.231 DBG] Users :: Time to save 22.3326ms
[2026-02-18 22:38:42.260 DBG] Actions :: Time to save 29.6091ms
[2026-02-18 22:38:42.283 DBG] Commands :: Time to save 21.8341ms
[2026-02-18 22:38:42.305 DBG] Twitch Rewards :: Time to save 22.4788ms
[2026-02-18 22:38:42.325 DBG] Midi :: Time to save 19.8505ms
[2026-02-18 22:38:42.345 DBG] OBS Settings :: Time to save 19.4928ms
[2026-02-18 22:38:42.363 DBG] MeldStudio Settings :: Time to save 18.3389ms
[2026-02-18 22:38:42.381 DBG] Credits :: Time to save 17.9028ms
[2026-02-18 22:38:42.402 DBG] Quotes :: Time to save 20.8273ms
[2026-02-18 22:38:42.434 DBG] Config :: Time to save 22.5477ms
[2026-02-18 22:39:32.732 DBG] ViewerRepo :: UpdatePresence(twitch, 5), 0.0294ms
[2026-02-18 22:39:32.813 DBG] TwitchService :: Presence Timer :: Artificially updated presence with a threshold of 5 minutes (80.9108ms)
[2026-02-18 22:40:32.754 DBG] ViewerRepo :: UpdatePresence(twitch, 5), 0.0297ms
[2026-02-18 22:40:32.831 DBG] TwitchService :: Presence Timer :: Artificially updated presence with a threshold of 5 minutes (78.4252ms)
[2026-02-18 22:41:32.766 DBG] ViewerRepo :: UpdatePresence(twitch, 5), 0.0307ms
[2026-02-18 22:41:32.843 DBG] TwitchService :: Presence Timer :: Artificially updated presence with a threshold of 5 minutes (77.6682ms)
[2026-02-18 22:42:13.999 DBG] Credits :: Time to save 19.2818ms
[2026-02-18 22:42:32.780 DBG] ViewerRepo :: UpdatePresence(twitch, 5), 0.1073ms
[2026-02-18 22:42:32.861 DBG] TwitchService :: Presence Timer :: Artificially updated presence with a threshold of 5 minutes (81.128ms)
[2026-02-18 22:43:32.784 DBG] ViewerRepo :: UpdatePresence(twitch, 5), 0.0316ms
[2026-02-18 22:43:32.865 DBG] TwitchService :: Presence Timer :: Artificially updated presence with a threshold of 5 minutes (81.8044ms)
[2026-02-18 22:43:42.501 DBG] AutoSave :: Auto saving settings...
[2026-02-18 22:43:42.522 DBG] Users :: Time to save 22.0382ms
[2026-02-18 22:43:42.546 DBG] Actions :: Time to save 23.516ms
[2026-02-18 22:43:42.567 DBG] Commands :: Time to save 20.1985ms
[2026-02-18 22:43:42.586 DBG] Twitch Rewards :: Time to save 18.8089ms
[2026-02-18 22:43:42.604 DBG] Midi :: Time to save 17.7194ms
[2026-02-18 22:43:42.618 DBG] OBS Settings :: Time to save 14.3819ms
[2026-02-18 22:43:42.631 DBG] MeldStudio Settings :: Time to save 13.0963ms
[2026-02-18 22:43:42.650 DBG] Credits :: Time to save 19.0481ms
[2026-02-18 22:43:42.669 DBG] Quotes :: Time to save 19.1324ms
[2026-02-18 22:43:42.727 DBG] Config :: Time to save 23.6582ms
[2026-02-18 22:44:32.806 DBG] ViewerRepo :: UpdatePresence(twitch, 5), 0.0296ms
[2026-02-18 22:44:32.886 DBG] TwitchService :: Presence Timer :: Artificially updated presence with a threshold of 5 minutes (80.0611ms)
[2026-02-18 22:45:32.820 DBG] ViewerRepo :: UpdatePresence(twitch, 5), 0.0316ms
[2026-02-18 22:45:32.899 DBG] TwitchService :: Presence Timer :: Artificially updated presence with a threshold of 5 minutes (79.2912ms)
[2026-02-18 22:46:32.823 DBG] ViewerRepo :: UpdatePresence(twitch, 5), 0.0315ms
[2026-02-18 22:46:32.901 DBG] TwitchService :: Presence Timer :: Artificially updated presence with a threshold of 5 minutes (77.7494ms)
[2026-02-18 22:47:14.008 DBG] Credits :: Time to save 14.4821ms
[2026-02-18 22:47:32.831 DBG] ViewerRepo :: UpdatePresence(twitch, 5), 0.0321ms
[2026-02-18 22:47:32.909 DBG] TwitchService :: Presence Timer :: Artificially updated presence with a threshold of 5 minutes (78.8589ms)
[2026-02-18 22:48:05.281 DBG] ActionDispatcher :: Queueing 'Sub Goal' (361aa588-5f31-4e19-b8a5-099cae52479d, TimedAction) to 'Default' (00000000-0000-0000-0000-000000000000), with 11 arguments
[2026-02-18 22:48:05.281 DBG] ActionQueue :: 'Default' (00000000-0000-0000-0000-000000000000) :: Enqueue action 361aa588-5f31-4e19-b8a5-099cae52479d
[2026-02-18 22:48:05.281 DBG] ActionQueue :: 'Default' (00000000-0000-0000-0000-000000000000) :: Handling queue
[2026-02-18 22:48:05.281 DBG] ActionQueue :: 'Default' (00000000-0000-0000-0000-000000000000) :: Performing non-blocking 'Sub Goal' (361aa588-5f31-4e19-b8a5-099cae52479d, 281f89a6-2844-4d5c-b938-f68aeb60284e)
[2026-02-18 22:48:32.836 DBG] ViewerRepo :: UpdatePresence(twitch, 5), 0.0317ms
[2026-02-18 22:48:32.912 DBG] TwitchService :: Presence Timer :: Artificially updated presence with a threshold of 5 minutes (76.3935ms)
[2026-02-18 22:48:42.732 DBG] AutoSave :: Auto saving settings...
[2026-02-18 22:48:42.749 DBG] Users :: Time to save 16.5397ms
[2026-02-18 22:48:42.771 DBG] Actions :: Time to save 22.3927ms
[2026-02-18 22:48:42.785 DBG] Commands :: Time to save 13.1656ms
[2026-02-18 22:48:42.797 DBG] Twitch Rewards :: Time to save 12.453ms
[2026-02-18 22:48:42.808 DBG] Midi :: Time to save 11.341ms
[2026-02-18 22:48:42.819 DBG] OBS Settings :: Time to save 10.5444ms
[2026-02-18 22:48:42.831 DBG] MeldStudio Settings :: Time to save 12.0956ms
[2026-02-18 22:48:42.844 DBG] Credits :: Time to save 13.0515ms
[2026-02-18 22:48:42.863 DBG] Quotes :: Time to save 19.5588ms
[2026-02-18 22:48:42.950 DBG] Config :: Time to save 14.4696ms
[2026-02-18 22:49:32.843 DBG] ViewerRepo :: UpdatePresence(twitch, 5), 0.0312ms
[2026-02-18 22:49:32.919 DBG] TwitchService :: Presence Timer :: Artificially updated presence with a threshold of 5 minutes (76.0131ms)
[2026-02-18 22:50:32.857 DBG] ViewerRepo :: UpdatePresence(twitch, 5), 0.0406ms
[2026-02-18 22:50:32.934 DBG] TwitchService :: Presence Timer :: Artificially updated presence with a threshold of 5 minutes (78.1025ms)
[2026-02-18 22:51:32.870 DBG] ViewerRepo :: UpdatePresence(twitch, 5), 0.0297ms
[2026-02-18 22:51:32.944 DBG] TwitchService :: Presence Timer :: Artificially updated presence with a threshold of 5 minutes (75.1544ms)
[2026-02-18 22:52:14.021 DBG] Credits :: Time to save 12.8397ms
[2026-02-18 22:52:32.881 DBG] ViewerRepo :: UpdatePresence(twitch, 5), 0.0327ms
[2026-02-18 22:52:32.960 DBG] TwitchService :: Presence Timer :: Artificially updated presence with a threshold of 5 minutes (79.3206ms)
[2026-02-18 22:53:32.883 DBG] ViewerRepo :: UpdatePresence(twitch, 5), 0.0301ms
[2026-02-18 22:53:32.956 DBG] TwitchService :: Presence Timer :: Artificially updated presence with a threshold of 5 minutes (73.0432ms)
[2026-02-18 22:53:42.982 DBG] AutoSave :: Auto saving settings...
[2026-02-18 22:53:43.003 DBG] Users :: Time to save 21.1617ms
[2026-02-18 22:53:43.031 DBG] Actions :: Time to save 27.4535ms
[2026-02-18 22:53:43.051 DBG] Commands :: Time to save 20.495ms
[2026-02-18 22:53:43.072 DBG] Twitch Rewards :: Time to save 20.8662ms
[2026-02-18 22:53:43.090 DBG] Midi :: Time to save 17.3717ms
[2026-02-18 22:53:43.105 DBG] OBS Settings :: Time to save 16.0266ms
[2026-02-18 22:53:43.121 DBG] MeldStudio Settings :: Time to save 15.8255ms
[2026-02-18 22:53:43.136 DBG] Credits :: Time to save 15.6493ms
[2026-02-18 22:53:43.155 DBG] Quotes :: Time to save 18.0063ms
[2026-02-18 22:53:43.202 DBG] Config :: Time to save 18.6597ms
[2026-02-18 22:54:32.886 DBG] ViewerRepo :: UpdatePresence(twitch, 5), 0.044ms
[2026-02-18 22:54:32.961 DBG] TwitchService :: Presence Timer :: Artificially updated presence with a threshold of 5 minutes (74.5044ms)
[2026-02-18 22:55:32.901 DBG] ViewerRepo :: UpdatePresence(twitch, 5), 0.0304ms
[2026-02-18 22:55:32.981 DBG] TwitchService :: Presence Timer :: Artificially updated presence with a threshold of 5 minutes (80.5498ms)
[2026-02-18 22:56:11.820 DBG] ActionQueue :: Shutting down queue ae5d9109-9a6d-4e18-97f5-21a70b15dd8b thread
[2026-02-18 22:56:32.916 DBG] ViewerRepo :: UpdatePresence(twitch, 5), 0.0315ms
[2026-02-18 22:56:32.992 DBG] TwitchService :: Presence Timer :: Artificially updated presence with a threshold of 5 minutes (76.5548ms)
[2026-02-18 22:57:14.031 DBG] Credits :: Time to save 13.0198ms
[2026-02-18 22:57:32.928 DBG] ViewerRepo :: UpdatePresence(twitch, 5), 0.0316ms
[2026-02-18 22:57:33.001 DBG] TwitchService :: Presence Timer :: Artificially updated presence with a threshold of 5 minutes (73.3862ms)
[2026-02-18 22:57:42.194 DBG] ActionQueue :: Starting queue ae5d9109-9a6d-4e18-97f5-21a70b15dd8b thread
[2026-02-18 22:57:42.202 FTL] Fatal Thread Exception
System.NullReferenceException: Object reference not set to an instance of an object.
   at _HRpMc964EALKzB1ijyM51K0zafJ._WWGOSrbuEHdaDKNey8AumW22IwF(_bGoVuzUzLv54Ymeytby3Vpzy22b )
   at _Af2aH29rfsVpSd5X5wU6B60ubNe._3ryqTXZDDvhRWWvkfhsWtf8ITuD(Window )
   at CommunityToolkit.Mvvm.Input.RelayCommand`1.Execute(Object parameter)
   at MS.Internal.Commands.CommandHelpers.CriticalExecuteCommandSource(ICommandSource commandSource, Boolean userInitiated)
   at System.Windows.Controls.Primitives.ButtonBase.OnClick()
   at System.Windows.Controls.Button.OnClick()
   at System.Windows.Controls.Primitives.ButtonBase.OnMouseLeftButtonUp(MouseButtonEventArgs e)
   at System.Windows.RoutedEventArgs.InvokeHandler(Delegate handler, Object target)
   at System.Windows.RoutedEventHandlerInfo.InvokeHandler(Object target, RoutedEventArgs routedEventArgs)
   at System.Windows.EventRoute.InvokeHandlersImpl(Object source, RoutedEventArgs args, Boolean reRaised)
   at System.Windows.UIElement.ReRaiseEventAs(DependencyObject sender, RoutedEventArgs args, RoutedEvent newEvent)
   at System.Windows.UIElement.OnMouseUpThunk(Object sender, MouseButtonEventArgs e)
   at System.Windows.RoutedEventArgs.InvokeHandler(Delegate handler, Object target)
   at System.Windows.RoutedEventHandlerInfo.InvokeHandler(Object target, RoutedEventArgs routedEventArgs)
   at System.Windows.EventRoute.InvokeHandlersImpl(Object source, RoutedEventArgs args, Boolean reRaised)
   at System.Windows.UIElement.RaiseEventImpl(DependencyObject sender, RoutedEventArgs args)
   at System.Windows.UIElement.RaiseTrustedEvent(RoutedEventArgs args)
   at System.Windows.Input.InputManager.ProcessStagingArea()
   at System.Windows.Input.InputManager.ProcessInput(InputEventArgs input)
   at System.Windows.Input.InputProviderSite.ReportInput(InputReport inputReport)
   at System.Windows.Interop.HwndMouseInputProvider.ReportInput(IntPtr hwnd, InputMode mode, Int32 timestamp, RawMouseActions actions, Int32 x, Int32 y, Int32 wheel)
   at System.Windows.Interop.HwndMouseInputProvider.FilterMessage(IntPtr hwnd, WindowMessage msg, IntPtr wParam, IntPtr lParam, Boolean& handled)
   at System.Windows.Interop.HwndSource.InputFilterMessage(IntPtr hwnd, Int32 msg, IntPtr wParam, IntPtr lParam, Boolean& handled)
   at MS.Win32.HwndWrapper.WndProc(IntPtr hwnd, Int32 msg, IntPtr wParam, IntPtr lParam, Boolean& handled)
   at MS.Win32.HwndSubclass.DispatcherCallbackOperation(Object o)
   at System.Windows.Threading.ExceptionWrapper.InternalRealCall(Delegate callback, Object args, Int32 numArgs)
   at System.Windows.Threading.ExceptionWrapper.TryCatchWhen(Object source, Delegate callback, Object args, Int32 numArgs, Delegate catchHandler)
[2026-02-18 22:57:48.446 INF] Closing services...
[2026-02-18 22:57:48.446 DBG] UsbRemovalWatcher :: Disposed
[2026-02-18 22:57:48.446 DBG] ProcessWatcher :: Disposed
[2026-02-18 22:57:48.447 DBG] ProcessWatcher :: Disposed
[2026-02-18 22:57:48.449 DBG] Events Service :: Shutting down application event queue thread
[2026-02-18 22:57:48.449 DBG] Events Service :: Shutting down event queue thread
[2026-02-18 22:57:48.449 DBG] Events Service :: Shutting down raw event queue thread
[2026-02-18 22:57:48.452 DBG] MIDI Service :: Stopping service
[2026-02-18 22:57:48.452 DBG] Websocket Server :: Stopping server
[2026-02-18 22:57:48.455 DBG] FileTailDaemon :: Waiting for file tails to shut down
[2026-02-18 22:57:48.455 DBG] DonorDrive :: Stopping service
[2026-02-18 22:57:48.456 DBG] MIDI Service :: Shutting down event thread
[2026-02-18 22:57:48.456 DBG] Websocket Server :: Shutting down command queue thread
[2026-02-18 22:57:48.456 DBG] Websocket Server :: Shutting down queue thread
[2026-02-18 22:57:48.457 DBG] OBS Service :: Stopping service
[2026-02-18 22:57:48.457 DBG] Http Listener :: Channel is not active
[2026-02-18 22:57:48.459 DBG] FileWatcherDaemon :: Waiting for file watchers to shut down
[2026-02-18 22:57:48.459 DBG] ActionDispatcher :: Shutting down action queues
[2026-02-18 22:57:48.459 DBG] ActionQueue :: Shutting down queue 00000000-0000-0000-0000-000000000000 thread
[2026-02-18 22:57:48.459 DBG] ActionQueue :: Shutting down queue b010a7bd-2056-4238-9302-fad378219231 thread
[2026-02-18 22:57:48.459 DBG] ActionQueue :: Shutting down queue 8c6ed466-566c-4b26-93c9-9338de27fff4 thread
[2026-02-18 22:57:48.459 DBG] ActionQueue :: Shutting down queue e0693c07-e52a-4914-a5b9-5a5a01e74b15 thread
[2026-02-18 22:57:48.459 DBG] ActionQueue :: Shutting down queue 1955c224-a7c9-41c0-9077-40868553d18a thread
[2026-02-18 22:57:48.459 DBG] ActionQueue :: Shutting down queue f5b88e4c-33be-41a6-a453-02af0b6c4fc3 thread
[2026-02-18 22:57:48.459 DBG] ActionQueue :: Shutting down queue ae5d9109-9a6d-4e18-97f5-21a70b15dd8b thread
[2026-02-18 22:57:48.459 DBG] SLOBS Service :: Stopping service
[2026-02-18 22:57:48.461 DBG] SpeechToText :: Disposing recognition engine
[2026-02-18 22:57:48.461 DBG] SpeechToText :: Shutting down queue thread
[2026-02-18 22:57:48.462 INF] InlineCode :: Cleaning up '7' execute code instances
[2026-02-18 22:57:48.464 DBG] Websocket Client :: Disconnecting from all connected clients
[2026-02-18 22:57:48.464 DBG] OBS :: Disconnecting from OBS (127.0.0.1:4455)
[2026-02-18 22:57:48.465 DBG] Websocket Custom Server :: Stopping all servers
[2026-02-18 22:57:48.465 DBG] InlineCode :: Unloading 'aee4b8fa3ca64c86ba2ae8ad20723937'
[2026-02-18 22:57:48.466 DBG] OBS-Websocket5 :: Disconnected
[2026-02-18 22:57:48.466 DBG] OBS :: Disconnected from OBS (127.0.0.1:4455)
[2026-02-18 22:57:48.466 DBG] OBS Service :: Shutting down event thread
[2026-02-18 22:57:48.466 DBG] Websocket Server (Godot Websocket) :: Stopping server
[2026-02-18 22:57:48.466 DBG] Websocket Server (Godot Websocket) :: Shutting down message queue thread
[2026-02-18 22:57:48.468 DBG] Twitch (Broadcaster) :: Disconnected
[2026-02-18 22:57:48.471 INF] TwitchService :: Disconnected from Broadcaster Chat Client
[2026-02-18 22:57:48.480 DBG] MeldStudio Service :: Stopping service
[2026-02-18 22:57:48.482 DBG] InlineCode :: Unloading 'rb16c3beb98c4881934f3ac2eb9a1c57'
[2026-02-18 22:57:48.483 DBG] MeldStudio Service :: Shutting down event thread
[2026-02-18 22:57:48.507 DBG] Streamer.bot Website Socket :: Disconnected
[2026-02-18 22:57:48.507 INF] Streamer.bot Service :: Disconnected from Website Client
[2026-02-18 22:57:48.519 DBG] InlineCode :: Unloading 'j7d5314323344ca29f8f9fc53e04ee1d'
[2026-02-18 22:57:48.543 DBG] InlineCode :: Unloading 'z25c47a84ef847af8ac04ac374d4f05d'
[2026-02-18 22:57:48.557 DBG] InlineCode :: Unloading 'a50549e0cfec4eada152dffa31966ccc'
[2026-02-18 22:57:48.573 DBG] InlineCode :: Unloading 'ja6c2c2289794850a27212cc3bd77da6'
[2026-02-18 22:57:48.589 DBG] InlineCode :: Unloading 'nd68ef85fd7f46f1b2fb9dd482a6a2e4'
[2026-02-18 22:57:48.596 DBG] StreamElements Socket :: Disconnected
[2026-02-18 22:57:48.596 INF] StreamElements Service :: Disconnected from Client
[2026-02-18 22:57:48.606 DBG] InlineCode :: Cleaned up execute code instances
[2026-02-18 22:57:48.732 DBG] Twitch EventSub (Broadcaster) :: Disconnected
[2026-02-18 22:57:48.732 INF] TwitchService :: Disconnected from Broadcaster EventSub
[2026-02-18 22:57:48.825 INF] BTTV :: WebSocket Disconnected
[2026-02-18 22:57:49.165 DBG] Twitch EventSub (Bot) :: Disconnected
[2026-02-18 22:57:49.165 INF] TwitchService :: Disconnected from Bot EventSub
[2026-02-18 22:57:49.211 DBG] MeldStudio Settings :: Time to save 18.8053ms
[2026-02-18 22:57:49.212 DBG] OBS Settings :: Time to save 19.3005ms
[2026-02-18 22:57:49.214 DBG] Quotes :: Time to save 21.7101ms
[2026-02-18 22:57:49.214 DBG] Credits :: Time to save 21.8511ms
[2026-02-18 22:57:49.215 DBG] Users :: Time to save 22.8843ms
[2026-02-18 22:57:49.215 DBG] Midi :: Time to save 22.8942ms
[2026-02-18 22:57:49.216 DBG] Commands :: Time to save 23.4512ms
[2026-02-18 22:57:49.216 DBG] Config :: Time to save 23.6645ms
[2026-02-18 22:57:49.216 DBG] Twitch Rewards :: Time to save 23.4186ms
[2026-02-18 22:57:49.218 DBG] Actions :: Time to save 25.57ms
[2026-02-18 22:57:49.219 INF] Streamer.bot exited
[2026-02-18 22:57:51.721 INF] Streamer.bot (1.0.4)
[2026-02-18 22:57:51.723 INF] Startup Path: C:\Users\littl\Documents\GitHub\AtomSmasherStreamerbot
[2026-02-18 22:57:51.724 INF] Startup Args: 
[2026-02-18 22:57:51.724 INF] Startup Mode: UI
[2026-02-18 22:57:51.724 INF] Logging Level: Debug
[2026-02-18 22:57:51.724 INF] Instance Id: 06fed1eb-4928-42ca-9057-06594f534c13
[2026-02-18 22:57:51.724 INF] Instance Name: Streamer.bot
[2026-02-18 22:57:51.724 INF] Operating System: Windows
[2026-02-18 22:57:51.724 INF] UserInteractive: True
[2026-02-18 22:57:51.724 INF] WebView2: Found (v144.0.3719.115)
[2026-02-18 22:57:51.731 INF] Backing up data files
[2026-02-18 22:57:51.871 INF] Loading config
[2026-02-18 22:57:52.136 INF] Users :: Upgrade checks finished, 4.2497ms
[2026-02-18 22:57:52.153 DBG] Users :: Loaded 166 users.
[2026-02-18 22:57:52.164 DBG] Twitch Rewards :: Loaded 24 rewards.
[2026-02-18 22:57:54.165 DBG] Actions :: Loaded 150 actions.
[2026-02-18 22:57:54.171 DBG] OBS Settings :: Loaded.
[2026-02-18 22:57:54.177 DBG] MeldStudio Settings :: Loaded.
[2026-02-18 22:57:54.200 DBG] Commands :: Loaded 43 commands.
[2026-02-18 22:57:54.301 DBG] MIDI :: Loaded 0 actions.
[2026-02-18 22:57:54.993 INF] Streamer.bot Service :: Logging into account
[2026-02-18 22:57:55.098 INF] Streamer.bot Service :: Account (firehair) authenticated
[2026-02-18 22:57:56.958 DBG] Events Service :: Starting raw event queue thread
[2026-02-18 22:57:56.958 DBG] Events Service :: Starting event queue thread
[2026-02-18 22:57:56.958 DBG] Events Service :: Starting application event queue thread
[2026-02-18 22:57:56.960 DBG] Trigger Service :: Initialized
[2026-02-18 22:57:56.966 DBG] ActionQueue :: Starting queue 00000000-0000-0000-0000-000000000000 thread
[2026-02-18 22:57:56.967 DBG] ActionQueue :: Starting queue b010a7bd-2056-4238-9302-fad378219231 thread
[2026-02-18 22:57:56.967 DBG] ActionQueue :: Starting queue 8c6ed466-566c-4b26-93c9-9338de27fff4 thread
[2026-02-18 22:57:56.967 DBG] ActionQueue :: Starting queue e0693c07-e52a-4914-a5b9-5a5a01e74b15 thread
[2026-02-18 22:57:56.967 DBG] ActionQueue :: Starting queue 1955c224-a7c9-41c0-9077-40868553d18a thread
[2026-02-18 22:57:56.967 DBG] ActionQueue :: Starting queue f5b88e4c-33be-41a6-a453-02af0b6c4fc3 thread
[2026-02-18 22:57:56.967 DBG] ActionQueue :: Starting queue ae5d9109-9a6d-4e18-97f5-21a70b15dd8b thread
[2026-02-18 22:57:56.973 DBG] Quotes :: Loaded 8 quotes.
[2026-02-18 22:57:57.062 DBG] Viewers :: 9.3349ms to populate view model
[2026-02-18 22:57:57.382 INF] Streamer.bot Service :: Connecting to Website Client
[2026-02-18 22:57:57.385 DBG] Streamer.bot Website Socket :: Opening connection
[2026-02-18 22:57:57.395 DBG] MeldStudio Service :: Starting event thread
[2026-02-18 22:57:57.396 DBG] OBS Service :: Starting event thread
[2026-02-18 22:57:57.403 DBG] TwitchService :: Initializing
[2026-02-18 22:57:57.412 DBG] TwitchService :: Logging into Broadcaster account
[2026-02-18 22:57:57.417 DBG] OBS :: Opening websocket connection to OBS (127.0.0.1:4455)
[2026-02-18 22:57:57.420 DBG] OBS-Websocket5 :: Opening connection (ws://127.0.0.1:4455/api/websocket)
[2026-02-18 22:57:57.420 DBG] TwitchService :: Logging into Bot account
[2026-02-18 22:57:57.425 DBG] Websocket Client :: Auto connecting to clients
[2026-02-18 22:57:57.426 DBG] Websocket Custom Server :: Auto starting servers
[2026-02-18 22:57:57.426 DBG] Websocket Server :: Starting server (ws://127.0.0.1:8080)
[2026-02-18 22:57:57.429 DBG] Websocket Server (Godot Websocket) :: Starting server (ws://127.0.0.1:9090/)
[2026-02-18 22:57:57.431 DBG] Websocket Server :: Starting queue thread
[2026-02-18 22:57:57.432 DBG] Websocket Server (Godot Websocket) :: Starting message queue thread
[2026-02-18 22:57:57.433 DBG] Websocket Server :: Starting command queue thread
[2026-02-18 22:57:57.442 INF] MIDI Service :: Initializing 0 MIDI devices
[2026-02-18 22:57:57.443 INF] SpeechToText :: Initializing recognition engine
[2026-02-18 22:57:57.444 DBG] MIDI Service :: Starting event thread
[2026-02-18 22:57:57.446 DBG] UsbRemovalWatcher :: Disposed
[2026-02-18 22:57:57.449 INF] Input Service: Found 3 valid key inputs.
[2026-02-18 22:57:57.545 DBG] OBS :: Connected to OBS (127.0.0.1:4455)
[2026-02-18 22:57:57.609 DBG] SpeechToText :: Starting recognition engine
[2026-02-18 22:57:57.611 DBG] SpeechToText :: Starting queue thread
[2026-02-18 22:57:57.638 INF] Streamer.bot Service :: Website Client authenticated
[2026-02-18 22:57:57.639 INF] Streamer.bot Service :: Connected to Website Client
[2026-02-18 22:57:57.831 INF] StreamElements :: Logging into account
[2026-02-18 22:57:57.904 INF] TwitchService :: Fetching Bot account information
[2026-02-18 22:57:57.919 INF] TwitchService :: Fetching Broadcaster account information
[2026-02-18 22:57:57.942 INF] StreamElements :: Account (atomsmasher101) authenticated
[2026-02-18 22:57:57.943 INF] StreamElements Service :: Connecting to Client
[2026-02-18 22:57:57.946 DBG] StreamElements Socket :: Opening connection
[2026-02-18 22:57:58.026 INF] TwitchService :: Bot account (atomsmasherbot) authenticated
[2026-02-18 22:57:58.026 INF] TwitchService :: Broadcaster account (atomsmasher101) authenticated
[2026-02-18 22:57:58.029 INF] TwitchService :: Connecting to Bot EventSub
[2026-02-18 22:57:58.034 DBG] Twitch EventSub (Bot) :: Opening connection
[2026-02-18 22:57:58.118 DBG] Twitch Service :: Initializing Third Party Emote Handlers
[2026-02-18 22:57:58.121 DBG] Twitch Service :: Init rest
[2026-02-18 22:57:58.122 INF] 7TV :: Initializing user '50822403', on twitch
[2026-02-18 22:57:58.131 INF] BTTV :: Initializing user '50822403', on twitch
[2026-02-18 22:57:58.132 INF] BetterTTV.Socket :: Connecting to BTTV WebSocket, monitoring for changes for user '50822403' on twitch
[2026-02-18 22:57:58.139 INF] FFZ :: Initializing user 'atomsmasher101' (50822403), on twitch
[2026-02-18 22:57:58.189 INF] BTTV :: Loaded 65 global emotes
[2026-02-18 22:57:58.205 INF] StreamElements Service :: Connected to Client
[2026-02-18 22:57:58.248 INF] FFZ :: Loaded 15 global emotes
[2026-02-18 22:57:58.261 ERR] BTTV :: Response error NotFound from BTTV channel endpoint.
[2026-02-18 22:57:58.303 DBG] Twitch EventSub (Bot) :: Subscribing to 1 events
[2026-02-18 22:57:58.309 WRN] FFZ :: Room not found, user does not have channel emotes configured.
[2026-02-18 22:57:58.309 INF] FFZ :: Loaded 0 channel emotes
[2026-02-18 22:57:58.432 INF] BTTV :: WebSocket Connected
[2026-02-18 22:57:58.458 DBG] Twitch Service :: Loaded 223 Twitch badges
[2026-02-18 22:57:58.484 DBG] Twitch Service :: Loaded 33 Twitch cheer emotes
[2026-02-18 22:57:58.526 DBG] Twitch Rewards :: Time to save 22.9599ms
[2026-02-18 22:57:58.660 INF] TwitchService :: Connected to Bot EventSub, and authenticated
[2026-02-18 22:57:59.201 INF] 7TV :: Loaded 44 global emotes
[2026-02-18 22:57:59.373 ERR] 7TV :: Response error NotFound from 7TV channel endpoint.
[2026-02-18 22:57:59.793 DBG] Twitch Service :: Loaded 603 Twitch user emotes
[2026-02-18 22:58:00.174 DBG] Getting viewers for channel "atomsmasher101" (4)
[2026-02-18 22:58:00.175 DBG] Twitch Service :: Fetched viewers for channel (4)
[2026-02-18 22:58:00.179 DBG] Twitch Service :: (4) - Existing: 4, New Users: 0 (3.2551ms)
[2026-02-18 22:58:00.179 DBG] Twitch Service :: Viewers init in 382.958ms
[2026-02-18 22:58:00.181 DBG] Twitch Service :: Loading editors for channel atomsmasher101
[2026-02-18 22:58:00.382 DBG] Twitch Service :: Found 7 editors for channel atomsmasher101
[2026-02-18 22:58:00.508 INF] Twitch Service :: Found 13 Moderators for the channel atomsmasher101
[2026-02-18 22:58:00.730 INF] Twitch Service :: Found 18 VIPs for the channel atomsmasher101
[2026-02-18 22:58:00.733 DBG] ViewerRepo :: Time to update mods and VIPs, 0.8882ms (nm: 0, em: 1, nv: 0, ev: 0, ru: 1)
[2026-02-18 22:58:00.733 DBG] Twitch Service :: Time to update/add mods and vips for the channel atomsmasher101, 348.9044ms
[2026-02-18 22:58:00.735 DBG] Twitch Service :: Loading subscribers for atomsmasher101
[2026-02-18 22:58:00.946 DBG] Twitch Service :: "AtomSmasher101" has 12 subscriptions.
[2026-02-18 22:58:00.978 INF] TwitchService :: Connecting to Broadcaster Chat Client
[2026-02-18 22:58:00.982 INF] TwitchService :: Connecting to Broadcaster EventSub
[2026-02-18 22:58:00.983 DBG] Twitch EventSub (Broadcaster) :: Opening connection
[2026-02-18 22:58:01.064 DBG] Twitch (Broadcaster) :: Opening connection
[2026-02-18 22:58:01.142 DBG] Twitch (Broadcaster) :: Connected to irc.chat.twitch.tv:6697 (44.227.173.36:6697)
[2026-02-18 22:58:01.142 DBG] Twitch (Broadcaster) :: Negotiating SSL stream with irc.chat.twitch.tv
[2026-02-18 22:58:01.194 DBG] Twitch EventSub (Broadcaster) :: Subscribing to 56 events
[2026-02-18 22:58:01.312 DBG] Twitch (Broadcaster) :: Twitch Client Socket opened
[2026-02-18 22:58:01.479 DBG] Twitch (Broadcaster) :: Listening and Authenticated
[2026-02-18 22:58:01.481 DBG] Twitch (Broadcaster) :: Joining chanel #atomsmasher101
[2026-02-18 22:58:01.484 INF] TwitchService :: Connected to Broadcaster Chat Client
[2026-02-18 22:58:10.444 INF] TwitchService :: Connected to Broadcaster EventSub, and authenticated
[2026-02-18 22:59:01.335 DBG] ViewerRepo :: UpdatePresence(twitch, 5), 0.1911ms
[2026-02-18 22:59:01.414 DBG] TwitchService :: Presence Timer :: Artificially updated presence with a threshold of 5 minutes (80.9253ms)
[2026-02-18 23:00:01.341 DBG] ViewerRepo :: UpdatePresence(twitch, 5), 0.032ms
[2026-02-18 23:00:01.418 DBG] TwitchService :: Presence Timer :: Artificially updated presence with a threshold of 5 minutes (77.269ms)
[2026-02-18 23:00:48.609 DBG] InlineCode :: Creating and compiling instance for 'Set Cousin Timestamp'
[2026-02-18 23:01:01.351 DBG] ViewerRepo :: UpdatePresence(twitch, 5), 0.0286ms
[2026-02-18 23:01:01.429 DBG] TwitchService :: Presence Timer :: Artificially updated presence with a threshold of 5 minutes (78.2964ms)
[2026-02-18 23:02:01.352 DBG] ViewerRepo :: UpdatePresence(twitch, 5), 0.0333ms
[2026-02-18 23:02:01.425 DBG] TwitchService :: Presence Timer :: Artificially updated presence with a threshold of 5 minutes (73.1596ms)
[2026-02-18 23:02:54.628 DBG] Credits :: Time to save 18.1003ms
[2026-02-18 23:02:57.074 DBG] AutoSave :: Auto saving settings...
[2026-02-18 23:02:57.099 DBG] Users :: Time to save 22.7381ms
[2026-02-18 23:02:57.173 DBG] Actions :: Time to save 73.629ms
[2026-02-18 23:02:57.194 DBG] Commands :: Time to save 18.8404ms
[2026-02-18 23:02:57.212 DBG] Twitch Rewards :: Time to save 17.5486ms
[2026-02-18 23:02:57.230 DBG] Midi :: Time to save 16.3481ms
[2026-02-18 23:02:57.244 DBG] OBS Settings :: Time to save 13.1665ms
[2026-02-18 23:02:57.263 DBG] MeldStudio Settings :: Time to save 17.0367ms
[2026-02-18 23:02:57.275 DBG] Credits :: Time to save 10.7416ms
[2026-02-18 23:02:57.298 DBG] Quotes :: Time to save 21.5718ms
[2026-02-18 23:02:57.336 DBG] Config :: Time to save 58.3094ms
[2026-02-18 23:03:01.362 DBG] ViewerRepo :: UpdatePresence(twitch, 5), 0.045ms
[2026-02-18 23:03:01.438 DBG] TwitchService :: Presence Timer :: Artificially updated presence with a threshold of 5 minutes (75.5836ms)
[2026-02-18 23:04:01.373 DBG] ViewerRepo :: UpdatePresence(twitch, 5), 0.0443ms
[2026-02-18 23:04:01.454 DBG] TwitchService :: Presence Timer :: Artificially updated presence with a threshold of 5 minutes (81.1055ms)
[2026-02-18 23:05:01.376 DBG] ViewerRepo :: UpdatePresence(twitch, 5), 0.0313ms
[2026-02-18 23:05:01.450 DBG] TwitchService :: Presence Timer :: Artificially updated presence with a threshold of 5 minutes (74.6447ms)
[2026-02-18 23:06:01.387 DBG] ViewerRepo :: UpdatePresence(twitch, 5), 0.0428ms
[2026-02-18 23:06:01.463 DBG] TwitchService :: Presence Timer :: Artificially updated presence with a threshold of 5 minutes (76.6944ms)
[2026-02-18 23:07:01.411 DBG] ViewerRepo :: UpdatePresence(twitch, 5), 0.0335ms
[2026-02-18 23:07:01.490 DBG] TwitchService :: Presence Timer :: Artificially updated presence with a threshold of 5 minutes (78.7293ms)
[2026-02-18 23:07:52.682 DBG] ActionDispatcher :: Queueing 'Sub Goal' (361aa588-5f31-4e19-b8a5-099cae52479d, TimedAction) to 'Default' (00000000-0000-0000-0000-000000000000), with 11 arguments
[2026-02-18 23:07:52.685 DBG] ActionQueue :: 'Default' (00000000-0000-0000-0000-000000000000) :: Enqueue action 361aa588-5f31-4e19-b8a5-099cae52479d
[2026-02-18 23:07:52.685 DBG] ActionQueue :: 'Default' (00000000-0000-0000-0000-000000000000) :: Handling queue
[2026-02-18 23:07:52.690 DBG] ActionQueue :: 'Default' (00000000-0000-0000-0000-000000000000) :: Performing non-blocking 'Sub Goal' (361aa588-5f31-4e19-b8a5-099cae52479d, bfdd798c-f0b3-476b-ba84-e34d3312cf30)
[2026-02-18 23:07:54.631 DBG] Credits :: Time to save 22.8812ms
[2026-02-18 23:07:57.400 DBG] AutoSave :: Auto saving settings...
[2026-02-18 23:07:57.421 DBG] Users :: Time to save 21.459ms
[2026-02-18 23:07:57.446 DBG] Actions :: Time to save 25.5056ms
[2026-02-18 23:07:57.467 DBG] Commands :: Time to save 20.4459ms
[2026-02-18 23:07:57.488 DBG] Twitch Rewards :: Time to save 19.9013ms
[2026-02-18 23:07:57.504 DBG] Midi :: Time to save 16.9614ms
[2026-02-18 23:07:57.522 DBG] OBS Settings :: Time to save 17.6802ms
[2026-02-18 23:07:57.539 DBG] MeldStudio Settings :: Time to save 16.3274ms
[2026-02-18 23:07:57.555 DBG] Credits :: Time to save 16.8019ms
[2026-02-18 23:07:57.569 DBG] Quotes :: Time to save 13.7825ms
[2026-02-18 23:07:57.624 DBG] Config :: Time to save 21.8382ms
[2026-02-18 23:08:01.425 DBG] ViewerRepo :: UpdatePresence(twitch, 5), 0.0338ms
[2026-02-18 23:08:01.502 DBG] TwitchService :: Presence Timer :: Artificially updated presence with a threshold of 5 minutes (76.6897ms)
[2026-02-18 23:09:01.438 DBG] ViewerRepo :: UpdatePresence(twitch, 5), 0.04ms
[2026-02-18 23:09:01.521 DBG] TwitchService :: Presence Timer :: Artificially updated presence with a threshold of 5 minutes (83.3385ms)
[2026-02-18 23:10:01.453 DBG] ViewerRepo :: UpdatePresence(twitch, 5), 0.0491ms
[2026-02-18 23:10:01.531 DBG] TwitchService :: Presence Timer :: Artificially updated presence with a threshold of 5 minutes (77.8335ms)
[2026-02-18 23:11:01.468 DBG] ViewerRepo :: UpdatePresence(twitch, 5), 0.0307ms
[2026-02-18 23:11:01.549 DBG] TwitchService :: Presence Timer :: Artificially updated presence with a threshold of 5 minutes (81.0214ms)
[2026-02-18 23:12:01.472 DBG] ViewerRepo :: UpdatePresence(twitch, 5), 0.0325ms
[2026-02-18 23:12:01.549 DBG] TwitchService :: Presence Timer :: Artificially updated presence with a threshold of 5 minutes (76.693ms)
[2026-02-18 23:12:54.623 DBG] Credits :: Time to save 13.7105ms
[2026-02-18 23:12:57.666 DBG] AutoSave :: Auto saving settings...
[2026-02-18 23:12:57.681 DBG] Users :: Time to save 14.5601ms
[2026-02-18 23:12:57.700 DBG] Actions :: Time to save 19.3961ms
[2026-02-18 23:12:57.712 DBG] Commands :: Time to save 12.3594ms
[2026-02-18 23:12:57.725 DBG] Twitch Rewards :: Time to save 12.9188ms
[2026-02-18 23:12:57.736 DBG] Midi :: Time to save 10.3353ms
[2026-02-18 23:12:57.746 DBG] OBS Settings :: Time to save 10.7967ms
[2026-02-18 23:12:57.757 DBG] MeldStudio Settings :: Time to save 10.9047ms
[2026-02-18 23:12:57.769 DBG] Credits :: Time to save 11.8684ms
[2026-02-18 23:12:57.782 DBG] Quotes :: Time to save 12.6046ms
[2026-02-18 23:12:57.882 DBG] Config :: Time to save 14.2335ms
[2026-02-18 23:13:01.485 DBG] ViewerRepo :: UpdatePresence(twitch, 5), 0.031ms
[2026-02-18 23:13:01.559 DBG] TwitchService :: Presence Timer :: Artificially updated presence with a threshold of 5 minutes (74.5722ms)
[2026-02-18 23:14:01.495 DBG] ViewerRepo :: UpdatePresence(twitch, 5), 0.0312ms
[2026-02-18 23:14:01.572 DBG] TwitchService :: Presence Timer :: Artificially updated presence with a threshold of 5 minutes (77.0675ms)
[2026-02-18 23:15:01.508 DBG] ViewerRepo :: UpdatePresence(twitch, 5), 0.0517ms
[2026-02-18 23:15:01.582 DBG] TwitchService :: Presence Timer :: Artificially updated presence with a threshold of 5 minutes (74.8308ms)
[2026-02-18 23:15:26.655 DBG] ActionDispatcher :: Queueing 'Cousin' (5f547625-b177-4cd7-bf87-637602bafed8, CommandTriggered) to 'Default' (00000000-0000-0000-0000-000000000000), initiated by streamelements with 31 arguments
[2026-02-18 23:15:26.655 DBG] ActionQueue :: 'Default' (00000000-0000-0000-0000-000000000000) :: Enqueue action 5f547625-b177-4cd7-bf87-637602bafed8
[2026-02-18 23:15:26.655 DBG] ActionQueue :: 'Default' (00000000-0000-0000-0000-000000000000) :: Handling queue
[2026-02-18 23:15:26.655 DBG] ActionQueue :: 'Default' (00000000-0000-0000-0000-000000000000) :: Performing non-blocking 'Cousin' (5f547625-b177-4cd7-bf87-637602bafed8, d3b65ea6-56d5-46a7-86a7-08310399f286), initiated by streamelements with 32 arguments
[2026-02-18 23:15:26.922 DBG] InlineCode :: Creating and compiling instance for ''
[2026-02-18 23:15:27.035 DBG] InlineCode :: Running default entry point from instance 'e5069ff9-6e26-4733-8f35-2c9b99aebe99'
[2026-02-18 23:15:27.492 DBG] ActionDispatcher :: Queueing 'SimpleHero09' (0d274ee2-adb7-4948-9780-719a8de618d4, TwitchChatMessage) to 'Default' (00000000-0000-0000-0000-000000000000), initiated by atomsmasherbot with 139 arguments
[2026-02-18 23:15:27.492 DBG] ActionQueue :: 'Default' (00000000-0000-0000-0000-000000000000) :: Enqueue action 0d274ee2-adb7-4948-9780-719a8de618d4
[2026-02-18 23:15:27.492 DBG] ActionQueue :: 'Default' (00000000-0000-0000-0000-000000000000) :: Handling queue
[2026-02-18 23:15:27.492 DBG] ActionQueue :: 'Default' (00000000-0000-0000-0000-000000000000) :: Performing non-blocking 'SimpleHero09' (0d274ee2-adb7-4948-9780-719a8de618d4, 90ea00cf-6d8f-43c8-823c-01cffd562cfe), initiated by atomsmasherbot with 140 arguments
[2026-02-18 23:15:27.493 DBG] ActionDispatcher :: Queueing 'TheMediocreLlama' (03f8a7a3-f259-47c1-a5f6-2f7ec12e23c6, TwitchChatMessage) to 'Default' (00000000-0000-0000-0000-000000000000), initiated by atomsmasherbot with 139 arguments
[2026-02-18 23:15:27.493 DBG] ActionQueue :: 'Default' (00000000-0000-0000-0000-000000000000) :: Enqueue action 03f8a7a3-f259-47c1-a5f6-2f7ec12e23c6
[2026-02-18 23:15:27.493 DBG] ActionQueue :: 'Default' (00000000-0000-0000-0000-000000000000) :: Handling queue
[2026-02-18 23:15:27.493 DBG] ActionQueue :: 'Default' (00000000-0000-0000-0000-000000000000) :: Performing non-blocking 'TheMediocreLlama' (03f8a7a3-f259-47c1-a5f6-2f7ec12e23c6, efec08da-18af-47b2-9c95-b5bf3c16260e), initiated by atomsmasherbot with 140 arguments
[2026-02-18 23:15:27.495 DBG] ActionDispatcher :: Queueing 'Flaurety' (53e7be3d-3ae9-4e9f-ae66-00df77662785, TwitchChatMessage) to 'Default' (00000000-0000-0000-0000-000000000000), initiated by atomsmasherbot with 139 arguments
[2026-02-18 23:15:27.495 DBG] ActionQueue :: 'Default' (00000000-0000-0000-0000-000000000000) :: Enqueue action 53e7be3d-3ae9-4e9f-ae66-00df77662785
[2026-02-18 23:15:27.495 DBG] ActionQueue :: 'Default' (00000000-0000-0000-0000-000000000000) :: Handling queue
[2026-02-18 23:15:27.495 DBG] ActionQueue :: 'Default' (00000000-0000-0000-0000-000000000000) :: Performing non-blocking 'Flaurety' (53e7be3d-3ae9-4e9f-ae66-00df77662785, d7dec07a-3475-4891-9167-285ea1474d7d), initiated by atomsmasherbot with 140 arguments
[2026-02-18 23:15:27.496 DBG] ActionDispatcher :: Queueing 'VolanRadooga' (72a5f04d-5499-4c3e-b172-f8a03de49d0b, TwitchChatMessage) to 'Default' (00000000-0000-0000-0000-000000000000), initiated by atomsmasherbot with 139 arguments
[2026-02-18 23:15:27.496 DBG] ActionQueue :: 'Default' (00000000-0000-0000-0000-000000000000) :: Enqueue action 72a5f04d-5499-4c3e-b172-f8a03de49d0b
[2026-02-18 23:15:27.496 DBG] ActionQueue :: 'Default' (00000000-0000-0000-0000-000000000000) :: Handling queue
[2026-02-18 23:15:27.496 DBG] ActionQueue :: 'Default' (00000000-0000-0000-0000-000000000000) :: Performing non-blocking 'VolanRadooga' (72a5f04d-5499-4c3e-b172-f8a03de49d0b, fb2ea9c4-b02a-4d54-bfa6-da47dea56b33), initiated by atomsmasherbot with 140 arguments
[2026-02-18 23:15:27.498 DBG] ActionDispatcher :: Queueing 'Pratchetty' (4004afd7-6782-4f82-a057-433804324454, TwitchChatMessage) to 'Default' (00000000-0000-0000-0000-000000000000), initiated by atomsmasherbot with 139 arguments
[2026-02-18 23:15:27.498 DBG] ActionQueue :: 'Default' (00000000-0000-0000-0000-000000000000) :: Enqueue action 4004afd7-6782-4f82-a057-433804324454
[2026-02-18 23:15:27.498 DBG] ActionQueue :: 'Default' (00000000-0000-0000-0000-000000000000) :: Handling queue
[2026-02-18 23:15:27.498 DBG] ActionQueue :: 'Default' (00000000-0000-0000-0000-000000000000) :: Performing non-blocking 'Pratchetty' (4004afd7-6782-4f82-a057-433804324454, 3330380d-dba0-4e73-a1f6-0175fd7ef6c4), initiated by atomsmasherbot with 140 arguments
[2026-02-18 23:15:27.502 DBG] ActionDispatcher :: Queueing 'Birdie_223' (f25861ac-4ad8-49c6-b2a1-6b8504cf92af, TwitchChatMessage) to 'Default' (00000000-0000-0000-0000-000000000000), initiated by atomsmasherbot with 139 arguments
[2026-02-18 23:15:27.502 DBG] ActionQueue :: 'Default' (00000000-0000-0000-0000-000000000000) :: Enqueue action f25861ac-4ad8-49c6-b2a1-6b8504cf92af
[2026-02-18 23:15:27.502 DBG] ActionQueue :: 'Default' (00000000-0000-0000-0000-000000000000) :: Handling queue
[2026-02-18 23:15:27.502 DBG] ActionQueue :: 'Default' (00000000-0000-0000-0000-000000000000) :: Performing non-blocking 'Birdie_223' (f25861ac-4ad8-49c6-b2a1-6b8504cf92af, d1729e0a-2fa2-4ce9-95a4-87e97688924c), initiated by atomsmasherbot with 140 arguments
[2026-02-18 23:15:27.504 DBG] ActionDispatcher :: Queueing 'Awes0meN81' (8f7732b9-751d-478e-9248-7b4451145f77, TwitchChatMessage) to 'Default' (00000000-0000-0000-0000-000000000000), initiated by atomsmasherbot with 139 arguments
[2026-02-18 23:15:27.504 DBG] ActionQueue :: 'Default' (00000000-0000-0000-0000-000000000000) :: Enqueue action 8f7732b9-751d-478e-9248-7b4451145f77
[2026-02-18 23:15:27.504 DBG] ActionQueue :: 'Default' (00000000-0000-0000-0000-000000000000) :: Handling queue
[2026-02-18 23:15:27.504 DBG] ActionQueue :: 'Default' (00000000-0000-0000-0000-000000000000) :: Performing non-blocking 'Awes0meN81' (8f7732b9-751d-478e-9248-7b4451145f77, 2e7fcea1-2674-43fc-9ef6-a6b0be88ac9f), initiated by atomsmasherbot with 140 arguments
[2026-02-18 23:15:27.506 DBG] ActionDispatcher :: Queueing 'keek_z' (3b101e4e-bbac-45ac-80a4-9c98901f194f, TwitchChatMessage) to 'Default' (00000000-0000-0000-0000-000000000000), initiated by atomsmasherbot with 139 arguments
[2026-02-18 23:15:27.506 DBG] ActionQueue :: 'Default' (00000000-0000-0000-0000-000000000000) :: Enqueue action 3b101e4e-bbac-45ac-80a4-9c98901f194f
[2026-02-18 23:15:27.506 DBG] ActionQueue :: 'Default' (00000000-0000-0000-0000-000000000000) :: Handling queue
[2026-02-18 23:15:27.506 DBG] ActionQueue :: 'Default' (00000000-0000-0000-0000-000000000000) :: Performing non-blocking 'keek_z' (3b101e4e-bbac-45ac-80a4-9c98901f194f, 7018de6a-bf2e-4197-afe8-b3f152f736c3), initiated by atomsmasherbot with 140 arguments
[2026-02-18 23:16:01.509 DBG] ViewerRepo :: UpdatePresence(twitch, 5), 0.0366ms
[2026-02-18 23:16:01.584 DBG] TwitchService :: Presence Timer :: Artificially updated presence with a threshold of 5 minutes (75.4952ms)
[2026-02-18 23:16:13.541 DBG] ActionDispatcher :: Queueing 'SimpleHero09' (0d274ee2-adb7-4948-9780-719a8de618d4, TwitchChatMessage) to 'Default' (00000000-0000-0000-0000-000000000000), initiated by atomsmasher101 with 55 arguments
[2026-02-18 23:16:13.541 DBG] ActionQueue :: 'Default' (00000000-0000-0000-0000-000000000000) :: Enqueue action 0d274ee2-adb7-4948-9780-719a8de618d4
[2026-02-18 23:16:13.541 DBG] ActionQueue :: 'Default' (00000000-0000-0000-0000-000000000000) :: Handling queue
[2026-02-18 23:16:13.541 DBG] ActionQueue :: 'Default' (00000000-0000-0000-0000-000000000000) :: Performing non-blocking 'SimpleHero09' (0d274ee2-adb7-4948-9780-719a8de618d4, 441e273f-67e3-4a93-bdcb-f817adedf262), initiated by atomsmasher101 with 56 arguments
[2026-02-18 23:16:13.543 DBG] ActionDispatcher :: Queueing 'TheMediocreLlama' (03f8a7a3-f259-47c1-a5f6-2f7ec12e23c6, TwitchChatMessage) to 'Default' (00000000-0000-0000-0000-000000000000), initiated by atomsmasher101 with 55 arguments
[2026-02-18 23:16:13.543 DBG] ActionQueue :: 'Default' (00000000-0000-0000-0000-000000000000) :: Enqueue action 03f8a7a3-f259-47c1-a5f6-2f7ec12e23c6
[2026-02-18 23:16:13.543 DBG] ActionQueue :: 'Default' (00000000-0000-0000-0000-000000000000) :: Handling queue
[2026-02-18 23:16:13.543 DBG] ActionQueue :: 'Default' (00000000-0000-0000-0000-000000000000) :: Performing non-blocking 'TheMediocreLlama' (03f8a7a3-f259-47c1-a5f6-2f7ec12e23c6, ba0e1698-49fb-450f-b6d8-be94b92a04e1), initiated by atomsmasher101 with 56 arguments
[2026-02-18 23:16:13.545 DBG] ActionDispatcher :: Queueing 'Flaurety' (53e7be3d-3ae9-4e9f-ae66-00df77662785, TwitchChatMessage) to 'Default' (00000000-0000-0000-0000-000000000000), initiated by atomsmasher101 with 55 arguments
[2026-02-18 23:16:13.545 DBG] ActionQueue :: 'Default' (00000000-0000-0000-0000-000000000000) :: Enqueue action 53e7be3d-3ae9-4e9f-ae66-00df77662785
[2026-02-18 23:16:13.545 DBG] ActionQueue :: 'Default' (00000000-0000-0000-0000-000000000000) :: Handling queue
[2026-02-18 23:16:13.545 DBG] ActionQueue :: 'Default' (00000000-0000-0000-0000-000000000000) :: Performing non-blocking 'Flaurety' (53e7be3d-3ae9-4e9f-ae66-00df77662785, 8190abb1-7ac4-4c00-886d-314379204b1a), initiated by atomsmasher101 with 56 arguments
[2026-02-18 23:16:13.546 DBG] ActionDispatcher :: Queueing 'VolanRadooga' (72a5f04d-5499-4c3e-b172-f8a03de49d0b, TwitchChatMessage) to 'Default' (00000000-0000-0000-0000-000000000000), initiated by atomsmasher101 with 55 arguments
[2026-02-18 23:16:13.546 DBG] ActionQueue :: 'Default' (00000000-0000-0000-0000-000000000000) :: Enqueue action 72a5f04d-5499-4c3e-b172-f8a03de49d0b
[2026-02-18 23:16:13.546 DBG] ActionQueue :: 'Default' (00000000-0000-0000-0000-000000000000) :: Handling queue
[2026-02-18 23:16:13.546 DBG] ActionQueue :: 'Default' (00000000-0000-0000-0000-000000000000) :: Performing non-blocking 'VolanRadooga' (72a5f04d-5499-4c3e-b172-f8a03de49d0b, 5e84d485-5994-47a2-9a57-0f2243e850cf), initiated by atomsmasher101 with 56 arguments
[2026-02-18 23:16:13.549 DBG] ActionDispatcher :: Queueing 'Pratchetty' (4004afd7-6782-4f82-a057-433804324454, TwitchChatMessage) to 'Default' (00000000-0000-0000-0000-000000000000), initiated by atomsmasher101 with 55 arguments
[2026-02-18 23:16:13.549 DBG] ActionQueue :: 'Default' (00000000-0000-0000-0000-000000000000) :: Enqueue action 4004afd7-6782-4f82-a057-433804324454
[2026-02-18 23:16:13.549 DBG] ActionQueue :: 'Default' (00000000-0000-0000-0000-000000000000) :: Handling queue
[2026-02-18 23:16:13.549 DBG] ActionQueue :: 'Default' (00000000-0000-0000-0000-000000000000) :: Performing non-blocking 'Pratchetty' (4004afd7-6782-4f82-a057-433804324454, 797dd3da-6a68-406a-aac2-c24a472bfb1a), initiated by atomsmasher101 with 56 arguments
[2026-02-18 23:16:13.551 DBG] ActionDispatcher :: Queueing 'Birdie_223' (f25861ac-4ad8-49c6-b2a1-6b8504cf92af, TwitchChatMessage) to 'Default' (00000000-0000-0000-0000-000000000000), initiated by atomsmasher101 with 55 arguments
[2026-02-18 23:16:13.551 DBG] ActionQueue :: 'Default' (00000000-0000-0000-0000-000000000000) :: Enqueue action f25861ac-4ad8-49c6-b2a1-6b8504cf92af
[2026-02-18 23:16:13.551 DBG] ActionQueue :: 'Default' (00000000-0000-0000-0000-000000000000) :: Handling queue
[2026-02-18 23:16:13.551 DBG] ActionQueue :: 'Default' (00000000-0000-0000-0000-000000000000) :: Performing non-blocking 'Birdie_223' (f25861ac-4ad8-49c6-b2a1-6b8504cf92af, 602ad584-c7e4-4b75-8585-6a4776d5d99a), initiated by atomsmasher101 with 56 arguments
[2026-02-18 23:16:13.552 DBG] ActionDispatcher :: Queueing 'Awes0meN81' (8f7732b9-751d-478e-9248-7b4451145f77, TwitchChatMessage) to 'Default' (00000000-0000-0000-0000-000000000000), initiated by atomsmasher101 with 55 arguments
[2026-02-18 23:16:13.552 DBG] ActionQueue :: 'Default' (00000000-0000-0000-0000-000000000000) :: Enqueue action 8f7732b9-751d-478e-9248-7b4451145f77
[2026-02-18 23:16:13.552 DBG] ActionQueue :: 'Default' (00000000-0000-0000-0000-000000000000) :: Handling queue
[2026-02-18 23:16:13.552 DBG] ActionQueue :: 'Default' (00000000-0000-0000-0000-000000000000) :: Performing non-blocking 'Awes0meN81' (8f7732b9-751d-478e-9248-7b4451145f77, 006b8379-7c52-4d86-ada2-458d9f0539d6), initiated by atomsmasher101 with 56 arguments
[2026-02-18 23:16:13.554 DBG] ActionDispatcher :: Queueing 'keek_z' (3b101e4e-bbac-45ac-80a4-9c98901f194f, TwitchChatMessage) to 'Default' (00000000-0000-0000-0000-000000000000), initiated by atomsmasher101 with 55 arguments
[2026-02-18 23:16:13.554 DBG] ActionQueue :: 'Default' (00000000-0000-0000-0000-000000000000) :: Enqueue action 3b101e4e-bbac-45ac-80a4-9c98901f194f
[2026-02-18 23:16:13.554 DBG] ActionQueue :: 'Default' (00000000-0000-0000-0000-000000000000) :: Handling queue
[2026-02-18 23:16:13.554 DBG] ActionQueue :: 'Default' (00000000-0000-0000-0000-000000000000) :: Performing non-blocking 'keek_z' (3b101e4e-bbac-45ac-80a4-9c98901f194f, 667bb02c-41d2-43a7-8adf-456b0552680b), initiated by atomsmasher101 with 56 arguments
[2026-02-18 23:16:27.543 DBG] ActionDispatcher :: Queueing 'SimpleHero09' (0d274ee2-adb7-4948-9780-719a8de618d4, TwitchChatMessage) to 'Default' (00000000-0000-0000-0000-000000000000), initiated by atomsmasher101 with 55 arguments
[2026-02-18 23:16:27.543 DBG] ActionQueue :: 'Default' (00000000-0000-0000-0000-000000000000) :: Enqueue action 0d274ee2-adb7-4948-9780-719a8de618d4
[2026-02-18 23:16:27.543 DBG] ActionQueue :: 'Default' (00000000-0000-0000-0000-000000000000) :: Handling queue
[2026-02-18 23:16:27.543 DBG] ActionQueue :: 'Default' (00000000-0000-0000-0000-000000000000) :: Performing non-blocking 'SimpleHero09' (0d274ee2-adb7-4948-9780-719a8de618d4, c14dbf29-42c1-4791-b053-baaa81fa8e38), initiated by atomsmasher101 with 56 arguments
[2026-02-18 23:16:27.544 DBG] ActionDispatcher :: Queueing 'TheMediocreLlama' (03f8a7a3-f259-47c1-a5f6-2f7ec12e23c6, TwitchChatMessage) to 'Default' (00000000-0000-0000-0000-000000000000), initiated by atomsmasher101 with 55 arguments
[2026-02-18 23:16:27.544 DBG] ActionQueue :: 'Default' (00000000-0000-0000-0000-000000000000) :: Enqueue action 03f8a7a3-f259-47c1-a5f6-2f7ec12e23c6
[2026-02-18 23:16:27.544 DBG] ActionQueue :: 'Default' (00000000-0000-0000-0000-000000000000) :: Handling queue
[2026-02-18 23:16:27.544 DBG] ActionQueue :: 'Default' (00000000-0000-0000-0000-000000000000) :: Performing non-blocking 'TheMediocreLlama' (03f8a7a3-f259-47c1-a5f6-2f7ec12e23c6, 67fab74b-e889-4972-8186-be8d20ec8363), initiated by atomsmasher101 with 56 arguments
[2026-02-18 23:16:27.548 DBG] ActionDispatcher :: Queueing 'Flaurety' (53e7be3d-3ae9-4e9f-ae66-00df77662785, TwitchChatMessage) to 'Default' (00000000-0000-0000-0000-000000000000), initiated by atomsmasher101 with 55 arguments
[2026-02-18 23:16:27.548 DBG] ActionQueue :: 'Default' (00000000-0000-0000-0000-000000000000) :: Enqueue action 53e7be3d-3ae9-4e9f-ae66-00df77662785
[2026-02-18 23:16:27.548 DBG] ActionQueue :: 'Default' (00000000-0000-0000-0000-000000000000) :: Handling queue
[2026-02-18 23:16:27.548 DBG] ActionQueue :: 'Default' (00000000-0000-0000-0000-000000000000) :: Performing non-blocking 'Flaurety' (53e7be3d-3ae9-4e9f-ae66-00df77662785, 990442c8-8c22-492d-9a09-0f82c11a64ec), initiated by atomsmasher101 with 56 arguments
[2026-02-18 23:16:27.549 DBG] ActionDispatcher :: Queueing 'VolanRadooga' (72a5f04d-5499-4c3e-b172-f8a03de49d0b, TwitchChatMessage) to 'Default' (00000000-0000-0000-0000-000000000000), initiated by atomsmasher101 with 55 arguments
[2026-02-18 23:16:27.549 DBG] ActionQueue :: 'Default' (00000000-0000-0000-0000-000000000000) :: Enqueue action 72a5f04d-5499-4c3e-b172-f8a03de49d0b
[2026-02-18 23:16:27.549 DBG] ActionQueue :: 'Default' (00000000-0000-0000-0000-000000000000) :: Handling queue
[2026-02-18 23:16:27.549 DBG] ActionQueue :: 'Default' (00000000-0000-0000-0000-000000000000) :: Performing non-blocking 'VolanRadooga' (72a5f04d-5499-4c3e-b172-f8a03de49d0b, 97a078cf-182f-447d-ac67-f0ea8d3d6e40), initiated by atomsmasher101 with 56 arguments
[2026-02-18 23:16:27.551 DBG] ActionDispatcher :: Queueing 'Pratchetty' (4004afd7-6782-4f82-a057-433804324454, TwitchChatMessage) to 'Default' (00000000-0000-0000-0000-000000000000), initiated by atomsmasher101 with 55 arguments
[2026-02-18 23:16:27.551 DBG] ActionQueue :: 'Default' (00000000-0000-0000-0000-000000000000) :: Enqueue action 4004afd7-6782-4f82-a057-433804324454
[2026-02-18 23:16:27.551 DBG] ActionQueue :: 'Default' (00000000-0000-0000-0000-000000000000) :: Handling queue
[2026-02-18 23:16:27.551 DBG] ActionQueue :: 'Default' (00000000-0000-0000-0000-000000000000) :: Performing non-blocking 'Pratchetty' (4004afd7-6782-4f82-a057-433804324454, a7915f21-45d4-4313-8b84-6812b46c421a), initiated by atomsmasher101 with 56 arguments
[2026-02-18 23:16:27.552 DBG] ActionDispatcher :: Queueing 'Birdie_223' (f25861ac-4ad8-49c6-b2a1-6b8504cf92af, TwitchChatMessage) to 'Default' (00000000-0000-0000-0000-000000000000), initiated by atomsmasher101 with 55 arguments
[2026-02-18 23:16:27.552 DBG] ActionQueue :: 'Default' (00000000-0000-0000-0000-000000000000) :: Enqueue action f25861ac-4ad8-49c6-b2a1-6b8504cf92af
[2026-02-18 23:16:27.552 DBG] ActionQueue :: 'Default' (00000000-0000-0000-0000-000000000000) :: Handling queue
[2026-02-18 23:16:27.552 DBG] ActionQueue :: 'Default' (00000000-0000-0000-0000-000000000000) :: Performing non-blocking 'Birdie_223' (f25861ac-4ad8-49c6-b2a1-6b8504cf92af, adb24534-d490-4658-b6fe-c7931ea17740), initiated by atomsmasher101 with 56 arguments
[2026-02-18 23:16:27.553 DBG] ActionDispatcher :: Queueing 'Awes0meN81' (8f7732b9-751d-478e-9248-7b4451145f77, TwitchChatMessage) to 'Default' (00000000-0000-0000-0000-000000000000), initiated by atomsmasher101 with 55 arguments
[2026-02-18 23:16:27.553 DBG] ActionQueue :: 'Default' (00000000-0000-0000-0000-000000000000) :: Enqueue action 8f7732b9-751d-478e-9248-7b4451145f77
[2026-02-18 23:16:27.553 DBG] ActionQueue :: 'Default' (00000000-0000-0000-0000-000000000000) :: Handling queue
[2026-02-18 23:16:27.553 DBG] ActionQueue :: 'Default' (00000000-0000-0000-0000-000000000000) :: Performing non-blocking 'Awes0meN81' (8f7732b9-751d-478e-9248-7b4451145f77, 757745d8-9649-4335-8fac-b40ee055f0f7), initiated by atomsmasher101 with 56 arguments
[2026-02-18 23:16:27.555 DBG] ActionDispatcher :: Queueing 'keek_z' (3b101e4e-bbac-45ac-80a4-9c98901f194f, TwitchChatMessage) to 'Default' (00000000-0000-0000-0000-000000000000), initiated by atomsmasher101 with 55 arguments
[2026-02-18 23:16:27.555 DBG] ActionQueue :: 'Default' (00000000-0000-0000-0000-000000000000) :: Enqueue action 3b101e4e-bbac-45ac-80a4-9c98901f194f
[2026-02-18 23:16:27.555 DBG] ActionQueue :: 'Default' (00000000-0000-0000-0000-000000000000) :: Handling queue
[2026-02-18 23:16:27.555 DBG] ActionQueue :: 'Default' (00000000-0000-0000-0000-000000000000) :: Performing non-blocking 'keek_z' (3b101e4e-bbac-45ac-80a4-9c98901f194f, 98ff891f-2004-45f6-bdf8-3d2e91814c8d), initiated by atomsmasher101 with 56 arguments
[2026-02-18 23:16:27.606 DBG] ActionDispatcher :: Queueing 'Cousin' (5f547625-b177-4cd7-bf87-637602bafed8, CommandTriggered) to 'Default' (00000000-0000-0000-0000-000000000000), initiated by atomsmasher101 with 43 arguments
[2026-02-18 23:16:27.606 DBG] ActionQueue :: 'Default' (00000000-0000-0000-0000-000000000000) :: Enqueue action 5f547625-b177-4cd7-bf87-637602bafed8
[2026-02-18 23:16:27.606 DBG] ActionQueue :: 'Default' (00000000-0000-0000-0000-000000000000) :: Handling queue
[2026-02-18 23:16:27.606 DBG] ActionQueue :: 'Default' (00000000-0000-0000-0000-000000000000) :: Performing non-blocking 'Cousin' (5f547625-b177-4cd7-bf87-637602bafed8, 70323bef-4da4-4006-9abc-28efe79b2f1e), initiated by atomsmasher101 with 44 arguments
[2026-02-18 23:16:27.912 DBG] InlineCode :: Running default entry point from instance 'e5069ff9-6e26-4733-8f35-2c9b99aebe99'
[2026-02-18 23:16:28.105 DBG] ActionDispatcher :: Queueing 'SimpleHero09' (0d274ee2-adb7-4948-9780-719a8de618d4, TwitchChatMessage) to 'Default' (00000000-0000-0000-0000-000000000000), initiated by atomsmasherbot with 139 arguments
[2026-02-18 23:16:28.105 DBG] ActionQueue :: 'Default' (00000000-0000-0000-0000-000000000000) :: Enqueue action 0d274ee2-adb7-4948-9780-719a8de618d4
[2026-02-18 23:16:28.105 DBG] ActionQueue :: 'Default' (00000000-0000-0000-0000-000000000000) :: Handling queue
[2026-02-18 23:16:28.105 DBG] ActionQueue :: 'Default' (00000000-0000-0000-0000-000000000000) :: Performing non-blocking 'SimpleHero09' (0d274ee2-adb7-4948-9780-719a8de618d4, 4d5fa00e-433b-4b09-a710-c23effb4e798), initiated by atomsmasherbot with 140 arguments
[2026-02-18 23:16:28.106 DBG] ActionDispatcher :: Queueing 'TheMediocreLlama' (03f8a7a3-f259-47c1-a5f6-2f7ec12e23c6, TwitchChatMessage) to 'Default' (00000000-0000-0000-0000-000000000000), initiated by atomsmasherbot with 139 arguments
[2026-02-18 23:16:28.106 DBG] ActionQueue :: 'Default' (00000000-0000-0000-0000-000000000000) :: Enqueue action 03f8a7a3-f259-47c1-a5f6-2f7ec12e23c6
[2026-02-18 23:16:28.106 DBG] ActionQueue :: 'Default' (00000000-0000-0000-0000-000000000000) :: Handling queue
[2026-02-18 23:16:28.106 DBG] ActionQueue :: 'Default' (00000000-0000-0000-0000-000000000000) :: Performing non-blocking 'TheMediocreLlama' (03f8a7a3-f259-47c1-a5f6-2f7ec12e23c6, 8a00344e-444c-4acc-aae8-5f75e3994c5d), initiated by atomsmasherbot with 140 arguments
[2026-02-18 23:16:28.108 DBG] ActionDispatcher :: Queueing 'Flaurety' (53e7be3d-3ae9-4e9f-ae66-00df77662785, TwitchChatMessage) to 'Default' (00000000-0000-0000-0000-000000000000), initiated by atomsmasherbot with 139 arguments
[2026-02-18 23:16:28.108 DBG] ActionQueue :: 'Default' (00000000-0000-0000-0000-000000000000) :: Enqueue action 53e7be3d-3ae9-4e9f-ae66-00df77662785
[2026-02-18 23:16:28.108 DBG] ActionQueue :: 'Default' (00000000-0000-0000-0000-000000000000) :: Handling queue
[2026-02-18 23:16:28.108 DBG] ActionQueue :: 'Default' (00000000-0000-0000-0000-000000000000) :: Performing non-blocking 'Flaurety' (53e7be3d-3ae9-4e9f-ae66-00df77662785, 206890e6-6f8b-4a80-a9ae-2b230358d8ce), initiated by atomsmasherbot with 140 arguments
[2026-02-18 23:16:28.110 DBG] ActionDispatcher :: Queueing 'VolanRadooga' (72a5f04d-5499-4c3e-b172-f8a03de49d0b, TwitchChatMessage) to 'Default' (00000000-0000-0000-0000-000000000000), initiated by atomsmasherbot with 139 arguments
[2026-02-18 23:16:28.110 DBG] ActionQueue :: 'Default' (00000000-0000-0000-0000-000000000000) :: Enqueue action 72a5f04d-5499-4c3e-b172-f8a03de49d0b
[2026-02-18 23:16:28.110 DBG] ActionQueue :: 'Default' (00000000-0000-0000-0000-000000000000) :: Handling queue
[2026-02-18 23:16:28.110 DBG] ActionQueue :: 'Default' (00000000-0000-0000-0000-000000000000) :: Performing non-blocking 'VolanRadooga' (72a5f04d-5499-4c3e-b172-f8a03de49d0b, caa392d7-767b-4cc5-8cd8-d46fa33f9dc8), initiated by atomsmasherbot with 140 arguments
[2026-02-18 23:16:28.112 DBG] ActionDispatcher :: Queueing 'Pratchetty' (4004afd7-6782-4f82-a057-433804324454, TwitchChatMessage) to 'Default' (00000000-0000-0000-0000-000000000000), initiated by atomsmasherbot with 139 arguments
[2026-02-18 23:16:28.112 DBG] ActionQueue :: 'Default' (00000000-0000-0000-0000-000000000000) :: Enqueue action 4004afd7-6782-4f82-a057-433804324454
[2026-02-18 23:16:28.112 DBG] ActionQueue :: 'Default' (00000000-0000-0000-0000-000000000000) :: Handling queue
[2026-02-18 23:16:28.112 DBG] ActionQueue :: 'Default' (00000000-0000-0000-0000-000000000000) :: Performing non-blocking 'Pratchetty' (4004afd7-6782-4f82-a057-433804324454, ce4750ef-1a00-4e88-80f9-5e83602ec9c8), initiated by atomsmasherbot with 140 arguments
[2026-02-18 23:16:28.114 DBG] ActionDispatcher :: Queueing 'Birdie_223' (f25861ac-4ad8-49c6-b2a1-6b8504cf92af, TwitchChatMessage) to 'Default' (00000000-0000-0000-0000-000000000000), initiated by atomsmasherbot with 139 arguments
[2026-02-18 23:16:28.114 DBG] ActionQueue :: 'Default' (00000000-0000-0000-0000-000000000000) :: Enqueue action f25861ac-4ad8-49c6-b2a1-6b8504cf92af
[2026-02-18 23:16:28.114 DBG] ActionQueue :: 'Default' (00000000-0000-0000-0000-000000000000) :: Handling queue
[2026-02-18 23:16:28.114 DBG] ActionQueue :: 'Default' (00000000-0000-0000-0000-000000000000) :: Performing non-blocking 'Birdie_223' (f25861ac-4ad8-49c6-b2a1-6b8504cf92af, ffae3a69-d24f-4cd5-8491-ff2a920d16db), initiated by atomsmasherbot with 140 arguments
[2026-02-18 23:16:28.115 DBG] ActionDispatcher :: Queueing 'Awes0meN81' (8f7732b9-751d-478e-9248-7b4451145f77, TwitchChatMessage) to 'Default' (00000000-0000-0000-0000-000000000000), initiated by atomsmasherbot with 139 arguments
[2026-02-18 23:16:28.115 DBG] ActionQueue :: 'Default' (00000000-0000-0000-0000-000000000000) :: Enqueue action 8f7732b9-751d-478e-9248-7b4451145f77
[2026-02-18 23:16:28.115 DBG] ActionQueue :: 'Default' (00000000-0000-0000-0000-000000000000) :: Handling queue
[2026-02-18 23:16:28.115 DBG] ActionQueue :: 'Default' (00000000-0000-0000-0000-000000000000) :: Performing non-blocking 'Awes0meN81' (8f7732b9-751d-478e-9248-7b4451145f77, b2a4b0c1-c371-49ab-bc5f-a9903ac1049a), initiated by atomsmasherbot with 140 arguments
[2026-02-18 23:16:28.116 DBG] ActionDispatcher :: Queueing 'keek_z' (3b101e4e-bbac-45ac-80a4-9c98901f194f, TwitchChatMessage) to 'Default' (00000000-0000-0000-0000-000000000000), initiated by atomsmasherbot with 139 arguments
[2026-02-18 23:16:28.116 DBG] ActionQueue :: 'Default' (00000000-0000-0000-0000-000000000000) :: Enqueue action 3b101e4e-bbac-45ac-80a4-9c98901f194f
[2026-02-18 23:16:28.116 DBG] ActionQueue :: 'Default' (00000000-0000-0000-0000-000000000000) :: Handling queue
[2026-02-18 23:16:28.116 DBG] ActionQueue :: 'Default' (00000000-0000-0000-0000-000000000000) :: Performing non-blocking 'keek_z' (3b101e4e-bbac-45ac-80a4-9c98901f194f, 0387c656-8937-4200-81ef-9d183dd579cb), initiated by atomsmasherbot with 140 arguments
[2026-02-18 23:16:30.308 DBG] ActionDispatcher :: Queueing 'SimpleHero09' (0d274ee2-adb7-4948-9780-719a8de618d4, TwitchChatMessage) to 'Default' (00000000-0000-0000-0000-000000000000), initiated by atomsmasher101 with 55 arguments
[2026-02-18 23:16:30.308 DBG] ActionQueue :: 'Default' (00000000-0000-0000-0000-000000000000) :: Enqueue action 0d274ee2-adb7-4948-9780-719a8de618d4
[2026-02-18 23:16:30.308 DBG] ActionQueue :: 'Default' (00000000-0000-0000-0000-000000000000) :: Handling queue
[2026-02-18 23:16:30.308 DBG] ActionQueue :: 'Default' (00000000-0000-0000-0000-000000000000) :: Performing non-blocking 'SimpleHero09' (0d274ee2-adb7-4948-9780-719a8de618d4, b7f3e57a-494d-4997-995a-577f9aab8eb5), initiated by atomsmasher101 with 56 arguments
[2026-02-18 23:16:30.309 DBG] ActionDispatcher :: Queueing 'TheMediocreLlama' (03f8a7a3-f259-47c1-a5f6-2f7ec12e23c6, TwitchChatMessage) to 'Default' (00000000-0000-0000-0000-000000000000), initiated by atomsmasher101 with 55 arguments
[2026-02-18 23:16:30.309 DBG] ActionQueue :: 'Default' (00000000-0000-0000-0000-000000000000) :: Enqueue action 03f8a7a3-f259-47c1-a5f6-2f7ec12e23c6
[2026-02-18 23:16:30.309 DBG] ActionQueue :: 'Default' (00000000-0000-0000-0000-000000000000) :: Handling queue
[2026-02-18 23:16:30.309 DBG] ActionQueue :: 'Default' (00000000-0000-0000-0000-000000000000) :: Performing non-blocking 'TheMediocreLlama' (03f8a7a3-f259-47c1-a5f6-2f7ec12e23c6, 5010e2c0-be3d-4f4a-8e17-75e8bb6e06b5), initiated by atomsmasher101 with 56 arguments
[2026-02-18 23:16:30.311 DBG] ActionDispatcher :: Queueing 'Flaurety' (53e7be3d-3ae9-4e9f-ae66-00df77662785, TwitchChatMessage) to 'Default' (00000000-0000-0000-0000-000000000000), initiated by atomsmasher101 with 55 arguments
[2026-02-18 23:16:30.311 DBG] ActionQueue :: 'Default' (00000000-0000-0000-0000-000000000000) :: Enqueue action 53e7be3d-3ae9-4e9f-ae66-00df77662785
[2026-02-18 23:16:30.311 DBG] ActionQueue :: 'Default' (00000000-0000-0000-0000-000000000000) :: Handling queue
[2026-02-18 23:16:30.311 DBG] ActionQueue :: 'Default' (00000000-0000-0000-0000-000000000000) :: Performing non-blocking 'Flaurety' (53e7be3d-3ae9-4e9f-ae66-00df77662785, 08abc667-9abc-48f0-9aa5-68130c91a218), initiated by atomsmasher101 with 56 arguments
[2026-02-18 23:16:30.312 DBG] ActionDispatcher :: Queueing 'VolanRadooga' (72a5f04d-5499-4c3e-b172-f8a03de49d0b, TwitchChatMessage) to 'Default' (00000000-0000-0000-0000-000000000000), initiated by atomsmasher101 with 55 arguments
[2026-02-18 23:16:30.312 DBG] ActionQueue :: 'Default' (00000000-0000-0000-0000-000000000000) :: Enqueue action 72a5f04d-5499-4c3e-b172-f8a03de49d0b
[2026-02-18 23:16:30.312 DBG] ActionQueue :: 'Default' (00000000-0000-0000-0000-000000000000) :: Handling queue
[2026-02-18 23:16:30.312 DBG] ActionQueue :: 'Default' (00000000-0000-0000-0000-000000000000) :: Performing non-blocking 'VolanRadooga' (72a5f04d-5499-4c3e-b172-f8a03de49d0b, 74591a65-c049-42f5-b470-c4052bce3163), initiated by atomsmasher101 with 56 arguments
[2026-02-18 23:16:30.314 DBG] ActionDispatcher :: Queueing 'Pratchetty' (4004afd7-6782-4f82-a057-433804324454, TwitchChatMessage) to 'Default' (00000000-0000-0000-0000-000000000000), initiated by atomsmasher101 with 55 arguments
[2026-02-18 23:16:30.314 DBG] ActionQueue :: 'Default' (00000000-0000-0000-0000-000000000000) :: Enqueue action 4004afd7-6782-4f82-a057-433804324454
[2026-02-18 23:16:30.314 DBG] ActionQueue :: 'Default' (00000000-0000-0000-0000-000000000000) :: Handling queue
[2026-02-18 23:16:30.314 DBG] ActionQueue :: 'Default' (00000000-0000-0000-0000-000000000000) :: Performing non-blocking 'Pratchetty' (4004afd7-6782-4f82-a057-433804324454, 60285c52-228c-4dd3-9dde-e46726f48964), initiated by atomsmasher101 with 56 arguments
[2026-02-18 23:16:30.315 DBG] ActionDispatcher :: Queueing 'Birdie_223' (f25861ac-4ad8-49c6-b2a1-6b8504cf92af, TwitchChatMessage) to 'Default' (00000000-0000-0000-0000-000000000000), initiated by atomsmasher101 with 55 arguments
[2026-02-18 23:16:30.315 DBG] ActionQueue :: 'Default' (00000000-0000-0000-0000-000000000000) :: Enqueue action f25861ac-4ad8-49c6-b2a1-6b8504cf92af
[2026-02-18 23:16:30.315 DBG] ActionQueue :: 'Default' (00000000-0000-0000-0000-000000000000) :: Handling queue
[2026-02-18 23:16:30.315 DBG] ActionQueue :: 'Default' (00000000-0000-0000-0000-000000000000) :: Performing non-blocking 'Birdie_223' (f25861ac-4ad8-49c6-b2a1-6b8504cf92af, f65e96cb-de71-4031-ac12-0e766d1ad43c), initiated by atomsmasher101 with 56 arguments
[2026-02-18 23:16:30.316 DBG] ActionDispatcher :: Queueing 'Awes0meN81' (8f7732b9-751d-478e-9248-7b4451145f77, TwitchChatMessage) to 'Default' (00000000-0000-0000-0000-000000000000), initiated by atomsmasher101 with 55 arguments
[2026-02-18 23:16:30.316 DBG] ActionQueue :: 'Default' (00000000-0000-0000-0000-000000000000) :: Enqueue action 8f7732b9-751d-478e-9248-7b4451145f77
[2026-02-18 23:16:30.316 DBG] ActionQueue :: 'Default' (00000000-0000-0000-0000-000000000000) :: Handling queue
[2026-02-18 23:16:30.318 DBG] ActionQueue :: 'Default' (00000000-0000-0000-0000-000000000000) :: Performing non-blocking 'Awes0meN81' (8f7732b9-751d-478e-9248-7b4451145f77, 1870e7c4-f0df-4afa-b6c3-c16f6340f22c), initiated by atomsmasher101 with 56 arguments
[2026-02-18 23:16:30.319 DBG] ActionDispatcher :: Queueing 'keek_z' (3b101e4e-bbac-45ac-80a4-9c98901f194f, TwitchChatMessage) to 'Default' (00000000-0000-0000-0000-000000000000), initiated by atomsmasher101 with 55 arguments
[2026-02-18 23:16:30.319 DBG] ActionQueue :: 'Default' (00000000-0000-0000-0000-000000000000) :: Enqueue action 3b101e4e-bbac-45ac-80a4-9c98901f194f
[2026-02-18 23:16:30.319 DBG] ActionQueue :: 'Default' (00000000-0000-0000-0000-000000000000) :: Handling queue
[2026-02-18 23:16:30.319 DBG] ActionQueue :: 'Default' (00000000-0000-0000-0000-000000000000) :: Performing non-blocking 'keek_z' (3b101e4e-bbac-45ac-80a4-9c98901f194f, 661684bb-0c71-49b1-b604-9fb28cf59e88), initiated by atomsmasher101 with 56 arguments
[2026-02-18 23:16:30.379 DBG] ActionDispatcher :: Queueing 'Cousin' (5f547625-b177-4cd7-bf87-637602bafed8, CommandTriggered) to 'Default' (00000000-0000-0000-0000-000000000000), initiated by atomsmasher101 with 43 arguments
[2026-02-18 23:16:30.379 DBG] ActionQueue :: 'Default' (00000000-0000-0000-0000-000000000000) :: Enqueue action 5f547625-b177-4cd7-bf87-637602bafed8
[2026-02-18 23:16:30.379 DBG] ActionQueue :: 'Default' (00000000-0000-0000-0000-000000000000) :: Handling queue
[2026-02-18 23:16:30.380 DBG] ActionQueue :: 'Default' (00000000-0000-0000-0000-000000000000) :: Performing non-blocking 'Cousin' (5f547625-b177-4cd7-bf87-637602bafed8, 854a95b8-203f-48ec-96dd-155353a6ad4f), initiated by atomsmasher101 with 44 arguments
[2026-02-18 23:16:30.663 DBG] InlineCode :: Running default entry point from instance 'e5069ff9-6e26-4733-8f35-2c9b99aebe99'
[2026-02-18 23:16:30.859 DBG] Attempting to run 'SPOT TO SB - !sPause [ Pause ]' inline
[2026-02-18 23:16:30.860 DBG] InlineCode :: Creating and compiling instance for ' [ PUT ] pause'
[2026-02-18 23:16:30.862 DBG] ActionDispatcher :: Queueing 'SimpleHero09' (0d274ee2-adb7-4948-9780-719a8de618d4, TwitchChatMessage) to 'Default' (00000000-0000-0000-0000-000000000000), initiated by atomsmasherbot with 91 arguments
[2026-02-18 23:16:30.862 DBG] ActionQueue :: 'Default' (00000000-0000-0000-0000-000000000000) :: Enqueue action 0d274ee2-adb7-4948-9780-719a8de618d4
[2026-02-18 23:16:30.862 DBG] ActionQueue :: 'Default' (00000000-0000-0000-0000-000000000000) :: Handling queue
[2026-02-18 23:16:30.862 DBG] ActionQueue :: 'Default' (00000000-0000-0000-0000-000000000000) :: Performing non-blocking 'SimpleHero09' (0d274ee2-adb7-4948-9780-719a8de618d4, 599ecbfd-774d-4434-874e-d27927d1921d), initiated by atomsmasherbot with 92 arguments
[2026-02-18 23:16:30.864 DBG] ActionDispatcher :: Queueing 'TheMediocreLlama' (03f8a7a3-f259-47c1-a5f6-2f7ec12e23c6, TwitchChatMessage) to 'Default' (00000000-0000-0000-0000-000000000000), initiated by atomsmasherbot with 91 arguments
[2026-02-18 23:16:30.864 DBG] ActionQueue :: 'Default' (00000000-0000-0000-0000-000000000000) :: Enqueue action 03f8a7a3-f259-47c1-a5f6-2f7ec12e23c6
[2026-02-18 23:16:30.864 DBG] ActionQueue :: 'Default' (00000000-0000-0000-0000-000000000000) :: Handling queue
[2026-02-18 23:16:30.864 DBG] ActionQueue :: 'Default' (00000000-0000-0000-0000-000000000000) :: Performing non-blocking 'TheMediocreLlama' (03f8a7a3-f259-47c1-a5f6-2f7ec12e23c6, d19b32e7-ca76-401c-8158-4762584ef6c9), initiated by atomsmasherbot with 92 arguments
[2026-02-18 23:16:30.865 DBG] ActionDispatcher :: Queueing 'Flaurety' (53e7be3d-3ae9-4e9f-ae66-00df77662785, TwitchChatMessage) to 'Default' (00000000-0000-0000-0000-000000000000), initiated by atomsmasherbot with 91 arguments
[2026-02-18 23:16:30.865 DBG] ActionQueue :: 'Default' (00000000-0000-0000-0000-000000000000) :: Enqueue action 53e7be3d-3ae9-4e9f-ae66-00df77662785
[2026-02-18 23:16:30.865 DBG] ActionQueue :: 'Default' (00000000-0000-0000-0000-000000000000) :: Handling queue
[2026-02-18 23:16:30.865 DBG] ActionQueue :: 'Default' (00000000-0000-0000-0000-000000000000) :: Performing non-blocking 'Flaurety' (53e7be3d-3ae9-4e9f-ae66-00df77662785, 06e6b66d-97c7-4740-8896-22053392e0fa), initiated by atomsmasherbot with 92 arguments
[2026-02-18 23:16:30.869 DBG] ActionDispatcher :: Queueing 'VolanRadooga' (72a5f04d-5499-4c3e-b172-f8a03de49d0b, TwitchChatMessage) to 'Default' (00000000-0000-0000-0000-000000000000), initiated by atomsmasherbot with 91 arguments
[2026-02-18 23:16:30.869 DBG] ActionQueue :: 'Default' (00000000-0000-0000-0000-000000000000) :: Enqueue action 72a5f04d-5499-4c3e-b172-f8a03de49d0b
[2026-02-18 23:16:30.869 DBG] ActionQueue :: 'Default' (00000000-0000-0000-0000-000000000000) :: Handling queue
[2026-02-18 23:16:30.869 DBG] ActionQueue :: 'Default' (00000000-0000-0000-0000-000000000000) :: Performing non-blocking 'VolanRadooga' (72a5f04d-5499-4c3e-b172-f8a03de49d0b, 2b471758-fa30-478b-a864-1335c1140118), initiated by atomsmasherbot with 92 arguments
[2026-02-18 23:16:30.870 DBG] ActionDispatcher :: Queueing 'Pratchetty' (4004afd7-6782-4f82-a057-433804324454, TwitchChatMessage) to 'Default' (00000000-0000-0000-0000-000000000000), initiated by atomsmasherbot with 91 arguments
[2026-02-18 23:16:30.870 DBG] ActionQueue :: 'Default' (00000000-0000-0000-0000-000000000000) :: Enqueue action 4004afd7-6782-4f82-a057-433804324454
[2026-02-18 23:16:30.870 DBG] ActionQueue :: 'Default' (00000000-0000-0000-0000-000000000000) :: Handling queue
[2026-02-18 23:16:30.870 DBG] ActionQueue :: 'Default' (00000000-0000-0000-0000-000000000000) :: Performing non-blocking 'Pratchetty' (4004afd7-6782-4f82-a057-433804324454, 2d528689-81b2-421d-8667-71c0f7570477), initiated by atomsmasherbot with 92 arguments
[2026-02-18 23:16:30.873 DBG] ActionDispatcher :: Queueing 'Birdie_223' (f25861ac-4ad8-49c6-b2a1-6b8504cf92af, TwitchChatMessage) to 'Default' (00000000-0000-0000-0000-000000000000), initiated by atomsmasherbot with 91 arguments
[2026-02-18 23:16:30.873 DBG] ActionQueue :: 'Default' (00000000-0000-0000-0000-000000000000) :: Enqueue action f25861ac-4ad8-49c6-b2a1-6b8504cf92af
[2026-02-18 23:16:30.873 DBG] ActionQueue :: 'Default' (00000000-0000-0000-0000-000000000000) :: Handling queue
[2026-02-18 23:16:30.873 DBG] ActionQueue :: 'Default' (00000000-0000-0000-0000-000000000000) :: Performing non-blocking 'Birdie_223' (f25861ac-4ad8-49c6-b2a1-6b8504cf92af, b5321f30-8d05-426c-aeea-f7342e91ce17), initiated by atomsmasherbot with 92 arguments
[2026-02-18 23:16:30.875 DBG] ActionDispatcher :: Queueing 'Awes0meN81' (8f7732b9-751d-478e-9248-7b4451145f77, TwitchChatMessage) to 'Default' (00000000-0000-0000-0000-000000000000), initiated by atomsmasherbot with 91 arguments
[2026-02-18 23:16:30.875 DBG] ActionQueue :: 'Default' (00000000-0000-0000-0000-000000000000) :: Enqueue action 8f7732b9-751d-478e-9248-7b4451145f77
[2026-02-18 23:16:30.875 DBG] ActionQueue :: 'Default' (00000000-0000-0000-0000-000000000000) :: Handling queue
[2026-02-18 23:16:30.875 DBG] ActionQueue :: 'Default' (00000000-0000-0000-0000-000000000000) :: Performing non-blocking 'Awes0meN81' (8f7732b9-751d-478e-9248-7b4451145f77, 33c79152-9232-43fb-a123-92053859b0d2), initiated by atomsmasherbot with 92 arguments
[2026-02-18 23:16:30.876 DBG] ActionDispatcher :: Queueing 'keek_z' (3b101e4e-bbac-45ac-80a4-9c98901f194f, TwitchChatMessage) to 'Default' (00000000-0000-0000-0000-000000000000), initiated by atomsmasherbot with 91 arguments
[2026-02-18 23:16:30.876 DBG] ActionQueue :: 'Default' (00000000-0000-0000-0000-000000000000) :: Enqueue action 3b101e4e-bbac-45ac-80a4-9c98901f194f
[2026-02-18 23:16:30.876 DBG] ActionQueue :: 'Default' (00000000-0000-0000-0000-000000000000) :: Handling queue
[2026-02-18 23:16:30.877 DBG] ActionQueue :: 'Default' (00000000-0000-0000-0000-000000000000) :: Performing non-blocking 'keek_z' (3b101e4e-bbac-45ac-80a4-9c98901f194f, 00382c6b-b987-44ae-8fa3-fd1add23c32d), initiated by atomsmasherbot with 92 arguments
[2026-02-18 23:16:31.381 DBG] InlineCode :: Running default entry point from instance '049f5788-36f1-4b1d-aa4d-5ddd053304a2'
[2026-02-18 23:16:31.410 DBG] Attempting to run '100% Song' inline
[2026-02-18 23:16:31.414 WRN] Sound file C:\Users\n2lov\OneDrive\Desktop\Stream Stuff\Cousin %\YEE HA! I'LL BE DARN TOOTIN! LOOKS LIKE.mp3 was not found!
[2026-02-18 23:16:31.415 DBG] Attempting to run 'SPOT TO SB - !sPlay [ Play ]' inline
[2026-02-18 23:16:31.415 DBG] InlineCode :: Creating and compiling instance for ' [ PUT ] play / resume '
[2026-02-18 23:16:31.646 DBG] InlineCode :: Running default entry point from instance '7bc59291-f320-45f5-973d-c3ec9ff7332b'
[2026-02-18 23:16:31.678 DBG] InlineCode :: Running default entry point from instance 'fb491b47-d91b-48f9-8992-f5fbce3162c2'
[2026-02-18 23:16:31.788 DBG] status code : BadRequest
[2026-02-18 23:16:31.788 DBG] Error Response: {
  "error": {
    "status": 400,
    "message": "Only valid bearer authentication supported"
  }
}
[2026-02-18 23:16:31.788 DBG]  SPOT2SB - Pause() 
[2026-02-18 23:16:32.020 DBG] status code : BadRequest
[2026-02-18 23:16:32.020 DBG] Error Response: {
  "error": {
    "status": 400,
    "message": "Only valid bearer authentication supported"
  }
}
[2026-02-18 23:16:32.020 DBG]  SPOT2SB - Play() 
[2026-02-18 23:16:35.619 DBG] ActionDispatcher :: Queueing 'SimpleHero09' (0d274ee2-adb7-4948-9780-719a8de618d4, TwitchChatMessage) to 'Default' (00000000-0000-0000-0000-000000000000), initiated by atomsmasher101 with 55 arguments
[2026-02-18 23:16:35.619 DBG] ActionQueue :: 'Default' (00000000-0000-0000-0000-000000000000) :: Enqueue action 0d274ee2-adb7-4948-9780-719a8de618d4
[2026-02-18 23:16:35.619 DBG] ActionQueue :: 'Default' (00000000-0000-0000-0000-000000000000) :: Handling queue
[2026-02-18 23:16:35.619 DBG] ActionQueue :: 'Default' (00000000-0000-0000-0000-000000000000) :: Performing non-blocking 'SimpleHero09' (0d274ee2-adb7-4948-9780-719a8de618d4, 3d8b2fe7-5d41-4546-8c46-c41fa368f566), initiated by atomsmasher101 with 56 arguments
[2026-02-18 23:16:35.622 DBG] ActionDispatcher :: Queueing 'TheMediocreLlama' (03f8a7a3-f259-47c1-a5f6-2f7ec12e23c6, TwitchChatMessage) to 'Default' (00000000-0000-0000-0000-000000000000), initiated by atomsmasher101 with 55 arguments
[2026-02-18 23:16:35.622 DBG] ActionQueue :: 'Default' (00000000-0000-0000-0000-000000000000) :: Enqueue action 03f8a7a3-f259-47c1-a5f6-2f7ec12e23c6
[2026-02-18 23:16:35.622 DBG] ActionQueue :: 'Default' (00000000-0000-0000-0000-000000000000) :: Handling queue
[2026-02-18 23:16:35.622 DBG] ActionQueue :: 'Default' (00000000-0000-0000-0000-000000000000) :: Performing non-blocking 'TheMediocreLlama' (03f8a7a3-f259-47c1-a5f6-2f7ec12e23c6, 0278a7a8-a255-4d4f-80ec-d88c414045cc), initiated by atomsmasher101 with 56 arguments
[2026-02-18 23:16:35.623 DBG] ActionDispatcher :: Queueing 'Flaurety' (53e7be3d-3ae9-4e9f-ae66-00df77662785, TwitchChatMessage) to 'Default' (00000000-0000-0000-0000-000000000000), initiated by atomsmasher101 with 55 arguments
[2026-02-18 23:16:35.623 DBG] ActionQueue :: 'Default' (00000000-0000-0000-0000-000000000000) :: Enqueue action 53e7be3d-3ae9-4e9f-ae66-00df77662785
[2026-02-18 23:16:35.623 DBG] ActionQueue :: 'Default' (00000000-0000-0000-0000-000000000000) :: Handling queue
[2026-02-18 23:16:35.623 DBG] ActionQueue :: 'Default' (00000000-0000-0000-0000-000000000000) :: Performing non-blocking 'Flaurety' (53e7be3d-3ae9-4e9f-ae66-00df77662785, 15c47a24-f893-45a5-a800-e07063b45d55), initiated by atomsmasher101 with 56 arguments
[2026-02-18 23:16:35.625 DBG] ActionDispatcher :: Queueing 'VolanRadooga' (72a5f04d-5499-4c3e-b172-f8a03de49d0b, TwitchChatMessage) to 'Default' (00000000-0000-0000-0000-000000000000), initiated by atomsmasher101 with 55 arguments
[2026-02-18 23:16:35.625 DBG] ActionQueue :: 'Default' (00000000-0000-0000-0000-000000000000) :: Enqueue action 72a5f04d-5499-4c3e-b172-f8a03de49d0b
[2026-02-18 23:16:35.625 DBG] ActionQueue :: 'Default' (00000000-0000-0000-0000-000000000000) :: Handling queue
[2026-02-18 23:16:35.625 DBG] ActionQueue :: 'Default' (00000000-0000-0000-0000-000000000000) :: Performing non-blocking 'VolanRadooga' (72a5f04d-5499-4c3e-b172-f8a03de49d0b, bf720d7b-d40e-415a-9b3f-02182472766e), initiated by atomsmasher101 with 56 arguments
[2026-02-18 23:16:35.626 DBG] ActionDispatcher :: Queueing 'Pratchetty' (4004afd7-6782-4f82-a057-433804324454, TwitchChatMessage) to 'Default' (00000000-0000-0000-0000-000000000000), initiated by atomsmasher101 with 55 arguments
[2026-02-18 23:16:35.626 DBG] ActionQueue :: 'Default' (00000000-0000-0000-0000-000000000000) :: Enqueue action 4004afd7-6782-4f82-a057-433804324454
[2026-02-18 23:16:35.626 DBG] ActionQueue :: 'Default' (00000000-0000-0000-0000-000000000000) :: Handling queue
[2026-02-18 23:16:35.626 DBG] ActionQueue :: 'Default' (00000000-0000-0000-0000-000000000000) :: Performing non-blocking 'Pratchetty' (4004afd7-6782-4f82-a057-433804324454, 6fedef82-2e71-42b6-b59d-6887a0698e43), initiated by atomsmasher101 with 56 arguments
[2026-02-18 23:16:35.627 DBG] ActionDispatcher :: Queueing 'Birdie_223' (f25861ac-4ad8-49c6-b2a1-6b8504cf92af, TwitchChatMessage) to 'Default' (00000000-0000-0000-0000-000000000000), initiated by atomsmasher101 with 55 arguments
[2026-02-18 23:16:35.627 DBG] ActionQueue :: 'Default' (00000000-0000-0000-0000-000000000000) :: Enqueue action f25861ac-4ad8-49c6-b2a1-6b8504cf92af
[2026-02-18 23:16:35.627 DBG] ActionQueue :: 'Default' (00000000-0000-0000-0000-000000000000) :: Handling queue
[2026-02-18 23:16:35.627 DBG] ActionQueue :: 'Default' (00000000-0000-0000-0000-000000000000) :: Performing non-blocking 'Birdie_223' (f25861ac-4ad8-49c6-b2a1-6b8504cf92af, d24b808a-4e87-4dca-9c6d-7b3c79d967fb), initiated by atomsmasher101 with 56 arguments
[2026-02-18 23:16:35.629 DBG] ActionDispatcher :: Queueing 'Awes0meN81' (8f7732b9-751d-478e-9248-7b4451145f77, TwitchChatMessage) to 'Default' (00000000-0000-0000-0000-000000000000), initiated by atomsmasher101 with 55 arguments
[2026-02-18 23:16:35.629 DBG] ActionQueue :: 'Default' (00000000-0000-0000-0000-000000000000) :: Enqueue action 8f7732b9-751d-478e-9248-7b4451145f77
[2026-02-18 23:16:35.629 DBG] ActionQueue :: 'Default' (00000000-0000-0000-0000-000000000000) :: Handling queue
[2026-02-18 23:16:35.629 DBG] ActionQueue :: 'Default' (00000000-0000-0000-0000-000000000000) :: Performing non-blocking 'Awes0meN81' (8f7732b9-751d-478e-9248-7b4451145f77, e81f9641-f2bf-400e-8a1c-0d8056c8173c), initiated by atomsmasher101 with 56 arguments
[2026-02-18 23:16:35.630 DBG] ActionDispatcher :: Queueing 'keek_z' (3b101e4e-bbac-45ac-80a4-9c98901f194f, TwitchChatMessage) to 'Default' (00000000-0000-0000-0000-000000000000), initiated by atomsmasher101 with 55 arguments
[2026-02-18 23:16:35.630 DBG] ActionQueue :: 'Default' (00000000-0000-0000-0000-000000000000) :: Enqueue action 3b101e4e-bbac-45ac-80a4-9c98901f194f
[2026-02-18 23:16:35.630 DBG] ActionQueue :: 'Default' (00000000-0000-0000-0000-000000000000) :: Handling queue
[2026-02-18 23:16:35.630 DBG] ActionQueue :: 'Default' (00000000-0000-0000-0000-000000000000) :: Performing non-blocking 'keek_z' (3b101e4e-bbac-45ac-80a4-9c98901f194f, d3fcd374-bcf5-49f1-9904-f0442066fd0a), initiated by atomsmasher101 with 56 arguments
[2026-02-18 23:16:35.682 DBG] ActionDispatcher :: Queueing 'Cousin' (5f547625-b177-4cd7-bf87-637602bafed8, CommandTriggered) to 'Default' (00000000-0000-0000-0000-000000000000), initiated by atomsmasher101 with 43 arguments
[2026-02-18 23:16:35.682 DBG] ActionQueue :: 'Default' (00000000-0000-0000-0000-000000000000) :: Enqueue action 5f547625-b177-4cd7-bf87-637602bafed8
[2026-02-18 23:16:35.682 DBG] ActionQueue :: 'Default' (00000000-0000-0000-0000-000000000000) :: Handling queue
[2026-02-18 23:16:35.683 DBG] ActionQueue :: 'Default' (00000000-0000-0000-0000-000000000000) :: Performing non-blocking 'Cousin' (5f547625-b177-4cd7-bf87-637602bafed8, a71421ef-2413-479e-97e0-aeaae4393c53), initiated by atomsmasher101 with 44 arguments
[2026-02-18 23:16:36.088 DBG] InlineCode :: Running default entry point from instance 'e5069ff9-6e26-4733-8f35-2c9b99aebe99'
[2026-02-18 23:16:36.280 DBG] Attempting to run 'SPOT TO SB - !sPause [ Pause ]' inline
[2026-02-18 23:16:36.280 DBG] InlineCode :: Running default entry point from instance '049f5788-36f1-4b1d-aa4d-5ddd053304a2'
[2026-02-18 23:16:36.280 DBG] Attempting to run '100% Song' inline
[2026-02-18 23:16:36.280 WRN] Sound file C:\Users\n2lov\OneDrive\Desktop\Stream Stuff\Cousin %\YEE HA! I'LL BE DARN TOOTIN! LOOKS LIKE.mp3 was not found!
[2026-02-18 23:16:36.280 DBG] Attempting to run 'SPOT TO SB - !sPlay [ Play ]' inline
[2026-02-18 23:16:36.280 DBG] InlineCode :: Running default entry point from instance '7bc59291-f320-45f5-973d-c3ec9ff7332b'
[2026-02-18 23:16:36.280 DBG] InlineCode :: Running default entry point from instance 'fb491b47-d91b-48f9-8992-f5fbce3162c2'
[2026-02-18 23:16:36.286 DBG] ActionDispatcher :: Queueing 'SimpleHero09' (0d274ee2-adb7-4948-9780-719a8de618d4, TwitchChatMessage) to 'Default' (00000000-0000-0000-0000-000000000000), initiated by atomsmasherbot with 91 arguments
[2026-02-18 23:16:36.286 DBG] ActionQueue :: 'Default' (00000000-0000-0000-0000-000000000000) :: Enqueue action 0d274ee2-adb7-4948-9780-719a8de618d4
[2026-02-18 23:16:36.286 DBG] ActionQueue :: 'Default' (00000000-0000-0000-0000-000000000000) :: Handling queue
[2026-02-18 23:16:36.286 DBG] ActionQueue :: 'Default' (00000000-0000-0000-0000-000000000000) :: Performing non-blocking 'SimpleHero09' (0d274ee2-adb7-4948-9780-719a8de618d4, 94720f4c-a67d-4629-97fe-97edac1ff034), initiated by atomsmasherbot with 92 arguments
[2026-02-18 23:16:36.287 DBG] ActionDispatcher :: Queueing 'TheMediocreLlama' (03f8a7a3-f259-47c1-a5f6-2f7ec12e23c6, TwitchChatMessage) to 'Default' (00000000-0000-0000-0000-000000000000), initiated by atomsmasherbot with 91 arguments
[2026-02-18 23:16:36.287 DBG] ActionQueue :: 'Default' (00000000-0000-0000-0000-000000000000) :: Enqueue action 03f8a7a3-f259-47c1-a5f6-2f7ec12e23c6
[2026-02-18 23:16:36.287 DBG] ActionQueue :: 'Default' (00000000-0000-0000-0000-000000000000) :: Handling queue
[2026-02-18 23:16:36.287 DBG] ActionQueue :: 'Default' (00000000-0000-0000-0000-000000000000) :: Performing non-blocking 'TheMediocreLlama' (03f8a7a3-f259-47c1-a5f6-2f7ec12e23c6, c5c49cbd-fbaa-498a-8146-5efa1eab4587), initiated by atomsmasherbot with 92 arguments
[2026-02-18 23:16:36.289 DBG] ActionDispatcher :: Queueing 'Flaurety' (53e7be3d-3ae9-4e9f-ae66-00df77662785, TwitchChatMessage) to 'Default' (00000000-0000-0000-0000-000000000000), initiated by atomsmasherbot with 91 arguments
[2026-02-18 23:16:36.289 DBG] ActionQueue :: 'Default' (00000000-0000-0000-0000-000000000000) :: Enqueue action 53e7be3d-3ae9-4e9f-ae66-00df77662785
[2026-02-18 23:16:36.289 DBG] ActionQueue :: 'Default' (00000000-0000-0000-0000-000000000000) :: Handling queue
[2026-02-18 23:16:36.289 DBG] ActionQueue :: 'Default' (00000000-0000-0000-0000-000000000000) :: Performing non-blocking 'Flaurety' (53e7be3d-3ae9-4e9f-ae66-00df77662785, 0e3886f7-2a37-42ff-877f-d3c8f527da17), initiated by atomsmasherbot with 92 arguments
[2026-02-18 23:16:36.291 DBG] ActionDispatcher :: Queueing 'VolanRadooga' (72a5f04d-5499-4c3e-b172-f8a03de49d0b, TwitchChatMessage) to 'Default' (00000000-0000-0000-0000-000000000000), initiated by atomsmasherbot with 91 arguments
[2026-02-18 23:16:36.291 DBG] ActionQueue :: 'Default' (00000000-0000-0000-0000-000000000000) :: Enqueue action 72a5f04d-5499-4c3e-b172-f8a03de49d0b
[2026-02-18 23:16:36.291 DBG] ActionQueue :: 'Default' (00000000-0000-0000-0000-000000000000) :: Handling queue
[2026-02-18 23:16:36.291 DBG] ActionQueue :: 'Default' (00000000-0000-0000-0000-000000000000) :: Performing non-blocking 'VolanRadooga' (72a5f04d-5499-4c3e-b172-f8a03de49d0b, 9e766d5b-46ee-45f3-8a0a-c5660bca904e), initiated by atomsmasherbot with 92 arguments
[2026-02-18 23:16:36.292 DBG] ActionDispatcher :: Queueing 'Pratchetty' (4004afd7-6782-4f82-a057-433804324454, TwitchChatMessage) to 'Default' (00000000-0000-0000-0000-000000000000), initiated by atomsmasherbot with 91 arguments
[2026-02-18 23:16:36.292 DBG] ActionQueue :: 'Default' (00000000-0000-0000-0000-000000000000) :: Enqueue action 4004afd7-6782-4f82-a057-433804324454
[2026-02-18 23:16:36.292 DBG] ActionQueue :: 'Default' (00000000-0000-0000-0000-000000000000) :: Handling queue
[2026-02-18 23:16:36.292 DBG] ActionQueue :: 'Default' (00000000-0000-0000-0000-000000000000) :: Performing non-blocking 'Pratchetty' (4004afd7-6782-4f82-a057-433804324454, e6872aed-cc3c-4817-a337-8e1ffafe1d81), initiated by atomsmasherbot with 92 arguments
[2026-02-18 23:16:36.293 DBG] ActionDispatcher :: Queueing 'Birdie_223' (f25861ac-4ad8-49c6-b2a1-6b8504cf92af, TwitchChatMessage) to 'Default' (00000000-0000-0000-0000-000000000000), initiated by atomsmasherbot with 91 arguments
[2026-02-18 23:16:36.293 DBG] ActionQueue :: 'Default' (00000000-0000-0000-0000-000000000000) :: Enqueue action f25861ac-4ad8-49c6-b2a1-6b8504cf92af
[2026-02-18 23:16:36.293 DBG] ActionQueue :: 'Default' (00000000-0000-0000-0000-000000000000) :: Handling queue
[2026-02-18 23:16:36.293 DBG] ActionQueue :: 'Default' (00000000-0000-0000-0000-000000000000) :: Performing non-blocking 'Birdie_223' (f25861ac-4ad8-49c6-b2a1-6b8504cf92af, 77337933-5175-46bf-8178-12510dfe2558), initiated by atomsmasherbot with 92 arguments
[2026-02-18 23:16:36.295 DBG] ActionDispatcher :: Queueing 'Awes0meN81' (8f7732b9-751d-478e-9248-7b4451145f77, TwitchChatMessage) to 'Default' (00000000-0000-0000-0000-000000000000), initiated by atomsmasherbot with 91 arguments
[2026-02-18 23:16:36.295 DBG] ActionQueue :: 'Default' (00000000-0000-0000-0000-000000000000) :: Enqueue action 8f7732b9-751d-478e-9248-7b4451145f77
[2026-02-18 23:16:36.295 DBG] ActionQueue :: 'Default' (00000000-0000-0000-0000-000000000000) :: Handling queue
[2026-02-18 23:16:36.295 DBG] ActionQueue :: 'Default' (00000000-0000-0000-0000-000000000000) :: Performing non-blocking 'Awes0meN81' (8f7732b9-751d-478e-9248-7b4451145f77, 74c5da25-ec03-4ecc-9a17-125421af9860), initiated by atomsmasherbot with 92 arguments
[2026-02-18 23:16:36.296 DBG] ActionDispatcher :: Queueing 'keek_z' (3b101e4e-bbac-45ac-80a4-9c98901f194f, TwitchChatMessage) to 'Default' (00000000-0000-0000-0000-000000000000), initiated by atomsmasherbot with 91 arguments
[2026-02-18 23:16:36.296 DBG] ActionQueue :: 'Default' (00000000-0000-0000-0000-000000000000) :: Enqueue action 3b101e4e-bbac-45ac-80a4-9c98901f194f
[2026-02-18 23:16:36.296 DBG] ActionQueue :: 'Default' (00000000-0000-0000-0000-000000000000) :: Handling queue
[2026-02-18 23:16:36.296 DBG] ActionQueue :: 'Default' (00000000-0000-0000-0000-000000000000) :: Performing non-blocking 'keek_z' (3b101e4e-bbac-45ac-80a4-9c98901f194f, b18b69d7-340d-4b13-948a-6650c9d4731d), initiated by atomsmasherbot with 92 arguments
[2026-02-18 23:16:36.332 DBG] status code : BadRequest
[2026-02-18 23:16:36.332 DBG] Error Response: {
  "error": {
    "status": 400,
    "message": "Only valid bearer authentication supported"
  }
}
[2026-02-18 23:16:36.332 DBG]  SPOT2SB - Pause() 
[2026-02-18 23:16:36.335 DBG] status code : BadRequest
[2026-02-18 23:16:36.335 DBG] Error Response: {
  "error": {
    "status": 400,
    "message": "Only valid bearer authentication supported"
  }
}
[2026-02-18 23:16:36.335 DBG]  SPOT2SB - Play() 
[2026-02-18 23:16:39.604 DBG] ActionDispatcher :: Queueing 'SimpleHero09' (0d274ee2-adb7-4948-9780-719a8de618d4, TwitchChatMessage) to 'Default' (00000000-0000-0000-0000-000000000000), initiated by atomsmasher101 with 55 arguments
[2026-02-18 23:16:39.604 DBG] ActionQueue :: 'Default' (00000000-0000-0000-0000-000000000000) :: Enqueue action 0d274ee2-adb7-4948-9780-719a8de618d4
[2026-02-18 23:16:39.604 DBG] ActionQueue :: 'Default' (00000000-0000-0000-0000-000000000000) :: Handling queue
[2026-02-18 23:16:39.604 DBG] ActionQueue :: 'Default' (00000000-0000-0000-0000-000000000000) :: Performing non-blocking 'SimpleHero09' (0d274ee2-adb7-4948-9780-719a8de618d4, 80868bec-37f6-4655-b3e8-d00c969bc699), initiated by atomsmasher101 with 56 arguments
[2026-02-18 23:16:39.606 DBG] ActionDispatcher :: Queueing 'TheMediocreLlama' (03f8a7a3-f259-47c1-a5f6-2f7ec12e23c6, TwitchChatMessage) to 'Default' (00000000-0000-0000-0000-000000000000), initiated by atomsmasher101 with 55 arguments
[2026-02-18 23:16:39.606 DBG] ActionQueue :: 'Default' (00000000-0000-0000-0000-000000000000) :: Enqueue action 03f8a7a3-f259-47c1-a5f6-2f7ec12e23c6
[2026-02-18 23:16:39.606 DBG] ActionQueue :: 'Default' (00000000-0000-0000-0000-000000000000) :: Handling queue
[2026-02-18 23:16:39.606 DBG] ActionQueue :: 'Default' (00000000-0000-0000-0000-000000000000) :: Performing non-blocking 'TheMediocreLlama' (03f8a7a3-f259-47c1-a5f6-2f7ec12e23c6, e5833fb9-54af-44a6-8854-7c7d3ee0d61d), initiated by atomsmasher101 with 56 arguments
[2026-02-18 23:16:39.607 DBG] ActionDispatcher :: Queueing 'Flaurety' (53e7be3d-3ae9-4e9f-ae66-00df77662785, TwitchChatMessage) to 'Default' (00000000-0000-0000-0000-000000000000), initiated by atomsmasher101 with 55 arguments
[2026-02-18 23:16:39.607 DBG] ActionQueue :: 'Default' (00000000-0000-0000-0000-000000000000) :: Enqueue action 53e7be3d-3ae9-4e9f-ae66-00df77662785
[2026-02-18 23:16:39.607 DBG] ActionQueue :: 'Default' (00000000-0000-0000-0000-000000000000) :: Handling queue
[2026-02-18 23:16:39.607 DBG] ActionQueue :: 'Default' (00000000-0000-0000-0000-000000000000) :: Performing non-blocking 'Flaurety' (53e7be3d-3ae9-4e9f-ae66-00df77662785, 452b26d4-ce88-4cb3-921e-3eca8254a071), initiated by atomsmasher101 with 56 arguments
[2026-02-18 23:16:39.609 DBG] ActionDispatcher :: Queueing 'VolanRadooga' (72a5f04d-5499-4c3e-b172-f8a03de49d0b, TwitchChatMessage) to 'Default' (00000000-0000-0000-0000-000000000000), initiated by atomsmasher101 with 55 arguments
[2026-02-18 23:16:39.609 DBG] ActionQueue :: 'Default' (00000000-0000-0000-0000-000000000000) :: Enqueue action 72a5f04d-5499-4c3e-b172-f8a03de49d0b
[2026-02-18 23:16:39.609 DBG] ActionQueue :: 'Default' (00000000-0000-0000-0000-000000000000) :: Handling queue
[2026-02-18 23:16:39.609 DBG] ActionQueue :: 'Default' (00000000-0000-0000-0000-000000000000) :: Performing non-blocking 'VolanRadooga' (72a5f04d-5499-4c3e-b172-f8a03de49d0b, d2022158-d591-48f1-9e2b-848cfdf5aafc), initiated by atomsmasher101 with 56 arguments
[2026-02-18 23:16:39.610 DBG] ActionDispatcher :: Queueing 'Pratchetty' (4004afd7-6782-4f82-a057-433804324454, TwitchChatMessage) to 'Default' (00000000-0000-0000-0000-000000000000), initiated by atomsmasher101 with 55 arguments
[2026-02-18 23:16:39.610 DBG] ActionQueue :: 'Default' (00000000-0000-0000-0000-000000000000) :: Enqueue action 4004afd7-6782-4f82-a057-433804324454
[2026-02-18 23:16:39.610 DBG] ActionQueue :: 'Default' (00000000-0000-0000-0000-000000000000) :: Handling queue
[2026-02-18 23:16:39.610 DBG] ActionQueue :: 'Default' (00000000-0000-0000-0000-000000000000) :: Performing non-blocking 'Pratchetty' (4004afd7-6782-4f82-a057-433804324454, 798dfb01-b75c-45b4-91ce-8dbb81dadfc7), initiated by atomsmasher101 with 56 arguments
[2026-02-18 23:16:39.613 DBG] ActionDispatcher :: Queueing 'Birdie_223' (f25861ac-4ad8-49c6-b2a1-6b8504cf92af, TwitchChatMessage) to 'Default' (00000000-0000-0000-0000-000000000000), initiated by atomsmasher101 with 55 arguments
[2026-02-18 23:16:39.613 DBG] ActionQueue :: 'Default' (00000000-0000-0000-0000-000000000000) :: Enqueue action f25861ac-4ad8-49c6-b2a1-6b8504cf92af
[2026-02-18 23:16:39.613 DBG] ActionQueue :: 'Default' (00000000-0000-0000-0000-000000000000) :: Handling queue
[2026-02-18 23:16:39.613 DBG] ActionQueue :: 'Default' (00000000-0000-0000-0000-000000000000) :: Performing non-blocking 'Birdie_223' (f25861ac-4ad8-49c6-b2a1-6b8504cf92af, be7ee7f4-190c-4bb9-b0f1-8b80c19e7cae), initiated by atomsmasher101 with 56 arguments
[2026-02-18 23:16:39.614 DBG] ActionDispatcher :: Queueing 'Awes0meN81' (8f7732b9-751d-478e-9248-7b4451145f77, TwitchChatMessage) to 'Default' (00000000-0000-0000-0000-000000000000), initiated by atomsmasher101 with 55 arguments
[2026-02-18 23:16:39.614 DBG] ActionQueue :: 'Default' (00000000-0000-0000-0000-000000000000) :: Enqueue action 8f7732b9-751d-478e-9248-7b4451145f77
[2026-02-18 23:16:39.614 DBG] ActionQueue :: 'Default' (00000000-0000-0000-0000-000000000000) :: Handling queue
[2026-02-18 23:16:39.614 DBG] ActionQueue :: 'Default' (00000000-0000-0000-0000-000000000000) :: Performing non-blocking 'Awes0meN81' (8f7732b9-751d-478e-9248-7b4451145f77, c18dad05-ad67-4de5-8773-6a28ad1446e3), initiated by atomsmasher101 with 56 arguments
[2026-02-18 23:16:39.616 DBG] ActionDispatcher :: Queueing 'keek_z' (3b101e4e-bbac-45ac-80a4-9c98901f194f, TwitchChatMessage) to 'Default' (00000000-0000-0000-0000-000000000000), initiated by atomsmasher101 with 55 arguments
[2026-02-18 23:16:39.616 DBG] ActionQueue :: 'Default' (00000000-0000-0000-0000-000000000000) :: Enqueue action 3b101e4e-bbac-45ac-80a4-9c98901f194f
[2026-02-18 23:16:39.616 DBG] ActionQueue :: 'Default' (00000000-0000-0000-0000-000000000000) :: Handling queue
[2026-02-18 23:16:39.616 DBG] ActionQueue :: 'Default' (00000000-0000-0000-0000-000000000000) :: Performing non-blocking 'keek_z' (3b101e4e-bbac-45ac-80a4-9c98901f194f, fbc413b2-c3c2-4ff9-863a-2637dc941f83), initiated by atomsmasher101 with 56 arguments
[2026-02-18 23:16:39.671 DBG] ActionDispatcher :: Queueing 'Cousin' (5f547625-b177-4cd7-bf87-637602bafed8, CommandTriggered) to 'Default' (00000000-0000-0000-0000-000000000000), initiated by atomsmasher101 with 43 arguments
[2026-02-18 23:16:39.671 DBG] ActionQueue :: 'Default' (00000000-0000-0000-0000-000000000000) :: Enqueue action 5f547625-b177-4cd7-bf87-637602bafed8
[2026-02-18 23:16:39.671 DBG] ActionQueue :: 'Default' (00000000-0000-0000-0000-000000000000) :: Handling queue
[2026-02-18 23:16:39.671 DBG] ActionQueue :: 'Default' (00000000-0000-0000-0000-000000000000) :: Performing non-blocking 'Cousin' (5f547625-b177-4cd7-bf87-637602bafed8, 532bba27-9852-44f3-98dc-3d148112456e), initiated by atomsmasher101 with 44 arguments
[2026-02-18 23:16:40.062 DBG] InlineCode :: Running default entry point from instance 'e5069ff9-6e26-4733-8f35-2c9b99aebe99'
[2026-02-18 23:16:40.241 DBG] ActionDispatcher :: Queueing 'SimpleHero09' (0d274ee2-adb7-4948-9780-719a8de618d4, TwitchChatMessage) to 'Default' (00000000-0000-0000-0000-000000000000), initiated by atomsmasherbot with 139 arguments
[2026-02-18 23:16:40.241 DBG] ActionQueue :: 'Default' (00000000-0000-0000-0000-000000000000) :: Enqueue action 0d274ee2-adb7-4948-9780-719a8de618d4
[2026-02-18 23:16:40.241 DBG] ActionQueue :: 'Default' (00000000-0000-0000-0000-000000000000) :: Handling queue
[2026-02-18 23:16:40.241 DBG] ActionQueue :: 'Default' (00000000-0000-0000-0000-000000000000) :: Performing non-blocking 'SimpleHero09' (0d274ee2-adb7-4948-9780-719a8de618d4, 32818b86-ede5-4d34-8bdc-9d801760af93), initiated by atomsmasherbot with 140 arguments
[2026-02-18 23:16:40.242 DBG] ActionDispatcher :: Queueing 'TheMediocreLlama' (03f8a7a3-f259-47c1-a5f6-2f7ec12e23c6, TwitchChatMessage) to 'Default' (00000000-0000-0000-0000-000000000000), initiated by atomsmasherbot with 139 arguments
[2026-02-18 23:16:40.242 DBG] ActionQueue :: 'Default' (00000000-0000-0000-0000-000000000000) :: Enqueue action 03f8a7a3-f259-47c1-a5f6-2f7ec12e23c6
[2026-02-18 23:16:40.242 DBG] ActionQueue :: 'Default' (00000000-0000-0000-0000-000000000000) :: Handling queue
[2026-02-18 23:16:40.242 DBG] ActionQueue :: 'Default' (00000000-0000-0000-0000-000000000000) :: Performing non-blocking 'TheMediocreLlama' (03f8a7a3-f259-47c1-a5f6-2f7ec12e23c6, dbc5f16d-d80f-4257-97c6-88df835af69e), initiated by atomsmasherbot with 140 arguments
[2026-02-18 23:16:40.243 DBG] ActionDispatcher :: Queueing 'Flaurety' (53e7be3d-3ae9-4e9f-ae66-00df77662785, TwitchChatMessage) to 'Default' (00000000-0000-0000-0000-000000000000), initiated by atomsmasherbot with 139 arguments
[2026-02-18 23:16:40.243 DBG] ActionQueue :: 'Default' (00000000-0000-0000-0000-000000000000) :: Enqueue action 53e7be3d-3ae9-4e9f-ae66-00df77662785
[2026-02-18 23:16:40.243 DBG] ActionQueue :: 'Default' (00000000-0000-0000-0000-000000000000) :: Handling queue
[2026-02-18 23:16:40.243 DBG] ActionQueue :: 'Default' (00000000-0000-0000-0000-000000000000) :: Performing non-blocking 'Flaurety' (53e7be3d-3ae9-4e9f-ae66-00df77662785, a23b38e3-7263-4406-9b40-925b1cd0f7b8), initiated by atomsmasherbot with 140 arguments
[2026-02-18 23:16:40.244 DBG] ActionDispatcher :: Queueing 'VolanRadooga' (72a5f04d-5499-4c3e-b172-f8a03de49d0b, TwitchChatMessage) to 'Default' (00000000-0000-0000-0000-000000000000), initiated by atomsmasherbot with 139 arguments
[2026-02-18 23:16:40.245 DBG] ActionQueue :: 'Default' (00000000-0000-0000-0000-000000000000) :: Enqueue action 72a5f04d-5499-4c3e-b172-f8a03de49d0b
[2026-02-18 23:16:40.245 DBG] ActionQueue :: 'Default' (00000000-0000-0000-0000-000000000000) :: Handling queue
[2026-02-18 23:16:40.245 DBG] ActionQueue :: 'Default' (00000000-0000-0000-0000-000000000000) :: Performing non-blocking 'VolanRadooga' (72a5f04d-5499-4c3e-b172-f8a03de49d0b, 5158bf03-0d53-4040-9633-e0026c9ada46), initiated by atomsmasherbot with 140 arguments
[2026-02-18 23:16:40.246 DBG] ActionDispatcher :: Queueing 'Pratchetty' (4004afd7-6782-4f82-a057-433804324454, TwitchChatMessage) to 'Default' (00000000-0000-0000-0000-000000000000), initiated by atomsmasherbot with 139 arguments
[2026-02-18 23:16:40.246 DBG] ActionQueue :: 'Default' (00000000-0000-0000-0000-000000000000) :: Enqueue action 4004afd7-6782-4f82-a057-433804324454
[2026-02-18 23:16:40.246 DBG] ActionQueue :: 'Default' (00000000-0000-0000-0000-000000000000) :: Handling queue
[2026-02-18 23:16:40.246 DBG] ActionQueue :: 'Default' (00000000-0000-0000-0000-000000000000) :: Performing non-blocking 'Pratchetty' (4004afd7-6782-4f82-a057-433804324454, 84c96616-08eb-42b0-9969-177101fb8041), initiated by atomsmasherbot with 140 arguments
[2026-02-18 23:16:40.248 DBG] ActionDispatcher :: Queueing 'Birdie_223' (f25861ac-4ad8-49c6-b2a1-6b8504cf92af, TwitchChatMessage) to 'Default' (00000000-0000-0000-0000-000000000000), initiated by atomsmasherbot with 139 arguments
[2026-02-18 23:16:40.248 DBG] ActionQueue :: 'Default' (00000000-0000-0000-0000-000000000000) :: Enqueue action f25861ac-4ad8-49c6-b2a1-6b8504cf92af
[2026-02-18 23:16:40.248 DBG] ActionQueue :: 'Default' (00000000-0000-0000-0000-000000000000) :: Handling queue
[2026-02-18 23:16:40.248 DBG] ActionQueue :: 'Default' (00000000-0000-0000-0000-000000000000) :: Performing non-blocking 'Birdie_223' (f25861ac-4ad8-49c6-b2a1-6b8504cf92af, 07776773-4ee6-4827-9539-17cf68d6fda0), initiated by atomsmasherbot with 140 arguments
[2026-02-18 23:16:40.249 DBG] ActionDispatcher :: Queueing 'Awes0meN81' (8f7732b9-751d-478e-9248-7b4451145f77, TwitchChatMessage) to 'Default' (00000000-0000-0000-0000-000000000000), initiated by atomsmasherbot with 139 arguments
[2026-02-18 23:16:40.249 DBG] ActionQueue :: 'Default' (00000000-0000-0000-0000-000000000000) :: Enqueue action 8f7732b9-751d-478e-9248-7b4451145f77
[2026-02-18 23:16:40.250 DBG] ActionQueue :: 'Default' (00000000-0000-0000-0000-000000000000) :: Handling queue
[2026-02-18 23:16:40.250 DBG] ActionQueue :: 'Default' (00000000-0000-0000-0000-000000000000) :: Performing non-blocking 'Awes0meN81' (8f7732b9-751d-478e-9248-7b4451145f77, 158c4a17-0270-4686-8cf5-b9ee4aefab49), initiated by atomsmasherbot with 140 arguments
[2026-02-18 23:16:40.251 DBG] ActionDispatcher :: Queueing 'keek_z' (3b101e4e-bbac-45ac-80a4-9c98901f194f, TwitchChatMessage) to 'Default' (00000000-0000-0000-0000-000000000000), initiated by atomsmasherbot with 139 arguments
[2026-02-18 23:16:40.251 DBG] ActionQueue :: 'Default' (00000000-0000-0000-0000-000000000000) :: Enqueue action 3b101e4e-bbac-45ac-80a4-9c98901f194f
[2026-02-18 23:16:40.251 DBG] ActionQueue :: 'Default' (00000000-0000-0000-0000-000000000000) :: Handling queue
[2026-02-18 23:16:40.251 DBG] ActionQueue :: 'Default' (00000000-0000-0000-0000-000000000000) :: Performing non-blocking 'keek_z' (3b101e4e-bbac-45ac-80a4-9c98901f194f, e168426e-151e-4dbb-b08a-1facc7af34d1), initiated by atomsmasherbot with 140 arguments
[2026-02-18 23:17:01.517 DBG] ViewerRepo :: UpdatePresence(twitch, 5), 0.0341ms
[2026-02-18 23:17:01.594 DBG] TwitchService :: Presence Timer :: Artificially updated presence with a threshold of 5 minutes (77.7783ms)
[2026-02-18 23:17:28.191 DBG] ActionDispatcher :: Queueing 'SimpleHero09' (0d274ee2-adb7-4948-9780-719a8de618d4, TwitchChatMessage) to 'Default' (00000000-0000-0000-0000-000000000000), initiated by atomsmasher101 with 55 arguments
[2026-02-18 23:17:28.191 DBG] ActionQueue :: 'Default' (00000000-0000-0000-0000-000000000000) :: Enqueue action 0d274ee2-adb7-4948-9780-719a8de618d4
[2026-02-18 23:17:28.191 DBG] ActionQueue :: 'Default' (00000000-0000-0000-0000-000000000000) :: Handling queue
[2026-02-18 23:17:28.191 DBG] ActionQueue :: 'Default' (00000000-0000-0000-0000-000000000000) :: Performing non-blocking 'SimpleHero09' (0d274ee2-adb7-4948-9780-719a8de618d4, 43b56031-f524-4a59-88d0-bf5f233b6572), initiated by atomsmasher101 with 56 arguments
[2026-02-18 23:17:28.193 DBG] ActionDispatcher :: Queueing 'TheMediocreLlama' (03f8a7a3-f259-47c1-a5f6-2f7ec12e23c6, TwitchChatMessage) to 'Default' (00000000-0000-0000-0000-000000000000), initiated by atomsmasher101 with 55 arguments
[2026-02-18 23:17:28.193 DBG] ActionQueue :: 'Default' (00000000-0000-0000-0000-000000000000) :: Enqueue action 03f8a7a3-f259-47c1-a5f6-2f7ec12e23c6
[2026-02-18 23:17:28.193 DBG] ActionQueue :: 'Default' (00000000-0000-0000-0000-000000000000) :: Handling queue
[2026-02-18 23:17:28.193 DBG] ActionQueue :: 'Default' (00000000-0000-0000-0000-000000000000) :: Performing non-blocking 'TheMediocreLlama' (03f8a7a3-f259-47c1-a5f6-2f7ec12e23c6, e6bf7801-6da2-4d5e-bb9f-8415f4f1faf7), initiated by atomsmasher101 with 56 arguments
[2026-02-18 23:17:28.194 DBG] ActionDispatcher :: Queueing 'Flaurety' (53e7be3d-3ae9-4e9f-ae66-00df77662785, TwitchChatMessage) to 'Default' (00000000-0000-0000-0000-000000000000), initiated by atomsmasher101 with 55 arguments
[2026-02-18 23:17:28.194 DBG] ActionQueue :: 'Default' (00000000-0000-0000-0000-000000000000) :: Enqueue action 53e7be3d-3ae9-4e9f-ae66-00df77662785
[2026-02-18 23:17:28.194 DBG] ActionQueue :: 'Default' (00000000-0000-0000-0000-000000000000) :: Handling queue
[2026-02-18 23:17:28.194 DBG] ActionQueue :: 'Default' (00000000-0000-0000-0000-000000000000) :: Performing non-blocking 'Flaurety' (53e7be3d-3ae9-4e9f-ae66-00df77662785, fcf7536f-1b37-4fa7-a7ee-7b67e00c6e50), initiated by atomsmasher101 with 56 arguments
[2026-02-18 23:17:28.196 DBG] ActionDispatcher :: Queueing 'VolanRadooga' (72a5f04d-5499-4c3e-b172-f8a03de49d0b, TwitchChatMessage) to 'Default' (00000000-0000-0000-0000-000000000000), initiated by atomsmasher101 with 55 arguments
[2026-02-18 23:17:28.196 DBG] ActionQueue :: 'Default' (00000000-0000-0000-0000-000000000000) :: Enqueue action 72a5f04d-5499-4c3e-b172-f8a03de49d0b
[2026-02-18 23:17:28.196 DBG] ActionQueue :: 'Default' (00000000-0000-0000-0000-000000000000) :: Handling queue
[2026-02-18 23:17:28.196 DBG] ActionQueue :: 'Default' (00000000-0000-0000-0000-000000000000) :: Performing non-blocking 'VolanRadooga' (72a5f04d-5499-4c3e-b172-f8a03de49d0b, e3e40671-54d5-465e-b422-c3bcdf521fa9), initiated by atomsmasher101 with 56 arguments
[2026-02-18 23:17:28.196 DBG] ActionDispatcher :: Queueing 'Pratchetty' (4004afd7-6782-4f82-a057-433804324454, TwitchChatMessage) to 'Default' (00000000-0000-0000-0000-000000000000), initiated by atomsmasher101 with 55 arguments
[2026-02-18 23:17:28.196 DBG] ActionQueue :: 'Default' (00000000-0000-0000-0000-000000000000) :: Enqueue action 4004afd7-6782-4f82-a057-433804324454
[2026-02-18 23:17:28.196 DBG] ActionQueue :: 'Default' (00000000-0000-0000-0000-000000000000) :: Handling queue
[2026-02-18 23:17:28.196 DBG] ActionQueue :: 'Default' (00000000-0000-0000-0000-000000000000) :: Performing non-blocking 'Pratchetty' (4004afd7-6782-4f82-a057-433804324454, 14a3fa23-529d-45fc-85a2-1435fb558867), initiated by atomsmasher101 with 56 arguments
[2026-02-18 23:17:28.198 DBG] ActionDispatcher :: Queueing 'Birdie_223' (f25861ac-4ad8-49c6-b2a1-6b8504cf92af, TwitchChatMessage) to 'Default' (00000000-0000-0000-0000-000000000000), initiated by atomsmasher101 with 55 arguments
[2026-02-18 23:17:28.198 DBG] ActionQueue :: 'Default' (00000000-0000-0000-0000-000000000000) :: Enqueue action f25861ac-4ad8-49c6-b2a1-6b8504cf92af
[2026-02-18 23:17:28.198 DBG] ActionQueue :: 'Default' (00000000-0000-0000-0000-000000000000) :: Handling queue
[2026-02-18 23:17:28.198 DBG] ActionQueue :: 'Default' (00000000-0000-0000-0000-000000000000) :: Performing non-blocking 'Birdie_223' (f25861ac-4ad8-49c6-b2a1-6b8504cf92af, 2af68e5f-2cc2-41bf-a8b5-f030591fd52c), initiated by atomsmasher101 with 56 arguments
[2026-02-18 23:17:28.199 DBG] ActionDispatcher :: Queueing 'Awes0meN81' (8f7732b9-751d-478e-9248-7b4451145f77, TwitchChatMessage) to 'Default' (00000000-0000-0000-0000-000000000000), initiated by atomsmasher101 with 55 arguments
[2026-02-18 23:17:28.200 DBG] ActionQueue :: 'Default' (00000000-0000-0000-0000-000000000000) :: Enqueue action 8f7732b9-751d-478e-9248-7b4451145f77
[2026-02-18 23:17:28.200 DBG] ActionQueue :: 'Default' (00000000-0000-0000-0000-000000000000) :: Handling queue
[2026-02-18 23:17:28.200 DBG] ActionQueue :: 'Default' (00000000-0000-0000-0000-000000000000) :: Performing non-blocking 'Awes0meN81' (8f7732b9-751d-478e-9248-7b4451145f77, 5ef2f4da-f725-48ca-8ec2-7da67414298a), initiated by atomsmasher101 with 56 arguments
[2026-02-18 23:17:28.200 DBG] ActionDispatcher :: Queueing 'keek_z' (3b101e4e-bbac-45ac-80a4-9c98901f194f, TwitchChatMessage) to 'Default' (00000000-0000-0000-0000-000000000000), initiated by atomsmasher101 with 55 arguments
[2026-02-18 23:17:28.200 DBG] ActionQueue :: 'Default' (00000000-0000-0000-0000-000000000000) :: Enqueue action 3b101e4e-bbac-45ac-80a4-9c98901f194f
[2026-02-18 23:17:28.200 DBG] ActionQueue :: 'Default' (00000000-0000-0000-0000-000000000000) :: Handling queue
[2026-02-18 23:17:28.202 DBG] ActionQueue :: 'Default' (00000000-0000-0000-0000-000000000000) :: Performing non-blocking 'keek_z' (3b101e4e-bbac-45ac-80a4-9c98901f194f, 76835812-eb40-44a3-a312-f6e351fc41ad), initiated by atomsmasher101 with 56 arguments
[2026-02-18 23:17:28.250 DBG] ActionDispatcher :: Queueing 'Cousin' (5f547625-b177-4cd7-bf87-637602bafed8, CommandTriggered) to 'Default' (00000000-0000-0000-0000-000000000000), initiated by atomsmasher101 with 43 arguments
[2026-02-18 23:17:28.250 DBG] ActionQueue :: 'Default' (00000000-0000-0000-0000-000000000000) :: Enqueue action 5f547625-b177-4cd7-bf87-637602bafed8
[2026-02-18 23:17:28.250 DBG] ActionQueue :: 'Default' (00000000-0000-0000-0000-000000000000) :: Handling queue
[2026-02-18 23:17:28.250 DBG] ActionQueue :: 'Default' (00000000-0000-0000-0000-000000000000) :: Performing non-blocking 'Cousin' (5f547625-b177-4cd7-bf87-637602bafed8, f15444ab-5b48-4ce2-bbff-89a53916b41f), initiated by atomsmasher101 with 44 arguments
[2026-02-18 23:17:28.533 DBG] InlineCode :: Code has been flagged as dirty for '', destroying instance
[2026-02-18 23:17:28.533 DBG] InlineCode :: Unloading 'n014798700a2492e83025d3ed81d5c50'
[2026-02-18 23:17:28.562 DBG] InlineCode :: Creating and compiling instance for ''
[2026-02-18 23:17:28.640 DBG] InlineCode :: Running default entry point from instance '8a654eba-cdfc-47da-b426-666e69305315'
[2026-02-18 23:17:28.892 DBG] ActionDispatcher :: Queueing 'SimpleHero09' (0d274ee2-adb7-4948-9780-719a8de618d4, TwitchChatMessage) to 'Default' (00000000-0000-0000-0000-000000000000), initiated by atomsmasherbot with 139 arguments
[2026-02-18 23:17:28.892 DBG] ActionQueue :: 'Default' (00000000-0000-0000-0000-000000000000) :: Enqueue action 0d274ee2-adb7-4948-9780-719a8de618d4
[2026-02-18 23:17:28.892 DBG] ActionQueue :: 'Default' (00000000-0000-0000-0000-000000000000) :: Handling queue
[2026-02-18 23:17:28.892 DBG] ActionQueue :: 'Default' (00000000-0000-0000-0000-000000000000) :: Performing non-blocking 'SimpleHero09' (0d274ee2-adb7-4948-9780-719a8de618d4, 0714064f-e1c8-459c-b36d-e7fdd8b1a682), initiated by atomsmasherbot with 140 arguments
[2026-02-18 23:17:28.894 DBG] ActionDispatcher :: Queueing 'TheMediocreLlama' (03f8a7a3-f259-47c1-a5f6-2f7ec12e23c6, TwitchChatMessage) to 'Default' (00000000-0000-0000-0000-000000000000), initiated by atomsmasherbot with 139 arguments
[2026-02-18 23:17:28.894 DBG] ActionQueue :: 'Default' (00000000-0000-0000-0000-000000000000) :: Enqueue action 03f8a7a3-f259-47c1-a5f6-2f7ec12e23c6
[2026-02-18 23:17:28.894 DBG] ActionQueue :: 'Default' (00000000-0000-0000-0000-000000000000) :: Handling queue
[2026-02-18 23:17:28.894 DBG] ActionQueue :: 'Default' (00000000-0000-0000-0000-000000000000) :: Performing non-blocking 'TheMediocreLlama' (03f8a7a3-f259-47c1-a5f6-2f7ec12e23c6, 0cd308ee-af4e-4e2d-9332-828273908612), initiated by atomsmasherbot with 140 arguments
[2026-02-18 23:17:28.895 DBG] ActionDispatcher :: Queueing 'Flaurety' (53e7be3d-3ae9-4e9f-ae66-00df77662785, TwitchChatMessage) to 'Default' (00000000-0000-0000-0000-000000000000), initiated by atomsmasherbot with 139 arguments
[2026-02-18 23:17:28.895 DBG] ActionQueue :: 'Default' (00000000-0000-0000-0000-000000000000) :: Enqueue action 53e7be3d-3ae9-4e9f-ae66-00df77662785
[2026-02-18 23:17:28.895 DBG] ActionQueue :: 'Default' (00000000-0000-0000-0000-000000000000) :: Handling queue
[2026-02-18 23:17:28.895 DBG] ActionQueue :: 'Default' (00000000-0000-0000-0000-000000000000) :: Performing non-blocking 'Flaurety' (53e7be3d-3ae9-4e9f-ae66-00df77662785, 2feb2e23-68f4-493c-b72f-c2f30993e94c), initiated by atomsmasherbot with 140 arguments
[2026-02-18 23:17:28.896 DBG] ActionDispatcher :: Queueing 'VolanRadooga' (72a5f04d-5499-4c3e-b172-f8a03de49d0b, TwitchChatMessage) to 'Default' (00000000-0000-0000-0000-000000000000), initiated by atomsmasherbot with 139 arguments
[2026-02-18 23:17:28.896 DBG] ActionQueue :: 'Default' (00000000-0000-0000-0000-000000000000) :: Enqueue action 72a5f04d-5499-4c3e-b172-f8a03de49d0b
[2026-02-18 23:17:28.896 DBG] ActionQueue :: 'Default' (00000000-0000-0000-0000-000000000000) :: Handling queue
[2026-02-18 23:17:28.896 DBG] ActionQueue :: 'Default' (00000000-0000-0000-0000-000000000000) :: Performing non-blocking 'VolanRadooga' (72a5f04d-5499-4c3e-b172-f8a03de49d0b, d9a2aa50-8b80-4213-80e8-c6ff76ae8de2), initiated by atomsmasherbot with 140 arguments
[2026-02-18 23:17:28.898 DBG] ActionDispatcher :: Queueing 'Pratchetty' (4004afd7-6782-4f82-a057-433804324454, TwitchChatMessage) to 'Default' (00000000-0000-0000-0000-000000000000), initiated by atomsmasherbot with 139 arguments
[2026-02-18 23:17:28.899 DBG] ActionQueue :: 'Default' (00000000-0000-0000-0000-000000000000) :: Enqueue action 4004afd7-6782-4f82-a057-433804324454
[2026-02-18 23:17:28.899 DBG] ActionQueue :: 'Default' (00000000-0000-0000-0000-000000000000) :: Handling queue
[2026-02-18 23:17:28.899 DBG] ActionQueue :: 'Default' (00000000-0000-0000-0000-000000000000) :: Performing non-blocking 'Pratchetty' (4004afd7-6782-4f82-a057-433804324454, 0b7124fe-1cb9-498f-a4db-25518d5a14f1), initiated by atomsmasherbot with 140 arguments
[2026-02-18 23:17:28.899 DBG] ActionDispatcher :: Queueing 'Birdie_223' (f25861ac-4ad8-49c6-b2a1-6b8504cf92af, TwitchChatMessage) to 'Default' (00000000-0000-0000-0000-000000000000), initiated by atomsmasherbot with 139 arguments
[2026-02-18 23:17:28.899 DBG] ActionQueue :: 'Default' (00000000-0000-0000-0000-000000000000) :: Enqueue action f25861ac-4ad8-49c6-b2a1-6b8504cf92af
[2026-02-18 23:17:28.899 DBG] ActionQueue :: 'Default' (00000000-0000-0000-0000-000000000000) :: Handling queue
[2026-02-18 23:17:28.899 DBG] ActionQueue :: 'Default' (00000000-0000-0000-0000-000000000000) :: Performing non-blocking 'Birdie_223' (f25861ac-4ad8-49c6-b2a1-6b8504cf92af, 607a474e-66ad-4e93-a224-e023f390a659), initiated by atomsmasherbot with 140 arguments
[2026-02-18 23:17:28.901 DBG] ActionDispatcher :: Queueing 'Awes0meN81' (8f7732b9-751d-478e-9248-7b4451145f77, TwitchChatMessage) to 'Default' (00000000-0000-0000-0000-000000000000), initiated by atomsmasherbot with 139 arguments
[2026-02-18 23:17:28.901 DBG] ActionQueue :: 'Default' (00000000-0000-0000-0000-000000000000) :: Enqueue action 8f7732b9-751d-478e-9248-7b4451145f77
[2026-02-18 23:17:28.901 DBG] ActionQueue :: 'Default' (00000000-0000-0000-0000-000000000000) :: Handling queue
[2026-02-18 23:17:28.901 DBG] ActionQueue :: 'Default' (00000000-0000-0000-0000-000000000000) :: Performing non-blocking 'Awes0meN81' (8f7732b9-751d-478e-9248-7b4451145f77, c7175691-074e-4ad9-8aeb-cdef55966e55), initiated by atomsmasherbot with 140 arguments
[2026-02-18 23:17:28.903 DBG] ActionDispatcher :: Queueing 'keek_z' (3b101e4e-bbac-45ac-80a4-9c98901f194f, TwitchChatMessage) to 'Default' (00000000-0000-0000-0000-000000000000), initiated by atomsmasherbot with 139 arguments
[2026-02-18 23:17:28.903 DBG] ActionQueue :: 'Default' (00000000-0000-0000-0000-000000000000) :: Enqueue action 3b101e4e-bbac-45ac-80a4-9c98901f194f
[2026-02-18 23:17:28.903 DBG] ActionQueue :: 'Default' (00000000-0000-0000-0000-000000000000) :: Handling queue
[2026-02-18 23:17:28.903 DBG] ActionQueue :: 'Default' (00000000-0000-0000-0000-000000000000) :: Performing non-blocking 'keek_z' (3b101e4e-bbac-45ac-80a4-9c98901f194f, fbd7ecba-b0e3-4abc-88f1-df010d486d0f), initiated by atomsmasherbot with 140 arguments
[2026-02-18 23:17:32.540 DBG] ActionDispatcher :: Queueing 'SimpleHero09' (0d274ee2-adb7-4948-9780-719a8de618d4, TwitchChatMessage) to 'Default' (00000000-0000-0000-0000-000000000000), initiated by atomsmasher101 with 55 arguments
[2026-02-18 23:17:32.540 DBG] ActionQueue :: 'Default' (00000000-0000-0000-0000-000000000000) :: Enqueue action 0d274ee2-adb7-4948-9780-719a8de618d4
[2026-02-18 23:17:32.540 DBG] ActionQueue :: 'Default' (00000000-0000-0000-0000-000000000000) :: Handling queue
[2026-02-18 23:17:32.540 DBG] ActionQueue :: 'Default' (00000000-0000-0000-0000-000000000000) :: Performing non-blocking 'SimpleHero09' (0d274ee2-adb7-4948-9780-719a8de618d4, 9b66ca8a-50c6-4a58-b3f5-1868f4288429), initiated by atomsmasher101 with 56 arguments
[2026-02-18 23:17:32.541 DBG] ActionDispatcher :: Queueing 'TheMediocreLlama' (03f8a7a3-f259-47c1-a5f6-2f7ec12e23c6, TwitchChatMessage) to 'Default' (00000000-0000-0000-0000-000000000000), initiated by atomsmasher101 with 55 arguments
[2026-02-18 23:17:32.541 DBG] ActionQueue :: 'Default' (00000000-0000-0000-0000-000000000000) :: Enqueue action 03f8a7a3-f259-47c1-a5f6-2f7ec12e23c6
[2026-02-18 23:17:32.541 DBG] ActionQueue :: 'Default' (00000000-0000-0000-0000-000000000000) :: Handling queue
[2026-02-18 23:17:32.541 DBG] ActionQueue :: 'Default' (00000000-0000-0000-0000-000000000000) :: Performing non-blocking 'TheMediocreLlama' (03f8a7a3-f259-47c1-a5f6-2f7ec12e23c6, b1ad4557-b652-41e8-8ee1-6295dd30abc0), initiated by atomsmasher101 with 56 arguments
[2026-02-18 23:17:32.543 DBG] ActionDispatcher :: Queueing 'Flaurety' (53e7be3d-3ae9-4e9f-ae66-00df77662785, TwitchChatMessage) to 'Default' (00000000-0000-0000-0000-000000000000), initiated by atomsmasher101 with 55 arguments
[2026-02-18 23:17:32.543 DBG] ActionQueue :: 'Default' (00000000-0000-0000-0000-000000000000) :: Enqueue action 53e7be3d-3ae9-4e9f-ae66-00df77662785
[2026-02-18 23:17:32.543 DBG] ActionQueue :: 'Default' (00000000-0000-0000-0000-000000000000) :: Handling queue
[2026-02-18 23:17:32.543 DBG] ActionQueue :: 'Default' (00000000-0000-0000-0000-000000000000) :: Performing non-blocking 'Flaurety' (53e7be3d-3ae9-4e9f-ae66-00df77662785, 2823a265-1133-4b9b-9198-ad9fa37d3e87), initiated by atomsmasher101 with 56 arguments
[2026-02-18 23:17:32.544 DBG] ActionDispatcher :: Queueing 'VolanRadooga' (72a5f04d-5499-4c3e-b172-f8a03de49d0b, TwitchChatMessage) to 'Default' (00000000-0000-0000-0000-000000000000), initiated by atomsmasher101 with 55 arguments
[2026-02-18 23:17:32.544 DBG] ActionQueue :: 'Default' (00000000-0000-0000-0000-000000000000) :: Enqueue action 72a5f04d-5499-4c3e-b172-f8a03de49d0b
[2026-02-18 23:17:32.544 DBG] ActionQueue :: 'Default' (00000000-0000-0000-0000-000000000000) :: Handling queue
[2026-02-18 23:17:32.544 DBG] ActionQueue :: 'Default' (00000000-0000-0000-0000-000000000000) :: Performing non-blocking 'VolanRadooga' (72a5f04d-5499-4c3e-b172-f8a03de49d0b, 5830118a-e38f-4cc7-aae6-5172209a87ee), initiated by atomsmasher101 with 56 arguments
[2026-02-18 23:17:32.545 DBG] ActionDispatcher :: Queueing 'Pratchetty' (4004afd7-6782-4f82-a057-433804324454, TwitchChatMessage) to 'Default' (00000000-0000-0000-0000-000000000000), initiated by atomsmasher101 with 55 arguments
[2026-02-18 23:17:32.545 DBG] ActionQueue :: 'Default' (00000000-0000-0000-0000-000000000000) :: Enqueue action 4004afd7-6782-4f82-a057-433804324454
[2026-02-18 23:17:32.545 DBG] ActionQueue :: 'Default' (00000000-0000-0000-0000-000000000000) :: Handling queue
[2026-02-18 23:17:32.546 DBG] ActionQueue :: 'Default' (00000000-0000-0000-0000-000000000000) :: Performing non-blocking 'Pratchetty' (4004afd7-6782-4f82-a057-433804324454, cc088c06-5e5e-4323-9a58-67332e9b1fb9), initiated by atomsmasher101 with 56 arguments
[2026-02-18 23:17:32.548 DBG] ActionDispatcher :: Queueing 'Birdie_223' (f25861ac-4ad8-49c6-b2a1-6b8504cf92af, TwitchChatMessage) to 'Default' (00000000-0000-0000-0000-000000000000), initiated by atomsmasher101 with 55 arguments
[2026-02-18 23:17:32.548 DBG] ActionQueue :: 'Default' (00000000-0000-0000-0000-000000000000) :: Enqueue action f25861ac-4ad8-49c6-b2a1-6b8504cf92af
[2026-02-18 23:17:32.548 DBG] ActionQueue :: 'Default' (00000000-0000-0000-0000-000000000000) :: Handling queue
[2026-02-18 23:17:32.548 DBG] ActionQueue :: 'Default' (00000000-0000-0000-0000-000000000000) :: Performing non-blocking 'Birdie_223' (f25861ac-4ad8-49c6-b2a1-6b8504cf92af, 0acaab6d-cc6c-4aba-9455-b4b631513c3b), initiated by atomsmasher101 with 56 arguments
[2026-02-18 23:17:32.549 DBG] ActionDispatcher :: Queueing 'Awes0meN81' (8f7732b9-751d-478e-9248-7b4451145f77, TwitchChatMessage) to 'Default' (00000000-0000-0000-0000-000000000000), initiated by atomsmasher101 with 55 arguments
[2026-02-18 23:17:32.549 DBG] ActionQueue :: 'Default' (00000000-0000-0000-0000-000000000000) :: Enqueue action 8f7732b9-751d-478e-9248-7b4451145f77
[2026-02-18 23:17:32.549 DBG] ActionQueue :: 'Default' (00000000-0000-0000-0000-000000000000) :: Handling queue
[2026-02-18 23:17:32.549 DBG] ActionQueue :: 'Default' (00000000-0000-0000-0000-000000000000) :: Performing non-blocking 'Awes0meN81' (8f7732b9-751d-478e-9248-7b4451145f77, 45c65ff8-5c90-4eb0-bddf-c96ff8bd6c12), initiated by atomsmasher101 with 56 arguments
[2026-02-18 23:17:32.551 DBG] ActionDispatcher :: Queueing 'keek_z' (3b101e4e-bbac-45ac-80a4-9c98901f194f, TwitchChatMessage) to 'Default' (00000000-0000-0000-0000-000000000000), initiated by atomsmasher101 with 55 arguments
[2026-02-18 23:17:32.551 DBG] ActionQueue :: 'Default' (00000000-0000-0000-0000-000000000000) :: Enqueue action 3b101e4e-bbac-45ac-80a4-9c98901f194f
[2026-02-18 23:17:32.551 DBG] ActionQueue :: 'Default' (00000000-0000-0000-0000-000000000000) :: Handling queue
[2026-02-18 23:17:32.551 DBG] ActionQueue :: 'Default' (00000000-0000-0000-0000-000000000000) :: Performing non-blocking 'keek_z' (3b101e4e-bbac-45ac-80a4-9c98901f194f, 129a37a2-7672-4a69-af65-13a3a15d5bf5), initiated by atomsmasher101 with 56 arguments
[2026-02-18 23:17:32.604 DBG] ActionDispatcher :: Queueing 'Cousin' (5f547625-b177-4cd7-bf87-637602bafed8, CommandTriggered) to 'Default' (00000000-0000-0000-0000-000000000000), initiated by atomsmasher101 with 43 arguments
[2026-02-18 23:17:32.604 DBG] ActionQueue :: 'Default' (00000000-0000-0000-0000-000000000000) :: Enqueue action 5f547625-b177-4cd7-bf87-637602bafed8
[2026-02-18 23:17:32.604 DBG] ActionQueue :: 'Default' (00000000-0000-0000-0000-000000000000) :: Handling queue
[2026-02-18 23:17:32.604 DBG] ActionQueue :: 'Default' (00000000-0000-0000-0000-000000000000) :: Performing non-blocking 'Cousin' (5f547625-b177-4cd7-bf87-637602bafed8, d918084a-ab54-445c-a9d9-4d2328322567), initiated by atomsmasher101 with 44 arguments
[2026-02-18 23:17:32.882 DBG] InlineCode :: Running default entry point from instance '8a654eba-cdfc-47da-b426-666e69305315'
[2026-02-18 23:17:33.075 DBG] ActionDispatcher :: Queueing 'SimpleHero09' (0d274ee2-adb7-4948-9780-719a8de618d4, TwitchChatMessage) to 'Default' (00000000-0000-0000-0000-000000000000), initiated by atomsmasherbot with 139 arguments
[2026-02-18 23:17:33.075 DBG] ActionQueue :: 'Default' (00000000-0000-0000-0000-000000000000) :: Enqueue action 0d274ee2-adb7-4948-9780-719a8de618d4
[2026-02-18 23:17:33.075 DBG] ActionQueue :: 'Default' (00000000-0000-0000-0000-000000000000) :: Handling queue
[2026-02-18 23:17:33.076 DBG] ActionQueue :: 'Default' (00000000-0000-0000-0000-000000000000) :: Performing non-blocking 'SimpleHero09' (0d274ee2-adb7-4948-9780-719a8de618d4, a69a39ea-ad66-4885-98cd-ffeedc29a03f), initiated by atomsmasherbot with 140 arguments
[2026-02-18 23:17:33.080 DBG] ActionDispatcher :: Queueing 'TheMediocreLlama' (03f8a7a3-f259-47c1-a5f6-2f7ec12e23c6, TwitchChatMessage) to 'Default' (00000000-0000-0000-0000-000000000000), initiated by atomsmasherbot with 139 arguments
[2026-02-18 23:17:33.080 DBG] ActionQueue :: 'Default' (00000000-0000-0000-0000-000000000000) :: Enqueue action 03f8a7a3-f259-47c1-a5f6-2f7ec12e23c6
[2026-02-18 23:17:33.080 DBG] ActionQueue :: 'Default' (00000000-0000-0000-0000-000000000000) :: Handling queue
[2026-02-18 23:17:33.080 DBG] ActionQueue :: 'Default' (00000000-0000-0000-0000-000000000000) :: Performing non-blocking 'TheMediocreLlama' (03f8a7a3-f259-47c1-a5f6-2f7ec12e23c6, f13f7f50-a720-4e16-a28b-55ebd12ff0db), initiated by atomsmasherbot with 140 arguments
[2026-02-18 23:17:33.082 DBG] ActionDispatcher :: Queueing 'Flaurety' (53e7be3d-3ae9-4e9f-ae66-00df77662785, TwitchChatMessage) to 'Default' (00000000-0000-0000-0000-000000000000), initiated by atomsmasherbot with 139 arguments
[2026-02-18 23:17:33.082 DBG] ActionQueue :: 'Default' (00000000-0000-0000-0000-000000000000) :: Enqueue action 53e7be3d-3ae9-4e9f-ae66-00df77662785
[2026-02-18 23:17:33.082 DBG] ActionQueue :: 'Default' (00000000-0000-0000-0000-000000000000) :: Handling queue
[2026-02-18 23:17:33.082 DBG] ActionQueue :: 'Default' (00000000-0000-0000-0000-000000000000) :: Performing non-blocking 'Flaurety' (53e7be3d-3ae9-4e9f-ae66-00df77662785, b33290be-86dd-47f2-a332-2cb320c68889), initiated by atomsmasherbot with 140 arguments
[2026-02-18 23:17:33.083 DBG] ActionDispatcher :: Queueing 'VolanRadooga' (72a5f04d-5499-4c3e-b172-f8a03de49d0b, TwitchChatMessage) to 'Default' (00000000-0000-0000-0000-000000000000), initiated by atomsmasherbot with 139 arguments
[2026-02-18 23:17:33.083 DBG] ActionQueue :: 'Default' (00000000-0000-0000-0000-000000000000) :: Enqueue action 72a5f04d-5499-4c3e-b172-f8a03de49d0b
[2026-02-18 23:17:33.083 DBG] ActionQueue :: 'Default' (00000000-0000-0000-0000-000000000000) :: Handling queue
[2026-02-18 23:17:33.084 DBG] ActionQueue :: 'Default' (00000000-0000-0000-0000-000000000000) :: Performing non-blocking 'VolanRadooga' (72a5f04d-5499-4c3e-b172-f8a03de49d0b, e2916dec-75fe-43b7-8f22-99b5179bbe99), initiated by atomsmasherbot with 140 arguments
[2026-02-18 23:17:33.085 DBG] ActionDispatcher :: Queueing 'Pratchetty' (4004afd7-6782-4f82-a057-433804324454, TwitchChatMessage) to 'Default' (00000000-0000-0000-0000-000000000000), initiated by atomsmasherbot with 139 arguments
[2026-02-18 23:17:33.085 DBG] ActionQueue :: 'Default' (00000000-0000-0000-0000-000000000000) :: Enqueue action 4004afd7-6782-4f82-a057-433804324454
[2026-02-18 23:17:33.085 DBG] ActionQueue :: 'Default' (00000000-0000-0000-0000-000000000000) :: Handling queue
[2026-02-18 23:17:33.085 DBG] ActionQueue :: 'Default' (00000000-0000-0000-0000-000000000000) :: Performing non-blocking 'Pratchetty' (4004afd7-6782-4f82-a057-433804324454, 1e9ac6a0-8565-4f2f-8e0d-cfeb9339f0f6), initiated by atomsmasherbot with 140 arguments
[2026-02-18 23:17:33.086 DBG] ActionDispatcher :: Queueing 'Birdie_223' (f25861ac-4ad8-49c6-b2a1-6b8504cf92af, TwitchChatMessage) to 'Default' (00000000-0000-0000-0000-000000000000), initiated by atomsmasherbot with 139 arguments
[2026-02-18 23:17:33.086 DBG] ActionQueue :: 'Default' (00000000-0000-0000-0000-000000000000) :: Enqueue action f25861ac-4ad8-49c6-b2a1-6b8504cf92af
[2026-02-18 23:17:33.086 DBG] ActionQueue :: 'Default' (00000000-0000-0000-0000-000000000000) :: Handling queue
[2026-02-18 23:17:33.086 DBG] ActionQueue :: 'Default' (00000000-0000-0000-0000-000000000000) :: Performing non-blocking 'Birdie_223' (f25861ac-4ad8-49c6-b2a1-6b8504cf92af, fe58a736-3f75-43c0-a42d-75e8eb430b97), initiated by atomsmasherbot with 140 arguments
[2026-02-18 23:17:33.087 DBG] ActionDispatcher :: Queueing 'Awes0meN81' (8f7732b9-751d-478e-9248-7b4451145f77, TwitchChatMessage) to 'Default' (00000000-0000-0000-0000-000000000000), initiated by atomsmasherbot with 139 arguments
[2026-02-18 23:17:33.087 DBG] ActionQueue :: 'Default' (00000000-0000-0000-0000-000000000000) :: Enqueue action 8f7732b9-751d-478e-9248-7b4451145f77
[2026-02-18 23:17:33.087 DBG] ActionQueue :: 'Default' (00000000-0000-0000-0000-000000000000) :: Handling queue
[2026-02-18 23:17:33.087 DBG] ActionQueue :: 'Default' (00000000-0000-0000-0000-000000000000) :: Performing non-blocking 'Awes0meN81' (8f7732b9-751d-478e-9248-7b4451145f77, 99db165d-ed95-4200-b422-1c59235cc997), initiated by atomsmasherbot with 140 arguments
[2026-02-18 23:17:33.089 DBG] ActionDispatcher :: Queueing 'keek_z' (3b101e4e-bbac-45ac-80a4-9c98901f194f, TwitchChatMessage) to 'Default' (00000000-0000-0000-0000-000000000000), initiated by atomsmasherbot with 139 arguments
[2026-02-18 23:17:33.089 DBG] ActionQueue :: 'Default' (00000000-0000-0000-0000-000000000000) :: Enqueue action 3b101e4e-bbac-45ac-80a4-9c98901f194f
[2026-02-18 23:17:33.089 DBG] ActionQueue :: 'Default' (00000000-0000-0000-0000-000000000000) :: Handling queue
[2026-02-18 23:17:33.089 DBG] ActionQueue :: 'Default' (00000000-0000-0000-0000-000000000000) :: Performing non-blocking 'keek_z' (3b101e4e-bbac-45ac-80a4-9c98901f194f, 2f130314-08c4-47da-9006-ac563d68188c), initiated by atomsmasherbot with 140 arguments
[2026-02-18 23:17:53.126 DBG] ActionDispatcher :: Queueing 'Sub Goal' (361aa588-5f31-4e19-b8a5-099cae52479d, TimedAction) to 'Default' (00000000-0000-0000-0000-000000000000), with 11 arguments
[2026-02-18 23:17:53.126 DBG] ActionQueue :: 'Default' (00000000-0000-0000-0000-000000000000) :: Enqueue action 361aa588-5f31-4e19-b8a5-099cae52479d
[2026-02-18 23:17:53.126 DBG] ActionQueue :: 'Default' (00000000-0000-0000-0000-000000000000) :: Handling queue
[2026-02-18 23:17:53.126 DBG] ActionQueue :: 'Default' (00000000-0000-0000-0000-000000000000) :: Performing non-blocking 'Sub Goal' (361aa588-5f31-4e19-b8a5-099cae52479d, f4de50f1-afba-4126-81db-f0051e78eff1)
[2026-02-18 23:17:54.635 DBG] Credits :: Time to save 13.2817ms
[2026-02-18 23:17:57.838 DBG] AutoSave :: Auto saving settings...
[2026-02-18 23:17:57.859 DBG] Users :: Time to save 21.733ms
[2026-02-18 23:17:57.884 DBG] Actions :: Time to save 24.3017ms
[2026-02-18 23:17:57.904 DBG] Commands :: Time to save 20.2818ms
[2026-02-18 23:17:57.924 DBG] Twitch Rewards :: Time to save 20.5132ms
[2026-02-18 23:17:57.938 DBG] Midi :: Time to save 13.5353ms
[2026-02-18 23:17:57.949 DBG] OBS Settings :: Time to save 10.9482ms
[2026-02-18 23:17:57.959 DBG] MeldStudio Settings :: Time to save 10.4891ms
[2026-02-18 23:17:57.977 DBG] Credits :: Time to save 17.9173ms
[2026-02-18 23:17:57.996 DBG] Quotes :: Time to save 19.3041ms
[2026-02-18 23:17:58.061 DBG] Config :: Time to save 21.1188ms
[2026-02-18 23:18:01.529 DBG] ViewerRepo :: UpdatePresence(twitch, 5), 0.0324ms
[2026-02-18 23:18:01.609 DBG] TwitchService :: Presence Timer :: Artificially updated presence with a threshold of 5 minutes (79.7706ms)
[2026-02-18 23:19:01.552 DBG] ViewerRepo :: UpdatePresence(twitch, 5), 0.0294ms
[2026-02-18 23:19:01.629 DBG] TwitchService :: Presence Timer :: Artificially updated presence with a threshold of 5 minutes (77.5211ms)
[2026-02-18 23:20:01.557 DBG] ViewerRepo :: UpdatePresence(twitch, 5), 0.0299ms
[2026-02-18 23:20:01.638 DBG] TwitchService :: Presence Timer :: Artificially updated presence with a threshold of 5 minutes (81.0867ms)
[2026-02-18 23:21:01.565 DBG] ViewerRepo :: UpdatePresence(twitch, 5), 0.0297ms
[2026-02-18 23:21:01.643 DBG] TwitchService :: Presence Timer :: Artificially updated presence with a threshold of 5 minutes (78.0056ms)
[2026-02-18 23:21:26.088 DBG] ActionDispatcher :: Queueing 'SimpleHero09' (0d274ee2-adb7-4948-9780-719a8de618d4, TwitchChatMessage) to 'Default' (00000000-0000-0000-0000-000000000000), initiated by atomsmasher101 with 55 arguments
[2026-02-18 23:21:26.088 DBG] ActionQueue :: 'Default' (00000000-0000-0000-0000-000000000000) :: Enqueue action 0d274ee2-adb7-4948-9780-719a8de618d4
[2026-02-18 23:21:26.088 DBG] ActionQueue :: 'Default' (00000000-0000-0000-0000-000000000000) :: Handling queue
[2026-02-18 23:21:26.088 DBG] ActionQueue :: 'Default' (00000000-0000-0000-0000-000000000000) :: Performing non-blocking 'SimpleHero09' (0d274ee2-adb7-4948-9780-719a8de618d4, 24db4da4-24d8-400e-a637-4b2ddf613f68), initiated by atomsmasher101 with 56 arguments
[2026-02-18 23:21:26.090 DBG] ActionDispatcher :: Queueing 'TheMediocreLlama' (03f8a7a3-f259-47c1-a5f6-2f7ec12e23c6, TwitchChatMessage) to 'Default' (00000000-0000-0000-0000-000000000000), initiated by atomsmasher101 with 55 arguments
[2026-02-18 23:21:26.090 DBG] ActionQueue :: 'Default' (00000000-0000-0000-0000-000000000000) :: Enqueue action 03f8a7a3-f259-47c1-a5f6-2f7ec12e23c6
[2026-02-18 23:21:26.090 DBG] ActionQueue :: 'Default' (00000000-0000-0000-0000-000000000000) :: Handling queue
[2026-02-18 23:21:26.090 DBG] ActionQueue :: 'Default' (00000000-0000-0000-0000-000000000000) :: Performing non-blocking 'TheMediocreLlama' (03f8a7a3-f259-47c1-a5f6-2f7ec12e23c6, 5719f14d-7f93-4d02-9e2e-b57717378646), initiated by atomsmasher101 with 56 arguments
[2026-02-18 23:21:26.092 DBG] ActionDispatcher :: Queueing 'Flaurety' (53e7be3d-3ae9-4e9f-ae66-00df77662785, TwitchChatMessage) to 'Default' (00000000-0000-0000-0000-000000000000), initiated by atomsmasher101 with 55 arguments
[2026-02-18 23:21:26.092 DBG] ActionQueue :: 'Default' (00000000-0000-0000-0000-000000000000) :: Enqueue action 53e7be3d-3ae9-4e9f-ae66-00df77662785
[2026-02-18 23:21:26.092 DBG] ActionQueue :: 'Default' (00000000-0000-0000-0000-000000000000) :: Handling queue
[2026-02-18 23:21:26.092 DBG] ActionQueue :: 'Default' (00000000-0000-0000-0000-000000000000) :: Performing non-blocking 'Flaurety' (53e7be3d-3ae9-4e9f-ae66-00df77662785, a48fe89d-cd74-48cd-9659-083b81f9912e), initiated by atomsmasher101 with 56 arguments
[2026-02-18 23:21:26.093 DBG] ActionDispatcher :: Queueing 'VolanRadooga' (72a5f04d-5499-4c3e-b172-f8a03de49d0b, TwitchChatMessage) to 'Default' (00000000-0000-0000-0000-000000000000), initiated by atomsmasher101 with 55 arguments
[2026-02-18 23:21:26.093 DBG] ActionQueue :: 'Default' (00000000-0000-0000-0000-000000000000) :: Enqueue action 72a5f04d-5499-4c3e-b172-f8a03de49d0b
[2026-02-18 23:21:26.093 DBG] ActionQueue :: 'Default' (00000000-0000-0000-0000-000000000000) :: Handling queue
[2026-02-18 23:21:26.093 DBG] ActionQueue :: 'Default' (00000000-0000-0000-0000-000000000000) :: Performing non-blocking 'VolanRadooga' (72a5f04d-5499-4c3e-b172-f8a03de49d0b, 93a4dd3f-f5db-46e2-a4dd-6964bffd19ce), initiated by atomsmasher101 with 56 arguments
[2026-02-18 23:21:26.095 DBG] ActionDispatcher :: Queueing 'Pratchetty' (4004afd7-6782-4f82-a057-433804324454, TwitchChatMessage) to 'Default' (00000000-0000-0000-0000-000000000000), initiated by atomsmasher101 with 55 arguments
[2026-02-18 23:21:26.095 DBG] ActionQueue :: 'Default' (00000000-0000-0000-0000-000000000000) :: Enqueue action 4004afd7-6782-4f82-a057-433804324454
[2026-02-18 23:21:26.095 DBG] ActionQueue :: 'Default' (00000000-0000-0000-0000-000000000000) :: Handling queue
[2026-02-18 23:21:26.095 DBG] ActionQueue :: 'Default' (00000000-0000-0000-0000-000000000000) :: Performing non-blocking 'Pratchetty' (4004afd7-6782-4f82-a057-433804324454, c3b1011e-984e-40d8-b5d2-52d7ca4748c5), initiated by atomsmasher101 with 56 arguments
[2026-02-18 23:21:26.096 DBG] ActionDispatcher :: Queueing 'Birdie_223' (f25861ac-4ad8-49c6-b2a1-6b8504cf92af, TwitchChatMessage) to 'Default' (00000000-0000-0000-0000-000000000000), initiated by atomsmasher101 with 55 arguments
[2026-02-18 23:21:26.096 DBG] ActionQueue :: 'Default' (00000000-0000-0000-0000-000000000000) :: Enqueue action f25861ac-4ad8-49c6-b2a1-6b8504cf92af
[2026-02-18 23:21:26.096 DBG] ActionQueue :: 'Default' (00000000-0000-0000-0000-000000000000) :: Handling queue
[2026-02-18 23:21:26.096 DBG] ActionQueue :: 'Default' (00000000-0000-0000-0000-000000000000) :: Performing non-blocking 'Birdie_223' (f25861ac-4ad8-49c6-b2a1-6b8504cf92af, 15a29fa0-3e2b-450c-8b6d-a1e936f2edbf), initiated by atomsmasher101 with 56 arguments
[2026-02-18 23:21:26.099 DBG] ActionDispatcher :: Queueing 'Awes0meN81' (8f7732b9-751d-478e-9248-7b4451145f77, TwitchChatMessage) to 'Default' (00000000-0000-0000-0000-000000000000), initiated by atomsmasher101 with 55 arguments
[2026-02-18 23:21:26.099 DBG] ActionQueue :: 'Default' (00000000-0000-0000-0000-000000000000) :: Enqueue action 8f7732b9-751d-478e-9248-7b4451145f77
[2026-02-18 23:21:26.099 DBG] ActionQueue :: 'Default' (00000000-0000-0000-0000-000000000000) :: Handling queue
[2026-02-18 23:21:26.099 DBG] ActionQueue :: 'Default' (00000000-0000-0000-0000-000000000000) :: Performing non-blocking 'Awes0meN81' (8f7732b9-751d-478e-9248-7b4451145f77, 80c55ee8-4a62-4227-8861-b4f2dc67f960), initiated by atomsmasher101 with 56 arguments
[2026-02-18 23:21:26.101 DBG] ActionDispatcher :: Queueing 'keek_z' (3b101e4e-bbac-45ac-80a4-9c98901f194f, TwitchChatMessage) to 'Default' (00000000-0000-0000-0000-000000000000), initiated by atomsmasher101 with 55 arguments
[2026-02-18 23:21:26.101 DBG] ActionQueue :: 'Default' (00000000-0000-0000-0000-000000000000) :: Enqueue action 3b101e4e-bbac-45ac-80a4-9c98901f194f
[2026-02-18 23:21:26.101 DBG] ActionQueue :: 'Default' (00000000-0000-0000-0000-000000000000) :: Handling queue
[2026-02-18 23:21:26.101 DBG] ActionQueue :: 'Default' (00000000-0000-0000-0000-000000000000) :: Performing non-blocking 'keek_z' (3b101e4e-bbac-45ac-80a4-9c98901f194f, 6206ffff-0870-4186-85d9-ee4ed2100409), initiated by atomsmasher101 with 56 arguments
[2026-02-18 23:21:26.149 DBG] ActionDispatcher :: Queueing 'Cousin' (5f547625-b177-4cd7-bf87-637602bafed8, CommandTriggered) to 'Default' (00000000-0000-0000-0000-000000000000), initiated by atomsmasher101 with 43 arguments
[2026-02-18 23:21:26.149 DBG] ActionQueue :: 'Default' (00000000-0000-0000-0000-000000000000) :: Enqueue action 5f547625-b177-4cd7-bf87-637602bafed8
[2026-02-18 23:21:26.149 DBG] ActionQueue :: 'Default' (00000000-0000-0000-0000-000000000000) :: Handling queue
[2026-02-18 23:21:26.149 DBG] ActionQueue :: 'Default' (00000000-0000-0000-0000-000000000000) :: Performing non-blocking 'Cousin' (5f547625-b177-4cd7-bf87-637602bafed8, 3743a6c2-2c52-411b-b75d-467889739b6f), initiated by atomsmasher101 with 44 arguments
[2026-02-18 23:21:26.578 DBG] InlineCode :: Running default entry point from instance '8a654eba-cdfc-47da-b426-666e69305315'
[2026-02-18 23:21:26.858 DBG] ActionDispatcher :: Queueing 'SimpleHero09' (0d274ee2-adb7-4948-9780-719a8de618d4, TwitchChatMessage) to 'Default' (00000000-0000-0000-0000-000000000000), initiated by atomsmasherbot with 139 arguments
[2026-02-18 23:21:26.858 DBG] ActionQueue :: 'Default' (00000000-0000-0000-0000-000000000000) :: Enqueue action 0d274ee2-adb7-4948-9780-719a8de618d4
[2026-02-18 23:21:26.858 DBG] ActionQueue :: 'Default' (00000000-0000-0000-0000-000000000000) :: Handling queue
[2026-02-18 23:21:26.858 DBG] ActionQueue :: 'Default' (00000000-0000-0000-0000-000000000000) :: Performing non-blocking 'SimpleHero09' (0d274ee2-adb7-4948-9780-719a8de618d4, 6c8d6441-8f64-4148-92fc-36baf1527713), initiated by atomsmasherbot with 140 arguments
[2026-02-18 23:21:26.859 DBG] ActionDispatcher :: Queueing 'TheMediocreLlama' (03f8a7a3-f259-47c1-a5f6-2f7ec12e23c6, TwitchChatMessage) to 'Default' (00000000-0000-0000-0000-000000000000), initiated by atomsmasherbot with 139 arguments
[2026-02-18 23:21:26.859 DBG] ActionQueue :: 'Default' (00000000-0000-0000-0000-000000000000) :: Enqueue action 03f8a7a3-f259-47c1-a5f6-2f7ec12e23c6
[2026-02-18 23:21:26.859 DBG] ActionQueue :: 'Default' (00000000-0000-0000-0000-000000000000) :: Handling queue
[2026-02-18 23:21:26.859 DBG] ActionQueue :: 'Default' (00000000-0000-0000-0000-000000000000) :: Performing non-blocking 'TheMediocreLlama' (03f8a7a3-f259-47c1-a5f6-2f7ec12e23c6, 571a0e75-16dc-4c27-8c82-81d13be1a0c2), initiated by atomsmasherbot with 140 arguments
[2026-02-18 23:21:26.860 DBG] ActionDispatcher :: Queueing 'Flaurety' (53e7be3d-3ae9-4e9f-ae66-00df77662785, TwitchChatMessage) to 'Default' (00000000-0000-0000-0000-000000000000), initiated by atomsmasherbot with 139 arguments
[2026-02-18 23:21:26.860 DBG] ActionQueue :: 'Default' (00000000-0000-0000-0000-000000000000) :: Enqueue action 53e7be3d-3ae9-4e9f-ae66-00df77662785
[2026-02-18 23:21:26.860 DBG] ActionQueue :: 'Default' (00000000-0000-0000-0000-000000000000) :: Handling queue
[2026-02-18 23:21:26.860 DBG] ActionQueue :: 'Default' (00000000-0000-0000-0000-000000000000) :: Performing non-blocking 'Flaurety' (53e7be3d-3ae9-4e9f-ae66-00df77662785, b7320cf5-a5ff-4d52-a5ba-9805ef9fca47), initiated by atomsmasherbot with 140 arguments
[2026-02-18 23:21:26.863 DBG] ActionDispatcher :: Queueing 'VolanRadooga' (72a5f04d-5499-4c3e-b172-f8a03de49d0b, TwitchChatMessage) to 'Default' (00000000-0000-0000-0000-000000000000), initiated by atomsmasherbot with 139 arguments
[2026-02-18 23:21:26.863 DBG] ActionQueue :: 'Default' (00000000-0000-0000-0000-000000000000) :: Enqueue action 72a5f04d-5499-4c3e-b172-f8a03de49d0b
[2026-02-18 23:21:26.863 DBG] ActionQueue :: 'Default' (00000000-0000-0000-0000-000000000000) :: Handling queue
[2026-02-18 23:21:26.863 DBG] ActionQueue :: 'Default' (00000000-0000-0000-0000-000000000000) :: Performing non-blocking 'VolanRadooga' (72a5f04d-5499-4c3e-b172-f8a03de49d0b, 1abcb4f8-8544-42c5-bac9-df6eed069a1d), initiated by atomsmasherbot with 140 arguments
[2026-02-18 23:21:26.864 DBG] ActionDispatcher :: Queueing 'Pratchetty' (4004afd7-6782-4f82-a057-433804324454, TwitchChatMessage) to 'Default' (00000000-0000-0000-0000-000000000000), initiated by atomsmasherbot with 139 arguments
[2026-02-18 23:21:26.864 DBG] ActionQueue :: 'Default' (00000000-0000-0000-0000-000000000000) :: Enqueue action 4004afd7-6782-4f82-a057-433804324454
[2026-02-18 23:21:26.864 DBG] ActionQueue :: 'Default' (00000000-0000-0000-0000-000000000000) :: Handling queue
[2026-02-18 23:21:26.864 DBG] ActionQueue :: 'Default' (00000000-0000-0000-0000-000000000000) :: Performing non-blocking 'Pratchetty' (4004afd7-6782-4f82-a057-433804324454, a22c10e9-8cb7-413b-aab9-fcc39bdb1e14), initiated by atomsmasherbot with 140 arguments
[2026-02-18 23:21:26.866 DBG] ActionDispatcher :: Queueing 'Birdie_223' (f25861ac-4ad8-49c6-b2a1-6b8504cf92af, TwitchChatMessage) to 'Default' (00000000-0000-0000-0000-000000000000), initiated by atomsmasherbot with 139 arguments
[2026-02-18 23:21:26.866 DBG] ActionQueue :: 'Default' (00000000-0000-0000-0000-000000000000) :: Enqueue action f25861ac-4ad8-49c6-b2a1-6b8504cf92af
[2026-02-18 23:21:26.866 DBG] ActionQueue :: 'Default' (00000000-0000-0000-0000-000000000000) :: Handling queue
[2026-02-18 23:21:26.866 DBG] ActionQueue :: 'Default' (00000000-0000-0000-0000-000000000000) :: Performing non-blocking 'Birdie_223' (f25861ac-4ad8-49c6-b2a1-6b8504cf92af, 74ce8bee-669d-4a1d-983f-5e4188b544f5), initiated by atomsmasherbot with 140 arguments
[2026-02-18 23:21:26.868 DBG] ActionDispatcher :: Queueing 'Awes0meN81' (8f7732b9-751d-478e-9248-7b4451145f77, TwitchChatMessage) to 'Default' (00000000-0000-0000-0000-000000000000), initiated by atomsmasherbot with 139 arguments
[2026-02-18 23:21:26.868 DBG] ActionQueue :: 'Default' (00000000-0000-0000-0000-000000000000) :: Enqueue action 8f7732b9-751d-478e-9248-7b4451145f77
[2026-02-18 23:21:26.868 DBG] ActionQueue :: 'Default' (00000000-0000-0000-0000-000000000000) :: Handling queue
[2026-02-18 23:21:26.868 DBG] ActionQueue :: 'Default' (00000000-0000-0000-0000-000000000000) :: Performing non-blocking 'Awes0meN81' (8f7732b9-751d-478e-9248-7b4451145f77, 4377bbfb-acf8-48c2-8546-f10c5c50d42f), initiated by atomsmasherbot with 140 arguments
[2026-02-18 23:21:26.869 DBG] ActionDispatcher :: Queueing 'keek_z' (3b101e4e-bbac-45ac-80a4-9c98901f194f, TwitchChatMessage) to 'Default' (00000000-0000-0000-0000-000000000000), initiated by atomsmasherbot with 139 arguments
[2026-02-18 23:21:26.869 DBG] ActionQueue :: 'Default' (00000000-0000-0000-0000-000000000000) :: Enqueue action 3b101e4e-bbac-45ac-80a4-9c98901f194f
[2026-02-18 23:21:26.869 DBG] ActionQueue :: 'Default' (00000000-0000-0000-0000-000000000000) :: Handling queue
[2026-02-18 23:21:26.869 DBG] ActionQueue :: 'Default' (00000000-0000-0000-0000-000000000000) :: Performing non-blocking 'keek_z' (3b101e4e-bbac-45ac-80a4-9c98901f194f, 5d58192a-0fc4-4ada-b4b1-ab2e0283cbfc), initiated by atomsmasherbot with 140 arguments
[2026-02-18 23:22:01.583 DBG] ViewerRepo :: UpdatePresence(twitch, 5), 0.0312ms
[2026-02-18 23:22:01.658 DBG] TwitchService :: Presence Timer :: Artificially updated presence with a threshold of 5 minutes (74.3859ms)
[2026-02-18 23:22:54.652 DBG] Credits :: Time to save 21.6551ms
[2026-02-18 23:22:58.124 DBG] AutoSave :: Auto saving settings...
[2026-02-18 23:22:58.140 DBG] Users :: Time to save 15.8827ms
[2026-02-18 23:22:58.167 DBG] Actions :: Time to save 27.3898ms
[2026-02-18 23:22:58.188 DBG] Commands :: Time to save 20.3137ms
[2026-02-18 23:22:58.208 DBG] Twitch Rewards :: Time to save 20.2206ms
[2026-02-18 23:22:58.225 DBG] Midi :: Time to save 17.0598ms
[2026-02-18 23:22:58.242 DBG] OBS Settings :: Time to save 16.2682ms
[2026-02-18 23:22:58.260 DBG] MeldStudio Settings :: Time to save 18.8998ms
[2026-02-18 23:22:58.278 DBG] Credits :: Time to save 18.2578ms
[2026-02-18 23:22:58.296 DBG] Quotes :: Time to save 17.6633ms
[2026-02-18 23:22:58.344 DBG] Config :: Time to save 15.8125ms
[2026-02-18 23:23:01.590 DBG] ViewerRepo :: UpdatePresence(twitch, 5), 0.0323ms
[2026-02-18 23:23:01.672 DBG] TwitchService :: Presence Timer :: Artificially updated presence with a threshold of 5 minutes (82.6986ms)
[2026-02-18 23:24:01.600 DBG] ViewerRepo :: UpdatePresence(twitch, 5), 0.031ms
[2026-02-18 23:24:01.683 DBG] TwitchService :: Presence Timer :: Artificially updated presence with a threshold of 5 minutes (82.5317ms)
[2026-02-18 23:24:22.693 DBG] ActionDispatcher :: Queueing 'SimpleHero09' (0d274ee2-adb7-4948-9780-719a8de618d4, TwitchChatMessage) to 'Default' (00000000-0000-0000-0000-000000000000), initiated by atomsmasher101 with 55 arguments
[2026-02-18 23:24:22.693 DBG] ActionQueue :: 'Default' (00000000-0000-0000-0000-000000000000) :: Enqueue action 0d274ee2-adb7-4948-9780-719a8de618d4
[2026-02-18 23:24:22.693 DBG] ActionQueue :: 'Default' (00000000-0000-0000-0000-000000000000) :: Handling queue
[2026-02-18 23:24:22.693 DBG] ActionQueue :: 'Default' (00000000-0000-0000-0000-000000000000) :: Performing non-blocking 'SimpleHero09' (0d274ee2-adb7-4948-9780-719a8de618d4, f6b4bb3f-15ee-4a46-9e64-b4893af5814f), initiated by atomsmasher101 with 56 arguments
[2026-02-18 23:24:22.695 DBG] ActionDispatcher :: Queueing 'TheMediocreLlama' (03f8a7a3-f259-47c1-a5f6-2f7ec12e23c6, TwitchChatMessage) to 'Default' (00000000-0000-0000-0000-000000000000), initiated by atomsmasher101 with 55 arguments
[2026-02-18 23:24:22.695 DBG] ActionQueue :: 'Default' (00000000-0000-0000-0000-000000000000) :: Enqueue action 03f8a7a3-f259-47c1-a5f6-2f7ec12e23c6
[2026-02-18 23:24:22.695 DBG] ActionQueue :: 'Default' (00000000-0000-0000-0000-000000000000) :: Handling queue
[2026-02-18 23:24:22.695 DBG] ActionQueue :: 'Default' (00000000-0000-0000-0000-000000000000) :: Performing non-blocking 'TheMediocreLlama' (03f8a7a3-f259-47c1-a5f6-2f7ec12e23c6, 5747c116-6c23-46ff-b7e8-e2b6caf62828), initiated by atomsmasher101 with 56 arguments
[2026-02-18 23:24:22.697 DBG] ActionDispatcher :: Queueing 'Flaurety' (53e7be3d-3ae9-4e9f-ae66-00df77662785, TwitchChatMessage) to 'Default' (00000000-0000-0000-0000-000000000000), initiated by atomsmasher101 with 55 arguments
[2026-02-18 23:24:22.697 DBG] ActionQueue :: 'Default' (00000000-0000-0000-0000-000000000000) :: Enqueue action 53e7be3d-3ae9-4e9f-ae66-00df77662785
[2026-02-18 23:24:22.697 DBG] ActionQueue :: 'Default' (00000000-0000-0000-0000-000000000000) :: Handling queue
[2026-02-18 23:24:22.697 DBG] ActionQueue :: 'Default' (00000000-0000-0000-0000-000000000000) :: Performing non-blocking 'Flaurety' (53e7be3d-3ae9-4e9f-ae66-00df77662785, bb566f1a-dd37-4392-b81b-a87cb9ca4f73), initiated by atomsmasher101 with 56 arguments
[2026-02-18 23:24:22.698 DBG] ActionDispatcher :: Queueing 'VolanRadooga' (72a5f04d-5499-4c3e-b172-f8a03de49d0b, TwitchChatMessage) to 'Default' (00000000-0000-0000-0000-000000000000), initiated by atomsmasher101 with 55 arguments
[2026-02-18 23:24:22.698 DBG] ActionQueue :: 'Default' (00000000-0000-0000-0000-000000000000) :: Enqueue action 72a5f04d-5499-4c3e-b172-f8a03de49d0b
[2026-02-18 23:24:22.698 DBG] ActionQueue :: 'Default' (00000000-0000-0000-0000-000000000000) :: Handling queue
[2026-02-18 23:24:22.698 DBG] ActionQueue :: 'Default' (00000000-0000-0000-0000-000000000000) :: Performing non-blocking 'VolanRadooga' (72a5f04d-5499-4c3e-b172-f8a03de49d0b, a0ecb568-3ca6-4a86-91d8-ee07e26f9d94), initiated by atomsmasher101 with 56 arguments
[2026-02-18 23:24:22.699 DBG] ActionDispatcher :: Queueing 'Pratchetty' (4004afd7-6782-4f82-a057-433804324454, TwitchChatMessage) to 'Default' (00000000-0000-0000-0000-000000000000), initiated by atomsmasher101 with 55 arguments
[2026-02-18 23:24:22.699 DBG] ActionQueue :: 'Default' (00000000-0000-0000-0000-000000000000) :: Enqueue action 4004afd7-6782-4f82-a057-433804324454
[2026-02-18 23:24:22.699 DBG] ActionQueue :: 'Default' (00000000-0000-0000-0000-000000000000) :: Handling queue
[2026-02-18 23:24:22.699 DBG] ActionQueue :: 'Default' (00000000-0000-0000-0000-000000000000) :: Performing non-blocking 'Pratchetty' (4004afd7-6782-4f82-a057-433804324454, afb0521c-c7ee-4fde-b4d5-c43cfcf5bcb5), initiated by atomsmasher101 with 56 arguments
[2026-02-18 23:24:22.702 DBG] ActionDispatcher :: Queueing 'Birdie_223' (f25861ac-4ad8-49c6-b2a1-6b8504cf92af, TwitchChatMessage) to 'Default' (00000000-0000-0000-0000-000000000000), initiated by atomsmasher101 with 55 arguments
[2026-02-18 23:24:22.702 DBG] ActionQueue :: 'Default' (00000000-0000-0000-0000-000000000000) :: Enqueue action f25861ac-4ad8-49c6-b2a1-6b8504cf92af
[2026-02-18 23:24:22.702 DBG] ActionQueue :: 'Default' (00000000-0000-0000-0000-000000000000) :: Handling queue
[2026-02-18 23:24:22.702 DBG] ActionQueue :: 'Default' (00000000-0000-0000-0000-000000000000) :: Performing non-blocking 'Birdie_223' (f25861ac-4ad8-49c6-b2a1-6b8504cf92af, 020783fc-e48f-4c8b-a6ec-7a10ef1ade9f), initiated by atomsmasher101 with 56 arguments
[2026-02-18 23:24:22.703 DBG] ActionDispatcher :: Queueing 'Awes0meN81' (8f7732b9-751d-478e-9248-7b4451145f77, TwitchChatMessage) to 'Default' (00000000-0000-0000-0000-000000000000), initiated by atomsmasher101 with 55 arguments
[2026-02-18 23:24:22.703 DBG] ActionQueue :: 'Default' (00000000-0000-0000-0000-000000000000) :: Enqueue action 8f7732b9-751d-478e-9248-7b4451145f77
[2026-02-18 23:24:22.703 DBG] ActionQueue :: 'Default' (00000000-0000-0000-0000-000000000000) :: Handling queue
[2026-02-18 23:24:22.703 DBG] ActionQueue :: 'Default' (00000000-0000-0000-0000-000000000000) :: Performing non-blocking 'Awes0meN81' (8f7732b9-751d-478e-9248-7b4451145f77, 82f34e2d-2909-4e12-97ea-a97dc253c9c1), initiated by atomsmasher101 with 56 arguments
[2026-02-18 23:24:22.705 DBG] ActionDispatcher :: Queueing 'keek_z' (3b101e4e-bbac-45ac-80a4-9c98901f194f, TwitchChatMessage) to 'Default' (00000000-0000-0000-0000-000000000000), initiated by atomsmasher101 with 55 arguments
[2026-02-18 23:24:22.705 DBG] ActionQueue :: 'Default' (00000000-0000-0000-0000-000000000000) :: Enqueue action 3b101e4e-bbac-45ac-80a4-9c98901f194f
[2026-02-18 23:24:22.705 DBG] ActionQueue :: 'Default' (00000000-0000-0000-0000-000000000000) :: Handling queue
[2026-02-18 23:24:22.705 DBG] ActionQueue :: 'Default' (00000000-0000-0000-0000-000000000000) :: Performing non-blocking 'keek_z' (3b101e4e-bbac-45ac-80a4-9c98901f194f, 409c0434-4f9c-48b1-b4c8-566c91de91f8), initiated by atomsmasher101 with 56 arguments
[2026-02-18 23:24:22.766 DBG] ActionDispatcher :: Queueing 'Cousin' (5f547625-b177-4cd7-bf87-637602bafed8, CommandTriggered) to 'Default' (00000000-0000-0000-0000-000000000000), initiated by atomsmasher101 with 43 arguments
[2026-02-18 23:24:22.766 DBG] ActionQueue :: 'Default' (00000000-0000-0000-0000-000000000000) :: Enqueue action 5f547625-b177-4cd7-bf87-637602bafed8
[2026-02-18 23:24:22.766 DBG] ActionQueue :: 'Default' (00000000-0000-0000-0000-000000000000) :: Handling queue
[2026-02-18 23:24:22.766 DBG] ActionQueue :: 'Default' (00000000-0000-0000-0000-000000000000) :: Performing non-blocking 'Cousin' (5f547625-b177-4cd7-bf87-637602bafed8, 7084c7d9-4d5f-49a5-8f5b-ef4eb3645db0), initiated by atomsmasher101 with 44 arguments
[2026-02-18 23:24:23.071 DBG] InlineCode :: Code has been flagged as dirty for '', destroying instance
[2026-02-18 23:24:23.071 DBG] InlineCode :: Unloading 'j9d10348075344ec8c4fe3777eafc09e'
[2026-02-18 23:24:23.094 DBG] InlineCode :: Creating and compiling instance for ''
[2026-02-18 23:24:23.177 DBG] InlineCode :: Running default entry point from instance 'fee52b86-64ff-4478-a5f6-7a963d64cb30'
[2026-02-18 23:24:23.520 DBG] ActionDispatcher :: Queueing 'SimpleHero09' (0d274ee2-adb7-4948-9780-719a8de618d4, TwitchChatMessage) to 'Default' (00000000-0000-0000-0000-000000000000), initiated by atomsmasherbot with 139 arguments
[2026-02-18 23:24:23.520 DBG] ActionQueue :: 'Default' (00000000-0000-0000-0000-000000000000) :: Enqueue action 0d274ee2-adb7-4948-9780-719a8de618d4
[2026-02-18 23:24:23.520 DBG] ActionQueue :: 'Default' (00000000-0000-0000-0000-000000000000) :: Handling queue
[2026-02-18 23:24:23.520 DBG] ActionQueue :: 'Default' (00000000-0000-0000-0000-000000000000) :: Performing non-blocking 'SimpleHero09' (0d274ee2-adb7-4948-9780-719a8de618d4, b98c9ac7-5304-44a0-82e7-3ce247b66712), initiated by atomsmasherbot with 140 arguments
[2026-02-18 23:24:23.522 DBG] ActionDispatcher :: Queueing 'TheMediocreLlama' (03f8a7a3-f259-47c1-a5f6-2f7ec12e23c6, TwitchChatMessage) to 'Default' (00000000-0000-0000-0000-000000000000), initiated by atomsmasherbot with 139 arguments
[2026-02-18 23:24:23.522 DBG] ActionQueue :: 'Default' (00000000-0000-0000-0000-000000000000) :: Enqueue action 03f8a7a3-f259-47c1-a5f6-2f7ec12e23c6
[2026-02-18 23:24:23.522 DBG] ActionQueue :: 'Default' (00000000-0000-0000-0000-000000000000) :: Handling queue
[2026-02-18 23:24:23.522 DBG] ActionQueue :: 'Default' (00000000-0000-0000-0000-000000000000) :: Performing non-blocking 'TheMediocreLlama' (03f8a7a3-f259-47c1-a5f6-2f7ec12e23c6, 29fa4e94-4b34-4ed7-a520-9e6067209906), initiated by atomsmasherbot with 140 arguments
[2026-02-18 23:24:23.523 DBG] ActionDispatcher :: Queueing 'Flaurety' (53e7be3d-3ae9-4e9f-ae66-00df77662785, TwitchChatMessage) to 'Default' (00000000-0000-0000-0000-000000000000), initiated by atomsmasherbot with 139 arguments
[2026-02-18 23:24:23.523 DBG] ActionQueue :: 'Default' (00000000-0000-0000-0000-000000000000) :: Enqueue action 53e7be3d-3ae9-4e9f-ae66-00df77662785
[2026-02-18 23:24:23.523 DBG] ActionQueue :: 'Default' (00000000-0000-0000-0000-000000000000) :: Handling queue
[2026-02-18 23:24:23.523 DBG] ActionQueue :: 'Default' (00000000-0000-0000-0000-000000000000) :: Performing non-blocking 'Flaurety' (53e7be3d-3ae9-4e9f-ae66-00df77662785, 04823c88-9fc0-4a2c-a4f7-d752e4fde6bb), initiated by atomsmasherbot with 140 arguments
[2026-02-18 23:24:23.524 DBG] ActionDispatcher :: Queueing 'VolanRadooga' (72a5f04d-5499-4c3e-b172-f8a03de49d0b, TwitchChatMessage) to 'Default' (00000000-0000-0000-0000-000000000000), initiated by atomsmasherbot with 139 arguments
[2026-02-18 23:24:23.524 DBG] ActionQueue :: 'Default' (00000000-0000-0000-0000-000000000000) :: Enqueue action 72a5f04d-5499-4c3e-b172-f8a03de49d0b
[2026-02-18 23:24:23.524 DBG] ActionQueue :: 'Default' (00000000-0000-0000-0000-000000000000) :: Handling queue
[2026-02-18 23:24:23.524 DBG] ActionQueue :: 'Default' (00000000-0000-0000-0000-000000000000) :: Performing non-blocking 'VolanRadooga' (72a5f04d-5499-4c3e-b172-f8a03de49d0b, ea0cd578-47e4-4f00-9621-f79751e86da0), initiated by atomsmasherbot with 140 arguments
[2026-02-18 23:24:23.526 DBG] ActionDispatcher :: Queueing 'Pratchetty' (4004afd7-6782-4f82-a057-433804324454, TwitchChatMessage) to 'Default' (00000000-0000-0000-0000-000000000000), initiated by atomsmasherbot with 139 arguments
[2026-02-18 23:24:23.526 DBG] ActionQueue :: 'Default' (00000000-0000-0000-0000-000000000000) :: Enqueue action 4004afd7-6782-4f82-a057-433804324454
[2026-02-18 23:24:23.526 DBG] ActionQueue :: 'Default' (00000000-0000-0000-0000-000000000000) :: Handling queue
[2026-02-18 23:24:23.526 DBG] ActionQueue :: 'Default' (00000000-0000-0000-0000-000000000000) :: Performing non-blocking 'Pratchetty' (4004afd7-6782-4f82-a057-433804324454, 731e10a1-8be8-4c42-9139-70808ddbe711), initiated by atomsmasherbot with 140 arguments
[2026-02-18 23:24:23.527 DBG] ActionDispatcher :: Queueing 'Birdie_223' (f25861ac-4ad8-49c6-b2a1-6b8504cf92af, TwitchChatMessage) to 'Default' (00000000-0000-0000-0000-000000000000), initiated by atomsmasherbot with 139 arguments
[2026-02-18 23:24:23.527 DBG] ActionQueue :: 'Default' (00000000-0000-0000-0000-000000000000) :: Enqueue action f25861ac-4ad8-49c6-b2a1-6b8504cf92af
[2026-02-18 23:24:23.527 DBG] ActionQueue :: 'Default' (00000000-0000-0000-0000-000000000000) :: Handling queue
[2026-02-18 23:24:23.527 DBG] ActionQueue :: 'Default' (00000000-0000-0000-0000-000000000000) :: Performing non-blocking 'Birdie_223' (f25861ac-4ad8-49c6-b2a1-6b8504cf92af, 2bf50d27-f0c6-4f1e-a111-7b307b71c8df), initiated by atomsmasherbot with 140 arguments
[2026-02-18 23:24:23.529 DBG] ActionDispatcher :: Queueing 'Awes0meN81' (8f7732b9-751d-478e-9248-7b4451145f77, TwitchChatMessage) to 'Default' (00000000-0000-0000-0000-000000000000), initiated by atomsmasherbot with 139 arguments
[2026-02-18 23:24:23.529 DBG] ActionQueue :: 'Default' (00000000-0000-0000-0000-000000000000) :: Enqueue action 8f7732b9-751d-478e-9248-7b4451145f77
[2026-02-18 23:24:23.529 DBG] ActionQueue :: 'Default' (00000000-0000-0000-0000-000000000000) :: Handling queue
[2026-02-18 23:24:23.529 DBG] ActionQueue :: 'Default' (00000000-0000-0000-0000-000000000000) :: Performing non-blocking 'Awes0meN81' (8f7732b9-751d-478e-9248-7b4451145f77, 6a9df7f6-22a5-495a-a708-f107e6158ddd), initiated by atomsmasherbot with 140 arguments
[2026-02-18 23:24:23.531 DBG] ActionDispatcher :: Queueing 'keek_z' (3b101e4e-bbac-45ac-80a4-9c98901f194f, TwitchChatMessage) to 'Default' (00000000-0000-0000-0000-000000000000), initiated by atomsmasherbot with 139 arguments
[2026-02-18 23:24:23.531 DBG] ActionQueue :: 'Default' (00000000-0000-0000-0000-000000000000) :: Enqueue action 3b101e4e-bbac-45ac-80a4-9c98901f194f
[2026-02-18 23:24:23.531 DBG] ActionQueue :: 'Default' (00000000-0000-0000-0000-000000000000) :: Handling queue
[2026-02-18 23:24:23.531 DBG] ActionQueue :: 'Default' (00000000-0000-0000-0000-000000000000) :: Performing non-blocking 'keek_z' (3b101e4e-bbac-45ac-80a4-9c98901f194f, 469efb8d-0ef3-4e99-9d16-4698e22d8031), initiated by atomsmasherbot with 140 arguments
[2026-02-18 23:24:33.374 DBG] ActionDispatcher :: Queueing 'SimpleHero09' (0d274ee2-adb7-4948-9780-719a8de618d4, TwitchChatMessage) to 'Default' (00000000-0000-0000-0000-000000000000), initiated by atomsmasher101 with 55 arguments
[2026-02-18 23:24:33.374 DBG] ActionQueue :: 'Default' (00000000-0000-0000-0000-000000000000) :: Enqueue action 0d274ee2-adb7-4948-9780-719a8de618d4
[2026-02-18 23:24:33.374 DBG] ActionQueue :: 'Default' (00000000-0000-0000-0000-000000000000) :: Handling queue
[2026-02-18 23:24:33.374 DBG] ActionQueue :: 'Default' (00000000-0000-0000-0000-000000000000) :: Performing non-blocking 'SimpleHero09' (0d274ee2-adb7-4948-9780-719a8de618d4, 15fed4ae-7015-4d7e-a672-7dd292a1b296), initiated by atomsmasher101 with 56 arguments
[2026-02-18 23:24:33.376 DBG] ActionDispatcher :: Queueing 'TheMediocreLlama' (03f8a7a3-f259-47c1-a5f6-2f7ec12e23c6, TwitchChatMessage) to 'Default' (00000000-0000-0000-0000-000000000000), initiated by atomsmasher101 with 55 arguments
[2026-02-18 23:24:33.376 DBG] ActionQueue :: 'Default' (00000000-0000-0000-0000-000000000000) :: Enqueue action 03f8a7a3-f259-47c1-a5f6-2f7ec12e23c6
[2026-02-18 23:24:33.376 DBG] ActionQueue :: 'Default' (00000000-0000-0000-0000-000000000000) :: Handling queue
[2026-02-18 23:24:33.376 DBG] ActionQueue :: 'Default' (00000000-0000-0000-0000-000000000000) :: Performing non-blocking 'TheMediocreLlama' (03f8a7a3-f259-47c1-a5f6-2f7ec12e23c6, c2306e40-db0c-4332-9580-c5651ffe9c86), initiated by atomsmasher101 with 56 arguments
[2026-02-18 23:24:33.377 DBG] ActionDispatcher :: Queueing 'Flaurety' (53e7be3d-3ae9-4e9f-ae66-00df77662785, TwitchChatMessage) to 'Default' (00000000-0000-0000-0000-000000000000), initiated by atomsmasher101 with 55 arguments
[2026-02-18 23:24:33.377 DBG] ActionQueue :: 'Default' (00000000-0000-0000-0000-000000000000) :: Enqueue action 53e7be3d-3ae9-4e9f-ae66-00df77662785
[2026-02-18 23:24:33.377 DBG] ActionQueue :: 'Default' (00000000-0000-0000-0000-000000000000) :: Handling queue
[2026-02-18 23:24:33.377 DBG] ActionQueue :: 'Default' (00000000-0000-0000-0000-000000000000) :: Performing non-blocking 'Flaurety' (53e7be3d-3ae9-4e9f-ae66-00df77662785, 83715784-fbc1-4729-826c-10fd7d797646), initiated by atomsmasher101 with 56 arguments
[2026-02-18 23:24:33.378 DBG] ActionDispatcher :: Queueing 'VolanRadooga' (72a5f04d-5499-4c3e-b172-f8a03de49d0b, TwitchChatMessage) to 'Default' (00000000-0000-0000-0000-000000000000), initiated by atomsmasher101 with 55 arguments
[2026-02-18 23:24:33.378 DBG] ActionQueue :: 'Default' (00000000-0000-0000-0000-000000000000) :: Enqueue action 72a5f04d-5499-4c3e-b172-f8a03de49d0b
[2026-02-18 23:24:33.378 DBG] ActionQueue :: 'Default' (00000000-0000-0000-0000-000000000000) :: Handling queue
[2026-02-18 23:24:33.378 DBG] ActionQueue :: 'Default' (00000000-0000-0000-0000-000000000000) :: Performing non-blocking 'VolanRadooga' (72a5f04d-5499-4c3e-b172-f8a03de49d0b, 00d7b5fe-431b-4124-b505-6693e0ef4947), initiated by atomsmasher101 with 56 arguments
[2026-02-18 23:24:33.380 DBG] ActionDispatcher :: Queueing 'Pratchetty' (4004afd7-6782-4f82-a057-433804324454, TwitchChatMessage) to 'Default' (00000000-0000-0000-0000-000000000000), initiated by atomsmasher101 with 55 arguments
[2026-02-18 23:24:33.380 DBG] ActionQueue :: 'Default' (00000000-0000-0000-0000-000000000000) :: Enqueue action 4004afd7-6782-4f82-a057-433804324454
[2026-02-18 23:24:33.380 DBG] ActionQueue :: 'Default' (00000000-0000-0000-0000-000000000000) :: Handling queue
[2026-02-18 23:24:33.380 DBG] ActionQueue :: 'Default' (00000000-0000-0000-0000-000000000000) :: Performing non-blocking 'Pratchetty' (4004afd7-6782-4f82-a057-433804324454, 9117cf7e-76cf-4d45-8033-8dc7e2407b59), initiated by atomsmasher101 with 56 arguments
[2026-02-18 23:24:33.382 DBG] ActionDispatcher :: Queueing 'Birdie_223' (f25861ac-4ad8-49c6-b2a1-6b8504cf92af, TwitchChatMessage) to 'Default' (00000000-0000-0000-0000-000000000000), initiated by atomsmasher101 with 55 arguments
[2026-02-18 23:24:33.382 DBG] ActionQueue :: 'Default' (00000000-0000-0000-0000-000000000000) :: Enqueue action f25861ac-4ad8-49c6-b2a1-6b8504cf92af
[2026-02-18 23:24:33.382 DBG] ActionQueue :: 'Default' (00000000-0000-0000-0000-000000000000) :: Handling queue
[2026-02-18 23:24:33.382 DBG] ActionQueue :: 'Default' (00000000-0000-0000-0000-000000000000) :: Performing non-blocking 'Birdie_223' (f25861ac-4ad8-49c6-b2a1-6b8504cf92af, c0027717-f519-4501-9653-d81631e460aa), initiated by atomsmasher101 with 56 arguments
[2026-02-18 23:24:33.383 DBG] ActionDispatcher :: Queueing 'Awes0meN81' (8f7732b9-751d-478e-9248-7b4451145f77, TwitchChatMessage) to 'Default' (00000000-0000-0000-0000-000000000000), initiated by atomsmasher101 with 55 arguments
[2026-02-18 23:24:33.383 DBG] ActionQueue :: 'Default' (00000000-0000-0000-0000-000000000000) :: Enqueue action 8f7732b9-751d-478e-9248-7b4451145f77
[2026-02-18 23:24:33.383 DBG] ActionQueue :: 'Default' (00000000-0000-0000-0000-000000000000) :: Handling queue
[2026-02-18 23:24:33.384 DBG] ActionQueue :: 'Default' (00000000-0000-0000-0000-000000000000) :: Performing non-blocking 'Awes0meN81' (8f7732b9-751d-478e-9248-7b4451145f77, 394b9191-e840-4e21-aa24-285bfbc0be96), initiated by atomsmasher101 with 56 arguments
[2026-02-18 23:24:33.385 DBG] ActionDispatcher :: Queueing 'keek_z' (3b101e4e-bbac-45ac-80a4-9c98901f194f, TwitchChatMessage) to 'Default' (00000000-0000-0000-0000-000000000000), initiated by atomsmasher101 with 55 arguments
[2026-02-18 23:24:33.385 DBG] ActionQueue :: 'Default' (00000000-0000-0000-0000-000000000000) :: Enqueue action 3b101e4e-bbac-45ac-80a4-9c98901f194f
[2026-02-18 23:24:33.385 DBG] ActionQueue :: 'Default' (00000000-0000-0000-0000-000000000000) :: Handling queue
[2026-02-18 23:24:33.385 DBG] ActionQueue :: 'Default' (00000000-0000-0000-0000-000000000000) :: Performing non-blocking 'keek_z' (3b101e4e-bbac-45ac-80a4-9c98901f194f, 68808c02-8fbc-49d0-b412-b672c107d340), initiated by atomsmasher101 with 56 arguments
[2026-02-18 23:24:33.442 DBG] ActionDispatcher :: Queueing 'Cousin' (5f547625-b177-4cd7-bf87-637602bafed8, CommandTriggered) to 'Default' (00000000-0000-0000-0000-000000000000), initiated by atomsmasher101 with 43 arguments
[2026-02-18 23:24:33.442 DBG] ActionQueue :: 'Default' (00000000-0000-0000-0000-000000000000) :: Enqueue action 5f547625-b177-4cd7-bf87-637602bafed8
[2026-02-18 23:24:33.442 DBG] ActionQueue :: 'Default' (00000000-0000-0000-0000-000000000000) :: Handling queue
[2026-02-18 23:24:33.442 DBG] ActionQueue :: 'Default' (00000000-0000-0000-0000-000000000000) :: Performing non-blocking 'Cousin' (5f547625-b177-4cd7-bf87-637602bafed8, 96f6e1ce-0847-4894-9460-86a7caffbf5b), initiated by atomsmasher101 with 44 arguments
[2026-02-18 23:24:33.719 DBG] InlineCode :: Running default entry point from instance 'fee52b86-64ff-4478-a5f6-7a963d64cb30'
[2026-02-18 23:24:33.887 DBG] ActionDispatcher :: Queueing 'SimpleHero09' (0d274ee2-adb7-4948-9780-719a8de618d4, TwitchChatMessage) to 'Default' (00000000-0000-0000-0000-000000000000), initiated by atomsmasherbot with 139 arguments
[2026-02-18 23:24:33.887 DBG] ActionQueue :: 'Default' (00000000-0000-0000-0000-000000000000) :: Enqueue action 0d274ee2-adb7-4948-9780-719a8de618d4
[2026-02-18 23:24:33.887 DBG] ActionQueue :: 'Default' (00000000-0000-0000-0000-000000000000) :: Handling queue
[2026-02-18 23:24:33.887 DBG] ActionQueue :: 'Default' (00000000-0000-0000-0000-000000000000) :: Performing non-blocking 'SimpleHero09' (0d274ee2-adb7-4948-9780-719a8de618d4, 29f152e7-38aa-42e0-95a5-3246db3b0125), initiated by atomsmasherbot with 140 arguments
[2026-02-18 23:24:33.888 DBG] ActionDispatcher :: Queueing 'TheMediocreLlama' (03f8a7a3-f259-47c1-a5f6-2f7ec12e23c6, TwitchChatMessage) to 'Default' (00000000-0000-0000-0000-000000000000), initiated by atomsmasherbot with 139 arguments
[2026-02-18 23:24:33.888 DBG] ActionQueue :: 'Default' (00000000-0000-0000-0000-000000000000) :: Enqueue action 03f8a7a3-f259-47c1-a5f6-2f7ec12e23c6
[2026-02-18 23:24:33.888 DBG] ActionQueue :: 'Default' (00000000-0000-0000-0000-000000000000) :: Handling queue
[2026-02-18 23:24:33.888 DBG] ActionQueue :: 'Default' (00000000-0000-0000-0000-000000000000) :: Performing non-blocking 'TheMediocreLlama' (03f8a7a3-f259-47c1-a5f6-2f7ec12e23c6, 39b47287-156c-431b-97ff-29335ae2d151), initiated by atomsmasherbot with 140 arguments
[2026-02-18 23:24:33.890 DBG] ActionDispatcher :: Queueing 'Flaurety' (53e7be3d-3ae9-4e9f-ae66-00df77662785, TwitchChatMessage) to 'Default' (00000000-0000-0000-0000-000000000000), initiated by atomsmasherbot with 139 arguments
[2026-02-18 23:24:33.890 DBG] ActionQueue :: 'Default' (00000000-0000-0000-0000-000000000000) :: Enqueue action 53e7be3d-3ae9-4e9f-ae66-00df77662785
[2026-02-18 23:24:33.890 DBG] ActionQueue :: 'Default' (00000000-0000-0000-0000-000000000000) :: Handling queue
[2026-02-18 23:24:33.890 DBG] ActionQueue :: 'Default' (00000000-0000-0000-0000-000000000000) :: Performing non-blocking 'Flaurety' (53e7be3d-3ae9-4e9f-ae66-00df77662785, d485bd19-312f-4eab-ac3a-c25f5d7cb8b5), initiated by atomsmasherbot with 140 arguments
[2026-02-18 23:24:33.892 DBG] ActionDispatcher :: Queueing 'VolanRadooga' (72a5f04d-5499-4c3e-b172-f8a03de49d0b, TwitchChatMessage) to 'Default' (00000000-0000-0000-0000-000000000000), initiated by atomsmasherbot with 139 arguments
[2026-02-18 23:24:33.892 DBG] ActionQueue :: 'Default' (00000000-0000-0000-0000-000000000000) :: Enqueue action 72a5f04d-5499-4c3e-b172-f8a03de49d0b
[2026-02-18 23:24:33.892 DBG] ActionQueue :: 'Default' (00000000-0000-0000-0000-000000000000) :: Handling queue
[2026-02-18 23:24:33.892 DBG] ActionQueue :: 'Default' (00000000-0000-0000-0000-000000000000) :: Performing non-blocking 'VolanRadooga' (72a5f04d-5499-4c3e-b172-f8a03de49d0b, ca36e79f-d2c9-46f4-9357-bd91d9dd49a5), initiated by atomsmasherbot with 140 arguments
[2026-02-18 23:24:33.893 DBG] ActionDispatcher :: Queueing 'Pratchetty' (4004afd7-6782-4f82-a057-433804324454, TwitchChatMessage) to 'Default' (00000000-0000-0000-0000-000000000000), initiated by atomsmasherbot with 139 arguments
[2026-02-18 23:24:33.893 DBG] ActionQueue :: 'Default' (00000000-0000-0000-0000-000000000000) :: Enqueue action 4004afd7-6782-4f82-a057-433804324454
[2026-02-18 23:24:33.893 DBG] ActionQueue :: 'Default' (00000000-0000-0000-0000-000000000000) :: Handling queue
[2026-02-18 23:24:33.893 DBG] ActionQueue :: 'Default' (00000000-0000-0000-0000-000000000000) :: Performing non-blocking 'Pratchetty' (4004afd7-6782-4f82-a057-433804324454, 4e1a3065-4e1c-4197-94f2-0f50d3d96b04), initiated by atomsmasherbot with 140 arguments
[2026-02-18 23:24:33.894 DBG] ActionDispatcher :: Queueing 'Birdie_223' (f25861ac-4ad8-49c6-b2a1-6b8504cf92af, TwitchChatMessage) to 'Default' (00000000-0000-0000-0000-000000000000), initiated by atomsmasherbot with 139 arguments
[2026-02-18 23:24:33.894 DBG] ActionQueue :: 'Default' (00000000-0000-0000-0000-000000000000) :: Enqueue action f25861ac-4ad8-49c6-b2a1-6b8504cf92af
[2026-02-18 23:24:33.894 DBG] ActionQueue :: 'Default' (00000000-0000-0000-0000-000000000000) :: Handling queue
[2026-02-18 23:24:33.894 DBG] ActionQueue :: 'Default' (00000000-0000-0000-0000-000000000000) :: Performing non-blocking 'Birdie_223' (f25861ac-4ad8-49c6-b2a1-6b8504cf92af, c8305099-7ad7-49ef-b1d6-a8f93c89fba1), initiated by atomsmasherbot with 140 arguments
[2026-02-18 23:24:33.896 DBG] ActionDispatcher :: Queueing 'Awes0meN81' (8f7732b9-751d-478e-9248-7b4451145f77, TwitchChatMessage) to 'Default' (00000000-0000-0000-0000-000000000000), initiated by atomsmasherbot with 139 arguments
[2026-02-18 23:24:33.896 DBG] ActionQueue :: 'Default' (00000000-0000-0000-0000-000000000000) :: Enqueue action 8f7732b9-751d-478e-9248-7b4451145f77
[2026-02-18 23:24:33.896 DBG] ActionQueue :: 'Default' (00000000-0000-0000-0000-000000000000) :: Handling queue
[2026-02-18 23:24:33.896 DBG] ActionQueue :: 'Default' (00000000-0000-0000-0000-000000000000) :: Performing non-blocking 'Awes0meN81' (8f7732b9-751d-478e-9248-7b4451145f77, 69551ed4-2174-4bf6-857e-bff5abb2df53), initiated by atomsmasherbot with 140 arguments
[2026-02-18 23:24:33.897 DBG] ActionDispatcher :: Queueing 'keek_z' (3b101e4e-bbac-45ac-80a4-9c98901f194f, TwitchChatMessage) to 'Default' (00000000-0000-0000-0000-000000000000), initiated by atomsmasherbot with 139 arguments
[2026-02-18 23:24:33.897 DBG] ActionQueue :: 'Default' (00000000-0000-0000-0000-000000000000) :: Enqueue action 3b101e4e-bbac-45ac-80a4-9c98901f194f
[2026-02-18 23:24:33.897 DBG] ActionQueue :: 'Default' (00000000-0000-0000-0000-000000000000) :: Handling queue
[2026-02-18 23:24:33.897 DBG] ActionQueue :: 'Default' (00000000-0000-0000-0000-000000000000) :: Performing non-blocking 'keek_z' (3b101e4e-bbac-45ac-80a4-9c98901f194f, 08c74200-0770-4065-b163-324b260cde06), initiated by atomsmasherbot with 140 arguments
[2026-02-18 23:24:39.256 DBG] ActionDispatcher :: Queueing 'SimpleHero09' (0d274ee2-adb7-4948-9780-719a8de618d4, TwitchChatMessage) to 'Default' (00000000-0000-0000-0000-000000000000), initiated by atomsmasher101 with 55 arguments
[2026-02-18 23:24:39.256 DBG] ActionQueue :: 'Default' (00000000-0000-0000-0000-000000000000) :: Enqueue action 0d274ee2-adb7-4948-9780-719a8de618d4
[2026-02-18 23:24:39.256 DBG] ActionQueue :: 'Default' (00000000-0000-0000-0000-000000000000) :: Handling queue
[2026-02-18 23:24:39.256 DBG] ActionQueue :: 'Default' (00000000-0000-0000-0000-000000000000) :: Performing non-blocking 'SimpleHero09' (0d274ee2-adb7-4948-9780-719a8de618d4, 516a0738-700b-42a3-a273-5f03926681cc), initiated by atomsmasher101 with 56 arguments
[2026-02-18 23:24:39.259 DBG] ActionDispatcher :: Queueing 'TheMediocreLlama' (03f8a7a3-f259-47c1-a5f6-2f7ec12e23c6, TwitchChatMessage) to 'Default' (00000000-0000-0000-0000-000000000000), initiated by atomsmasher101 with 55 arguments
[2026-02-18 23:24:39.259 DBG] ActionQueue :: 'Default' (00000000-0000-0000-0000-000000000000) :: Enqueue action 03f8a7a3-f259-47c1-a5f6-2f7ec12e23c6
[2026-02-18 23:24:39.259 DBG] ActionQueue :: 'Default' (00000000-0000-0000-0000-000000000000) :: Handling queue
[2026-02-18 23:24:39.259 DBG] ActionQueue :: 'Default' (00000000-0000-0000-0000-000000000000) :: Performing non-blocking 'TheMediocreLlama' (03f8a7a3-f259-47c1-a5f6-2f7ec12e23c6, 3a12a731-033b-4ddf-b8c7-13153bf9b947), initiated by atomsmasher101 with 56 arguments
[2026-02-18 23:24:39.261 DBG] ActionDispatcher :: Queueing 'Flaurety' (53e7be3d-3ae9-4e9f-ae66-00df77662785, TwitchChatMessage) to 'Default' (00000000-0000-0000-0000-000000000000), initiated by atomsmasher101 with 55 arguments
[2026-02-18 23:24:39.261 DBG] ActionQueue :: 'Default' (00000000-0000-0000-0000-000000000000) :: Enqueue action 53e7be3d-3ae9-4e9f-ae66-00df77662785
[2026-02-18 23:24:39.261 DBG] ActionQueue :: 'Default' (00000000-0000-0000-0000-000000000000) :: Handling queue
[2026-02-18 23:24:39.261 DBG] ActionQueue :: 'Default' (00000000-0000-0000-0000-000000000000) :: Performing non-blocking 'Flaurety' (53e7be3d-3ae9-4e9f-ae66-00df77662785, cb853931-9e92-43f5-9fcb-f3036f59c987), initiated by atomsmasher101 with 56 arguments
[2026-02-18 23:24:39.261 DBG] ActionDispatcher :: Queueing 'VolanRadooga' (72a5f04d-5499-4c3e-b172-f8a03de49d0b, TwitchChatMessage) to 'Default' (00000000-0000-0000-0000-000000000000), initiated by atomsmasher101 with 55 arguments
[2026-02-18 23:24:39.262 DBG] ActionQueue :: 'Default' (00000000-0000-0000-0000-000000000000) :: Enqueue action 72a5f04d-5499-4c3e-b172-f8a03de49d0b
[2026-02-18 23:24:39.262 DBG] ActionQueue :: 'Default' (00000000-0000-0000-0000-000000000000) :: Handling queue
[2026-02-18 23:24:39.262 DBG] ActionQueue :: 'Default' (00000000-0000-0000-0000-000000000000) :: Performing non-blocking 'VolanRadooga' (72a5f04d-5499-4c3e-b172-f8a03de49d0b, 4f41a5f2-6103-4ed6-89f3-c622fe7e75f2), initiated by atomsmasher101 with 56 arguments
[2026-02-18 23:24:39.263 DBG] ActionDispatcher :: Queueing 'Pratchetty' (4004afd7-6782-4f82-a057-433804324454, TwitchChatMessage) to 'Default' (00000000-0000-0000-0000-000000000000), initiated by atomsmasher101 with 55 arguments
[2026-02-18 23:24:39.263 DBG] ActionQueue :: 'Default' (00000000-0000-0000-0000-000000000000) :: Enqueue action 4004afd7-6782-4f82-a057-433804324454
[2026-02-18 23:24:39.263 DBG] ActionQueue :: 'Default' (00000000-0000-0000-0000-000000000000) :: Handling queue
[2026-02-18 23:24:39.263 DBG] ActionQueue :: 'Default' (00000000-0000-0000-0000-000000000000) :: Performing non-blocking 'Pratchetty' (4004afd7-6782-4f82-a057-433804324454, fd493c5b-a0b1-42c6-9f63-82f701848478), initiated by atomsmasher101 with 56 arguments
[2026-02-18 23:24:39.265 DBG] ActionDispatcher :: Queueing 'Birdie_223' (f25861ac-4ad8-49c6-b2a1-6b8504cf92af, TwitchChatMessage) to 'Default' (00000000-0000-0000-0000-000000000000), initiated by atomsmasher101 with 55 arguments
[2026-02-18 23:24:39.265 DBG] ActionQueue :: 'Default' (00000000-0000-0000-0000-000000000000) :: Enqueue action f25861ac-4ad8-49c6-b2a1-6b8504cf92af
[2026-02-18 23:24:39.265 DBG] ActionQueue :: 'Default' (00000000-0000-0000-0000-000000000000) :: Handling queue
[2026-02-18 23:24:39.265 DBG] ActionQueue :: 'Default' (00000000-0000-0000-0000-000000000000) :: Performing non-blocking 'Birdie_223' (f25861ac-4ad8-49c6-b2a1-6b8504cf92af, 46a4fe70-05c2-468f-bd9e-c1f05ae20718), initiated by atomsmasher101 with 56 arguments
[2026-02-18 23:24:39.266 DBG] ActionDispatcher :: Queueing 'Awes0meN81' (8f7732b9-751d-478e-9248-7b4451145f77, TwitchChatMessage) to 'Default' (00000000-0000-0000-0000-000000000000), initiated by atomsmasher101 with 55 arguments
[2026-02-18 23:24:39.266 DBG] ActionQueue :: 'Default' (00000000-0000-0000-0000-000000000000) :: Enqueue action 8f7732b9-751d-478e-9248-7b4451145f77
[2026-02-18 23:24:39.266 DBG] ActionQueue :: 'Default' (00000000-0000-0000-0000-000000000000) :: Handling queue
[2026-02-18 23:24:39.266 DBG] ActionQueue :: 'Default' (00000000-0000-0000-0000-000000000000) :: Performing non-blocking 'Awes0meN81' (8f7732b9-751d-478e-9248-7b4451145f77, 43c6e5bb-d963-40ea-8918-64cfb165db26), initiated by atomsmasher101 with 56 arguments
[2026-02-18 23:24:39.268 DBG] ActionDispatcher :: Queueing 'keek_z' (3b101e4e-bbac-45ac-80a4-9c98901f194f, TwitchChatMessage) to 'Default' (00000000-0000-0000-0000-000000000000), initiated by atomsmasher101 with 55 arguments
[2026-02-18 23:24:39.268 DBG] ActionQueue :: 'Default' (00000000-0000-0000-0000-000000000000) :: Enqueue action 3b101e4e-bbac-45ac-80a4-9c98901f194f
[2026-02-18 23:24:39.268 DBG] ActionQueue :: 'Default' (00000000-0000-0000-0000-000000000000) :: Handling queue
[2026-02-18 23:24:39.268 DBG] ActionQueue :: 'Default' (00000000-0000-0000-0000-000000000000) :: Performing non-blocking 'keek_z' (3b101e4e-bbac-45ac-80a4-9c98901f194f, ffcd7857-4e34-4962-9012-a3c2f1690cad), initiated by atomsmasher101 with 56 arguments
[2026-02-18 23:24:39.321 DBG] ActionDispatcher :: Queueing 'Cousin' (5f547625-b177-4cd7-bf87-637602bafed8, CommandTriggered) to 'Default' (00000000-0000-0000-0000-000000000000), initiated by atomsmasher101 with 43 arguments
[2026-02-18 23:24:39.321 DBG] ActionQueue :: 'Default' (00000000-0000-0000-0000-000000000000) :: Enqueue action 5f547625-b177-4cd7-bf87-637602bafed8
[2026-02-18 23:24:39.321 DBG] ActionQueue :: 'Default' (00000000-0000-0000-0000-000000000000) :: Handling queue
[2026-02-18 23:24:39.321 DBG] ActionQueue :: 'Default' (00000000-0000-0000-0000-000000000000) :: Performing non-blocking 'Cousin' (5f547625-b177-4cd7-bf87-637602bafed8, 124937da-2d1f-45fa-a48d-5d80216db40e), initiated by atomsmasher101 with 44 arguments
[2026-02-18 23:24:39.592 DBG] InlineCode :: Running default entry point from instance 'fee52b86-64ff-4478-a5f6-7a963d64cb30'
[2026-02-18 23:24:39.779 DBG] Attempting to run 'SPOT TO SB - !sPause [ Pause ]' inline
[2026-02-18 23:24:39.779 DBG] InlineCode :: Running default entry point from instance '049f5788-36f1-4b1d-aa4d-5ddd053304a2'
[2026-02-18 23:24:39.779 DBG] Attempting to run '100% Song' inline
[2026-02-18 23:24:39.779 WRN] Sound file C:\Users\n2lov\OneDrive\Desktop\Stream Stuff\Cousin %\YEE HA! I'LL BE DARN TOOTIN! LOOKS LIKE.mp3 was not found!
[2026-02-18 23:24:39.779 DBG] Attempting to run 'SPOT TO SB - !sPlay [ Play ]' inline
[2026-02-18 23:24:39.779 DBG] InlineCode :: Running default entry point from instance '7bc59291-f320-45f5-973d-c3ec9ff7332b'
[2026-02-18 23:24:39.779 DBG] InlineCode :: Running default entry point from instance 'fb491b47-d91b-48f9-8992-f5fbce3162c2'
[2026-02-18 23:24:39.790 DBG] ActionDispatcher :: Queueing 'SimpleHero09' (0d274ee2-adb7-4948-9780-719a8de618d4, TwitchChatMessage) to 'Default' (00000000-0000-0000-0000-000000000000), initiated by atomsmasherbot with 91 arguments
[2026-02-18 23:24:39.790 DBG] ActionQueue :: 'Default' (00000000-0000-0000-0000-000000000000) :: Enqueue action 0d274ee2-adb7-4948-9780-719a8de618d4
[2026-02-18 23:24:39.790 DBG] ActionQueue :: 'Default' (00000000-0000-0000-0000-000000000000) :: Handling queue
[2026-02-18 23:24:39.790 DBG] ActionQueue :: 'Default' (00000000-0000-0000-0000-000000000000) :: Performing non-blocking 'SimpleHero09' (0d274ee2-adb7-4948-9780-719a8de618d4, fc368c20-eee3-4896-8585-fd1df067d375), initiated by atomsmasherbot with 92 arguments
[2026-02-18 23:24:39.792 DBG] ActionDispatcher :: Queueing 'TheMediocreLlama' (03f8a7a3-f259-47c1-a5f6-2f7ec12e23c6, TwitchChatMessage) to 'Default' (00000000-0000-0000-0000-000000000000), initiated by atomsmasherbot with 91 arguments
[2026-02-18 23:24:39.792 DBG] ActionQueue :: 'Default' (00000000-0000-0000-0000-000000000000) :: Enqueue action 03f8a7a3-f259-47c1-a5f6-2f7ec12e23c6
[2026-02-18 23:24:39.792 DBG] ActionQueue :: 'Default' (00000000-0000-0000-0000-000000000000) :: Handling queue
[2026-02-18 23:24:39.793 DBG] ActionQueue :: 'Default' (00000000-0000-0000-0000-000000000000) :: Performing non-blocking 'TheMediocreLlama' (03f8a7a3-f259-47c1-a5f6-2f7ec12e23c6, 83457d7b-6d23-4593-b18b-37722222c3e8), initiated by atomsmasherbot with 92 arguments
[2026-02-18 23:24:39.794 DBG] ActionDispatcher :: Queueing 'Flaurety' (53e7be3d-3ae9-4e9f-ae66-00df77662785, TwitchChatMessage) to 'Default' (00000000-0000-0000-0000-000000000000), initiated by atomsmasherbot with 91 arguments
[2026-02-18 23:24:39.794 DBG] ActionQueue :: 'Default' (00000000-0000-0000-0000-000000000000) :: Enqueue action 53e7be3d-3ae9-4e9f-ae66-00df77662785
[2026-02-18 23:24:39.794 DBG] ActionQueue :: 'Default' (00000000-0000-0000-0000-000000000000) :: Handling queue
[2026-02-18 23:24:39.794 DBG] ActionQueue :: 'Default' (00000000-0000-0000-0000-000000000000) :: Performing non-blocking 'Flaurety' (53e7be3d-3ae9-4e9f-ae66-00df77662785, 63386cb4-9900-445f-be84-a63380202c35), initiated by atomsmasherbot with 92 arguments
[2026-02-18 23:24:39.796 DBG] ActionDispatcher :: Queueing 'VolanRadooga' (72a5f04d-5499-4c3e-b172-f8a03de49d0b, TwitchChatMessage) to 'Default' (00000000-0000-0000-0000-000000000000), initiated by atomsmasherbot with 91 arguments
[2026-02-18 23:24:39.796 DBG] ActionQueue :: 'Default' (00000000-0000-0000-0000-000000000000) :: Enqueue action 72a5f04d-5499-4c3e-b172-f8a03de49d0b
[2026-02-18 23:24:39.796 DBG] ActionQueue :: 'Default' (00000000-0000-0000-0000-000000000000) :: Handling queue
[2026-02-18 23:24:39.796 DBG] ActionQueue :: 'Default' (00000000-0000-0000-0000-000000000000) :: Performing non-blocking 'VolanRadooga' (72a5f04d-5499-4c3e-b172-f8a03de49d0b, 6b2efd10-503f-46b1-9705-4334c944ce25), initiated by atomsmasherbot with 92 arguments
[2026-02-18 23:24:39.797 DBG] ActionDispatcher :: Queueing 'Pratchetty' (4004afd7-6782-4f82-a057-433804324454, TwitchChatMessage) to 'Default' (00000000-0000-0000-0000-000000000000), initiated by atomsmasherbot with 91 arguments
[2026-02-18 23:24:39.797 DBG] ActionQueue :: 'Default' (00000000-0000-0000-0000-000000000000) :: Enqueue action 4004afd7-6782-4f82-a057-433804324454
[2026-02-18 23:24:39.797 DBG] ActionQueue :: 'Default' (00000000-0000-0000-0000-000000000000) :: Handling queue
[2026-02-18 23:24:39.797 DBG] ActionQueue :: 'Default' (00000000-0000-0000-0000-000000000000) :: Performing non-blocking 'Pratchetty' (4004afd7-6782-4f82-a057-433804324454, afcd857a-3b4d-4087-9cc6-7d751c0a4d32), initiated by atomsmasherbot with 92 arguments
[2026-02-18 23:24:39.799 DBG] ActionDispatcher :: Queueing 'Birdie_223' (f25861ac-4ad8-49c6-b2a1-6b8504cf92af, TwitchChatMessage) to 'Default' (00000000-0000-0000-0000-000000000000), initiated by atomsmasherbot with 91 arguments
[2026-02-18 23:24:39.799 DBG] ActionQueue :: 'Default' (00000000-0000-0000-0000-000000000000) :: Enqueue action f25861ac-4ad8-49c6-b2a1-6b8504cf92af
[2026-02-18 23:24:39.799 DBG] ActionQueue :: 'Default' (00000000-0000-0000-0000-000000000000) :: Handling queue
[2026-02-18 23:24:39.799 DBG] ActionQueue :: 'Default' (00000000-0000-0000-0000-000000000000) :: Performing non-blocking 'Birdie_223' (f25861ac-4ad8-49c6-b2a1-6b8504cf92af, e804eed3-db24-455a-87ab-11a45e80d422), initiated by atomsmasherbot with 92 arguments
[2026-02-18 23:24:39.800 DBG] ActionDispatcher :: Queueing 'Awes0meN81' (8f7732b9-751d-478e-9248-7b4451145f77, TwitchChatMessage) to 'Default' (00000000-0000-0000-0000-000000000000), initiated by atomsmasherbot with 91 arguments
[2026-02-18 23:24:39.800 DBG] ActionQueue :: 'Default' (00000000-0000-0000-0000-000000000000) :: Enqueue action 8f7732b9-751d-478e-9248-7b4451145f77
[2026-02-18 23:24:39.800 DBG] ActionQueue :: 'Default' (00000000-0000-0000-0000-000000000000) :: Handling queue
[2026-02-18 23:24:39.800 DBG] ActionQueue :: 'Default' (00000000-0000-0000-0000-000000000000) :: Performing non-blocking 'Awes0meN81' (8f7732b9-751d-478e-9248-7b4451145f77, 12c77d20-aef5-47fb-b9a4-14eb18fb1ac7), initiated by atomsmasherbot with 92 arguments
[2026-02-18 23:24:39.803 DBG] ActionDispatcher :: Queueing 'keek_z' (3b101e4e-bbac-45ac-80a4-9c98901f194f, TwitchChatMessage) to 'Default' (00000000-0000-0000-0000-000000000000), initiated by atomsmasherbot with 91 arguments
[2026-02-18 23:24:39.803 DBG] ActionQueue :: 'Default' (00000000-0000-0000-0000-000000000000) :: Enqueue action 3b101e4e-bbac-45ac-80a4-9c98901f194f
[2026-02-18 23:24:39.803 DBG] ActionQueue :: 'Default' (00000000-0000-0000-0000-000000000000) :: Handling queue
[2026-02-18 23:24:39.803 DBG] ActionQueue :: 'Default' (00000000-0000-0000-0000-000000000000) :: Performing non-blocking 'keek_z' (3b101e4e-bbac-45ac-80a4-9c98901f194f, cc052745-e836-4e7c-8041-38b7f68d2e0f), initiated by atomsmasherbot with 92 arguments
[2026-02-18 23:24:39.882 DBG] status code : BadRequest
[2026-02-18 23:24:39.882 DBG] Error Response: {
  "error": {
    "status": 400,
    "message": "Only valid bearer authentication supported"
  }
}
[2026-02-18 23:24:39.882 DBG]  SPOT2SB - Pause() 
[2026-02-18 23:24:39.883 DBG] status code : BadRequest
[2026-02-18 23:24:39.883 DBG] Error Response: {
  "error": {
    "status": 400,
    "message": "Only valid bearer authentication supported"
  }
}
[2026-02-18 23:24:39.883 DBG]  SPOT2SB - Play() 
[2026-02-18 23:24:41.976 DBG] ActionDispatcher :: Queueing 'SimpleHero09' (0d274ee2-adb7-4948-9780-719a8de618d4, TwitchChatMessage) to 'Default' (00000000-0000-0000-0000-000000000000), initiated by atomsmasher101 with 55 arguments
[2026-02-18 23:24:41.976 DBG] ActionQueue :: 'Default' (00000000-0000-0000-0000-000000000000) :: Enqueue action 0d274ee2-adb7-4948-9780-719a8de618d4
[2026-02-18 23:24:41.976 DBG] ActionQueue :: 'Default' (00000000-0000-0000-0000-000000000000) :: Handling queue
[2026-02-18 23:24:41.976 DBG] ActionQueue :: 'Default' (00000000-0000-0000-0000-000000000000) :: Performing non-blocking 'SimpleHero09' (0d274ee2-adb7-4948-9780-719a8de618d4, be2c3e5d-f4c9-429c-b43b-0e1d6ddd4f63), initiated by atomsmasher101 with 56 arguments
[2026-02-18 23:24:41.978 DBG] ActionDispatcher :: Queueing 'TheMediocreLlama' (03f8a7a3-f259-47c1-a5f6-2f7ec12e23c6, TwitchChatMessage) to 'Default' (00000000-0000-0000-0000-000000000000), initiated by atomsmasher101 with 55 arguments
[2026-02-18 23:24:41.978 DBG] ActionQueue :: 'Default' (00000000-0000-0000-0000-000000000000) :: Enqueue action 03f8a7a3-f259-47c1-a5f6-2f7ec12e23c6
[2026-02-18 23:24:41.978 DBG] ActionQueue :: 'Default' (00000000-0000-0000-0000-000000000000) :: Handling queue
[2026-02-18 23:24:41.978 DBG] ActionQueue :: 'Default' (00000000-0000-0000-0000-000000000000) :: Performing non-blocking 'TheMediocreLlama' (03f8a7a3-f259-47c1-a5f6-2f7ec12e23c6, 196ce2f0-53df-47db-bde0-3c425cc64b57), initiated by atomsmasher101 with 56 arguments
[2026-02-18 23:24:41.980 DBG] ActionDispatcher :: Queueing 'Flaurety' (53e7be3d-3ae9-4e9f-ae66-00df77662785, TwitchChatMessage) to 'Default' (00000000-0000-0000-0000-000000000000), initiated by atomsmasher101 with 55 arguments
[2026-02-18 23:24:41.980 DBG] ActionQueue :: 'Default' (00000000-0000-0000-0000-000000000000) :: Enqueue action 53e7be3d-3ae9-4e9f-ae66-00df77662785
[2026-02-18 23:24:41.980 DBG] ActionQueue :: 'Default' (00000000-0000-0000-0000-000000000000) :: Handling queue
[2026-02-18 23:24:41.980 DBG] ActionQueue :: 'Default' (00000000-0000-0000-0000-000000000000) :: Performing non-blocking 'Flaurety' (53e7be3d-3ae9-4e9f-ae66-00df77662785, 917dbb3f-1495-4c41-8668-4c92af57227b), initiated by atomsmasher101 with 56 arguments
[2026-02-18 23:24:41.982 DBG] ActionDispatcher :: Queueing 'VolanRadooga' (72a5f04d-5499-4c3e-b172-f8a03de49d0b, TwitchChatMessage) to 'Default' (00000000-0000-0000-0000-000000000000), initiated by atomsmasher101 with 55 arguments
[2026-02-18 23:24:41.982 DBG] ActionQueue :: 'Default' (00000000-0000-0000-0000-000000000000) :: Enqueue action 72a5f04d-5499-4c3e-b172-f8a03de49d0b
[2026-02-18 23:24:41.982 DBG] ActionQueue :: 'Default' (00000000-0000-0000-0000-000000000000) :: Handling queue
[2026-02-18 23:24:41.982 DBG] ActionQueue :: 'Default' (00000000-0000-0000-0000-000000000000) :: Performing non-blocking 'VolanRadooga' (72a5f04d-5499-4c3e-b172-f8a03de49d0b, 9debca34-542a-42a6-b744-b88bc6a47865), initiated by atomsmasher101 with 56 arguments
[2026-02-18 23:24:41.984 DBG] ActionDispatcher :: Queueing 'Pratchetty' (4004afd7-6782-4f82-a057-433804324454, TwitchChatMessage) to 'Default' (00000000-0000-0000-0000-000000000000), initiated by atomsmasher101 with 55 arguments
[2026-02-18 23:24:41.984 DBG] ActionQueue :: 'Default' (00000000-0000-0000-0000-000000000000) :: Enqueue action 4004afd7-6782-4f82-a057-433804324454
[2026-02-18 23:24:41.984 DBG] ActionQueue :: 'Default' (00000000-0000-0000-0000-000000000000) :: Handling queue
[2026-02-18 23:24:41.984 DBG] ActionQueue :: 'Default' (00000000-0000-0000-0000-000000000000) :: Performing non-blocking 'Pratchetty' (4004afd7-6782-4f82-a057-433804324454, f3238ec2-e72c-4d8b-87f6-6277c2e48006), initiated by atomsmasher101 with 56 arguments
[2026-02-18 23:24:41.987 DBG] ActionDispatcher :: Queueing 'Birdie_223' (f25861ac-4ad8-49c6-b2a1-6b8504cf92af, TwitchChatMessage) to 'Default' (00000000-0000-0000-0000-000000000000), initiated by atomsmasher101 with 55 arguments
[2026-02-18 23:24:41.987 DBG] ActionQueue :: 'Default' (00000000-0000-0000-0000-000000000000) :: Enqueue action f25861ac-4ad8-49c6-b2a1-6b8504cf92af
[2026-02-18 23:24:41.987 DBG] ActionQueue :: 'Default' (00000000-0000-0000-0000-000000000000) :: Handling queue
[2026-02-18 23:24:41.987 DBG] ActionQueue :: 'Default' (00000000-0000-0000-0000-000000000000) :: Performing non-blocking 'Birdie_223' (f25861ac-4ad8-49c6-b2a1-6b8504cf92af, 22fe0218-9e3f-474a-bc01-115af7da29a9), initiated by atomsmasher101 with 56 arguments
[2026-02-18 23:24:41.989 DBG] ActionDispatcher :: Queueing 'Awes0meN81' (8f7732b9-751d-478e-9248-7b4451145f77, TwitchChatMessage) to 'Default' (00000000-0000-0000-0000-000000000000), initiated by atomsmasher101 with 55 arguments
[2026-02-18 23:24:41.989 DBG] ActionQueue :: 'Default' (00000000-0000-0000-0000-000000000000) :: Enqueue action 8f7732b9-751d-478e-9248-7b4451145f77
[2026-02-18 23:24:41.989 DBG] ActionQueue :: 'Default' (00000000-0000-0000-0000-000000000000) :: Handling queue
[2026-02-18 23:24:41.989 DBG] ActionQueue :: 'Default' (00000000-0000-0000-0000-000000000000) :: Performing non-blocking 'Awes0meN81' (8f7732b9-751d-478e-9248-7b4451145f77, 05ca2c20-a216-4abe-858e-2019f2154ddc), initiated by atomsmasher101 with 56 arguments
[2026-02-18 23:24:41.990 DBG] ActionDispatcher :: Queueing 'keek_z' (3b101e4e-bbac-45ac-80a4-9c98901f194f, TwitchChatMessage) to 'Default' (00000000-0000-0000-0000-000000000000), initiated by atomsmasher101 with 55 arguments
[2026-02-18 23:24:41.990 DBG] ActionQueue :: 'Default' (00000000-0000-0000-0000-000000000000) :: Enqueue action 3b101e4e-bbac-45ac-80a4-9c98901f194f
[2026-02-18 23:24:41.990 DBG] ActionQueue :: 'Default' (00000000-0000-0000-0000-000000000000) :: Handling queue
[2026-02-18 23:24:41.990 DBG] ActionQueue :: 'Default' (00000000-0000-0000-0000-000000000000) :: Performing non-blocking 'keek_z' (3b101e4e-bbac-45ac-80a4-9c98901f194f, 0a3be4d2-fbeb-480e-a8eb-9c24de04ff34), initiated by atomsmasher101 with 56 arguments
[2026-02-18 23:24:42.043 DBG] ActionDispatcher :: Queueing 'Cousin' (5f547625-b177-4cd7-bf87-637602bafed8, CommandTriggered) to 'Default' (00000000-0000-0000-0000-000000000000), initiated by atomsmasher101 with 43 arguments
[2026-02-18 23:24:42.043 DBG] ActionQueue :: 'Default' (00000000-0000-0000-0000-000000000000) :: Enqueue action 5f547625-b177-4cd7-bf87-637602bafed8
[2026-02-18 23:24:42.043 DBG] ActionQueue :: 'Default' (00000000-0000-0000-0000-000000000000) :: Handling queue
[2026-02-18 23:24:42.043 DBG] ActionQueue :: 'Default' (00000000-0000-0000-0000-000000000000) :: Performing non-blocking 'Cousin' (5f547625-b177-4cd7-bf87-637602bafed8, bba10685-e47f-4bd4-ac33-eab413c9917b), initiated by atomsmasher101 with 44 arguments
[2026-02-18 23:24:42.323 DBG] InlineCode :: Running default entry point from instance 'fee52b86-64ff-4478-a5f6-7a963d64cb30'
[2026-02-18 23:24:42.509 DBG] ActionDispatcher :: Queueing 'SimpleHero09' (0d274ee2-adb7-4948-9780-719a8de618d4, TwitchChatMessage) to 'Default' (00000000-0000-0000-0000-000000000000), initiated by atomsmasherbot with 139 arguments
[2026-02-18 23:24:42.509 DBG] ActionQueue :: 'Default' (00000000-0000-0000-0000-000000000000) :: Enqueue action 0d274ee2-adb7-4948-9780-719a8de618d4
[2026-02-18 23:24:42.509 DBG] ActionQueue :: 'Default' (00000000-0000-0000-0000-000000000000) :: Handling queue
[2026-02-18 23:24:42.509 DBG] ActionQueue :: 'Default' (00000000-0000-0000-0000-000000000000) :: Performing non-blocking 'SimpleHero09' (0d274ee2-adb7-4948-9780-719a8de618d4, d753ce04-081a-4d50-9524-1b4468527abe), initiated by atomsmasherbot with 140 arguments
[2026-02-18 23:24:42.510 DBG] ActionDispatcher :: Queueing 'TheMediocreLlama' (03f8a7a3-f259-47c1-a5f6-2f7ec12e23c6, TwitchChatMessage) to 'Default' (00000000-0000-0000-0000-000000000000), initiated by atomsmasherbot with 139 arguments
[2026-02-18 23:24:42.510 DBG] ActionQueue :: 'Default' (00000000-0000-0000-0000-000000000000) :: Enqueue action 03f8a7a3-f259-47c1-a5f6-2f7ec12e23c6
[2026-02-18 23:24:42.510 DBG] ActionQueue :: 'Default' (00000000-0000-0000-0000-000000000000) :: Handling queue
[2026-02-18 23:24:42.512 DBG] ActionQueue :: 'Default' (00000000-0000-0000-0000-000000000000) :: Performing non-blocking 'TheMediocreLlama' (03f8a7a3-f259-47c1-a5f6-2f7ec12e23c6, 41f3786f-2c76-40e1-8d71-7354e11bd99a), initiated by atomsmasherbot with 140 arguments
[2026-02-18 23:24:42.513 DBG] ActionDispatcher :: Queueing 'Flaurety' (53e7be3d-3ae9-4e9f-ae66-00df77662785, TwitchChatMessage) to 'Default' (00000000-0000-0000-0000-000000000000), initiated by atomsmasherbot with 139 arguments
[2026-02-18 23:24:42.513 DBG] ActionQueue :: 'Default' (00000000-0000-0000-0000-000000000000) :: Enqueue action 53e7be3d-3ae9-4e9f-ae66-00df77662785
[2026-02-18 23:24:42.513 DBG] ActionQueue :: 'Default' (00000000-0000-0000-0000-000000000000) :: Handling queue
[2026-02-18 23:24:42.513 DBG] ActionQueue :: 'Default' (00000000-0000-0000-0000-000000000000) :: Performing non-blocking 'Flaurety' (53e7be3d-3ae9-4e9f-ae66-00df77662785, b33b4b8f-74f9-40d1-8a16-ea97e9a0bafa), initiated by atomsmasherbot with 140 arguments
[2026-02-18 23:24:42.516 DBG] ActionDispatcher :: Queueing 'VolanRadooga' (72a5f04d-5499-4c3e-b172-f8a03de49d0b, TwitchChatMessage) to 'Default' (00000000-0000-0000-0000-000000000000), initiated by atomsmasherbot with 139 arguments
[2026-02-18 23:24:42.516 DBG] ActionQueue :: 'Default' (00000000-0000-0000-0000-000000000000) :: Enqueue action 72a5f04d-5499-4c3e-b172-f8a03de49d0b
[2026-02-18 23:24:42.516 DBG] ActionQueue :: 'Default' (00000000-0000-0000-0000-000000000000) :: Handling queue
[2026-02-18 23:24:42.516 DBG] ActionQueue :: 'Default' (00000000-0000-0000-0000-000000000000) :: Performing non-blocking 'VolanRadooga' (72a5f04d-5499-4c3e-b172-f8a03de49d0b, f2b0a24b-ffd3-4224-8191-2ae93ef04d5d), initiated by atomsmasherbot with 140 arguments
[2026-02-18 23:24:42.517 DBG] ActionDispatcher :: Queueing 'Pratchetty' (4004afd7-6782-4f82-a057-433804324454, TwitchChatMessage) to 'Default' (00000000-0000-0000-0000-000000000000), initiated by atomsmasherbot with 139 arguments
[2026-02-18 23:24:42.517 DBG] ActionQueue :: 'Default' (00000000-0000-0000-0000-000000000000) :: Enqueue action 4004afd7-6782-4f82-a057-433804324454
[2026-02-18 23:24:42.517 DBG] ActionQueue :: 'Default' (00000000-0000-0000-0000-000000000000) :: Handling queue
[2026-02-18 23:24:42.517 DBG] ActionQueue :: 'Default' (00000000-0000-0000-0000-000000000000) :: Performing non-blocking 'Pratchetty' (4004afd7-6782-4f82-a057-433804324454, f9256485-c34b-4cad-907c-1fcbc99bdbcf), initiated by atomsmasherbot with 140 arguments
[2026-02-18 23:24:42.519 DBG] ActionDispatcher :: Queueing 'Birdie_223' (f25861ac-4ad8-49c6-b2a1-6b8504cf92af, TwitchChatMessage) to 'Default' (00000000-0000-0000-0000-000000000000), initiated by atomsmasherbot with 139 arguments
[2026-02-18 23:24:42.519 DBG] ActionQueue :: 'Default' (00000000-0000-0000-0000-000000000000) :: Enqueue action f25861ac-4ad8-49c6-b2a1-6b8504cf92af
[2026-02-18 23:24:42.519 DBG] ActionQueue :: 'Default' (00000000-0000-0000-0000-000000000000) :: Handling queue
[2026-02-18 23:24:42.519 DBG] ActionQueue :: 'Default' (00000000-0000-0000-0000-000000000000) :: Performing non-blocking 'Birdie_223' (f25861ac-4ad8-49c6-b2a1-6b8504cf92af, 287143b6-a9ea-471b-95e4-7f2b9c815c91), initiated by atomsmasherbot with 140 arguments
[2026-02-18 23:24:42.520 DBG] ActionDispatcher :: Queueing 'Awes0meN81' (8f7732b9-751d-478e-9248-7b4451145f77, TwitchChatMessage) to 'Default' (00000000-0000-0000-0000-000000000000), initiated by atomsmasherbot with 139 arguments
[2026-02-18 23:24:42.520 DBG] ActionQueue :: 'Default' (00000000-0000-0000-0000-000000000000) :: Enqueue action 8f7732b9-751d-478e-9248-7b4451145f77
[2026-02-18 23:24:42.520 DBG] ActionQueue :: 'Default' (00000000-0000-0000-0000-000000000000) :: Handling queue
[2026-02-18 23:24:42.520 DBG] ActionQueue :: 'Default' (00000000-0000-0000-0000-000000000000) :: Performing non-blocking 'Awes0meN81' (8f7732b9-751d-478e-9248-7b4451145f77, 971b3c83-e107-4ae8-a333-a0230dd784b5), initiated by atomsmasherbot with 140 arguments
[2026-02-18 23:24:42.523 DBG] ActionDispatcher :: Queueing 'keek_z' (3b101e4e-bbac-45ac-80a4-9c98901f194f, TwitchChatMessage) to 'Default' (00000000-0000-0000-0000-000000000000), initiated by atomsmasherbot with 139 arguments
[2026-02-18 23:24:42.523 DBG] ActionQueue :: 'Default' (00000000-0000-0000-0000-000000000000) :: Enqueue action 3b101e4e-bbac-45ac-80a4-9c98901f194f
[2026-02-18 23:24:42.523 DBG] ActionQueue :: 'Default' (00000000-0000-0000-0000-000000000000) :: Handling queue
[2026-02-18 23:24:42.523 DBG] ActionQueue :: 'Default' (00000000-0000-0000-0000-000000000000) :: Performing non-blocking 'keek_z' (3b101e4e-bbac-45ac-80a4-9c98901f194f, d2bfe204-6028-447c-bf3b-80bfa7c01fee), initiated by atomsmasherbot with 140 arguments
[2026-02-18 23:25:01.614 DBG] ViewerRepo :: UpdatePresence(twitch, 5), 0.0299ms
[2026-02-18 23:25:01.692 DBG] TwitchService :: Presence Timer :: Artificially updated presence with a threshold of 5 minutes (78.2148ms)
[2026-02-18 23:26:01.623 DBG] ViewerRepo :: UpdatePresence(twitch, 5), 0.0451ms
[2026-02-18 23:26:01.702 DBG] TwitchService :: Presence Timer :: Artificially updated presence with a threshold of 5 minutes (79.4791ms)
[2026-02-18 23:27:01.633 DBG] ViewerRepo :: UpdatePresence(twitch, 5), 0.0364ms
[2026-02-18 23:27:01.710 DBG] TwitchService :: Presence Timer :: Artificially updated presence with a threshold of 5 minutes (76.4658ms)
[2026-02-18 23:27:53.464 DBG] ActionDispatcher :: Queueing 'Sub Goal' (361aa588-5f31-4e19-b8a5-099cae52479d, TimedAction) to 'Default' (00000000-0000-0000-0000-000000000000), with 11 arguments
[2026-02-18 23:27:53.464 DBG] ActionQueue :: 'Default' (00000000-0000-0000-0000-000000000000) :: Enqueue action 361aa588-5f31-4e19-b8a5-099cae52479d
[2026-02-18 23:27:53.464 DBG] ActionQueue :: 'Default' (00000000-0000-0000-0000-000000000000) :: Handling queue
[2026-02-18 23:27:53.464 DBG] ActionQueue :: 'Default' (00000000-0000-0000-0000-000000000000) :: Performing non-blocking 'Sub Goal' (361aa588-5f31-4e19-b8a5-099cae52479d, 8281b8dd-ef4c-47a7-900b-70724a036b4f)
[2026-02-18 23:27:54.648 DBG] Credits :: Time to save 14.0503ms
[2026-02-18 23:27:58.367 DBG] AutoSave :: Auto saving settings...
[2026-02-18 23:27:58.384 DBG] Users :: Time to save 16.9032ms
[2026-02-18 23:27:58.405 DBG] Actions :: Time to save 20.9479ms
[2026-02-18 23:27:58.418 DBG] Commands :: Time to save 13.6142ms
[2026-02-18 23:27:58.433 DBG] Twitch Rewards :: Time to save 13.8216ms
[2026-02-18 23:27:58.444 DBG] Midi :: Time to save 12.0586ms
[2026-02-18 23:27:58.457 DBG] OBS Settings :: Time to save 12.4815ms
[2026-02-18 23:27:58.469 DBG] MeldStudio Settings :: Time to save 12.0542ms
[2026-02-18 23:27:58.480 DBG] Credits :: Time to save 11.8516ms
[2026-02-18 23:27:58.494 DBG] Quotes :: Time to save 12.5424ms
[2026-02-18 23:27:58.584 DBG] Config :: Time to save 14.4358ms
[2026-02-18 23:28:01.640 DBG] ViewerRepo :: UpdatePresence(twitch, 5), 0.0343ms
[2026-02-18 23:28:01.713 DBG] TwitchService :: Presence Timer :: Artificially updated presence with a threshold of 5 minutes (73.0662ms)
[2026-02-18 23:29:01.652 DBG] ViewerRepo :: UpdatePresence(twitch, 5), 0.0357ms
[2026-02-18 23:29:01.731 DBG] TwitchService :: Presence Timer :: Artificially updated presence with a threshold of 5 minutes (78.5851ms)
[2026-02-18 23:29:38.453 DBG] ActionDispatcher :: Queueing 'SimpleHero09' (0d274ee2-adb7-4948-9780-719a8de618d4, TwitchChatMessage) to 'Default' (00000000-0000-0000-0000-000000000000), initiated by atomsmasher101 with 55 arguments
[2026-02-18 23:29:38.453 DBG] ActionQueue :: 'Default' (00000000-0000-0000-0000-000000000000) :: Enqueue action 0d274ee2-adb7-4948-9780-719a8de618d4
[2026-02-18 23:29:38.453 DBG] ActionQueue :: 'Default' (00000000-0000-0000-0000-000000000000) :: Handling queue
[2026-02-18 23:29:38.453 DBG] ActionQueue :: 'Default' (00000000-0000-0000-0000-000000000000) :: Performing non-blocking 'SimpleHero09' (0d274ee2-adb7-4948-9780-719a8de618d4, f06bbd58-1936-48d5-9d11-f20cb779f945), initiated by atomsmasher101 with 56 arguments
[2026-02-18 23:29:38.455 DBG] ActionDispatcher :: Queueing 'TheMediocreLlama' (03f8a7a3-f259-47c1-a5f6-2f7ec12e23c6, TwitchChatMessage) to 'Default' (00000000-0000-0000-0000-000000000000), initiated by atomsmasher101 with 55 arguments
[2026-02-18 23:29:38.455 DBG] ActionQueue :: 'Default' (00000000-0000-0000-0000-000000000000) :: Enqueue action 03f8a7a3-f259-47c1-a5f6-2f7ec12e23c6
[2026-02-18 23:29:38.455 DBG] ActionQueue :: 'Default' (00000000-0000-0000-0000-000000000000) :: Handling queue
[2026-02-18 23:29:38.455 DBG] ActionQueue :: 'Default' (00000000-0000-0000-0000-000000000000) :: Performing non-blocking 'TheMediocreLlama' (03f8a7a3-f259-47c1-a5f6-2f7ec12e23c6, f958f71e-4adb-458b-859e-f8131cbfd525), initiated by atomsmasher101 with 56 arguments
[2026-02-18 23:29:38.456 DBG] ActionDispatcher :: Queueing 'Flaurety' (53e7be3d-3ae9-4e9f-ae66-00df77662785, TwitchChatMessage) to 'Default' (00000000-0000-0000-0000-000000000000), initiated by atomsmasher101 with 55 arguments
[2026-02-18 23:29:38.456 DBG] ActionQueue :: 'Default' (00000000-0000-0000-0000-000000000000) :: Enqueue action 53e7be3d-3ae9-4e9f-ae66-00df77662785
[2026-02-18 23:29:38.456 DBG] ActionQueue :: 'Default' (00000000-0000-0000-0000-000000000000) :: Handling queue
[2026-02-18 23:29:38.456 DBG] ActionQueue :: 'Default' (00000000-0000-0000-0000-000000000000) :: Performing non-blocking 'Flaurety' (53e7be3d-3ae9-4e9f-ae66-00df77662785, 256d9047-f90b-492e-b860-9eceb5f24933), initiated by atomsmasher101 with 56 arguments
[2026-02-18 23:29:38.457 DBG] ActionDispatcher :: Queueing 'VolanRadooga' (72a5f04d-5499-4c3e-b172-f8a03de49d0b, TwitchChatMessage) to 'Default' (00000000-0000-0000-0000-000000000000), initiated by atomsmasher101 with 55 arguments
[2026-02-18 23:29:38.457 DBG] ActionQueue :: 'Default' (00000000-0000-0000-0000-000000000000) :: Enqueue action 72a5f04d-5499-4c3e-b172-f8a03de49d0b
[2026-02-18 23:29:38.457 DBG] ActionQueue :: 'Default' (00000000-0000-0000-0000-000000000000) :: Handling queue
[2026-02-18 23:29:38.457 DBG] ActionQueue :: 'Default' (00000000-0000-0000-0000-000000000000) :: Performing non-blocking 'VolanRadooga' (72a5f04d-5499-4c3e-b172-f8a03de49d0b, baa55763-07d1-44ea-9e8d-201f1ea94650), initiated by atomsmasher101 with 56 arguments
[2026-02-18 23:29:38.459 DBG] ActionDispatcher :: Queueing 'Pratchetty' (4004afd7-6782-4f82-a057-433804324454, TwitchChatMessage) to 'Default' (00000000-0000-0000-0000-000000000000), initiated by atomsmasher101 with 55 arguments
[2026-02-18 23:29:38.459 DBG] ActionQueue :: 'Default' (00000000-0000-0000-0000-000000000000) :: Enqueue action 4004afd7-6782-4f82-a057-433804324454
[2026-02-18 23:29:38.459 DBG] ActionQueue :: 'Default' (00000000-0000-0000-0000-000000000000) :: Handling queue
[2026-02-18 23:29:38.459 DBG] ActionQueue :: 'Default' (00000000-0000-0000-0000-000000000000) :: Performing non-blocking 'Pratchetty' (4004afd7-6782-4f82-a057-433804324454, 18b4d9b8-3630-46ee-ae81-cd4202f07493), initiated by atomsmasher101 with 56 arguments
[2026-02-18 23:29:38.460 DBG] ActionDispatcher :: Queueing 'Birdie_223' (f25861ac-4ad8-49c6-b2a1-6b8504cf92af, TwitchChatMessage) to 'Default' (00000000-0000-0000-0000-000000000000), initiated by atomsmasher101 with 55 arguments
[2026-02-18 23:29:38.460 DBG] ActionQueue :: 'Default' (00000000-0000-0000-0000-000000000000) :: Enqueue action f25861ac-4ad8-49c6-b2a1-6b8504cf92af
[2026-02-18 23:29:38.460 DBG] ActionQueue :: 'Default' (00000000-0000-0000-0000-000000000000) :: Handling queue
[2026-02-18 23:29:38.460 DBG] ActionQueue :: 'Default' (00000000-0000-0000-0000-000000000000) :: Performing non-blocking 'Birdie_223' (f25861ac-4ad8-49c6-b2a1-6b8504cf92af, 416cdffa-f981-4f71-bd0f-4d5231627bd7), initiated by atomsmasher101 with 56 arguments
[2026-02-18 23:29:38.463 DBG] ActionDispatcher :: Queueing 'Awes0meN81' (8f7732b9-751d-478e-9248-7b4451145f77, TwitchChatMessage) to 'Default' (00000000-0000-0000-0000-000000000000), initiated by atomsmasher101 with 55 arguments
[2026-02-18 23:29:38.463 DBG] ActionQueue :: 'Default' (00000000-0000-0000-0000-000000000000) :: Enqueue action 8f7732b9-751d-478e-9248-7b4451145f77
[2026-02-18 23:29:38.463 DBG] ActionQueue :: 'Default' (00000000-0000-0000-0000-000000000000) :: Handling queue
[2026-02-18 23:29:38.463 DBG] ActionQueue :: 'Default' (00000000-0000-0000-0000-000000000000) :: Performing non-blocking 'Awes0meN81' (8f7732b9-751d-478e-9248-7b4451145f77, 1871350f-17d6-4658-8c49-4b938775ecab), initiated by atomsmasher101 with 56 arguments
[2026-02-18 23:29:38.464 DBG] ActionDispatcher :: Queueing 'keek_z' (3b101e4e-bbac-45ac-80a4-9c98901f194f, TwitchChatMessage) to 'Default' (00000000-0000-0000-0000-000000000000), initiated by atomsmasher101 with 55 arguments
[2026-02-18 23:29:38.464 DBG] ActionQueue :: 'Default' (00000000-0000-0000-0000-000000000000) :: Enqueue action 3b101e4e-bbac-45ac-80a4-9c98901f194f
[2026-02-18 23:29:38.464 DBG] ActionQueue :: 'Default' (00000000-0000-0000-0000-000000000000) :: Handling queue
[2026-02-18 23:29:38.464 DBG] ActionQueue :: 'Default' (00000000-0000-0000-0000-000000000000) :: Performing non-blocking 'keek_z' (3b101e4e-bbac-45ac-80a4-9c98901f194f, 43172d8f-f08e-4b2c-81ba-7c8f82b430b1), initiated by atomsmasher101 with 56 arguments
[2026-02-18 23:29:38.510 DBG] ActionDispatcher :: Queueing 'Cousin' (5f547625-b177-4cd7-bf87-637602bafed8, CommandTriggered) to 'Default' (00000000-0000-0000-0000-000000000000), initiated by atomsmasher101 with 43 arguments
[2026-02-18 23:29:38.510 DBG] ActionQueue :: 'Default' (00000000-0000-0000-0000-000000000000) :: Enqueue action 5f547625-b177-4cd7-bf87-637602bafed8
[2026-02-18 23:29:38.510 DBG] ActionQueue :: 'Default' (00000000-0000-0000-0000-000000000000) :: Handling queue
[2026-02-18 23:29:38.510 DBG] ActionQueue :: 'Default' (00000000-0000-0000-0000-000000000000) :: Performing non-blocking 'Cousin' (5f547625-b177-4cd7-bf87-637602bafed8, 71f31e86-a996-4440-905e-a2d4979de817), initiated by atomsmasher101 with 44 arguments
[2026-02-18 23:29:38.775 DBG] InlineCode :: Code has been flagged as dirty for '', destroying instance
[2026-02-18 23:29:38.775 DBG] InlineCode :: Unloading 'c8fccad9c0f3493c965795d53fe9fcdf'
[2026-02-18 23:29:38.807 DBG] InlineCode :: Creating and compiling instance for ''
[2026-02-18 23:29:38.896 DBG] InlineCode :: Running default entry point from instance 'bf8be73e-c529-42f7-b024-b93465fd8554'
[2026-02-18 23:29:39.187 DBG] ActionDispatcher :: Queueing 'SimpleHero09' (0d274ee2-adb7-4948-9780-719a8de618d4, TwitchChatMessage) to 'Default' (00000000-0000-0000-0000-000000000000), initiated by atomsmasherbot with 139 arguments
[2026-02-18 23:29:39.187 DBG] ActionQueue :: 'Default' (00000000-0000-0000-0000-000000000000) :: Enqueue action 0d274ee2-adb7-4948-9780-719a8de618d4
[2026-02-18 23:29:39.187 DBG] ActionQueue :: 'Default' (00000000-0000-0000-0000-000000000000) :: Handling queue
[2026-02-18 23:29:39.187 DBG] ActionQueue :: 'Default' (00000000-0000-0000-0000-000000000000) :: Performing non-blocking 'SimpleHero09' (0d274ee2-adb7-4948-9780-719a8de618d4, 6c130c15-8024-4af8-bbd9-a444ab1549b3), initiated by atomsmasherbot with 140 arguments
[2026-02-18 23:29:39.189 DBG] ActionDispatcher :: Queueing 'TheMediocreLlama' (03f8a7a3-f259-47c1-a5f6-2f7ec12e23c6, TwitchChatMessage) to 'Default' (00000000-0000-0000-0000-000000000000), initiated by atomsmasherbot with 139 arguments
[2026-02-18 23:29:39.189 DBG] ActionQueue :: 'Default' (00000000-0000-0000-0000-000000000000) :: Enqueue action 03f8a7a3-f259-47c1-a5f6-2f7ec12e23c6
[2026-02-18 23:29:39.189 DBG] ActionQueue :: 'Default' (00000000-0000-0000-0000-000000000000) :: Handling queue
[2026-02-18 23:29:39.189 DBG] ActionQueue :: 'Default' (00000000-0000-0000-0000-000000000000) :: Performing non-blocking 'TheMediocreLlama' (03f8a7a3-f259-47c1-a5f6-2f7ec12e23c6, 5075e9ce-ca8d-4fe0-942c-d28004d28530), initiated by atomsmasherbot with 140 arguments
[2026-02-18 23:29:39.191 DBG] ActionDispatcher :: Queueing 'Flaurety' (53e7be3d-3ae9-4e9f-ae66-00df77662785, TwitchChatMessage) to 'Default' (00000000-0000-0000-0000-000000000000), initiated by atomsmasherbot with 139 arguments
[2026-02-18 23:29:39.191 DBG] ActionQueue :: 'Default' (00000000-0000-0000-0000-000000000000) :: Enqueue action 53e7be3d-3ae9-4e9f-ae66-00df77662785
[2026-02-18 23:29:39.191 DBG] ActionQueue :: 'Default' (00000000-0000-0000-0000-000000000000) :: Handling queue
[2026-02-18 23:29:39.191 DBG] ActionQueue :: 'Default' (00000000-0000-0000-0000-000000000000) :: Performing non-blocking 'Flaurety' (53e7be3d-3ae9-4e9f-ae66-00df77662785, ef7d8108-497f-4d44-ba63-92fcb87956b8), initiated by atomsmasherbot with 140 arguments
[2026-02-18 23:29:39.192 DBG] ActionDispatcher :: Queueing 'VolanRadooga' (72a5f04d-5499-4c3e-b172-f8a03de49d0b, TwitchChatMessage) to 'Default' (00000000-0000-0000-0000-000000000000), initiated by atomsmasherbot with 139 arguments
[2026-02-18 23:29:39.192 DBG] ActionQueue :: 'Default' (00000000-0000-0000-0000-000000000000) :: Enqueue action 72a5f04d-5499-4c3e-b172-f8a03de49d0b
[2026-02-18 23:29:39.192 DBG] ActionQueue :: 'Default' (00000000-0000-0000-0000-000000000000) :: Handling queue
[2026-02-18 23:29:39.192 DBG] ActionQueue :: 'Default' (00000000-0000-0000-0000-000000000000) :: Performing non-blocking 'VolanRadooga' (72a5f04d-5499-4c3e-b172-f8a03de49d0b, 9228f1a3-7745-4924-9a5c-1826d2a61622), initiated by atomsmasherbot with 140 arguments
[2026-02-18 23:29:39.193 DBG] ActionDispatcher :: Queueing 'Pratchetty' (4004afd7-6782-4f82-a057-433804324454, TwitchChatMessage) to 'Default' (00000000-0000-0000-0000-000000000000), initiated by atomsmasherbot with 139 arguments
[2026-02-18 23:29:39.193 DBG] ActionQueue :: 'Default' (00000000-0000-0000-0000-000000000000) :: Enqueue action 4004afd7-6782-4f82-a057-433804324454
[2026-02-18 23:29:39.193 DBG] ActionQueue :: 'Default' (00000000-0000-0000-0000-000000000000) :: Handling queue
[2026-02-18 23:29:39.193 DBG] ActionQueue :: 'Default' (00000000-0000-0000-0000-000000000000) :: Performing non-blocking 'Pratchetty' (4004afd7-6782-4f82-a057-433804324454, da3856a8-a3d5-49ec-a847-6b0023d77221), initiated by atomsmasherbot with 140 arguments
[2026-02-18 23:29:39.195 DBG] ActionDispatcher :: Queueing 'Birdie_223' (f25861ac-4ad8-49c6-b2a1-6b8504cf92af, TwitchChatMessage) to 'Default' (00000000-0000-0000-0000-000000000000), initiated by atomsmasherbot with 139 arguments
[2026-02-18 23:29:39.195 DBG] ActionQueue :: 'Default' (00000000-0000-0000-0000-000000000000) :: Enqueue action f25861ac-4ad8-49c6-b2a1-6b8504cf92af
[2026-02-18 23:29:39.195 DBG] ActionQueue :: 'Default' (00000000-0000-0000-0000-000000000000) :: Handling queue
[2026-02-18 23:29:39.195 DBG] ActionQueue :: 'Default' (00000000-0000-0000-0000-000000000000) :: Performing non-blocking 'Birdie_223' (f25861ac-4ad8-49c6-b2a1-6b8504cf92af, 6fd3dd01-5625-411d-882a-d038f21c68ad), initiated by atomsmasherbot with 140 arguments
[2026-02-18 23:29:39.196 DBG] ActionDispatcher :: Queueing 'Awes0meN81' (8f7732b9-751d-478e-9248-7b4451145f77, TwitchChatMessage) to 'Default' (00000000-0000-0000-0000-000000000000), initiated by atomsmasherbot with 139 arguments
[2026-02-18 23:29:39.196 DBG] ActionQueue :: 'Default' (00000000-0000-0000-0000-000000000000) :: Enqueue action 8f7732b9-751d-478e-9248-7b4451145f77
[2026-02-18 23:29:39.196 DBG] ActionQueue :: 'Default' (00000000-0000-0000-0000-000000000000) :: Handling queue
[2026-02-18 23:29:39.196 DBG] ActionQueue :: 'Default' (00000000-0000-0000-0000-000000000000) :: Performing non-blocking 'Awes0meN81' (8f7732b9-751d-478e-9248-7b4451145f77, a7484596-8d50-4c88-89d3-7abf905a6069), initiated by atomsmasherbot with 140 arguments
[2026-02-18 23:29:39.198 DBG] ActionDispatcher :: Queueing 'keek_z' (3b101e4e-bbac-45ac-80a4-9c98901f194f, TwitchChatMessage) to 'Default' (00000000-0000-0000-0000-000000000000), initiated by atomsmasherbot with 139 arguments
[2026-02-18 23:29:39.198 DBG] ActionQueue :: 'Default' (00000000-0000-0000-0000-000000000000) :: Enqueue action 3b101e4e-bbac-45ac-80a4-9c98901f194f
[2026-02-18 23:29:39.198 DBG] ActionQueue :: 'Default' (00000000-0000-0000-0000-000000000000) :: Handling queue
[2026-02-18 23:29:39.198 DBG] ActionQueue :: 'Default' (00000000-0000-0000-0000-000000000000) :: Performing non-blocking 'keek_z' (3b101e4e-bbac-45ac-80a4-9c98901f194f, a6cc436d-e0c9-479f-9403-41a09894da54), initiated by atomsmasherbot with 140 arguments
[2026-02-18 23:29:44.595 DBG] ActionDispatcher :: Queueing 'SimpleHero09' (0d274ee2-adb7-4948-9780-719a8de618d4, TwitchChatMessage) to 'Default' (00000000-0000-0000-0000-000000000000), initiated by atomsmasher101 with 55 arguments
[2026-02-18 23:29:44.595 DBG] ActionQueue :: 'Default' (00000000-0000-0000-0000-000000000000) :: Enqueue action 0d274ee2-adb7-4948-9780-719a8de618d4
[2026-02-18 23:29:44.595 DBG] ActionQueue :: 'Default' (00000000-0000-0000-0000-000000000000) :: Handling queue
[2026-02-18 23:29:44.595 DBG] ActionQueue :: 'Default' (00000000-0000-0000-0000-000000000000) :: Performing non-blocking 'SimpleHero09' (0d274ee2-adb7-4948-9780-719a8de618d4, b6e32aa8-3f1f-4ef1-a1f5-3808ebba249f), initiated by atomsmasher101 with 56 arguments
[2026-02-18 23:29:44.597 DBG] ActionDispatcher :: Queueing 'TheMediocreLlama' (03f8a7a3-f259-47c1-a5f6-2f7ec12e23c6, TwitchChatMessage) to 'Default' (00000000-0000-0000-0000-000000000000), initiated by atomsmasher101 with 55 arguments
[2026-02-18 23:29:44.597 DBG] ActionQueue :: 'Default' (00000000-0000-0000-0000-000000000000) :: Enqueue action 03f8a7a3-f259-47c1-a5f6-2f7ec12e23c6
[2026-02-18 23:29:44.597 DBG] ActionQueue :: 'Default' (00000000-0000-0000-0000-000000000000) :: Handling queue
[2026-02-18 23:29:44.598 DBG] ActionQueue :: 'Default' (00000000-0000-0000-0000-000000000000) :: Performing non-blocking 'TheMediocreLlama' (03f8a7a3-f259-47c1-a5f6-2f7ec12e23c6, 4ae0cbf8-6d60-4aec-8714-8fff781297fc), initiated by atomsmasher101 with 56 arguments
[2026-02-18 23:29:44.599 DBG] ActionDispatcher :: Queueing 'Flaurety' (53e7be3d-3ae9-4e9f-ae66-00df77662785, TwitchChatMessage) to 'Default' (00000000-0000-0000-0000-000000000000), initiated by atomsmasher101 with 55 arguments
[2026-02-18 23:29:44.599 DBG] ActionQueue :: 'Default' (00000000-0000-0000-0000-000000000000) :: Enqueue action 53e7be3d-3ae9-4e9f-ae66-00df77662785
[2026-02-18 23:29:44.599 DBG] ActionQueue :: 'Default' (00000000-0000-0000-0000-000000000000) :: Handling queue
[2026-02-18 23:29:44.599 DBG] ActionQueue :: 'Default' (00000000-0000-0000-0000-000000000000) :: Performing non-blocking 'Flaurety' (53e7be3d-3ae9-4e9f-ae66-00df77662785, 3941580c-a39c-4df4-a560-b70383cc760e), initiated by atomsmasher101 with 56 arguments
[2026-02-18 23:29:44.600 DBG] ActionDispatcher :: Queueing 'VolanRadooga' (72a5f04d-5499-4c3e-b172-f8a03de49d0b, TwitchChatMessage) to 'Default' (00000000-0000-0000-0000-000000000000), initiated by atomsmasher101 with 55 arguments
[2026-02-18 23:29:44.600 DBG] ActionQueue :: 'Default' (00000000-0000-0000-0000-000000000000) :: Enqueue action 72a5f04d-5499-4c3e-b172-f8a03de49d0b
[2026-02-18 23:29:44.600 DBG] ActionQueue :: 'Default' (00000000-0000-0000-0000-000000000000) :: Handling queue
[2026-02-18 23:29:44.600 DBG] ActionQueue :: 'Default' (00000000-0000-0000-0000-000000000000) :: Performing non-blocking 'VolanRadooga' (72a5f04d-5499-4c3e-b172-f8a03de49d0b, e19d7dcd-3b2b-4665-8f73-5151cc492e01), initiated by atomsmasher101 with 56 arguments
[2026-02-18 23:29:44.603 DBG] ActionDispatcher :: Queueing 'Pratchetty' (4004afd7-6782-4f82-a057-433804324454, TwitchChatMessage) to 'Default' (00000000-0000-0000-0000-000000000000), initiated by atomsmasher101 with 55 arguments
[2026-02-18 23:29:44.603 DBG] ActionQueue :: 'Default' (00000000-0000-0000-0000-000000000000) :: Enqueue action 4004afd7-6782-4f82-a057-433804324454
[2026-02-18 23:29:44.603 DBG] ActionQueue :: 'Default' (00000000-0000-0000-0000-000000000000) :: Handling queue
[2026-02-18 23:29:44.603 DBG] ActionQueue :: 'Default' (00000000-0000-0000-0000-000000000000) :: Performing non-blocking 'Pratchetty' (4004afd7-6782-4f82-a057-433804324454, ab2b425f-bbd7-4640-8ad2-d39eff982bda), initiated by atomsmasher101 with 56 arguments
[2026-02-18 23:29:44.604 DBG] ActionDispatcher :: Queueing 'Birdie_223' (f25861ac-4ad8-49c6-b2a1-6b8504cf92af, TwitchChatMessage) to 'Default' (00000000-0000-0000-0000-000000000000), initiated by atomsmasher101 with 55 arguments
[2026-02-18 23:29:44.604 DBG] ActionQueue :: 'Default' (00000000-0000-0000-0000-000000000000) :: Enqueue action f25861ac-4ad8-49c6-b2a1-6b8504cf92af
[2026-02-18 23:29:44.604 DBG] ActionQueue :: 'Default' (00000000-0000-0000-0000-000000000000) :: Handling queue
[2026-02-18 23:29:44.604 DBG] ActionQueue :: 'Default' (00000000-0000-0000-0000-000000000000) :: Performing non-blocking 'Birdie_223' (f25861ac-4ad8-49c6-b2a1-6b8504cf92af, ace92580-1268-4687-bb49-f2ae116ddc25), initiated by atomsmasher101 with 56 arguments
[2026-02-18 23:29:44.606 DBG] ActionDispatcher :: Queueing 'Awes0meN81' (8f7732b9-751d-478e-9248-7b4451145f77, TwitchChatMessage) to 'Default' (00000000-0000-0000-0000-000000000000), initiated by atomsmasher101 with 55 arguments
[2026-02-18 23:29:44.606 DBG] ActionQueue :: 'Default' (00000000-0000-0000-0000-000000000000) :: Enqueue action 8f7732b9-751d-478e-9248-7b4451145f77
[2026-02-18 23:29:44.606 DBG] ActionQueue :: 'Default' (00000000-0000-0000-0000-000000000000) :: Handling queue
[2026-02-18 23:29:44.606 DBG] ActionQueue :: 'Default' (00000000-0000-0000-0000-000000000000) :: Performing non-blocking 'Awes0meN81' (8f7732b9-751d-478e-9248-7b4451145f77, 1bba1395-9b59-44db-94b0-67c812fce6e3), initiated by atomsmasher101 with 56 arguments
[2026-02-18 23:29:44.607 DBG] ActionDispatcher :: Queueing 'keek_z' (3b101e4e-bbac-45ac-80a4-9c98901f194f, TwitchChatMessage) to 'Default' (00000000-0000-0000-0000-000000000000), initiated by atomsmasher101 with 55 arguments
[2026-02-18 23:29:44.607 DBG] ActionQueue :: 'Default' (00000000-0000-0000-0000-000000000000) :: Enqueue action 3b101e4e-bbac-45ac-80a4-9c98901f194f
[2026-02-18 23:29:44.607 DBG] ActionQueue :: 'Default' (00000000-0000-0000-0000-000000000000) :: Handling queue
[2026-02-18 23:29:44.607 DBG] ActionQueue :: 'Default' (00000000-0000-0000-0000-000000000000) :: Performing non-blocking 'keek_z' (3b101e4e-bbac-45ac-80a4-9c98901f194f, a2c1ea16-0f27-4324-8390-0da0765e31d8), initiated by atomsmasher101 with 56 arguments
[2026-02-18 23:29:44.660 DBG] ActionDispatcher :: Queueing 'Cousin' (5f547625-b177-4cd7-bf87-637602bafed8, CommandTriggered) to 'Default' (00000000-0000-0000-0000-000000000000), initiated by atomsmasher101 with 43 arguments
[2026-02-18 23:29:44.660 DBG] ActionQueue :: 'Default' (00000000-0000-0000-0000-000000000000) :: Enqueue action 5f547625-b177-4cd7-bf87-637602bafed8
[2026-02-18 23:29:44.660 DBG] ActionQueue :: 'Default' (00000000-0000-0000-0000-000000000000) :: Handling queue
[2026-02-18 23:29:44.662 DBG] ActionQueue :: 'Default' (00000000-0000-0000-0000-000000000000) :: Performing non-blocking 'Cousin' (5f547625-b177-4cd7-bf87-637602bafed8, a1e80e8c-5bef-4787-8557-eb3567a78de1), initiated by atomsmasher101 with 44 arguments
[2026-02-18 23:29:44.920 DBG] InlineCode :: Running default entry point from instance 'bf8be73e-c529-42f7-b024-b93465fd8554'
[2026-02-18 23:29:45.084 DBG] Attempting to run 'SPOT TO SB - !sPause [ Pause ]' inline
[2026-02-18 23:29:45.084 DBG] InlineCode :: Running default entry point from instance '049f5788-36f1-4b1d-aa4d-5ddd053304a2'
[2026-02-18 23:29:45.085 DBG] Attempting to run '100% Song' inline
[2026-02-18 23:29:45.085 WRN] Sound file C:\Users\n2lov\OneDrive\Desktop\Stream Stuff\Cousin %\YEE HA! I'LL BE DARN TOOTIN! LOOKS LIKE.mp3 was not found!
[2026-02-18 23:29:45.085 DBG] Attempting to run 'SPOT TO SB - !sPlay [ Play ]' inline
[2026-02-18 23:29:45.085 DBG] InlineCode :: Running default entry point from instance '7bc59291-f320-45f5-973d-c3ec9ff7332b'
[2026-02-18 23:29:45.085 DBG] InlineCode :: Running default entry point from instance 'fb491b47-d91b-48f9-8992-f5fbce3162c2'
[2026-02-18 23:29:45.100 DBG] ActionDispatcher :: Queueing 'SimpleHero09' (0d274ee2-adb7-4948-9780-719a8de618d4, TwitchChatMessage) to 'Default' (00000000-0000-0000-0000-000000000000), initiated by atomsmasherbot with 91 arguments
[2026-02-18 23:29:45.100 DBG] ActionQueue :: 'Default' (00000000-0000-0000-0000-000000000000) :: Enqueue action 0d274ee2-adb7-4948-9780-719a8de618d4
[2026-02-18 23:29:45.100 DBG] ActionQueue :: 'Default' (00000000-0000-0000-0000-000000000000) :: Handling queue
[2026-02-18 23:29:45.100 DBG] ActionQueue :: 'Default' (00000000-0000-0000-0000-000000000000) :: Performing non-blocking 'SimpleHero09' (0d274ee2-adb7-4948-9780-719a8de618d4, 81401533-9889-4101-8bfa-df87ba450ee9), initiated by atomsmasherbot with 92 arguments
[2026-02-18 23:29:45.102 DBG] ActionDispatcher :: Queueing 'TheMediocreLlama' (03f8a7a3-f259-47c1-a5f6-2f7ec12e23c6, TwitchChatMessage) to 'Default' (00000000-0000-0000-0000-000000000000), initiated by atomsmasherbot with 91 arguments
[2026-02-18 23:29:45.102 DBG] ActionQueue :: 'Default' (00000000-0000-0000-0000-000000000000) :: Enqueue action 03f8a7a3-f259-47c1-a5f6-2f7ec12e23c6
[2026-02-18 23:29:45.102 DBG] ActionQueue :: 'Default' (00000000-0000-0000-0000-000000000000) :: Handling queue
[2026-02-18 23:29:45.102 DBG] ActionQueue :: 'Default' (00000000-0000-0000-0000-000000000000) :: Performing non-blocking 'TheMediocreLlama' (03f8a7a3-f259-47c1-a5f6-2f7ec12e23c6, 818dc42b-4947-4bd7-94f9-8865fc0357e0), initiated by atomsmasherbot with 92 arguments
[2026-02-18 23:29:45.103 DBG] ActionDispatcher :: Queueing 'Flaurety' (53e7be3d-3ae9-4e9f-ae66-00df77662785, TwitchChatMessage) to 'Default' (00000000-0000-0000-0000-000000000000), initiated by atomsmasherbot with 91 arguments
[2026-02-18 23:29:45.104 DBG] ActionQueue :: 'Default' (00000000-0000-0000-0000-000000000000) :: Enqueue action 53e7be3d-3ae9-4e9f-ae66-00df77662785
[2026-02-18 23:29:45.104 DBG] ActionQueue :: 'Default' (00000000-0000-0000-0000-000000000000) :: Handling queue
[2026-02-18 23:29:45.104 DBG] ActionQueue :: 'Default' (00000000-0000-0000-0000-000000000000) :: Performing non-blocking 'Flaurety' (53e7be3d-3ae9-4e9f-ae66-00df77662785, a90eeb9e-c6cb-49f2-992d-80b91e7be8da), initiated by atomsmasherbot with 92 arguments
[2026-02-18 23:29:45.105 DBG] ActionDispatcher :: Queueing 'VolanRadooga' (72a5f04d-5499-4c3e-b172-f8a03de49d0b, TwitchChatMessage) to 'Default' (00000000-0000-0000-0000-000000000000), initiated by atomsmasherbot with 91 arguments
[2026-02-18 23:29:45.105 DBG] ActionQueue :: 'Default' (00000000-0000-0000-0000-000000000000) :: Enqueue action 72a5f04d-5499-4c3e-b172-f8a03de49d0b
[2026-02-18 23:29:45.105 DBG] ActionQueue :: 'Default' (00000000-0000-0000-0000-000000000000) :: Handling queue
[2026-02-18 23:29:45.105 DBG] ActionQueue :: 'Default' (00000000-0000-0000-0000-000000000000) :: Performing non-blocking 'VolanRadooga' (72a5f04d-5499-4c3e-b172-f8a03de49d0b, 683f4a29-cc28-4458-9428-30cc7da08f60), initiated by atomsmasherbot with 92 arguments
[2026-02-18 23:29:45.109 DBG] ActionDispatcher :: Queueing 'Pratchetty' (4004afd7-6782-4f82-a057-433804324454, TwitchChatMessage) to 'Default' (00000000-0000-0000-0000-000000000000), initiated by atomsmasherbot with 91 arguments
[2026-02-18 23:29:45.109 DBG] ActionQueue :: 'Default' (00000000-0000-0000-0000-000000000000) :: Enqueue action 4004afd7-6782-4f82-a057-433804324454
[2026-02-18 23:29:45.109 DBG] ActionQueue :: 'Default' (00000000-0000-0000-0000-000000000000) :: Handling queue
[2026-02-18 23:29:45.109 DBG] ActionQueue :: 'Default' (00000000-0000-0000-0000-000000000000) :: Performing non-blocking 'Pratchetty' (4004afd7-6782-4f82-a057-433804324454, 82624355-4bcb-460e-bad0-d7e9ee3e2e7e), initiated by atomsmasherbot with 92 arguments
[2026-02-18 23:29:45.112 DBG] ActionDispatcher :: Queueing 'Birdie_223' (f25861ac-4ad8-49c6-b2a1-6b8504cf92af, TwitchChatMessage) to 'Default' (00000000-0000-0000-0000-000000000000), initiated by atomsmasherbot with 91 arguments
[2026-02-18 23:29:45.112 DBG] ActionQueue :: 'Default' (00000000-0000-0000-0000-000000000000) :: Enqueue action f25861ac-4ad8-49c6-b2a1-6b8504cf92af
[2026-02-18 23:29:45.112 DBG] ActionQueue :: 'Default' (00000000-0000-0000-0000-000000000000) :: Handling queue
[2026-02-18 23:29:45.112 DBG] ActionQueue :: 'Default' (00000000-0000-0000-0000-000000000000) :: Performing non-blocking 'Birdie_223' (f25861ac-4ad8-49c6-b2a1-6b8504cf92af, 51812127-b2a6-49c5-801e-85e82f11d59f), initiated by atomsmasherbot with 92 arguments
[2026-02-18 23:29:45.114 DBG] ActionDispatcher :: Queueing 'Awes0meN81' (8f7732b9-751d-478e-9248-7b4451145f77, TwitchChatMessage) to 'Default' (00000000-0000-0000-0000-000000000000), initiated by atomsmasherbot with 91 arguments
[2026-02-18 23:29:45.114 DBG] ActionQueue :: 'Default' (00000000-0000-0000-0000-000000000000) :: Enqueue action 8f7732b9-751d-478e-9248-7b4451145f77
[2026-02-18 23:29:45.114 DBG] ActionQueue :: 'Default' (00000000-0000-0000-0000-000000000000) :: Handling queue
[2026-02-18 23:29:45.114 DBG] ActionQueue :: 'Default' (00000000-0000-0000-0000-000000000000) :: Performing non-blocking 'Awes0meN81' (8f7732b9-751d-478e-9248-7b4451145f77, da1c7fff-ea91-4ac8-81d8-095d7e980d22), initiated by atomsmasherbot with 92 arguments
[2026-02-18 23:29:45.116 DBG] ActionDispatcher :: Queueing 'keek_z' (3b101e4e-bbac-45ac-80a4-9c98901f194f, TwitchChatMessage) to 'Default' (00000000-0000-0000-0000-000000000000), initiated by atomsmasherbot with 91 arguments
[2026-02-18 23:29:45.116 DBG] ActionQueue :: 'Default' (00000000-0000-0000-0000-000000000000) :: Enqueue action 3b101e4e-bbac-45ac-80a4-9c98901f194f
[2026-02-18 23:29:45.116 DBG] ActionQueue :: 'Default' (00000000-0000-0000-0000-000000000000) :: Handling queue
[2026-02-18 23:29:45.116 DBG] ActionQueue :: 'Default' (00000000-0000-0000-0000-000000000000) :: Performing non-blocking 'keek_z' (3b101e4e-bbac-45ac-80a4-9c98901f194f, d6aeee0d-e672-4b9d-8cc8-82eb4c6eff30), initiated by atomsmasherbot with 92 arguments
[2026-02-18 23:29:45.181 DBG] status code : BadRequest
[2026-02-18 23:29:45.181 DBG] Error Response: {
  "error": {
    "status": 400,
    "message": "Only valid bearer authentication supported"
  }
}
[2026-02-18 23:29:45.181 DBG]  SPOT2SB - Play() 
[2026-02-18 23:29:45.186 DBG] status code : BadRequest
[2026-02-18 23:29:45.186 DBG] Error Response: {
  "error": {
    "status": 400,
    "message": "Only valid bearer authentication supported"
  }
}
[2026-02-18 23:29:45.186 DBG]  SPOT2SB - Pause() 
[2026-02-18 23:29:47.266 DBG] ActionDispatcher :: Queueing 'SimpleHero09' (0d274ee2-adb7-4948-9780-719a8de618d4, TwitchChatMessage) to 'Default' (00000000-0000-0000-0000-000000000000), initiated by atomsmasher101 with 55 arguments
[2026-02-18 23:29:47.266 DBG] ActionQueue :: 'Default' (00000000-0000-0000-0000-000000000000) :: Enqueue action 0d274ee2-adb7-4948-9780-719a8de618d4
[2026-02-18 23:29:47.266 DBG] ActionQueue :: 'Default' (00000000-0000-0000-0000-000000000000) :: Handling queue
[2026-02-18 23:29:47.266 DBG] ActionQueue :: 'Default' (00000000-0000-0000-0000-000000000000) :: Performing non-blocking 'SimpleHero09' (0d274ee2-adb7-4948-9780-719a8de618d4, e01fbd94-10f2-4e5f-bf1e-4e86833b0672), initiated by atomsmasher101 with 56 arguments
[2026-02-18 23:29:47.267 DBG] ActionDispatcher :: Queueing 'TheMediocreLlama' (03f8a7a3-f259-47c1-a5f6-2f7ec12e23c6, TwitchChatMessage) to 'Default' (00000000-0000-0000-0000-000000000000), initiated by atomsmasher101 with 55 arguments
[2026-02-18 23:29:47.267 DBG] ActionQueue :: 'Default' (00000000-0000-0000-0000-000000000000) :: Enqueue action 03f8a7a3-f259-47c1-a5f6-2f7ec12e23c6
[2026-02-18 23:29:47.267 DBG] ActionQueue :: 'Default' (00000000-0000-0000-0000-000000000000) :: Handling queue
[2026-02-18 23:29:47.267 DBG] ActionQueue :: 'Default' (00000000-0000-0000-0000-000000000000) :: Performing non-blocking 'TheMediocreLlama' (03f8a7a3-f259-47c1-a5f6-2f7ec12e23c6, 1761e250-724e-49fc-a5b3-1e3d4b757ef0), initiated by atomsmasher101 with 56 arguments
[2026-02-18 23:29:47.269 DBG] ActionDispatcher :: Queueing 'Flaurety' (53e7be3d-3ae9-4e9f-ae66-00df77662785, TwitchChatMessage) to 'Default' (00000000-0000-0000-0000-000000000000), initiated by atomsmasher101 with 55 arguments
[2026-02-18 23:29:47.269 DBG] ActionQueue :: 'Default' (00000000-0000-0000-0000-000000000000) :: Enqueue action 53e7be3d-3ae9-4e9f-ae66-00df77662785
[2026-02-18 23:29:47.269 DBG] ActionQueue :: 'Default' (00000000-0000-0000-0000-000000000000) :: Handling queue
[2026-02-18 23:29:47.269 DBG] ActionQueue :: 'Default' (00000000-0000-0000-0000-000000000000) :: Performing non-blocking 'Flaurety' (53e7be3d-3ae9-4e9f-ae66-00df77662785, bcc39177-4e34-4736-86e7-f130e367d1f2), initiated by atomsmasher101 with 56 arguments
[2026-02-18 23:29:47.270 DBG] ActionDispatcher :: Queueing 'VolanRadooga' (72a5f04d-5499-4c3e-b172-f8a03de49d0b, TwitchChatMessage) to 'Default' (00000000-0000-0000-0000-000000000000), initiated by atomsmasher101 with 55 arguments
[2026-02-18 23:29:47.270 DBG] ActionQueue :: 'Default' (00000000-0000-0000-0000-000000000000) :: Enqueue action 72a5f04d-5499-4c3e-b172-f8a03de49d0b
[2026-02-18 23:29:47.270 DBG] ActionQueue :: 'Default' (00000000-0000-0000-0000-000000000000) :: Handling queue
[2026-02-18 23:29:47.270 DBG] ActionQueue :: 'Default' (00000000-0000-0000-0000-000000000000) :: Performing non-blocking 'VolanRadooga' (72a5f04d-5499-4c3e-b172-f8a03de49d0b, 78c7295c-5d21-4d9c-9528-a5eb911003d0), initiated by atomsmasher101 with 56 arguments
[2026-02-18 23:29:47.272 DBG] ActionDispatcher :: Queueing 'Pratchetty' (4004afd7-6782-4f82-a057-433804324454, TwitchChatMessage) to 'Default' (00000000-0000-0000-0000-000000000000), initiated by atomsmasher101 with 55 arguments
[2026-02-18 23:29:47.272 DBG] ActionQueue :: 'Default' (00000000-0000-0000-0000-000000000000) :: Enqueue action 4004afd7-6782-4f82-a057-433804324454
[2026-02-18 23:29:47.272 DBG] ActionQueue :: 'Default' (00000000-0000-0000-0000-000000000000) :: Handling queue
[2026-02-18 23:29:47.272 DBG] ActionQueue :: 'Default' (00000000-0000-0000-0000-000000000000) :: Performing non-blocking 'Pratchetty' (4004afd7-6782-4f82-a057-433804324454, 53e157da-46a1-4289-8755-919543bf3d75), initiated by atomsmasher101 with 56 arguments
[2026-02-18 23:29:47.274 DBG] ActionDispatcher :: Queueing 'Birdie_223' (f25861ac-4ad8-49c6-b2a1-6b8504cf92af, TwitchChatMessage) to 'Default' (00000000-0000-0000-0000-000000000000), initiated by atomsmasher101 with 55 arguments
[2026-02-18 23:29:47.274 DBG] ActionQueue :: 'Default' (00000000-0000-0000-0000-000000000000) :: Enqueue action f25861ac-4ad8-49c6-b2a1-6b8504cf92af
[2026-02-18 23:29:47.274 DBG] ActionQueue :: 'Default' (00000000-0000-0000-0000-000000000000) :: Handling queue
[2026-02-18 23:29:47.275 DBG] ActionQueue :: 'Default' (00000000-0000-0000-0000-000000000000) :: Performing non-blocking 'Birdie_223' (f25861ac-4ad8-49c6-b2a1-6b8504cf92af, 644b5a71-c626-485f-91ac-0778325b3549), initiated by atomsmasher101 with 56 arguments
[2026-02-18 23:29:47.276 DBG] ActionDispatcher :: Queueing 'Awes0meN81' (8f7732b9-751d-478e-9248-7b4451145f77, TwitchChatMessage) to 'Default' (00000000-0000-0000-0000-000000000000), initiated by atomsmasher101 with 55 arguments
[2026-02-18 23:29:47.276 DBG] ActionQueue :: 'Default' (00000000-0000-0000-0000-000000000000) :: Enqueue action 8f7732b9-751d-478e-9248-7b4451145f77
[2026-02-18 23:29:47.276 DBG] ActionQueue :: 'Default' (00000000-0000-0000-0000-000000000000) :: Handling queue
[2026-02-18 23:29:47.276 DBG] ActionQueue :: 'Default' (00000000-0000-0000-0000-000000000000) :: Performing non-blocking 'Awes0meN81' (8f7732b9-751d-478e-9248-7b4451145f77, 44ae55d5-7b0b-457f-89d5-6ed2cf2e2dc1), initiated by atomsmasher101 with 56 arguments
[2026-02-18 23:29:47.278 DBG] ActionDispatcher :: Queueing 'keek_z' (3b101e4e-bbac-45ac-80a4-9c98901f194f, TwitchChatMessage) to 'Default' (00000000-0000-0000-0000-000000000000), initiated by atomsmasher101 with 55 arguments
[2026-02-18 23:29:47.278 DBG] ActionQueue :: 'Default' (00000000-0000-0000-0000-000000000000) :: Enqueue action 3b101e4e-bbac-45ac-80a4-9c98901f194f
[2026-02-18 23:29:47.278 DBG] ActionQueue :: 'Default' (00000000-0000-0000-0000-000000000000) :: Handling queue
[2026-02-18 23:29:47.278 DBG] ActionQueue :: 'Default' (00000000-0000-0000-0000-000000000000) :: Performing non-blocking 'keek_z' (3b101e4e-bbac-45ac-80a4-9c98901f194f, b28d7d98-674a-4917-aa43-9761efd8cf8d), initiated by atomsmasher101 with 56 arguments
[2026-02-18 23:29:47.330 DBG] ActionDispatcher :: Queueing 'Cousin' (5f547625-b177-4cd7-bf87-637602bafed8, CommandTriggered) to 'Default' (00000000-0000-0000-0000-000000000000), initiated by atomsmasher101 with 43 arguments
[2026-02-18 23:29:47.330 DBG] ActionQueue :: 'Default' (00000000-0000-0000-0000-000000000000) :: Enqueue action 5f547625-b177-4cd7-bf87-637602bafed8
[2026-02-18 23:29:47.330 DBG] ActionQueue :: 'Default' (00000000-0000-0000-0000-000000000000) :: Handling queue
[2026-02-18 23:29:47.330 DBG] ActionQueue :: 'Default' (00000000-0000-0000-0000-000000000000) :: Performing non-blocking 'Cousin' (5f547625-b177-4cd7-bf87-637602bafed8, e68d04c5-961c-4635-986a-f7922f5785a7), initiated by atomsmasher101 with 44 arguments
[2026-02-18 23:29:47.570 DBG] InlineCode :: Running default entry point from instance 'bf8be73e-c529-42f7-b024-b93465fd8554'
[2026-02-18 23:29:47.736 DBG] ActionDispatcher :: Queueing 'SimpleHero09' (0d274ee2-adb7-4948-9780-719a8de618d4, TwitchChatMessage) to 'Default' (00000000-0000-0000-0000-000000000000), initiated by atomsmasherbot with 139 arguments
[2026-02-18 23:29:47.736 DBG] ActionQueue :: 'Default' (00000000-0000-0000-0000-000000000000) :: Enqueue action 0d274ee2-adb7-4948-9780-719a8de618d4
[2026-02-18 23:29:47.736 DBG] ActionQueue :: 'Default' (00000000-0000-0000-0000-000000000000) :: Handling queue
[2026-02-18 23:29:47.737 DBG] ActionQueue :: 'Default' (00000000-0000-0000-0000-000000000000) :: Performing non-blocking 'SimpleHero09' (0d274ee2-adb7-4948-9780-719a8de618d4, d80dd4e9-0a1c-45cb-adbb-d8a7101c4bfe), initiated by atomsmasherbot with 140 arguments
[2026-02-18 23:29:47.738 DBG] ActionDispatcher :: Queueing 'TheMediocreLlama' (03f8a7a3-f259-47c1-a5f6-2f7ec12e23c6, TwitchChatMessage) to 'Default' (00000000-0000-0000-0000-000000000000), initiated by atomsmasherbot with 139 arguments
[2026-02-18 23:29:47.738 DBG] ActionQueue :: 'Default' (00000000-0000-0000-0000-000000000000) :: Enqueue action 03f8a7a3-f259-47c1-a5f6-2f7ec12e23c6
[2026-02-18 23:29:47.738 DBG] ActionQueue :: 'Default' (00000000-0000-0000-0000-000000000000) :: Handling queue
[2026-02-18 23:29:47.738 DBG] ActionQueue :: 'Default' (00000000-0000-0000-0000-000000000000) :: Performing non-blocking 'TheMediocreLlama' (03f8a7a3-f259-47c1-a5f6-2f7ec12e23c6, 2f79923f-0e10-449d-9135-103de206fc6d), initiated by atomsmasherbot with 140 arguments
[2026-02-18 23:29:47.740 DBG] ActionDispatcher :: Queueing 'Flaurety' (53e7be3d-3ae9-4e9f-ae66-00df77662785, TwitchChatMessage) to 'Default' (00000000-0000-0000-0000-000000000000), initiated by atomsmasherbot with 139 arguments
[2026-02-18 23:29:47.740 DBG] ActionQueue :: 'Default' (00000000-0000-0000-0000-000000000000) :: Enqueue action 53e7be3d-3ae9-4e9f-ae66-00df77662785
[2026-02-18 23:29:47.740 DBG] ActionQueue :: 'Default' (00000000-0000-0000-0000-000000000000) :: Handling queue
[2026-02-18 23:29:47.740 DBG] ActionQueue :: 'Default' (00000000-0000-0000-0000-000000000000) :: Performing non-blocking 'Flaurety' (53e7be3d-3ae9-4e9f-ae66-00df77662785, d70c1673-e765-4956-8fb5-62109cd09af3), initiated by atomsmasherbot with 140 arguments
[2026-02-18 23:29:47.742 DBG] ActionDispatcher :: Queueing 'VolanRadooga' (72a5f04d-5499-4c3e-b172-f8a03de49d0b, TwitchChatMessage) to 'Default' (00000000-0000-0000-0000-000000000000), initiated by atomsmasherbot with 139 arguments
[2026-02-18 23:29:47.742 DBG] ActionQueue :: 'Default' (00000000-0000-0000-0000-000000000000) :: Enqueue action 72a5f04d-5499-4c3e-b172-f8a03de49d0b
[2026-02-18 23:29:47.742 DBG] ActionQueue :: 'Default' (00000000-0000-0000-0000-000000000000) :: Handling queue
[2026-02-18 23:29:47.742 DBG] ActionQueue :: 'Default' (00000000-0000-0000-0000-000000000000) :: Performing non-blocking 'VolanRadooga' (72a5f04d-5499-4c3e-b172-f8a03de49d0b, 38b177c5-ba8c-49bc-b6d9-fbc5a0d5c5c6), initiated by atomsmasherbot with 140 arguments
[2026-02-18 23:29:47.743 DBG] ActionDispatcher :: Queueing 'Pratchetty' (4004afd7-6782-4f82-a057-433804324454, TwitchChatMessage) to 'Default' (00000000-0000-0000-0000-000000000000), initiated by atomsmasherbot with 139 arguments
[2026-02-18 23:29:47.743 DBG] ActionQueue :: 'Default' (00000000-0000-0000-0000-000000000000) :: Enqueue action 4004afd7-6782-4f82-a057-433804324454
[2026-02-18 23:29:47.743 DBG] ActionQueue :: 'Default' (00000000-0000-0000-0000-000000000000) :: Handling queue
[2026-02-18 23:29:47.743 DBG] ActionQueue :: 'Default' (00000000-0000-0000-0000-000000000000) :: Performing non-blocking 'Pratchetty' (4004afd7-6782-4f82-a057-433804324454, 6d9b412e-5124-4313-95e8-72326483e35a), initiated by atomsmasherbot with 140 arguments
[2026-02-18 23:29:47.745 DBG] ActionDispatcher :: Queueing 'Birdie_223' (f25861ac-4ad8-49c6-b2a1-6b8504cf92af, TwitchChatMessage) to 'Default' (00000000-0000-0000-0000-000000000000), initiated by atomsmasherbot with 139 arguments
[2026-02-18 23:29:47.745 DBG] ActionQueue :: 'Default' (00000000-0000-0000-0000-000000000000) :: Enqueue action f25861ac-4ad8-49c6-b2a1-6b8504cf92af
[2026-02-18 23:29:47.745 DBG] ActionQueue :: 'Default' (00000000-0000-0000-0000-000000000000) :: Handling queue
[2026-02-18 23:29:47.745 DBG] ActionQueue :: 'Default' (00000000-0000-0000-0000-000000000000) :: Performing non-blocking 'Birdie_223' (f25861ac-4ad8-49c6-b2a1-6b8504cf92af, 4091e571-0931-463d-bbce-a316fd7e0ba4), initiated by atomsmasherbot with 140 arguments
[2026-02-18 23:29:47.746 DBG] ActionDispatcher :: Queueing 'Awes0meN81' (8f7732b9-751d-478e-9248-7b4451145f77, TwitchChatMessage) to 'Default' (00000000-0000-0000-0000-000000000000), initiated by atomsmasherbot with 139 arguments
[2026-02-18 23:29:47.746 DBG] ActionQueue :: 'Default' (00000000-0000-0000-0000-000000000000) :: Enqueue action 8f7732b9-751d-478e-9248-7b4451145f77
[2026-02-18 23:29:47.746 DBG] ActionQueue :: 'Default' (00000000-0000-0000-0000-000000000000) :: Handling queue
[2026-02-18 23:29:47.746 DBG] ActionQueue :: 'Default' (00000000-0000-0000-0000-000000000000) :: Performing non-blocking 'Awes0meN81' (8f7732b9-751d-478e-9248-7b4451145f77, 4508b972-dd9d-45b7-aba5-431cc2d314a1), initiated by atomsmasherbot with 140 arguments
[2026-02-18 23:29:47.748 DBG] ActionDispatcher :: Queueing 'keek_z' (3b101e4e-bbac-45ac-80a4-9c98901f194f, TwitchChatMessage) to 'Default' (00000000-0000-0000-0000-000000000000), initiated by atomsmasherbot with 139 arguments
[2026-02-18 23:29:47.748 DBG] ActionQueue :: 'Default' (00000000-0000-0000-0000-000000000000) :: Enqueue action 3b101e4e-bbac-45ac-80a4-9c98901f194f
[2026-02-18 23:29:47.748 DBG] ActionQueue :: 'Default' (00000000-0000-0000-0000-000000000000) :: Handling queue
[2026-02-18 23:29:47.748 DBG] ActionQueue :: 'Default' (00000000-0000-0000-0000-000000000000) :: Performing non-blocking 'keek_z' (3b101e4e-bbac-45ac-80a4-9c98901f194f, 6b26d27b-a75a-4d82-b919-00c60d559b18), initiated by atomsmasherbot with 140 arguments
[2026-02-18 23:30:01.659 DBG] ViewerRepo :: UpdatePresence(twitch, 5), 0.0294ms
[2026-02-18 23:30:01.735 DBG] TwitchService :: Presence Timer :: Artificially updated presence with a threshold of 5 minutes (76.868ms)
[2026-02-18 23:31:01.663 DBG] ViewerRepo :: UpdatePresence(twitch, 5), 0.0299ms
[2026-02-18 23:31:01.742 DBG] TwitchService :: Presence Timer :: Artificially updated presence with a threshold of 5 minutes (78.7002ms)
[2026-02-18 23:32:01.670 DBG] ViewerRepo :: UpdatePresence(twitch, 5), 0.0303ms
[2026-02-18 23:32:01.743 DBG] TwitchService :: Presence Timer :: Artificially updated presence with a threshold of 5 minutes (73.2273ms)
[2026-02-18 23:32:54.670 DBG] Credits :: Time to save 22.8748ms
[2026-02-18 23:32:58.596 DBG] AutoSave :: Auto saving settings...
[2026-02-18 23:32:58.616 DBG] Users :: Time to save 21.3532ms
[2026-02-18 23:32:58.639 DBG] Actions :: Time to save 23.5217ms
[2026-02-18 23:32:58.658 DBG] Commands :: Time to save 18.6174ms
[2026-02-18 23:32:58.679 DBG] Twitch Rewards :: Time to save 19.4579ms
[2026-02-18 23:32:58.696 DBG] Midi :: Time to save 16.7478ms
[2026-02-18 23:32:58.707 DBG] OBS Settings :: Time to save 11.5682ms
[2026-02-18 23:32:58.717 DBG] MeldStudio Settings :: Time to save 11.1454ms
[2026-02-18 23:32:58.734 DBG] Credits :: Time to save 15.9019ms
[2026-02-18 23:32:58.753 DBG] Quotes :: Time to save 18.8966ms
[2026-02-18 23:32:58.818 DBG] Config :: Time to save 21.1861ms
[2026-02-18 23:33:01.684 DBG] ViewerRepo :: UpdatePresence(twitch, 5), 0.0318ms
[2026-02-18 23:33:01.763 DBG] TwitchService :: Presence Timer :: Artificially updated presence with a threshold of 5 minutes (79.2271ms)
[2026-02-18 23:34:01.697 DBG] ViewerRepo :: UpdatePresence(twitch, 5), 0.0314ms
[2026-02-18 23:34:01.773 DBG] TwitchService :: Presence Timer :: Artificially updated presence with a threshold of 5 minutes (76.3019ms)
[2026-02-18 23:35:01.706 DBG] ViewerRepo :: UpdatePresence(twitch, 5), 0.0383ms
[2026-02-18 23:35:01.780 DBG] TwitchService :: Presence Timer :: Artificially updated presence with a threshold of 5 minutes (74.4344ms)
[2026-02-18 23:36:01.709 DBG] ViewerRepo :: UpdatePresence(twitch, 5), 0.031ms
[2026-02-18 23:36:01.784 DBG] TwitchService :: Presence Timer :: Artificially updated presence with a threshold of 5 minutes (75.5562ms)
[2026-02-18 23:37:01.711 DBG] ViewerRepo :: UpdatePresence(twitch, 5), 0.0325ms
[2026-02-18 23:37:01.786 DBG] TwitchService :: Presence Timer :: Artificially updated presence with a threshold of 5 minutes (75.1717ms)
[2026-02-18 23:37:54.322 DBG] ActionDispatcher :: Queueing 'Sub Goal' (361aa588-5f31-4e19-b8a5-099cae52479d, TimedAction) to 'Default' (00000000-0000-0000-0000-000000000000), with 11 arguments
[2026-02-18 23:37:54.322 DBG] ActionQueue :: 'Default' (00000000-0000-0000-0000-000000000000) :: Enqueue action 361aa588-5f31-4e19-b8a5-099cae52479d
[2026-02-18 23:37:54.322 DBG] ActionQueue :: 'Default' (00000000-0000-0000-0000-000000000000) :: Handling queue
[2026-02-18 23:37:54.322 DBG] ActionQueue :: 'Default' (00000000-0000-0000-0000-000000000000) :: Performing non-blocking 'Sub Goal' (361aa588-5f31-4e19-b8a5-099cae52479d, 90d740a4-b9a5-4e70-9ddb-d1f94e021a8e)
[2026-02-18 23:37:54.676 DBG] Credits :: Time to save 13.0433ms
[2026-02-18 23:37:58.846 DBG] AutoSave :: Auto saving settings...
[2026-02-18 23:37:58.867 DBG] Users :: Time to save 21.581ms
[2026-02-18 23:37:58.890 DBG] Actions :: Time to save 23.4632ms
[2026-02-18 23:37:58.904 DBG] Commands :: Time to save 12.9967ms
[2026-02-18 23:37:58.920 DBG] Twitch Rewards :: Time to save 16.4811ms
[2026-02-18 23:37:58.936 DBG] Midi :: Time to save 15.6992ms
[2026-02-18 23:37:58.950 DBG] OBS Settings :: Time to save 14.8771ms
[2026-02-18 23:37:58.966 DBG] MeldStudio Settings :: Time to save 15.4199ms
[2026-02-18 23:37:58.982 DBG] Credits :: Time to save 15.7678ms
[2026-02-18 23:37:58.999 DBG] Quotes :: Time to save 17.0432ms
[2026-02-18 23:37:59.063 DBG] Config :: Time to save 14.149ms
[2026-02-18 23:38:01.716 DBG] ViewerRepo :: UpdatePresence(twitch, 5), 0.0342ms
[2026-02-18 23:38:01.792 DBG] TwitchService :: Presence Timer :: Artificially updated presence with a threshold of 5 minutes (76.54ms)
[2026-02-18 23:39:01.728 DBG] ViewerRepo :: UpdatePresence(twitch, 5), 0.0327ms
[2026-02-18 23:39:01.806 DBG] TwitchService :: Presence Timer :: Artificially updated presence with a threshold of 5 minutes (78.3533ms)
[2026-02-18 23:40:01.730 DBG] ViewerRepo :: UpdatePresence(twitch, 5), 0.0515ms
[2026-02-18 23:40:01.808 DBG] TwitchService :: Presence Timer :: Artificially updated presence with a threshold of 5 minutes (77.9842ms)
[2026-02-18 23:40:12.969 DBG] InlineCode :: Creating and compiling instance for ''
[2026-02-18 23:40:26.213 DBG] ActionDispatcher :: Queueing 'SimpleHero09' (0d274ee2-adb7-4948-9780-719a8de618d4, TwitchChatMessage) to 'Default' (00000000-0000-0000-0000-000000000000), initiated by atomsmasher101 with 55 arguments
[2026-02-18 23:40:26.213 DBG] ActionQueue :: 'Default' (00000000-0000-0000-0000-000000000000) :: Enqueue action 0d274ee2-adb7-4948-9780-719a8de618d4
[2026-02-18 23:40:26.213 DBG] ActionQueue :: 'Default' (00000000-0000-0000-0000-000000000000) :: Handling queue
[2026-02-18 23:40:26.213 DBG] ActionQueue :: 'Default' (00000000-0000-0000-0000-000000000000) :: Performing non-blocking 'SimpleHero09' (0d274ee2-adb7-4948-9780-719a8de618d4, 7eabcd07-fa61-4f02-a30f-81eab7bd65af), initiated by atomsmasher101 with 56 arguments
[2026-02-18 23:40:26.214 DBG] ActionDispatcher :: Queueing 'TheMediocreLlama' (03f8a7a3-f259-47c1-a5f6-2f7ec12e23c6, TwitchChatMessage) to 'Default' (00000000-0000-0000-0000-000000000000), initiated by atomsmasher101 with 55 arguments
[2026-02-18 23:40:26.214 DBG] ActionQueue :: 'Default' (00000000-0000-0000-0000-000000000000) :: Enqueue action 03f8a7a3-f259-47c1-a5f6-2f7ec12e23c6
[2026-02-18 23:40:26.214 DBG] ActionQueue :: 'Default' (00000000-0000-0000-0000-000000000000) :: Handling queue
[2026-02-18 23:40:26.214 DBG] ActionQueue :: 'Default' (00000000-0000-0000-0000-000000000000) :: Performing non-blocking 'TheMediocreLlama' (03f8a7a3-f259-47c1-a5f6-2f7ec12e23c6, 5c1dd78f-6768-45fa-aec2-68e67f6c3260), initiated by atomsmasher101 with 56 arguments
[2026-02-18 23:40:26.216 DBG] ActionDispatcher :: Queueing 'Flaurety' (53e7be3d-3ae9-4e9f-ae66-00df77662785, TwitchChatMessage) to 'Default' (00000000-0000-0000-0000-000000000000), initiated by atomsmasher101 with 55 arguments
[2026-02-18 23:40:26.216 DBG] ActionQueue :: 'Default' (00000000-0000-0000-0000-000000000000) :: Enqueue action 53e7be3d-3ae9-4e9f-ae66-00df77662785
[2026-02-18 23:40:26.216 DBG] ActionQueue :: 'Default' (00000000-0000-0000-0000-000000000000) :: Handling queue
[2026-02-18 23:40:26.216 DBG] ActionQueue :: 'Default' (00000000-0000-0000-0000-000000000000) :: Performing non-blocking 'Flaurety' (53e7be3d-3ae9-4e9f-ae66-00df77662785, 82b961f2-9457-44eb-9c20-65861b60d294), initiated by atomsmasher101 with 56 arguments
[2026-02-18 23:40:26.217 DBG] ActionDispatcher :: Queueing 'VolanRadooga' (72a5f04d-5499-4c3e-b172-f8a03de49d0b, TwitchChatMessage) to 'Default' (00000000-0000-0000-0000-000000000000), initiated by atomsmasher101 with 55 arguments
[2026-02-18 23:40:26.217 DBG] ActionQueue :: 'Default' (00000000-0000-0000-0000-000000000000) :: Enqueue action 72a5f04d-5499-4c3e-b172-f8a03de49d0b
[2026-02-18 23:40:26.217 DBG] ActionQueue :: 'Default' (00000000-0000-0000-0000-000000000000) :: Handling queue
[2026-02-18 23:40:26.217 DBG] ActionQueue :: 'Default' (00000000-0000-0000-0000-000000000000) :: Performing non-blocking 'VolanRadooga' (72a5f04d-5499-4c3e-b172-f8a03de49d0b, 61323e63-2e5e-45c2-a3f2-66d39bccddc6), initiated by atomsmasher101 with 56 arguments
[2026-02-18 23:40:26.219 DBG] ActionDispatcher :: Queueing 'Pratchetty' (4004afd7-6782-4f82-a057-433804324454, TwitchChatMessage) to 'Default' (00000000-0000-0000-0000-000000000000), initiated by atomsmasher101 with 55 arguments
[2026-02-18 23:40:26.219 DBG] ActionQueue :: 'Default' (00000000-0000-0000-0000-000000000000) :: Enqueue action 4004afd7-6782-4f82-a057-433804324454
[2026-02-18 23:40:26.219 DBG] ActionQueue :: 'Default' (00000000-0000-0000-0000-000000000000) :: Handling queue
[2026-02-18 23:40:26.219 DBG] ActionQueue :: 'Default' (00000000-0000-0000-0000-000000000000) :: Performing non-blocking 'Pratchetty' (4004afd7-6782-4f82-a057-433804324454, 9f318726-8cb4-48bc-a1e0-b88bbbb46fb4), initiated by atomsmasher101 with 56 arguments
[2026-02-18 23:40:26.221 DBG] ActionDispatcher :: Queueing 'Birdie_223' (f25861ac-4ad8-49c6-b2a1-6b8504cf92af, TwitchChatMessage) to 'Default' (00000000-0000-0000-0000-000000000000), initiated by atomsmasher101 with 55 arguments
[2026-02-18 23:40:26.221 DBG] ActionQueue :: 'Default' (00000000-0000-0000-0000-000000000000) :: Enqueue action f25861ac-4ad8-49c6-b2a1-6b8504cf92af
[2026-02-18 23:40:26.221 DBG] ActionQueue :: 'Default' (00000000-0000-0000-0000-000000000000) :: Handling queue
[2026-02-18 23:40:26.221 DBG] ActionQueue :: 'Default' (00000000-0000-0000-0000-000000000000) :: Performing non-blocking 'Birdie_223' (f25861ac-4ad8-49c6-b2a1-6b8504cf92af, 03e1e70e-01a9-42f9-89ed-3b7e2cbdcb4e), initiated by atomsmasher101 with 56 arguments
[2026-02-18 23:40:26.223 DBG] ActionDispatcher :: Queueing 'Awes0meN81' (8f7732b9-751d-478e-9248-7b4451145f77, TwitchChatMessage) to 'Default' (00000000-0000-0000-0000-000000000000), initiated by atomsmasher101 with 55 arguments
[2026-02-18 23:40:26.223 DBG] ActionQueue :: 'Default' (00000000-0000-0000-0000-000000000000) :: Enqueue action 8f7732b9-751d-478e-9248-7b4451145f77
[2026-02-18 23:40:26.223 DBG] ActionQueue :: 'Default' (00000000-0000-0000-0000-000000000000) :: Handling queue
[2026-02-18 23:40:26.223 DBG] ActionQueue :: 'Default' (00000000-0000-0000-0000-000000000000) :: Performing non-blocking 'Awes0meN81' (8f7732b9-751d-478e-9248-7b4451145f77, 78ca514f-b733-4d31-b179-1ea44cc0670a), initiated by atomsmasher101 with 56 arguments
[2026-02-18 23:40:26.225 DBG] ActionDispatcher :: Queueing 'keek_z' (3b101e4e-bbac-45ac-80a4-9c98901f194f, TwitchChatMessage) to 'Default' (00000000-0000-0000-0000-000000000000), initiated by atomsmasher101 with 55 arguments
[2026-02-18 23:40:26.225 DBG] ActionQueue :: 'Default' (00000000-0000-0000-0000-000000000000) :: Enqueue action 3b101e4e-bbac-45ac-80a4-9c98901f194f
[2026-02-18 23:40:26.225 DBG] ActionQueue :: 'Default' (00000000-0000-0000-0000-000000000000) :: Handling queue
[2026-02-18 23:40:26.225 DBG] ActionQueue :: 'Default' (00000000-0000-0000-0000-000000000000) :: Performing non-blocking 'keek_z' (3b101e4e-bbac-45ac-80a4-9c98901f194f, 3d0e3b1b-4dee-4755-b2c3-43cb3257d0fc), initiated by atomsmasher101 with 56 arguments
[2026-02-18 23:40:26.280 DBG] ActionDispatcher :: Queueing 'Cousin Time' (e607eaaf-239d-4cf1-939c-8ef13a5506c2, CommandTriggered) to 'Default' (00000000-0000-0000-0000-000000000000), initiated by atomsmasher101 with 43 arguments
[2026-02-18 23:40:26.280 DBG] ActionQueue :: 'Default' (00000000-0000-0000-0000-000000000000) :: Enqueue action e607eaaf-239d-4cf1-939c-8ef13a5506c2
[2026-02-18 23:40:26.280 DBG] ActionQueue :: 'Default' (00000000-0000-0000-0000-000000000000) :: Handling queue
[2026-02-18 23:40:26.280 DBG] ActionQueue :: 'Default' (00000000-0000-0000-0000-000000000000) :: Performing non-blocking 'Cousin Time' (e607eaaf-239d-4cf1-939c-8ef13a5506c2, 7263c9c2-119f-495b-8e19-4583df12ce31), initiated by atomsmasher101 with 44 arguments
[2026-02-18 23:40:26.280 DBG] InlineCode :: Running default entry point from instance '5cc237ce-d89f-4ba4-9323-89c25b19c99b'
[2026-02-18 23:40:26.605 DBG] ActionDispatcher :: Queueing 'SimpleHero09' (0d274ee2-adb7-4948-9780-719a8de618d4, TwitchChatMessage) to 'Default' (00000000-0000-0000-0000-000000000000), initiated by atomsmasherbot with 85 arguments
[2026-02-18 23:40:26.605 DBG] ActionQueue :: 'Default' (00000000-0000-0000-0000-000000000000) :: Enqueue action 0d274ee2-adb7-4948-9780-719a8de618d4
[2026-02-18 23:40:26.605 DBG] ActionQueue :: 'Default' (00000000-0000-0000-0000-000000000000) :: Handling queue
[2026-02-18 23:40:26.605 DBG] ActionQueue :: 'Default' (00000000-0000-0000-0000-000000000000) :: Performing non-blocking 'SimpleHero09' (0d274ee2-adb7-4948-9780-719a8de618d4, 589f29e7-50be-48e9-a689-4d8ad29dfbdd), initiated by atomsmasherbot with 86 arguments
[2026-02-18 23:40:26.606 DBG] ActionDispatcher :: Queueing 'TheMediocreLlama' (03f8a7a3-f259-47c1-a5f6-2f7ec12e23c6, TwitchChatMessage) to 'Default' (00000000-0000-0000-0000-000000000000), initiated by atomsmasherbot with 85 arguments
[2026-02-18 23:40:26.607 DBG] ActionQueue :: 'Default' (00000000-0000-0000-0000-000000000000) :: Enqueue action 03f8a7a3-f259-47c1-a5f6-2f7ec12e23c6
[2026-02-18 23:40:26.607 DBG] ActionQueue :: 'Default' (00000000-0000-0000-0000-000000000000) :: Handling queue
[2026-02-18 23:40:26.607 DBG] ActionQueue :: 'Default' (00000000-0000-0000-0000-000000000000) :: Performing non-blocking 'TheMediocreLlama' (03f8a7a3-f259-47c1-a5f6-2f7ec12e23c6, 824a87ff-f117-4b98-9282-decb0962058a), initiated by atomsmasherbot with 86 arguments
[2026-02-18 23:40:26.608 DBG] ActionDispatcher :: Queueing 'Flaurety' (53e7be3d-3ae9-4e9f-ae66-00df77662785, TwitchChatMessage) to 'Default' (00000000-0000-0000-0000-000000000000), initiated by atomsmasherbot with 85 arguments
[2026-02-18 23:40:26.608 DBG] ActionQueue :: 'Default' (00000000-0000-0000-0000-000000000000) :: Enqueue action 53e7be3d-3ae9-4e9f-ae66-00df77662785
[2026-02-18 23:40:26.608 DBG] ActionQueue :: 'Default' (00000000-0000-0000-0000-000000000000) :: Handling queue
[2026-02-18 23:40:26.608 DBG] ActionQueue :: 'Default' (00000000-0000-0000-0000-000000000000) :: Performing non-blocking 'Flaurety' (53e7be3d-3ae9-4e9f-ae66-00df77662785, d44a3627-5449-4136-b9ee-578ddfe5fdac), initiated by atomsmasherbot with 86 arguments
[2026-02-18 23:40:26.610 DBG] ActionDispatcher :: Queueing 'VolanRadooga' (72a5f04d-5499-4c3e-b172-f8a03de49d0b, TwitchChatMessage) to 'Default' (00000000-0000-0000-0000-000000000000), initiated by atomsmasherbot with 85 arguments
[2026-02-18 23:40:26.610 DBG] ActionQueue :: 'Default' (00000000-0000-0000-0000-000000000000) :: Enqueue action 72a5f04d-5499-4c3e-b172-f8a03de49d0b
[2026-02-18 23:40:26.610 DBG] ActionQueue :: 'Default' (00000000-0000-0000-0000-000000000000) :: Handling queue
[2026-02-18 23:40:26.610 DBG] ActionQueue :: 'Default' (00000000-0000-0000-0000-000000000000) :: Performing non-blocking 'VolanRadooga' (72a5f04d-5499-4c3e-b172-f8a03de49d0b, d8421208-8d71-43e3-b859-46fad3684e23), initiated by atomsmasherbot with 86 arguments
[2026-02-18 23:40:26.612 DBG] ActionDispatcher :: Queueing 'Pratchetty' (4004afd7-6782-4f82-a057-433804324454, TwitchChatMessage) to 'Default' (00000000-0000-0000-0000-000000000000), initiated by atomsmasherbot with 85 arguments
[2026-02-18 23:40:26.612 DBG] ActionQueue :: 'Default' (00000000-0000-0000-0000-000000000000) :: Enqueue action 4004afd7-6782-4f82-a057-433804324454
[2026-02-18 23:40:26.612 DBG] ActionQueue :: 'Default' (00000000-0000-0000-0000-000000000000) :: Handling queue
[2026-02-18 23:40:26.612 DBG] ActionQueue :: 'Default' (00000000-0000-0000-0000-000000000000) :: Performing non-blocking 'Pratchetty' (4004afd7-6782-4f82-a057-433804324454, 029ec16e-779f-4ec4-af5c-4e77f6e0beb0), initiated by atomsmasherbot with 86 arguments
[2026-02-18 23:40:26.614 DBG] ActionDispatcher :: Queueing 'Birdie_223' (f25861ac-4ad8-49c6-b2a1-6b8504cf92af, TwitchChatMessage) to 'Default' (00000000-0000-0000-0000-000000000000), initiated by atomsmasherbot with 85 arguments
[2026-02-18 23:40:26.614 DBG] ActionQueue :: 'Default' (00000000-0000-0000-0000-000000000000) :: Enqueue action f25861ac-4ad8-49c6-b2a1-6b8504cf92af
[2026-02-18 23:40:26.614 DBG] ActionQueue :: 'Default' (00000000-0000-0000-0000-000000000000) :: Handling queue
[2026-02-18 23:40:26.614 DBG] ActionQueue :: 'Default' (00000000-0000-0000-0000-000000000000) :: Performing non-blocking 'Birdie_223' (f25861ac-4ad8-49c6-b2a1-6b8504cf92af, 8d2de5ab-a7cf-4eae-9fef-da5ef2ec9c85), initiated by atomsmasherbot with 86 arguments
[2026-02-18 23:40:26.615 DBG] ActionDispatcher :: Queueing 'Awes0meN81' (8f7732b9-751d-478e-9248-7b4451145f77, TwitchChatMessage) to 'Default' (00000000-0000-0000-0000-000000000000), initiated by atomsmasherbot with 85 arguments
[2026-02-18 23:40:26.615 DBG] ActionQueue :: 'Default' (00000000-0000-0000-0000-000000000000) :: Enqueue action 8f7732b9-751d-478e-9248-7b4451145f77
[2026-02-18 23:40:26.615 DBG] ActionQueue :: 'Default' (00000000-0000-0000-0000-000000000000) :: Handling queue
[2026-02-18 23:40:26.615 DBG] ActionQueue :: 'Default' (00000000-0000-0000-0000-000000000000) :: Performing non-blocking 'Awes0meN81' (8f7732b9-751d-478e-9248-7b4451145f77, 0983d6f0-a898-4ce5-a37b-e6f9c4ba16f1), initiated by atomsmasherbot with 86 arguments
[2026-02-18 23:40:26.623 DBG] ActionDispatcher :: Queueing 'keek_z' (3b101e4e-bbac-45ac-80a4-9c98901f194f, TwitchChatMessage) to 'Default' (00000000-0000-0000-0000-000000000000), initiated by atomsmasherbot with 85 arguments
[2026-02-18 23:40:26.623 DBG] ActionQueue :: 'Default' (00000000-0000-0000-0000-000000000000) :: Enqueue action 3b101e4e-bbac-45ac-80a4-9c98901f194f
[2026-02-18 23:40:26.623 DBG] ActionQueue :: 'Default' (00000000-0000-0000-0000-000000000000) :: Handling queue
[2026-02-18 23:40:26.623 DBG] ActionQueue :: 'Default' (00000000-0000-0000-0000-000000000000) :: Performing non-blocking 'keek_z' (3b101e4e-bbac-45ac-80a4-9c98901f194f, c8b66dc4-0aef-47ed-b5b0-10d006e0ecdb), initiated by atomsmasherbot with 86 arguments
[2026-02-18 23:41:01.744 DBG] ViewerRepo :: UpdatePresence(twitch, 5), 0.0313ms
[2026-02-18 23:41:01.823 DBG] TwitchService :: Presence Timer :: Artificially updated presence with a threshold of 5 minutes (78.2988ms)
[2026-02-18 23:41:31.425 DBG] ActionDispatcher :: Queueing 'SimpleHero09' (0d274ee2-adb7-4948-9780-719a8de618d4, TwitchChatMessage) to 'Default' (00000000-0000-0000-0000-000000000000), initiated by atomsmasher101 with 55 arguments
[2026-02-18 23:41:31.425 DBG] ActionQueue :: 'Default' (00000000-0000-0000-0000-000000000000) :: Enqueue action 0d274ee2-adb7-4948-9780-719a8de618d4
[2026-02-18 23:41:31.425 DBG] ActionQueue :: 'Default' (00000000-0000-0000-0000-000000000000) :: Handling queue
[2026-02-18 23:41:31.425 DBG] ActionQueue :: 'Default' (00000000-0000-0000-0000-000000000000) :: Performing non-blocking 'SimpleHero09' (0d274ee2-adb7-4948-9780-719a8de618d4, 4aa672ae-0f2f-407b-8e6a-d5f6fce116bd), initiated by atomsmasher101 with 56 arguments
[2026-02-18 23:41:31.426 DBG] ActionDispatcher :: Queueing 'TheMediocreLlama' (03f8a7a3-f259-47c1-a5f6-2f7ec12e23c6, TwitchChatMessage) to 'Default' (00000000-0000-0000-0000-000000000000), initiated by atomsmasher101 with 55 arguments
[2026-02-18 23:41:31.426 DBG] ActionQueue :: 'Default' (00000000-0000-0000-0000-000000000000) :: Enqueue action 03f8a7a3-f259-47c1-a5f6-2f7ec12e23c6
[2026-02-18 23:41:31.426 DBG] ActionQueue :: 'Default' (00000000-0000-0000-0000-000000000000) :: Handling queue
[2026-02-18 23:41:31.427 DBG] ActionQueue :: 'Default' (00000000-0000-0000-0000-000000000000) :: Performing non-blocking 'TheMediocreLlama' (03f8a7a3-f259-47c1-a5f6-2f7ec12e23c6, 1bffe093-3535-44f7-aca4-1c66744ee70d), initiated by atomsmasher101 with 56 arguments
[2026-02-18 23:41:31.428 DBG] ActionDispatcher :: Queueing 'Flaurety' (53e7be3d-3ae9-4e9f-ae66-00df77662785, TwitchChatMessage) to 'Default' (00000000-0000-0000-0000-000000000000), initiated by atomsmasher101 with 55 arguments
[2026-02-18 23:41:31.428 DBG] ActionQueue :: 'Default' (00000000-0000-0000-0000-000000000000) :: Enqueue action 53e7be3d-3ae9-4e9f-ae66-00df77662785
[2026-02-18 23:41:31.428 DBG] ActionQueue :: 'Default' (00000000-0000-0000-0000-000000000000) :: Handling queue
[2026-02-18 23:41:31.428 DBG] ActionQueue :: 'Default' (00000000-0000-0000-0000-000000000000) :: Performing non-blocking 'Flaurety' (53e7be3d-3ae9-4e9f-ae66-00df77662785, 164471e2-8ddb-43c0-bb57-0e3a258caf4c), initiated by atomsmasher101 with 56 arguments
[2026-02-18 23:41:31.430 DBG] ActionDispatcher :: Queueing 'VolanRadooga' (72a5f04d-5499-4c3e-b172-f8a03de49d0b, TwitchChatMessage) to 'Default' (00000000-0000-0000-0000-000000000000), initiated by atomsmasher101 with 55 arguments
[2026-02-18 23:41:31.430 DBG] ActionQueue :: 'Default' (00000000-0000-0000-0000-000000000000) :: Enqueue action 72a5f04d-5499-4c3e-b172-f8a03de49d0b
[2026-02-18 23:41:31.430 DBG] ActionQueue :: 'Default' (00000000-0000-0000-0000-000000000000) :: Handling queue
[2026-02-18 23:41:31.430 DBG] ActionQueue :: 'Default' (00000000-0000-0000-0000-000000000000) :: Performing non-blocking 'VolanRadooga' (72a5f04d-5499-4c3e-b172-f8a03de49d0b, e76bc03d-62ad-49b1-a93a-9fd6f3784232), initiated by atomsmasher101 with 56 arguments
[2026-02-18 23:41:31.432 DBG] ActionDispatcher :: Queueing 'Pratchetty' (4004afd7-6782-4f82-a057-433804324454, TwitchChatMessage) to 'Default' (00000000-0000-0000-0000-000000000000), initiated by atomsmasher101 with 55 arguments
[2026-02-18 23:41:31.432 DBG] ActionQueue :: 'Default' (00000000-0000-0000-0000-000000000000) :: Enqueue action 4004afd7-6782-4f82-a057-433804324454
[2026-02-18 23:41:31.432 DBG] ActionQueue :: 'Default' (00000000-0000-0000-0000-000000000000) :: Handling queue
[2026-02-18 23:41:31.432 DBG] ActionQueue :: 'Default' (00000000-0000-0000-0000-000000000000) :: Performing non-blocking 'Pratchetty' (4004afd7-6782-4f82-a057-433804324454, 7370fda8-1890-4c99-a7fa-a6c3810a8f47), initiated by atomsmasher101 with 56 arguments
[2026-02-18 23:41:31.434 DBG] ActionDispatcher :: Queueing 'Birdie_223' (f25861ac-4ad8-49c6-b2a1-6b8504cf92af, TwitchChatMessage) to 'Default' (00000000-0000-0000-0000-000000000000), initiated by atomsmasher101 with 55 arguments
[2026-02-18 23:41:31.434 DBG] ActionQueue :: 'Default' (00000000-0000-0000-0000-000000000000) :: Enqueue action f25861ac-4ad8-49c6-b2a1-6b8504cf92af
[2026-02-18 23:41:31.434 DBG] ActionQueue :: 'Default' (00000000-0000-0000-0000-000000000000) :: Handling queue
[2026-02-18 23:41:31.434 DBG] ActionQueue :: 'Default' (00000000-0000-0000-0000-000000000000) :: Performing non-blocking 'Birdie_223' (f25861ac-4ad8-49c6-b2a1-6b8504cf92af, d7dba226-f1f6-4773-a65f-1cb5f6c03034), initiated by atomsmasher101 with 56 arguments
[2026-02-18 23:41:31.436 DBG] ActionDispatcher :: Queueing 'Awes0meN81' (8f7732b9-751d-478e-9248-7b4451145f77, TwitchChatMessage) to 'Default' (00000000-0000-0000-0000-000000000000), initiated by atomsmasher101 with 55 arguments
[2026-02-18 23:41:31.436 DBG] ActionQueue :: 'Default' (00000000-0000-0000-0000-000000000000) :: Enqueue action 8f7732b9-751d-478e-9248-7b4451145f77
[2026-02-18 23:41:31.436 DBG] ActionQueue :: 'Default' (00000000-0000-0000-0000-000000000000) :: Handling queue
[2026-02-18 23:41:31.436 DBG] ActionQueue :: 'Default' (00000000-0000-0000-0000-000000000000) :: Performing non-blocking 'Awes0meN81' (8f7732b9-751d-478e-9248-7b4451145f77, 4b582ff7-5bae-432c-9a85-68e8dc23d2f6), initiated by atomsmasher101 with 56 arguments
[2026-02-18 23:41:31.437 DBG] ActionDispatcher :: Queueing 'keek_z' (3b101e4e-bbac-45ac-80a4-9c98901f194f, TwitchChatMessage) to 'Default' (00000000-0000-0000-0000-000000000000), initiated by atomsmasher101 with 55 arguments
[2026-02-18 23:41:31.437 DBG] ActionQueue :: 'Default' (00000000-0000-0000-0000-000000000000) :: Enqueue action 3b101e4e-bbac-45ac-80a4-9c98901f194f
[2026-02-18 23:41:31.437 DBG] ActionQueue :: 'Default' (00000000-0000-0000-0000-000000000000) :: Handling queue
[2026-02-18 23:41:31.437 DBG] ActionQueue :: 'Default' (00000000-0000-0000-0000-000000000000) :: Performing non-blocking 'keek_z' (3b101e4e-bbac-45ac-80a4-9c98901f194f, 3cdfc7fa-c428-4814-95de-bd1242efccdd), initiated by atomsmasher101 with 56 arguments
[2026-02-18 23:41:31.483 DBG] ActionDispatcher :: Queueing 'Cousin Time' (e607eaaf-239d-4cf1-939c-8ef13a5506c2, CommandTriggered) to 'Default' (00000000-0000-0000-0000-000000000000), initiated by atomsmasher101 with 43 arguments
[2026-02-18 23:41:31.483 DBG] ActionQueue :: 'Default' (00000000-0000-0000-0000-000000000000) :: Enqueue action e607eaaf-239d-4cf1-939c-8ef13a5506c2
[2026-02-18 23:41:31.483 DBG] ActionQueue :: 'Default' (00000000-0000-0000-0000-000000000000) :: Handling queue
[2026-02-18 23:41:31.483 DBG] ActionQueue :: 'Default' (00000000-0000-0000-0000-000000000000) :: Performing non-blocking 'Cousin Time' (e607eaaf-239d-4cf1-939c-8ef13a5506c2, 0c24d6a9-5bd4-413c-9e22-801c770cb24c), initiated by atomsmasher101 with 44 arguments
[2026-02-18 23:41:31.484 DBG] InlineCode :: Code has been flagged as dirty for '', destroying instance
[2026-02-18 23:41:31.484 DBG] InlineCode :: Unloading 'e958a63a819642bdacb0cde710d32cf5'
[2026-02-18 23:41:31.510 DBG] InlineCode :: Creating and compiling instance for ''
[2026-02-18 23:41:31.591 DBG] InlineCode :: Running default entry point from instance 'f3529552-837b-4b6a-b9bb-8d2a322e45ef'
[2026-02-18 23:41:31.869 DBG] ActionDispatcher :: Queueing 'SimpleHero09' (0d274ee2-adb7-4948-9780-719a8de618d4, TwitchChatMessage) to 'Default' (00000000-0000-0000-0000-000000000000), initiated by atomsmasherbot with 85 arguments
[2026-02-18 23:41:31.869 DBG] ActionQueue :: 'Default' (00000000-0000-0000-0000-000000000000) :: Enqueue action 0d274ee2-adb7-4948-9780-719a8de618d4
[2026-02-18 23:41:31.869 DBG] ActionQueue :: 'Default' (00000000-0000-0000-0000-000000000000) :: Handling queue
[2026-02-18 23:41:31.870 DBG] ActionQueue :: 'Default' (00000000-0000-0000-0000-000000000000) :: Performing non-blocking 'SimpleHero09' (0d274ee2-adb7-4948-9780-719a8de618d4, bd263388-b15c-4951-ab9c-5729b806ddaf), initiated by atomsmasherbot with 86 arguments
[2026-02-18 23:41:31.870 DBG] ActionDispatcher :: Queueing 'TheMediocreLlama' (03f8a7a3-f259-47c1-a5f6-2f7ec12e23c6, TwitchChatMessage) to 'Default' (00000000-0000-0000-0000-000000000000), initiated by atomsmasherbot with 85 arguments
[2026-02-18 23:41:31.870 DBG] ActionQueue :: 'Default' (00000000-0000-0000-0000-000000000000) :: Enqueue action 03f8a7a3-f259-47c1-a5f6-2f7ec12e23c6
[2026-02-18 23:41:31.870 DBG] ActionQueue :: 'Default' (00000000-0000-0000-0000-000000000000) :: Handling queue
[2026-02-18 23:41:31.872 DBG] ActionQueue :: 'Default' (00000000-0000-0000-0000-000000000000) :: Performing non-blocking 'TheMediocreLlama' (03f8a7a3-f259-47c1-a5f6-2f7ec12e23c6, e314c5ea-e61d-46a0-8206-c47bec603aa8), initiated by atomsmasherbot with 86 arguments
[2026-02-18 23:41:31.873 DBG] ActionDispatcher :: Queueing 'Flaurety' (53e7be3d-3ae9-4e9f-ae66-00df77662785, TwitchChatMessage) to 'Default' (00000000-0000-0000-0000-000000000000), initiated by atomsmasherbot with 85 arguments
[2026-02-18 23:41:31.873 DBG] ActionQueue :: 'Default' (00000000-0000-0000-0000-000000000000) :: Enqueue action 53e7be3d-3ae9-4e9f-ae66-00df77662785
[2026-02-18 23:41:31.873 DBG] ActionQueue :: 'Default' (00000000-0000-0000-0000-000000000000) :: Handling queue
[2026-02-18 23:41:31.873 DBG] ActionQueue :: 'Default' (00000000-0000-0000-0000-000000000000) :: Performing non-blocking 'Flaurety' (53e7be3d-3ae9-4e9f-ae66-00df77662785, 27ea2f95-bccc-4e67-9a1e-a3e6481babf4), initiated by atomsmasherbot with 86 arguments
[2026-02-18 23:41:31.874 DBG] ActionDispatcher :: Queueing 'VolanRadooga' (72a5f04d-5499-4c3e-b172-f8a03de49d0b, TwitchChatMessage) to 'Default' (00000000-0000-0000-0000-000000000000), initiated by atomsmasherbot with 85 arguments
[2026-02-18 23:41:31.874 DBG] ActionQueue :: 'Default' (00000000-0000-0000-0000-000000000000) :: Enqueue action 72a5f04d-5499-4c3e-b172-f8a03de49d0b
[2026-02-18 23:41:31.874 DBG] ActionQueue :: 'Default' (00000000-0000-0000-0000-000000000000) :: Handling queue
[2026-02-18 23:41:31.874 DBG] ActionQueue :: 'Default' (00000000-0000-0000-0000-000000000000) :: Performing non-blocking 'VolanRadooga' (72a5f04d-5499-4c3e-b172-f8a03de49d0b, b10a8fb8-0d09-495b-bc29-a703c3af09e9), initiated by atomsmasherbot with 86 arguments
[2026-02-18 23:41:31.880 DBG] ActionDispatcher :: Queueing 'Pratchetty' (4004afd7-6782-4f82-a057-433804324454, TwitchChatMessage) to 'Default' (00000000-0000-0000-0000-000000000000), initiated by atomsmasherbot with 85 arguments
[2026-02-18 23:41:31.880 DBG] ActionQueue :: 'Default' (00000000-0000-0000-0000-000000000000) :: Enqueue action 4004afd7-6782-4f82-a057-433804324454
[2026-02-18 23:41:31.880 DBG] ActionQueue :: 'Default' (00000000-0000-0000-0000-000000000000) :: Handling queue
[2026-02-18 23:41:31.880 DBG] ActionQueue :: 'Default' (00000000-0000-0000-0000-000000000000) :: Performing non-blocking 'Pratchetty' (4004afd7-6782-4f82-a057-433804324454, fb07cd79-6b30-4397-b9ad-2a309387d6cf), initiated by atomsmasherbot with 86 arguments
[2026-02-18 23:41:31.883 DBG] ActionDispatcher :: Queueing 'Birdie_223' (f25861ac-4ad8-49c6-b2a1-6b8504cf92af, TwitchChatMessage) to 'Default' (00000000-0000-0000-0000-000000000000), initiated by atomsmasherbot with 85 arguments
[2026-02-18 23:41:31.883 DBG] ActionQueue :: 'Default' (00000000-0000-0000-0000-000000000000) :: Enqueue action f25861ac-4ad8-49c6-b2a1-6b8504cf92af
[2026-02-18 23:41:31.883 DBG] ActionQueue :: 'Default' (00000000-0000-0000-0000-000000000000) :: Handling queue
[2026-02-18 23:41:31.883 DBG] ActionQueue :: 'Default' (00000000-0000-0000-0000-000000000000) :: Performing non-blocking 'Birdie_223' (f25861ac-4ad8-49c6-b2a1-6b8504cf92af, c1ee686d-5513-474f-a9ff-eabec88479aa), initiated by atomsmasherbot with 86 arguments
[2026-02-18 23:41:31.885 DBG] ActionDispatcher :: Queueing 'Awes0meN81' (8f7732b9-751d-478e-9248-7b4451145f77, TwitchChatMessage) to 'Default' (00000000-0000-0000-0000-000000000000), initiated by atomsmasherbot with 85 arguments
[2026-02-18 23:41:31.885 DBG] ActionQueue :: 'Default' (00000000-0000-0000-0000-000000000000) :: Enqueue action 8f7732b9-751d-478e-9248-7b4451145f77
[2026-02-18 23:41:31.885 DBG] ActionQueue :: 'Default' (00000000-0000-0000-0000-000000000000) :: Handling queue
[2026-02-18 23:41:31.885 DBG] ActionQueue :: 'Default' (00000000-0000-0000-0000-000000000000) :: Performing non-blocking 'Awes0meN81' (8f7732b9-751d-478e-9248-7b4451145f77, b62d6dc8-49d2-4664-9ec5-49eb6952029b), initiated by atomsmasherbot with 86 arguments
[2026-02-18 23:41:31.886 DBG] ActionDispatcher :: Queueing 'keek_z' (3b101e4e-bbac-45ac-80a4-9c98901f194f, TwitchChatMessage) to 'Default' (00000000-0000-0000-0000-000000000000), initiated by atomsmasherbot with 85 arguments
[2026-02-18 23:41:31.886 DBG] ActionQueue :: 'Default' (00000000-0000-0000-0000-000000000000) :: Enqueue action 3b101e4e-bbac-45ac-80a4-9c98901f194f
[2026-02-18 23:41:31.886 DBG] ActionQueue :: 'Default' (00000000-0000-0000-0000-000000000000) :: Handling queue
[2026-02-18 23:41:31.886 DBG] ActionQueue :: 'Default' (00000000-0000-0000-0000-000000000000) :: Performing non-blocking 'keek_z' (3b101e4e-bbac-45ac-80a4-9c98901f194f, b61da04e-2ced-4541-bdbb-be9b3cb8c251), initiated by atomsmasherbot with 86 arguments
[2026-02-18 23:41:45.865 DBG] ExportService :: Added Action (Cousin Time, e607eaaf-239d-4cf1-939c-8ef13a5506c2) to export
[2026-02-18 23:41:45.866 DBG] ExportService :: Added Command (!cousintime, 8a93c2da-014c-4679-9a8f-1fbb361dbcac) to export
[2026-02-18 23:41:48.814 DBG] ExportService :: Added Action (Cousin, 5f547625-b177-4cd7-bf87-637602bafed8) to export
[2026-02-18 23:41:48.814 DBG] ExportService :: Added Command (Cousin, e2ba2a3b-f1de-4e40-b780-373899e528e5) to export
[2026-02-18 23:41:48.814 DBG] ExportService :: Added Action (SPOT TO SB - !sPause [ Pause ], 099369f8-6a05-49b3-bb3f-259670273caf) to export
[2026-02-18 23:41:48.815 DBG] ExportService :: Added Queue ([SPOT2SB], ae5d9109-9a6d-4e18-97f5-21a70b15dd8b) to export
[2026-02-18 23:41:48.815 DBG] ExportService :: Added Command ([10] Pause Player                                                                       [spot2sb], d7f49f6b-08a6-4239-9fee-e4923146067c) to export
[2026-02-18 23:41:48.815 DBG] ExportService :: Added Action (100% Song, e83088b4-7715-483c-9cfd-04680fa4fc8f) to export
[2026-02-18 23:41:48.815 DBG] ExportService :: Added Action (Harmony's 100%, 5a599941-5635-4a47-bb5c-c85fdd7e5164) to export
[2026-02-18 23:41:48.815 DBG] ExportService :: Added Action (SPOT TO SB - !sPlay [ Play ], 8d6ce790-c7cf-46f1-9ecf-5bd38b58cb4b) to export
[2026-02-18 23:41:48.815 DBG] ExportService :: Added Command ([11] Play / Resume Player                                                          [spot2sb], f3851cee-c37c-4e74-8368-feff8ad49b62) to export
[2026-02-18 23:41:48.815 DBG] ExportService :: Added Action (1% Song, 43f6c18e-6b6c-4c15-ae71-5b1cd600f90a) to export
[2026-02-18 23:41:48.815 DBG] ExportService :: Added Action (69% Song, 7acfe47b-bc5e-41b1-9c09-c90c15465b43) to export
[2026-02-18 23:42:01.760 DBG] ViewerRepo :: UpdatePresence(twitch, 5), 0.0316ms
[2026-02-18 23:42:01.837 DBG] TwitchService :: Presence Timer :: Artificially updated presence with a threshold of 5 minutes (77.1447ms)
[2026-02-18 23:42:35.110 DBG] ExportService :: Cleared all actions, queues and commands
[2026-02-18 23:42:35.113 DBG] ExportService :: Removed Command (!cousintime, 8a93c2da-014c-4679-9a8f-1fbb361dbcac) to export
[2026-02-18 23:42:35.114 DBG] ExportService :: Removed Command (Cousin, e2ba2a3b-f1de-4e40-b780-373899e528e5) to export
[2026-02-18 23:42:35.114 DBG] ExportService :: Removed Command ([10] Pause Player                                                                       [spot2sb], d7f49f6b-08a6-4239-9fee-e4923146067c) to export
[2026-02-18 23:42:35.114 DBG] ExportService :: Removed Command ([11] Play / Resume Player                                                          [spot2sb], f3851cee-c37c-4e74-8368-feff8ad49b62) to export
[2026-02-18 23:42:35.114 DBG] ExportService :: Cleared all actions and queues
[2026-02-18 23:42:35.117 DBG] ExportService :: Removed Action (Cousin Time, e607eaaf-239d-4cf1-939c-8ef13a5506c2) to export
[2026-02-18 23:42:35.119 DBG] ExportService :: Removed Action (Cousin, 5f547625-b177-4cd7-bf87-637602bafed8) to export
[2026-02-18 23:42:35.120 DBG] ExportService :: Removed Action (SPOT TO SB - !sPause [ Pause ], 099369f8-6a05-49b3-bb3f-259670273caf) to export
[2026-02-18 23:42:35.120 DBG] ExportService :: Removed Action (100% Song, e83088b4-7715-483c-9cfd-04680fa4fc8f) to export
[2026-02-18 23:42:35.120 DBG] ExportService :: Removed Action (Harmony's 100%, 5a599941-5635-4a47-bb5c-c85fdd7e5164) to export
[2026-02-18 23:42:35.122 DBG] ExportService :: Removed Action (SPOT TO SB - !sPlay [ Play ], 8d6ce790-c7cf-46f1-9ecf-5bd38b58cb4b) to export
[2026-02-18 23:42:35.123 DBG] ExportService :: Removed Queue ([SPOT2SB], ae5d9109-9a6d-4e18-97f5-21a70b15dd8b) to export
[2026-02-18 23:42:35.123 DBG] ExportService :: Removed Action (1% Song, 43f6c18e-6b6c-4c15-ae71-5b1cd600f90a) to export
[2026-02-18 23:42:35.124 DBG] ExportService :: Removed Action (69% Song, 7acfe47b-bc5e-41b1-9c09-c90c15465b43) to export
[2026-02-18 23:42:54.130 DBG] InlineCode :: Unloading 'g8fe670843bb48bd9bb1aecb1ae29160'
[2026-02-18 23:42:54.157 DBG] InlineCode :: Unloading 'l5c13a7a34234e62a1981b1d020e3f66'
[2026-02-18 23:42:54.682 DBG] Credits :: Time to save 13.0601ms
[2026-02-18 23:42:58.040 DBG] InlineCode :: Unloading 'ff721b775b08494992388453220f083a'
[2026-02-18 23:42:59.086 DBG] AutoSave :: Auto saving settings...
[2026-02-18 23:42:59.103 DBG] Users :: Time to save 16.8241ms
[2026-02-18 23:42:59.123 DBG] Actions :: Time to save 20.2701ms
[2026-02-18 23:42:59.137 DBG] Commands :: Time to save 14.4209ms
[2026-02-18 23:42:59.152 DBG] Twitch Rewards :: Time to save 15.1306ms
[2026-02-18 23:42:59.165 DBG] Midi :: Time to save 13.2327ms
[2026-02-18 23:42:59.179 DBG] OBS Settings :: Time to save 13.4185ms
[2026-02-18 23:42:59.193 DBG] MeldStudio Settings :: Time to save 13.0965ms
[2026-02-18 23:42:59.205 DBG] Credits :: Time to save 12.756ms
[2026-02-18 23:42:59.222 DBG] Quotes :: Time to save 16.9054ms
[2026-02-18 23:42:59.303 DBG] Config :: Time to save 15.21ms
[2026-02-18 23:43:01.774 DBG] ViewerRepo :: UpdatePresence(twitch, 5), 0.0286ms
[2026-02-18 23:43:01.852 DBG] TwitchService :: Presence Timer :: Artificially updated presence with a threshold of 5 minutes (78.8525ms)
[2026-02-18 23:43:39.470 DBG] ActionQueue :: Shutting down queue ae5d9109-9a6d-4e18-97f5-21a70b15dd8b thread
[2026-02-18 23:44:01.788 DBG] ViewerRepo :: UpdatePresence(twitch, 5), 0.0323ms
[2026-02-18 23:44:01.863 DBG] TwitchService :: Presence Timer :: Artificially updated presence with a threshold of 5 minutes (74.5354ms)
[2026-02-18 23:44:59.100 DBG] Users :: Time to save 15.5156ms
[2026-02-18 23:44:59.122 DBG] Actions :: Time to save 21.1365ms
[2026-02-18 23:44:59.135 DBG] Commands :: Time to save 12.8316ms
[2026-02-18 23:44:59.147 DBG] Twitch Rewards :: Time to save 12.6183ms
[2026-02-18 23:44:59.159 DBG] Midi :: Time to save 11.5261ms
[2026-02-18 23:44:59.170 DBG] OBS Settings :: Time to save 10.9143ms
[2026-02-18 23:44:59.182 DBG] MeldStudio Settings :: Time to save 11.751ms
[2026-02-18 23:44:59.195 DBG] Credits :: Time to save 12.9559ms
[2026-02-18 23:44:59.210 DBG] Quotes :: Time to save 14.949ms
[2026-02-18 23:44:59.305 DBG] Config :: Time to save 16.0942ms
[2026-02-18 23:45:01.811 DBG] ViewerRepo :: UpdatePresence(twitch, 5), 0.0314ms
[2026-02-18 23:45:01.884 DBG] TwitchService :: Presence Timer :: Artificially updated presence with a threshold of 5 minutes (74.1781ms)
[2026-02-18 23:45:02.419 DBG] Users :: Time to save 17.3316ms
[2026-02-18 23:45:02.437 DBG] Actions :: Time to save 18.266ms
[2026-02-18 23:45:02.450 DBG] Commands :: Time to save 12.7912ms
[2026-02-18 23:45:02.464 DBG] Twitch Rewards :: Time to save 12.7668ms
[2026-02-18 23:45:02.475 DBG] Midi :: Time to save 11.1203ms
[2026-02-18 23:45:02.486 DBG] OBS Settings :: Time to save 11.3132ms
[2026-02-18 23:45:02.497 DBG] MeldStudio Settings :: Time to save 11.2941ms
[2026-02-18 23:45:02.509 DBG] Credits :: Time to save 11.6862ms
[2026-02-18 23:45:02.522 DBG] Quotes :: Time to save 12.6495ms
[2026-02-18 23:45:02.523 INF] Shutting down...
[2026-02-18 23:45:02.592 INF] Closing services...
[2026-02-18 23:45:02.592 DBG] UsbRemovalWatcher :: Disposed
[2026-02-18 23:45:02.592 DBG] ProcessWatcher :: Disposed
[2026-02-18 23:45:02.594 DBG] ProcessWatcher :: Disposed
[2026-02-18 23:45:02.595 DBG] Events Service :: Shutting down application event queue thread
[2026-02-18 23:45:02.595 DBG] Events Service :: Shutting down event queue thread
[2026-02-18 23:45:02.595 DBG] Events Service :: Shutting down raw event queue thread
[2026-02-18 23:45:02.600 DBG] Websocket Server :: Stopping server
[2026-02-18 23:45:02.601 DBG] Http Listener :: Channel is not active
[2026-02-18 23:45:02.604 DBG] DonorDrive :: Stopping service
[2026-02-18 23:45:02.605 DBG] MIDI Service :: Stopping service
[2026-02-18 23:45:02.610 DBG] OBS Service :: Stopping service
[2026-02-18 23:45:02.630 DBG] Websocket Server :: Shutting down command queue thread
[2026-02-18 23:45:02.630 DBG] Websocket Server :: Shutting down queue thread
[2026-02-18 23:45:02.630 DBG] MIDI Service :: Shutting down event thread
[2026-02-18 23:45:02.700 DBG] Config :: Time to save 70.8373ms
[2026-02-18 23:45:02.747 DBG] ActionDispatcher :: Shutting down action queues
[2026-02-18 23:45:02.747 DBG] ActionQueue :: Shutting down queue 00000000-0000-0000-0000-000000000000 thread
[2026-02-18 23:45:02.747 DBG] ActionQueue :: Shutting down queue b010a7bd-2056-4238-9302-fad378219231 thread
[2026-02-18 23:45:02.747 DBG] ActionQueue :: Shutting down queue 8c6ed466-566c-4b26-93c9-9338de27fff4 thread
[2026-02-18 23:45:02.747 DBG] ActionQueue :: Shutting down queue e0693c07-e52a-4914-a5b9-5a5a01e74b15 thread
[2026-02-18 23:45:02.747 DBG] ActionQueue :: Shutting down queue 1955c224-a7c9-41c0-9077-40868553d18a thread
[2026-02-18 23:45:02.747 DBG] ActionQueue :: Shutting down queue f5b88e4c-33be-41a6-a453-02af0b6c4fc3 thread
[2026-02-18 23:45:02.750 DBG] SLOBS Service :: Stopping service
[2026-02-18 23:45:02.760 DBG] OBS :: Disconnecting from OBS (127.0.0.1:4455)
[2026-02-18 23:45:02.767 DBG] SpeechToText :: Disposing recognition engine
[2026-02-18 23:45:02.767 DBG] SpeechToText :: Shutting down queue thread
[2026-02-18 23:45:02.768 DBG] FileWatcherDaemon :: Waiting for file watchers to shut down
[2026-02-18 23:45:02.771 DBG] FileTailDaemon :: Waiting for file tails to shut down
[2026-02-18 23:45:02.786 DBG] Websocket Client :: Disconnecting from all connected clients
[2026-02-18 23:45:02.790 INF] InlineCode :: Cleaning up '2' execute code instances
[2026-02-18 23:45:02.795 DBG] Websocket Custom Server :: Stopping all servers
[2026-02-18 23:45:02.796 DBG] Websocket Server (Godot Websocket) :: Stopping server
[2026-02-18 23:45:02.797 DBG] Websocket Server (Godot Websocket) :: Shutting down message queue thread
[2026-02-18 23:45:02.799 DBG] InlineCode :: Unloading 'wb517bf15cc547f99025667eab260afd'
[2026-02-18 23:45:02.804 DBG] OBS-Websocket5 :: Disconnected
[2026-02-18 23:45:02.813 DBG] Twitch (Broadcaster) :: Disconnected
[2026-02-18 23:45:02.815 DBG] OBS :: Disconnected from OBS (127.0.0.1:4455)
[2026-02-18 23:45:02.815 DBG] OBS Service :: Shutting down event thread
[2026-02-18 23:45:02.815 INF] TwitchService :: Disconnected from Broadcaster Chat Client
[2026-02-18 23:45:02.827 DBG] InlineCode :: Unloading 'p24e3ac209eb4573b75cf7f6c04be6af'
[2026-02-18 23:45:02.834 DBG] Streamer.bot Website Socket :: Disconnected
[2026-02-18 23:45:02.837 INF] Streamer.bot Service :: Disconnected from Website Client
[2026-02-18 23:45:02.838 DBG] MeldStudio Service :: Stopping service
[2026-02-18 23:45:02.845 DBG] MeldStudio Service :: Shutting down event thread
[2026-02-18 23:45:02.859 DBG] InlineCode :: Cleaned up execute code instances
[2026-02-18 23:45:02.879 DBG] StreamElements Socket :: Disconnected
[2026-02-18 23:45:02.883 INF] StreamElements Service :: Disconnected from Client
[2026-02-18 23:45:03.142 DBG] Twitch EventSub (Broadcaster) :: Disconnected
[2026-02-18 23:45:03.145 INF] TwitchService :: Disconnected from Broadcaster EventSub
[2026-02-18 23:45:03.243 INF] BTTV :: WebSocket Disconnected
[2026-02-18 23:45:03.566 DBG] Twitch EventSub (Bot) :: Disconnected
[2026-02-18 23:45:03.568 INF] TwitchService :: Disconnected from Bot EventSub
[2026-02-18 23:45:03.635 DBG] OBS Settings :: Time to save 19.9857ms
[2026-02-18 23:45:03.636 DBG] MeldStudio Settings :: Time to save 20.583ms
[2026-02-18 23:45:03.636 DBG] Quotes :: Time to save 21.088ms
[2026-02-18 23:45:03.637 DBG] Credits :: Time to save 22.5377ms
[2026-02-18 23:45:03.637 DBG] Commands :: Time to save 21.9146ms
[2026-02-18 23:45:03.638 DBG] Midi :: Time to save 22.9418ms
[2026-02-18 23:45:03.642 DBG] Users :: Time to save 27.7841ms
[2026-02-18 23:45:03.646 DBG] Config :: Time to save 30.388ms
[2026-02-18 23:45:03.649 DBG] Twitch Rewards :: Time to save 33.1845ms
[2026-02-18 23:45:03.655 DBG] Actions :: Time to save 40.067ms
[2026-02-18 23:45:03.656 INF] Streamer.bot exited
