[2026-02-12 14:34:38.483 INF] Streamer.bot (1.0.4)
[2026-02-12 14:34:38.485 INF] Startup Path: C:\Users\littl\Documents\GitHub\AtomSmasherStreamerbot
[2026-02-12 14:34:38.485 INF] Startup Args: 
[2026-02-12 14:34:38.485 INF] Startup Mode: UI
[2026-02-12 14:34:38.485 INF] Logging Level: Debug
[2026-02-12 14:34:38.486 INF] Instance Id: 06fed1eb-4928-42ca-9057-06594f534c13
[2026-02-12 14:34:38.486 INF] Instance Name: Streamer.bot
[2026-02-12 14:34:38.486 INF] Operating System: Windows
[2026-02-12 14:34:38.486 INF] UserInteractive: True
[2026-02-12 14:34:38.486 INF] WebView2: Found (v144.0.3719.115)
[2026-02-12 14:34:38.493 INF] Backing up data files
[2026-02-12 14:34:38.721 INF] Loading config
[2026-02-12 14:34:39.334 INF] Users :: Upgrade checks finished, 4.2415ms
[2026-02-12 14:34:39.350 DBG] Users :: Loaded 166 users.
[2026-02-12 14:34:39.398 DBG] Twitch Rewards :: Loaded 24 rewards.
[2026-02-12 14:34:41.559 DBG] Actions :: Loaded 138 actions.
[2026-02-12 14:34:41.564 DBG] OBS Settings :: Loaded.
[2026-02-12 14:34:41.570 DBG] MeldStudio Settings :: Loaded.
[2026-02-12 14:34:41.595 DBG] Commands :: Loaded 44 commands.
[2026-02-12 14:34:41.674 DBG] MIDI :: Loaded 0 actions.
[2026-02-12 14:34:41.964 DBG] Credits :: Performing auto reset of data, 22.1139395012222 > 12
[2026-02-12 14:34:42.311 INF] Streamer.bot Service :: Logging into account
[2026-02-12 14:34:42.548 INF] Streamer.bot Service :: Account (firehair) authenticated
[2026-02-12 14:34:45.597 DBG] Events Service :: Starting event queue thread
[2026-02-12 14:34:45.597 DBG] Events Service :: Starting raw event queue thread
[2026-02-12 14:34:45.597 DBG] Events Service :: Starting application event queue thread
[2026-02-12 14:34:45.599 DBG] Trigger Service :: Initialized
[2026-02-12 14:34:45.605 DBG] ActionQueue :: Starting queue 00000000-0000-0000-0000-000000000000 thread
[2026-02-12 14:34:45.607 DBG] ActionQueue :: Starting queue b010a7bd-2056-4238-9302-fad378219231 thread
[2026-02-12 14:34:45.607 DBG] ActionQueue :: Starting queue 8c6ed466-566c-4b26-93c9-9338de27fff4 thread
[2026-02-12 14:34:45.607 DBG] ActionQueue :: Starting queue e0693c07-e52a-4914-a5b9-5a5a01e74b15 thread
[2026-02-12 14:34:45.607 DBG] ActionQueue :: Starting queue 1955c224-a7c9-41c0-9077-40868553d18a thread
[2026-02-12 14:34:45.607 DBG] ActionQueue :: Starting queue f5b88e4c-33be-41a6-a453-02af0b6c4fc3 thread
[2026-02-12 14:34:45.607 DBG] ActionQueue :: Starting queue ae5d9109-9a6d-4e18-97f5-21a70b15dd8b thread
[2026-02-12 14:34:45.614 DBG] Quotes :: Loaded 8 quotes.
[2026-02-12 14:34:45.708 DBG] Viewers :: 9.9017ms to populate view model
[2026-02-12 14:34:46.062 INF] Streamer.bot Service :: Connecting to Website Client
[2026-02-12 14:34:46.065 DBG] Streamer.bot Website Socket :: Opening connection
[2026-02-12 14:34:46.076 DBG] OBS Service :: Starting event thread
[2026-02-12 14:34:46.077 DBG] MeldStudio Service :: Starting event thread
[2026-02-12 14:34:46.085 DBG] TwitchService :: Initializing
[2026-02-12 14:34:46.092 DBG] TwitchService :: Logging into Broadcaster account
[2026-02-12 14:34:46.101 DBG] TwitchService :: Logging into Bot account
[2026-02-12 14:34:46.101 DBG] OBS :: Opening websocket connection to OBS (127.0.0.1:4455)
[2026-02-12 14:34:46.104 DBG] OBS-Websocket5 :: Opening connection (ws://127.0.0.1:4455/api/websocket)
[2026-02-12 14:34:46.107 DBG] Websocket Client :: Auto connecting to clients
[2026-02-12 14:34:46.108 DBG] Websocket Custom Server :: Auto starting servers
[2026-02-12 14:34:46.109 DBG] Websocket Server :: Starting server (ws://127.0.0.1:8080)
[2026-02-12 14:34:46.111 DBG] Websocket Server (Godot Websocket) :: Starting server (ws://127.0.0.1:9090/)
[2026-02-12 14:34:46.114 DBG] Websocket Server :: Starting queue thread
[2026-02-12 14:34:46.116 DBG] Websocket Server (Godot Websocket) :: Starting message queue thread
[2026-02-12 14:34:46.118 DBG] Websocket Server :: Starting command queue thread
[2026-02-12 14:34:46.127 INF] MIDI Service :: Initializing 0 MIDI devices
[2026-02-12 14:34:46.130 INF] SpeechToText :: Initializing recognition engine
[2026-02-12 14:34:46.130 DBG] MIDI Service :: Starting event thread
[2026-02-12 14:34:46.132 INF] Input Service: Found 3 valid key inputs.
[2026-02-12 14:34:46.134 DBG] UsbRemovalWatcher :: Disposed
[2026-02-12 14:34:46.292 DBG] OBS :: Connected to OBS (127.0.0.1:4455)
[2026-02-12 14:34:46.414 DBG] SpeechToText :: Starting recognition engine
[2026-02-12 14:34:46.417 DBG] SpeechToText :: Starting queue thread
[2026-02-12 14:34:46.451 INF] Streamer.bot Service :: Website Client authenticated
[2026-02-12 14:34:46.452 INF] Streamer.bot Service :: Connected to Website Client
[2026-02-12 14:34:46.540 INF] TwitchService :: Fetching Broadcaster account information
[2026-02-12 14:34:46.575 INF] TwitchService :: Fetching Bot account information
[2026-02-12 14:34:46.664 INF] TwitchService :: Broadcaster account (atomsmasher101) authenticated
[2026-02-12 14:34:46.664 INF] TwitchService :: Bot account (atomsmasherbot) authenticated
[2026-02-12 14:34:46.668 INF] TwitchService :: Connecting to Bot EventSub
[2026-02-12 14:34:46.675 DBG] Twitch EventSub (Bot) :: Opening connection
[2026-02-12 14:34:46.740 DBG] Twitch Service :: Initializing Third Party Emote Handlers
[2026-02-12 14:34:46.742 DBG] Twitch Service :: Init rest
[2026-02-12 14:34:46.745 INF] 7TV :: Initializing user '50822403', on twitch
[2026-02-12 14:34:46.756 INF] BTTV :: Initializing user '50822403', on twitch
[2026-02-12 14:34:46.759 INF] BetterTTV.Socket :: Connecting to BTTV WebSocket, monitoring for changes for user '50822403' on twitch
[2026-02-12 14:34:46.768 INF] FFZ :: Initializing user 'atomsmasher101' (50822403), on twitch
[2026-02-12 14:34:46.864 INF] StreamElements :: Logging into account
[2026-02-12 14:34:46.911 INF] BTTV :: Loaded 65 global emotes
[2026-02-12 14:34:46.952 DBG] Twitch EventSub (Bot) :: Subscribing to 1 events
[2026-02-12 14:34:46.959 INF] FFZ :: Loaded 15 global emotes
[2026-02-12 14:34:46.989 ERR] BTTV :: Response error NotFound from BTTV channel endpoint.
[2026-02-12 14:34:46.989 DBG] Twitch Service :: Loaded 220 Twitch badges
[2026-02-12 14:34:47.011 INF] StreamElements :: Account (atomsmasher101) authenticated
[2026-02-12 14:34:47.019 INF] StreamElements Service :: Connecting to Client
[2026-02-12 14:34:47.021 DBG] StreamElements Socket :: Opening connection
[2026-02-12 14:34:47.042 WRN] FFZ :: Room not found, user does not have channel emotes configured.
[2026-02-12 14:34:47.042 INF] FFZ :: Loaded 0 channel emotes
[2026-02-12 14:34:47.075 DBG] Twitch Service :: Loaded 33 Twitch cheer emotes
[2026-02-12 14:34:47.128 DBG] Twitch Rewards :: Time to save 37.6759ms
[2026-02-12 14:34:47.148 INF] BTTV :: WebSocket Connected
[2026-02-12 14:34:47.302 INF] TwitchService :: Connected to Bot EventSub, and authenticated
[2026-02-12 14:34:47.309 INF] StreamElements Service :: Connected to Client
[2026-02-12 14:34:47.622 INF] 7TV :: Loaded 44 global emotes
[2026-02-12 14:34:47.880 ERR] 7TV :: Response error NotFound from 7TV channel endpoint.
[2026-02-12 14:34:48.017 DBG] Twitch Service :: Loaded 613 Twitch user emotes
[2026-02-12 14:34:48.233 DBG] Getting viewers for channel "atomsmasher101" (4)
[2026-02-12 14:34:48.235 DBG] Twitch Service :: Fetched viewers for channel (4)
[2026-02-12 14:34:48.238 DBG] Twitch Service :: (4) - Existing: 4, New Users: 0 (3.4547ms)
[2026-02-12 14:34:48.238 DBG] Twitch Service :: Viewers init in 218.4401ms
[2026-02-12 14:34:48.241 DBG] Twitch Service :: Loading editors for channel atomsmasher101
[2026-02-12 14:34:48.309 DBG] Twitch Service :: Found 7 editors for channel atomsmasher101
[2026-02-12 14:34:48.442 INF] Twitch Service :: Found 13 Moderators for the channel atomsmasher101
[2026-02-12 14:34:48.532 INF] Twitch Service :: Found 18 VIPs for the channel atomsmasher101
[2026-02-12 14:34:48.536 DBG] ViewerRepo :: Time to update mods and VIPs, 0.8773ms (nm: 0, em: 1, nv: 0, ev: 0, ru: 1)
[2026-02-12 14:34:48.536 DBG] Twitch Service :: Time to update/add mods and vips for the channel atomsmasher101, 223.4185ms
[2026-02-12 14:34:48.537 DBG] Twitch Service :: Loading subscribers for atomsmasher101
[2026-02-12 14:34:48.727 DBG] Twitch Service :: "AtomSmasher101" has 12 subscriptions.
[2026-02-12 14:34:48.769 INF] TwitchService :: Connecting to Broadcaster Chat Client
[2026-02-12 14:34:48.777 INF] TwitchService :: Connecting to Broadcaster EventSub
[2026-02-12 14:34:48.777 DBG] Twitch EventSub (Broadcaster) :: Opening connection
[2026-02-12 14:34:48.840 DBG] Twitch (Broadcaster) :: Opening connection
[2026-02-12 14:34:48.914 DBG] Twitch (Broadcaster) :: Connected to irc.chat.twitch.tv:6697 (44.227.173.36:6697)
[2026-02-12 14:34:48.914 DBG] Twitch (Broadcaster) :: Negotiating SSL stream with irc.chat.twitch.tv
[2026-02-12 14:34:48.990 DBG] Twitch EventSub (Broadcaster) :: Subscribing to 56 events
[2026-02-12 14:34:49.079 DBG] Twitch (Broadcaster) :: Twitch Client Socket opened
[2026-02-12 14:34:49.214 DBG] Twitch (Broadcaster) :: Listening and Authenticated
[2026-02-12 14:34:49.218 DBG] Twitch (Broadcaster) :: Joining chanel #atomsmasher101
[2026-02-12 14:34:49.221 INF] TwitchService :: Connected to Broadcaster Chat Client
[2026-02-12 14:34:58.652 INF] TwitchService :: Connected to Broadcaster EventSub, and authenticated
[2026-02-12 14:35:14.959 DBG] ActionDispatcher :: Queueing 'Enable Rads' (a6f39ad9-e4df-4cc5-8d10-46e610fa0067, ObsSceneChanged) to 'Default' (00000000-0000-0000-0000-000000000000), with 15 arguments
[2026-02-12 14:35:14.961 DBG] ActionQueue :: 'Default' (00000000-0000-0000-0000-000000000000) :: Enqueue action a6f39ad9-e4df-4cc5-8d10-46e610fa0067
[2026-02-12 14:35:14.961 DBG] ActionQueue :: 'Default' (00000000-0000-0000-0000-000000000000) :: Handling queue
[2026-02-12 14:35:14.967 DBG] ActionQueue :: 'Default' (00000000-0000-0000-0000-000000000000) :: Performing non-blocking 'Enable Rads' (a6f39ad9-e4df-4cc5-8d10-46e610fa0067, 1e73c521-2f02-4498-b67c-8a5fc5655551)
[2026-02-12 14:35:16.210 DBG] ActionDispatcher :: Queueing 'Enable Rads' (a6f39ad9-e4df-4cc5-8d10-46e610fa0067, ObsSceneChanged) to 'Default' (00000000-0000-0000-0000-000000000000), with 15 arguments
[2026-02-12 14:35:16.210 DBG] ActionQueue :: 'Default' (00000000-0000-0000-0000-000000000000) :: Enqueue action a6f39ad9-e4df-4cc5-8d10-46e610fa0067
[2026-02-12 14:35:16.210 DBG] ActionQueue :: 'Default' (00000000-0000-0000-0000-000000000000) :: Handling queue
[2026-02-12 14:35:16.210 DBG] ActionQueue :: 'Default' (00000000-0000-0000-0000-000000000000) :: Performing non-blocking 'Enable Rads' (a6f39ad9-e4df-4cc5-8d10-46e610fa0067, d055b310-d3e4-4963-a1d9-d780612c4bb0)
[2026-02-12 14:35:28.915 DBG] ActionDispatcher :: Queueing 'Enable Rads' (a6f39ad9-e4df-4cc5-8d10-46e610fa0067, ObsSceneChanged) to 'Default' (00000000-0000-0000-0000-000000000000), with 15 arguments
[2026-02-12 14:35:28.915 DBG] ActionQueue :: 'Default' (00000000-0000-0000-0000-000000000000) :: Enqueue action a6f39ad9-e4df-4cc5-8d10-46e610fa0067
[2026-02-12 14:35:28.915 DBG] ActionQueue :: 'Default' (00000000-0000-0000-0000-000000000000) :: Handling queue
[2026-02-12 14:35:28.915 DBG] ActionQueue :: 'Default' (00000000-0000-0000-0000-000000000000) :: Performing non-blocking 'Enable Rads' (a6f39ad9-e4df-4cc5-8d10-46e610fa0067, 73919f6a-17c9-4cf4-ac7a-6a725884f260)
[2026-02-12 14:35:49.101 DBG] ViewerRepo :: UpdatePresence(twitch, 5), 0.2168ms
[2026-02-12 14:35:49.157 DBG] TwitchService :: Presence Timer :: Artificially updated presence with a threshold of 5 minutes (57.5004ms)
[2026-02-12 14:36:27.357 DBG] ActionDispatcher :: Queueing 'Enable Rads' (a6f39ad9-e4df-4cc5-8d10-46e610fa0067, ObsSceneChanged) to 'Default' (00000000-0000-0000-0000-000000000000), with 15 arguments
[2026-02-12 14:36:27.357 DBG] ActionQueue :: 'Default' (00000000-0000-0000-0000-000000000000) :: Enqueue action a6f39ad9-e4df-4cc5-8d10-46e610fa0067
[2026-02-12 14:36:27.357 DBG] ActionQueue :: 'Default' (00000000-0000-0000-0000-000000000000) :: Handling queue
[2026-02-12 14:36:27.357 DBG] ActionQueue :: 'Default' (00000000-0000-0000-0000-000000000000) :: Performing non-blocking 'Enable Rads' (a6f39ad9-e4df-4cc5-8d10-46e610fa0067, 34798696-ac63-446a-9151-6701523f990b)
[2026-02-12 14:36:37.622 DBG] ActionDispatcher :: Queueing 'Disable Rads' (bcfc4d53-41bf-449e-a2a7-334913971725, ObsSceneChanged) to 'Default' (00000000-0000-0000-0000-000000000000), with 15 arguments
[2026-02-12 14:36:37.622 DBG] ActionQueue :: 'Default' (00000000-0000-0000-0000-000000000000) :: Enqueue action bcfc4d53-41bf-449e-a2a7-334913971725
[2026-02-12 14:36:37.622 DBG] ActionQueue :: 'Default' (00000000-0000-0000-0000-000000000000) :: Handling queue
[2026-02-12 14:36:37.622 DBG] ActionQueue :: 'Default' (00000000-0000-0000-0000-000000000000) :: Performing non-blocking 'Disable Rads' (bcfc4d53-41bf-449e-a2a7-334913971725, be61e48b-c9b9-4982-a146-431281981e4c)
[2026-02-12 14:36:39.307 DBG] ActionDispatcher :: Queueing 'Enable Rads' (a6f39ad9-e4df-4cc5-8d10-46e610fa0067, ObsSceneChanged) to 'Default' (00000000-0000-0000-0000-000000000000), with 15 arguments
[2026-02-12 14:36:39.307 DBG] ActionQueue :: 'Default' (00000000-0000-0000-0000-000000000000) :: Enqueue action a6f39ad9-e4df-4cc5-8d10-46e610fa0067
[2026-02-12 14:36:39.307 DBG] ActionQueue :: 'Default' (00000000-0000-0000-0000-000000000000) :: Handling queue
[2026-02-12 14:36:39.307 DBG] ActionQueue :: 'Default' (00000000-0000-0000-0000-000000000000) :: Performing non-blocking 'Enable Rads' (a6f39ad9-e4df-4cc5-8d10-46e610fa0067, 7758eebb-48c7-4e53-8a36-d300470eb4cc)
[2026-02-12 14:36:49.101 DBG] ViewerRepo :: UpdatePresence(twitch, 5), 0.0442ms
[2026-02-12 14:36:49.158 DBG] TwitchService :: Presence Timer :: Artificially updated presence with a threshold of 5 minutes (56.8633ms)
[2026-02-12 14:37:49.116 DBG] ViewerRepo :: UpdatePresence(twitch, 5), 0.0306ms
[2026-02-12 14:37:49.174 DBG] TwitchService :: Presence Timer :: Artificially updated presence with a threshold of 5 minutes (58.4285ms)
[2026-02-12 14:38:49.120 DBG] ViewerRepo :: UpdatePresence(twitch, 5), 0.0328ms
[2026-02-12 14:38:49.177 DBG] TwitchService :: Presence Timer :: Artificially updated presence with a threshold of 5 minutes (57.424ms)
[2026-02-12 14:39:41.987 DBG] Credits :: Time to save 14.6075ms
[2026-02-12 14:39:45.722 DBG] AutoSave :: Auto saving settings...
[2026-02-12 14:39:45.741 DBG] Users :: Time to save 16.9413ms
[2026-02-12 14:39:45.816 DBG] Actions :: Time to save 72.5172ms
[2026-02-12 14:39:45.834 DBG] Commands :: Time to save 16.5953ms
[2026-02-12 14:39:45.848 DBG] Twitch Rewards :: Time to save 13.9517ms
[2026-02-12 14:39:45.862 DBG] Midi :: Time to save 12.4098ms
[2026-02-12 14:39:45.876 DBG] OBS Settings :: Time to save 12.6801ms
[2026-02-12 14:39:45.892 DBG] MeldStudio Settings :: Time to save 15.3678ms
[2026-02-12 14:39:45.908 DBG] Credits :: Time to save 14.1752ms
[2026-02-12 14:39:45.926 DBG] Quotes :: Time to save 17.1186ms
[2026-02-12 14:39:45.985 DBG] Config :: Time to save 56.9172ms
[2026-02-12 14:39:49.129 DBG] ViewerRepo :: UpdatePresence(twitch, 5), 0.0392ms
[2026-02-12 14:39:49.182 DBG] TwitchService :: Presence Timer :: Artificially updated presence with a threshold of 5 minutes (54.1297ms)
[2026-02-12 14:40:49.137 DBG] ViewerRepo :: UpdatePresence(twitch, 5), 0.0309ms
[2026-02-12 14:40:49.195 DBG] TwitchService :: Presence Timer :: Artificially updated presence with a threshold of 5 minutes (58.4362ms)
[2026-02-12 14:41:49.145 DBG] ViewerRepo :: UpdatePresence(twitch, 5), 0.0578ms
[2026-02-12 14:41:49.198 DBG] TwitchService :: Presence Timer :: Artificially updated presence with a threshold of 5 minutes (53.3815ms)
[2026-02-12 14:42:49.154 DBG] ViewerRepo :: UpdatePresence(twitch, 5), 0.0327ms
[2026-02-12 14:42:49.207 DBG] TwitchService :: Presence Timer :: Artificially updated presence with a threshold of 5 minutes (53.7643ms)
[2026-02-12 14:43:49.164 DBG] ViewerRepo :: UpdatePresence(twitch, 5), 0.0407ms
[2026-02-12 14:43:49.218 DBG] TwitchService :: Presence Timer :: Artificially updated presence with a threshold of 5 minutes (54.2702ms)
[2026-02-12 14:44:39.731 DBG] ActionDispatcher :: Queueing 'Sub Goal' (361aa588-5f31-4e19-b8a5-099cae52479d, TimedAction) to 'Default' (00000000-0000-0000-0000-000000000000), with 11 arguments
[2026-02-12 14:44:39.731 DBG] ActionQueue :: 'Default' (00000000-0000-0000-0000-000000000000) :: Enqueue action 361aa588-5f31-4e19-b8a5-099cae52479d
[2026-02-12 14:44:39.731 DBG] ActionQueue :: 'Default' (00000000-0000-0000-0000-000000000000) :: Handling queue
[2026-02-12 14:44:39.731 DBG] ActionQueue :: 'Default' (00000000-0000-0000-0000-000000000000) :: Performing non-blocking 'Sub Goal' (361aa588-5f31-4e19-b8a5-099cae52479d, c3d86eae-0291-4dcc-ae4a-3104d7aaacb7)
[2026-02-12 14:44:41.992 DBG] Credits :: Time to save 12.9288ms
[2026-02-12 14:44:46.011 DBG] AutoSave :: Auto saving settings...
[2026-02-12 14:44:46.027 DBG] Users :: Time to save 15.5979ms
[2026-02-12 14:44:46.045 DBG] Actions :: Time to save 18.507ms
[2026-02-12 14:44:46.060 DBG] Commands :: Time to save 14.7446ms
[2026-02-12 14:44:46.072 DBG] Twitch Rewards :: Time to save 13.2037ms
[2026-02-12 14:44:46.085 DBG] Midi :: Time to save 11.404ms
[2026-02-12 14:44:46.096 DBG] OBS Settings :: Time to save 11.5593ms
[2026-02-12 14:44:46.107 DBG] MeldStudio Settings :: Time to save 11.5928ms
[2026-02-12 14:44:46.118 DBG] Credits :: Time to save 11.0415ms
[2026-02-12 14:44:46.133 DBG] Quotes :: Time to save 13.7471ms
[2026-02-12 14:44:46.230 DBG] Config :: Time to save 16.6222ms
[2026-02-12 14:44:49.166 DBG] ViewerRepo :: UpdatePresence(twitch, 5), 0.0375ms
[2026-02-12 14:44:49.219 DBG] TwitchService :: Presence Timer :: Artificially updated presence with a threshold of 5 minutes (53.4425ms)
[2026-02-12 14:45:49.181 DBG] ViewerRepo :: UpdatePresence(twitch, 5), 0.0323ms
[2026-02-12 14:45:49.241 DBG] TwitchService :: Presence Timer :: Artificially updated presence with a threshold of 5 minutes (60.5399ms)
[2026-02-12 14:46:49.193 DBG] ViewerRepo :: UpdatePresence(twitch, 5), 0.0303ms
[2026-02-12 14:46:49.250 DBG] TwitchService :: Presence Timer :: Artificially updated presence with a threshold of 5 minutes (56.3268ms)
[2026-02-12 14:47:49.197 DBG] ViewerRepo :: UpdatePresence(twitch, 5), 0.0313ms
[2026-02-12 14:47:49.255 DBG] TwitchService :: Presence Timer :: Artificially updated presence with a threshold of 5 minutes (58.2231ms)
[2026-02-12 14:48:49.212 DBG] ViewerRepo :: UpdatePresence(twitch, 5), 0.0317ms
[2026-02-12 14:48:49.269 DBG] TwitchService :: Presence Timer :: Artificially updated presence with a threshold of 5 minutes (56.7303ms)
[2026-02-12 14:49:42.001 DBG] Credits :: Time to save 13.0885ms
[2026-02-12 14:49:46.240 DBG] AutoSave :: Auto saving settings...
[2026-02-12 14:49:46.257 DBG] Users :: Time to save 16.6617ms
[2026-02-12 14:49:46.274 DBG] Actions :: Time to save 17.4666ms
[2026-02-12 14:49:46.288 DBG] Commands :: Time to save 13.0494ms
[2026-02-12 14:49:46.300 DBG] Twitch Rewards :: Time to save 12.8076ms
[2026-02-12 14:49:46.310 DBG] Midi :: Time to save 10.6022ms
[2026-02-12 14:49:46.322 DBG] OBS Settings :: Time to save 11.0949ms
[2026-02-12 14:49:46.332 DBG] MeldStudio Settings :: Time to save 10.0525ms
[2026-02-12 14:49:46.342 DBG] Credits :: Time to save 10.3915ms
[2026-02-12 14:49:46.355 DBG] Quotes :: Time to save 12.6088ms
[2026-02-12 14:49:46.462 DBG] Config :: Time to save 19.5575ms
[2026-02-12 14:49:49.222 DBG] ViewerRepo :: UpdatePresence(twitch, 5), 0.0317ms
[2026-02-12 14:49:49.277 DBG] TwitchService :: Presence Timer :: Artificially updated presence with a threshold of 5 minutes (54.5706ms)
[2026-02-12 14:50:49.237 DBG] ViewerRepo :: UpdatePresence(twitch, 5), 0.029ms
[2026-02-12 14:50:49.291 DBG] TwitchService :: Presence Timer :: Artificially updated presence with a threshold of 5 minutes (53.8899ms)
[2026-02-12 14:51:49.248 DBG] ViewerRepo :: UpdatePresence(twitch, 5), 0.0314ms
[2026-02-12 14:51:49.301 DBG] TwitchService :: Presence Timer :: Artificially updated presence with a threshold of 5 minutes (53.367ms)
[2026-02-12 14:52:49.257 DBG] ViewerRepo :: UpdatePresence(twitch, 5), 0.0302ms
[2026-02-12 14:52:49.311 DBG] TwitchService :: Presence Timer :: Artificially updated presence with a threshold of 5 minutes (53.8181ms)
[2026-02-12 14:53:49.260 DBG] ViewerRepo :: UpdatePresence(twitch, 5), 0.0301ms
[2026-02-12 14:53:49.317 DBG] TwitchService :: Presence Timer :: Artificially updated presence with a threshold of 5 minutes (57.0589ms)
[2026-02-12 14:54:40.518 DBG] ActionDispatcher :: Queueing 'Sub Goal' (361aa588-5f31-4e19-b8a5-099cae52479d, TimedAction) to 'Default' (00000000-0000-0000-0000-000000000000), with 11 arguments
[2026-02-12 14:54:40.518 DBG] ActionQueue :: 'Default' (00000000-0000-0000-0000-000000000000) :: Enqueue action 361aa588-5f31-4e19-b8a5-099cae52479d
[2026-02-12 14:54:40.518 DBG] ActionQueue :: 'Default' (00000000-0000-0000-0000-000000000000) :: Handling queue
[2026-02-12 14:54:40.518 DBG] ActionQueue :: 'Default' (00000000-0000-0000-0000-000000000000) :: Performing non-blocking 'Sub Goal' (361aa588-5f31-4e19-b8a5-099cae52479d, 48a8801b-2a43-420f-8ced-81159119b6c3)
[2026-02-12 14:54:42.004 DBG] Credits :: Time to save 12.9042ms
[2026-02-12 14:54:46.442 DBG] AutoSave :: Auto saving settings...
[2026-02-12 14:54:46.457 DBG] Users :: Time to save 15.5386ms
[2026-02-12 14:54:46.476 DBG] Actions :: Time to save 18.2004ms
[2026-02-12 14:54:46.489 DBG] Commands :: Time to save 14.0336ms
[2026-02-12 14:54:46.505 DBG] Twitch Rewards :: Time to save 14.8459ms
[2026-02-12 14:54:46.515 DBG] Midi :: Time to save 10.7717ms
[2026-02-12 14:54:46.526 DBG] OBS Settings :: Time to save 10.86ms
[2026-02-12 14:54:46.536 DBG] MeldStudio Settings :: Time to save 9.7909ms
[2026-02-12 14:54:46.546 DBG] Credits :: Time to save 10.6737ms
[2026-02-12 14:54:46.558 DBG] Quotes :: Time to save 12.3806ms
[2026-02-12 14:54:46.661 DBG] Config :: Time to save 15.3268ms
[2026-02-12 14:54:49.275 DBG] ViewerRepo :: UpdatePresence(twitch, 5), 0.0337ms
[2026-02-12 14:54:49.327 DBG] TwitchService :: Presence Timer :: Artificially updated presence with a threshold of 5 minutes (51.3016ms)
[2026-02-12 14:55:49.286 DBG] ViewerRepo :: UpdatePresence(twitch, 5), 0.0324ms
[2026-02-12 14:55:49.342 DBG] TwitchService :: Presence Timer :: Artificially updated presence with a threshold of 5 minutes (56.9627ms)
[2026-02-12 14:56:49.294 DBG] ViewerRepo :: UpdatePresence(twitch, 5), 0.0301ms
[2026-02-12 14:56:49.354 DBG] TwitchService :: Presence Timer :: Artificially updated presence with a threshold of 5 minutes (60.8671ms)
[2026-02-12 14:57:49.300 DBG] ViewerRepo :: UpdatePresence(twitch, 5), 0.0327ms
[2026-02-12 14:57:49.355 DBG] TwitchService :: Presence Timer :: Artificially updated presence with a threshold of 5 minutes (55.504ms)
[2026-02-12 14:58:49.305 DBG] ViewerRepo :: UpdatePresence(twitch, 5), 0.0581ms
[2026-02-12 14:58:49.362 DBG] TwitchService :: Presence Timer :: Artificially updated presence with a threshold of 5 minutes (57.3499ms)
[2026-02-12 14:59:42.010 DBG] Credits :: Time to save 13.1849ms
[2026-02-12 14:59:46.646 DBG] AutoSave :: Auto saving settings...
[2026-02-12 14:59:46.660 DBG] Users :: Time to save 15.3263ms
[2026-02-12 14:59:46.679 DBG] Actions :: Time to save 17.9479ms
[2026-02-12 14:59:46.693 DBG] Commands :: Time to save 14.419ms
[2026-02-12 14:59:46.705 DBG] Twitch Rewards :: Time to save 12.6841ms
[2026-02-12 14:59:46.716 DBG] Midi :: Time to save 10.6666ms
[2026-02-12 14:59:46.727 DBG] OBS Settings :: Time to save 10.7735ms
[2026-02-12 14:59:46.737 DBG] MeldStudio Settings :: Time to save 10.3521ms
[2026-02-12 14:59:46.748 DBG] Credits :: Time to save 10.8985ms
[2026-02-12 14:59:46.761 DBG] Quotes :: Time to save 12.2108ms
[2026-02-12 14:59:46.865 DBG] Config :: Time to save 16.3026ms
[2026-02-12 14:59:49.306 DBG] ViewerRepo :: UpdatePresence(twitch, 5), 0.0302ms
[2026-02-12 14:59:49.361 DBG] TwitchService :: Presence Timer :: Artificially updated presence with a threshold of 5 minutes (54.747ms)
[2026-02-12 15:00:49.315 DBG] ViewerRepo :: UpdatePresence(twitch, 5), 0.0315ms
[2026-02-12 15:00:49.373 DBG] TwitchService :: Presence Timer :: Artificially updated presence with a threshold of 5 minutes (57.3177ms)
[2026-02-12 15:01:49.323 DBG] ViewerRepo :: UpdatePresence(twitch, 5), 0.0552ms
[2026-02-12 15:01:49.384 DBG] TwitchService :: Presence Timer :: Artificially updated presence with a threshold of 5 minutes (60.9597ms)
[2026-02-12 15:02:49.336 DBG] ViewerRepo :: UpdatePresence(twitch, 5), 0.0553ms
[2026-02-12 15:02:49.396 DBG] TwitchService :: Presence Timer :: Artificially updated presence with a threshold of 5 minutes (60.1017ms)
[2026-02-12 15:03:49.346 DBG] ViewerRepo :: UpdatePresence(twitch, 5), 0.0325ms
[2026-02-12 15:03:49.402 DBG] TwitchService :: Presence Timer :: Artificially updated presence with a threshold of 5 minutes (56.5641ms)
[2026-02-12 15:04:41.444 DBG] ActionDispatcher :: Queueing 'Sub Goal' (361aa588-5f31-4e19-b8a5-099cae52479d, TimedAction) to 'Default' (00000000-0000-0000-0000-000000000000), with 11 arguments
[2026-02-12 15:04:41.444 DBG] ActionQueue :: 'Default' (00000000-0000-0000-0000-000000000000) :: Enqueue action 361aa588-5f31-4e19-b8a5-099cae52479d
[2026-02-12 15:04:41.444 DBG] ActionQueue :: 'Default' (00000000-0000-0000-0000-000000000000) :: Handling queue
[2026-02-12 15:04:41.444 DBG] ActionQueue :: 'Default' (00000000-0000-0000-0000-000000000000) :: Performing non-blocking 'Sub Goal' (361aa588-5f31-4e19-b8a5-099cae52479d, c2c564f2-ced8-4928-9e1b-f748521f1cc5)
[2026-02-12 15:04:42.018 DBG] Credits :: Time to save 12.9592ms
[2026-02-12 15:04:46.857 DBG] AutoSave :: Auto saving settings...
[2026-02-12 15:04:46.872 DBG] Users :: Time to save 15.4567ms
[2026-02-12 15:04:46.892 DBG] Actions :: Time to save 19.0706ms
[2026-02-12 15:04:46.905 DBG] Commands :: Time to save 13.424ms
[2026-02-12 15:04:46.918 DBG] Twitch Rewards :: Time to save 13.507ms
[2026-02-12 15:04:46.930 DBG] Midi :: Time to save 11.1477ms
[2026-02-12 15:04:46.941 DBG] OBS Settings :: Time to save 10.4702ms
[2026-02-12 15:04:46.951 DBG] MeldStudio Settings :: Time to save 10.0266ms
[2026-02-12 15:04:46.961 DBG] Credits :: Time to save 10.6697ms
[2026-02-12 15:04:46.973 DBG] Quotes :: Time to save 12.5114ms
[2026-02-12 15:04:47.075 DBG] Config :: Time to save 14.4708ms
[2026-02-12 15:04:49.362 DBG] ViewerRepo :: UpdatePresence(twitch, 5), 0.0323ms
[2026-02-12 15:04:49.417 DBG] TwitchService :: Presence Timer :: Artificially updated presence with a threshold of 5 minutes (55.8441ms)
[2026-02-12 15:05:49.371 DBG] ViewerRepo :: UpdatePresence(twitch, 5), 0.0319ms
[2026-02-12 15:05:49.424 DBG] TwitchService :: Presence Timer :: Artificially updated presence with a threshold of 5 minutes (54.1301ms)
[2026-02-12 15:06:49.376 DBG] ViewerRepo :: UpdatePresence(twitch, 5), 0.0309ms
[2026-02-12 15:06:49.430 DBG] TwitchService :: Presence Timer :: Artificially updated presence with a threshold of 5 minutes (53.7513ms)
[2026-02-12 15:07:49.386 DBG] ViewerRepo :: UpdatePresence(twitch, 5), 0.0312ms
[2026-02-12 15:07:49.444 DBG] TwitchService :: Presence Timer :: Artificially updated presence with a threshold of 5 minutes (58.1092ms)
[2026-02-12 15:08:49.400 DBG] ViewerRepo :: UpdatePresence(twitch, 5), 0.0322ms
[2026-02-12 15:08:49.458 DBG] TwitchService :: Presence Timer :: Artificially updated presence with a threshold of 5 minutes (58.631ms)
[2026-02-12 15:09:42.044 DBG] Credits :: Time to save 12.95ms
[2026-02-12 15:09:47.050 DBG] AutoSave :: Auto saving settings...
[2026-02-12 15:09:47.066 DBG] Users :: Time to save 16.4457ms
[2026-02-12 15:09:47.083 DBG] Actions :: Time to save 17.2002ms
[2026-02-12 15:09:47.096 DBG] Commands :: Time to save 13.2333ms
[2026-02-12 15:09:47.108 DBG] Twitch Rewards :: Time to save 12.2819ms
[2026-02-12 15:09:47.120 DBG] Midi :: Time to save 11.2313ms
[2026-02-12 15:09:47.132 DBG] OBS Settings :: Time to save 11.5319ms
[2026-02-12 15:09:47.142 DBG] MeldStudio Settings :: Time to save 10.9291ms
[2026-02-12 15:09:47.153 DBG] Credits :: Time to save 10.9414ms
[2026-02-12 15:09:47.167 DBG] Quotes :: Time to save 13.8928ms
[2026-02-12 15:09:47.268 DBG] Config :: Time to save 15.0518ms
[2026-02-12 15:09:49.413 DBG] ViewerRepo :: UpdatePresence(twitch, 5), 0.0309ms
[2026-02-12 15:09:49.466 DBG] TwitchService :: Presence Timer :: Artificially updated presence with a threshold of 5 minutes (53.17ms)
[2026-02-12 15:10:49.425 DBG] ViewerRepo :: UpdatePresence(twitch, 5), 0.032ms
[2026-02-12 15:10:49.482 DBG] TwitchService :: Presence Timer :: Artificially updated presence with a threshold of 5 minutes (57.3722ms)
[2026-02-12 15:11:49.432 DBG] ViewerRepo :: UpdatePresence(twitch, 5), 0.0413ms
[2026-02-12 15:11:49.491 DBG] TwitchService :: Presence Timer :: Artificially updated presence with a threshold of 5 minutes (59.0923ms)
[2026-02-12 15:12:49.445 DBG] ViewerRepo :: UpdatePresence(twitch, 5), 0.0309ms
[2026-02-12 15:12:49.501 DBG] TwitchService :: Presence Timer :: Artificially updated presence with a threshold of 5 minutes (56.2607ms)
[2026-02-12 15:13:49.447 DBG] ViewerRepo :: UpdatePresence(twitch, 5), 0.0315ms
[2026-02-12 15:13:49.502 DBG] TwitchService :: Presence Timer :: Artificially updated presence with a threshold of 5 minutes (55.243ms)
[2026-02-12 15:14:42.058 DBG] Credits :: Time to save 13.296ms
[2026-02-12 15:14:42.233 DBG] ActionDispatcher :: Queueing 'Sub Goal' (361aa588-5f31-4e19-b8a5-099cae52479d, TimedAction) to 'Default' (00000000-0000-0000-0000-000000000000), with 11 arguments
[2026-02-12 15:14:42.233 DBG] ActionQueue :: 'Default' (00000000-0000-0000-0000-000000000000) :: Enqueue action 361aa588-5f31-4e19-b8a5-099cae52479d
[2026-02-12 15:14:42.233 DBG] ActionQueue :: 'Default' (00000000-0000-0000-0000-000000000000) :: Handling queue
[2026-02-12 15:14:42.233 DBG] ActionQueue :: 'Default' (00000000-0000-0000-0000-000000000000) :: Performing non-blocking 'Sub Goal' (361aa588-5f31-4e19-b8a5-099cae52479d, 63584f64-be4b-4c6a-b58f-f8b3f3a3c19c)
[2026-02-12 15:14:47.245 DBG] AutoSave :: Auto saving settings...
[2026-02-12 15:14:47.262 DBG] Users :: Time to save 16.1902ms
[2026-02-12 15:14:47.279 DBG] Actions :: Time to save 17.5056ms
[2026-02-12 15:14:47.291 DBG] Commands :: Time to save 13.393ms
[2026-02-12 15:14:47.305 DBG] Twitch Rewards :: Time to save 12.8994ms
[2026-02-12 15:14:47.317 DBG] Midi :: Time to save 11.2083ms
[2026-02-12 15:14:47.330 DBG] OBS Settings :: Time to save 12.976ms
[2026-02-12 15:14:47.342 DBG] MeldStudio Settings :: Time to save 11.6103ms
[2026-02-12 15:14:47.352 DBG] Credits :: Time to save 10.9351ms
[2026-02-12 15:14:47.365 DBG] Quotes :: Time to save 12.7059ms
[2026-02-12 15:14:47.464 DBG] Config :: Time to save 15.1105ms
[2026-02-12 15:14:49.451 DBG] ViewerRepo :: UpdatePresence(twitch, 5), 0.0305ms
[2026-02-12 15:14:49.508 DBG] TwitchService :: Presence Timer :: Artificially updated presence with a threshold of 5 minutes (57.8251ms)
[2026-02-12 15:15:49.452 DBG] ViewerRepo :: UpdatePresence(twitch, 5), 0.0312ms
[2026-02-12 15:15:49.505 DBG] TwitchService :: Presence Timer :: Artificially updated presence with a threshold of 5 minutes (53.7656ms)
[2026-02-12 15:16:49.458 DBG] ViewerRepo :: UpdatePresence(twitch, 5), 0.0303ms
[2026-02-12 15:16:49.514 DBG] TwitchService :: Presence Timer :: Artificially updated presence with a threshold of 5 minutes (55.8077ms)
[2026-02-12 15:17:49.473 DBG] ViewerRepo :: UpdatePresence(twitch, 5), 0.0382ms
[2026-02-12 15:17:49.528 DBG] TwitchService :: Presence Timer :: Artificially updated presence with a threshold of 5 minutes (55.0823ms)
[2026-02-12 15:18:49.476 DBG] ViewerRepo :: UpdatePresence(twitch, 5), 0.0302ms
[2026-02-12 15:18:49.798 DBG] TwitchService :: Presence Timer :: Artificially updated presence with a threshold of 5 minutes (322.7746ms)
[2026-02-12 15:19:42.070 DBG] Credits :: Time to save 15.0304ms
[2026-02-12 15:19:47.461 DBG] AutoSave :: Auto saving settings...
[2026-02-12 15:19:47.476 DBG] Users :: Time to save 15.6789ms
[2026-02-12 15:19:47.493 DBG] Actions :: Time to save 17.3233ms
[2026-02-12 15:19:47.507 DBG] Commands :: Time to save 14.255ms
[2026-02-12 15:19:47.521 DBG] Twitch Rewards :: Time to save 13.2485ms
[2026-02-12 15:19:47.532 DBG] Midi :: Time to save 11.2347ms
[2026-02-12 15:19:47.544 DBG] OBS Settings :: Time to save 12.0995ms
[2026-02-12 15:19:47.555 DBG] MeldStudio Settings :: Time to save 11.2414ms
[2026-02-12 15:19:47.566 DBG] Credits :: Time to save 10.6003ms
[2026-02-12 15:19:47.579 DBG] Quotes :: Time to save 12.8024ms
[2026-02-12 15:19:47.677 DBG] Config :: Time to save 14.6711ms
[2026-02-12 15:19:49.491 DBG] ViewerRepo :: UpdatePresence(twitch, 5), 0.0304ms
[2026-02-12 15:19:49.553 DBG] TwitchService :: Presence Timer :: Artificially updated presence with a threshold of 5 minutes (62.0666ms)
[2026-02-12 15:20:49.503 DBG] ViewerRepo :: UpdatePresence(twitch, 5), 0.0299ms
[2026-02-12 15:20:49.562 DBG] TwitchService :: Presence Timer :: Artificially updated presence with a threshold of 5 minutes (59.0299ms)
[2026-02-12 15:21:49.517 DBG] ViewerRepo :: UpdatePresence(twitch, 5), 0.0302ms
[2026-02-12 15:21:49.573 DBG] TwitchService :: Presence Timer :: Artificially updated presence with a threshold of 5 minutes (56.7281ms)
[2026-02-12 15:22:49.530 DBG] ViewerRepo :: UpdatePresence(twitch, 5), 0.0303ms
[2026-02-12 15:22:49.583 DBG] TwitchService :: Presence Timer :: Artificially updated presence with a threshold of 5 minutes (52.6471ms)
[2026-02-12 15:23:49.542 DBG] ViewerRepo :: UpdatePresence(twitch, 5), 0.0309ms
[2026-02-12 15:23:49.598 DBG] TwitchService :: Presence Timer :: Artificially updated presence with a threshold of 5 minutes (56.2152ms)
[2026-02-12 15:24:42.076 DBG] Credits :: Time to save 13.5347ms
[2026-02-12 15:24:42.781 DBG] ActionDispatcher :: Queueing 'Sub Goal' (361aa588-5f31-4e19-b8a5-099cae52479d, TimedAction) to 'Default' (00000000-0000-0000-0000-000000000000), with 11 arguments
[2026-02-12 15:24:42.781 DBG] ActionQueue :: 'Default' (00000000-0000-0000-0000-000000000000) :: Enqueue action 361aa588-5f31-4e19-b8a5-099cae52479d
[2026-02-12 15:24:42.781 DBG] ActionQueue :: 'Default' (00000000-0000-0000-0000-000000000000) :: Handling queue
[2026-02-12 15:24:42.781 DBG] ActionQueue :: 'Default' (00000000-0000-0000-0000-000000000000) :: Performing non-blocking 'Sub Goal' (361aa588-5f31-4e19-b8a5-099cae52479d, f86a2b6a-1a9c-4a1c-9f38-0850c64da0f4)
[2026-02-12 15:24:47.636 DBG] AutoSave :: Auto saving settings...
[2026-02-12 15:24:47.651 DBG] Users :: Time to save 15.1999ms
[2026-02-12 15:24:47.669 DBG] Actions :: Time to save 17.9686ms
[2026-02-12 15:24:47.683 DBG] Commands :: Time to save 14.0719ms
[2026-02-12 15:24:47.697 DBG] Twitch Rewards :: Time to save 13.2051ms
[2026-02-12 15:24:47.709 DBG] Midi :: Time to save 11.4563ms
[2026-02-12 15:24:47.721 DBG] OBS Settings :: Time to save 12.0705ms
[2026-02-12 15:24:47.732 DBG] MeldStudio Settings :: Time to save 10.9722ms
[2026-02-12 15:24:47.742 DBG] Credits :: Time to save 10.9244ms
[2026-02-12 15:24:47.756 DBG] Quotes :: Time to save 14.4587ms
[2026-02-12 15:24:47.855 DBG] Config :: Time to save 14.8156ms
[2026-02-12 15:24:49.547 DBG] ViewerRepo :: UpdatePresence(twitch, 5), 0.0332ms
[2026-02-12 15:24:49.609 DBG] TwitchService :: Presence Timer :: Artificially updated presence with a threshold of 5 minutes (62.4235ms)
[2026-02-12 15:25:49.556 DBG] ViewerRepo :: UpdatePresence(twitch, 5), 0.032ms
[2026-02-12 15:25:49.612 DBG] TwitchService :: Presence Timer :: Artificially updated presence with a threshold of 5 minutes (55.9042ms)
[2026-02-12 15:26:49.565 DBG] ViewerRepo :: UpdatePresence(twitch, 5), 0.0314ms
[2026-02-12 15:26:49.620 DBG] TwitchService :: Presence Timer :: Artificially updated presence with a threshold of 5 minutes (55.5916ms)
[2026-02-12 15:27:49.567 DBG] ViewerRepo :: UpdatePresence(twitch, 5), 0.0316ms
[2026-02-12 15:27:49.619 DBG] TwitchService :: Presence Timer :: Artificially updated presence with a threshold of 5 minutes (52.3301ms)
[2026-02-12 15:28:49.577 DBG] ViewerRepo :: UpdatePresence(twitch, 5), 0.0312ms
[2026-02-12 15:28:49.633 DBG] TwitchService :: Presence Timer :: Artificially updated presence with a threshold of 5 minutes (56.2103ms)
[2026-02-12 15:29:42.090 DBG] Credits :: Time to save 13.0504ms
[2026-02-12 15:29:47.838 DBG] AutoSave :: Auto saving settings...
[2026-02-12 15:29:47.853 DBG] Users :: Time to save 15.2038ms
[2026-02-12 15:29:47.870 DBG] Actions :: Time to save 17.1201ms
[2026-02-12 15:29:47.885 DBG] Commands :: Time to save 14.447ms
[2026-02-12 15:29:47.898 DBG] Twitch Rewards :: Time to save 13.2008ms
[2026-02-12 15:29:47.908 DBG] Midi :: Time to save 10.9987ms
[2026-02-12 15:29:47.919 DBG] OBS Settings :: Time to save 10.1627ms
[2026-02-12 15:29:47.931 DBG] MeldStudio Settings :: Time to save 11.1194ms
[2026-02-12 15:29:47.941 DBG] Credits :: Time to save 10.2908ms
[2026-02-12 15:29:47.953 DBG] Quotes :: Time to save 12.5689ms
[2026-02-12 15:29:48.055 DBG] Config :: Time to save 14.661ms
[2026-02-12 15:29:49.578 DBG] ViewerRepo :: UpdatePresence(twitch, 5), 0.0303ms
[2026-02-12 15:29:49.636 DBG] TwitchService :: Presence Timer :: Artificially updated presence with a threshold of 5 minutes (57.7106ms)
[2026-02-12 15:30:49.594 DBG] ViewerRepo :: UpdatePresence(twitch, 5), 0.0483ms
[2026-02-12 15:30:49.647 DBG] TwitchService :: Presence Timer :: Artificially updated presence with a threshold of 5 minutes (53.5451ms)
[2026-02-12 15:31:49.600 DBG] ViewerRepo :: UpdatePresence(twitch, 5), 0.0322ms
[2026-02-12 15:31:49.660 DBG] TwitchService :: Presence Timer :: Artificially updated presence with a threshold of 5 minutes (60.7271ms)
[2026-02-12 15:32:49.609 DBG] ViewerRepo :: UpdatePresence(twitch, 5), 0.0316ms
[2026-02-12 15:32:49.679 DBG] TwitchService :: Presence Timer :: Artificially updated presence with a threshold of 5 minutes (69.8369ms)
[2026-02-12 15:33:49.624 DBG] ViewerRepo :: UpdatePresence(twitch, 5), 0.0308ms
[2026-02-12 15:33:49.682 DBG] TwitchService :: Presence Timer :: Artificially updated presence with a threshold of 5 minutes (58.398ms)
[2026-02-12 15:34:42.094 DBG] Credits :: Time to save 12.919ms
[2026-02-12 15:34:42.929 DBG] ActionDispatcher :: Queueing 'Sub Goal' (361aa588-5f31-4e19-b8a5-099cae52479d, TimedAction) to 'Default' (00000000-0000-0000-0000-000000000000), with 11 arguments
[2026-02-12 15:34:42.929 DBG] ActionQueue :: 'Default' (00000000-0000-0000-0000-000000000000) :: Enqueue action 361aa588-5f31-4e19-b8a5-099cae52479d
[2026-02-12 15:34:42.929 DBG] ActionQueue :: 'Default' (00000000-0000-0000-0000-000000000000) :: Handling queue
[2026-02-12 15:34:42.929 DBG] ActionQueue :: 'Default' (00000000-0000-0000-0000-000000000000) :: Performing non-blocking 'Sub Goal' (361aa588-5f31-4e19-b8a5-099cae52479d, e45b7e76-b860-4798-a9c0-44b51f6bd12c)
[2026-02-12 15:34:48.054 DBG] AutoSave :: Auto saving settings...
[2026-02-12 15:34:48.070 DBG] Users :: Time to save 16.432ms
[2026-02-12 15:34:48.088 DBG] Actions :: Time to save 17.4788ms
[2026-02-12 15:34:48.101 DBG] Commands :: Time to save 13.1864ms
[2026-02-12 15:34:48.114 DBG] Twitch Rewards :: Time to save 12.6756ms
[2026-02-12 15:34:48.125 DBG] Midi :: Time to save 10.768ms
[2026-02-12 15:34:48.136 DBG] OBS Settings :: Time to save 10.9135ms
[2026-02-12 15:34:48.146 DBG] MeldStudio Settings :: Time to save 10.2122ms
[2026-02-12 15:34:48.157 DBG] Credits :: Time to save 11.4293ms
[2026-02-12 15:34:48.170 DBG] Quotes :: Time to save 13.1129ms
[2026-02-12 15:34:48.271 DBG] Config :: Time to save 14.7487ms
[2026-02-12 15:34:49.638 DBG] ViewerRepo :: UpdatePresence(twitch, 5), 0.032ms
[2026-02-12 15:34:50.182 DBG] TwitchService :: Presence Timer :: Artificially updated presence with a threshold of 5 minutes (544.039ms)
[2026-02-12 15:35:49.650 DBG] ViewerRepo :: UpdatePresence(twitch, 5), 0.0302ms
[2026-02-12 15:35:49.710 DBG] TwitchService :: Presence Timer :: Artificially updated presence with a threshold of 5 minutes (60.6814ms)
[2026-02-12 15:36:49.659 DBG] ViewerRepo :: UpdatePresence(twitch, 5), 0.0298ms
[2026-02-12 15:36:49.718 DBG] TwitchService :: Presence Timer :: Artificially updated presence with a threshold of 5 minutes (58.9727ms)
[2026-02-12 15:37:49.675 DBG] ViewerRepo :: UpdatePresence(twitch, 5), 0.0307ms
[2026-02-12 15:37:49.727 DBG] TwitchService :: Presence Timer :: Artificially updated presence with a threshold of 5 minutes (53.0473ms)
[2026-02-12 15:38:49.679 DBG] ViewerRepo :: UpdatePresence(twitch, 5), 0.0311ms
[2026-02-12 15:38:49.731 DBG] TwitchService :: Presence Timer :: Artificially updated presence with a threshold of 5 minutes (52.2471ms)
[2026-02-12 15:39:42.094 DBG] Credits :: Time to save 12.9069ms
[2026-02-12 15:39:48.258 DBG] AutoSave :: Auto saving settings...
[2026-02-12 15:39:48.273 DBG] Users :: Time to save 15.2042ms
[2026-02-12 15:39:48.290 DBG] Actions :: Time to save 17.326ms
[2026-02-12 15:39:48.304 DBG] Commands :: Time to save 13.535ms
[2026-02-12 15:39:48.317 DBG] Twitch Rewards :: Time to save 13.0544ms
[2026-02-12 15:39:48.327 DBG] Midi :: Time to save 10.6388ms
[2026-02-12 15:39:48.339 DBG] OBS Settings :: Time to save 11.4202ms
[2026-02-12 15:39:48.350 DBG] MeldStudio Settings :: Time to save 10.6264ms
[2026-02-12 15:39:48.360 DBG] Credits :: Time to save 10.353ms
[2026-02-12 15:39:48.372 DBG] Quotes :: Time to save 12.4589ms
[2026-02-12 15:39:48.477 DBG] Config :: Time to save 15.9449ms
[2026-02-12 15:39:49.695 DBG] ViewerRepo :: UpdatePresence(twitch, 5), 0.0309ms
[2026-02-12 15:39:49.749 DBG] TwitchService :: Presence Timer :: Artificially updated presence with a threshold of 5 minutes (54.3834ms)
[2026-02-12 15:40:49.706 DBG] ViewerRepo :: UpdatePresence(twitch, 5), 0.0316ms
[2026-02-12 15:40:49.760 DBG] TwitchService :: Presence Timer :: Artificially updated presence with a threshold of 5 minutes (54.4392ms)
[2026-02-12 15:41:49.720 DBG] ViewerRepo :: UpdatePresence(twitch, 5), 0.0307ms
[2026-02-12 15:41:49.776 DBG] TwitchService :: Presence Timer :: Artificially updated presence with a threshold of 5 minutes (55.6703ms)
[2026-02-12 15:42:49.733 DBG] ViewerRepo :: UpdatePresence(twitch, 5), 0.0308ms
[2026-02-12 15:42:49.786 DBG] TwitchService :: Presence Timer :: Artificially updated presence with a threshold of 5 minutes (53.7369ms)
[2026-02-12 15:43:49.737 DBG] ViewerRepo :: UpdatePresence(twitch, 5), 0.0314ms
[2026-02-12 15:43:49.790 DBG] TwitchService :: Presence Timer :: Artificially updated presence with a threshold of 5 minutes (53.9121ms)
[2026-02-12 15:44:42.106 DBG] Credits :: Time to save 13.1885ms
[2026-02-12 15:44:43.236 DBG] ActionDispatcher :: Queueing 'Sub Goal' (361aa588-5f31-4e19-b8a5-099cae52479d, TimedAction) to 'Default' (00000000-0000-0000-0000-000000000000), with 11 arguments
[2026-02-12 15:44:43.236 DBG] ActionQueue :: 'Default' (00000000-0000-0000-0000-000000000000) :: Enqueue action 361aa588-5f31-4e19-b8a5-099cae52479d
[2026-02-12 15:44:43.236 DBG] ActionQueue :: 'Default' (00000000-0000-0000-0000-000000000000) :: Handling queue
[2026-02-12 15:44:43.236 DBG] ActionQueue :: 'Default' (00000000-0000-0000-0000-000000000000) :: Performing non-blocking 'Sub Goal' (361aa588-5f31-4e19-b8a5-099cae52479d, 0d5f2e8a-051b-4abc-8d21-397559745287)
[2026-02-12 15:44:48.442 DBG] AutoSave :: Auto saving settings...
[2026-02-12 15:44:48.460 DBG] Users :: Time to save 17.9388ms
[2026-02-12 15:44:48.480 DBG] Actions :: Time to save 20.2903ms
[2026-02-12 15:44:48.497 DBG] Commands :: Time to save 16.0084ms
[2026-02-12 15:44:48.511 DBG] Twitch Rewards :: Time to save 14.9747ms
[2026-02-12 15:44:48.525 DBG] Midi :: Time to save 12.9801ms
[2026-02-12 15:44:48.537 DBG] OBS Settings :: Time to save 12.2191ms
[2026-02-12 15:44:48.548 DBG] MeldStudio Settings :: Time to save 11.2571ms
[2026-02-12 15:44:48.559 DBG] Credits :: Time to save 11.2147ms
[2026-02-12 15:44:48.572 DBG] Quotes :: Time to save 13.5545ms
[2026-02-12 15:44:48.661 DBG] Config :: Time to save 14.8914ms
[2026-02-12 15:44:49.743 DBG] ViewerRepo :: UpdatePresence(twitch, 5), 0.0413ms
[2026-02-12 15:44:49.801 DBG] TwitchService :: Presence Timer :: Artificially updated presence with a threshold of 5 minutes (59.2043ms)
[2026-02-12 15:45:49.749 DBG] ViewerRepo :: UpdatePresence(twitch, 5), 0.0321ms
[2026-02-12 15:45:49.803 DBG] TwitchService :: Presence Timer :: Artificially updated presence with a threshold of 5 minutes (54.563ms)
[2026-02-12 15:46:49.755 DBG] ViewerRepo :: UpdatePresence(twitch, 5), 0.0311ms
[2026-02-12 15:46:49.814 DBG] TwitchService :: Presence Timer :: Artificially updated presence with a threshold of 5 minutes (58.3586ms)
[2026-02-12 15:47:49.757 DBG] ViewerRepo :: UpdatePresence(twitch, 5), 0.0317ms
[2026-02-12 15:47:49.811 DBG] TwitchService :: Presence Timer :: Artificially updated presence with a threshold of 5 minutes (54.9362ms)
[2026-02-12 15:48:49.769 DBG] ViewerRepo :: UpdatePresence(twitch, 5), 0.0319ms
[2026-02-12 15:48:49.826 DBG] TwitchService :: Presence Timer :: Artificially updated presence with a threshold of 5 minutes (57.4207ms)
[2026-02-12 15:49:42.121 DBG] Credits :: Time to save 13.7348ms
[2026-02-12 15:49:48.644 DBG] AutoSave :: Auto saving settings...
[2026-02-12 15:49:48.660 DBG] Users :: Time to save 15.714ms
[2026-02-12 15:49:48.677 DBG] Actions :: Time to save 18.0055ms
[2026-02-12 15:49:48.691 DBG] Commands :: Time to save 13.1612ms
[2026-02-12 15:49:48.704 DBG] Twitch Rewards :: Time to save 12.9137ms
[2026-02-12 15:49:48.715 DBG] Midi :: Time to save 10.6092ms
[2026-02-12 15:49:48.726 DBG] OBS Settings :: Time to save 11.0351ms
[2026-02-12 15:49:48.737 DBG] MeldStudio Settings :: Time to save 10.6909ms
[2026-02-12 15:49:48.748 DBG] Credits :: Time to save 11.0034ms
[2026-02-12 15:49:48.761 DBG] Quotes :: Time to save 13.5694ms
[2026-02-12 15:49:48.865 DBG] Config :: Time to save 15.465ms
[2026-02-12 15:49:49.771 DBG] ViewerRepo :: UpdatePresence(twitch, 5), 0.0313ms
[2026-02-12 15:49:49.823 DBG] TwitchService :: Presence Timer :: Artificially updated presence with a threshold of 5 minutes (52.0152ms)
[2026-02-12 15:50:49.777 DBG] ViewerRepo :: UpdatePresence(twitch, 5), 0.03ms
[2026-02-12 15:50:49.831 DBG] TwitchService :: Presence Timer :: Artificially updated presence with a threshold of 5 minutes (54.2509ms)
[2026-02-12 15:51:49.789 DBG] ViewerRepo :: UpdatePresence(twitch, 5), 0.0305ms
[2026-02-12 15:51:49.848 DBG] TwitchService :: Presence Timer :: Artificially updated presence with a threshold of 5 minutes (58.6401ms)
[2026-02-12 15:52:49.791 DBG] ViewerRepo :: UpdatePresence(twitch, 5), 0.03ms
[2026-02-12 15:52:49.843 DBG] TwitchService :: Presence Timer :: Artificially updated presence with a threshold of 5 minutes (52.3643ms)
[2026-02-12 15:53:49.805 DBG] ViewerRepo :: UpdatePresence(twitch, 5), 0.0334ms
[2026-02-12 15:53:49.861 DBG] TwitchService :: Presence Timer :: Artificially updated presence with a threshold of 5 minutes (56.7131ms)
[2026-02-12 15:54:42.134 DBG] Credits :: Time to save 14.7688ms
[2026-02-12 15:54:44.189 DBG] ActionDispatcher :: Queueing 'Sub Goal' (361aa588-5f31-4e19-b8a5-099cae52479d, TimedAction) to 'Default' (00000000-0000-0000-0000-000000000000), with 11 arguments
[2026-02-12 15:54:44.189 DBG] ActionQueue :: 'Default' (00000000-0000-0000-0000-000000000000) :: Enqueue action 361aa588-5f31-4e19-b8a5-099cae52479d
[2026-02-12 15:54:44.189 DBG] ActionQueue :: 'Default' (00000000-0000-0000-0000-000000000000) :: Handling queue
[2026-02-12 15:54:44.189 DBG] ActionQueue :: 'Default' (00000000-0000-0000-0000-000000000000) :: Performing non-blocking 'Sub Goal' (361aa588-5f31-4e19-b8a5-099cae52479d, 30b83448-92af-4603-9811-7bbac412d4b6)
[2026-02-12 15:54:48.857 DBG] AutoSave :: Auto saving settings...
[2026-02-12 15:54:48.873 DBG] Users :: Time to save 16.6441ms
[2026-02-12 15:54:48.891 DBG] Actions :: Time to save 18.6201ms
[2026-02-12 15:54:48.907 DBG] Commands :: Time to save 15.1431ms
[2026-02-12 15:54:48.920 DBG] Twitch Rewards :: Time to save 13.1789ms
[2026-02-12 15:54:48.931 DBG] Midi :: Time to save 10.9609ms
[2026-02-12 15:54:48.944 DBG] OBS Settings :: Time to save 12.6659ms
[2026-02-12 15:54:48.956 DBG] MeldStudio Settings :: Time to save 11.8561ms
[2026-02-12 15:54:48.967 DBG] Credits :: Time to save 10.6121ms
[2026-02-12 15:54:48.980 DBG] Quotes :: Time to save 13.033ms
[2026-02-12 15:54:49.074 DBG] Config :: Time to save 15.0593ms
[2026-02-12 15:54:49.809 DBG] ViewerRepo :: UpdatePresence(twitch, 5), 0.0312ms
[2026-02-12 15:54:50.131 DBG] TwitchService :: Presence Timer :: Artificially updated presence with a threshold of 5 minutes (322.2042ms)
[2026-02-12 15:55:49.813 DBG] ViewerRepo :: UpdatePresence(twitch, 5), 0.0406ms
[2026-02-12 15:55:49.865 DBG] TwitchService :: Presence Timer :: Artificially updated presence with a threshold of 5 minutes (53.5735ms)
[2026-02-12 15:56:49.826 DBG] ViewerRepo :: UpdatePresence(twitch, 5), 0.0302ms
[2026-02-12 15:56:49.881 DBG] TwitchService :: Presence Timer :: Artificially updated presence with a threshold of 5 minutes (55.7214ms)
[2026-02-12 15:57:49.831 DBG] ViewerRepo :: UpdatePresence(twitch, 5), 0.0312ms
[2026-02-12 15:57:49.882 DBG] TwitchService :: Presence Timer :: Artificially updated presence with a threshold of 5 minutes (52.4173ms)
[2026-02-12 15:58:49.835 DBG] ViewerRepo :: UpdatePresence(twitch, 5), 0.0309ms
[2026-02-12 15:58:49.894 DBG] TwitchService :: Presence Timer :: Artificially updated presence with a threshold of 5 minutes (58.478ms)
[2026-02-12 15:59:42.134 DBG] Credits :: Time to save 13.7364ms
[2026-02-12 15:59:49.085 DBG] AutoSave :: Auto saving settings...
[2026-02-12 15:59:49.100 DBG] Users :: Time to save 15.1462ms
[2026-02-12 15:59:49.117 DBG] Actions :: Time to save 17.0475ms
[2026-02-12 15:59:49.131 DBG] Commands :: Time to save 13.4793ms
[2026-02-12 15:59:49.143 DBG] Twitch Rewards :: Time to save 12.8392ms
[2026-02-12 15:59:49.154 DBG] Midi :: Time to save 10.5842ms
[2026-02-12 15:59:49.165 DBG] OBS Settings :: Time to save 11.6388ms
[2026-02-12 15:59:49.178 DBG] MeldStudio Settings :: Time to save 12.5414ms
[2026-02-12 15:59:49.189 DBG] Credits :: Time to save 10.6376ms
[2026-02-12 15:59:49.202 DBG] Quotes :: Time to save 12.8231ms
[2026-02-12 15:59:49.301 DBG] Config :: Time to save 14.5266ms
[2026-02-12 15:59:49.851 DBG] ViewerRepo :: UpdatePresence(twitch, 5), 0.0315ms
[2026-02-12 15:59:49.907 DBG] TwitchService :: Presence Timer :: Artificially updated presence with a threshold of 5 minutes (57.7318ms)
[2026-02-12 16:00:49.851 DBG] ViewerRepo :: UpdatePresence(twitch, 5), 0.5335ms
[2026-02-12 16:00:49.904 DBG] TwitchService :: Presence Timer :: Artificially updated presence with a threshold of 5 minutes (53.4924ms)
[2026-02-12 16:01:49.876 DBG] ViewerRepo :: UpdatePresence(twitch, 5), 0.0299ms
[2026-02-12 16:01:49.932 DBG] TwitchService :: Presence Timer :: Artificially updated presence with a threshold of 5 minutes (56.9435ms)
[2026-02-12 16:02:49.885 DBG] ViewerRepo :: UpdatePresence(twitch, 5), 0.0308ms
[2026-02-12 16:02:49.941 DBG] TwitchService :: Presence Timer :: Artificially updated presence with a threshold of 5 minutes (56.4314ms)
[2026-02-12 16:03:49.891 DBG] ViewerRepo :: UpdatePresence(twitch, 5), 0.0306ms
[2026-02-12 16:03:49.942 DBG] TwitchService :: Presence Timer :: Artificially updated presence with a threshold of 5 minutes (51.8298ms)
[2026-02-12 16:04:42.138 DBG] Credits :: Time to save 13.3266ms
[2026-02-12 16:04:45.010 DBG] ActionDispatcher :: Queueing 'Sub Goal' (361aa588-5f31-4e19-b8a5-099cae52479d, TimedAction) to 'Default' (00000000-0000-0000-0000-000000000000), with 11 arguments
[2026-02-12 16:04:45.010 DBG] ActionQueue :: 'Default' (00000000-0000-0000-0000-000000000000) :: Enqueue action 361aa588-5f31-4e19-b8a5-099cae52479d
[2026-02-12 16:04:45.010 DBG] ActionQueue :: 'Default' (00000000-0000-0000-0000-000000000000) :: Handling queue
[2026-02-12 16:04:45.010 DBG] ActionQueue :: 'Default' (00000000-0000-0000-0000-000000000000) :: Performing non-blocking 'Sub Goal' (361aa588-5f31-4e19-b8a5-099cae52479d, ff44cde3-3efc-403d-8a9d-ea3ef2ebf7aa)
[2026-02-12 16:04:49.315 DBG] AutoSave :: Auto saving settings...
[2026-02-12 16:04:49.331 DBG] Users :: Time to save 16.3968ms
[2026-02-12 16:04:49.347 DBG] Actions :: Time to save 16.7534ms
[2026-02-12 16:04:49.363 DBG] Commands :: Time to save 14.5054ms
[2026-02-12 16:04:49.376 DBG] Twitch Rewards :: Time to save 13.0519ms
[2026-02-12 16:04:49.387 DBG] Midi :: Time to save 10.4515ms
[2026-02-12 16:04:49.397 DBG] OBS Settings :: Time to save 10.7402ms
[2026-02-12 16:04:49.408 DBG] MeldStudio Settings :: Time to save 10.1304ms
[2026-02-12 16:04:49.419 DBG] Credits :: Time to save 11.0684ms
[2026-02-12 16:04:49.432 DBG] Quotes :: Time to save 13.4969ms
[2026-02-12 16:04:49.548 DBG] Config :: Time to save 15.0427ms
[2026-02-12 16:04:49.893 DBG] ViewerRepo :: UpdatePresence(twitch, 5), 0.0313ms
[2026-02-12 16:04:49.947 DBG] TwitchService :: Presence Timer :: Artificially updated presence with a threshold of 5 minutes (53.6027ms)
[2026-02-12 16:05:49.897 DBG] ViewerRepo :: UpdatePresence(twitch, 5), 0.0317ms
[2026-02-12 16:05:49.953 DBG] TwitchService :: Presence Timer :: Artificially updated presence with a threshold of 5 minutes (56.1762ms)
[2026-02-12 16:06:49.912 DBG] ViewerRepo :: UpdatePresence(twitch, 5), 0.0312ms
[2026-02-12 16:06:49.962 DBG] TwitchService :: Presence Timer :: Artificially updated presence with a threshold of 5 minutes (50.586ms)
[2026-02-12 16:07:49.920 DBG] ViewerRepo :: UpdatePresence(twitch, 5), 0.0565ms
[2026-02-12 16:07:49.975 DBG] TwitchService :: Presence Timer :: Artificially updated presence with a threshold of 5 minutes (55.2163ms)
[2026-02-12 16:08:49.932 DBG] ViewerRepo :: UpdatePresence(twitch, 5), 0.0313ms
[2026-02-12 16:08:49.986 DBG] TwitchService :: Presence Timer :: Artificially updated presence with a threshold of 5 minutes (54.0639ms)
[2026-02-12 16:09:42.143 DBG] Credits :: Time to save 14.1922ms
[2026-02-12 16:09:49.505 DBG] AutoSave :: Auto saving settings...
[2026-02-12 16:09:49.521 DBG] Users :: Time to save 15.8044ms
[2026-02-12 16:09:49.539 DBG] Actions :: Time to save 17.8678ms
[2026-02-12 16:09:49.552 DBG] Commands :: Time to save 12.9398ms
[2026-02-12 16:09:49.565 DBG] Twitch Rewards :: Time to save 13.3862ms
[2026-02-12 16:09:49.576 DBG] Midi :: Time to save 10.6474ms
[2026-02-12 16:09:49.587 DBG] OBS Settings :: Time to save 10.9361ms
[2026-02-12 16:09:49.597 DBG] MeldStudio Settings :: Time to save 10.6545ms
[2026-02-12 16:09:49.609 DBG] Credits :: Time to save 10.4783ms
[2026-02-12 16:09:49.621 DBG] Quotes :: Time to save 13.1681ms
[2026-02-12 16:09:49.726 DBG] Config :: Time to save 16.0218ms
[2026-02-12 16:09:49.945 DBG] ViewerRepo :: UpdatePresence(twitch, 5), 0.0296ms
[2026-02-12 16:09:50.001 DBG] TwitchService :: Presence Timer :: Artificially updated presence with a threshold of 5 minutes (56.0098ms)
[2026-02-12 16:10:49.951 DBG] ViewerRepo :: UpdatePresence(twitch, 5), 0.0333ms
[2026-02-12 16:10:50.004 DBG] TwitchService :: Presence Timer :: Artificially updated presence with a threshold of 5 minutes (53.5119ms)
[2026-02-12 16:11:49.957 DBG] ViewerRepo :: UpdatePresence(twitch, 5), 0.0423ms
[2026-02-12 16:11:50.015 DBG] TwitchService :: Presence Timer :: Artificially updated presence with a threshold of 5 minutes (58.2847ms)
[2026-02-12 16:12:49.959 DBG] ViewerRepo :: UpdatePresence(twitch, 5), 0.0314ms
[2026-02-12 16:12:50.017 DBG] TwitchService :: Presence Timer :: Artificially updated presence with a threshold of 5 minutes (58.5605ms)
[2026-02-12 16:13:49.969 DBG] ViewerRepo :: UpdatePresence(twitch, 5), 0.0329ms
[2026-02-12 16:13:50.024 DBG] TwitchService :: Presence Timer :: Artificially updated presence with a threshold of 5 minutes (55.6465ms)
[2026-02-12 16:14:42.157 DBG] Credits :: Time to save 13.815ms
[2026-02-12 16:14:45.642 DBG] ActionDispatcher :: Queueing 'Sub Goal' (361aa588-5f31-4e19-b8a5-099cae52479d, TimedAction) to 'Default' (00000000-0000-0000-0000-000000000000), with 11 arguments
[2026-02-12 16:14:45.642 DBG] ActionQueue :: 'Default' (00000000-0000-0000-0000-000000000000) :: Enqueue action 361aa588-5f31-4e19-b8a5-099cae52479d
[2026-02-12 16:14:45.642 DBG] ActionQueue :: 'Default' (00000000-0000-0000-0000-000000000000) :: Handling queue
[2026-02-12 16:14:45.642 DBG] ActionQueue :: 'Default' (00000000-0000-0000-0000-000000000000) :: Performing non-blocking 'Sub Goal' (361aa588-5f31-4e19-b8a5-099cae52479d, 84b243c8-b321-4ee8-b009-35961a1119bb)
[2026-02-12 16:14:49.702 DBG] AutoSave :: Auto saving settings...
[2026-02-12 16:14:49.717 DBG] Users :: Time to save 15.2046ms
[2026-02-12 16:14:49.735 DBG] Actions :: Time to save 18.4696ms
[2026-02-12 16:14:49.749 DBG] Commands :: Time to save 13.1777ms
[2026-02-12 16:14:49.762 DBG] Twitch Rewards :: Time to save 13.2819ms
[2026-02-12 16:14:49.773 DBG] Midi :: Time to save 11.1305ms
[2026-02-12 16:14:49.784 DBG] OBS Settings :: Time to save 11.1899ms
[2026-02-12 16:14:49.795 DBG] MeldStudio Settings :: Time to save 10.6964ms
[2026-02-12 16:14:49.806 DBG] Credits :: Time to save 10.5524ms
[2026-02-12 16:14:49.819 DBG] Quotes :: Time to save 13.2202ms
[2026-02-12 16:14:49.919 DBG] Config :: Time to save 14.5699ms
[2026-02-12 16:14:49.982 DBG] ViewerRepo :: UpdatePresence(twitch, 5), 0.0294ms
[2026-02-12 16:14:50.037 DBG] TwitchService :: Presence Timer :: Artificially updated presence with a threshold of 5 minutes (55.1625ms)
[2026-02-12 16:15:50.002 DBG] ViewerRepo :: UpdatePresence(twitch, 5), 0.0415ms
[2026-02-12 16:15:50.057 DBG] TwitchService :: Presence Timer :: Artificially updated presence with a threshold of 5 minutes (54.5486ms)
[2026-02-12 16:16:50.011 DBG] ViewerRepo :: UpdatePresence(twitch, 5), 0.0303ms
[2026-02-12 16:16:50.065 DBG] TwitchService :: Presence Timer :: Artificially updated presence with a threshold of 5 minutes (54.5069ms)
[2026-02-12 16:17:50.025 DBG] ViewerRepo :: UpdatePresence(twitch, 5), 0.0297ms
[2026-02-12 16:17:50.077 DBG] TwitchService :: Presence Timer :: Artificially updated presence with a threshold of 5 minutes (52.8962ms)
[2026-02-12 16:18:50.026 DBG] ViewerRepo :: UpdatePresence(twitch, 5), 0.0298ms
[2026-02-12 16:18:50.081 DBG] TwitchService :: Presence Timer :: Artificially updated presence with a threshold of 5 minutes (55.1708ms)
[2026-02-12 16:19:42.164 DBG] Credits :: Time to save 13.8488ms
[2026-02-12 16:19:49.901 DBG] AutoSave :: Auto saving settings...
[2026-02-12 16:19:49.915 DBG] Users :: Time to save 15.2354ms
[2026-02-12 16:19:49.934 DBG] Actions :: Time to save 18.0161ms
[2026-02-12 16:19:49.947 DBG] Commands :: Time to save 13.1447ms
[2026-02-12 16:19:49.960 DBG] Twitch Rewards :: Time to save 12.6134ms
[2026-02-12 16:19:49.971 DBG] Midi :: Time to save 11.426ms
[2026-02-12 16:19:49.981 DBG] OBS Settings :: Time to save 10.5551ms
[2026-02-12 16:19:49.994 DBG] MeldStudio Settings :: Time to save 11.7548ms
[2026-02-12 16:19:50.004 DBG] Credits :: Time to save 10.8672ms
[2026-02-12 16:19:50.017 DBG] Quotes :: Time to save 12.7849ms
[2026-02-12 16:19:50.044 DBG] ViewerRepo :: UpdatePresence(twitch, 5), 0.0298ms
[2026-02-12 16:19:50.101 DBG] TwitchService :: Presence Timer :: Artificially updated presence with a threshold of 5 minutes (56.6289ms)
[2026-02-12 16:19:50.120 DBG] Config :: Time to save 14.3125ms
[2026-02-12 16:20:50.051 DBG] ViewerRepo :: UpdatePresence(twitch, 5), 0.0345ms
[2026-02-12 16:20:50.110 DBG] TwitchService :: Presence Timer :: Artificially updated presence with a threshold of 5 minutes (59.2745ms)
[2026-02-12 16:21:50.056 DBG] ViewerRepo :: UpdatePresence(twitch, 5), 0.0304ms
[2026-02-12 16:21:50.112 DBG] TwitchService :: Presence Timer :: Artificially updated presence with a threshold of 5 minutes (56.3596ms)
[2026-02-12 16:22:50.071 DBG] ViewerRepo :: UpdatePresence(twitch, 5), 0.0307ms
[2026-02-12 16:22:50.130 DBG] TwitchService :: Presence Timer :: Artificially updated presence with a threshold of 5 minutes (60.0448ms)
[2026-02-12 16:23:50.079 DBG] ViewerRepo :: UpdatePresence(twitch, 5), 0.0344ms
[2026-02-12 16:23:50.131 DBG] TwitchService :: Presence Timer :: Artificially updated presence with a threshold of 5 minutes (52.4453ms)
[2026-02-12 16:24:42.179 DBG] Credits :: Time to save 14.0591ms
[2026-02-12 16:24:46.602 DBG] ActionDispatcher :: Queueing 'Sub Goal' (361aa588-5f31-4e19-b8a5-099cae52479d, TimedAction) to 'Default' (00000000-0000-0000-0000-000000000000), with 11 arguments
[2026-02-12 16:24:46.602 DBG] ActionQueue :: 'Default' (00000000-0000-0000-0000-000000000000) :: Enqueue action 361aa588-5f31-4e19-b8a5-099cae52479d
[2026-02-12 16:24:46.602 DBG] ActionQueue :: 'Default' (00000000-0000-0000-0000-000000000000) :: Handling queue
[2026-02-12 16:24:46.602 DBG] ActionQueue :: 'Default' (00000000-0000-0000-0000-000000000000) :: Performing non-blocking 'Sub Goal' (361aa588-5f31-4e19-b8a5-099cae52479d, a79fb768-2258-496d-bdce-fa52b95fdf80)
[2026-02-12 16:24:50.087 DBG] ViewerRepo :: UpdatePresence(twitch, 5), 0.0313ms
[2026-02-12 16:24:50.102 DBG] AutoSave :: Auto saving settings...
[2026-02-12 16:24:50.117 DBG] Users :: Time to save 14.9035ms
[2026-02-12 16:24:50.134 DBG] Actions :: Time to save 17.7147ms
[2026-02-12 16:24:50.146 DBG] TwitchService :: Presence Timer :: Artificially updated presence with a threshold of 5 minutes (59.3937ms)
[2026-02-12 16:24:50.147 DBG] Commands :: Time to save 13.5778ms
[2026-02-12 16:24:50.163 DBG] Twitch Rewards :: Time to save 14.6906ms
[2026-02-12 16:24:50.174 DBG] Midi :: Time to save 11.0362ms
[2026-02-12 16:24:50.185 DBG] OBS Settings :: Time to save 11.2491ms
[2026-02-12 16:24:50.197 DBG] MeldStudio Settings :: Time to save 11.4682ms
[2026-02-12 16:24:50.209 DBG] Credits :: Time to save 11.4473ms
[2026-02-12 16:24:50.221 DBG] Quotes :: Time to save 12.7065ms
[2026-02-12 16:24:50.325 DBG] Config :: Time to save 16.4198ms
[2026-02-12 16:25:50.090 DBG] ViewerRepo :: UpdatePresence(twitch, 5), 0.0309ms
[2026-02-12 16:25:50.147 DBG] TwitchService :: Presence Timer :: Artificially updated presence with a threshold of 5 minutes (57.6041ms)
[2026-02-12 16:26:50.101 DBG] ViewerRepo :: UpdatePresence(twitch, 5), 0.0321ms
[2026-02-12 16:26:50.153 DBG] TwitchService :: Presence Timer :: Artificially updated presence with a threshold of 5 minutes (52.5197ms)
[2026-02-12 16:27:50.102 DBG] ViewerRepo :: UpdatePresence(twitch, 5), 0.0396ms
[2026-02-12 16:27:50.155 DBG] TwitchService :: Presence Timer :: Artificially updated presence with a threshold of 5 minutes (53.375ms)
[2026-02-12 16:28:50.126 DBG] ViewerRepo :: UpdatePresence(twitch, 5), 0.0294ms
[2026-02-12 16:28:50.181 DBG] TwitchService :: Presence Timer :: Artificially updated presence with a threshold of 5 minutes (54.6305ms)
[2026-02-12 16:29:42.193 DBG] Credits :: Time to save 14.8162ms
[2026-02-12 16:29:50.135 DBG] ViewerRepo :: UpdatePresence(twitch, 5), 0.0322ms
[2026-02-12 16:29:50.193 DBG] TwitchService :: Presence Timer :: Artificially updated presence with a threshold of 5 minutes (57.7145ms)
[2026-02-12 16:29:50.310 DBG] AutoSave :: Auto saving settings...
[2026-02-12 16:29:50.325 DBG] Users :: Time to save 15.4616ms
[2026-02-12 16:29:50.343 DBG] Actions :: Time to save 17.38ms
[2026-02-12 16:29:50.355 DBG] Commands :: Time to save 12.4491ms
[2026-02-12 16:29:50.368 DBG] Twitch Rewards :: Time to save 13.1714ms
[2026-02-12 16:29:50.380 DBG] Midi :: Time to save 10.8533ms
[2026-02-12 16:29:50.391 DBG] OBS Settings :: Time to save 10.8141ms
[2026-02-12 16:29:50.401 DBG] MeldStudio Settings :: Time to save 11.0575ms
[2026-02-12 16:29:50.412 DBG] Credits :: Time to save 10.9073ms
[2026-02-12 16:29:50.424 DBG] Quotes :: Time to save 12.2837ms
[2026-02-12 16:29:50.527 DBG] Config :: Time to save 15.0278ms
[2026-02-12 16:30:50.147 DBG] ViewerRepo :: UpdatePresence(twitch, 5), 0.032ms
[2026-02-12 16:30:50.205 DBG] TwitchService :: Presence Timer :: Artificially updated presence with a threshold of 5 minutes (57.9689ms)
[2026-02-12 16:31:50.160 DBG] ViewerRepo :: UpdatePresence(twitch, 5), 0.0546ms
[2026-02-12 16:31:50.213 DBG] TwitchService :: Presence Timer :: Artificially updated presence with a threshold of 5 minutes (53.1035ms)
[2026-02-12 16:32:50.162 DBG] ViewerRepo :: UpdatePresence(twitch, 5), 0.0312ms
[2026-02-12 16:32:50.219 DBG] TwitchService :: Presence Timer :: Artificially updated presence with a threshold of 5 minutes (57.9762ms)
[2026-02-12 16:33:50.166 DBG] ViewerRepo :: UpdatePresence(twitch, 5), 0.0323ms
[2026-02-12 16:33:50.224 DBG] TwitchService :: Presence Timer :: Artificially updated presence with a threshold of 5 minutes (58.1883ms)
[2026-02-12 16:34:42.193 DBG] Credits :: Time to save 13.1659ms
[2026-02-12 16:34:46.689 DBG] ActionDispatcher :: Queueing 'Sub Goal' (361aa588-5f31-4e19-b8a5-099cae52479d, TimedAction) to 'Default' (00000000-0000-0000-0000-000000000000), with 11 arguments
[2026-02-12 16:34:46.689 DBG] ActionQueue :: 'Default' (00000000-0000-0000-0000-000000000000) :: Enqueue action 361aa588-5f31-4e19-b8a5-099cae52479d
[2026-02-12 16:34:46.689 DBG] ActionQueue :: 'Default' (00000000-0000-0000-0000-000000000000) :: Handling queue
[2026-02-12 16:34:46.689 DBG] ActionQueue :: 'Default' (00000000-0000-0000-0000-000000000000) :: Performing non-blocking 'Sub Goal' (361aa588-5f31-4e19-b8a5-099cae52479d, f8a4e85c-6878-4949-b864-f6f98425e2c2)
[2026-02-12 16:34:50.175 DBG] ViewerRepo :: UpdatePresence(twitch, 5), 0.0311ms
[2026-02-12 16:34:50.519 DBG] AutoSave :: Auto saving settings...
[2026-02-12 16:34:50.535 DBG] Users :: Time to save 15.3678ms
[2026-02-12 16:34:50.552 DBG] Actions :: Time to save 17.9255ms
[2026-02-12 16:34:50.566 DBG] Commands :: Time to save 13.4435ms
[2026-02-12 16:34:50.579 DBG] Twitch Rewards :: Time to save 13.2267ms
[2026-02-12 16:34:50.590 DBG] Midi :: Time to save 10.2497ms
[2026-02-12 16:34:50.600 DBG] OBS Settings :: Time to save 11.4297ms
[2026-02-12 16:34:50.610 DBG] MeldStudio Settings :: Time to save 10.2323ms
[2026-02-12 16:34:50.621 DBG] Credits :: Time to save 10.0173ms
[2026-02-12 16:34:50.635 DBG] Quotes :: Time to save 13.4772ms
[2026-02-12 16:34:50.725 DBG] TwitchService :: Presence Timer :: Artificially updated presence with a threshold of 5 minutes (550.0375ms)
[2026-02-12 16:34:50.738 DBG] Config :: Time to save 15.3816ms
[2026-02-12 16:35:50.185 DBG] ViewerRepo :: UpdatePresence(twitch, 5), 0.0314ms
[2026-02-12 16:35:50.238 DBG] TwitchService :: Presence Timer :: Artificially updated presence with a threshold of 5 minutes (53.8178ms)
[2026-02-12 16:36:50.198 DBG] ViewerRepo :: UpdatePresence(twitch, 5), 0.032ms
[2026-02-12 16:36:50.253 DBG] TwitchService :: Presence Timer :: Artificially updated presence with a threshold of 5 minutes (54.8948ms)
[2026-02-12 16:37:50.204 DBG] ViewerRepo :: UpdatePresence(twitch, 5), 0.0315ms
[2026-02-12 16:37:50.261 DBG] TwitchService :: Presence Timer :: Artificially updated presence with a threshold of 5 minutes (57.8472ms)
[2026-02-12 16:38:50.219 DBG] ViewerRepo :: UpdatePresence(twitch, 5), 0.0299ms
[2026-02-12 16:38:50.277 DBG] TwitchService :: Presence Timer :: Artificially updated presence with a threshold of 5 minutes (58.0735ms)
[2026-02-12 16:39:42.205 DBG] Credits :: Time to save 13.0742ms
[2026-02-12 16:39:50.226 DBG] ViewerRepo :: UpdatePresence(twitch, 5), 0.0297ms
[2026-02-12 16:39:50.279 DBG] TwitchService :: Presence Timer :: Artificially updated presence with a threshold of 5 minutes (53.7432ms)
[2026-02-12 16:39:50.725 DBG] AutoSave :: Auto saving settings...
[2026-02-12 16:39:50.740 DBG] Users :: Time to save 15.2747ms
[2026-02-12 16:39:50.757 DBG] Actions :: Time to save 17.3097ms
[2026-02-12 16:39:50.772 DBG] Commands :: Time to save 14.3319ms
[2026-02-12 16:39:50.786 DBG] Twitch Rewards :: Time to save 13.8186ms
[2026-02-12 16:39:50.797 DBG] Midi :: Time to save 10.8975ms
[2026-02-12 16:39:50.807 DBG] OBS Settings :: Time to save 11.0402ms
[2026-02-12 16:39:50.818 DBG] MeldStudio Settings :: Time to save 10.2944ms
[2026-02-12 16:39:50.830 DBG] Credits :: Time to save 12.0925ms
[2026-02-12 16:39:50.843 DBG] Quotes :: Time to save 12.8739ms
[2026-02-12 16:39:50.941 DBG] Config :: Time to save 14.7657ms
[2026-02-12 16:40:50.236 DBG] ViewerRepo :: UpdatePresence(twitch, 5), 0.0318ms
[2026-02-12 16:40:50.292 DBG] TwitchService :: Presence Timer :: Artificially updated presence with a threshold of 5 minutes (55.7909ms)
[2026-02-12 16:41:50.249 DBG] ViewerRepo :: UpdatePresence(twitch, 5), 0.0325ms
[2026-02-12 16:41:50.303 DBG] TwitchService :: Presence Timer :: Artificially updated presence with a threshold of 5 minutes (54.6038ms)
[2026-02-12 16:42:50.256 DBG] ViewerRepo :: UpdatePresence(twitch, 5), 0.0319ms
[2026-02-12 16:42:50.310 DBG] TwitchService :: Presence Timer :: Artificially updated presence with a threshold of 5 minutes (54.8999ms)
[2026-02-12 16:43:50.260 DBG] ViewerRepo :: UpdatePresence(twitch, 5), 0.031ms
[2026-02-12 16:43:50.313 DBG] TwitchService :: Presence Timer :: Artificially updated presence with a threshold of 5 minutes (53.1385ms)
[2026-02-12 16:44:42.208 DBG] Credits :: Time to save 12.368ms
[2026-02-12 16:44:47.364 DBG] ActionDispatcher :: Queueing 'Sub Goal' (361aa588-5f31-4e19-b8a5-099cae52479d, TimedAction) to 'Default' (00000000-0000-0000-0000-000000000000), with 11 arguments
[2026-02-12 16:44:47.365 DBG] ActionQueue :: 'Default' (00000000-0000-0000-0000-000000000000) :: Enqueue action 361aa588-5f31-4e19-b8a5-099cae52479d
[2026-02-12 16:44:47.365 DBG] ActionQueue :: 'Default' (00000000-0000-0000-0000-000000000000) :: Handling queue
[2026-02-12 16:44:47.365 DBG] ActionQueue :: 'Default' (00000000-0000-0000-0000-000000000000) :: Performing non-blocking 'Sub Goal' (361aa588-5f31-4e19-b8a5-099cae52479d, 8e04eed5-580d-4068-b09b-fcd30d75f490)
[2026-02-12 16:44:50.278 DBG] ViewerRepo :: UpdatePresence(twitch, 5), 0.0294ms
[2026-02-12 16:44:50.329 DBG] TwitchService :: Presence Timer :: Artificially updated presence with a threshold of 5 minutes (51.338ms)
[2026-02-12 16:44:50.936 DBG] AutoSave :: Auto saving settings...
[2026-02-12 16:44:50.952 DBG] Users :: Time to save 16.7017ms
[2026-02-12 16:44:50.970 DBG] Actions :: Time to save 18.2176ms
[2026-02-12 16:44:50.984 DBG] Commands :: Time to save 13.7117ms
[2026-02-12 16:44:50.997 DBG] Twitch Rewards :: Time to save 12.8345ms
[2026-02-12 16:44:51.010 DBG] Midi :: Time to save 12.8516ms
[2026-02-12 16:44:51.020 DBG] OBS Settings :: Time to save 10.9955ms
[2026-02-12 16:44:51.030 DBG] MeldStudio Settings :: Time to save 10.1064ms
[2026-02-12 16:44:51.042 DBG] Credits :: Time to save 10.9902ms
[2026-02-12 16:44:51.056 DBG] Quotes :: Time to save 13.102ms
[2026-02-12 16:44:51.154 DBG] Config :: Time to save 15.3534ms
[2026-02-12 16:45:50.288 DBG] ViewerRepo :: UpdatePresence(twitch, 5), 0.0309ms
[2026-02-12 16:45:50.345 DBG] TwitchService :: Presence Timer :: Artificially updated presence with a threshold of 5 minutes (57.7612ms)
[2026-02-12 16:46:50.290 DBG] ViewerRepo :: UpdatePresence(twitch, 5), 0.0551ms
[2026-02-12 16:46:50.347 DBG] TwitchService :: Presence Timer :: Artificially updated presence with a threshold of 5 minutes (56.4766ms)
[2026-02-12 16:47:50.294 DBG] ViewerRepo :: UpdatePresence(twitch, 5), 0.0298ms
[2026-02-12 16:47:50.352 DBG] TwitchService :: Presence Timer :: Artificially updated presence with a threshold of 5 minutes (58.7343ms)
[2026-02-12 16:48:50.307 DBG] ViewerRepo :: UpdatePresence(twitch, 5), 0.0305ms
[2026-02-12 16:48:50.360 DBG] TwitchService :: Presence Timer :: Artificially updated presence with a threshold of 5 minutes (53.4747ms)
[2026-02-12 16:49:42.220 DBG] Credits :: Time to save 12.5867ms
[2026-02-12 16:49:50.314 DBG] ViewerRepo :: UpdatePresence(twitch, 5), 0.0312ms
[2026-02-12 16:49:50.368 DBG] TwitchService :: Presence Timer :: Artificially updated presence with a threshold of 5 minutes (54.9477ms)
[2026-02-12 16:49:51.176 DBG] AutoSave :: Auto saving settings...
[2026-02-12 16:49:51.190 DBG] Users :: Time to save 15.4664ms
[2026-02-12 16:49:51.208 DBG] Actions :: Time to save 17.7051ms
[2026-02-12 16:49:51.223 DBG] Commands :: Time to save 14.6024ms
[2026-02-12 16:49:51.236 DBG] Twitch Rewards :: Time to save 12.7053ms
[2026-02-12 16:49:51.246 DBG] Midi :: Time to save 11.0956ms
[2026-02-12 16:49:51.259 DBG] OBS Settings :: Time to save 11.1827ms
[2026-02-12 16:49:51.268 DBG] MeldStudio Settings :: Time to save 9.9798ms
[2026-02-12 16:49:51.280 DBG] Credits :: Time to save 11.4928ms
[2026-02-12 16:49:51.294 DBG] Quotes :: Time to save 13.4757ms
[2026-02-12 16:49:51.395 DBG] Config :: Time to save 14.6782ms
[2026-02-12 16:50:50.326 DBG] ViewerRepo :: UpdatePresence(twitch, 5), 0.0393ms
[2026-02-12 16:50:50.380 DBG] TwitchService :: Presence Timer :: Artificially updated presence with a threshold of 5 minutes (54.7092ms)
[2026-02-12 16:51:50.338 DBG] ViewerRepo :: UpdatePresence(twitch, 5), 0.0548ms
[2026-02-12 16:51:50.396 DBG] TwitchService :: Presence Timer :: Artificially updated presence with a threshold of 5 minutes (57.859ms)
[2026-02-12 16:52:50.350 DBG] ViewerRepo :: UpdatePresence(twitch, 5), 0.0313ms
[2026-02-12 16:52:50.409 DBG] TwitchService :: Presence Timer :: Artificially updated presence with a threshold of 5 minutes (59.6073ms)
[2026-02-12 16:53:50.356 DBG] ViewerRepo :: UpdatePresence(twitch, 5), 0.0307ms
[2026-02-12 16:53:50.410 DBG] TwitchService :: Presence Timer :: Artificially updated presence with a threshold of 5 minutes (55.0067ms)
[2026-02-12 16:54:42.249 DBG] Credits :: Time to save 13.6054ms
[2026-02-12 16:54:47.965 DBG] ActionDispatcher :: Queueing 'Sub Goal' (361aa588-5f31-4e19-b8a5-099cae52479d, TimedAction) to 'Default' (00000000-0000-0000-0000-000000000000), with 11 arguments
[2026-02-12 16:54:47.965 DBG] ActionQueue :: 'Default' (00000000-0000-0000-0000-000000000000) :: Enqueue action 361aa588-5f31-4e19-b8a5-099cae52479d
[2026-02-12 16:54:47.965 DBG] ActionQueue :: 'Default' (00000000-0000-0000-0000-000000000000) :: Handling queue
[2026-02-12 16:54:47.965 DBG] ActionQueue :: 'Default' (00000000-0000-0000-0000-000000000000) :: Performing non-blocking 'Sub Goal' (361aa588-5f31-4e19-b8a5-099cae52479d, 32b2f35d-1e30-4bf1-97ed-a7e89b5bd13e)
[2026-02-12 16:54:50.365 DBG] ViewerRepo :: UpdatePresence(twitch, 5), 0.049ms
[2026-02-12 16:54:50.421 DBG] TwitchService :: Presence Timer :: Artificially updated presence with a threshold of 5 minutes (56.6355ms)
[2026-02-12 16:54:51.364 DBG] AutoSave :: Auto saving settings...
[2026-02-12 16:54:51.380 DBG] Users :: Time to save 15.8286ms
[2026-02-12 16:54:51.398 DBG] Actions :: Time to save 17.7114ms
[2026-02-12 16:54:51.414 DBG] Commands :: Time to save 15.8345ms
[2026-02-12 16:54:51.429 DBG] Twitch Rewards :: Time to save 15.5747ms
[2026-02-12 16:54:51.443 DBG] Midi :: Time to save 12.6988ms
[2026-02-12 16:54:51.456 DBG] OBS Settings :: Time to save 13.3865ms
[2026-02-12 16:54:51.469 DBG] MeldStudio Settings :: Time to save 13.0514ms
[2026-02-12 16:54:51.483 DBG] Credits :: Time to save 13.5511ms
[2026-02-12 16:54:51.498 DBG] Quotes :: Time to save 15.6838ms
[2026-02-12 16:54:51.583 DBG] Config :: Time to save 15.2053ms
[2026-02-12 16:55:50.370 DBG] ViewerRepo :: UpdatePresence(twitch, 5), 0.0296ms
[2026-02-12 16:55:50.425 DBG] TwitchService :: Presence Timer :: Artificially updated presence with a threshold of 5 minutes (54.9506ms)
[2026-02-12 16:56:50.373 DBG] ViewerRepo :: UpdatePresence(twitch, 5), 0.0293ms
[2026-02-12 16:56:50.429 DBG] TwitchService :: Presence Timer :: Artificially updated presence with a threshold of 5 minutes (56.7006ms)
[2026-02-12 16:57:50.381 DBG] ViewerRepo :: UpdatePresence(twitch, 5), 0.0325ms
[2026-02-12 16:57:50.440 DBG] TwitchService :: Presence Timer :: Artificially updated presence with a threshold of 5 minutes (59.9555ms)
[2026-02-12 16:58:50.395 DBG] ViewerRepo :: UpdatePresence(twitch, 5), 0.0301ms
[2026-02-12 16:58:50.453 DBG] TwitchService :: Presence Timer :: Artificially updated presence with a threshold of 5 minutes (59.0413ms)
[2026-02-12 16:59:42.263 DBG] Credits :: Time to save 13.7255ms
[2026-02-12 16:59:50.398 DBG] ViewerRepo :: UpdatePresence(twitch, 5), 0.0306ms
[2026-02-12 16:59:50.457 DBG] TwitchService :: Presence Timer :: Artificially updated presence with a threshold of 5 minutes (59.65ms)
[2026-02-12 16:59:51.565 DBG] AutoSave :: Auto saving settings...
[2026-02-12 16:59:51.580 DBG] Users :: Time to save 15.2723ms
[2026-02-12 16:59:51.598 DBG] Actions :: Time to save 17.7611ms
[2026-02-12 16:59:51.611 DBG] Commands :: Time to save 13.4802ms
[2026-02-12 16:59:51.624 DBG] Twitch Rewards :: Time to save 12.9443ms
[2026-02-12 16:59:51.634 DBG] Midi :: Time to save 10.6584ms
[2026-02-12 16:59:51.645 DBG] OBS Settings :: Time to save 10.7054ms
[2026-02-12 16:59:51.657 DBG] MeldStudio Settings :: Time to save 10.6931ms
[2026-02-12 16:59:51.667 DBG] Credits :: Time to save 10.9599ms
[2026-02-12 16:59:51.680 DBG] Quotes :: Time to save 12.7217ms
[2026-02-12 16:59:51.796 DBG] Config :: Time to save 14.9936ms
[2026-02-12 17:00:50.414 DBG] ViewerRepo :: UpdatePresence(twitch, 5), 0.0678ms
[2026-02-12 17:00:50.470 DBG] TwitchService :: Presence Timer :: Artificially updated presence with a threshold of 5 minutes (57.081ms)
[2026-02-12 17:01:50.428 DBG] ViewerRepo :: UpdatePresence(twitch, 5), 0.029ms
[2026-02-12 17:01:50.483 DBG] TwitchService :: Presence Timer :: Artificially updated presence with a threshold of 5 minutes (54.6225ms)
[2026-02-12 17:02:50.428 DBG] ViewerRepo :: UpdatePresence(twitch, 5), 0.0316ms
[2026-02-12 17:02:50.488 DBG] TwitchService :: Presence Timer :: Artificially updated presence with a threshold of 5 minutes (60.277ms)
[2026-02-12 17:03:50.438 DBG] ViewerRepo :: UpdatePresence(twitch, 5), 0.0313ms
[2026-02-12 17:03:50.493 DBG] TwitchService :: Presence Timer :: Artificially updated presence with a threshold of 5 minutes (55.2939ms)
[2026-02-12 17:04:42.266 DBG] Credits :: Time to save 13.4943ms
[2026-02-12 17:04:48.535 DBG] ActionDispatcher :: Queueing 'Sub Goal' (361aa588-5f31-4e19-b8a5-099cae52479d, TimedAction) to 'Default' (00000000-0000-0000-0000-000000000000), with 11 arguments
[2026-02-12 17:04:48.535 DBG] ActionQueue :: 'Default' (00000000-0000-0000-0000-000000000000) :: Enqueue action 361aa588-5f31-4e19-b8a5-099cae52479d
[2026-02-12 17:04:48.535 DBG] ActionQueue :: 'Default' (00000000-0000-0000-0000-000000000000) :: Handling queue
[2026-02-12 17:04:48.535 DBG] ActionQueue :: 'Default' (00000000-0000-0000-0000-000000000000) :: Performing non-blocking 'Sub Goal' (361aa588-5f31-4e19-b8a5-099cae52479d, 5729488c-9b77-43d1-8777-efb0cdf665cd)
[2026-02-12 17:04:50.446 DBG] ViewerRepo :: UpdatePresence(twitch, 5), 0.0321ms
[2026-02-12 17:04:50.500 DBG] TwitchService :: Presence Timer :: Artificially updated presence with a threshold of 5 minutes (54.4498ms)
[2026-02-12 17:04:51.762 DBG] AutoSave :: Auto saving settings...
[2026-02-12 17:04:51.778 DBG] Users :: Time to save 16.9121ms
[2026-02-12 17:04:51.797 DBG] Actions :: Time to save 18.1647ms
[2026-02-12 17:04:51.810 DBG] Commands :: Time to save 12.8242ms
[2026-02-12 17:04:51.822 DBG] Twitch Rewards :: Time to save 13.2605ms
[2026-02-12 17:04:51.833 DBG] Midi :: Time to save 10.8955ms
[2026-02-12 17:04:51.844 DBG] OBS Settings :: Time to save 11.1779ms
[2026-02-12 17:04:51.856 DBG] MeldStudio Settings :: Time to save 11.9004ms
[2026-02-12 17:04:51.868 DBG] Credits :: Time to save 10.8342ms
[2026-02-12 17:04:51.880 DBG] Quotes :: Time to save 12.6075ms
[2026-02-12 17:04:51.980 DBG] Config :: Time to save 14.8001ms
[2026-02-12 17:05:50.449 DBG] ViewerRepo :: UpdatePresence(twitch, 5), 0.0306ms
[2026-02-12 17:05:50.518 DBG] TwitchService :: Presence Timer :: Artificially updated presence with a threshold of 5 minutes (69.5336ms)
[2026-02-12 17:06:50.464 DBG] ViewerRepo :: UpdatePresence(twitch, 5), 0.0429ms
[2026-02-12 17:06:50.527 DBG] TwitchService :: Presence Timer :: Artificially updated presence with a threshold of 5 minutes (62.345ms)
[2026-02-12 17:07:50.468 DBG] ViewerRepo :: UpdatePresence(twitch, 5), 0.0307ms
[2026-02-12 17:07:50.525 DBG] TwitchService :: Presence Timer :: Artificially updated presence with a threshold of 5 minutes (57.9932ms)
[2026-02-12 17:08:50.475 DBG] ViewerRepo :: UpdatePresence(twitch, 5), 0.0306ms
[2026-02-12 17:08:50.530 DBG] TwitchService :: Presence Timer :: Artificially updated presence with a threshold of 5 minutes (54.1838ms)
[2026-02-12 17:09:42.274 DBG] Credits :: Time to save 12.2395ms
[2026-02-12 17:09:50.489 DBG] ViewerRepo :: UpdatePresence(twitch, 5), 0.0301ms
[2026-02-12 17:09:50.543 DBG] TwitchService :: Presence Timer :: Artificially updated presence with a threshold of 5 minutes (54.8322ms)
[2026-02-12 17:09:51.940 DBG] AutoSave :: Auto saving settings...
[2026-02-12 17:09:51.955 DBG] Users :: Time to save 15.546ms
[2026-02-12 17:09:51.972 DBG] Actions :: Time to save 17.5674ms
[2026-02-12 17:09:51.987 DBG] Commands :: Time to save 13.6726ms
[2026-02-12 17:09:51.999 DBG] Twitch Rewards :: Time to save 12.6611ms
[2026-02-12 17:09:52.010 DBG] Midi :: Time to save 10.6486ms
[2026-02-12 17:09:52.020 DBG] OBS Settings :: Time to save 10.5003ms
[2026-02-12 17:09:52.031 DBG] MeldStudio Settings :: Time to save 10.4684ms
[2026-02-12 17:09:52.043 DBG] Credits :: Time to save 12.0506ms
[2026-02-12 17:09:52.058 DBG] Quotes :: Time to save 14.8186ms
[2026-02-12 17:09:52.161 DBG] Config :: Time to save 17.454ms
[2026-02-12 17:10:50.493 DBG] ViewerRepo :: UpdatePresence(twitch, 5), 0.0347ms
[2026-02-12 17:10:50.545 DBG] TwitchService :: Presence Timer :: Artificially updated presence with a threshold of 5 minutes (52.1398ms)
[2026-02-12 17:11:50.504 DBG] ViewerRepo :: UpdatePresence(twitch, 5), 0.033ms
[2026-02-12 17:11:50.560 DBG] TwitchService :: Presence Timer :: Artificially updated presence with a threshold of 5 minutes (56.5879ms)
[2026-02-12 17:12:50.512 DBG] ViewerRepo :: UpdatePresence(twitch, 5), 0.0316ms
[2026-02-12 17:12:50.568 DBG] TwitchService :: Presence Timer :: Artificially updated presence with a threshold of 5 minutes (56.4999ms)
[2026-02-12 17:13:50.513 DBG] ViewerRepo :: UpdatePresence(twitch, 5), 0.0319ms
[2026-02-12 17:13:50.569 DBG] TwitchService :: Presence Timer :: Artificially updated presence with a threshold of 5 minutes (56.0432ms)
[2026-02-12 17:14:42.276 DBG] Credits :: Time to save 12.7143ms
[2026-02-12 17:14:47.923 DBG] StreamElements Socket :: Disconnected
[2026-02-12 17:14:47.925 INF] StreamElements Service :: Disconnected from Client
[2026-02-12 17:14:49.351 DBG] ActionDispatcher :: Queueing 'Sub Goal' (361aa588-5f31-4e19-b8a5-099cae52479d, TimedAction) to 'Default' (00000000-0000-0000-0000-000000000000), with 11 arguments
[2026-02-12 17:14:49.351 DBG] ActionQueue :: 'Default' (00000000-0000-0000-0000-000000000000) :: Enqueue action 361aa588-5f31-4e19-b8a5-099cae52479d
[2026-02-12 17:14:49.351 DBG] ActionQueue :: 'Default' (00000000-0000-0000-0000-000000000000) :: Handling queue
[2026-02-12 17:14:49.351 DBG] ActionQueue :: 'Default' (00000000-0000-0000-0000-000000000000) :: Performing non-blocking 'Sub Goal' (361aa588-5f31-4e19-b8a5-099cae52479d, c0ffbd94-f064-4f95-8732-52795fcca9c7)
[2026-02-12 17:14:49.930 DBG] StreamElements Service :: Retrying client connection
[2026-02-12 17:14:49.930 INF] StreamElements Service :: Connecting to Client
[2026-02-12 17:14:49.930 DBG] StreamElements Socket :: Opening connection
[2026-02-12 17:14:50.221 INF] StreamElements Service :: Connected to Client
[2026-02-12 17:14:50.521 DBG] ViewerRepo :: UpdatePresence(twitch, 5), 0.0308ms
[2026-02-12 17:14:50.577 DBG] TwitchService :: Presence Timer :: Artificially updated presence with a threshold of 5 minutes (57.1911ms)
[2026-02-12 17:14:52.153 DBG] AutoSave :: Auto saving settings...
[2026-02-12 17:14:52.171 DBG] Users :: Time to save 19.1036ms
[2026-02-12 17:14:52.192 DBG] Actions :: Time to save 19.554ms
[2026-02-12 17:14:52.205 DBG] Commands :: Time to save 13.079ms
[2026-02-12 17:14:52.216 DBG] Twitch Rewards :: Time to save 12.5027ms
[2026-02-12 17:14:52.228 DBG] Midi :: Time to save 10.7357ms
[2026-02-12 17:14:52.239 DBG] OBS Settings :: Time to save 11.4176ms
[2026-02-12 17:14:52.252 DBG] MeldStudio Settings :: Time to save 12.7703ms
[2026-02-12 17:14:52.262 DBG] Credits :: Time to save 10.6794ms
[2026-02-12 17:14:52.275 DBG] Quotes :: Time to save 12.9628ms
[2026-02-12 17:14:52.371 DBG] Config :: Time to save 14.4446ms
[2026-02-12 17:15:50.524 DBG] ViewerRepo :: UpdatePresence(twitch, 5), 0.0308ms
[2026-02-12 17:15:50.577 DBG] TwitchService :: Presence Timer :: Artificially updated presence with a threshold of 5 minutes (53.9414ms)
[2026-02-12 17:16:50.537 DBG] ViewerRepo :: UpdatePresence(twitch, 5), 0.0367ms
[2026-02-12 17:16:50.596 DBG] TwitchService :: Presence Timer :: Artificially updated presence with a threshold of 5 minutes (60.2166ms)
[2026-02-12 17:17:50.550 DBG] ViewerRepo :: UpdatePresence(twitch, 5), 0.0293ms
[2026-02-12 17:17:50.610 DBG] TwitchService :: Presence Timer :: Artificially updated presence with a threshold of 5 minutes (59.1587ms)
[2026-02-12 17:18:50.558 DBG] ViewerRepo :: UpdatePresence(twitch, 5), 0.0335ms
[2026-02-12 17:18:50.614 DBG] TwitchService :: Presence Timer :: Artificially updated presence with a threshold of 5 minutes (56.3557ms)
[2026-02-12 17:19:42.282 DBG] Credits :: Time to save 12.6572ms
[2026-02-12 17:19:50.564 DBG] ViewerRepo :: UpdatePresence(twitch, 5), 0.0321ms
[2026-02-12 17:19:50.617 DBG] TwitchService :: Presence Timer :: Artificially updated presence with a threshold of 5 minutes (53.2447ms)
[2026-02-12 17:19:52.376 DBG] AutoSave :: Auto saving settings...
[2026-02-12 17:19:52.395 DBG] Users :: Time to save 18.4453ms
[2026-02-12 17:19:52.413 DBG] Actions :: Time to save 18.1438ms
[2026-02-12 17:19:52.426 DBG] Commands :: Time to save 13.169ms
[2026-02-12 17:19:52.439 DBG] Twitch Rewards :: Time to save 12.4862ms
[2026-02-12 17:19:52.449 DBG] Midi :: Time to save 10.4634ms
[2026-02-12 17:19:52.460 DBG] OBS Settings :: Time to save 10.5759ms
[2026-02-12 17:19:52.470 DBG] MeldStudio Settings :: Time to save 9.9814ms
[2026-02-12 17:19:52.480 DBG] Credits :: Time to save 10.7322ms
[2026-02-12 17:19:52.495 DBG] Quotes :: Time to save 14.2296ms
[2026-02-12 17:19:52.594 DBG] Config :: Time to save 15.6735ms
[2026-02-12 17:20:50.570 DBG] ViewerRepo :: UpdatePresence(twitch, 5), 0.0303ms
[2026-02-12 17:20:50.628 DBG] TwitchService :: Presence Timer :: Artificially updated presence with a threshold of 5 minutes (57.9678ms)
[2026-02-12 17:21:50.594 DBG] ViewerRepo :: UpdatePresence(twitch, 5), 0.0303ms
[2026-02-12 17:21:50.649 DBG] TwitchService :: Presence Timer :: Artificially updated presence with a threshold of 5 minutes (55.0931ms)
[2026-02-12 17:22:50.595 DBG] ViewerRepo :: UpdatePresence(twitch, 5), 0.0325ms
[2026-02-12 17:22:50.653 DBG] TwitchService :: Presence Timer :: Artificially updated presence with a threshold of 5 minutes (57.9567ms)
[2026-02-12 17:23:50.597 DBG] ViewerRepo :: UpdatePresence(twitch, 5), 0.032ms
[2026-02-12 17:23:50.655 DBG] TwitchService :: Presence Timer :: Artificially updated presence with a threshold of 5 minutes (57.6437ms)
[2026-02-12 17:24:42.286 DBG] Credits :: Time to save 12.4922ms
[2026-02-12 17:24:50.167 DBG] ActionDispatcher :: Queueing 'Sub Goal' (361aa588-5f31-4e19-b8a5-099cae52479d, TimedAction) to 'Default' (00000000-0000-0000-0000-000000000000), with 11 arguments
[2026-02-12 17:24:50.167 DBG] ActionQueue :: 'Default' (00000000-0000-0000-0000-000000000000) :: Enqueue action 361aa588-5f31-4e19-b8a5-099cae52479d
[2026-02-12 17:24:50.167 DBG] ActionQueue :: 'Default' (00000000-0000-0000-0000-000000000000) :: Handling queue
[2026-02-12 17:24:50.167 DBG] ActionQueue :: 'Default' (00000000-0000-0000-0000-000000000000) :: Performing non-blocking 'Sub Goal' (361aa588-5f31-4e19-b8a5-099cae52479d, 5352b43b-db70-42c2-b2f5-2f2adff9f5b0)
[2026-02-12 17:24:50.605 DBG] ViewerRepo :: UpdatePresence(twitch, 5), 0.0422ms
[2026-02-12 17:24:50.658 DBG] TwitchService :: Presence Timer :: Artificially updated presence with a threshold of 5 minutes (53.1756ms)
[2026-02-12 17:24:52.573 DBG] AutoSave :: Auto saving settings...
[2026-02-12 17:24:52.591 DBG] Users :: Time to save 18.1222ms
[2026-02-12 17:24:52.608 DBG] Actions :: Time to save 17.0232ms
[2026-02-12 17:24:52.620 DBG] Commands :: Time to save 12.6529ms
[2026-02-12 17:24:52.634 DBG] Twitch Rewards :: Time to save 13.5324ms
[2026-02-12 17:24:52.647 DBG] Midi :: Time to save 12.6723ms
[2026-02-12 17:24:52.657 DBG] OBS Settings :: Time to save 10.7751ms
[2026-02-12 17:24:52.668 DBG] MeldStudio Settings :: Time to save 10.2068ms
[2026-02-12 17:24:52.681 DBG] Credits :: Time to save 12.8294ms
[2026-02-12 17:24:52.693 DBG] Quotes :: Time to save 12.5802ms
[2026-02-12 17:24:52.792 DBG] Config :: Time to save 14.4912ms
[2026-02-12 17:25:50.620 DBG] ViewerRepo :: UpdatePresence(twitch, 5), 0.0314ms
[2026-02-12 17:25:50.680 DBG] TwitchService :: Presence Timer :: Artificially updated presence with a threshold of 5 minutes (59.8896ms)
[2026-02-12 17:26:50.623 DBG] ViewerRepo :: UpdatePresence(twitch, 5), 0.0313ms
[2026-02-12 17:26:50.695 DBG] TwitchService :: Presence Timer :: Artificially updated presence with a threshold of 5 minutes (72.6804ms)
[2026-02-12 17:27:50.625 DBG] ViewerRepo :: UpdatePresence(twitch, 5), 0.0296ms
[2026-02-12 17:27:50.705 DBG] TwitchService :: Presence Timer :: Artificially updated presence with a threshold of 5 minutes (80.6707ms)
[2026-02-12 17:28:50.631 DBG] ViewerRepo :: UpdatePresence(twitch, 5), 0.0313ms
[2026-02-12 17:28:50.688 DBG] TwitchService :: Presence Timer :: Artificially updated presence with a threshold of 5 minutes (57.3ms)
[2026-02-12 17:29:42.301 DBG] Credits :: Time to save 12.8168ms
[2026-02-12 17:29:50.639 DBG] ViewerRepo :: UpdatePresence(twitch, 5), 0.0311ms
[2026-02-12 17:29:50.694 DBG] TwitchService :: Presence Timer :: Artificially updated presence with a threshold of 5 minutes (55.9568ms)
[2026-02-12 17:29:52.796 DBG] AutoSave :: Auto saving settings...
[2026-02-12 17:29:52.813 DBG] Users :: Time to save 17.726ms
[2026-02-12 17:29:52.831 DBG] Actions :: Time to save 17.7406ms
[2026-02-12 17:29:52.845 DBG] Commands :: Time to save 13.5481ms
[2026-02-12 17:29:52.858 DBG] Twitch Rewards :: Time to save 13.0422ms
[2026-02-12 17:29:52.871 DBG] Midi :: Time to save 12.7619ms
[2026-02-12 17:29:52.882 DBG] OBS Settings :: Time to save 11.6184ms
[2026-02-12 17:29:52.893 DBG] MeldStudio Settings :: Time to save 10.9175ms
[2026-02-12 17:29:52.903 DBG] Credits :: Time to save 10.6076ms
[2026-02-12 17:29:52.918 DBG] Quotes :: Time to save 14.2556ms
[2026-02-12 17:29:53.014 DBG] Config :: Time to save 15.0987ms
[2026-02-12 17:30:50.654 DBG] ViewerRepo :: UpdatePresence(twitch, 5), 0.0335ms
[2026-02-12 17:30:50.720 DBG] TwitchService :: Presence Timer :: Artificially updated presence with a threshold of 5 minutes (66.0964ms)
[2026-02-12 17:31:50.661 DBG] ViewerRepo :: UpdatePresence(twitch, 5), 0.0309ms
[2026-02-12 17:31:50.727 DBG] TwitchService :: Presence Timer :: Artificially updated presence with a threshold of 5 minutes (66.5954ms)
[2026-02-12 17:32:50.678 DBG] ViewerRepo :: UpdatePresence(twitch, 5), 0.0568ms
[2026-02-12 17:32:50.731 DBG] TwitchService :: Presence Timer :: Artificially updated presence with a threshold of 5 minutes (54.3832ms)
[2026-02-12 17:33:50.688 DBG] ViewerRepo :: UpdatePresence(twitch, 5), 0.1959ms
[2026-02-12 17:33:50.746 DBG] TwitchService :: Presence Timer :: Artificially updated presence with a threshold of 5 minutes (58.0349ms)
[2026-02-12 17:34:42.310 DBG] Credits :: Time to save 13.0958ms
[2026-02-12 17:34:50.703 DBG] ViewerRepo :: UpdatePresence(twitch, 5), 0.0303ms
[2026-02-12 17:34:50.735 DBG] ActionDispatcher :: Queueing 'Sub Goal' (361aa588-5f31-4e19-b8a5-099cae52479d, TimedAction) to 'Default' (00000000-0000-0000-0000-000000000000), with 11 arguments
[2026-02-12 17:34:50.735 DBG] ActionQueue :: 'Default' (00000000-0000-0000-0000-000000000000) :: Enqueue action 361aa588-5f31-4e19-b8a5-099cae52479d
[2026-02-12 17:34:50.735 DBG] ActionQueue :: 'Default' (00000000-0000-0000-0000-000000000000) :: Handling queue
[2026-02-12 17:34:50.735 DBG] ActionQueue :: 'Default' (00000000-0000-0000-0000-000000000000) :: Performing non-blocking 'Sub Goal' (361aa588-5f31-4e19-b8a5-099cae52479d, 911dd83e-f0b4-497e-9d0c-00d9752af17b)
[2026-02-12 17:34:51.254 DBG] TwitchService :: Presence Timer :: Artificially updated presence with a threshold of 5 minutes (550.5036ms)
[2026-02-12 17:34:53.014 DBG] AutoSave :: Auto saving settings...
[2026-02-12 17:34:53.032 DBG] Users :: Time to save 17.8712ms
[2026-02-12 17:34:53.050 DBG] Actions :: Time to save 18.178ms
[2026-02-12 17:34:53.065 DBG] Commands :: Time to save 14.7623ms
[2026-02-12 17:34:53.078 DBG] Twitch Rewards :: Time to save 12.9884ms
[2026-02-12 17:34:53.089 DBG] Midi :: Time to save 11.049ms
[2026-02-12 17:34:53.099 DBG] OBS Settings :: Time to save 11.0406ms
[2026-02-12 17:34:53.111 DBG] MeldStudio Settings :: Time to save 10.3975ms
[2026-02-12 17:34:53.122 DBG] Credits :: Time to save 11.3352ms
[2026-02-12 17:34:53.135 DBG] Quotes :: Time to save 13.0982ms
[2026-02-12 17:34:53.233 DBG] Config :: Time to save 15.5295ms
[2026-02-12 17:35:50.708 DBG] ViewerRepo :: UpdatePresence(twitch, 5), 0.0315ms
[2026-02-12 17:35:50.781 DBG] TwitchService :: Presence Timer :: Artificially updated presence with a threshold of 5 minutes (72.755ms)
[2026-02-12 17:36:50.716 DBG] ViewerRepo :: UpdatePresence(twitch, 5), 0.0315ms
[2026-02-12 17:36:50.773 DBG] TwitchService :: Presence Timer :: Artificially updated presence with a threshold of 5 minutes (57.2059ms)
[2026-02-12 17:37:50.726 DBG] ViewerRepo :: UpdatePresence(twitch, 5), 0.031ms
[2026-02-12 17:37:50.784 DBG] TwitchService :: Presence Timer :: Artificially updated presence with a threshold of 5 minutes (58.0956ms)
[2026-02-12 17:38:50.734 DBG] ViewerRepo :: UpdatePresence(twitch, 5), 0.0317ms
[2026-02-12 17:38:50.786 DBG] TwitchService :: Presence Timer :: Artificially updated presence with a threshold of 5 minutes (51.9853ms)
[2026-02-12 17:39:42.316 DBG] Credits :: Time to save 13.0085ms
[2026-02-12 17:39:50.744 DBG] ViewerRepo :: UpdatePresence(twitch, 5), 0.0325ms
[2026-02-12 17:39:50.801 DBG] TwitchService :: Presence Timer :: Artificially updated presence with a threshold of 5 minutes (57.1118ms)
[2026-02-12 17:39:53.213 DBG] AutoSave :: Auto saving settings...
[2026-02-12 17:39:53.229 DBG] Users :: Time to save 17.7464ms
[2026-02-12 17:39:53.249 DBG] Actions :: Time to save 18.5371ms
[2026-02-12 17:39:53.262 DBG] Commands :: Time to save 13.0412ms
[2026-02-12 17:39:53.275 DBG] Twitch Rewards :: Time to save 12.4995ms
[2026-02-12 17:39:53.286 DBG] Midi :: Time to save 10.9381ms
[2026-02-12 17:39:53.296 DBG] OBS Settings :: Time to save 11.1141ms
[2026-02-12 17:39:53.307 DBG] MeldStudio Settings :: Time to save 10.8571ms
[2026-02-12 17:39:53.319 DBG] Credits :: Time to save 10.4837ms
[2026-02-12 17:39:53.331 DBG] Quotes :: Time to save 12.6078ms
[2026-02-12 17:39:53.431 DBG] Config :: Time to save 16.425ms
[2026-02-12 17:40:50.750 DBG] ViewerRepo :: UpdatePresence(twitch, 5), 0.0323ms
[2026-02-12 17:40:50.806 DBG] TwitchService :: Presence Timer :: Artificially updated presence with a threshold of 5 minutes (56.6503ms)
[2026-02-12 17:41:50.762 DBG] ViewerRepo :: UpdatePresence(twitch, 5), 0.0328ms
[2026-02-12 17:41:50.818 DBG] TwitchService :: Presence Timer :: Artificially updated presence with a threshold of 5 minutes (56.4024ms)
[2026-02-12 17:42:50.773 DBG] ViewerRepo :: UpdatePresence(twitch, 5), 0.0311ms
[2026-02-12 17:42:50.826 DBG] TwitchService :: Presence Timer :: Artificially updated presence with a threshold of 5 minutes (53.1454ms)
[2026-02-12 17:43:50.776 DBG] ViewerRepo :: UpdatePresence(twitch, 5), 0.0334ms
[2026-02-12 17:43:50.831 DBG] TwitchService :: Presence Timer :: Artificially updated presence with a threshold of 5 minutes (55.8939ms)
[2026-02-12 17:44:42.329 DBG] Credits :: Time to save 15.1677ms
[2026-02-12 17:44:50.791 DBG] ViewerRepo :: UpdatePresence(twitch, 5), 0.03ms
[2026-02-12 17:44:50.848 DBG] TwitchService :: Presence Timer :: Artificially updated presence with a threshold of 5 minutes (57.9474ms)
[2026-02-12 17:44:51.214 DBG] ActionDispatcher :: Queueing 'Sub Goal' (361aa588-5f31-4e19-b8a5-099cae52479d, TimedAction) to 'Default' (00000000-0000-0000-0000-000000000000), with 11 arguments
[2026-02-12 17:44:51.214 DBG] ActionQueue :: 'Default' (00000000-0000-0000-0000-000000000000) :: Enqueue action 361aa588-5f31-4e19-b8a5-099cae52479d
[2026-02-12 17:44:51.214 DBG] ActionQueue :: 'Default' (00000000-0000-0000-0000-000000000000) :: Handling queue
[2026-02-12 17:44:51.214 DBG] ActionQueue :: 'Default' (00000000-0000-0000-0000-000000000000) :: Performing non-blocking 'Sub Goal' (361aa588-5f31-4e19-b8a5-099cae52479d, 178a052d-7c68-4b50-992f-329e51c6025d)
[2026-02-12 17:44:53.436 DBG] AutoSave :: Auto saving settings...
[2026-02-12 17:44:53.458 DBG] Users :: Time to save 22.8551ms
[2026-02-12 17:44:53.477 DBG] Actions :: Time to save 18.4571ms
[2026-02-12 17:44:53.491 DBG] Commands :: Time to save 13.8102ms
[2026-02-12 17:44:53.508 DBG] Twitch Rewards :: Time to save 16.6902ms
[2026-02-12 17:44:53.520 DBG] Midi :: Time to save 12.4069ms
[2026-02-12 17:44:53.532 DBG] OBS Settings :: Time to save 11.8544ms
[2026-02-12 17:44:53.544 DBG] MeldStudio Settings :: Time to save 11.5755ms
[2026-02-12 17:44:53.558 DBG] Credits :: Time to save 14.8442ms
[2026-02-12 17:44:53.578 DBG] Quotes :: Time to save 19.5339ms
[2026-02-12 17:44:53.659 DBG] Config :: Time to save 19.8285ms
[2026-02-12 17:45:50.792 DBG] ViewerRepo :: UpdatePresence(twitch, 5), 0.0312ms
[2026-02-12 17:45:50.849 DBG] TwitchService :: Presence Timer :: Artificially updated presence with a threshold of 5 minutes (57.1236ms)
[2026-02-12 17:46:50.804 DBG] ViewerRepo :: UpdatePresence(twitch, 5), 0.0532ms
[2026-02-12 17:46:50.858 DBG] TwitchService :: Presence Timer :: Artificially updated presence with a threshold of 5 minutes (55.2332ms)
[2026-02-12 17:47:50.818 DBG] ViewerRepo :: UpdatePresence(twitch, 5), 0.031ms
[2026-02-12 17:47:50.872 DBG] TwitchService :: Presence Timer :: Artificially updated presence with a threshold of 5 minutes (53.5553ms)
[2026-02-12 17:48:50.828 DBG] ViewerRepo :: UpdatePresence(twitch, 5), 0.0305ms
[2026-02-12 17:48:50.887 DBG] TwitchService :: Presence Timer :: Artificially updated presence with a threshold of 5 minutes (59.2997ms)
[2026-02-12 17:49:42.332 DBG] Credits :: Time to save 12.8967ms
[2026-02-12 17:49:50.833 DBG] ViewerRepo :: UpdatePresence(twitch, 5), 0.0486ms
[2026-02-12 17:49:50.891 DBG] TwitchService :: Presence Timer :: Artificially updated presence with a threshold of 5 minutes (58.4425ms)
[2026-02-12 17:49:53.683 DBG] AutoSave :: Auto saving settings...
[2026-02-12 17:49:53.698 DBG] Users :: Time to save 16.0428ms
[2026-02-12 17:49:53.716 DBG] Actions :: Time to save 17.7593ms
[2026-02-12 17:49:53.729 DBG] Commands :: Time to save 13.9183ms
[2026-02-12 17:49:53.743 DBG] Twitch Rewards :: Time to save 13.0909ms
[2026-02-12 17:49:53.754 DBG] Midi :: Time to save 10.9798ms
[2026-02-12 17:49:53.766 DBG] OBS Settings :: Time to save 11.2519ms
[2026-02-12 17:49:53.776 DBG] MeldStudio Settings :: Time to save 10.4425ms
[2026-02-12 17:49:53.787 DBG] Credits :: Time to save 10.5343ms
[2026-02-12 17:49:53.799 DBG] Quotes :: Time to save 13.3554ms
[2026-02-12 17:49:53.899 DBG] Config :: Time to save 15.8062ms
[2026-02-12 17:50:50.839 DBG] ViewerRepo :: UpdatePresence(twitch, 5), 0.0343ms
[2026-02-12 17:50:50.897 DBG] TwitchService :: Presence Timer :: Artificially updated presence with a threshold of 5 minutes (57.5682ms)
[2026-02-12 17:51:50.859 DBG] ViewerRepo :: UpdatePresence(twitch, 5), 0.0305ms
[2026-02-12 17:51:50.914 DBG] TwitchService :: Presence Timer :: Artificially updated presence with a threshold of 5 minutes (54.6007ms)
[2026-02-12 17:52:50.874 DBG] ViewerRepo :: UpdatePresence(twitch, 5), 0.0453ms
[2026-02-12 17:52:50.929 DBG] TwitchService :: Presence Timer :: Artificially updated presence with a threshold of 5 minutes (54.9192ms)
[2026-02-12 17:53:50.886 DBG] ViewerRepo :: UpdatePresence(twitch, 5), 0.0347ms
[2026-02-12 17:53:50.943 DBG] TwitchService :: Presence Timer :: Artificially updated presence with a threshold of 5 minutes (56.4895ms)
[2026-02-12 17:54:42.344 DBG] Credits :: Time to save 13.3726ms
[2026-02-12 17:54:50.887 DBG] ViewerRepo :: UpdatePresence(twitch, 5), 0.0577ms
[2026-02-12 17:54:50.943 DBG] TwitchService :: Presence Timer :: Artificially updated presence with a threshold of 5 minutes (56.1153ms)
[2026-02-12 17:54:51.293 DBG] ActionDispatcher :: Queueing 'Sub Goal' (361aa588-5f31-4e19-b8a5-099cae52479d, TimedAction) to 'Default' (00000000-0000-0000-0000-000000000000), with 11 arguments
[2026-02-12 17:54:51.293 DBG] ActionQueue :: 'Default' (00000000-0000-0000-0000-000000000000) :: Enqueue action 361aa588-5f31-4e19-b8a5-099cae52479d
[2026-02-12 17:54:51.293 DBG] ActionQueue :: 'Default' (00000000-0000-0000-0000-000000000000) :: Handling queue
[2026-02-12 17:54:51.293 DBG] ActionQueue :: 'Default' (00000000-0000-0000-0000-000000000000) :: Performing non-blocking 'Sub Goal' (361aa588-5f31-4e19-b8a5-099cae52479d, 9216ad87-29af-4a35-8a62-9f6a10713697)
[2026-02-12 17:54:53.877 DBG] AutoSave :: Auto saving settings...
[2026-02-12 17:54:53.896 DBG] Users :: Time to save 19.0881ms
[2026-02-12 17:54:53.916 DBG] Actions :: Time to save 20.256ms
[2026-02-12 17:54:53.930 DBG] Commands :: Time to save 13.7718ms
[2026-02-12 17:54:53.945 DBG] Twitch Rewards :: Time to save 14.1564ms
[2026-02-12 17:54:53.956 DBG] Midi :: Time to save 11.8615ms
[2026-02-12 17:54:53.968 DBG] OBS Settings :: Time to save 11.4379ms
[2026-02-12 17:54:53.979 DBG] MeldStudio Settings :: Time to save 11.11ms
[2026-02-12 17:54:53.989 DBG] Credits :: Time to save 10.9799ms
[2026-02-12 17:54:54.004 DBG] Quotes :: Time to save 14.2307ms
[2026-02-12 17:54:54.095 DBG] Config :: Time to save 14.6051ms
[2026-02-12 17:55:50.896 DBG] ViewerRepo :: UpdatePresence(twitch, 5), 0.0319ms
[2026-02-12 17:55:50.951 DBG] TwitchService :: Presence Timer :: Artificially updated presence with a threshold of 5 minutes (55.4906ms)
[2026-02-12 17:56:50.903 DBG] ViewerRepo :: UpdatePresence(twitch, 5), 0.0318ms
[2026-02-12 17:56:50.959 DBG] TwitchService :: Presence Timer :: Artificially updated presence with a threshold of 5 minutes (56.3918ms)
[2026-02-12 17:57:50.915 DBG] ViewerRepo :: UpdatePresence(twitch, 5), 0.0309ms
[2026-02-12 17:57:50.969 DBG] TwitchService :: Presence Timer :: Artificially updated presence with a threshold of 5 minutes (55.4544ms)
[2026-02-12 17:58:50.938 DBG] ViewerRepo :: UpdatePresence(twitch, 5), 0.0986ms
[2026-02-12 17:58:50.994 DBG] TwitchService :: Presence Timer :: Artificially updated presence with a threshold of 5 minutes (55.9822ms)
[2026-02-12 17:59:42.354 DBG] Credits :: Time to save 12.8106ms
[2026-02-12 17:59:50.944 DBG] ViewerRepo :: UpdatePresence(twitch, 5), 0.0339ms
[2026-02-12 17:59:51.001 DBG] TwitchService :: Presence Timer :: Artificially updated presence with a threshold of 5 minutes (57.368ms)
[2026-02-12 17:59:54.100 DBG] AutoSave :: Auto saving settings...
[2026-02-12 17:59:54.118 DBG] Users :: Time to save 17.592ms
[2026-02-12 17:59:54.136 DBG] Actions :: Time to save 18.5003ms
[2026-02-12 17:59:54.149 DBG] Commands :: Time to save 13.4504ms
[2026-02-12 17:59:54.163 DBG] Twitch Rewards :: Time to save 13.0559ms
[2026-02-12 17:59:54.174 DBG] Midi :: Time to save 10.4921ms
[2026-02-12 17:59:54.184 DBG] OBS Settings :: Time to save 10.3451ms
[2026-02-12 17:59:54.194 DBG] MeldStudio Settings :: Time to save 10.3373ms
[2026-02-12 17:59:54.205 DBG] Credits :: Time to save 11.4341ms
[2026-02-12 17:59:54.220 DBG] Quotes :: Time to save 13.8518ms
[2026-02-12 17:59:54.318 DBG] Config :: Time to save 14.5071ms
[2026-02-12 18:00:50.958 DBG] ViewerRepo :: UpdatePresence(twitch, 5), 0.0326ms
[2026-02-12 18:00:51.014 DBG] TwitchService :: Presence Timer :: Artificially updated presence with a threshold of 5 minutes (55.9167ms)
[2026-02-12 18:01:50.965 DBG] ViewerRepo :: UpdatePresence(twitch, 5), 0.0315ms
[2026-02-12 18:01:51.021 DBG] TwitchService :: Presence Timer :: Artificially updated presence with a threshold of 5 minutes (56.951ms)
[2026-02-12 18:02:50.974 DBG] ViewerRepo :: UpdatePresence(twitch, 5), 0.0294ms
[2026-02-12 18:02:51.029 DBG] TwitchService :: Presence Timer :: Artificially updated presence with a threshold of 5 minutes (56.0587ms)
[2026-02-12 18:03:50.988 DBG] ViewerRepo :: UpdatePresence(twitch, 5), 0.0325ms
[2026-02-12 18:03:51.046 DBG] TwitchService :: Presence Timer :: Artificially updated presence with a threshold of 5 minutes (58.0634ms)
[2026-02-12 18:04:42.365 DBG] Credits :: Time to save 13.8513ms
[2026-02-12 18:04:50.990 DBG] ViewerRepo :: UpdatePresence(twitch, 5), 0.0493ms
[2026-02-12 18:04:51.048 DBG] TwitchService :: Presence Timer :: Artificially updated presence with a threshold of 5 minutes (57.6354ms)
[2026-02-12 18:04:51.871 DBG] ActionDispatcher :: Queueing 'Sub Goal' (361aa588-5f31-4e19-b8a5-099cae52479d, TimedAction) to 'Default' (00000000-0000-0000-0000-000000000000), with 11 arguments
[2026-02-12 18:04:51.871 DBG] ActionQueue :: 'Default' (00000000-0000-0000-0000-000000000000) :: Enqueue action 361aa588-5f31-4e19-b8a5-099cae52479d
[2026-02-12 18:04:51.871 DBG] ActionQueue :: 'Default' (00000000-0000-0000-0000-000000000000) :: Handling queue
[2026-02-12 18:04:51.871 DBG] ActionQueue :: 'Default' (00000000-0000-0000-0000-000000000000) :: Performing non-blocking 'Sub Goal' (361aa588-5f31-4e19-b8a5-099cae52479d, c95859a1-526d-48cd-a45a-a9cc8f90b5f7)
[2026-02-12 18:04:54.314 DBG] AutoSave :: Auto saving settings...
[2026-02-12 18:04:54.329 DBG] Users :: Time to save 14.7413ms
[2026-02-12 18:04:54.346 DBG] Actions :: Time to save 17.6081ms
[2026-02-12 18:04:54.361 DBG] Commands :: Time to save 13.7973ms
[2026-02-12 18:04:54.374 DBG] Twitch Rewards :: Time to save 13.3783ms
[2026-02-12 18:04:54.386 DBG] Midi :: Time to save 12.0364ms
[2026-02-12 18:04:54.399 DBG] OBS Settings :: Time to save 12.6732ms
[2026-02-12 18:04:54.412 DBG] MeldStudio Settings :: Time to save 13.4089ms
[2026-02-12 18:04:54.425 DBG] Credits :: Time to save 12.9603ms
[2026-02-12 18:04:54.441 DBG] Quotes :: Time to save 15.1527ms
[2026-02-12 18:04:54.534 DBG] Config :: Time to save 14.4934ms
[2026-02-12 18:05:51.003 DBG] ViewerRepo :: UpdatePresence(twitch, 5), 0.0302ms
[2026-02-12 18:05:51.059 DBG] TwitchService :: Presence Timer :: Artificially updated presence with a threshold of 5 minutes (55.3607ms)
[2026-02-12 18:06:51.008 DBG] ViewerRepo :: UpdatePresence(twitch, 5), 0.0304ms
[2026-02-12 18:06:51.063 DBG] TwitchService :: Presence Timer :: Artificially updated presence with a threshold of 5 minutes (56.0244ms)
[2026-02-12 18:07:51.021 DBG] ViewerRepo :: UpdatePresence(twitch, 5), 0.0311ms
[2026-02-12 18:07:51.090 DBG] TwitchService :: Presence Timer :: Artificially updated presence with a threshold of 5 minutes (69.6538ms)
[2026-02-12 18:08:51.026 DBG] ViewerRepo :: UpdatePresence(twitch, 5), 0.0288ms
[2026-02-12 18:08:51.077 DBG] TwitchService :: Presence Timer :: Artificially updated presence with a threshold of 5 minutes (51.8403ms)
[2026-02-12 18:09:42.370 DBG] Credits :: Time to save 13.1281ms
[2026-02-12 18:09:51.041 DBG] ViewerRepo :: UpdatePresence(twitch, 5), 0.0307ms
[2026-02-12 18:09:51.092 DBG] TwitchService :: Presence Timer :: Artificially updated presence with a threshold of 5 minutes (51.9549ms)
[2026-02-12 18:09:54.536 DBG] AutoSave :: Auto saving settings...
[2026-02-12 18:09:54.552 DBG] Users :: Time to save 16.8553ms
[2026-02-12 18:09:54.570 DBG] Actions :: Time to save 17.5914ms
[2026-02-12 18:09:54.583 DBG] Commands :: Time to save 13.3104ms
[2026-02-12 18:09:54.597 DBG] Twitch Rewards :: Time to save 13.3248ms
[2026-02-12 18:09:54.608 DBG] Midi :: Time to save 11.2636ms
[2026-02-12 18:09:54.619 DBG] OBS Settings :: Time to save 11.528ms
[2026-02-12 18:09:54.630 DBG] MeldStudio Settings :: Time to save 11.2108ms
[2026-02-12 18:09:54.641 DBG] Credits :: Time to save 10.9805ms
[2026-02-12 18:09:54.655 DBG] Quotes :: Time to save 13.6003ms
[2026-02-12 18:09:54.753 DBG] Config :: Time to save 15.0184ms
[2026-02-12 18:10:51.045 DBG] ViewerRepo :: UpdatePresence(twitch, 5), 0.0297ms
[2026-02-12 18:10:51.098 DBG] TwitchService :: Presence Timer :: Artificially updated presence with a threshold of 5 minutes (52.6289ms)
[2026-02-12 18:11:13.561 DBG] Streamer.bot Website Socket :: Disconnected
[2026-02-12 18:11:13.563 INF] Streamer.bot Service :: Disconnected from Website Client
[2026-02-12 18:11:15.576 DBG] Streamer.bot Service :: Retrying website client connection
[2026-02-12 18:11:15.576 INF] Streamer.bot Service :: Connecting to Website Client
[2026-02-12 18:11:15.576 DBG] Streamer.bot Website Socket :: Opening connection
[2026-02-12 18:11:15.943 INF] Streamer.bot Service :: Website Client authenticated
[2026-02-12 18:11:15.943 INF] Streamer.bot Service :: Connected to Website Client
[2026-02-12 18:11:51.054 DBG] ViewerRepo :: UpdatePresence(twitch, 5), 0.0301ms
[2026-02-12 18:11:51.109 DBG] TwitchService :: Presence Timer :: Artificially updated presence with a threshold of 5 minutes (56.0089ms)
[2026-02-12 18:12:51.068 DBG] ViewerRepo :: UpdatePresence(twitch, 5), 0.0416ms
[2026-02-12 18:12:51.125 DBG] TwitchService :: Presence Timer :: Artificially updated presence with a threshold of 5 minutes (58.0467ms)
[2026-02-12 18:13:51.069 DBG] ViewerRepo :: UpdatePresence(twitch, 5), 0.032ms
[2026-02-12 18:13:51.123 DBG] TwitchService :: Presence Timer :: Artificially updated presence with a threshold of 5 minutes (53.9811ms)
[2026-02-12 18:14:42.378 DBG] Credits :: Time to save 12.9283ms
[2026-02-12 18:14:51.074 DBG] ViewerRepo :: UpdatePresence(twitch, 5), 0.0313ms
[2026-02-12 18:14:51.131 DBG] TwitchService :: Presence Timer :: Artificially updated presence with a threshold of 5 minutes (56.1941ms)
[2026-02-12 18:14:52.549 DBG] ActionDispatcher :: Queueing 'Sub Goal' (361aa588-5f31-4e19-b8a5-099cae52479d, TimedAction) to 'Default' (00000000-0000-0000-0000-000000000000), with 11 arguments
[2026-02-12 18:14:52.549 DBG] ActionQueue :: 'Default' (00000000-0000-0000-0000-000000000000) :: Enqueue action 361aa588-5f31-4e19-b8a5-099cae52479d
[2026-02-12 18:14:52.549 DBG] ActionQueue :: 'Default' (00000000-0000-0000-0000-000000000000) :: Handling queue
[2026-02-12 18:14:52.549 DBG] ActionQueue :: 'Default' (00000000-0000-0000-0000-000000000000) :: Performing non-blocking 'Sub Goal' (361aa588-5f31-4e19-b8a5-099cae52479d, f37aaf10-3d37-4d43-ad08-aac379ea069d)
[2026-02-12 18:14:54.740 DBG] AutoSave :: Auto saving settings...
[2026-02-12 18:14:54.758 DBG] Users :: Time to save 17.6016ms
[2026-02-12 18:14:54.775 DBG] Actions :: Time to save 17.5438ms
[2026-02-12 18:14:54.788 DBG] Commands :: Time to save 12.9973ms
[2026-02-12 18:14:54.802 DBG] Twitch Rewards :: Time to save 13.8447ms
[2026-02-12 18:14:54.813 DBG] Midi :: Time to save 11.0925ms
[2026-02-12 18:14:54.825 DBG] OBS Settings :: Time to save 10.909ms
[2026-02-12 18:14:54.836 DBG] MeldStudio Settings :: Time to save 11.1908ms
[2026-02-12 18:14:54.847 DBG] Credits :: Time to save 11.0801ms
[2026-02-12 18:14:54.859 DBG] Quotes :: Time to save 12.7435ms
[2026-02-12 18:14:54.958 DBG] Config :: Time to save 14.979ms
[2026-02-12 18:15:51.089 DBG] ViewerRepo :: UpdatePresence(twitch, 5), 0.0311ms
[2026-02-12 18:15:51.141 DBG] TwitchService :: Presence Timer :: Artificially updated presence with a threshold of 5 minutes (52.2231ms)
[2026-02-12 18:16:51.103 DBG] ViewerRepo :: UpdatePresence(twitch, 5), 0.0309ms
[2026-02-12 18:16:51.159 DBG] TwitchService :: Presence Timer :: Artificially updated presence with a threshold of 5 minutes (56.1692ms)
[2026-02-12 18:17:51.105 DBG] ViewerRepo :: UpdatePresence(twitch, 5), 0.0324ms
[2026-02-12 18:17:51.161 DBG] TwitchService :: Presence Timer :: Artificially updated presence with a threshold of 5 minutes (56.5943ms)
[2026-02-12 18:18:51.114 DBG] ViewerRepo :: UpdatePresence(twitch, 5), 0.031ms
[2026-02-12 18:18:51.168 DBG] TwitchService :: Presence Timer :: Artificially updated presence with a threshold of 5 minutes (53.7193ms)
[2026-02-12 18:19:42.389 DBG] Credits :: Time to save 13.9772ms
[2026-02-12 18:19:51.128 DBG] ViewerRepo :: UpdatePresence(twitch, 5), 0.03ms
[2026-02-12 18:19:51.183 DBG] TwitchService :: Presence Timer :: Artificially updated presence with a threshold of 5 minutes (55.2843ms)
[2026-02-12 18:19:54.952 DBG] AutoSave :: Auto saving settings...
[2026-02-12 18:19:54.970 DBG] Users :: Time to save 17.706ms
[2026-02-12 18:19:54.988 DBG] Actions :: Time to save 17.9918ms
[2026-02-12 18:19:55.001 DBG] Commands :: Time to save 12.7874ms
[2026-02-12 18:19:55.014 DBG] Twitch Rewards :: Time to save 13.6612ms
[2026-02-12 18:19:55.025 DBG] Midi :: Time to save 11.1993ms
[2026-02-12 18:19:55.036 DBG] OBS Settings :: Time to save 11.1628ms
[2026-02-12 18:19:55.048 DBG] MeldStudio Settings :: Time to save 10.2158ms
[2026-02-12 18:19:55.059 DBG] Credits :: Time to save 11.2185ms
[2026-02-12 18:19:55.071 DBG] Quotes :: Time to save 12.938ms
[2026-02-12 18:19:55.171 DBG] Config :: Time to save 15.8689ms
[2026-02-12 18:20:51.134 DBG] ViewerRepo :: UpdatePresence(twitch, 5), 0.0304ms
[2026-02-12 18:20:51.185 DBG] TwitchService :: Presence Timer :: Artificially updated presence with a threshold of 5 minutes (51.1805ms)
[2026-02-12 18:21:51.144 DBG] ViewerRepo :: UpdatePresence(twitch, 5), 0.0324ms
[2026-02-12 18:21:51.200 DBG] TwitchService :: Presence Timer :: Artificially updated presence with a threshold of 5 minutes (56.1899ms)
[2026-02-12 18:22:51.153 DBG] ViewerRepo :: UpdatePresence(twitch, 5), 0.042ms
[2026-02-12 18:22:51.205 DBG] TwitchService :: Presence Timer :: Artificially updated presence with a threshold of 5 minutes (52.8559ms)
[2026-02-12 18:23:51.159 DBG] ViewerRepo :: UpdatePresence(twitch, 5), 0.0316ms
[2026-02-12 18:23:51.214 DBG] TwitchService :: Presence Timer :: Artificially updated presence with a threshold of 5 minutes (56.0814ms)
[2026-02-12 18:24:42.404 DBG] Credits :: Time to save 13.4777ms
[2026-02-12 18:24:51.167 DBG] ViewerRepo :: UpdatePresence(twitch, 5), 0.0357ms
[2026-02-12 18:24:51.220 DBG] TwitchService :: Presence Timer :: Artificially updated presence with a threshold of 5 minutes (54.0651ms)
[2026-02-12 18:24:53.437 DBG] ActionDispatcher :: Queueing 'Sub Goal' (361aa588-5f31-4e19-b8a5-099cae52479d, TimedAction) to 'Default' (00000000-0000-0000-0000-000000000000), with 11 arguments
[2026-02-12 18:24:53.437 DBG] ActionQueue :: 'Default' (00000000-0000-0000-0000-000000000000) :: Enqueue action 361aa588-5f31-4e19-b8a5-099cae52479d
[2026-02-12 18:24:53.437 DBG] ActionQueue :: 'Default' (00000000-0000-0000-0000-000000000000) :: Handling queue
[2026-02-12 18:24:53.437 DBG] ActionQueue :: 'Default' (00000000-0000-0000-0000-000000000000) :: Performing non-blocking 'Sub Goal' (361aa588-5f31-4e19-b8a5-099cae52479d, e087ec05-0331-4c91-bc4b-3e302691dd57)
[2026-02-12 18:24:55.159 DBG] AutoSave :: Auto saving settings...
[2026-02-12 18:24:55.177 DBG] Users :: Time to save 17.9273ms
[2026-02-12 18:24:55.193 DBG] Actions :: Time to save 17.0935ms
[2026-02-12 18:24:55.206 DBG] Commands :: Time to save 12.3576ms
[2026-02-12 18:24:55.219 DBG] Twitch Rewards :: Time to save 12.9984ms
[2026-02-12 18:24:55.230 DBG] Midi :: Time to save 10.7199ms
[2026-02-12 18:24:55.241 DBG] OBS Settings :: Time to save 11.2079ms
[2026-02-12 18:24:55.252 DBG] MeldStudio Settings :: Time to save 10.8669ms
[2026-02-12 18:24:55.263 DBG] Credits :: Time to save 11.0664ms
[2026-02-12 18:24:55.278 DBG] Quotes :: Time to save 14.1559ms
[2026-02-12 18:24:55.379 DBG] Config :: Time to save 15.3164ms
[2026-02-12 18:25:51.177 DBG] ViewerRepo :: UpdatePresence(twitch, 5), 0.0303ms
[2026-02-12 18:25:51.233 DBG] TwitchService :: Presence Timer :: Artificially updated presence with a threshold of 5 minutes (56.1075ms)
[2026-02-12 18:26:51.184 DBG] ViewerRepo :: UpdatePresence(twitch, 5), 0.03ms
[2026-02-12 18:26:51.247 DBG] TwitchService :: Presence Timer :: Artificially updated presence with a threshold of 5 minutes (62.8797ms)
[2026-02-12 18:27:51.197 DBG] ViewerRepo :: UpdatePresence(twitch, 5), 0.0296ms
[2026-02-12 18:27:51.255 DBG] TwitchService :: Presence Timer :: Artificially updated presence with a threshold of 5 minutes (59.1922ms)
[2026-02-12 18:28:51.203 DBG] ViewerRepo :: UpdatePresence(twitch, 5), 0.031ms
[2026-02-12 18:28:51.257 DBG] TwitchService :: Presence Timer :: Artificially updated presence with a threshold of 5 minutes (53.9045ms)
[2026-02-12 18:29:42.413 DBG] Credits :: Time to save 13.6742ms
[2026-02-12 18:29:51.218 DBG] ViewerRepo :: UpdatePresence(twitch, 5), 0.0332ms
[2026-02-12 18:29:51.270 DBG] TwitchService :: Presence Timer :: Artificially updated presence with a threshold of 5 minutes (53.0451ms)
[2026-02-12 18:29:55.362 DBG] AutoSave :: Auto saving settings...
[2026-02-12 18:29:55.378 DBG] Users :: Time to save 15.4969ms
[2026-02-12 18:29:55.395 DBG] Actions :: Time to save 17.5979ms
[2026-02-12 18:29:55.409 DBG] Commands :: Time to save 13.458ms
[2026-02-12 18:29:55.421 DBG] Twitch Rewards :: Time to save 12.8606ms
[2026-02-12 18:29:55.432 DBG] Midi :: Time to save 10.8402ms
[2026-02-12 18:29:55.444 DBG] OBS Settings :: Time to save 11.7571ms
[2026-02-12 18:29:55.455 DBG] MeldStudio Settings :: Time to save 11.9967ms
[2026-02-12 18:29:55.468 DBG] Credits :: Time to save 11.5898ms
[2026-02-12 18:29:55.480 DBG] Quotes :: Time to save 12.9528ms
[2026-02-12 18:29:55.581 DBG] Config :: Time to save 14.4153ms
[2026-02-12 18:30:51.224 DBG] ViewerRepo :: UpdatePresence(twitch, 5), 0.0289ms
[2026-02-12 18:30:51.285 DBG] TwitchService :: Presence Timer :: Artificially updated presence with a threshold of 5 minutes (60.8325ms)
[2026-02-12 18:31:51.234 DBG] ViewerRepo :: UpdatePresence(twitch, 5), 0.0329ms
[2026-02-12 18:31:51.285 DBG] TwitchService :: Presence Timer :: Artificially updated presence with a threshold of 5 minutes (52.0759ms)
[2026-02-12 18:32:51.247 DBG] ViewerRepo :: UpdatePresence(twitch, 5), 0.031ms
[2026-02-12 18:32:51.301 DBG] TwitchService :: Presence Timer :: Artificially updated presence with a threshold of 5 minutes (53.9575ms)
[2026-02-12 18:33:51.257 DBG] ViewerRepo :: UpdatePresence(twitch, 5), 0.0313ms
[2026-02-12 18:33:51.312 DBG] TwitchService :: Presence Timer :: Artificially updated presence with a threshold of 5 minutes (54.6839ms)
[2026-02-12 18:34:42.418 DBG] Credits :: Time to save 14.364ms
[2026-02-12 18:34:51.262 DBG] ViewerRepo :: UpdatePresence(twitch, 5), 0.0317ms
[2026-02-12 18:34:51.795 DBG] TwitchService :: Presence Timer :: Artificially updated presence with a threshold of 5 minutes (533.7062ms)
[2026-02-12 18:34:54.179 DBG] ActionDispatcher :: Queueing 'Sub Goal' (361aa588-5f31-4e19-b8a5-099cae52479d, TimedAction) to 'Default' (00000000-0000-0000-0000-000000000000), with 11 arguments
[2026-02-12 18:34:54.179 DBG] ActionQueue :: 'Default' (00000000-0000-0000-0000-000000000000) :: Enqueue action 361aa588-5f31-4e19-b8a5-099cae52479d
[2026-02-12 18:34:54.179 DBG] ActionQueue :: 'Default' (00000000-0000-0000-0000-000000000000) :: Handling queue
[2026-02-12 18:34:54.179 DBG] ActionQueue :: 'Default' (00000000-0000-0000-0000-000000000000) :: Performing non-blocking 'Sub Goal' (361aa588-5f31-4e19-b8a5-099cae52479d, b62feab0-2d52-4bb0-9387-fab467cd01dc)
[2026-02-12 18:34:55.572 DBG] AutoSave :: Auto saving settings...
[2026-02-12 18:34:55.588 DBG] Users :: Time to save 15.9108ms
[2026-02-12 18:34:55.606 DBG] Actions :: Time to save 18.1676ms
[2026-02-12 18:34:55.622 DBG] Commands :: Time to save 15.8567ms
[2026-02-12 18:34:55.635 DBG] Twitch Rewards :: Time to save 13.1838ms
[2026-02-12 18:34:55.646 DBG] Midi :: Time to save 11.7147ms
[2026-02-12 18:34:55.658 DBG] OBS Settings :: Time to save 10.8693ms
[2026-02-12 18:34:55.669 DBG] MeldStudio Settings :: Time to save 10.2346ms
[2026-02-12 18:34:55.679 DBG] Credits :: Time to save 10.6714ms
[2026-02-12 18:34:55.692 DBG] Quotes :: Time to save 13.0408ms
[2026-02-12 18:34:55.789 DBG] Config :: Time to save 14.5152ms
[2026-02-12 18:35:51.267 DBG] ViewerRepo :: UpdatePresence(twitch, 5), 0.0304ms
[2026-02-12 18:35:51.320 DBG] TwitchService :: Presence Timer :: Artificially updated presence with a threshold of 5 minutes (53.5258ms)
[2026-02-12 18:36:51.280 DBG] ViewerRepo :: UpdatePresence(twitch, 5), 0.0318ms
[2026-02-12 18:36:51.336 DBG] TwitchService :: Presence Timer :: Artificially updated presence with a threshold of 5 minutes (56.438ms)
[2026-02-12 18:37:51.291 DBG] ViewerRepo :: UpdatePresence(twitch, 5), 0.0325ms
[2026-02-12 18:37:51.345 DBG] TwitchService :: Presence Timer :: Artificially updated presence with a threshold of 5 minutes (55.2465ms)
[2026-02-12 18:38:51.302 DBG] ViewerRepo :: UpdatePresence(twitch, 5), 0.032ms
[2026-02-12 18:38:51.355 DBG] TwitchService :: Presence Timer :: Artificially updated presence with a threshold of 5 minutes (53.7718ms)
[2026-02-12 18:39:42.422 DBG] Credits :: Time to save 14.0465ms
[2026-02-12 18:39:51.310 DBG] ViewerRepo :: UpdatePresence(twitch, 5), 0.0321ms
[2026-02-12 18:39:51.368 DBG] TwitchService :: Presence Timer :: Artificially updated presence with a threshold of 5 minutes (57.9941ms)
[2026-02-12 18:39:55.765 DBG] AutoSave :: Auto saving settings...
[2026-02-12 18:39:55.780 DBG] Users :: Time to save 15.2755ms
[2026-02-12 18:39:55.798 DBG] Actions :: Time to save 17.3878ms
[2026-02-12 18:39:55.811 DBG] Commands :: Time to save 13.3034ms
[2026-02-12 18:39:55.823 DBG] Twitch Rewards :: Time to save 12.4853ms
[2026-02-12 18:39:55.834 DBG] Midi :: Time to save 10.5234ms
[2026-02-12 18:39:55.845 DBG] OBS Settings :: Time to save 11.2222ms
[2026-02-12 18:39:55.856 DBG] MeldStudio Settings :: Time to save 10.6294ms
[2026-02-12 18:39:55.866 DBG] Credits :: Time to save 10.5331ms
[2026-02-12 18:39:55.880 DBG] Quotes :: Time to save 13.732ms
[2026-02-12 18:39:55.983 DBG] Config :: Time to save 14.4801ms
[2026-02-12 18:40:51.310 DBG] ViewerRepo :: UpdatePresence(twitch, 5), 0.0482ms
[2026-02-12 18:40:51.367 DBG] TwitchService :: Presence Timer :: Artificially updated presence with a threshold of 5 minutes (57.8022ms)
[2026-02-12 18:41:51.314 DBG] ViewerRepo :: UpdatePresence(twitch, 5), 0.0457ms
[2026-02-12 18:41:51.368 DBG] TwitchService :: Presence Timer :: Artificially updated presence with a threshold of 5 minutes (54.4075ms)
[2026-02-12 18:42:51.329 DBG] ViewerRepo :: UpdatePresence(twitch, 5), 0.0465ms
[2026-02-12 18:42:51.392 DBG] TwitchService :: Presence Timer :: Artificially updated presence with a threshold of 5 minutes (63.9357ms)
[2026-02-12 18:43:51.331 DBG] ViewerRepo :: UpdatePresence(twitch, 5), 0.0304ms
[2026-02-12 18:43:51.384 DBG] TwitchService :: Presence Timer :: Artificially updated presence with a threshold of 5 minutes (53.0126ms)
[2026-02-12 18:44:42.431 DBG] Credits :: Time to save 13.7115ms
[2026-02-12 18:44:51.341 DBG] ViewerRepo :: UpdatePresence(twitch, 5), 0.0315ms
[2026-02-12 18:44:51.397 DBG] TwitchService :: Presence Timer :: Artificially updated presence with a threshold of 5 minutes (56.5522ms)
[2026-02-12 18:44:54.827 DBG] ActionDispatcher :: Queueing 'Sub Goal' (361aa588-5f31-4e19-b8a5-099cae52479d, TimedAction) to 'Default' (00000000-0000-0000-0000-000000000000), with 11 arguments
[2026-02-12 18:44:54.827 DBG] ActionQueue :: 'Default' (00000000-0000-0000-0000-000000000000) :: Enqueue action 361aa588-5f31-4e19-b8a5-099cae52479d
[2026-02-12 18:44:54.827 DBG] ActionQueue :: 'Default' (00000000-0000-0000-0000-000000000000) :: Handling queue
[2026-02-12 18:44:54.827 DBG] ActionQueue :: 'Default' (00000000-0000-0000-0000-000000000000) :: Performing non-blocking 'Sub Goal' (361aa588-5f31-4e19-b8a5-099cae52479d, dfc5f334-8668-4e05-a8cf-db74632cfbc7)
[2026-02-12 18:44:55.977 DBG] AutoSave :: Auto saving settings...
[2026-02-12 18:44:55.995 DBG] Users :: Time to save 18.0688ms
[2026-02-12 18:44:56.018 DBG] Actions :: Time to save 22.934ms
[2026-02-12 18:44:56.035 DBG] Commands :: Time to save 16.7367ms
[2026-02-12 18:44:56.052 DBG] Twitch Rewards :: Time to save 16.882ms
[2026-02-12 18:44:56.066 DBG] Midi :: Time to save 14.1269ms
[2026-02-12 18:44:56.081 DBG] OBS Settings :: Time to save 15.2229ms
[2026-02-12 18:44:56.095 DBG] MeldStudio Settings :: Time to save 13.9278ms
[2026-02-12 18:44:56.110 DBG] Credits :: Time to save 14.2136ms
[2026-02-12 18:44:56.128 DBG] Quotes :: Time to save 17.6989ms
[2026-02-12 18:44:56.200 DBG] Config :: Time to save 18.464ms
[2026-02-12 18:45:51.361 DBG] ViewerRepo :: UpdatePresence(twitch, 5), 0.0329ms
[2026-02-12 18:45:51.416 DBG] TwitchService :: Presence Timer :: Artificially updated presence with a threshold of 5 minutes (56.2983ms)
[2026-02-12 18:46:51.374 DBG] ViewerRepo :: UpdatePresence(twitch, 5), 0.0318ms
[2026-02-12 18:46:51.430 DBG] TwitchService :: Presence Timer :: Artificially updated presence with a threshold of 5 minutes (56.6734ms)
[2026-02-12 18:47:51.382 DBG] ViewerRepo :: UpdatePresence(twitch, 5), 0.03ms
[2026-02-12 18:47:51.437 DBG] TwitchService :: Presence Timer :: Artificially updated presence with a threshold of 5 minutes (55.1987ms)
[2026-02-12 18:48:51.393 DBG] ViewerRepo :: UpdatePresence(twitch, 5), 0.0315ms
[2026-02-12 18:48:51.448 DBG] TwitchService :: Presence Timer :: Artificially updated presence with a threshold of 5 minutes (55.8845ms)
[2026-02-12 18:49:42.433 DBG] Credits :: Time to save 13.0035ms
[2026-02-12 18:49:51.404 DBG] ViewerRepo :: UpdatePresence(twitch, 5), 0.0304ms
[2026-02-12 18:49:51.461 DBG] TwitchService :: Presence Timer :: Artificially updated presence with a threshold of 5 minutes (57.0453ms)
[2026-02-12 18:49:56.230 DBG] AutoSave :: Auto saving settings...
[2026-02-12 18:49:56.244 DBG] Users :: Time to save 14.7505ms
[2026-02-12 18:49:56.262 DBG] Actions :: Time to save 17.288ms
[2026-02-12 18:49:56.275 DBG] Commands :: Time to save 13.1126ms
[2026-02-12 18:49:56.289 DBG] Twitch Rewards :: Time to save 13.3353ms
[2026-02-12 18:49:56.298 DBG] Midi :: Time to save 10.8085ms
[2026-02-12 18:49:56.310 DBG] OBS Settings :: Time to save 10.8353ms
[2026-02-12 18:49:56.320 DBG] MeldStudio Settings :: Time to save 10.2301ms
[2026-02-12 18:49:56.331 DBG] Credits :: Time to save 10.9623ms
[2026-02-12 18:49:56.343 DBG] Quotes :: Time to save 12.1364ms
[2026-02-12 18:49:56.446 DBG] Config :: Time to save 15.3283ms
[2026-02-12 18:50:51.414 DBG] ViewerRepo :: UpdatePresence(twitch, 5), 0.0375ms
[2026-02-12 18:50:51.474 DBG] TwitchService :: Presence Timer :: Artificially updated presence with a threshold of 5 minutes (60.5779ms)
[2026-02-12 18:51:51.418 DBG] ViewerRepo :: UpdatePresence(twitch, 5), 0.0353ms
[2026-02-12 18:51:51.483 DBG] TwitchService :: Presence Timer :: Artificially updated presence with a threshold of 5 minutes (64.2896ms)
[2026-02-12 18:52:51.420 DBG] ViewerRepo :: UpdatePresence(twitch, 5), 0.0309ms
[2026-02-12 18:52:51.473 DBG] TwitchService :: Presence Timer :: Artificially updated presence with a threshold of 5 minutes (53.2756ms)
[2026-02-12 18:53:51.422 DBG] ViewerRepo :: UpdatePresence(twitch, 5), 0.0337ms
[2026-02-12 18:53:51.482 DBG] TwitchService :: Presence Timer :: Artificially updated presence with a threshold of 5 minutes (60.2282ms)
[2026-02-12 18:54:42.452 DBG] Credits :: Time to save 14.2031ms
[2026-02-12 18:54:51.437 DBG] ViewerRepo :: UpdatePresence(twitch, 5), 0.0318ms
[2026-02-12 18:54:51.497 DBG] TwitchService :: Presence Timer :: Artificially updated presence with a threshold of 5 minutes (60.9228ms)
[2026-02-12 18:54:55.680 DBG] ActionDispatcher :: Queueing 'Sub Goal' (361aa588-5f31-4e19-b8a5-099cae52479d, TimedAction) to 'Default' (00000000-0000-0000-0000-000000000000), with 11 arguments
[2026-02-12 18:54:55.680 DBG] ActionQueue :: 'Default' (00000000-0000-0000-0000-000000000000) :: Enqueue action 361aa588-5f31-4e19-b8a5-099cae52479d
[2026-02-12 18:54:55.680 DBG] ActionQueue :: 'Default' (00000000-0000-0000-0000-000000000000) :: Handling queue
[2026-02-12 18:54:55.680 DBG] ActionQueue :: 'Default' (00000000-0000-0000-0000-000000000000) :: Performing non-blocking 'Sub Goal' (361aa588-5f31-4e19-b8a5-099cae52479d, f8a32154-dd93-49aa-8f3c-e538899ae653)
[2026-02-12 18:54:56.413 DBG] AutoSave :: Auto saving settings...
[2026-02-12 18:54:56.427 DBG] Users :: Time to save 14.5485ms
[2026-02-12 18:54:56.444 DBG] Actions :: Time to save 17.3692ms
[2026-02-12 18:54:56.457 DBG] Commands :: Time to save 13.3255ms
[2026-02-12 18:54:56.470 DBG] Twitch Rewards :: Time to save 12.1402ms
[2026-02-12 18:54:56.482 DBG] Midi :: Time to save 12.0352ms
[2026-02-12 18:54:56.495 DBG] OBS Settings :: Time to save 12.2632ms
[2026-02-12 18:54:56.505 DBG] MeldStudio Settings :: Time to save 10.7069ms
[2026-02-12 18:54:56.517 DBG] Credits :: Time to save 11.6814ms
[2026-02-12 18:54:56.530 DBG] Quotes :: Time to save 13.0003ms
[2026-02-12 18:54:56.631 DBG] Config :: Time to save 14.3599ms
[2026-02-12 18:55:51.439 DBG] ViewerRepo :: UpdatePresence(twitch, 5), 0.0314ms
[2026-02-12 18:55:51.500 DBG] TwitchService :: Presence Timer :: Artificially updated presence with a threshold of 5 minutes (60.7149ms)
[2026-02-12 18:56:51.440 DBG] ViewerRepo :: UpdatePresence(twitch, 5), 0.031ms
[2026-02-12 18:56:51.492 DBG] TwitchService :: Presence Timer :: Artificially updated presence with a threshold of 5 minutes (52.6841ms)
[2026-02-12 18:57:51.450 DBG] ViewerRepo :: UpdatePresence(twitch, 5), 0.0306ms
[2026-02-12 18:57:51.505 DBG] TwitchService :: Presence Timer :: Artificially updated presence with a threshold of 5 minutes (55.0195ms)
[2026-02-12 18:58:51.458 DBG] ViewerRepo :: UpdatePresence(twitch, 5), 0.0325ms
[2026-02-12 18:58:51.514 DBG] TwitchService :: Presence Timer :: Artificially updated presence with a threshold of 5 minutes (55.1968ms)
[2026-02-12 18:59:42.455 DBG] Credits :: Time to save 14.0436ms
[2026-02-12 18:59:51.473 DBG] ViewerRepo :: UpdatePresence(twitch, 5), 0.0311ms
[2026-02-12 18:59:51.527 DBG] TwitchService :: Presence Timer :: Artificially updated presence with a threshold of 5 minutes (54.1578ms)
[2026-02-12 18:59:56.627 DBG] AutoSave :: Auto saving settings...
[2026-02-12 18:59:56.642 DBG] Users :: Time to save 15.1782ms
[2026-02-12 18:59:56.660 DBG] Actions :: Time to save 17.6485ms
[2026-02-12 18:59:56.674 DBG] Commands :: Time to save 13.3967ms
[2026-02-12 18:59:56.687 DBG] Twitch Rewards :: Time to save 13.4759ms
[2026-02-12 18:59:56.698 DBG] Midi :: Time to save 11.0724ms
[2026-02-12 18:59:56.708 DBG] OBS Settings :: Time to save 10.5489ms
[2026-02-12 18:59:56.720 DBG] MeldStudio Settings :: Time to save 10.9551ms
[2026-02-12 18:59:56.730 DBG] Credits :: Time to save 10.5953ms
[2026-02-12 18:59:56.743 DBG] Quotes :: Time to save 12.5019ms
[2026-02-12 18:59:56.862 DBG] Config :: Time to save 15.6877ms
[2026-02-12 19:00:51.485 DBG] ViewerRepo :: UpdatePresence(twitch, 5), 0.0307ms
[2026-02-12 19:00:51.540 DBG] TwitchService :: Presence Timer :: Artificially updated presence with a threshold of 5 minutes (54.3262ms)
[2026-02-12 19:01:51.488 DBG] ViewerRepo :: UpdatePresence(twitch, 5), 0.0314ms
[2026-02-12 19:01:51.540 DBG] TwitchService :: Presence Timer :: Artificially updated presence with a threshold of 5 minutes (52.5788ms)
[2026-02-12 19:02:51.488 DBG] ViewerRepo :: UpdatePresence(twitch, 5), 0.0355ms
[2026-02-12 19:02:51.541 DBG] TwitchService :: Presence Timer :: Artificially updated presence with a threshold of 5 minutes (52.8606ms)
[2026-02-12 19:03:51.499 DBG] ViewerRepo :: UpdatePresence(twitch, 5), 0.029ms
[2026-02-12 19:03:51.553 DBG] TwitchService :: Presence Timer :: Artificially updated presence with a threshold of 5 minutes (53.4158ms)
[2026-02-12 19:04:42.461 DBG] Credits :: Time to save 12.6945ms
[2026-02-12 19:04:51.516 DBG] ViewerRepo :: UpdatePresence(twitch, 5), 0.0307ms
[2026-02-12 19:04:51.573 DBG] TwitchService :: Presence Timer :: Artificially updated presence with a threshold of 5 minutes (57.3119ms)
[2026-02-12 19:04:56.574 DBG] ActionDispatcher :: Queueing 'Sub Goal' (361aa588-5f31-4e19-b8a5-099cae52479d, TimedAction) to 'Default' (00000000-0000-0000-0000-000000000000), with 11 arguments
[2026-02-12 19:04:56.574 DBG] ActionQueue :: 'Default' (00000000-0000-0000-0000-000000000000) :: Enqueue action 361aa588-5f31-4e19-b8a5-099cae52479d
[2026-02-12 19:04:56.574 DBG] ActionQueue :: 'Default' (00000000-0000-0000-0000-000000000000) :: Handling queue
[2026-02-12 19:04:56.574 DBG] ActionQueue :: 'Default' (00000000-0000-0000-0000-000000000000) :: Performing non-blocking 'Sub Goal' (361aa588-5f31-4e19-b8a5-099cae52479d, 00421bf8-804b-45e2-8a5b-a5215e1ab134)
[2026-02-12 19:04:56.856 DBG] AutoSave :: Auto saving settings...
[2026-02-12 19:04:56.871 DBG] Users :: Time to save 14.3374ms
[2026-02-12 19:04:56.888 DBG] Actions :: Time to save 18.1456ms
[2026-02-12 19:04:56.901 DBG] Commands :: Time to save 12.7975ms
[2026-02-12 19:04:56.914 DBG] Twitch Rewards :: Time to save 12.2744ms
[2026-02-12 19:04:56.925 DBG] Midi :: Time to save 11.1087ms
[2026-02-12 19:04:56.936 DBG] OBS Settings :: Time to save 10.8216ms
[2026-02-12 19:04:56.946 DBG] MeldStudio Settings :: Time to save 10.6411ms
[2026-02-12 19:04:56.957 DBG] Credits :: Time to save 11.1006ms
[2026-02-12 19:04:56.970 DBG] Quotes :: Time to save 12.373ms
[2026-02-12 19:04:57.074 DBG] Config :: Time to save 14.4552ms
[2026-02-12 19:05:51.528 DBG] ViewerRepo :: UpdatePresence(twitch, 5), 0.0329ms
[2026-02-12 19:05:51.581 DBG] TwitchService :: Presence Timer :: Artificially updated presence with a threshold of 5 minutes (52.5568ms)
[2026-02-12 19:06:51.531 DBG] ViewerRepo :: UpdatePresence(twitch, 5), 0.0295ms
[2026-02-12 19:06:51.588 DBG] TwitchService :: Presence Timer :: Artificially updated presence with a threshold of 5 minutes (57.0452ms)
[2026-02-12 19:07:51.536 DBG] ViewerRepo :: UpdatePresence(twitch, 5), 0.0309ms
[2026-02-12 19:07:51.591 DBG] TwitchService :: Presence Timer :: Artificially updated presence with a threshold of 5 minutes (54.8978ms)
[2026-02-12 19:08:51.552 DBG] ViewerRepo :: UpdatePresence(twitch, 5), 0.0326ms
[2026-02-12 19:08:51.609 DBG] TwitchService :: Presence Timer :: Artificially updated presence with a threshold of 5 minutes (57.2221ms)
[2026-02-12 19:09:42.477 DBG] Credits :: Time to save 13.4333ms
[2026-02-12 19:09:51.560 DBG] ViewerRepo :: UpdatePresence(twitch, 5), 0.0338ms
[2026-02-12 19:09:51.616 DBG] TwitchService :: Presence Timer :: Artificially updated presence with a threshold of 5 minutes (56.2401ms)
[2026-02-12 19:09:57.067 DBG] AutoSave :: Auto saving settings...
[2026-02-12 19:09:57.082 DBG] Users :: Time to save 14.4422ms
[2026-02-12 19:09:57.098 DBG] Actions :: Time to save 17.1952ms
[2026-02-12 19:09:57.111 DBG] Commands :: Time to save 12.6328ms
[2026-02-12 19:09:57.124 DBG] Twitch Rewards :: Time to save 12.7386ms
[2026-02-12 19:09:57.135 DBG] Midi :: Time to save 10.3249ms
[2026-02-12 19:09:57.145 DBG] OBS Settings :: Time to save 10.3974ms
[2026-02-12 19:09:57.157 DBG] MeldStudio Settings :: Time to save 11.9419ms
[2026-02-12 19:09:57.167 DBG] Credits :: Time to save 10.7593ms
[2026-02-12 19:09:57.180 DBG] Quotes :: Time to save 12.3281ms
[2026-02-12 19:09:57.286 DBG] Config :: Time to save 14.4693ms
[2026-02-12 19:10:51.574 DBG] ViewerRepo :: UpdatePresence(twitch, 5), 0.0323ms
[2026-02-12 19:10:51.630 DBG] TwitchService :: Presence Timer :: Artificially updated presence with a threshold of 5 minutes (56.5492ms)
[2026-02-12 19:11:51.580 DBG] ViewerRepo :: UpdatePresence(twitch, 5), 0.0432ms
[2026-02-12 19:11:51.636 DBG] TwitchService :: Presence Timer :: Artificially updated presence with a threshold of 5 minutes (56.9164ms)
[2026-02-12 19:12:51.580 DBG] ViewerRepo :: UpdatePresence(twitch, 5), 0.0307ms
[2026-02-12 19:12:51.637 DBG] TwitchService :: Presence Timer :: Artificially updated presence with a threshold of 5 minutes (56.1696ms)
[2026-02-12 19:13:51.587 DBG] ViewerRepo :: UpdatePresence(twitch, 5), 0.0311ms
[2026-02-12 19:13:51.646 DBG] TwitchService :: Presence Timer :: Artificially updated presence with a threshold of 5 minutes (59.3297ms)
[2026-02-12 19:14:42.487 DBG] Credits :: Time to save 14.9348ms
[2026-02-12 19:14:51.594 DBG] ViewerRepo :: UpdatePresence(twitch, 5), 0.0296ms
[2026-02-12 19:14:51.648 DBG] TwitchService :: Presence Timer :: Artificially updated presence with a threshold of 5 minutes (55.7595ms)
[2026-02-12 19:14:57.228 DBG] ActionDispatcher :: Queueing 'Sub Goal' (361aa588-5f31-4e19-b8a5-099cae52479d, TimedAction) to 'Default' (00000000-0000-0000-0000-000000000000), with 11 arguments
[2026-02-12 19:14:57.228 DBG] ActionQueue :: 'Default' (00000000-0000-0000-0000-000000000000) :: Enqueue action 361aa588-5f31-4e19-b8a5-099cae52479d
[2026-02-12 19:14:57.228 DBG] ActionQueue :: 'Default' (00000000-0000-0000-0000-000000000000) :: Handling queue
[2026-02-12 19:14:57.228 DBG] ActionQueue :: 'Default' (00000000-0000-0000-0000-000000000000) :: Performing non-blocking 'Sub Goal' (361aa588-5f31-4e19-b8a5-099cae52479d, fa0eb2fc-f1e0-4e99-8645-6b146ddd5a0c)
[2026-02-12 19:14:57.275 DBG] AutoSave :: Auto saving settings...
[2026-02-12 19:14:57.289 DBG] Users :: Time to save 14.8942ms
[2026-02-12 19:14:57.307 DBG] Actions :: Time to save 17.3401ms
[2026-02-12 19:14:57.319 DBG] Commands :: Time to save 12.8217ms
[2026-02-12 19:14:57.334 DBG] Twitch Rewards :: Time to save 13.3733ms
[2026-02-12 19:14:57.345 DBG] Midi :: Time to save 12.1262ms
[2026-02-12 19:14:57.358 DBG] OBS Settings :: Time to save 12.5116ms
[2026-02-12 19:14:57.369 DBG] MeldStudio Settings :: Time to save 11.2584ms
[2026-02-12 19:14:57.380 DBG] Credits :: Time to save 11.1573ms
[2026-02-12 19:14:57.392 DBG] Quotes :: Time to save 12.034ms
[2026-02-12 19:14:57.494 DBG] Config :: Time to save 16.2948ms
[2026-02-12 19:15:51.602 DBG] ViewerRepo :: UpdatePresence(twitch, 5), 0.0311ms
[2026-02-12 19:15:51.654 DBG] TwitchService :: Presence Timer :: Artificially updated presence with a threshold of 5 minutes (52.5051ms)
[2026-02-12 19:16:51.613 DBG] ViewerRepo :: UpdatePresence(twitch, 5), 0.031ms
[2026-02-12 19:16:51.671 DBG] TwitchService :: Presence Timer :: Artificially updated presence with a threshold of 5 minutes (57.0261ms)
[2026-02-12 19:16:57.629 DBG] StreamElements Socket :: Disconnected
[2026-02-12 19:16:57.629 INF] StreamElements Service :: Disconnected from Client
[2026-02-12 19:16:59.640 DBG] StreamElements Service :: Retrying client connection
[2026-02-12 19:16:59.640 INF] StreamElements Service :: Connecting to Client
[2026-02-12 19:16:59.640 DBG] StreamElements Socket :: Opening connection
[2026-02-12 19:16:59.917 INF] StreamElements Service :: Connected to Client
[2026-02-12 19:17:51.618 DBG] ViewerRepo :: UpdatePresence(twitch, 5), 0.0362ms
[2026-02-12 19:17:51.670 DBG] TwitchService :: Presence Timer :: Artificially updated presence with a threshold of 5 minutes (53.0635ms)
[2026-02-12 19:18:51.631 DBG] ViewerRepo :: UpdatePresence(twitch, 5), 0.0318ms
[2026-02-12 19:18:51.689 DBG] TwitchService :: Presence Timer :: Artificially updated presence with a threshold of 5 minutes (58.0525ms)
[2026-02-12 19:19:42.488 DBG] Credits :: Time to save 13.0568ms
[2026-02-12 19:19:51.641 DBG] ViewerRepo :: UpdatePresence(twitch, 5), 0.0321ms
[2026-02-12 19:19:51.696 DBG] TwitchService :: Presence Timer :: Artificially updated presence with a threshold of 5 minutes (55.2943ms)
[2026-02-12 19:19:57.460 DBG] AutoSave :: Auto saving settings...
[2026-02-12 19:19:57.474 DBG] Users :: Time to save 15.2408ms
[2026-02-12 19:19:57.493 DBG] Actions :: Time to save 17.7831ms
[2026-02-12 19:19:57.506 DBG] Commands :: Time to save 12.1828ms
[2026-02-12 19:19:57.517 DBG] Twitch Rewards :: Time to save 11.7596ms
[2026-02-12 19:19:57.528 DBG] Midi :: Time to save 11.0302ms
[2026-02-12 19:19:57.538 DBG] OBS Settings :: Time to save 9.8931ms
[2026-02-12 19:19:57.549 DBG] MeldStudio Settings :: Time to save 11.5545ms
[2026-02-12 19:19:57.560 DBG] Credits :: Time to save 10.9977ms
[2026-02-12 19:19:57.574 DBG] Quotes :: Time to save 12.9916ms
[2026-02-12 19:19:57.679 DBG] Config :: Time to save 16.3308ms
[2026-02-12 19:20:51.650 DBG] ViewerRepo :: UpdatePresence(twitch, 5), 0.0321ms
[2026-02-12 19:20:51.722 DBG] TwitchService :: Presence Timer :: Artificially updated presence with a threshold of 5 minutes (72.5648ms)
[2026-02-12 19:21:51.662 DBG] ViewerRepo :: UpdatePresence(twitch, 5), 0.0807ms
[2026-02-12 19:21:51.714 DBG] TwitchService :: Presence Timer :: Artificially updated presence with a threshold of 5 minutes (52.4214ms)
[2026-02-12 19:22:51.663 DBG] ViewerRepo :: UpdatePresence(twitch, 5), 0.0307ms
[2026-02-12 19:22:51.723 DBG] TwitchService :: Presence Timer :: Artificially updated presence with a threshold of 5 minutes (60.325ms)
[2026-02-12 19:23:51.671 DBG] ViewerRepo :: UpdatePresence(twitch, 5), 0.0321ms
[2026-02-12 19:23:51.728 DBG] TwitchService :: Presence Timer :: Artificially updated presence with a threshold of 5 minutes (57.0373ms)
[2026-02-12 19:24:42.491 DBG] Credits :: Time to save 12.6043ms
[2026-02-12 19:24:51.679 DBG] ViewerRepo :: UpdatePresence(twitch, 5), 0.0327ms
[2026-02-12 19:24:51.737 DBG] TwitchService :: Presence Timer :: Artificially updated presence with a threshold of 5 minutes (57.6385ms)
[2026-02-12 19:24:57.683 DBG] AutoSave :: Auto saving settings...
[2026-02-12 19:24:57.698 DBG] Users :: Time to save 14.5619ms
[2026-02-12 19:24:57.714 DBG] Actions :: Time to save 17.4218ms
[2026-02-12 19:24:57.728 DBG] Commands :: Time to save 13.7286ms
[2026-02-12 19:24:57.741 DBG] Twitch Rewards :: Time to save 12.4624ms
[2026-02-12 19:24:57.752 DBG] Midi :: Time to save 10.8302ms
[2026-02-12 19:24:57.763 DBG] OBS Settings :: Time to save 10.6569ms
[2026-02-12 19:24:57.773 DBG] MeldStudio Settings :: Time to save 10.9352ms
[2026-02-12 19:24:57.783 DBG] Credits :: Time to save 10.0923ms
[2026-02-12 19:24:57.796 DBG] Quotes :: Time to save 12.0595ms
[2026-02-12 19:24:57.902 DBG] Config :: Time to save 15.1866ms
[2026-02-12 19:24:57.982 DBG] ActionDispatcher :: Queueing 'Sub Goal' (361aa588-5f31-4e19-b8a5-099cae52479d, TimedAction) to 'Default' (00000000-0000-0000-0000-000000000000), with 11 arguments
[2026-02-12 19:24:57.982 DBG] ActionQueue :: 'Default' (00000000-0000-0000-0000-000000000000) :: Enqueue action 361aa588-5f31-4e19-b8a5-099cae52479d
[2026-02-12 19:24:57.982 DBG] ActionQueue :: 'Default' (00000000-0000-0000-0000-000000000000) :: Handling queue
[2026-02-12 19:24:57.982 DBG] ActionQueue :: 'Default' (00000000-0000-0000-0000-000000000000) :: Performing non-blocking 'Sub Goal' (361aa588-5f31-4e19-b8a5-099cae52479d, 1e6c3961-aa29-4f03-8c92-843958f0656e)
[2026-02-12 19:25:51.681 DBG] ViewerRepo :: UpdatePresence(twitch, 5), 0.0313ms
[2026-02-12 19:25:51.736 DBG] TwitchService :: Presence Timer :: Artificially updated presence with a threshold of 5 minutes (54.6523ms)
[2026-02-12 19:26:51.683 DBG] ViewerRepo :: UpdatePresence(twitch, 5), 0.0331ms
[2026-02-12 19:26:51.741 DBG] TwitchService :: Presence Timer :: Artificially updated presence with a threshold of 5 minutes (57.8994ms)
[2026-02-12 19:27:51.685 DBG] ViewerRepo :: UpdatePresence(twitch, 5), 0.0299ms
[2026-02-12 19:27:51.738 DBG] TwitchService :: Presence Timer :: Artificially updated presence with a threshold of 5 minutes (53.1492ms)
[2026-02-12 19:28:51.701 DBG] ViewerRepo :: UpdatePresence(twitch, 5), 0.0291ms
[2026-02-12 19:28:51.756 DBG] TwitchService :: Presence Timer :: Artificially updated presence with a threshold of 5 minutes (54.182ms)
[2026-02-12 19:29:42.498 DBG] Credits :: Time to save 13.2235ms
[2026-02-12 19:29:51.709 DBG] ViewerRepo :: UpdatePresence(twitch, 5), 0.0311ms
[2026-02-12 19:29:51.766 DBG] TwitchService :: Presence Timer :: Artificially updated presence with a threshold of 5 minutes (57.2524ms)
[2026-02-12 19:29:57.920 DBG] AutoSave :: Auto saving settings...
[2026-02-12 19:29:57.934 DBG] Users :: Time to save 14.0055ms
[2026-02-12 19:29:57.951 DBG] Actions :: Time to save 17.2272ms
[2026-02-12 19:29:57.964 DBG] Commands :: Time to save 12.7661ms
[2026-02-12 19:29:57.977 DBG] Twitch Rewards :: Time to save 13.0132ms
[2026-02-12 19:29:57.989 DBG] Midi :: Time to save 11.2871ms
[2026-02-12 19:29:57.999 DBG] OBS Settings :: Time to save 10.6012ms
[2026-02-12 19:29:58.010 DBG] MeldStudio Settings :: Time to save 10.5902ms
[2026-02-12 19:29:58.020 DBG] Credits :: Time to save 10.1239ms
[2026-02-12 19:29:58.031 DBG] Quotes :: Time to save 11.6264ms
[2026-02-12 19:29:58.138 DBG] Config :: Time to save 14.4933ms
[2026-02-12 19:30:51.710 DBG] ViewerRepo :: UpdatePresence(twitch, 5), 0.0307ms
[2026-02-12 19:30:51.763 DBG] TwitchService :: Presence Timer :: Artificially updated presence with a threshold of 5 minutes (53.7923ms)
[2026-02-12 19:31:51.728 DBG] ViewerRepo :: UpdatePresence(twitch, 5), 0.031ms
[2026-02-12 19:31:51.785 DBG] TwitchService :: Presence Timer :: Artificially updated presence with a threshold of 5 minutes (57.7754ms)
[2026-02-12 19:32:51.731 DBG] ViewerRepo :: UpdatePresence(twitch, 5), 0.0329ms
[2026-02-12 19:32:51.790 DBG] TwitchService :: Presence Timer :: Artificially updated presence with a threshold of 5 minutes (59.5695ms)
[2026-02-12 19:33:51.733 DBG] ViewerRepo :: UpdatePresence(twitch, 5), 0.0304ms
[2026-02-12 19:33:51.789 DBG] TwitchService :: Presence Timer :: Artificially updated presence with a threshold of 5 minutes (56.1175ms)
[2026-02-12 19:34:42.505 DBG] Credits :: Time to save 12.1335ms
[2026-02-12 19:34:51.747 DBG] ViewerRepo :: UpdatePresence(twitch, 5), 0.0299ms
[2026-02-12 19:34:52.233 DBG] TwitchService :: Presence Timer :: Artificially updated presence with a threshold of 5 minutes (487.3426ms)
[2026-02-12 19:34:58.124 DBG] AutoSave :: Auto saving settings...
[2026-02-12 19:34:58.137 DBG] Users :: Time to save 13.5548ms
[2026-02-12 19:34:58.154 DBG] Actions :: Time to save 17.4562ms
[2026-02-12 19:34:58.168 DBG] Commands :: Time to save 12.6119ms
[2026-02-12 19:34:58.180 DBG] Twitch Rewards :: Time to save 13.0575ms
[2026-02-12 19:34:58.191 DBG] Midi :: Time to save 10.7473ms
[2026-02-12 19:34:58.201 DBG] OBS Settings :: Time to save 10.1028ms
[2026-02-12 19:34:58.213 DBG] MeldStudio Settings :: Time to save 11.5582ms
[2026-02-12 19:34:58.224 DBG] Credits :: Time to save 11.5146ms
[2026-02-12 19:34:58.237 DBG] Quotes :: Time to save 11.9771ms
[2026-02-12 19:34:58.341 DBG] Config :: Time to save 14.4104ms
[2026-02-12 19:34:58.908 DBG] ActionDispatcher :: Queueing 'Sub Goal' (361aa588-5f31-4e19-b8a5-099cae52479d, TimedAction) to 'Default' (00000000-0000-0000-0000-000000000000), with 11 arguments
[2026-02-12 19:34:58.908 DBG] ActionQueue :: 'Default' (00000000-0000-0000-0000-000000000000) :: Enqueue action 361aa588-5f31-4e19-b8a5-099cae52479d
[2026-02-12 19:34:58.908 DBG] ActionQueue :: 'Default' (00000000-0000-0000-0000-000000000000) :: Handling queue
[2026-02-12 19:34:58.908 DBG] ActionQueue :: 'Default' (00000000-0000-0000-0000-000000000000) :: Performing non-blocking 'Sub Goal' (361aa588-5f31-4e19-b8a5-099cae52479d, d682c9cd-aeab-4555-9bd3-46d9fdaae327)
[2026-02-12 19:35:51.749 DBG] ViewerRepo :: UpdatePresence(twitch, 5), 0.0291ms
[2026-02-12 19:35:51.809 DBG] TwitchService :: Presence Timer :: Artificially updated presence with a threshold of 5 minutes (60.5675ms)
[2026-02-12 19:36:51.760 DBG] ViewerRepo :: UpdatePresence(twitch, 5), 0.0336ms
[2026-02-12 19:36:51.814 DBG] TwitchService :: Presence Timer :: Artificially updated presence with a threshold of 5 minutes (53.8458ms)
[2026-02-12 19:37:51.776 DBG] ViewerRepo :: UpdatePresence(twitch, 5), 0.0333ms
[2026-02-12 19:37:51.831 DBG] TwitchService :: Presence Timer :: Artificially updated presence with a threshold of 5 minutes (55.6272ms)
[2026-02-12 19:38:51.785 DBG] ViewerRepo :: UpdatePresence(twitch, 5), 0.0297ms
[2026-02-12 19:38:51.841 DBG] TwitchService :: Presence Timer :: Artificially updated presence with a threshold of 5 minutes (56.2607ms)
[2026-02-12 19:39:42.522 DBG] Credits :: Time to save 13.052ms
[2026-02-12 19:39:51.792 DBG] ViewerRepo :: UpdatePresence(twitch, 5), 0.0411ms
[2026-02-12 19:39:51.850 DBG] TwitchService :: Presence Timer :: Artificially updated presence with a threshold of 5 minutes (57.4994ms)
[2026-02-12 19:39:58.339 DBG] AutoSave :: Auto saving settings...
[2026-02-12 19:39:58.354 DBG] Users :: Time to save 15.1287ms
[2026-02-12 19:39:58.373 DBG] Actions :: Time to save 19.4752ms
[2026-02-12 19:39:58.387 DBG] Commands :: Time to save 13.6752ms
[2026-02-12 19:39:58.399 DBG] Twitch Rewards :: Time to save 12.4463ms
[2026-02-12 19:39:58.410 DBG] Midi :: Time to save 10.9787ms
[2026-02-12 19:39:58.421 DBG] OBS Settings :: Time to save 10.5551ms
[2026-02-12 19:39:58.433 DBG] MeldStudio Settings :: Time to save 11.5205ms
[2026-02-12 19:39:58.443 DBG] Credits :: Time to save 10.659ms
[2026-02-12 19:39:58.456 DBG] Quotes :: Time to save 12.4097ms
[2026-02-12 19:39:58.559 DBG] Config :: Time to save 15.6417ms
[2026-02-12 19:40:51.797 DBG] ViewerRepo :: UpdatePresence(twitch, 5), 0.0331ms
[2026-02-12 19:40:51.853 DBG] TwitchService :: Presence Timer :: Artificially updated presence with a threshold of 5 minutes (55.9142ms)
[2026-02-12 19:41:51.809 DBG] ViewerRepo :: UpdatePresence(twitch, 5), 0.0324ms
[2026-02-12 19:41:51.864 DBG] TwitchService :: Presence Timer :: Artificially updated presence with a threshold of 5 minutes (55.5468ms)
[2026-02-12 19:42:51.824 DBG] ViewerRepo :: UpdatePresence(twitch, 5), 0.0323ms
[2026-02-12 19:42:51.878 DBG] TwitchService :: Presence Timer :: Artificially updated presence with a threshold of 5 minutes (53.9249ms)
[2026-02-12 19:43:51.826 DBG] ViewerRepo :: UpdatePresence(twitch, 5), 0.0356ms
[2026-02-12 19:43:51.883 DBG] TwitchService :: Presence Timer :: Artificially updated presence with a threshold of 5 minutes (57.5113ms)
[2026-02-12 19:44:42.524 DBG] Credits :: Time to save 13.0674ms
[2026-02-12 19:44:51.839 DBG] ViewerRepo :: UpdatePresence(twitch, 5), 0.0306ms
[2026-02-12 19:44:51.892 DBG] TwitchService :: Presence Timer :: Artificially updated presence with a threshold of 5 minutes (53.6013ms)
[2026-02-12 19:44:58.557 DBG] AutoSave :: Auto saving settings...
[2026-02-12 19:44:58.571 DBG] Users :: Time to save 14.7745ms
[2026-02-12 19:44:58.587 DBG] Actions :: Time to save 17.1538ms
[2026-02-12 19:44:58.602 DBG] Commands :: Time to save 13.2513ms
[2026-02-12 19:44:58.614 DBG] Twitch Rewards :: Time to save 13.1242ms
[2026-02-12 19:44:58.627 DBG] Midi :: Time to save 11.3597ms
[2026-02-12 19:44:58.637 DBG] OBS Settings :: Time to save 10.4352ms
[2026-02-12 19:44:58.648 DBG] MeldStudio Settings :: Time to save 10.8952ms
[2026-02-12 19:44:58.658 DBG] Credits :: Time to save 11.1435ms
[2026-02-12 19:44:58.671 DBG] Quotes :: Time to save 12.0383ms
[2026-02-12 19:44:58.776 DBG] Config :: Time to save 16.4576ms
[2026-02-12 19:44:59.909 DBG] ActionDispatcher :: Queueing 'Sub Goal' (361aa588-5f31-4e19-b8a5-099cae52479d, TimedAction) to 'Default' (00000000-0000-0000-0000-000000000000), with 11 arguments
[2026-02-12 19:44:59.909 DBG] ActionQueue :: 'Default' (00000000-0000-0000-0000-000000000000) :: Enqueue action 361aa588-5f31-4e19-b8a5-099cae52479d
[2026-02-12 19:44:59.909 DBG] ActionQueue :: 'Default' (00000000-0000-0000-0000-000000000000) :: Handling queue
[2026-02-12 19:44:59.909 DBG] ActionQueue :: 'Default' (00000000-0000-0000-0000-000000000000) :: Performing non-blocking 'Sub Goal' (361aa588-5f31-4e19-b8a5-099cae52479d, 7fd673e9-5a25-4d9d-832e-5027c8eebb23)
[2026-02-12 19:45:51.854 DBG] ViewerRepo :: UpdatePresence(twitch, 5), 0.0307ms
[2026-02-12 19:45:51.908 DBG] TwitchService :: Presence Timer :: Artificially updated presence with a threshold of 5 minutes (53.8984ms)
[2026-02-12 19:46:51.867 DBG] ViewerRepo :: UpdatePresence(twitch, 5), 0.0323ms
[2026-02-12 19:46:51.921 DBG] TwitchService :: Presence Timer :: Artificially updated presence with a threshold of 5 minutes (54.3094ms)
[2026-02-12 19:47:51.876 DBG] ViewerRepo :: UpdatePresence(twitch, 5), 0.0315ms
[2026-02-12 19:47:51.937 DBG] TwitchService :: Presence Timer :: Artificially updated presence with a threshold of 5 minutes (60.6918ms)
[2026-02-12 19:48:51.891 DBG] ViewerRepo :: UpdatePresence(twitch, 5), 0.0316ms
[2026-02-12 19:48:51.943 DBG] TwitchService :: Presence Timer :: Artificially updated presence with a threshold of 5 minutes (52.9636ms)
[2026-02-12 19:49:42.531 DBG] Credits :: Time to save 12.9027ms
[2026-02-12 19:49:51.896 DBG] ViewerRepo :: UpdatePresence(twitch, 5), 0.0316ms
[2026-02-12 19:49:51.954 DBG] TwitchService :: Presence Timer :: Artificially updated presence with a threshold of 5 minutes (58.178ms)
[2026-02-12 19:49:58.796 DBG] AutoSave :: Auto saving settings...
[2026-02-12 19:49:58.811 DBG] Users :: Time to save 15.18ms
[2026-02-12 19:49:58.831 DBG] Actions :: Time to save 20.0437ms
[2026-02-12 19:49:58.844 DBG] Commands :: Time to save 12.9645ms
[2026-02-12 19:49:58.856 DBG] Twitch Rewards :: Time to save 12.3137ms
[2026-02-12 19:49:58.867 DBG] Midi :: Time to save 10.8464ms
[2026-02-12 19:49:58.879 DBG] OBS Settings :: Time to save 11.4031ms
[2026-02-12 19:49:58.891 DBG] MeldStudio Settings :: Time to save 12.1266ms
[2026-02-12 19:49:58.902 DBG] Credits :: Time to save 11.329ms
[2026-02-12 19:49:58.915 DBG] Quotes :: Time to save 12.2661ms
[2026-02-12 19:49:59.015 DBG] Config :: Time to save 15.6892ms
[2026-02-12 19:50:51.907 DBG] ViewerRepo :: UpdatePresence(twitch, 5), 0.0305ms
[2026-02-12 19:50:51.962 DBG] TwitchService :: Presence Timer :: Artificially updated presence with a threshold of 5 minutes (55.0591ms)
[2026-02-12 19:51:51.921 DBG] ViewerRepo :: UpdatePresence(twitch, 5), 0.0333ms
[2026-02-12 19:51:51.979 DBG] TwitchService :: Presence Timer :: Artificially updated presence with a threshold of 5 minutes (58.9586ms)
[2026-02-12 19:52:51.932 DBG] ViewerRepo :: UpdatePresence(twitch, 5), 0.0296ms
[2026-02-12 19:52:51.985 DBG] TwitchService :: Presence Timer :: Artificially updated presence with a threshold of 5 minutes (53.5943ms)
[2026-02-12 19:53:51.938 DBG] ViewerRepo :: UpdatePresence(twitch, 5), 0.0311ms
[2026-02-12 19:53:51.994 DBG] TwitchService :: Presence Timer :: Artificially updated presence with a threshold of 5 minutes (57.3702ms)
[2026-02-12 19:54:42.542 DBG] Credits :: Time to save 15.6577ms
[2026-02-12 19:54:51.949 DBG] ViewerRepo :: UpdatePresence(twitch, 5), 0.033ms
[2026-02-12 19:54:52.003 DBG] TwitchService :: Presence Timer :: Artificially updated presence with a threshold of 5 minutes (55.178ms)
[2026-02-12 19:54:58.983 DBG] AutoSave :: Auto saving settings...
[2026-02-12 19:54:58.997 DBG] Users :: Time to save 15.3436ms
[2026-02-12 19:54:59.016 DBG] Actions :: Time to save 17.9944ms
[2026-02-12 19:54:59.029 DBG] Commands :: Time to save 12.4928ms
[2026-02-12 19:54:59.041 DBG] Twitch Rewards :: Time to save 11.9525ms
[2026-02-12 19:54:59.052 DBG] Midi :: Time to save 11.2522ms
[2026-02-12 19:54:59.063 DBG] OBS Settings :: Time to save 11.2091ms
[2026-02-12 19:54:59.074 DBG] MeldStudio Settings :: Time to save 11.0348ms
[2026-02-12 19:54:59.085 DBG] Credits :: Time to save 10.8948ms
[2026-02-12 19:54:59.097 DBG] Quotes :: Time to save 12.8887ms
[2026-02-12 19:54:59.201 DBG] Config :: Time to save 14.1242ms
[2026-02-12 19:55:00.452 DBG] ActionDispatcher :: Queueing 'Sub Goal' (361aa588-5f31-4e19-b8a5-099cae52479d, TimedAction) to 'Default' (00000000-0000-0000-0000-000000000000), with 11 arguments
[2026-02-12 19:55:00.452 DBG] ActionQueue :: 'Default' (00000000-0000-0000-0000-000000000000) :: Enqueue action 361aa588-5f31-4e19-b8a5-099cae52479d
[2026-02-12 19:55:00.452 DBG] ActionQueue :: 'Default' (00000000-0000-0000-0000-000000000000) :: Handling queue
[2026-02-12 19:55:00.452 DBG] ActionQueue :: 'Default' (00000000-0000-0000-0000-000000000000) :: Performing non-blocking 'Sub Goal' (361aa588-5f31-4e19-b8a5-099cae52479d, 7fd5017a-a0f5-412d-8057-2e6d4c05a0cb)
[2026-02-12 19:55:51.962 DBG] ViewerRepo :: UpdatePresence(twitch, 5), 0.0331ms
[2026-02-12 19:55:52.024 DBG] TwitchService :: Presence Timer :: Artificially updated presence with a threshold of 5 minutes (62.3217ms)
[2026-02-12 19:56:51.973 DBG] ViewerRepo :: UpdatePresence(twitch, 5), 0.0298ms
[2026-02-12 19:56:52.031 DBG] TwitchService :: Presence Timer :: Artificially updated presence with a threshold of 5 minutes (58.4148ms)
[2026-02-12 19:57:51.985 DBG] ViewerRepo :: UpdatePresence(twitch, 5), 0.033ms
[2026-02-12 19:57:52.041 DBG] TwitchService :: Presence Timer :: Artificially updated presence with a threshold of 5 minutes (56.3095ms)
[2026-02-12 19:58:51.997 DBG] ViewerRepo :: UpdatePresence(twitch, 5), 0.0324ms
[2026-02-12 19:58:52.056 DBG] TwitchService :: Presence Timer :: Artificially updated presence with a threshold of 5 minutes (59.8878ms)
[2026-02-12 19:59:42.545 DBG] Credits :: Time to save 16.9805ms
[2026-02-12 19:59:52.009 DBG] ViewerRepo :: UpdatePresence(twitch, 5), 0.0309ms
[2026-02-12 19:59:52.061 DBG] TwitchService :: Presence Timer :: Artificially updated presence with a threshold of 5 minutes (52.3056ms)
[2026-02-12 19:59:59.189 DBG] AutoSave :: Auto saving settings...
[2026-02-12 19:59:59.204 DBG] Users :: Time to save 15.3436ms
[2026-02-12 19:59:59.222 DBG] Actions :: Time to save 18.3605ms
[2026-02-12 19:59:59.235 DBG] Commands :: Time to save 12.5721ms
[2026-02-12 19:59:59.247 DBG] Twitch Rewards :: Time to save 12.7845ms
[2026-02-12 19:59:59.260 DBG] Midi :: Time to save 12.1219ms
[2026-02-12 19:59:59.271 DBG] OBS Settings :: Time to save 11.1916ms
[2026-02-12 19:59:59.282 DBG] MeldStudio Settings :: Time to save 10.8833ms
[2026-02-12 19:59:59.293 DBG] Credits :: Time to save 10.9715ms
[2026-02-12 19:59:59.305 DBG] Quotes :: Time to save 12.5499ms
[2026-02-12 19:59:59.405 DBG] Config :: Time to save 14.8288ms
[2026-02-12 20:00:52.012 DBG] ViewerRepo :: UpdatePresence(twitch, 5), 0.0415ms
[2026-02-12 20:00:52.069 DBG] TwitchService :: Presence Timer :: Artificially updated presence with a threshold of 5 minutes (56.9459ms)
[2026-02-12 20:01:52.024 DBG] ViewerRepo :: UpdatePresence(twitch, 5), 0.0313ms
[2026-02-12 20:01:52.077 DBG] TwitchService :: Presence Timer :: Artificially updated presence with a threshold of 5 minutes (54.0078ms)
[2026-02-12 20:02:52.029 DBG] ViewerRepo :: UpdatePresence(twitch, 5), 0.0313ms
[2026-02-12 20:02:52.082 DBG] TwitchService :: Presence Timer :: Artificially updated presence with a threshold of 5 minutes (53.6236ms)
[2026-02-12 20:03:52.039 DBG] ViewerRepo :: UpdatePresence(twitch, 5), 0.0309ms
[2026-02-12 20:03:52.092 DBG] TwitchService :: Presence Timer :: Artificially updated presence with a threshold of 5 minutes (53.5083ms)
[2026-02-12 20:04:42.550 DBG] Credits :: Time to save 14.422ms
[2026-02-12 20:04:52.047 DBG] ViewerRepo :: UpdatePresence(twitch, 5), 0.0372ms
[2026-02-12 20:04:52.105 DBG] TwitchService :: Presence Timer :: Artificially updated presence with a threshold of 5 minutes (58.4107ms)
[2026-02-12 20:04:59.406 DBG] AutoSave :: Auto saving settings...
[2026-02-12 20:04:59.421 DBG] Users :: Time to save 14.6574ms
[2026-02-12 20:04:59.439 DBG] Actions :: Time to save 18.3424ms
[2026-02-12 20:04:59.452 DBG] Commands :: Time to save 12.8022ms
[2026-02-12 20:04:59.465 DBG] Twitch Rewards :: Time to save 12.8707ms
[2026-02-12 20:04:59.476 DBG] Midi :: Time to save 10.9262ms
[2026-02-12 20:04:59.486 DBG] OBS Settings :: Time to save 10.6665ms
[2026-02-12 20:04:59.499 DBG] MeldStudio Settings :: Time to save 12.0824ms
[2026-02-12 20:04:59.511 DBG] Credits :: Time to save 11.7198ms
[2026-02-12 20:04:59.523 DBG] Quotes :: Time to save 12.4349ms
[2026-02-12 20:04:59.625 DBG] Config :: Time to save 15.0067ms
[2026-02-12 20:05:01.253 DBG] ActionDispatcher :: Queueing 'Sub Goal' (361aa588-5f31-4e19-b8a5-099cae52479d, TimedAction) to 'Default' (00000000-0000-0000-0000-000000000000), with 11 arguments
[2026-02-12 20:05:01.253 DBG] ActionQueue :: 'Default' (00000000-0000-0000-0000-000000000000) :: Enqueue action 361aa588-5f31-4e19-b8a5-099cae52479d
[2026-02-12 20:05:01.253 DBG] ActionQueue :: 'Default' (00000000-0000-0000-0000-000000000000) :: Handling queue
[2026-02-12 20:05:01.253 DBG] ActionQueue :: 'Default' (00000000-0000-0000-0000-000000000000) :: Performing non-blocking 'Sub Goal' (361aa588-5f31-4e19-b8a5-099cae52479d, d3d3af3c-6721-45e1-ad29-1c1276890fce)
[2026-02-12 20:05:52.058 DBG] ViewerRepo :: UpdatePresence(twitch, 5), 0.034ms
[2026-02-12 20:05:52.114 DBG] TwitchService :: Presence Timer :: Artificially updated presence with a threshold of 5 minutes (56.0945ms)
[2026-02-12 20:06:52.058 DBG] ViewerRepo :: UpdatePresence(twitch, 5), 0.0296ms
[2026-02-12 20:06:52.115 DBG] TwitchService :: Presence Timer :: Artificially updated presence with a threshold of 5 minutes (56.8729ms)
[2026-02-12 20:07:49.803 DBG] Users :: Time to save 16.3236ms
[2026-02-12 20:07:49.822 DBG] Actions :: Time to save 19.3394ms
[2026-02-12 20:07:49.835 DBG] Commands :: Time to save 13.8717ms
[2026-02-12 20:07:49.849 DBG] Twitch Rewards :: Time to save 13.1591ms
[2026-02-12 20:07:49.860 DBG] Midi :: Time to save 11.9554ms
[2026-02-12 20:07:49.873 DBG] OBS Settings :: Time to save 11.9463ms
[2026-02-12 20:07:49.885 DBG] MeldStudio Settings :: Time to save 11.9733ms
[2026-02-12 20:07:49.896 DBG] Credits :: Time to save 12.0274ms
[2026-02-12 20:07:49.911 DBG] Quotes :: Time to save 13.8989ms
[2026-02-12 20:07:50.014 DBG] Config :: Time to save 15.2331ms
[2026-02-12 20:07:52.062 DBG] ViewerRepo :: UpdatePresence(twitch, 5), 0.0326ms
[2026-02-12 20:07:52.114 DBG] Users :: Time to save 15.5054ms
[2026-02-12 20:07:52.116 DBG] TwitchService :: Presence Timer :: Artificially updated presence with a threshold of 5 minutes (54.0255ms)
[2026-02-12 20:07:52.133 DBG] Actions :: Time to save 18.5461ms
[2026-02-12 20:07:52.146 DBG] Commands :: Time to save 13.846ms
[2026-02-12 20:07:52.161 DBG] Twitch Rewards :: Time to save 14.2452ms
[2026-02-12 20:07:52.173 DBG] Midi :: Time to save 12.121ms
[2026-02-12 20:07:52.185 DBG] OBS Settings :: Time to save 11.7771ms
[2026-02-12 20:07:52.197 DBG] MeldStudio Settings :: Time to save 12.493ms
[2026-02-12 20:07:52.210 DBG] Credits :: Time to save 12.6722ms
[2026-02-12 20:07:52.223 DBG] Quotes :: Time to save 13.1058ms
[2026-02-12 20:07:52.225 INF] Shutting down...
[2026-02-12 20:07:52.297 INF] Closing services...
[2026-02-12 20:07:52.297 DBG] UsbRemovalWatcher :: Disposed
[2026-02-12 20:07:52.299 DBG] ProcessWatcher :: Disposed
[2026-02-12 20:07:52.300 DBG] ProcessWatcher :: Disposed
[2026-02-12 20:07:52.303 DBG] Events Service :: Shutting down event queue thread
[2026-02-12 20:07:52.303 DBG] Events Service :: Shutting down application event queue thread
[2026-02-12 20:07:52.303 DBG] Events Service :: Shutting down raw event queue thread
[2026-02-12 20:07:52.317 DBG] SLOBS Service :: Stopping service
[2026-02-12 20:07:52.320 DBG] FileWatcherDaemon :: Waiting for file watchers to shut down
[2026-02-12 20:07:52.321 DBG] FileTailDaemon :: Waiting for file tails to shut down
[2026-02-12 20:07:52.323 DBG] Http Listener :: Channel is not active
[2026-02-12 20:07:52.325 DBG] Websocket Server :: Stopping server
[2026-02-12 20:07:52.325 DBG] SpeechToText :: Disposing recognition engine
[2026-02-12 20:07:52.325 DBG] SpeechToText :: Shutting down queue thread
[2026-02-12 20:07:52.329 DBG] Websocket Server :: Shutting down command queue thread
[2026-02-12 20:07:52.329 DBG] Websocket Server :: Shutting down queue thread
[2026-02-12 20:07:52.330 DBG] DonorDrive :: Stopping service
[2026-02-12 20:07:52.331 DBG] MIDI Service :: Stopping service
[2026-02-12 20:07:52.332 DBG] MIDI Service :: Shutting down event thread
[2026-02-12 20:07:52.335 DBG] ActionDispatcher :: Shutting down action queues
[2026-02-12 20:07:52.340 INF] InlineCode :: Cleaning up '0' execute code instances
[2026-02-12 20:07:52.345 DBG] OBS Service :: Stopping service
[2026-02-12 20:07:52.349 DBG] ActionQueue :: Shutting down queue 00000000-0000-0000-0000-000000000000 thread
[2026-02-12 20:07:52.349 DBG] ActionQueue :: Shutting down queue b010a7bd-2056-4238-9302-fad378219231 thread
[2026-02-12 20:07:52.349 DBG] ActionQueue :: Shutting down queue 8c6ed466-566c-4b26-93c9-9338de27fff4 thread
[2026-02-12 20:07:52.349 DBG] ActionQueue :: Shutting down queue e0693c07-e52a-4914-a5b9-5a5a01e74b15 thread
[2026-02-12 20:07:52.349 DBG] ActionQueue :: Shutting down queue 1955c224-a7c9-41c0-9077-40868553d18a thread
[2026-02-12 20:07:52.349 DBG] ActionQueue :: Shutting down queue f5b88e4c-33be-41a6-a453-02af0b6c4fc3 thread
[2026-02-12 20:07:52.349 DBG] ActionQueue :: Shutting down queue ae5d9109-9a6d-4e18-97f5-21a70b15dd8b thread
[2026-02-12 20:07:52.358 DBG] Websocket Client :: Disconnecting from all connected clients
[2026-02-12 20:07:52.359 DBG] Websocket Custom Server :: Stopping all servers
[2026-02-12 20:07:52.365 DBG] InlineCode :: Cleaned up execute code instances
[2026-02-12 20:07:52.366 DBG] Websocket Server (Godot Websocket) :: Stopping server
[2026-02-12 20:07:52.366 DBG] OBS :: Disconnecting from OBS (127.0.0.1:4455)
[2026-02-12 20:07:52.367 DBG] Websocket Server (Godot Websocket) :: Shutting down message queue thread
[2026-02-12 20:07:52.369 DBG] OBS-Websocket5 :: Disconnected
[2026-02-12 20:07:52.373 DBG] OBS :: Disconnected from OBS (127.0.0.1:4455)
[2026-02-12 20:07:52.373 DBG] OBS Service :: Shutting down event thread
[2026-02-12 20:07:52.374 DBG] Twitch (Broadcaster) :: Disconnected
[2026-02-12 20:07:52.376 DBG] Config :: Time to save 45.403ms
[2026-02-12 20:07:52.377 INF] TwitchService :: Disconnected from Broadcaster Chat Client
[2026-02-12 20:07:52.398 DBG] MeldStudio Service :: Stopping service
[2026-02-12 20:07:52.400 DBG] Streamer.bot Website Socket :: Disconnected
[2026-02-12 20:07:52.400 INF] Streamer.bot Service :: Disconnected from Website Client
[2026-02-12 20:07:52.402 DBG] MeldStudio Service :: Shutting down event thread
[2026-02-12 20:07:52.493 DBG] StreamElements Socket :: Disconnected
[2026-02-12 20:07:52.493 INF] StreamElements Service :: Disconnected from Client
[2026-02-12 20:07:52.711 DBG] Twitch EventSub (Broadcaster) :: Disconnected
[2026-02-12 20:07:52.712 INF] TwitchService :: Disconnected from Broadcaster EventSub
[2026-02-12 20:07:52.812 INF] BTTV :: WebSocket Disconnected
[2026-02-12 20:07:53.155 DBG] Twitch EventSub (Bot) :: Disconnected
[2026-02-12 20:07:53.158 INF] TwitchService :: Disconnected from Bot EventSub
[2026-02-12 20:07:53.230 DBG] Quotes :: Time to save 21.751ms
[2026-02-12 20:07:53.230 DBG] Midi :: Time to save 21.3562ms
[2026-02-12 20:07:53.231 DBG] OBS Settings :: Time to save 22.7804ms
[2026-02-12 20:07:53.231 DBG] MeldStudio Settings :: Time to save 22.9283ms
[2026-02-12 20:07:53.232 DBG] Commands :: Time to save 22.999ms
[2026-02-12 20:07:53.233 DBG] Config :: Time to save 23.1448ms
[2026-02-12 20:07:53.233 DBG] Twitch Rewards :: Time to save 23.6406ms
[2026-02-12 20:07:53.236 DBG] Credits :: Time to save 27.1579ms
[2026-02-12 20:07:53.245 DBG] Users :: Time to save 35.1312ms
[2026-02-12 20:07:53.248 DBG] Actions :: Time to save 40.6881ms
[2026-02-12 20:07:53.250 INF] Streamer.bot exited
[2026-02-12 23:09:44.801 INF] Streamer.bot (1.0.4)
[2026-02-12 23:09:44.804 INF] Startup Path: C:\Users\littl\Documents\GitHub\AtomSmasherStreamerbot
[2026-02-12 23:09:44.804 INF] Startup Args: 
[2026-02-12 23:09:44.804 INF] Startup Mode: UI
[2026-02-12 23:09:44.804 INF] Logging Level: Debug
[2026-02-12 23:09:44.804 INF] Instance Id: 06fed1eb-4928-42ca-9057-06594f534c13
[2026-02-12 23:09:44.804 INF] Instance Name: Streamer.bot
[2026-02-12 23:09:44.804 INF] Operating System: Windows
[2026-02-12 23:09:44.804 INF] UserInteractive: True
[2026-02-12 23:09:44.804 INF] WebView2: Found (v144.0.3719.115)
[2026-02-12 23:09:44.810 INF] Backing up data files
[2026-02-12 23:09:45.029 INF] Loading config
[2026-02-12 23:09:45.613 INF] Users :: Upgrade checks finished, 4.3786ms
[2026-02-12 23:09:45.631 DBG] Users :: Loaded 166 users.
[2026-02-12 23:09:45.679 DBG] Twitch Rewards :: Loaded 24 rewards.
[2026-02-12 23:09:47.853 DBG] Actions :: Loaded 138 actions.
[2026-02-12 23:09:47.859 DBG] OBS Settings :: Loaded.
[2026-02-12 23:09:47.864 DBG] MeldStudio Settings :: Loaded.
[2026-02-12 23:09:47.889 DBG] Commands :: Loaded 44 commands.
[2026-02-12 23:09:47.976 DBG] MIDI :: Loaded 0 actions.
[2026-02-12 23:09:48.893 INF] Streamer.bot Service :: Logging into account
[2026-02-12 23:09:49.044 INF] Streamer.bot Service :: Account (firehair) authenticated
[2026-02-12 23:09:51.452 DBG] Events Service :: Starting raw event queue thread
[2026-02-12 23:09:51.452 DBG] Events Service :: Starting application event queue thread
[2026-02-12 23:09:51.452 DBG] Events Service :: Starting event queue thread
[2026-02-12 23:09:51.455 DBG] Trigger Service :: Initialized
[2026-02-12 23:09:51.460 DBG] ActionQueue :: Starting queue 00000000-0000-0000-0000-000000000000 thread
[2026-02-12 23:09:51.461 DBG] ActionQueue :: Starting queue b010a7bd-2056-4238-9302-fad378219231 thread
[2026-02-12 23:09:51.461 DBG] ActionQueue :: Starting queue 8c6ed466-566c-4b26-93c9-9338de27fff4 thread
[2026-02-12 23:09:51.461 DBG] ActionQueue :: Starting queue e0693c07-e52a-4914-a5b9-5a5a01e74b15 thread
[2026-02-12 23:09:51.461 DBG] ActionQueue :: Starting queue 1955c224-a7c9-41c0-9077-40868553d18a thread
[2026-02-12 23:09:51.461 DBG] ActionQueue :: Starting queue f5b88e4c-33be-41a6-a453-02af0b6c4fc3 thread
[2026-02-12 23:09:51.461 DBG] ActionQueue :: Starting queue ae5d9109-9a6d-4e18-97f5-21a70b15dd8b thread
[2026-02-12 23:09:51.467 DBG] Quotes :: Loaded 8 quotes.
[2026-02-12 23:09:51.552 DBG] Viewers :: 10.6429ms to populate view model
[2026-02-12 23:09:51.865 INF] Streamer.bot Service :: Connecting to Website Client
[2026-02-12 23:09:51.867 DBG] Streamer.bot Website Socket :: Opening connection
[2026-02-12 23:09:51.878 DBG] MeldStudio Service :: Starting event thread
[2026-02-12 23:09:51.878 DBG] OBS Service :: Starting event thread
[2026-02-12 23:09:51.885 DBG] TwitchService :: Initializing
[2026-02-12 23:09:51.890 DBG] TwitchService :: Logging into Broadcaster account
[2026-02-12 23:09:51.898 DBG] TwitchService :: Logging into Bot account
[2026-02-12 23:09:51.899 DBG] OBS :: Opening websocket connection to OBS (127.0.0.1:4455)
[2026-02-12 23:09:51.902 DBG] OBS-Websocket5 :: Opening connection (ws://127.0.0.1:4455/api/websocket)
[2026-02-12 23:09:51.906 DBG] Websocket Client :: Auto connecting to clients
[2026-02-12 23:09:51.907 DBG] Websocket Custom Server :: Auto starting servers
[2026-02-12 23:09:51.908 DBG] Websocket Server :: Starting server (ws://127.0.0.1:8080)
[2026-02-12 23:09:51.909 DBG] Websocket Server (Godot Websocket) :: Starting server (ws://127.0.0.1:9090/)
[2026-02-12 23:09:51.911 DBG] Websocket Server :: Starting queue thread
[2026-02-12 23:09:51.912 DBG] Websocket Server (Godot Websocket) :: Starting message queue thread
[2026-02-12 23:09:51.914 DBG] Websocket Server :: Starting command queue thread
[2026-02-12 23:09:51.919 INF] MIDI Service :: Initializing 0 MIDI devices
[2026-02-12 23:09:51.921 INF] SpeechToText :: Initializing recognition engine
[2026-02-12 23:09:51.921 DBG] MIDI Service :: Starting event thread
[2026-02-12 23:09:51.923 DBG] UsbRemovalWatcher :: Disposed
[2026-02-12 23:09:51.925 INF] Input Service: Found 3 valid key inputs.
[2026-02-12 23:09:52.070 DBG] SpeechToText :: Starting recognition engine
[2026-02-12 23:09:52.072 DBG] SpeechToText :: Starting queue thread
[2026-02-12 23:09:52.209 INF] Streamer.bot Service :: Website Client authenticated
[2026-02-12 23:09:52.211 INF] Streamer.bot Service :: Connected to Website Client
[2026-02-12 23:09:52.344 INF] StreamElements :: Logging into account
[2026-02-12 23:09:52.361 INF] TwitchService :: Fetching Bot account information
[2026-02-12 23:09:52.377 INF] TwitchService :: Fetching Broadcaster account information
[2026-02-12 23:09:52.470 INF] StreamElements :: Account (atomsmasher101) authenticated
[2026-02-12 23:09:52.472 INF] StreamElements Service :: Connecting to Client
[2026-02-12 23:09:52.475 DBG] StreamElements Socket :: Opening connection
[2026-02-12 23:09:52.539 INF] TwitchService :: Broadcaster account (atomsmasher101) authenticated
[2026-02-12 23:09:52.539 INF] TwitchService :: Bot account (atomsmasherbot) authenticated
[2026-02-12 23:09:52.541 INF] TwitchService :: Connecting to Bot EventSub
[2026-02-12 23:09:52.547 DBG] Twitch EventSub (Bot) :: Opening connection
[2026-02-12 23:09:52.649 DBG] Twitch Service :: Initializing Third Party Emote Handlers
[2026-02-12 23:09:52.651 DBG] Twitch Service :: Init rest
[2026-02-12 23:09:52.653 INF] 7TV :: Initializing user '50822403', on twitch
[2026-02-12 23:09:52.661 INF] BTTV :: Initializing user '50822403', on twitch
[2026-02-12 23:09:52.662 INF] BetterTTV.Socket :: Connecting to BTTV WebSocket, monitoring for changes for user '50822403' on twitch
[2026-02-12 23:09:52.670 INF] FFZ :: Initializing user 'atomsmasher101' (50822403), on twitch
[2026-02-12 23:09:52.720 DBG] Twitch EventSub (Bot) :: Subscribing to 1 events
[2026-02-12 23:09:52.725 INF] BTTV :: Loaded 65 global emotes
[2026-02-12 23:09:52.763 INF] StreamElements Service :: Connected to Client
[2026-02-12 23:09:52.797 ERR] BTTV :: Response error NotFound from BTTV channel endpoint.
[2026-02-12 23:09:52.905 INF] FFZ :: Loaded 15 global emotes
[2026-02-12 23:09:52.954 INF] BTTV :: WebSocket Connected
[2026-02-12 23:09:52.965 DBG] Twitch Service :: Loaded 33 Twitch cheer emotes
[2026-02-12 23:09:52.983 WRN] FFZ :: Room not found, user does not have channel emotes configured.
[2026-02-12 23:09:52.984 INF] FFZ :: Loaded 0 channel emotes
[2026-02-12 23:09:53.000 INF] TwitchService :: Connected to Bot EventSub, and authenticated
[2026-02-12 23:09:53.000 DBG] Twitch Service :: Loaded 220 Twitch badges
[2026-02-12 23:09:53.125 DBG] Twitch Rewards :: Time to save 22.1892ms
[2026-02-12 23:09:53.505 INF] 7TV :: Loaded 44 global emotes
[2026-02-12 23:09:53.683 ERR] 7TV :: Response error NotFound from 7TV channel endpoint.
[2026-02-12 23:09:53.957 DBG] OBS-Websocket5 :: Disconnected
[2026-02-12 23:09:53.958 DBG] OBS :: Disconnected from OBS (127.0.0.1:4455)
[2026-02-12 23:09:54.567 DBG] Twitch Service :: Loaded 613 Twitch user emotes
[2026-02-12 23:09:54.893 DBG] Getting viewers for channel "atomsmasher101" (4)
[2026-02-12 23:09:54.894 DBG] Twitch Service :: Fetched viewers for channel (4)
[2026-02-12 23:09:54.898 DBG] Twitch Service :: (4) - Existing: 4, New Users: 0 (3.3664ms)
[2026-02-12 23:09:54.898 DBG] Twitch Service :: Viewers init in 322.7566ms
[2026-02-12 23:09:54.900 DBG] Twitch Service :: Loading editors for channel atomsmasher101
[2026-02-12 23:09:55.152 DBG] Twitch Service :: Found 7 editors for channel atomsmasher101
[2026-02-12 23:09:55.302 INF] Twitch Service :: Found 13 Moderators for the channel atomsmasher101
[2026-02-12 23:09:55.429 INF] Twitch Service :: Found 18 VIPs for the channel atomsmasher101
[2026-02-12 23:09:55.431 DBG] ViewerRepo :: Time to update mods and VIPs, 0.8733ms (nm: 0, em: 1, nv: 0, ev: 0, ru: 1)
[2026-02-12 23:09:55.431 DBG] Twitch Service :: Time to update/add mods and vips for the channel atomsmasher101, 276.2638ms
[2026-02-12 23:09:55.433 DBG] Twitch Service :: Loading subscribers for atomsmasher101
[2026-02-12 23:09:55.710 DBG] Twitch Service :: "AtomSmasher101" has 12 subscriptions.
[2026-02-12 23:09:55.743 INF] TwitchService :: Connecting to Broadcaster Chat Client
[2026-02-12 23:09:55.749 INF] TwitchService :: Connecting to Broadcaster EventSub
[2026-02-12 23:09:55.749 DBG] Twitch EventSub (Broadcaster) :: Opening connection
[2026-02-12 23:09:55.853 DBG] Twitch (Broadcaster) :: Opening connection
[2026-02-12 23:09:55.879 DBG] Twitch EventSub (Broadcaster) :: Subscribing to 56 events
[2026-02-12 23:09:55.922 DBG] Twitch (Broadcaster) :: Connected to irc.chat.twitch.tv:6697 (44.237.40.50:6697)
[2026-02-12 23:09:55.923 DBG] Twitch (Broadcaster) :: Negotiating SSL stream with irc.chat.twitch.tv
[2026-02-12 23:09:56.075 DBG] Twitch (Broadcaster) :: Twitch Client Socket opened
[2026-02-12 23:09:56.210 DBG] Twitch (Broadcaster) :: Listening and Authenticated
[2026-02-12 23:09:56.213 DBG] Twitch (Broadcaster) :: Joining chanel #atomsmasher101
[2026-02-12 23:09:56.217 INF] TwitchService :: Connected to Broadcaster Chat Client
[2026-02-12 23:10:00.931 INF] TwitchService :: Connected to Broadcaster EventSub, and authenticated
[2026-02-12 23:10:23.971 DBG] OBS :: Retrying obs connection to OBS (127.0.0.1:4455)
[2026-02-12 23:10:23.971 DBG] OBS :: Opening websocket connection to OBS (127.0.0.1:4455)
[2026-02-12 23:10:23.972 DBG] OBS-Websocket5 :: Opening connection (ws://127.0.0.1:4455/api/websocket)
[2026-02-12 23:10:26.014 DBG] OBS-Websocket5 :: Disconnected
[2026-02-12 23:10:26.014 DBG] OBS :: Disconnected from OBS (127.0.0.1:4455)
[2026-02-12 23:10:56.020 DBG] OBS :: Retrying obs connection to OBS (127.0.0.1:4455)
[2026-02-12 23:10:56.020 DBG] OBS :: Opening websocket connection to OBS (127.0.0.1:4455)
[2026-02-12 23:10:56.020 DBG] OBS-Websocket5 :: Opening connection (ws://127.0.0.1:4455/api/websocket)
[2026-02-12 23:10:56.087 DBG] ViewerRepo :: UpdatePresence(twitch, 5), 0.1855ms
[2026-02-12 23:10:56.189 DBG] TwitchService :: Presence Timer :: Artificially updated presence with a threshold of 5 minutes (102.8249ms)
[2026-02-12 23:10:58.078 DBG] OBS-Websocket5 :: Disconnected
[2026-02-12 23:10:58.078 DBG] OBS :: Disconnected from OBS (127.0.0.1:4455)
[2026-02-12 23:11:28.095 DBG] OBS :: Retrying obs connection to OBS (127.0.0.1:4455)
[2026-02-12 23:11:28.095 DBG] OBS :: Opening websocket connection to OBS (127.0.0.1:4455)
[2026-02-12 23:11:28.095 DBG] OBS-Websocket5 :: Opening connection (ws://127.0.0.1:4455/api/websocket)
[2026-02-12 23:11:30.154 DBG] OBS-Websocket5 :: Disconnected
[2026-02-12 23:11:30.154 DBG] OBS :: Disconnected from OBS (127.0.0.1:4455)
[2026-02-12 23:11:56.090 DBG] ViewerRepo :: UpdatePresence(twitch, 5), 0.0302ms
[2026-02-12 23:11:56.189 DBG] TwitchService :: Presence Timer :: Artificially updated presence with a threshold of 5 minutes (99.1627ms)
[2026-02-12 23:12:00.163 DBG] OBS :: Retrying obs connection to OBS (127.0.0.1:4455)
[2026-02-12 23:12:00.163 DBG] OBS :: Opening websocket connection to OBS (127.0.0.1:4455)
[2026-02-12 23:12:00.163 DBG] OBS-Websocket5 :: Opening connection (ws://127.0.0.1:4455/api/websocket)
[2026-02-12 23:12:02.208 DBG] OBS-Websocket5 :: Disconnected
[2026-02-12 23:12:02.208 DBG] OBS :: Disconnected from OBS (127.0.0.1:4455)
[2026-02-12 23:12:32.221 DBG] OBS :: Retrying obs connection to OBS (127.0.0.1:4455)
[2026-02-12 23:12:32.221 DBG] OBS :: Opening websocket connection to OBS (127.0.0.1:4455)
[2026-02-12 23:12:32.221 DBG] OBS-Websocket5 :: Opening connection (ws://127.0.0.1:4455/api/websocket)
[2026-02-12 23:12:34.251 DBG] OBS-Websocket5 :: Disconnected
[2026-02-12 23:12:34.251 DBG] OBS :: Disconnected from OBS (127.0.0.1:4455)
[2026-02-12 23:12:56.098 DBG] ViewerRepo :: UpdatePresence(twitch, 5), 0.0332ms
[2026-02-12 23:12:56.187 DBG] TwitchService :: Presence Timer :: Artificially updated presence with a threshold of 5 minutes (88.6272ms)
[2026-02-12 23:13:04.255 DBG] OBS :: Retrying obs connection to OBS (127.0.0.1:4455)
[2026-02-12 23:13:04.255 DBG] OBS :: Opening websocket connection to OBS (127.0.0.1:4455)
[2026-02-12 23:13:04.255 DBG] OBS-Websocket5 :: Opening connection (ws://127.0.0.1:4455/api/websocket)
[2026-02-12 23:13:06.312 DBG] OBS-Websocket5 :: Disconnected
[2026-02-12 23:13:06.312 DBG] OBS :: Disconnected from OBS (127.0.0.1:4455)
[2026-02-12 23:13:36.325 DBG] OBS :: Retrying obs connection to OBS (127.0.0.1:4455)
[2026-02-12 23:13:36.325 DBG] OBS :: Opening websocket connection to OBS (127.0.0.1:4455)
[2026-02-12 23:13:36.325 DBG] OBS-Websocket5 :: Opening connection (ws://127.0.0.1:4455/api/websocket)
[2026-02-12 23:13:38.378 DBG] OBS-Websocket5 :: Disconnected
[2026-02-12 23:13:38.378 DBG] OBS :: Disconnected from OBS (127.0.0.1:4455)
[2026-02-12 23:13:56.113 DBG] ViewerRepo :: UpdatePresence(twitch, 5), 0.0319ms
[2026-02-12 23:13:56.209 DBG] TwitchService :: Presence Timer :: Artificially updated presence with a threshold of 5 minutes (95.2423ms)
[2026-02-12 23:14:08.379 DBG] OBS :: Retrying obs connection to OBS (127.0.0.1:4455)
[2026-02-12 23:14:08.379 DBG] OBS :: Opening websocket connection to OBS (127.0.0.1:4455)
[2026-02-12 23:14:08.379 DBG] OBS-Websocket5 :: Opening connection (ws://127.0.0.1:4455/api/websocket)
[2026-02-12 23:14:10.422 DBG] OBS-Websocket5 :: Disconnected
[2026-02-12 23:14:10.422 DBG] OBS :: Disconnected from OBS (127.0.0.1:4455)
[2026-02-12 23:14:40.423 DBG] OBS :: Retrying obs connection to OBS (127.0.0.1:4455)
[2026-02-12 23:14:40.423 DBG] OBS :: Opening websocket connection to OBS (127.0.0.1:4455)
[2026-02-12 23:14:40.423 DBG] OBS-Websocket5 :: Opening connection (ws://127.0.0.1:4455/api/websocket)
[2026-02-12 23:14:42.465 DBG] OBS-Websocket5 :: Disconnected
[2026-02-12 23:14:42.465 DBG] OBS :: Disconnected from OBS (127.0.0.1:4455)
[2026-02-12 23:14:48.347 DBG] Credits :: Time to save 18.6877ms
[2026-02-12 23:14:51.542 DBG] AutoSave :: Auto saving settings...
[2026-02-12 23:14:51.561 DBG] Users :: Time to save 16.4295ms
[2026-02-12 23:14:51.630 DBG] Actions :: Time to save 68.0526ms
[2026-02-12 23:14:51.647 DBG] Commands :: Time to save 15.006ms
[2026-02-12 23:14:51.660 DBG] Twitch Rewards :: Time to save 12.3196ms
[2026-02-12 23:14:51.672 DBG] Midi :: Time to save 11.0723ms
[2026-02-12 23:14:51.685 DBG] OBS Settings :: Time to save 11.9675ms
[2026-02-12 23:14:51.702 DBG] MeldStudio Settings :: Time to save 14.1829ms
[2026-02-12 23:14:51.713 DBG] Credits :: Time to save 10.9666ms
[2026-02-12 23:14:51.731 DBG] Quotes :: Time to save 16.748ms
[2026-02-12 23:14:51.798 DBG] Config :: Time to save 50.5282ms
[2026-02-12 23:14:56.119 DBG] ViewerRepo :: UpdatePresence(twitch, 5), 0.0361ms
[2026-02-12 23:14:56.214 DBG] TwitchService :: Presence Timer :: Artificially updated presence with a threshold of 5 minutes (95.6529ms)
[2026-02-12 23:15:12.481 DBG] OBS :: Retrying obs connection to OBS (127.0.0.1:4455)
[2026-02-12 23:15:12.481 DBG] OBS :: Opening websocket connection to OBS (127.0.0.1:4455)
[2026-02-12 23:15:12.481 DBG] OBS-Websocket5 :: Opening connection (ws://127.0.0.1:4455/api/websocket)
[2026-02-12 23:15:14.528 DBG] OBS-Websocket5 :: Disconnected
[2026-02-12 23:15:14.528 DBG] OBS :: Disconnected from OBS (127.0.0.1:4455)
[2026-02-12 23:15:44.540 DBG] OBS :: Retrying obs connection to OBS (127.0.0.1:4455)
[2026-02-12 23:15:44.540 DBG] OBS :: Opening websocket connection to OBS (127.0.0.1:4455)
[2026-02-12 23:15:44.540 DBG] OBS-Websocket5 :: Opening connection (ws://127.0.0.1:4455/api/websocket)
[2026-02-12 23:15:46.588 DBG] OBS-Websocket5 :: Disconnected
[2026-02-12 23:15:46.588 DBG] OBS :: Disconnected from OBS (127.0.0.1:4455)
[2026-02-12 23:15:56.121 DBG] ViewerRepo :: UpdatePresence(twitch, 5), 0.0311ms
[2026-02-12 23:15:56.213 DBG] TwitchService :: Presence Timer :: Artificially updated presence with a threshold of 5 minutes (92.6678ms)
[2026-02-12 23:16:16.590 DBG] OBS :: Retrying obs connection to OBS (127.0.0.1:4455)
[2026-02-12 23:16:16.590 DBG] OBS :: Opening websocket connection to OBS (127.0.0.1:4455)
[2026-02-12 23:16:16.590 DBG] OBS-Websocket5 :: Opening connection (ws://127.0.0.1:4455/api/websocket)
[2026-02-12 23:16:18.637 DBG] OBS-Websocket5 :: Disconnected
[2026-02-12 23:16:18.637 DBG] OBS :: Disconnected from OBS (127.0.0.1:4455)
[2026-02-12 23:16:48.652 DBG] OBS :: Retrying obs connection to OBS (127.0.0.1:4455)
[2026-02-12 23:16:48.652 DBG] OBS :: Opening websocket connection to OBS (127.0.0.1:4455)
[2026-02-12 23:16:48.652 DBG] OBS-Websocket5 :: Opening connection (ws://127.0.0.1:4455/api/websocket)
[2026-02-12 23:16:50.698 DBG] OBS-Websocket5 :: Disconnected
[2026-02-12 23:16:50.698 DBG] OBS :: Disconnected from OBS (127.0.0.1:4455)
[2026-02-12 23:16:56.122 DBG] ViewerRepo :: UpdatePresence(twitch, 5), 0.0303ms
[2026-02-12 23:16:56.221 DBG] TwitchService :: Presence Timer :: Artificially updated presence with a threshold of 5 minutes (98.7619ms)
[2026-02-12 23:17:20.699 DBG] OBS :: Retrying obs connection to OBS (127.0.0.1:4455)
[2026-02-12 23:17:20.699 DBG] OBS :: Opening websocket connection to OBS (127.0.0.1:4455)
[2026-02-12 23:17:20.699 DBG] OBS-Websocket5 :: Opening connection (ws://127.0.0.1:4455/api/websocket)
[2026-02-12 23:17:22.759 DBG] OBS-Websocket5 :: Disconnected
[2026-02-12 23:17:22.759 DBG] OBS :: Disconnected from OBS (127.0.0.1:4455)
[2026-02-12 23:17:52.763 DBG] OBS :: Retrying obs connection to OBS (127.0.0.1:4455)
[2026-02-12 23:17:52.763 DBG] OBS :: Opening websocket connection to OBS (127.0.0.1:4455)
[2026-02-12 23:17:52.763 DBG] OBS-Websocket5 :: Opening connection (ws://127.0.0.1:4455/api/websocket)
[2026-02-12 23:17:54.807 DBG] OBS-Websocket5 :: Disconnected
[2026-02-12 23:17:54.807 DBG] OBS :: Disconnected from OBS (127.0.0.1:4455)
[2026-02-12 23:17:56.132 DBG] ViewerRepo :: UpdatePresence(twitch, 5), 0.0326ms
[2026-02-12 23:17:56.224 DBG] TwitchService :: Presence Timer :: Artificially updated presence with a threshold of 5 minutes (92.3762ms)
[2026-02-12 23:18:24.818 DBG] OBS :: Retrying obs connection to OBS (127.0.0.1:4455)
[2026-02-12 23:18:24.818 DBG] OBS :: Opening websocket connection to OBS (127.0.0.1:4455)
[2026-02-12 23:18:24.818 DBG] OBS-Websocket5 :: Opening connection (ws://127.0.0.1:4455/api/websocket)
[2026-02-12 23:18:26.871 DBG] OBS-Websocket5 :: Disconnected
[2026-02-12 23:18:26.871 DBG] OBS :: Disconnected from OBS (127.0.0.1:4455)
[2026-02-12 23:18:56.140 DBG] ViewerRepo :: UpdatePresence(twitch, 5), 0.0333ms
[2026-02-12 23:18:56.232 DBG] TwitchService :: Presence Timer :: Artificially updated presence with a threshold of 5 minutes (92.8726ms)
[2026-02-12 23:18:56.874 DBG] OBS :: Retrying obs connection to OBS (127.0.0.1:4455)
[2026-02-12 23:18:56.874 DBG] OBS :: Opening websocket connection to OBS (127.0.0.1:4455)
[2026-02-12 23:18:56.874 DBG] OBS-Websocket5 :: Opening connection (ws://127.0.0.1:4455/api/websocket)
[2026-02-12 23:18:58.920 DBG] OBS-Websocket5 :: Disconnected
[2026-02-12 23:18:58.920 DBG] OBS :: Disconnected from OBS (127.0.0.1:4455)
[2026-02-12 23:19:28.924 DBG] OBS :: Retrying obs connection to OBS (127.0.0.1:4455)
[2026-02-12 23:19:28.924 DBG] OBS :: Opening websocket connection to OBS (127.0.0.1:4455)
[2026-02-12 23:19:28.924 DBG] OBS-Websocket5 :: Opening connection (ws://127.0.0.1:4455/api/websocket)
[2026-02-12 23:19:30.927 DBG] OBS-Websocket5 :: Disconnected
[2026-02-12 23:19:30.927 DBG] OBS :: Disconnected from OBS (127.0.0.1:4455)
[2026-02-12 23:19:46.045 DBG] ActionDispatcher :: Queueing 'Sub Goal' (361aa588-5f31-4e19-b8a5-099cae52479d, TimedAction) to 'Default' (00000000-0000-0000-0000-000000000000), with 11 arguments
[2026-02-12 23:19:46.048 DBG] ActionQueue :: 'Default' (00000000-0000-0000-0000-000000000000) :: Enqueue action 361aa588-5f31-4e19-b8a5-099cae52479d
[2026-02-12 23:19:46.048 DBG] ActionQueue :: 'Default' (00000000-0000-0000-0000-000000000000) :: Handling queue
[2026-02-12 23:19:46.054 DBG] ActionQueue :: 'Default' (00000000-0000-0000-0000-000000000000) :: Performing non-blocking 'Sub Goal' (361aa588-5f31-4e19-b8a5-099cae52479d, 6b54edd4-797e-4be2-aaec-50ead34caf8b)
[2026-02-12 23:19:48.357 DBG] Credits :: Time to save 11.6677ms
[2026-02-12 23:19:51.823 DBG] AutoSave :: Auto saving settings...
[2026-02-12 23:19:51.843 DBG] Users :: Time to save 20.8594ms
[2026-02-12 23:19:51.866 DBG] Actions :: Time to save 22.8396ms
[2026-02-12 23:19:51.879 DBG] Commands :: Time to save 12.3142ms
[2026-02-12 23:19:51.893 DBG] Twitch Rewards :: Time to save 14.6609ms
[2026-02-12 23:19:51.905 DBG] Midi :: Time to save 11.9121ms
[2026-02-12 23:19:51.915 DBG] OBS Settings :: Time to save 10.224ms
[2026-02-12 23:19:51.931 DBG] MeldStudio Settings :: Time to save 15.4175ms
[2026-02-12 23:19:51.942 DBG] Credits :: Time to save 10.5977ms
[2026-02-12 23:19:51.957 DBG] Quotes :: Time to save 14.6654ms
[2026-02-12 23:19:52.045 DBG] Config :: Time to save 20.2623ms
[2026-02-12 23:19:56.147 DBG] ViewerRepo :: UpdatePresence(twitch, 5), 0.0317ms
[2026-02-12 23:19:56.239 DBG] TwitchService :: Presence Timer :: Artificially updated presence with a threshold of 5 minutes (91.9663ms)
[2026-02-12 23:20:00.937 DBG] OBS :: Retrying obs connection to OBS (127.0.0.1:4455)
[2026-02-12 23:20:00.937 DBG] OBS :: Opening websocket connection to OBS (127.0.0.1:4455)
[2026-02-12 23:20:00.937 DBG] OBS-Websocket5 :: Opening connection (ws://127.0.0.1:4455/api/websocket)
[2026-02-12 23:20:02.968 DBG] OBS-Websocket5 :: Disconnected
[2026-02-12 23:20:02.968 DBG] OBS :: Disconnected from OBS (127.0.0.1:4455)
[2026-02-12 23:20:32.971 DBG] OBS :: Retrying obs connection to OBS (127.0.0.1:4455)
[2026-02-12 23:20:32.971 DBG] OBS :: Opening websocket connection to OBS (127.0.0.1:4455)
[2026-02-12 23:20:32.971 DBG] OBS-Websocket5 :: Opening connection (ws://127.0.0.1:4455/api/websocket)
[2026-02-12 23:20:35.001 DBG] OBS-Websocket5 :: Disconnected
[2026-02-12 23:20:35.001 DBG] OBS :: Disconnected from OBS (127.0.0.1:4455)
[2026-02-12 23:20:56.155 DBG] ViewerRepo :: UpdatePresence(twitch, 5), 0.0305ms
[2026-02-12 23:20:56.251 DBG] TwitchService :: Presence Timer :: Artificially updated presence with a threshold of 5 minutes (95.6464ms)
[2026-02-12 23:21:05.011 DBG] OBS :: Retrying obs connection to OBS (127.0.0.1:4455)
[2026-02-12 23:21:05.011 DBG] OBS :: Opening websocket connection to OBS (127.0.0.1:4455)
[2026-02-12 23:21:05.011 DBG] OBS-Websocket5 :: Opening connection (ws://127.0.0.1:4455/api/websocket)
[2026-02-12 23:21:07.051 DBG] OBS-Websocket5 :: Disconnected
[2026-02-12 23:21:07.051 DBG] OBS :: Disconnected from OBS (127.0.0.1:4455)
[2026-02-12 23:21:37.057 DBG] OBS :: Retrying obs connection to OBS (127.0.0.1:4455)
[2026-02-12 23:21:37.057 DBG] OBS :: Opening websocket connection to OBS (127.0.0.1:4455)
[2026-02-12 23:21:37.057 DBG] OBS-Websocket5 :: Opening connection (ws://127.0.0.1:4455/api/websocket)
[2026-02-12 23:21:39.115 DBG] OBS-Websocket5 :: Disconnected
[2026-02-12 23:21:39.115 DBG] OBS :: Disconnected from OBS (127.0.0.1:4455)
[2026-02-12 23:21:56.171 DBG] ViewerRepo :: UpdatePresence(twitch, 5), 0.0306ms
[2026-02-12 23:21:56.267 DBG] TwitchService :: Presence Timer :: Artificially updated presence with a threshold of 5 minutes (97.5782ms)
[2026-02-12 23:22:09.116 DBG] OBS :: Retrying obs connection to OBS (127.0.0.1:4455)
[2026-02-12 23:22:09.116 DBG] OBS :: Opening websocket connection to OBS (127.0.0.1:4455)
[2026-02-12 23:22:09.116 DBG] OBS-Websocket5 :: Opening connection (ws://127.0.0.1:4455/api/websocket)
[2026-02-12 23:22:11.173 DBG] OBS-Websocket5 :: Disconnected
[2026-02-12 23:22:11.173 DBG] OBS :: Disconnected from OBS (127.0.0.1:4455)
[2026-02-12 23:22:41.185 DBG] OBS :: Retrying obs connection to OBS (127.0.0.1:4455)
[2026-02-12 23:22:41.185 DBG] OBS :: Opening websocket connection to OBS (127.0.0.1:4455)
[2026-02-12 23:22:41.185 DBG] OBS-Websocket5 :: Opening connection (ws://127.0.0.1:4455/api/websocket)
[2026-02-12 23:22:43.244 DBG] OBS-Websocket5 :: Disconnected
[2026-02-12 23:22:43.244 DBG] OBS :: Disconnected from OBS (127.0.0.1:4455)
[2026-02-12 23:22:56.174 DBG] ViewerRepo :: UpdatePresence(twitch, 5), 0.0304ms
[2026-02-12 23:22:56.265 DBG] TwitchService :: Presence Timer :: Artificially updated presence with a threshold of 5 minutes (91.3032ms)
[2026-02-12 23:23:13.257 DBG] OBS :: Retrying obs connection to OBS (127.0.0.1:4455)
[2026-02-12 23:23:13.257 DBG] OBS :: Opening websocket connection to OBS (127.0.0.1:4455)
[2026-02-12 23:23:13.257 DBG] OBS-Websocket5 :: Opening connection (ws://127.0.0.1:4455/api/websocket)
[2026-02-12 23:23:15.315 DBG] OBS-Websocket5 :: Disconnected
[2026-02-12 23:23:15.315 DBG] OBS :: Disconnected from OBS (127.0.0.1:4455)
[2026-02-12 23:23:45.323 DBG] OBS :: Retrying obs connection to OBS (127.0.0.1:4455)
[2026-02-12 23:23:45.323 DBG] OBS :: Opening websocket connection to OBS (127.0.0.1:4455)
[2026-02-12 23:23:45.323 DBG] OBS-Websocket5 :: Opening connection (ws://127.0.0.1:4455/api/websocket)
[2026-02-12 23:23:47.369 DBG] OBS-Websocket5 :: Disconnected
[2026-02-12 23:23:47.369 DBG] OBS :: Disconnected from OBS (127.0.0.1:4455)
[2026-02-12 23:23:56.185 DBG] ViewerRepo :: UpdatePresence(twitch, 5), 0.0307ms
[2026-02-12 23:23:56.277 DBG] TwitchService :: Presence Timer :: Artificially updated presence with a threshold of 5 minutes (91.6812ms)
[2026-02-12 23:24:17.383 DBG] OBS :: Retrying obs connection to OBS (127.0.0.1:4455)
[2026-02-12 23:24:17.383 DBG] OBS :: Opening websocket connection to OBS (127.0.0.1:4455)
[2026-02-12 23:24:17.383 DBG] OBS-Websocket5 :: Opening connection (ws://127.0.0.1:4455/api/websocket)
[2026-02-12 23:24:19.415 DBG] OBS-Websocket5 :: Disconnected
[2026-02-12 23:24:19.415 DBG] OBS :: Disconnected from OBS (127.0.0.1:4455)
[2026-02-12 23:24:48.359 DBG] Credits :: Time to save 12.656ms
[2026-02-12 23:24:49.424 DBG] OBS :: Retrying obs connection to OBS (127.0.0.1:4455)
[2026-02-12 23:24:49.424 DBG] OBS :: Opening websocket connection to OBS (127.0.0.1:4455)
[2026-02-12 23:24:49.424 DBG] OBS-Websocket5 :: Opening connection (ws://127.0.0.1:4455/api/websocket)
[2026-02-12 23:24:51.467 DBG] OBS-Websocket5 :: Disconnected
[2026-02-12 23:24:51.467 DBG] OBS :: Disconnected from OBS (127.0.0.1:4455)
[2026-02-12 23:24:52.047 DBG] AutoSave :: Auto saving settings...
[2026-02-12 23:24:52.062 DBG] Users :: Time to save 14.4967ms
[2026-02-12 23:24:52.080 DBG] Actions :: Time to save 17.5126ms
[2026-02-12 23:24:52.097 DBG] Commands :: Time to save 17.1289ms
[2026-02-12 23:24:52.109 DBG] Twitch Rewards :: Time to save 12.4493ms
[2026-02-12 23:24:52.123 DBG] Midi :: Time to save 14.5459ms
[2026-02-12 23:24:52.138 DBG] OBS Settings :: Time to save 14.4378ms
[2026-02-12 23:24:52.152 DBG] MeldStudio Settings :: Time to save 13.7493ms
[2026-02-12 23:24:52.165 DBG] Credits :: Time to save 12.7164ms
[2026-02-12 23:24:52.178 DBG] Quotes :: Time to save 13.047ms
[2026-02-12 23:24:52.265 DBG] Config :: Time to save 13.9895ms
[2026-02-12 23:24:56.194 DBG] ViewerRepo :: UpdatePresence(twitch, 5), 0.0311ms
[2026-02-12 23:24:56.292 DBG] TwitchService :: Presence Timer :: Artificially updated presence with a threshold of 5 minutes (98.2214ms)
[2026-02-12 23:25:21.469 DBG] OBS :: Retrying obs connection to OBS (127.0.0.1:4455)
[2026-02-12 23:25:21.469 DBG] OBS :: Opening websocket connection to OBS (127.0.0.1:4455)
[2026-02-12 23:25:21.469 DBG] OBS-Websocket5 :: Opening connection (ws://127.0.0.1:4455/api/websocket)
[2026-02-12 23:25:23.519 DBG] OBS-Websocket5 :: Disconnected
[2026-02-12 23:25:23.519 DBG] OBS :: Disconnected from OBS (127.0.0.1:4455)
[2026-02-12 23:25:53.530 DBG] OBS :: Retrying obs connection to OBS (127.0.0.1:4455)
[2026-02-12 23:25:53.530 DBG] OBS :: Opening websocket connection to OBS (127.0.0.1:4455)
[2026-02-12 23:25:53.530 DBG] OBS-Websocket5 :: Opening connection (ws://127.0.0.1:4455/api/websocket)
[2026-02-12 23:25:55.574 DBG] OBS-Websocket5 :: Disconnected
[2026-02-12 23:25:55.574 DBG] OBS :: Disconnected from OBS (127.0.0.1:4455)
[2026-02-12 23:25:56.198 DBG] ViewerRepo :: UpdatePresence(twitch, 5), 0.0301ms
[2026-02-12 23:25:56.285 DBG] TwitchService :: Presence Timer :: Artificially updated presence with a threshold of 5 minutes (88.6421ms)
[2026-02-12 23:26:25.582 DBG] OBS :: Retrying obs connection to OBS (127.0.0.1:4455)
[2026-02-12 23:26:25.582 DBG] OBS :: Opening websocket connection to OBS (127.0.0.1:4455)
[2026-02-12 23:26:25.582 DBG] OBS-Websocket5 :: Opening connection (ws://127.0.0.1:4455/api/websocket)
[2026-02-12 23:26:27.627 DBG] OBS-Websocket5 :: Disconnected
[2026-02-12 23:26:27.627 DBG] OBS :: Disconnected from OBS (127.0.0.1:4455)
[2026-02-12 23:26:56.220 DBG] ViewerRepo :: UpdatePresence(twitch, 5), 0.0312ms
[2026-02-12 23:26:56.310 DBG] TwitchService :: Presence Timer :: Artificially updated presence with a threshold of 5 minutes (89.1647ms)
[2026-02-12 23:26:57.639 DBG] OBS :: Retrying obs connection to OBS (127.0.0.1:4455)
[2026-02-12 23:26:57.639 DBG] OBS :: Opening websocket connection to OBS (127.0.0.1:4455)
[2026-02-12 23:26:57.639 DBG] OBS-Websocket5 :: Opening connection (ws://127.0.0.1:4455/api/websocket)
[2026-02-12 23:26:59.683 DBG] OBS-Websocket5 :: Disconnected
[2026-02-12 23:26:59.683 DBG] OBS :: Disconnected from OBS (127.0.0.1:4455)
[2026-02-12 23:27:29.685 DBG] OBS :: Retrying obs connection to OBS (127.0.0.1:4455)
[2026-02-12 23:27:29.685 DBG] OBS :: Opening websocket connection to OBS (127.0.0.1:4455)
[2026-02-12 23:27:29.685 DBG] OBS-Websocket5 :: Opening connection (ws://127.0.0.1:4455/api/websocket)
[2026-02-12 23:27:31.728 DBG] OBS-Websocket5 :: Disconnected
[2026-02-12 23:27:31.728 DBG] OBS :: Disconnected from OBS (127.0.0.1:4455)
[2026-02-12 23:27:56.233 DBG] ViewerRepo :: UpdatePresence(twitch, 5), 0.0298ms
[2026-02-12 23:27:56.329 DBG] TwitchService :: Presence Timer :: Artificially updated presence with a threshold of 5 minutes (96.8366ms)
[2026-02-12 23:28:01.736 DBG] OBS :: Retrying obs connection to OBS (127.0.0.1:4455)
[2026-02-12 23:28:01.736 DBG] OBS :: Opening websocket connection to OBS (127.0.0.1:4455)
[2026-02-12 23:28:01.736 DBG] OBS-Websocket5 :: Opening connection (ws://127.0.0.1:4455/api/websocket)
[2026-02-12 23:28:03.797 DBG] OBS-Websocket5 :: Disconnected
[2026-02-12 23:28:03.797 DBG] OBS :: Disconnected from OBS (127.0.0.1:4455)
[2026-02-12 23:28:33.800 DBG] OBS :: Retrying obs connection to OBS (127.0.0.1:4455)
[2026-02-12 23:28:33.800 DBG] OBS :: Opening websocket connection to OBS (127.0.0.1:4455)
[2026-02-12 23:28:33.800 DBG] OBS-Websocket5 :: Opening connection (ws://127.0.0.1:4455/api/websocket)
[2026-02-12 23:28:35.858 DBG] OBS-Websocket5 :: Disconnected
[2026-02-12 23:28:35.858 DBG] OBS :: Disconnected from OBS (127.0.0.1:4455)
[2026-02-12 23:28:56.242 DBG] ViewerRepo :: UpdatePresence(twitch, 5), 0.0296ms
[2026-02-12 23:28:56.335 DBG] TwitchService :: Presence Timer :: Artificially updated presence with a threshold of 5 minutes (92.808ms)
[2026-02-12 23:29:05.865 DBG] OBS :: Retrying obs connection to OBS (127.0.0.1:4455)
[2026-02-12 23:29:05.865 DBG] OBS :: Opening websocket connection to OBS (127.0.0.1:4455)
[2026-02-12 23:29:05.865 DBG] OBS-Websocket5 :: Opening connection (ws://127.0.0.1:4455/api/websocket)
[2026-02-12 23:29:07.898 DBG] OBS-Websocket5 :: Disconnected
[2026-02-12 23:29:07.898 DBG] OBS :: Disconnected from OBS (127.0.0.1:4455)
[2026-02-12 23:29:37.902 DBG] OBS :: Retrying obs connection to OBS (127.0.0.1:4455)
[2026-02-12 23:29:37.902 DBG] OBS :: Opening websocket connection to OBS (127.0.0.1:4455)
[2026-02-12 23:29:37.902 DBG] OBS-Websocket5 :: Opening connection (ws://127.0.0.1:4455/api/websocket)
[2026-02-12 23:29:39.960 DBG] OBS-Websocket5 :: Disconnected
[2026-02-12 23:29:39.960 DBG] OBS :: Disconnected from OBS (127.0.0.1:4455)
[2026-02-12 23:29:46.788 DBG] ActionDispatcher :: Queueing 'Sub Goal' (361aa588-5f31-4e19-b8a5-099cae52479d, TimedAction) to 'Default' (00000000-0000-0000-0000-000000000000), with 11 arguments
[2026-02-12 23:29:46.788 DBG] ActionQueue :: 'Default' (00000000-0000-0000-0000-000000000000) :: Enqueue action 361aa588-5f31-4e19-b8a5-099cae52479d
[2026-02-12 23:29:46.788 DBG] ActionQueue :: 'Default' (00000000-0000-0000-0000-000000000000) :: Handling queue
[2026-02-12 23:29:46.788 DBG] ActionQueue :: 'Default' (00000000-0000-0000-0000-000000000000) :: Performing non-blocking 'Sub Goal' (361aa588-5f31-4e19-b8a5-099cae52479d, ecea99a9-ff42-49e8-b937-c7efcd8395c3)
[2026-02-12 23:29:48.362 DBG] Credits :: Time to save 13.9449ms
[2026-02-12 23:29:52.223 DBG] AutoSave :: Auto saving settings...
[2026-02-12 23:29:52.238 DBG] Users :: Time to save 15.2305ms
[2026-02-12 23:29:52.255 DBG] Actions :: Time to save 17.5527ms
[2026-02-12 23:29:52.268 DBG] Commands :: Time to save 12.3296ms
[2026-02-12 23:29:52.280 DBG] Twitch Rewards :: Time to save 12.2126ms
[2026-02-12 23:29:52.292 DBG] Midi :: Time to save 11.5628ms
[2026-02-12 23:29:52.304 DBG] OBS Settings :: Time to save 11.7677ms
[2026-02-12 23:29:52.315 DBG] MeldStudio Settings :: Time to save 11.1772ms
[2026-02-12 23:29:52.325 DBG] Credits :: Time to save 10.503ms
[2026-02-12 23:29:52.338 DBG] Quotes :: Time to save 13.0232ms
[2026-02-12 23:29:52.450 DBG] Config :: Time to save 16.2626ms
[2026-02-12 23:29:56.258 DBG] ViewerRepo :: UpdatePresence(twitch, 5), 0.0328ms
[2026-02-12 23:29:56.348 DBG] TwitchService :: Presence Timer :: Artificially updated presence with a threshold of 5 minutes (90.5738ms)
[2026-02-12 23:30:09.964 DBG] OBS :: Retrying obs connection to OBS (127.0.0.1:4455)
[2026-02-12 23:30:09.964 DBG] OBS :: Opening websocket connection to OBS (127.0.0.1:4455)
[2026-02-12 23:30:09.964 DBG] OBS-Websocket5 :: Opening connection (ws://127.0.0.1:4455/api/websocket)
[2026-02-12 23:30:12.023 DBG] OBS-Websocket5 :: Disconnected
[2026-02-12 23:30:12.023 DBG] OBS :: Disconnected from OBS (127.0.0.1:4455)
[2026-02-12 23:30:42.027 DBG] OBS :: Retrying obs connection to OBS (127.0.0.1:4455)
[2026-02-12 23:30:42.027 DBG] OBS :: Opening websocket connection to OBS (127.0.0.1:4455)
[2026-02-12 23:30:42.027 DBG] OBS-Websocket5 :: Opening connection (ws://127.0.0.1:4455/api/websocket)
[2026-02-12 23:30:44.082 DBG] OBS-Websocket5 :: Disconnected
[2026-02-12 23:30:44.082 DBG] OBS :: Disconnected from OBS (127.0.0.1:4455)
[2026-02-12 23:30:56.264 DBG] ViewerRepo :: UpdatePresence(twitch, 5), 0.0312ms
[2026-02-12 23:30:56.356 DBG] TwitchService :: Presence Timer :: Artificially updated presence with a threshold of 5 minutes (92.4736ms)
[2026-02-12 23:31:14.084 DBG] OBS :: Retrying obs connection to OBS (127.0.0.1:4455)
[2026-02-12 23:31:14.084 DBG] OBS :: Opening websocket connection to OBS (127.0.0.1:4455)
[2026-02-12 23:31:14.084 DBG] OBS-Websocket5 :: Opening connection (ws://127.0.0.1:4455/api/websocket)
[2026-02-12 23:31:16.145 DBG] OBS-Websocket5 :: Disconnected
[2026-02-12 23:31:16.145 DBG] OBS :: Disconnected from OBS (127.0.0.1:4455)
[2026-02-12 23:31:46.152 DBG] OBS :: Retrying obs connection to OBS (127.0.0.1:4455)
[2026-02-12 23:31:46.152 DBG] OBS :: Opening websocket connection to OBS (127.0.0.1:4455)
[2026-02-12 23:31:46.152 DBG] OBS-Websocket5 :: Opening connection (ws://127.0.0.1:4455/api/websocket)
[2026-02-12 23:31:48.184 DBG] OBS-Websocket5 :: Disconnected
[2026-02-12 23:31:48.184 DBG] OBS :: Disconnected from OBS (127.0.0.1:4455)
[2026-02-12 23:31:56.280 DBG] ViewerRepo :: UpdatePresence(twitch, 5), 0.0483ms
[2026-02-12 23:31:56.370 DBG] TwitchService :: Presence Timer :: Artificially updated presence with a threshold of 5 minutes (90.8467ms)
[2026-02-12 23:31:59.345 DBG] ActionDispatcher :: Queueing 'OpenCatchupGUI' (4b9c38cb-6e34-4424-b495-708569065139, Test) to 'Default' (00000000-0000-0000-0000-000000000000), with 9 arguments
[2026-02-12 23:31:59.345 DBG] ActionQueue :: 'Default' (00000000-0000-0000-0000-000000000000) :: Enqueue action 4b9c38cb-6e34-4424-b495-708569065139
[2026-02-12 23:31:59.345 DBG] ActionQueue :: 'Default' (00000000-0000-0000-0000-000000000000) :: Handling queue
[2026-02-12 23:31:59.345 DBG] ActionQueue :: 'Default' (00000000-0000-0000-0000-000000000000) :: Performing non-blocking 'OpenCatchupGUI' (4b9c38cb-6e34-4424-b495-708569065139, 883fd5a1-d36b-4292-a166-e04dfefcca25)
[2026-02-12 23:31:59.350 DBG] InlineCode :: Creating and compiling instance for ''
[2026-02-12 23:31:59.447 DBG] InlineCode :: Running default entry point from instance '3c0daf26-f372-43c5-ae00-bd92ce69048d'
[2026-02-12 23:32:18.199 DBG] OBS :: Retrying obs connection to OBS (127.0.0.1:4455)
[2026-02-12 23:32:18.199 DBG] OBS :: Opening websocket connection to OBS (127.0.0.1:4455)
[2026-02-12 23:32:18.199 DBG] OBS-Websocket5 :: Opening connection (ws://127.0.0.1:4455/api/websocket)
[2026-02-12 23:32:20.225 DBG] OBS-Websocket5 :: Disconnected
[2026-02-12 23:32:20.225 DBG] OBS :: Disconnected from OBS (127.0.0.1:4455)
[2026-02-12 23:32:30.545 DBG] ActionDispatcher :: Queueing 'StoreEvent' (93109664-9d73-4243-bc30-9de4ad0d2894, TwitchSub) to 'Default' (00000000-0000-0000-0000-000000000000), initiated by volanradooga with 34 arguments
[2026-02-12 23:32:30.545 DBG] ActionQueue :: 'Default' (00000000-0000-0000-0000-000000000000) :: Enqueue action 93109664-9d73-4243-bc30-9de4ad0d2894
[2026-02-12 23:32:30.545 DBG] ActionQueue :: 'Default' (00000000-0000-0000-0000-000000000000) :: Handling queue
[2026-02-12 23:32:30.545 DBG] ActionQueue :: 'Default' (00000000-0000-0000-0000-000000000000) :: Performing non-blocking 'StoreEvent' (93109664-9d73-4243-bc30-9de4ad0d2894, 6d10759a-260b-4bc9-ba20-8c0f3848fe2d), initiated by volanradooga with 35 arguments
[2026-02-12 23:32:30.545 DBG] InlineCode :: Creating and compiling instance for ''
[2026-02-12 23:32:30.616 DBG] InlineCode :: Running default entry point from instance 'a63a3c53-117f-4421-817c-78600788465f'
[2026-02-12 23:32:36.308 DBG] ActionDispatcher :: Queueing 'OpenCatchupGUI' (4b9c38cb-6e34-4424-b495-708569065139, Test) to 'Default' (00000000-0000-0000-0000-000000000000), with 9 arguments
[2026-02-12 23:32:36.308 DBG] ActionQueue :: 'Default' (00000000-0000-0000-0000-000000000000) :: Enqueue action 4b9c38cb-6e34-4424-b495-708569065139
[2026-02-12 23:32:36.308 DBG] ActionQueue :: 'Default' (00000000-0000-0000-0000-000000000000) :: Handling queue
[2026-02-12 23:32:36.308 DBG] ActionQueue :: 'Default' (00000000-0000-0000-0000-000000000000) :: Performing non-blocking 'OpenCatchupGUI' (4b9c38cb-6e34-4424-b495-708569065139, fb031402-d6cd-484d-8eb6-a2af137b9290)
[2026-02-12 23:32:36.308 DBG] InlineCode :: Running default entry point from instance '3c0daf26-f372-43c5-ae00-bd92ce69048d'
[2026-02-12 23:32:50.233 DBG] OBS :: Retrying obs connection to OBS (127.0.0.1:4455)
[2026-02-12 23:32:50.233 DBG] OBS :: Opening websocket connection to OBS (127.0.0.1:4455)
[2026-02-12 23:32:50.233 DBG] OBS-Websocket5 :: Opening connection (ws://127.0.0.1:4455/api/websocket)
[2026-02-12 23:32:52.275 DBG] OBS-Websocket5 :: Disconnected
[2026-02-12 23:32:52.275 DBG] OBS :: Disconnected from OBS (127.0.0.1:4455)
[2026-02-12 23:32:56.287 DBG] ViewerRepo :: UpdatePresence(twitch, 5), 0.0289ms
[2026-02-12 23:32:56.386 DBG] TwitchService :: Presence Timer :: Artificially updated presence with a threshold of 5 minutes (100.424ms)
[2026-02-12 23:33:22.289 DBG] OBS :: Retrying obs connection to OBS (127.0.0.1:4455)
[2026-02-12 23:33:22.289 DBG] OBS :: Opening websocket connection to OBS (127.0.0.1:4455)
[2026-02-12 23:33:22.289 DBG] OBS-Websocket5 :: Opening connection (ws://127.0.0.1:4455/api/websocket)
[2026-02-12 23:33:24.318 DBG] OBS-Websocket5 :: Disconnected
[2026-02-12 23:33:24.318 DBG] OBS :: Disconnected from OBS (127.0.0.1:4455)
[2026-02-12 23:33:54.333 DBG] OBS :: Retrying obs connection to OBS (127.0.0.1:4455)
[2026-02-12 23:33:54.333 DBG] OBS :: Opening websocket connection to OBS (127.0.0.1:4455)
[2026-02-12 23:33:54.333 DBG] OBS-Websocket5 :: Opening connection (ws://127.0.0.1:4455/api/websocket)
[2026-02-12 23:33:56.302 DBG] ViewerRepo :: UpdatePresence(twitch, 5), 0.0319ms
[2026-02-12 23:33:56.365 DBG] OBS-Websocket5 :: Disconnected
[2026-02-12 23:33:56.365 DBG] OBS :: Disconnected from OBS (127.0.0.1:4455)
[2026-02-12 23:33:56.397 DBG] TwitchService :: Presence Timer :: Artificially updated presence with a threshold of 5 minutes (95.6712ms)
[2026-02-12 23:34:26.392 DBG] OBS :: Retrying obs connection to OBS (127.0.0.1:4455)
[2026-02-12 23:34:26.392 DBG] OBS :: Opening websocket connection to OBS (127.0.0.1:4455)
[2026-02-12 23:34:26.392 DBG] OBS-Websocket5 :: Opening connection (ws://127.0.0.1:4455/api/websocket)
[2026-02-12 23:34:28.449 DBG] OBS-Websocket5 :: Disconnected
[2026-02-12 23:34:28.449 DBG] OBS :: Disconnected from OBS (127.0.0.1:4455)
[2026-02-12 23:34:48.361 DBG] Credits :: Time to save 11.2505ms
[2026-02-12 23:34:52.441 DBG] AutoSave :: Auto saving settings...
[2026-02-12 23:34:52.455 DBG] Users :: Time to save 14.5732ms
[2026-02-12 23:34:52.472 DBG] Actions :: Time to save 16.8371ms
[2026-02-12 23:34:52.485 DBG] Commands :: Time to save 12.3382ms
[2026-02-12 23:34:52.496 DBG] Twitch Rewards :: Time to save 11.7231ms
[2026-02-12 23:34:52.506 DBG] Midi :: Time to save 10.0511ms
[2026-02-12 23:34:52.516 DBG] OBS Settings :: Time to save 10.2384ms
[2026-02-12 23:34:52.528 DBG] MeldStudio Settings :: Time to save 11.3692ms
[2026-02-12 23:34:52.538 DBG] Credits :: Time to save 9.9775ms
[2026-02-12 23:34:52.549 DBG] Quotes :: Time to save 10.949ms
[2026-02-12 23:34:52.656 DBG] Config :: Time to save 14.1878ms
[2026-02-12 23:34:56.309 DBG] ViewerRepo :: UpdatePresence(twitch, 5), 0.0313ms
[2026-02-12 23:34:56.402 DBG] TwitchService :: Presence Timer :: Artificially updated presence with a threshold of 5 minutes (92.6454ms)
[2026-02-12 23:34:58.464 DBG] OBS :: Retrying obs connection to OBS (127.0.0.1:4455)
[2026-02-12 23:34:58.464 DBG] OBS :: Opening websocket connection to OBS (127.0.0.1:4455)
[2026-02-12 23:34:58.464 DBG] OBS-Websocket5 :: Opening connection (ws://127.0.0.1:4455/api/websocket)
[2026-02-12 23:35:00.505 DBG] OBS-Websocket5 :: Disconnected
[2026-02-12 23:35:00.505 DBG] OBS :: Disconnected from OBS (127.0.0.1:4455)
[2026-02-12 23:35:30.515 DBG] OBS :: Retrying obs connection to OBS (127.0.0.1:4455)
[2026-02-12 23:35:30.515 DBG] OBS :: Opening websocket connection to OBS (127.0.0.1:4455)
[2026-02-12 23:35:30.515 DBG] OBS-Websocket5 :: Opening connection (ws://127.0.0.1:4455/api/websocket)
[2026-02-12 23:35:32.557 DBG] OBS-Websocket5 :: Disconnected
[2026-02-12 23:35:32.557 DBG] OBS :: Disconnected from OBS (127.0.0.1:4455)
[2026-02-12 23:35:56.310 DBG] ViewerRepo :: UpdatePresence(twitch, 5), 0.0297ms
[2026-02-12 23:35:56.405 DBG] TwitchService :: Presence Timer :: Artificially updated presence with a threshold of 5 minutes (95.3376ms)
[2026-02-12 23:36:02.568 DBG] OBS :: Retrying obs connection to OBS (127.0.0.1:4455)
[2026-02-12 23:36:02.568 DBG] OBS :: Opening websocket connection to OBS (127.0.0.1:4455)
[2026-02-12 23:36:02.568 DBG] OBS-Websocket5 :: Opening connection (ws://127.0.0.1:4455/api/websocket)
[2026-02-12 23:36:04.598 DBG] OBS-Websocket5 :: Disconnected
[2026-02-12 23:36:04.598 DBG] OBS :: Disconnected from OBS (127.0.0.1:4455)
[2026-02-12 23:36:34.613 DBG] OBS :: Retrying obs connection to OBS (127.0.0.1:4455)
[2026-02-12 23:36:34.613 DBG] OBS :: Opening websocket connection to OBS (127.0.0.1:4455)
[2026-02-12 23:36:34.613 DBG] OBS-Websocket5 :: Opening connection (ws://127.0.0.1:4455/api/websocket)
[2026-02-12 23:36:36.670 DBG] OBS-Websocket5 :: Disconnected
[2026-02-12 23:36:36.670 DBG] OBS :: Disconnected from OBS (127.0.0.1:4455)
[2026-02-12 23:36:56.323 DBG] ViewerRepo :: UpdatePresence(twitch, 5), 0.0306ms
[2026-02-12 23:36:56.418 DBG] TwitchService :: Presence Timer :: Artificially updated presence with a threshold of 5 minutes (94.5664ms)
[2026-02-12 23:37:06.670 DBG] OBS :: Retrying obs connection to OBS (127.0.0.1:4455)
[2026-02-12 23:37:06.670 DBG] OBS :: Opening websocket connection to OBS (127.0.0.1:4455)
[2026-02-12 23:37:06.670 DBG] OBS-Websocket5 :: Opening connection (ws://127.0.0.1:4455/api/websocket)
[2026-02-12 23:37:08.689 DBG] OBS-Websocket5 :: Disconnected
[2026-02-12 23:37:08.689 DBG] OBS :: Disconnected from OBS (127.0.0.1:4455)
[2026-02-12 23:37:38.695 DBG] OBS :: Retrying obs connection to OBS (127.0.0.1:4455)
[2026-02-12 23:37:38.695 DBG] OBS :: Opening websocket connection to OBS (127.0.0.1:4455)
[2026-02-12 23:37:38.695 DBG] OBS-Websocket5 :: Opening connection (ws://127.0.0.1:4455/api/websocket)
[2026-02-12 23:37:40.753 DBG] OBS-Websocket5 :: Disconnected
[2026-02-12 23:37:40.753 DBG] OBS :: Disconnected from OBS (127.0.0.1:4455)
[2026-02-12 23:37:56.330 DBG] ViewerRepo :: UpdatePresence(twitch, 5), 0.0724ms
[2026-02-12 23:37:56.424 DBG] TwitchService :: Presence Timer :: Artificially updated presence with a threshold of 5 minutes (94.0957ms)
[2026-02-12 23:38:10.763 DBG] OBS :: Retrying obs connection to OBS (127.0.0.1:4455)
[2026-02-12 23:38:10.763 DBG] OBS :: Opening websocket connection to OBS (127.0.0.1:4455)
[2026-02-12 23:38:10.763 DBG] OBS-Websocket5 :: Opening connection (ws://127.0.0.1:4455/api/websocket)
[2026-02-12 23:38:12.823 DBG] OBS-Websocket5 :: Disconnected
[2026-02-12 23:38:12.823 DBG] OBS :: Disconnected from OBS (127.0.0.1:4455)
[2026-02-12 23:38:16.595 DBG] ActionDispatcher :: Queueing 'OpenCatchupGUI' (4b9c38cb-6e34-4424-b495-708569065139, Test) to 'Default' (00000000-0000-0000-0000-000000000000), with 9 arguments
[2026-02-12 23:38:16.595 DBG] ActionQueue :: 'Default' (00000000-0000-0000-0000-000000000000) :: Enqueue action 4b9c38cb-6e34-4424-b495-708569065139
[2026-02-12 23:38:16.595 DBG] ActionQueue :: 'Default' (00000000-0000-0000-0000-000000000000) :: Handling queue
[2026-02-12 23:38:16.595 DBG] ActionQueue :: 'Default' (00000000-0000-0000-0000-000000000000) :: Performing non-blocking 'OpenCatchupGUI' (4b9c38cb-6e34-4424-b495-708569065139, 39241a7c-7571-4e86-906c-cb298ce1a740)
[2026-02-12 23:38:16.595 DBG] InlineCode :: Running default entry point from instance '3c0daf26-f372-43c5-ae00-bd92ce69048d'
[2026-02-12 23:38:22.225 DBG] ActionDispatcher :: Queueing 'StoreEvent' (93109664-9d73-4243-bc30-9de4ad0d2894, TwitchSub) to 'Default' (00000000-0000-0000-0000-000000000000), initiated by delayedspit with 33 arguments
[2026-02-12 23:38:22.225 DBG] ActionQueue :: 'Default' (00000000-0000-0000-0000-000000000000) :: Enqueue action 93109664-9d73-4243-bc30-9de4ad0d2894
[2026-02-12 23:38:22.225 DBG] ActionQueue :: 'Default' (00000000-0000-0000-0000-000000000000) :: Handling queue
[2026-02-12 23:38:22.225 DBG] ActionQueue :: 'Default' (00000000-0000-0000-0000-000000000000) :: Performing non-blocking 'StoreEvent' (93109664-9d73-4243-bc30-9de4ad0d2894, 6de7d306-75cf-4528-96f5-82fe23735a44), initiated by delayedspit with 34 arguments
[2026-02-12 23:38:22.225 DBG] InlineCode :: Running default entry point from instance 'a63a3c53-117f-4421-817c-78600788465f'
[2026-02-12 23:38:26.103 DBG] ActionDispatcher :: Queueing 'StoreEvent' (93109664-9d73-4243-bc30-9de4ad0d2894, TwitchGiftBomb) to 'Default' (00000000-0000-0000-0000-000000000000), initiated by awes0men81 with 28 arguments
[2026-02-12 23:38:26.103 DBG] ActionQueue :: 'Default' (00000000-0000-0000-0000-000000000000) :: Enqueue action 93109664-9d73-4243-bc30-9de4ad0d2894
[2026-02-12 23:38:26.103 DBG] ActionQueue :: 'Default' (00000000-0000-0000-0000-000000000000) :: Handling queue
[2026-02-12 23:38:26.103 DBG] ActionQueue :: 'Default' (00000000-0000-0000-0000-000000000000) :: Performing non-blocking 'StoreEvent' (93109664-9d73-4243-bc30-9de4ad0d2894, bb0b6969-7d4b-4621-bf8e-b2e34a3f9650), initiated by awes0men81 with 29 arguments
[2026-02-12 23:38:26.103 DBG] InlineCode :: Running default entry point from instance 'a63a3c53-117f-4421-817c-78600788465f'
[2026-02-12 23:38:28.913 DBG] ActionDispatcher :: Queueing 'OpenCatchupGUI' (4b9c38cb-6e34-4424-b495-708569065139, Test) to 'Default' (00000000-0000-0000-0000-000000000000), with 9 arguments
[2026-02-12 23:38:28.913 DBG] ActionQueue :: 'Default' (00000000-0000-0000-0000-000000000000) :: Enqueue action 4b9c38cb-6e34-4424-b495-708569065139
[2026-02-12 23:38:28.913 DBG] ActionQueue :: 'Default' (00000000-0000-0000-0000-000000000000) :: Handling queue
[2026-02-12 23:38:28.913 DBG] ActionQueue :: 'Default' (00000000-0000-0000-0000-000000000000) :: Performing non-blocking 'OpenCatchupGUI' (4b9c38cb-6e34-4424-b495-708569065139, 1d8cd355-c662-4c5f-8125-a3a4bb3db9f2)
[2026-02-12 23:38:28.913 DBG] InlineCode :: Running default entry point from instance '3c0daf26-f372-43c5-ae00-bd92ce69048d'
[2026-02-12 23:38:42.836 DBG] OBS :: Retrying obs connection to OBS (127.0.0.1:4455)
[2026-02-12 23:38:42.836 DBG] OBS :: Opening websocket connection to OBS (127.0.0.1:4455)
[2026-02-12 23:38:42.836 DBG] OBS-Websocket5 :: Opening connection (ws://127.0.0.1:4455/api/websocket)
[2026-02-12 23:38:44.879 DBG] OBS-Websocket5 :: Disconnected
[2026-02-12 23:38:44.879 DBG] OBS :: Disconnected from OBS (127.0.0.1:4455)
[2026-02-12 23:38:56.341 DBG] ViewerRepo :: UpdatePresence(twitch, 5), 0.0323ms
[2026-02-12 23:38:56.444 DBG] TwitchService :: Presence Timer :: Artificially updated presence with a threshold of 5 minutes (103.6192ms)
[2026-02-12 23:39:14.889 DBG] OBS :: Retrying obs connection to OBS (127.0.0.1:4455)
[2026-02-12 23:39:14.889 DBG] OBS :: Opening websocket connection to OBS (127.0.0.1:4455)
[2026-02-12 23:39:14.889 DBG] OBS-Websocket5 :: Opening connection (ws://127.0.0.1:4455/api/websocket)
[2026-02-12 23:39:16.933 DBG] OBS-Websocket5 :: Disconnected
[2026-02-12 23:39:16.933 DBG] OBS :: Disconnected from OBS (127.0.0.1:4455)
[2026-02-12 23:39:46.940 DBG] OBS :: Retrying obs connection to OBS (127.0.0.1:4455)
[2026-02-12 23:39:46.940 DBG] OBS :: Opening websocket connection to OBS (127.0.0.1:4455)
[2026-02-12 23:39:46.940 DBG] OBS-Websocket5 :: Opening connection (ws://127.0.0.1:4455/api/websocket)
[2026-02-12 23:39:47.346 DBG] ActionDispatcher :: Queueing 'Sub Goal' (361aa588-5f31-4e19-b8a5-099cae52479d, TimedAction) to 'Default' (00000000-0000-0000-0000-000000000000), with 11 arguments
[2026-02-12 23:39:47.346 DBG] ActionQueue :: 'Default' (00000000-0000-0000-0000-000000000000) :: Enqueue action 361aa588-5f31-4e19-b8a5-099cae52479d
[2026-02-12 23:39:47.346 DBG] ActionQueue :: 'Default' (00000000-0000-0000-0000-000000000000) :: Handling queue
[2026-02-12 23:39:47.346 DBG] ActionQueue :: 'Default' (00000000-0000-0000-0000-000000000000) :: Performing non-blocking 'Sub Goal' (361aa588-5f31-4e19-b8a5-099cae52479d, 9da9928a-078b-4cc4-ba70-235013f2b606)
[2026-02-12 23:39:48.379 DBG] Credits :: Time to save 19.9937ms
[2026-02-12 23:39:48.998 DBG] OBS-Websocket5 :: Disconnected
[2026-02-12 23:39:48.998 DBG] OBS :: Disconnected from OBS (127.0.0.1:4455)
[2026-02-12 23:39:52.633 DBG] AutoSave :: Auto saving settings...
[2026-02-12 23:39:52.654 DBG] Users :: Time to save 20.5185ms
[2026-02-12 23:39:52.674 DBG] Actions :: Time to save 20.841ms
[2026-02-12 23:39:52.689 DBG] Commands :: Time to save 14.8301ms
[2026-02-12 23:39:52.704 DBG] Twitch Rewards :: Time to save 14.8784ms
[2026-02-12 23:39:52.722 DBG] Midi :: Time to save 17.5737ms
[2026-02-12 23:39:52.736 DBG] OBS Settings :: Time to save 14.1734ms
[2026-02-12 23:39:52.754 DBG] MeldStudio Settings :: Time to save 17.6256ms
[2026-02-12 23:39:52.770 DBG] Credits :: Time to save 16.878ms
[2026-02-12 23:39:52.789 DBG] Quotes :: Time to save 19.101ms
[2026-02-12 23:39:52.856 DBG] Config :: Time to save 20.0499ms
[2026-02-12 23:39:56.348 DBG] ViewerRepo :: UpdatePresence(twitch, 5), 0.0295ms
[2026-02-12 23:39:56.439 DBG] TwitchService :: Presence Timer :: Artificially updated presence with a threshold of 5 minutes (91.1681ms)
[2026-02-12 23:40:19.013 DBG] OBS :: Retrying obs connection to OBS (127.0.0.1:4455)
[2026-02-12 23:40:19.013 DBG] OBS :: Opening websocket connection to OBS (127.0.0.1:4455)
[2026-02-12 23:40:19.013 DBG] OBS-Websocket5 :: Opening connection (ws://127.0.0.1:4455/api/websocket)
[2026-02-12 23:40:21.069 DBG] OBS-Websocket5 :: Disconnected
[2026-02-12 23:40:21.069 DBG] OBS :: Disconnected from OBS (127.0.0.1:4455)
[2026-02-12 23:40:30.740 DBG] ActionDispatcher :: Queueing 'OpenCatchupGUI' (4b9c38cb-6e34-4424-b495-708569065139, Test) to 'Default' (00000000-0000-0000-0000-000000000000), with 9 arguments
[2026-02-12 23:40:30.740 DBG] ActionQueue :: 'Default' (00000000-0000-0000-0000-000000000000) :: Enqueue action 4b9c38cb-6e34-4424-b495-708569065139
[2026-02-12 23:40:30.742 DBG] ActionQueue :: 'Default' (00000000-0000-0000-0000-000000000000) :: Handling queue
[2026-02-12 23:40:30.742 DBG] ActionQueue :: 'Default' (00000000-0000-0000-0000-000000000000) :: Performing non-blocking 'OpenCatchupGUI' (4b9c38cb-6e34-4424-b495-708569065139, 3b2c226d-49cd-458c-b9f1-2ba28d318578)
[2026-02-12 23:40:30.742 DBG] InlineCode :: Code has been flagged as dirty for '', destroying instance
[2026-02-12 23:40:30.743 DBG] InlineCode :: Unloading 'r8a3e57426d2429a996149022d41f9a9'
[2026-02-12 23:40:30.774 DBG] InlineCode :: Creating and compiling instance for ''
[2026-02-12 23:40:30.890 DBG] InlineCode :: Running default entry point from instance '1f1791e6-7e76-4ac7-a3a1-4675f1254311'
[2026-02-12 23:40:44.839 DBG] ActionDispatcher :: Queueing 'StoreEvent' (93109664-9d73-4243-bc30-9de4ad0d2894, TwitchCheer) to 'Default' (00000000-0000-0000-0000-000000000000), initiated by amateurishpropagandist4 with 38 arguments
[2026-02-12 23:40:44.839 DBG] ActionQueue :: 'Default' (00000000-0000-0000-0000-000000000000) :: Enqueue action 93109664-9d73-4243-bc30-9de4ad0d2894
[2026-02-12 23:40:44.839 DBG] ActionQueue :: 'Default' (00000000-0000-0000-0000-000000000000) :: Handling queue
[2026-02-12 23:40:44.840 DBG] ActionQueue :: 'Default' (00000000-0000-0000-0000-000000000000) :: Performing non-blocking 'StoreEvent' (93109664-9d73-4243-bc30-9de4ad0d2894, e7b1e4d7-17e1-4b2f-9101-5c261e587b65), initiated by amateurishpropagandist4 with 39 arguments
[2026-02-12 23:40:44.840 DBG] InlineCode :: Running default entry point from instance 'a63a3c53-117f-4421-817c-78600788465f'
[2026-02-12 23:40:47.904 DBG] ActionDispatcher :: Queueing 'OpenCatchupGUI' (4b9c38cb-6e34-4424-b495-708569065139, Test) to 'Default' (00000000-0000-0000-0000-000000000000), with 9 arguments
[2026-02-12 23:40:47.904 DBG] ActionQueue :: 'Default' (00000000-0000-0000-0000-000000000000) :: Enqueue action 4b9c38cb-6e34-4424-b495-708569065139
[2026-02-12 23:40:47.904 DBG] ActionQueue :: 'Default' (00000000-0000-0000-0000-000000000000) :: Handling queue
[2026-02-12 23:40:47.904 DBG] ActionQueue :: 'Default' (00000000-0000-0000-0000-000000000000) :: Performing non-blocking 'OpenCatchupGUI' (4b9c38cb-6e34-4424-b495-708569065139, 802bb787-fdee-4be9-be43-bb660d29a20b)
[2026-02-12 23:40:47.904 DBG] InlineCode :: Running default entry point from instance '1f1791e6-7e76-4ac7-a3a1-4675f1254311'
[2026-02-12 23:40:51.081 DBG] OBS :: Retrying obs connection to OBS (127.0.0.1:4455)
[2026-02-12 23:40:51.081 DBG] OBS :: Opening websocket connection to OBS (127.0.0.1:4455)
[2026-02-12 23:40:51.081 DBG] OBS-Websocket5 :: Opening connection (ws://127.0.0.1:4455/api/websocket)
[2026-02-12 23:40:53.126 DBG] OBS-Websocket5 :: Disconnected
[2026-02-12 23:40:53.126 DBG] OBS :: Disconnected from OBS (127.0.0.1:4455)
[2026-02-12 23:40:56.356 DBG] ViewerRepo :: UpdatePresence(twitch, 5), 0.0325ms
[2026-02-12 23:40:56.449 DBG] TwitchService :: Presence Timer :: Artificially updated presence with a threshold of 5 minutes (93.313ms)
[2026-02-12 23:41:23.136 DBG] OBS :: Retrying obs connection to OBS (127.0.0.1:4455)
[2026-02-12 23:41:23.136 DBG] OBS :: Opening websocket connection to OBS (127.0.0.1:4455)
[2026-02-12 23:41:23.136 DBG] OBS-Websocket5 :: Opening connection (ws://127.0.0.1:4455/api/websocket)
[2026-02-12 23:41:25.163 DBG] OBS-Websocket5 :: Disconnected
[2026-02-12 23:41:25.163 DBG] OBS :: Disconnected from OBS (127.0.0.1:4455)
[2026-02-12 23:41:55.168 DBG] OBS :: Retrying obs connection to OBS (127.0.0.1:4455)
[2026-02-12 23:41:55.168 DBG] OBS :: Opening websocket connection to OBS (127.0.0.1:4455)
[2026-02-12 23:41:55.168 DBG] OBS-Websocket5 :: Opening connection (ws://127.0.0.1:4455/api/websocket)
[2026-02-12 23:41:56.369 DBG] ViewerRepo :: UpdatePresence(twitch, 5), 0.0327ms
[2026-02-12 23:41:56.463 DBG] TwitchService :: Presence Timer :: Artificially updated presence with a threshold of 5 minutes (94.8751ms)
[2026-02-12 23:41:57.212 DBG] OBS-Websocket5 :: Disconnected
[2026-02-12 23:41:57.212 DBG] OBS :: Disconnected from OBS (127.0.0.1:4455)
[2026-02-12 23:42:27.224 DBG] OBS :: Retrying obs connection to OBS (127.0.0.1:4455)
[2026-02-12 23:42:27.224 DBG] OBS :: Opening websocket connection to OBS (127.0.0.1:4455)
[2026-02-12 23:42:27.224 DBG] OBS-Websocket5 :: Opening connection (ws://127.0.0.1:4455/api/websocket)
[2026-02-12 23:42:29.269 DBG] OBS-Websocket5 :: Disconnected
[2026-02-12 23:42:29.269 DBG] OBS :: Disconnected from OBS (127.0.0.1:4455)
[2026-02-12 23:42:52.293 DBG] ActionDispatcher :: Queueing 'OpenCatchupGUI' (4b9c38cb-6e34-4424-b495-708569065139, Test) to 'Default' (00000000-0000-0000-0000-000000000000), with 9 arguments
[2026-02-12 23:42:52.293 DBG] ActionQueue :: 'Default' (00000000-0000-0000-0000-000000000000) :: Enqueue action 4b9c38cb-6e34-4424-b495-708569065139
[2026-02-12 23:42:52.293 DBG] ActionQueue :: 'Default' (00000000-0000-0000-0000-000000000000) :: Handling queue
[2026-02-12 23:42:52.293 DBG] ActionQueue :: 'Default' (00000000-0000-0000-0000-000000000000) :: Performing non-blocking 'OpenCatchupGUI' (4b9c38cb-6e34-4424-b495-708569065139, 87ec0a97-3f48-4eb4-9c69-c802cfe8ca9b)
[2026-02-12 23:42:52.293 DBG] InlineCode :: Code has been flagged as dirty for '', destroying instance
[2026-02-12 23:42:52.293 DBG] InlineCode :: Unloading 'l7d8a4d7475d4de9a1987bc96cd4365d'
[2026-02-12 23:42:52.323 DBG] InlineCode :: Creating and compiling instance for ''
[2026-02-12 23:42:52.424 DBG] InlineCode :: Running default entry point from instance 'e000dd3e-5758-41f9-926d-d6e508fa931d'
[2026-02-12 23:42:56.376 DBG] ViewerRepo :: UpdatePresence(twitch, 5), 0.0318ms
[2026-02-12 23:42:56.473 DBG] TwitchService :: Presence Timer :: Artificially updated presence with a threshold of 5 minutes (96.4977ms)
[2026-02-12 23:42:59.277 DBG] OBS :: Retrying obs connection to OBS (127.0.0.1:4455)
[2026-02-12 23:42:59.277 DBG] OBS :: Opening websocket connection to OBS (127.0.0.1:4455)
[2026-02-12 23:42:59.277 DBG] OBS-Websocket5 :: Opening connection (ws://127.0.0.1:4455/api/websocket)
[2026-02-12 23:43:01.337 DBG] OBS-Websocket5 :: Disconnected
[2026-02-12 23:43:01.337 DBG] OBS :: Disconnected from OBS (127.0.0.1:4455)
[2026-02-12 23:43:02.971 DBG] ActionDispatcher :: Queueing 'StoreEvent' (93109664-9d73-4243-bc30-9de4ad0d2894, TwitchSub) to 'Default' (00000000-0000-0000-0000-000000000000), initiated by aaerobullet with 33 arguments
[2026-02-12 23:43:02.971 DBG] ActionQueue :: 'Default' (00000000-0000-0000-0000-000000000000) :: Enqueue action 93109664-9d73-4243-bc30-9de4ad0d2894
[2026-02-12 23:43:02.971 DBG] ActionQueue :: 'Default' (00000000-0000-0000-0000-000000000000) :: Handling queue
[2026-02-12 23:43:02.973 DBG] ActionQueue :: 'Default' (00000000-0000-0000-0000-000000000000) :: Performing non-blocking 'StoreEvent' (93109664-9d73-4243-bc30-9de4ad0d2894, ee8e51d0-cf52-40dd-9367-ddeb4cdb2e9a), initiated by aaerobullet with 34 arguments
[2026-02-12 23:43:02.973 DBG] InlineCode :: Running default entry point from instance 'a63a3c53-117f-4421-817c-78600788465f'
[2026-02-12 23:43:04.580 DBG] ActionDispatcher :: Queueing 'StoreEvent' (93109664-9d73-4243-bc30-9de4ad0d2894, TwitchReSub) to 'Default' (00000000-0000-0000-0000-000000000000), initiated by awakenings0uls with 35 arguments
[2026-02-12 23:43:04.580 DBG] ActionQueue :: 'Default' (00000000-0000-0000-0000-000000000000) :: Enqueue action 93109664-9d73-4243-bc30-9de4ad0d2894
[2026-02-12 23:43:04.580 DBG] ActionQueue :: 'Default' (00000000-0000-0000-0000-000000000000) :: Handling queue
[2026-02-12 23:43:04.580 DBG] ActionQueue :: 'Default' (00000000-0000-0000-0000-000000000000) :: Performing non-blocking 'StoreEvent' (93109664-9d73-4243-bc30-9de4ad0d2894, 2a6277b9-e042-4c5a-b2d5-9e1dffe12537), initiated by awakenings0uls with 36 arguments
[2026-02-12 23:43:04.580 DBG] InlineCode :: Running default entry point from instance 'a63a3c53-117f-4421-817c-78600788465f'
[2026-02-12 23:43:06.920 DBG] ActionDispatcher :: Queueing 'StoreEvent' (93109664-9d73-4243-bc30-9de4ad0d2894, TwitchCheer) to 'Default' (00000000-0000-0000-0000-000000000000), initiated by sometimesitbelike with 38 arguments
[2026-02-12 23:43:06.920 DBG] ActionQueue :: 'Default' (00000000-0000-0000-0000-000000000000) :: Enqueue action 93109664-9d73-4243-bc30-9de4ad0d2894
[2026-02-12 23:43:06.920 DBG] ActionQueue :: 'Default' (00000000-0000-0000-0000-000000000000) :: Handling queue
[2026-02-12 23:43:06.920 DBG] ActionQueue :: 'Default' (00000000-0000-0000-0000-000000000000) :: Performing non-blocking 'StoreEvent' (93109664-9d73-4243-bc30-9de4ad0d2894, d9122e24-dbf9-40c4-9cc9-1fdb6b7082a4), initiated by sometimesitbelike with 39 arguments
[2026-02-12 23:43:06.920 DBG] InlineCode :: Running default entry point from instance 'a63a3c53-117f-4421-817c-78600788465f'
[2026-02-12 23:43:07.812 DBG] ActionDispatcher :: Queueing 'StoreEvent' (93109664-9d73-4243-bc30-9de4ad0d2894, TwitchCheer) to 'Default' (00000000-0000-0000-0000-000000000000), initiated by imapiece with 39 arguments
[2026-02-12 23:43:07.812 DBG] ActionQueue :: 'Default' (00000000-0000-0000-0000-000000000000) :: Enqueue action 93109664-9d73-4243-bc30-9de4ad0d2894
[2026-02-12 23:43:07.812 DBG] ActionQueue :: 'Default' (00000000-0000-0000-0000-000000000000) :: Handling queue
[2026-02-12 23:43:07.812 DBG] ActionQueue :: 'Default' (00000000-0000-0000-0000-000000000000) :: Performing non-blocking 'StoreEvent' (93109664-9d73-4243-bc30-9de4ad0d2894, f3996216-6ca6-4e37-9816-812850fc2d1c), initiated by imapiece with 40 arguments
[2026-02-12 23:43:07.812 DBG] InlineCode :: Running default entry point from instance 'a63a3c53-117f-4421-817c-78600788465f'
[2026-02-12 23:43:08.894 DBG] ActionDispatcher :: Queueing 'StoreEvent' (93109664-9d73-4243-bc30-9de4ad0d2894, TwitchSub) to 'Default' (00000000-0000-0000-0000-000000000000), initiated by not_keekz with 33 arguments
[2026-02-12 23:43:08.894 DBG] ActionQueue :: 'Default' (00000000-0000-0000-0000-000000000000) :: Enqueue action 93109664-9d73-4243-bc30-9de4ad0d2894
[2026-02-12 23:43:08.894 DBG] ActionQueue :: 'Default' (00000000-0000-0000-0000-000000000000) :: Handling queue
[2026-02-12 23:43:08.894 DBG] ActionQueue :: 'Default' (00000000-0000-0000-0000-000000000000) :: Performing non-blocking 'StoreEvent' (93109664-9d73-4243-bc30-9de4ad0d2894, aa36cedf-f6b2-446a-b783-f1165b14dd49), initiated by not_keekz with 34 arguments
[2026-02-12 23:43:08.894 DBG] InlineCode :: Running default entry point from instance 'a63a3c53-117f-4421-817c-78600788465f'
[2026-02-12 23:43:10.613 DBG] ActionDispatcher :: Queueing 'StoreEvent' (93109664-9d73-4243-bc30-9de4ad0d2894, TwitchCheer) to 'Default' (00000000-0000-0000-0000-000000000000), initiated by phantomguide980 with 38 arguments
[2026-02-12 23:43:10.613 DBG] ActionQueue :: 'Default' (00000000-0000-0000-0000-000000000000) :: Enqueue action 93109664-9d73-4243-bc30-9de4ad0d2894
[2026-02-12 23:43:10.613 DBG] ActionQueue :: 'Default' (00000000-0000-0000-0000-000000000000) :: Handling queue
[2026-02-12 23:43:10.613 DBG] ActionQueue :: 'Default' (00000000-0000-0000-0000-000000000000) :: Performing non-blocking 'StoreEvent' (93109664-9d73-4243-bc30-9de4ad0d2894, 9bc7fb4c-33cb-4d3d-b92e-dac5ac58b892), initiated by phantomguide980 with 39 arguments
[2026-02-12 23:43:10.613 DBG] InlineCode :: Running default entry point from instance 'a63a3c53-117f-4421-817c-78600788465f'
[2026-02-12 23:43:13.710 DBG] ActionDispatcher :: Queueing 'StoreEvent' (93109664-9d73-4243-bc30-9de4ad0d2894, TwitchGiftBomb) to 'Default' (00000000-0000-0000-0000-000000000000), initiated by patricia_lopes3 with 28 arguments
[2026-02-12 23:43:13.710 DBG] ActionQueue :: 'Default' (00000000-0000-0000-0000-000000000000) :: Enqueue action 93109664-9d73-4243-bc30-9de4ad0d2894
[2026-02-12 23:43:13.710 DBG] ActionQueue :: 'Default' (00000000-0000-0000-0000-000000000000) :: Handling queue
[2026-02-12 23:43:13.710 DBG] ActionQueue :: 'Default' (00000000-0000-0000-0000-000000000000) :: Performing non-blocking 'StoreEvent' (93109664-9d73-4243-bc30-9de4ad0d2894, 84e85fb1-c33d-43b6-89b7-df2f9194180d), initiated by patricia_lopes3 with 29 arguments
[2026-02-12 23:43:13.710 DBG] InlineCode :: Running default entry point from instance 'a63a3c53-117f-4421-817c-78600788465f'
[2026-02-12 23:43:15.015 DBG] ActionDispatcher :: Queueing 'StoreEvent' (93109664-9d73-4243-bc30-9de4ad0d2894, TwitchSub) to 'Default' (00000000-0000-0000-0000-000000000000), initiated by the1rarehunter with 33 arguments
[2026-02-12 23:43:15.015 DBG] ActionQueue :: 'Default' (00000000-0000-0000-0000-000000000000) :: Enqueue action 93109664-9d73-4243-bc30-9de4ad0d2894
[2026-02-12 23:43:15.015 DBG] ActionQueue :: 'Default' (00000000-0000-0000-0000-000000000000) :: Handling queue
[2026-02-12 23:43:15.015 DBG] ActionQueue :: 'Default' (00000000-0000-0000-0000-000000000000) :: Performing non-blocking 'StoreEvent' (93109664-9d73-4243-bc30-9de4ad0d2894, fff48d37-9b0e-4850-b013-ab2ef7807787), initiated by the1rarehunter with 34 arguments
[2026-02-12 23:43:15.015 DBG] InlineCode :: Running default entry point from instance 'a63a3c53-117f-4421-817c-78600788465f'
[2026-02-12 23:43:15.800 DBG] ActionDispatcher :: Queueing 'StoreEvent' (93109664-9d73-4243-bc30-9de4ad0d2894, TwitchSub) to 'Default' (00000000-0000-0000-0000-000000000000), initiated by paltryliquidation with 33 arguments
[2026-02-12 23:43:15.800 DBG] ActionQueue :: 'Default' (00000000-0000-0000-0000-000000000000) :: Enqueue action 93109664-9d73-4243-bc30-9de4ad0d2894
[2026-02-12 23:43:15.800 DBG] ActionQueue :: 'Default' (00000000-0000-0000-0000-000000000000) :: Handling queue
[2026-02-12 23:43:15.800 DBG] ActionQueue :: 'Default' (00000000-0000-0000-0000-000000000000) :: Performing non-blocking 'StoreEvent' (93109664-9d73-4243-bc30-9de4ad0d2894, 7f4df75c-4657-4614-9a5c-0958a89e0f0d), initiated by paltryliquidation with 34 arguments
[2026-02-12 23:43:15.800 DBG] InlineCode :: Running default entry point from instance 'a63a3c53-117f-4421-817c-78600788465f'
[2026-02-12 23:43:16.554 DBG] ActionDispatcher :: Queueing 'StoreEvent' (93109664-9d73-4243-bc30-9de4ad0d2894, TwitchSub) to 'Default' (00000000-0000-0000-0000-000000000000), initiated by outcastgaming21 with 33 arguments
[2026-02-12 23:43:16.554 DBG] ActionQueue :: 'Default' (00000000-0000-0000-0000-000000000000) :: Enqueue action 93109664-9d73-4243-bc30-9de4ad0d2894
[2026-02-12 23:43:16.554 DBG] ActionQueue :: 'Default' (00000000-0000-0000-0000-000000000000) :: Handling queue
[2026-02-12 23:43:16.554 DBG] ActionQueue :: 'Default' (00000000-0000-0000-0000-000000000000) :: Performing non-blocking 'StoreEvent' (93109664-9d73-4243-bc30-9de4ad0d2894, 1f779582-b654-4004-8803-807a196a750c), initiated by outcastgaming21 with 34 arguments
[2026-02-12 23:43:16.554 DBG] InlineCode :: Running default entry point from instance 'a63a3c53-117f-4421-817c-78600788465f'
[2026-02-12 23:43:23.938 DBG] ActionDispatcher :: Queueing 'OpenCatchupGUI' (4b9c38cb-6e34-4424-b495-708569065139, Test) to 'Default' (00000000-0000-0000-0000-000000000000), with 9 arguments
[2026-02-12 23:43:23.938 DBG] ActionQueue :: 'Default' (00000000-0000-0000-0000-000000000000) :: Enqueue action 4b9c38cb-6e34-4424-b495-708569065139
[2026-02-12 23:43:23.938 DBG] ActionQueue :: 'Default' (00000000-0000-0000-0000-000000000000) :: Handling queue
[2026-02-12 23:43:23.938 DBG] ActionQueue :: 'Default' (00000000-0000-0000-0000-000000000000) :: Performing non-blocking 'OpenCatchupGUI' (4b9c38cb-6e34-4424-b495-708569065139, 76e31185-3eae-4f37-b3b3-29826b34318c)
[2026-02-12 23:43:23.938 DBG] InlineCode :: Running default entry point from instance 'e000dd3e-5758-41f9-926d-d6e508fa931d'
[2026-02-12 23:43:31.352 DBG] OBS :: Retrying obs connection to OBS (127.0.0.1:4455)
[2026-02-12 23:43:31.352 DBG] OBS :: Opening websocket connection to OBS (127.0.0.1:4455)
[2026-02-12 23:43:31.352 DBG] OBS-Websocket5 :: Opening connection (ws://127.0.0.1:4455/api/websocket)
[2026-02-12 23:43:33.382 DBG] OBS-Websocket5 :: Disconnected
[2026-02-12 23:43:33.382 DBG] OBS :: Disconnected from OBS (127.0.0.1:4455)
[2026-02-12 23:43:56.377 DBG] ViewerRepo :: UpdatePresence(twitch, 5), 0.0282ms
[2026-02-12 23:43:56.467 DBG] TwitchService :: Presence Timer :: Artificially updated presence with a threshold of 5 minutes (90.0984ms)
[2026-02-12 23:44:03.394 DBG] OBS :: Retrying obs connection to OBS (127.0.0.1:4455)
[2026-02-12 23:44:03.394 DBG] OBS :: Opening websocket connection to OBS (127.0.0.1:4455)
[2026-02-12 23:44:03.394 DBG] OBS-Websocket5 :: Opening connection (ws://127.0.0.1:4455/api/websocket)
[2026-02-12 23:44:05.450 DBG] OBS-Websocket5 :: Disconnected
[2026-02-12 23:44:05.450 DBG] OBS :: Disconnected from OBS (127.0.0.1:4455)
[2026-02-12 23:44:06.545 DBG] ActionDispatcher :: Queueing 'StoreEvent' (93109664-9d73-4243-bc30-9de4ad0d2894, TwitchGiftBomb) to 'Default' (00000000-0000-0000-0000-000000000000), initiated by Anonymous with 28 arguments
[2026-02-12 23:44:06.545 DBG] ActionQueue :: 'Default' (00000000-0000-0000-0000-000000000000) :: Enqueue action 93109664-9d73-4243-bc30-9de4ad0d2894
[2026-02-12 23:44:06.545 DBG] ActionQueue :: 'Default' (00000000-0000-0000-0000-000000000000) :: Handling queue
[2026-02-12 23:44:06.545 DBG] ActionQueue :: 'Default' (00000000-0000-0000-0000-000000000000) :: Performing non-blocking 'StoreEvent' (93109664-9d73-4243-bc30-9de4ad0d2894, 0c8ae53e-3e49-427d-a142-9606dd3230e6), initiated by Anonymous with 29 arguments
[2026-02-12 23:44:06.545 DBG] InlineCode :: Running default entry point from instance 'a63a3c53-117f-4421-817c-78600788465f'
[2026-02-12 23:44:07.560 DBG] ActionDispatcher :: Queueing 'StoreEvent' (93109664-9d73-4243-bc30-9de4ad0d2894, TwitchGiftBomb) to 'Default' (00000000-0000-0000-0000-000000000000), initiated by Anonymous with 28 arguments
[2026-02-12 23:44:07.560 DBG] ActionQueue :: 'Default' (00000000-0000-0000-0000-000000000000) :: Enqueue action 93109664-9d73-4243-bc30-9de4ad0d2894
[2026-02-12 23:44:07.560 DBG] ActionQueue :: 'Default' (00000000-0000-0000-0000-000000000000) :: Handling queue
[2026-02-12 23:44:07.560 DBG] ActionQueue :: 'Default' (00000000-0000-0000-0000-000000000000) :: Performing non-blocking 'StoreEvent' (93109664-9d73-4243-bc30-9de4ad0d2894, 43cffef0-e1f9-4568-a04f-6bdb9b25207a), initiated by Anonymous with 29 arguments
[2026-02-12 23:44:07.560 DBG] InlineCode :: Running default entry point from instance 'a63a3c53-117f-4421-817c-78600788465f'
[2026-02-12 23:44:20.207 DBG] ActionDispatcher :: Queueing 'OpenCatchupGUI' (4b9c38cb-6e34-4424-b495-708569065139, Test) to 'Default' (00000000-0000-0000-0000-000000000000), with 9 arguments
[2026-02-12 23:44:20.207 DBG] ActionQueue :: 'Default' (00000000-0000-0000-0000-000000000000) :: Enqueue action 4b9c38cb-6e34-4424-b495-708569065139
[2026-02-12 23:44:20.207 DBG] ActionQueue :: 'Default' (00000000-0000-0000-0000-000000000000) :: Handling queue
[2026-02-12 23:44:20.207 DBG] ActionQueue :: 'Default' (00000000-0000-0000-0000-000000000000) :: Performing non-blocking 'OpenCatchupGUI' (4b9c38cb-6e34-4424-b495-708569065139, 1b632074-b05f-4e57-980c-8e3ff450d669)
[2026-02-12 23:44:20.207 DBG] InlineCode :: Running default entry point from instance 'e000dd3e-5758-41f9-926d-d6e508fa931d'
[2026-02-12 23:44:34.703 DBG] ActionDispatcher :: Queueing 'OpenCatchupGUI' (4b9c38cb-6e34-4424-b495-708569065139, Test) to 'Default' (00000000-0000-0000-0000-000000000000), with 9 arguments
[2026-02-12 23:44:34.703 DBG] ActionQueue :: 'Default' (00000000-0000-0000-0000-000000000000) :: Enqueue action 4b9c38cb-6e34-4424-b495-708569065139
[2026-02-12 23:44:34.703 DBG] ActionQueue :: 'Default' (00000000-0000-0000-0000-000000000000) :: Handling queue
[2026-02-12 23:44:34.703 DBG] ActionQueue :: 'Default' (00000000-0000-0000-0000-000000000000) :: Performing non-blocking 'OpenCatchupGUI' (4b9c38cb-6e34-4424-b495-708569065139, eda370df-0261-4cb1-8666-d8f337ac9133)
[2026-02-12 23:44:34.703 DBG] InlineCode :: Running default entry point from instance 'e000dd3e-5758-41f9-926d-d6e508fa931d'
[2026-02-12 23:44:35.459 DBG] OBS :: Retrying obs connection to OBS (127.0.0.1:4455)
[2026-02-12 23:44:35.459 DBG] OBS :: Opening websocket connection to OBS (127.0.0.1:4455)
[2026-02-12 23:44:35.459 DBG] OBS-Websocket5 :: Opening connection (ws://127.0.0.1:4455/api/websocket)
[2026-02-12 23:44:37.503 DBG] OBS-Websocket5 :: Disconnected
[2026-02-12 23:44:37.503 DBG] OBS :: Disconnected from OBS (127.0.0.1:4455)
[2026-02-12 23:44:48.382 DBG] Credits :: Time to save 13.1112ms
[2026-02-12 23:44:52.900 DBG] AutoSave :: Auto saving settings...
[2026-02-12 23:44:52.920 DBG] Users :: Time to save 20.4983ms
[2026-02-12 23:44:52.937 DBG] Actions :: Time to save 16.8722ms
[2026-02-12 23:44:52.949 DBG] Commands :: Time to save 11.5365ms
[2026-02-12 23:44:52.968 DBG] Twitch Rewards :: Time to save 18.9425ms
[2026-02-12 23:44:52.983 DBG] Midi :: Time to save 15.097ms
[2026-02-12 23:44:52.998 DBG] OBS Settings :: Time to save 14.947ms
[2026-02-12 23:44:53.013 DBG] MeldStudio Settings :: Time to save 14.1483ms
[2026-02-12 23:44:53.026 DBG] Credits :: Time to save 14.232ms
[2026-02-12 23:44:53.040 DBG] Quotes :: Time to save 13.4157ms
[2026-02-12 23:44:53.125 DBG] Config :: Time to save 18.6608ms
[2026-02-12 23:44:56.379 DBG] ViewerRepo :: UpdatePresence(twitch, 5), 0.0305ms
[2026-02-12 23:44:56.476 DBG] TwitchService :: Presence Timer :: Artificially updated presence with a threshold of 5 minutes (96.9361ms)
[2026-02-12 23:45:07.503 DBG] OBS :: Retrying obs connection to OBS (127.0.0.1:4455)
[2026-02-12 23:45:07.503 DBG] OBS :: Opening websocket connection to OBS (127.0.0.1:4455)
[2026-02-12 23:45:07.503 DBG] OBS-Websocket5 :: Opening connection (ws://127.0.0.1:4455/api/websocket)
[2026-02-12 23:45:09.545 DBG] OBS-Websocket5 :: Disconnected
[2026-02-12 23:45:09.545 DBG] OBS :: Disconnected from OBS (127.0.0.1:4455)
[2026-02-12 23:45:39.552 DBG] OBS :: Retrying obs connection to OBS (127.0.0.1:4455)
[2026-02-12 23:45:39.552 DBG] OBS :: Opening websocket connection to OBS (127.0.0.1:4455)
[2026-02-12 23:45:39.552 DBG] OBS-Websocket5 :: Opening connection (ws://127.0.0.1:4455/api/websocket)
[2026-02-12 23:45:41.593 DBG] OBS-Websocket5 :: Disconnected
[2026-02-12 23:45:41.593 DBG] OBS :: Disconnected from OBS (127.0.0.1:4455)
[2026-02-12 23:45:56.387 DBG] ViewerRepo :: UpdatePresence(twitch, 5), 0.0293ms
[2026-02-12 23:45:56.483 DBG] TwitchService :: Presence Timer :: Artificially updated presence with a threshold of 5 minutes (94.7261ms)
[2026-02-12 23:46:11.602 DBG] OBS :: Retrying obs connection to OBS (127.0.0.1:4455)
[2026-02-12 23:46:11.602 DBG] OBS :: Opening websocket connection to OBS (127.0.0.1:4455)
[2026-02-12 23:46:11.602 DBG] OBS-Websocket5 :: Opening connection (ws://127.0.0.1:4455/api/websocket)
[2026-02-12 23:46:13.646 DBG] OBS-Websocket5 :: Disconnected
[2026-02-12 23:46:13.646 DBG] OBS :: Disconnected from OBS (127.0.0.1:4455)
[2026-02-12 23:46:43.650 DBG] OBS :: Retrying obs connection to OBS (127.0.0.1:4455)
[2026-02-12 23:46:43.650 DBG] OBS :: Opening websocket connection to OBS (127.0.0.1:4455)
[2026-02-12 23:46:43.650 DBG] OBS-Websocket5 :: Opening connection (ws://127.0.0.1:4455/api/websocket)
[2026-02-12 23:46:45.693 DBG] OBS-Websocket5 :: Disconnected
[2026-02-12 23:46:45.693 DBG] OBS :: Disconnected from OBS (127.0.0.1:4455)
[2026-02-12 23:46:56.395 DBG] ViewerRepo :: UpdatePresence(twitch, 5), 0.0304ms
[2026-02-12 23:46:56.489 DBG] TwitchService :: Presence Timer :: Artificially updated presence with a threshold of 5 minutes (95.4147ms)
[2026-02-12 23:46:57.864 DBG] ActionDispatcher :: Queueing 'OpenCatchupGUI' (4b9c38cb-6e34-4424-b495-708569065139, Test) to 'Default' (00000000-0000-0000-0000-000000000000), with 9 arguments
[2026-02-12 23:46:57.864 DBG] ActionQueue :: 'Default' (00000000-0000-0000-0000-000000000000) :: Enqueue action 4b9c38cb-6e34-4424-b495-708569065139
[2026-02-12 23:46:57.864 DBG] ActionQueue :: 'Default' (00000000-0000-0000-0000-000000000000) :: Handling queue
[2026-02-12 23:46:57.864 DBG] ActionQueue :: 'Default' (00000000-0000-0000-0000-000000000000) :: Performing non-blocking 'OpenCatchupGUI' (4b9c38cb-6e34-4424-b495-708569065139, 8546327b-a173-41f5-b4fa-f36bde4e42bc)
[2026-02-12 23:46:57.865 DBG] InlineCode :: Code has been flagged as dirty for '', destroying instance
[2026-02-12 23:46:57.865 DBG] InlineCode :: Unloading 't6bef413dbc944458aabacd55d14448f'
[2026-02-12 23:46:57.894 DBG] InlineCode :: Creating and compiling instance for ''
[2026-02-12 23:46:57.999 DBG] InlineCode :: Running default entry point from instance '83084872-4f20-42d2-b90e-4f9b460aed10'
[2026-02-12 23:47:15.707 DBG] OBS :: Retrying obs connection to OBS (127.0.0.1:4455)
[2026-02-12 23:47:15.707 DBG] OBS :: Opening websocket connection to OBS (127.0.0.1:4455)
[2026-02-12 23:47:15.707 DBG] OBS-Websocket5 :: Opening connection (ws://127.0.0.1:4455/api/websocket)
[2026-02-12 23:47:16.565 DBG] ActionDispatcher :: Queueing 'OpenCatchupGUI' (4b9c38cb-6e34-4424-b495-708569065139, Test) to 'Default' (00000000-0000-0000-0000-000000000000), with 9 arguments
[2026-02-12 23:47:16.566 DBG] ActionQueue :: 'Default' (00000000-0000-0000-0000-000000000000) :: Enqueue action 4b9c38cb-6e34-4424-b495-708569065139
[2026-02-12 23:47:16.566 DBG] ActionQueue :: 'Default' (00000000-0000-0000-0000-000000000000) :: Handling queue
[2026-02-12 23:47:16.566 DBG] ActionQueue :: 'Default' (00000000-0000-0000-0000-000000000000) :: Performing non-blocking 'OpenCatchupGUI' (4b9c38cb-6e34-4424-b495-708569065139, 0b903b07-7b48-4e24-a9ff-39ba20937b0f)
[2026-02-12 23:47:16.566 DBG] InlineCode :: Running default entry point from instance '83084872-4f20-42d2-b90e-4f9b460aed10'
[2026-02-12 23:47:17.739 DBG] OBS-Websocket5 :: Disconnected
[2026-02-12 23:47:17.739 DBG] OBS :: Disconnected from OBS (127.0.0.1:4455)
[2026-02-12 23:47:47.755 DBG] OBS :: Retrying obs connection to OBS (127.0.0.1:4455)
[2026-02-12 23:47:47.755 DBG] OBS :: Opening websocket connection to OBS (127.0.0.1:4455)
[2026-02-12 23:47:47.755 DBG] OBS-Websocket5 :: Opening connection (ws://127.0.0.1:4455/api/websocket)
[2026-02-12 23:47:49.795 DBG] OBS-Websocket5 :: Disconnected
[2026-02-12 23:47:49.795 DBG] OBS :: Disconnected from OBS (127.0.0.1:4455)
[2026-02-12 23:47:56.405 DBG] ViewerRepo :: UpdatePresence(twitch, 5), 0.0336ms
[2026-02-12 23:47:56.500 DBG] TwitchService :: Presence Timer :: Artificially updated presence with a threshold of 5 minutes (96.1421ms)
[2026-02-12 23:48:19.810 DBG] OBS :: Retrying obs connection to OBS (127.0.0.1:4455)
[2026-02-12 23:48:19.810 DBG] OBS :: Opening websocket connection to OBS (127.0.0.1:4455)
[2026-02-12 23:48:19.810 DBG] OBS-Websocket5 :: Opening connection (ws://127.0.0.1:4455/api/websocket)
[2026-02-12 23:48:21.855 DBG] OBS-Websocket5 :: Disconnected
[2026-02-12 23:48:21.855 DBG] OBS :: Disconnected from OBS (127.0.0.1:4455)
[2026-02-12 23:48:51.857 DBG] OBS :: Retrying obs connection to OBS (127.0.0.1:4455)
[2026-02-12 23:48:51.857 DBG] OBS :: Opening websocket connection to OBS (127.0.0.1:4455)
[2026-02-12 23:48:51.857 DBG] OBS-Websocket5 :: Opening connection (ws://127.0.0.1:4455/api/websocket)
[2026-02-12 23:48:53.899 DBG] OBS-Websocket5 :: Disconnected
[2026-02-12 23:48:53.899 DBG] OBS :: Disconnected from OBS (127.0.0.1:4455)
[2026-02-12 23:48:56.410 DBG] ViewerRepo :: UpdatePresence(twitch, 5), 0.0723ms
[2026-02-12 23:48:56.510 DBG] TwitchService :: Presence Timer :: Artificially updated presence with a threshold of 5 minutes (100.5889ms)
[2026-02-12 23:49:23.914 DBG] OBS :: Retrying obs connection to OBS (127.0.0.1:4455)
[2026-02-12 23:49:23.914 DBG] OBS :: Opening websocket connection to OBS (127.0.0.1:4455)
[2026-02-12 23:49:23.914 DBG] OBS-Websocket5 :: Opening connection (ws://127.0.0.1:4455/api/websocket)
[2026-02-12 23:49:25.946 DBG] OBS-Websocket5 :: Disconnected
[2026-02-12 23:49:25.946 DBG] OBS :: Disconnected from OBS (127.0.0.1:4455)
[2026-02-12 23:49:47.735 DBG] ActionDispatcher :: Queueing 'Sub Goal' (361aa588-5f31-4e19-b8a5-099cae52479d, TimedAction) to 'Default' (00000000-0000-0000-0000-000000000000), with 11 arguments
[2026-02-12 23:49:47.735 DBG] ActionQueue :: 'Default' (00000000-0000-0000-0000-000000000000) :: Enqueue action 361aa588-5f31-4e19-b8a5-099cae52479d
[2026-02-12 23:49:47.735 DBG] ActionQueue :: 'Default' (00000000-0000-0000-0000-000000000000) :: Handling queue
[2026-02-12 23:49:47.735 DBG] ActionQueue :: 'Default' (00000000-0000-0000-0000-000000000000) :: Performing non-blocking 'Sub Goal' (361aa588-5f31-4e19-b8a5-099cae52479d, 3da74b26-b058-4ac2-9e7b-1471c0729806)
[2026-02-12 23:49:48.393 DBG] Credits :: Time to save 20.0936ms
[2026-02-12 23:49:53.108 DBG] AutoSave :: Auto saving settings...
[2026-02-12 23:49:53.127 DBG] Users :: Time to save 19.3454ms
[2026-02-12 23:49:53.148 DBG] Actions :: Time to save 20.6197ms
[2026-02-12 23:49:53.167 DBG] Commands :: Time to save 18.9422ms
[2026-02-12 23:49:53.180 DBG] Twitch Rewards :: Time to save 14.0497ms
[2026-02-12 23:49:53.198 DBG] Midi :: Time to save 17.2621ms
[2026-02-12 23:49:53.212 DBG] OBS Settings :: Time to save 13.5729ms
[2026-02-12 23:49:53.228 DBG] MeldStudio Settings :: Time to save 16.224ms
[2026-02-12 23:49:53.245 DBG] Credits :: Time to save 16.4812ms
[2026-02-12 23:49:53.265 DBG] Quotes :: Time to save 19.517ms
[2026-02-12 23:49:53.327 DBG] Config :: Time to save 15.5178ms
[2026-02-12 23:49:55.946 DBG] OBS :: Retrying obs connection to OBS (127.0.0.1:4455)
[2026-02-12 23:49:55.946 DBG] OBS :: Opening websocket connection to OBS (127.0.0.1:4455)
[2026-02-12 23:49:55.946 DBG] OBS-Websocket5 :: Opening connection (ws://127.0.0.1:4455/api/websocket)
[2026-02-12 23:49:56.413 DBG] ViewerRepo :: UpdatePresence(twitch, 5), 0.0321ms
[2026-02-12 23:49:56.508 DBG] TwitchService :: Presence Timer :: Artificially updated presence with a threshold of 5 minutes (96.1809ms)
[2026-02-12 23:49:57.987 DBG] OBS-Websocket5 :: Disconnected
[2026-02-12 23:49:57.987 DBG] OBS :: Disconnected from OBS (127.0.0.1:4455)
[2026-02-12 23:50:27.989 DBG] OBS :: Retrying obs connection to OBS (127.0.0.1:4455)
[2026-02-12 23:50:27.989 DBG] OBS :: Opening websocket connection to OBS (127.0.0.1:4455)
[2026-02-12 23:50:27.989 DBG] OBS-Websocket5 :: Opening connection (ws://127.0.0.1:4455/api/websocket)
[2026-02-12 23:50:30.030 DBG] OBS-Websocket5 :: Disconnected
[2026-02-12 23:50:30.030 DBG] OBS :: Disconnected from OBS (127.0.0.1:4455)
[2026-02-12 23:50:56.416 DBG] ViewerRepo :: UpdatePresence(twitch, 5), 0.0305ms
[2026-02-12 23:50:56.510 DBG] TwitchService :: Presence Timer :: Artificially updated presence with a threshold of 5 minutes (93.9051ms)
[2026-02-12 23:51:00.035 DBG] OBS :: Retrying obs connection to OBS (127.0.0.1:4455)
[2026-02-12 23:51:00.035 DBG] OBS :: Opening websocket connection to OBS (127.0.0.1:4455)
[2026-02-12 23:51:00.035 DBG] OBS-Websocket5 :: Opening connection (ws://127.0.0.1:4455/api/websocket)
[2026-02-12 23:51:02.079 DBG] OBS-Websocket5 :: Disconnected
[2026-02-12 23:51:02.079 DBG] OBS :: Disconnected from OBS (127.0.0.1:4455)
[2026-02-12 23:51:32.085 DBG] OBS :: Retrying obs connection to OBS (127.0.0.1:4455)
[2026-02-12 23:51:32.085 DBG] OBS :: Opening websocket connection to OBS (127.0.0.1:4455)
[2026-02-12 23:51:32.085 DBG] OBS-Websocket5 :: Opening connection (ws://127.0.0.1:4455/api/websocket)
[2026-02-12 23:51:34.128 DBG] OBS-Websocket5 :: Disconnected
[2026-02-12 23:51:34.128 DBG] OBS :: Disconnected from OBS (127.0.0.1:4455)
[2026-02-12 23:51:56.420 DBG] ViewerRepo :: UpdatePresence(twitch, 5), 0.0312ms
[2026-02-12 23:51:56.515 DBG] TwitchService :: Presence Timer :: Artificially updated presence with a threshold of 5 minutes (94.3065ms)
[2026-02-12 23:52:04.134 DBG] OBS :: Retrying obs connection to OBS (127.0.0.1:4455)
[2026-02-12 23:52:04.134 DBG] OBS :: Opening websocket connection to OBS (127.0.0.1:4455)
[2026-02-12 23:52:04.134 DBG] OBS-Websocket5 :: Opening connection (ws://127.0.0.1:4455/api/websocket)
[2026-02-12 23:52:06.177 DBG] OBS-Websocket5 :: Disconnected
[2026-02-12 23:52:06.177 DBG] OBS :: Disconnected from OBS (127.0.0.1:4455)
[2026-02-12 23:52:36.179 DBG] OBS :: Retrying obs connection to OBS (127.0.0.1:4455)
[2026-02-12 23:52:36.179 DBG] OBS :: Opening websocket connection to OBS (127.0.0.1:4455)
[2026-02-12 23:52:36.179 DBG] OBS-Websocket5 :: Opening connection (ws://127.0.0.1:4455/api/websocket)
[2026-02-12 23:52:38.223 DBG] OBS-Websocket5 :: Disconnected
[2026-02-12 23:52:38.223 DBG] OBS :: Disconnected from OBS (127.0.0.1:4455)
[2026-02-12 23:52:56.422 DBG] ViewerRepo :: UpdatePresence(twitch, 5), 0.0303ms
[2026-02-12 23:52:56.518 DBG] TwitchService :: Presence Timer :: Artificially updated presence with a threshold of 5 minutes (96.6283ms)
[2026-02-12 23:53:08.225 DBG] OBS :: Retrying obs connection to OBS (127.0.0.1:4455)
[2026-02-12 23:53:08.225 DBG] OBS :: Opening websocket connection to OBS (127.0.0.1:4455)
[2026-02-12 23:53:08.225 DBG] OBS-Websocket5 :: Opening connection (ws://127.0.0.1:4455/api/websocket)
[2026-02-12 23:53:10.282 DBG] OBS-Websocket5 :: Disconnected
[2026-02-12 23:53:10.282 DBG] OBS :: Disconnected from OBS (127.0.0.1:4455)
[2026-02-12 23:53:40.290 DBG] OBS :: Retrying obs connection to OBS (127.0.0.1:4455)
[2026-02-12 23:53:40.290 DBG] OBS :: Opening websocket connection to OBS (127.0.0.1:4455)
[2026-02-12 23:53:40.290 DBG] OBS-Websocket5 :: Opening connection (ws://127.0.0.1:4455/api/websocket)
[2026-02-12 23:53:42.349 DBG] OBS-Websocket5 :: Disconnected
[2026-02-12 23:53:42.349 DBG] OBS :: Disconnected from OBS (127.0.0.1:4455)
[2026-02-12 23:53:56.437 DBG] ViewerRepo :: UpdatePresence(twitch, 5), 0.0315ms
[2026-02-12 23:53:56.529 DBG] TwitchService :: Presence Timer :: Artificially updated presence with a threshold of 5 minutes (93.2983ms)
[2026-02-12 23:54:12.352 DBG] OBS :: Retrying obs connection to OBS (127.0.0.1:4455)
[2026-02-12 23:54:12.352 DBG] OBS :: Opening websocket connection to OBS (127.0.0.1:4455)
[2026-02-12 23:54:12.352 DBG] OBS-Websocket5 :: Opening connection (ws://127.0.0.1:4455/api/websocket)
[2026-02-12 23:54:14.410 DBG] OBS-Websocket5 :: Disconnected
[2026-02-12 23:54:14.410 DBG] OBS :: Disconnected from OBS (127.0.0.1:4455)
[2026-02-12 23:54:44.423 DBG] OBS :: Retrying obs connection to OBS (127.0.0.1:4455)
[2026-02-12 23:54:44.423 DBG] OBS :: Opening websocket connection to OBS (127.0.0.1:4455)
[2026-02-12 23:54:44.423 DBG] OBS-Websocket5 :: Opening connection (ws://127.0.0.1:4455/api/websocket)
[2026-02-12 23:54:46.478 DBG] OBS-Websocket5 :: Disconnected
[2026-02-12 23:54:46.478 DBG] OBS :: Disconnected from OBS (127.0.0.1:4455)
[2026-02-12 23:54:48.396 DBG] Credits :: Time to save 13.8779ms
[2026-02-12 23:54:53.342 DBG] AutoSave :: Auto saving settings...
[2026-02-12 23:54:53.357 DBG] Users :: Time to save 15.547ms
[2026-02-12 23:54:53.376 DBG] Actions :: Time to save 18.6845ms
[2026-02-12 23:54:53.390 DBG] Commands :: Time to save 13.9516ms
[2026-02-12 23:54:53.404 DBG] Twitch Rewards :: Time to save 14.277ms
[2026-02-12 23:54:53.417 DBG] Midi :: Time to save 13.1731ms
[2026-02-12 23:54:53.430 DBG] OBS Settings :: Time to save 12.7035ms
[2026-02-12 23:54:53.441 DBG] MeldStudio Settings :: Time to save 11.8833ms
[2026-02-12 23:54:53.454 DBG] Credits :: Time to save 11.722ms
[2026-02-12 23:54:53.467 DBG] Quotes :: Time to save 13.2679ms
[2026-02-12 23:54:53.558 DBG] Config :: Time to save 13.4764ms
[2026-02-12 23:54:56.444 DBG] ViewerRepo :: UpdatePresence(twitch, 5), 0.0306ms
[2026-02-12 23:54:56.534 DBG] TwitchService :: Presence Timer :: Artificially updated presence with a threshold of 5 minutes (90.1214ms)
[2026-02-12 23:55:16.492 DBG] OBS :: Retrying obs connection to OBS (127.0.0.1:4455)
[2026-02-12 23:55:16.492 DBG] OBS :: Opening websocket connection to OBS (127.0.0.1:4455)
[2026-02-12 23:55:16.492 DBG] OBS-Websocket5 :: Opening connection (ws://127.0.0.1:4455/api/websocket)
[2026-02-12 23:55:18.553 DBG] OBS-Websocket5 :: Disconnected
[2026-02-12 23:55:18.553 DBG] OBS :: Disconnected from OBS (127.0.0.1:4455)
[2026-02-12 23:55:48.554 DBG] OBS :: Retrying obs connection to OBS (127.0.0.1:4455)
[2026-02-12 23:55:48.554 DBG] OBS :: Opening websocket connection to OBS (127.0.0.1:4455)
[2026-02-12 23:55:48.554 DBG] OBS-Websocket5 :: Opening connection (ws://127.0.0.1:4455/api/websocket)
[2026-02-12 23:55:50.600 DBG] OBS-Websocket5 :: Disconnected
[2026-02-12 23:55:50.600 DBG] OBS :: Disconnected from OBS (127.0.0.1:4455)
[2026-02-12 23:55:56.444 DBG] ViewerRepo :: UpdatePresence(twitch, 5), 0.0318ms
[2026-02-12 23:55:56.541 DBG] TwitchService :: Presence Timer :: Artificially updated presence with a threshold of 5 minutes (97.5061ms)
[2026-02-12 23:56:20.612 DBG] OBS :: Retrying obs connection to OBS (127.0.0.1:4455)
[2026-02-12 23:56:20.612 DBG] OBS :: Opening websocket connection to OBS (127.0.0.1:4455)
[2026-02-12 23:56:20.612 DBG] OBS-Websocket5 :: Opening connection (ws://127.0.0.1:4455/api/websocket)
[2026-02-12 23:56:22.655 DBG] OBS-Websocket5 :: Disconnected
[2026-02-12 23:56:22.655 DBG] OBS :: Disconnected from OBS (127.0.0.1:4455)
[2026-02-12 23:56:50.230 DBG] InlineCode :: Creating and compiling instance for ''
[2026-02-12 23:56:52.657 DBG] OBS :: Retrying obs connection to OBS (127.0.0.1:4455)
[2026-02-12 23:56:52.657 DBG] OBS :: Opening websocket connection to OBS (127.0.0.1:4455)
[2026-02-12 23:56:52.657 DBG] OBS-Websocket5 :: Opening connection (ws://127.0.0.1:4455/api/websocket)
[2026-02-12 23:56:54.159 DBG] ActionDispatcher :: Queueing 'HandleSingleGift' (12615294-5b44-46af-bb55-3f99c9662579, TwitchGiftSub) to 'Default' (00000000-0000-0000-0000-000000000000), initiated by chickengood0 with 37 arguments
[2026-02-12 23:56:54.159 DBG] ActionQueue :: 'Default' (00000000-0000-0000-0000-000000000000) :: Enqueue action 12615294-5b44-46af-bb55-3f99c9662579
[2026-02-12 23:56:54.159 DBG] ActionQueue :: 'Default' (00000000-0000-0000-0000-000000000000) :: Handling queue
[2026-02-12 23:56:54.159 DBG] ActionQueue :: 'Default' (00000000-0000-0000-0000-000000000000) :: Performing non-blocking 'HandleSingleGift' (12615294-5b44-46af-bb55-3f99c9662579, 94aca232-c276-4556-8185-6565d755b3b2), initiated by chickengood0 with 38 arguments
[2026-02-12 23:56:54.159 DBG] InlineCode :: Running default entry point from instance '9ecd7b05-9e9b-4b78-84f4-6604557b5da6'
[2026-02-12 23:56:54.222 DBG] InlineCode :: Code has been flagged as dirty for '', destroying instance
[2026-02-12 23:56:54.222 DBG] InlineCode :: Unloading 'm23c14ea83a444598084bd30fe9fb4f2'
[2026-02-12 23:56:54.235 DBG] InlineCode :: Creating and compiling instance for ''
[2026-02-12 23:56:54.306 DBG] InlineCode :: Running default entry point from instance 'da12532e-409a-4657-90f3-7f33754477d6'
[2026-02-12 23:56:54.687 DBG] OBS-Websocket5 :: Disconnected
[2026-02-12 23:56:54.687 DBG] OBS :: Disconnected from OBS (127.0.0.1:4455)
[2026-02-12 23:56:56.451 DBG] ViewerRepo :: UpdatePresence(twitch, 5), 0.0299ms
[2026-02-12 23:56:56.542 DBG] TwitchService :: Presence Timer :: Artificially updated presence with a threshold of 5 minutes (91.9249ms)
[2026-02-12 23:56:58.973 DBG] ActionDispatcher :: Queueing 'OpenCatchupGUI' (4b9c38cb-6e34-4424-b495-708569065139, Test) to 'Default' (00000000-0000-0000-0000-000000000000), with 9 arguments
[2026-02-12 23:56:58.973 DBG] ActionQueue :: 'Default' (00000000-0000-0000-0000-000000000000) :: Enqueue action 4b9c38cb-6e34-4424-b495-708569065139
[2026-02-12 23:56:58.973 DBG] ActionQueue :: 'Default' (00000000-0000-0000-0000-000000000000) :: Handling queue
[2026-02-12 23:56:58.974 DBG] ActionQueue :: 'Default' (00000000-0000-0000-0000-000000000000) :: Performing non-blocking 'OpenCatchupGUI' (4b9c38cb-6e34-4424-b495-708569065139, 2a767eeb-c982-4253-b29f-bdf2b0d02055)
[2026-02-12 23:56:58.974 DBG] InlineCode :: Running default entry point from instance '83084872-4f20-42d2-b90e-4f9b460aed10'
[2026-02-12 23:57:24.698 DBG] OBS :: Retrying obs connection to OBS (127.0.0.1:4455)
[2026-02-12 23:57:24.698 DBG] OBS :: Opening websocket connection to OBS (127.0.0.1:4455)
[2026-02-12 23:57:24.698 DBG] OBS-Websocket5 :: Opening connection (ws://127.0.0.1:4455/api/websocket)
[2026-02-12 23:57:26.755 DBG] OBS-Websocket5 :: Disconnected
[2026-02-12 23:57:26.755 DBG] OBS :: Disconnected from OBS (127.0.0.1:4455)
[2026-02-12 23:57:33.246 DBG] ActionDispatcher :: Queueing 'StoreEvent' (93109664-9d73-4243-bc30-9de4ad0d2894, TwitchGiftBomb) to 'Default' (00000000-0000-0000-0000-000000000000), initiated by Anonymous with 28 arguments
[2026-02-12 23:57:33.246 DBG] ActionQueue :: 'Default' (00000000-0000-0000-0000-000000000000) :: Enqueue action 93109664-9d73-4243-bc30-9de4ad0d2894
[2026-02-12 23:57:33.246 DBG] ActionQueue :: 'Default' (00000000-0000-0000-0000-000000000000) :: Handling queue
[2026-02-12 23:57:33.246 DBG] ActionQueue :: 'Default' (00000000-0000-0000-0000-000000000000) :: Performing non-blocking 'StoreEvent' (93109664-9d73-4243-bc30-9de4ad0d2894, 1a2ae0d1-1e6d-49f9-88a0-32a680f1452e), initiated by Anonymous with 29 arguments
[2026-02-12 23:57:33.247 DBG] InlineCode :: Running default entry point from instance 'da12532e-409a-4657-90f3-7f33754477d6'
[2026-02-12 23:57:36.316 DBG] ActionDispatcher :: Queueing 'OpenCatchupGUI' (4b9c38cb-6e34-4424-b495-708569065139, Test) to 'Default' (00000000-0000-0000-0000-000000000000), with 9 arguments
[2026-02-12 23:57:36.316 DBG] ActionQueue :: 'Default' (00000000-0000-0000-0000-000000000000) :: Enqueue action 4b9c38cb-6e34-4424-b495-708569065139
[2026-02-12 23:57:36.316 DBG] ActionQueue :: 'Default' (00000000-0000-0000-0000-000000000000) :: Handling queue
[2026-02-12 23:57:36.316 DBG] ActionQueue :: 'Default' (00000000-0000-0000-0000-000000000000) :: Performing non-blocking 'OpenCatchupGUI' (4b9c38cb-6e34-4424-b495-708569065139, de098790-27c8-4567-9ee8-96757097921b)
[2026-02-12 23:57:36.316 DBG] InlineCode :: Running default entry point from instance '83084872-4f20-42d2-b90e-4f9b460aed10'
[2026-02-12 23:57:46.064 DBG] ActionDispatcher :: Queueing 'StoreEvent' (93109664-9d73-4243-bc30-9de4ad0d2894, TwitchGiftBomb) to 'Default' (00000000-0000-0000-0000-000000000000), initiated by Anonymous with 28 arguments
[2026-02-12 23:57:46.064 DBG] ActionQueue :: 'Default' (00000000-0000-0000-0000-000000000000) :: Enqueue action 93109664-9d73-4243-bc30-9de4ad0d2894
[2026-02-12 23:57:46.064 DBG] ActionQueue :: 'Default' (00000000-0000-0000-0000-000000000000) :: Handling queue
[2026-02-12 23:57:46.064 DBG] ActionQueue :: 'Default' (00000000-0000-0000-0000-000000000000) :: Performing non-blocking 'StoreEvent' (93109664-9d73-4243-bc30-9de4ad0d2894, a9c7eed7-8976-49f9-a624-7aec3b89a1b4), initiated by Anonymous with 29 arguments
[2026-02-12 23:57:46.064 DBG] InlineCode :: Running default entry point from instance 'da12532e-409a-4657-90f3-7f33754477d6'
[2026-02-12 23:57:48.469 DBG] ActionDispatcher :: Queueing 'OpenCatchupGUI' (4b9c38cb-6e34-4424-b495-708569065139, Test) to 'Default' (00000000-0000-0000-0000-000000000000), with 9 arguments
[2026-02-12 23:57:48.469 DBG] ActionQueue :: 'Default' (00000000-0000-0000-0000-000000000000) :: Enqueue action 4b9c38cb-6e34-4424-b495-708569065139
[2026-02-12 23:57:48.469 DBG] ActionQueue :: 'Default' (00000000-0000-0000-0000-000000000000) :: Handling queue
[2026-02-12 23:57:48.469 DBG] ActionQueue :: 'Default' (00000000-0000-0000-0000-000000000000) :: Performing non-blocking 'OpenCatchupGUI' (4b9c38cb-6e34-4424-b495-708569065139, 1e7de86e-7a3f-4d6d-9c32-2b5da23c25d9)
[2026-02-12 23:57:48.470 DBG] InlineCode :: Running default entry point from instance '83084872-4f20-42d2-b90e-4f9b460aed10'
[2026-02-12 23:57:56.470 DBG] ViewerRepo :: UpdatePresence(twitch, 5), 0.0326ms
[2026-02-12 23:57:56.559 DBG] TwitchService :: Presence Timer :: Artificially updated presence with a threshold of 5 minutes (89.3397ms)
[2026-02-12 23:57:56.768 DBG] OBS :: Retrying obs connection to OBS (127.0.0.1:4455)
[2026-02-12 23:57:56.768 DBG] OBS :: Opening websocket connection to OBS (127.0.0.1:4455)
[2026-02-12 23:57:56.768 DBG] OBS-Websocket5 :: Opening connection (ws://127.0.0.1:4455/api/websocket)
[2026-02-12 23:57:58.825 DBG] OBS-Websocket5 :: Disconnected
[2026-02-12 23:57:58.825 DBG] OBS :: Disconnected from OBS (127.0.0.1:4455)
[2026-02-12 23:58:28.833 DBG] OBS :: Retrying obs connection to OBS (127.0.0.1:4455)
[2026-02-12 23:58:28.833 DBG] OBS :: Opening websocket connection to OBS (127.0.0.1:4455)
[2026-02-12 23:58:28.833 DBG] OBS-Websocket5 :: Opening connection (ws://127.0.0.1:4455/api/websocket)
[2026-02-12 23:58:30.892 DBG] OBS-Websocket5 :: Disconnected
[2026-02-12 23:58:30.892 DBG] OBS :: Disconnected from OBS (127.0.0.1:4455)
[2026-02-12 23:58:38.060 DBG] ActionDispatcher :: Queueing 'StoreEvent' (93109664-9d73-4243-bc30-9de4ad0d2894, TwitchGiftBomb) to 'Default' (00000000-0000-0000-0000-000000000000), initiated by not_keekz with 28 arguments
[2026-02-12 23:58:38.060 DBG] ActionQueue :: 'Default' (00000000-0000-0000-0000-000000000000) :: Enqueue action 93109664-9d73-4243-bc30-9de4ad0d2894
[2026-02-12 23:58:38.060 DBG] ActionQueue :: 'Default' (00000000-0000-0000-0000-000000000000) :: Handling queue
[2026-02-12 23:58:38.060 DBG] ActionQueue :: 'Default' (00000000-0000-0000-0000-000000000000) :: Performing non-blocking 'StoreEvent' (93109664-9d73-4243-bc30-9de4ad0d2894, 346482df-0a9a-40af-8948-d17bba0ff366), initiated by not_keekz with 29 arguments
[2026-02-12 23:58:38.060 DBG] InlineCode :: Running default entry point from instance 'da12532e-409a-4657-90f3-7f33754477d6'
[2026-02-12 23:58:42.294 DBG] ActionDispatcher :: Queueing 'OpenCatchupGUI' (4b9c38cb-6e34-4424-b495-708569065139, Test) to 'Default' (00000000-0000-0000-0000-000000000000), with 9 arguments
[2026-02-12 23:58:42.294 DBG] ActionQueue :: 'Default' (00000000-0000-0000-0000-000000000000) :: Enqueue action 4b9c38cb-6e34-4424-b495-708569065139
[2026-02-12 23:58:42.294 DBG] ActionQueue :: 'Default' (00000000-0000-0000-0000-000000000000) :: Handling queue
[2026-02-12 23:58:42.294 DBG] ActionQueue :: 'Default' (00000000-0000-0000-0000-000000000000) :: Performing non-blocking 'OpenCatchupGUI' (4b9c38cb-6e34-4424-b495-708569065139, f965a3cb-e387-4c38-9b40-94e64aa70458)
[2026-02-12 23:58:42.294 DBG] InlineCode :: Running default entry point from instance '83084872-4f20-42d2-b90e-4f9b460aed10'
[2026-02-12 23:58:56.473 DBG] ViewerRepo :: UpdatePresence(twitch, 5), 0.0298ms
[2026-02-12 23:58:56.570 DBG] TwitchService :: Presence Timer :: Artificially updated presence with a threshold of 5 minutes (97.1956ms)
[2026-02-12 23:59:00.895 DBG] OBS :: Retrying obs connection to OBS (127.0.0.1:4455)
[2026-02-12 23:59:00.895 DBG] OBS :: Opening websocket connection to OBS (127.0.0.1:4455)
[2026-02-12 23:59:00.895 DBG] OBS-Websocket5 :: Opening connection (ws://127.0.0.1:4455/api/websocket)
[2026-02-12 23:59:02.941 DBG] OBS-Websocket5 :: Disconnected
[2026-02-12 23:59:02.941 DBG] OBS :: Disconnected from OBS (127.0.0.1:4455)
[2026-02-12 23:59:07.742 DBG] ActionDispatcher :: Queueing 'StoreEvent' (93109664-9d73-4243-bc30-9de4ad0d2894, TwitchGiftBomb) to 'Default' (00000000-0000-0000-0000-000000000000), initiated by Anonymous with 28 arguments
[2026-02-12 23:59:07.742 DBG] ActionQueue :: 'Default' (00000000-0000-0000-0000-000000000000) :: Enqueue action 93109664-9d73-4243-bc30-9de4ad0d2894
[2026-02-12 23:59:07.742 DBG] ActionQueue :: 'Default' (00000000-0000-0000-0000-000000000000) :: Handling queue
[2026-02-12 23:59:07.742 DBG] ActionQueue :: 'Default' (00000000-0000-0000-0000-000000000000) :: Performing non-blocking 'StoreEvent' (93109664-9d73-4243-bc30-9de4ad0d2894, b8ec7344-ab0d-4b39-b4c0-41fe4956fc11), initiated by Anonymous with 29 arguments
[2026-02-12 23:59:07.743 DBG] InlineCode :: Running default entry point from instance 'da12532e-409a-4657-90f3-7f33754477d6'
[2026-02-12 23:59:10.436 DBG] ActionDispatcher :: Queueing 'OpenCatchupGUI' (4b9c38cb-6e34-4424-b495-708569065139, Test) to 'Default' (00000000-0000-0000-0000-000000000000), with 9 arguments
[2026-02-12 23:59:10.436 DBG] ActionQueue :: 'Default' (00000000-0000-0000-0000-000000000000) :: Enqueue action 4b9c38cb-6e34-4424-b495-708569065139
[2026-02-12 23:59:10.436 DBG] ActionQueue :: 'Default' (00000000-0000-0000-0000-000000000000) :: Handling queue
[2026-02-12 23:59:10.436 DBG] ActionQueue :: 'Default' (00000000-0000-0000-0000-000000000000) :: Performing non-blocking 'OpenCatchupGUI' (4b9c38cb-6e34-4424-b495-708569065139, 9b4ca9c7-2506-48e8-8302-6d90cc4008e5)
[2026-02-12 23:59:10.436 DBG] InlineCode :: Running default entry point from instance '83084872-4f20-42d2-b90e-4f9b460aed10'
[2026-02-12 23:59:32.956 DBG] OBS :: Retrying obs connection to OBS (127.0.0.1:4455)
[2026-02-12 23:59:32.956 DBG] OBS :: Opening websocket connection to OBS (127.0.0.1:4455)
[2026-02-12 23:59:32.956 DBG] OBS-Websocket5 :: Opening connection (ws://127.0.0.1:4455/api/websocket)
[2026-02-12 23:59:34.986 DBG] OBS-Websocket5 :: Disconnected
[2026-02-12 23:59:34.986 DBG] OBS :: Disconnected from OBS (127.0.0.1:4455)
[2026-02-12 23:59:48.151 DBG] ActionDispatcher :: Queueing 'Sub Goal' (361aa588-5f31-4e19-b8a5-099cae52479d, TimedAction) to 'Default' (00000000-0000-0000-0000-000000000000), with 11 arguments
[2026-02-12 23:59:48.151 DBG] ActionQueue :: 'Default' (00000000-0000-0000-0000-000000000000) :: Enqueue action 361aa588-5f31-4e19-b8a5-099cae52479d
[2026-02-12 23:59:48.151 DBG] ActionQueue :: 'Default' (00000000-0000-0000-0000-000000000000) :: Handling queue
[2026-02-12 23:59:48.151 DBG] ActionQueue :: 'Default' (00000000-0000-0000-0000-000000000000) :: Performing non-blocking 'Sub Goal' (361aa588-5f31-4e19-b8a5-099cae52479d, f1872f7a-123b-4fb7-a4cb-d42a94c36fa0)
[2026-02-12 23:59:48.402 DBG] Credits :: Time to save 17.3099ms
[2026-02-12 23:59:53.577 DBG] AutoSave :: Auto saving settings...
[2026-02-12 23:59:53.597 DBG] Users :: Time to save 20.4753ms
[2026-02-12 23:59:53.620 DBG] Actions :: Time to save 23.0677ms
[2026-02-12 23:59:53.635 DBG] Commands :: Time to save 14.6359ms
[2026-02-12 23:59:53.655 DBG] Twitch Rewards :: Time to save 20.2371ms
[2026-02-12 23:59:53.671 DBG] Midi :: Time to save 15.7301ms
[2026-02-12 23:59:53.687 DBG] OBS Settings :: Time to save 15.2257ms
[2026-02-12 23:59:53.698 DBG] MeldStudio Settings :: Time to save 11.511ms
[2026-02-12 23:59:53.713 DBG] Credits :: Time to save 15.6735ms
[2026-02-12 23:59:53.731 DBG] Quotes :: Time to save 18.1387ms
[2026-02-12 23:59:53.799 DBG] Config :: Time to save 19.1196ms
[2026-02-12 23:59:56.479 DBG] ViewerRepo :: UpdatePresence(twitch, 5), 0.0306ms
[2026-02-12 23:59:56.573 DBG] TwitchService :: Presence Timer :: Artificially updated presence with a threshold of 5 minutes (93.7033ms)
