[2026-02-24 21:58:54.709 INF] Streamer.bot (1.0.4)
[2026-02-24 21:58:54.711 INF] Startup Path: C:\Users\littl\Documents\GitHub\AtomSmasherStreamerbot
[2026-02-24 21:58:54.711 INF] Startup Args: 
[2026-02-24 21:58:54.711 INF] Startup Mode: UI
[2026-02-24 21:58:54.712 INF] Logging Level: Debug
[2026-02-24 21:58:54.712 INF] Instance Id: 06fed1eb-4928-42ca-9057-06594f534c13
[2026-02-24 21:58:54.712 INF] Instance Name: Streamer.bot
[2026-02-24 21:58:54.712 INF] Operating System: Windows
[2026-02-24 21:58:54.712 INF] UserInteractive: True
[2026-02-24 21:58:54.712 INF] WebView2: Found (v145.0.3800.70)
[2026-02-24 21:58:54.719 INF] Backing up data files
[2026-02-24 21:58:54.988 INF] Loading config
[2026-02-24 21:58:55.025 INF] Streamer.bot (1.0.4)
[2026-02-24 21:58:55.027 INF] Startup Path: C:\Users\littl\Documents\GitHub\AtomSmasherStreamerbot
[2026-02-24 21:58:55.027 INF] Startup Args: 
[2026-02-24 21:58:55.027 INF] Startup Mode: UI
[2026-02-24 21:58:55.028 INF] Logging Level: Debug
[2026-02-24 21:58:55.028 INF] Instance Id: 06fed1eb-4928-42ca-9057-06594f534c13
[2026-02-24 21:58:55.028 INF] Instance Name: Streamer.bot
[2026-02-24 21:58:55.028 INF] Operating System: Windows
[2026-02-24 21:58:55.028 INF] UserInteractive: True
[2026-02-24 21:58:55.028 INF] WebView2: Found (v145.0.3800.70)
[2026-02-24 21:58:55.613 INF] Users :: Upgrade checks finished, 4.3382ms
[2026-02-24 21:58:55.630 DBG] Users :: Loaded 166 users.
[2026-02-24 21:58:55.679 DBG] Twitch Rewards :: Loaded 24 rewards.
[2026-02-24 21:58:58.157 DBG] Actions :: Loaded 143 actions.
[2026-02-24 21:58:58.165 DBG] OBS Settings :: Loaded.
[2026-02-24 21:58:58.172 DBG] MeldStudio Settings :: Loaded.
[2026-02-24 21:58:58.199 DBG] Commands :: Loaded 42 commands.
[2026-02-24 21:58:58.390 DBG] MIDI :: Loaded 0 actions.
[2026-02-24 21:58:58.690 DBG] Credits :: Performing auto reset of data, 126.249838742639 > 12
[2026-02-24 21:58:59.361 INF] Streamer.bot Service :: Logging into account
[2026-02-24 21:58:59.479 INF] Streamer.bot Service :: Account (firehair) authenticated
[2026-02-24 21:59:05.885 DBG] Events Service :: Starting event queue thread
[2026-02-24 21:59:05.885 DBG] Events Service :: Starting raw event queue thread
[2026-02-24 21:59:05.886 DBG] Events Service :: Starting application event queue thread
[2026-02-24 21:59:05.889 DBG] Trigger Service :: Initialized
[2026-02-24 21:59:05.894 DBG] ActionQueue :: Starting queue 00000000-0000-0000-0000-000000000000 thread
[2026-02-24 21:59:05.895 DBG] ActionQueue :: Starting queue b010a7bd-2056-4238-9302-fad378219231 thread
[2026-02-24 21:59:05.895 DBG] ActionQueue :: Starting queue 8c6ed466-566c-4b26-93c9-9338de27fff4 thread
[2026-02-24 21:59:05.895 DBG] ActionQueue :: Starting queue e0693c07-e52a-4914-a5b9-5a5a01e74b15 thread
[2026-02-24 21:59:05.895 DBG] ActionQueue :: Starting queue 1955c224-a7c9-41c0-9077-40868553d18a thread
[2026-02-24 21:59:05.895 DBG] ActionQueue :: Starting queue f5b88e4c-33be-41a6-a453-02af0b6c4fc3 thread
[2026-02-24 21:59:05.903 DBG] Quotes :: Loaded 8 quotes.
[2026-02-24 21:59:06.005 DBG] Viewers :: 9.7797ms to populate view model
[2026-02-24 21:59:06.377 INF] Streamer.bot Service :: Connecting to Website Client
[2026-02-24 21:59:06.380 DBG] Streamer.bot Website Socket :: Opening connection
[2026-02-24 21:59:06.390 DBG] OBS Service :: Starting event thread
[2026-02-24 21:59:06.390 DBG] MeldStudio Service :: Starting event thread
[2026-02-24 21:59:06.397 DBG] TwitchService :: Initializing
[2026-02-24 21:59:06.406 DBG] TwitchService :: Logging into Broadcaster account
[2026-02-24 21:59:06.414 DBG] OBS :: Opening websocket connection to OBS (127.0.0.1:4455)
[2026-02-24 21:59:06.415 DBG] TwitchService :: Logging into Bot account
[2026-02-24 21:59:06.419 DBG] OBS-Websocket5 :: Opening connection (ws://127.0.0.1:4455/api/websocket)
[2026-02-24 21:59:06.421 DBG] Websocket Client :: Auto connecting to clients
[2026-02-24 21:59:06.423 DBG] Websocket Custom Server :: Auto starting servers
[2026-02-24 21:59:06.424 DBG] Websocket Server :: Starting server (ws://127.0.0.1:8080)
[2026-02-24 21:59:06.425 DBG] Websocket Server (Godot Websocket) :: Starting server (ws://127.0.0.1:9090/)
[2026-02-24 21:59:06.429 DBG] Websocket Server :: Starting queue thread
[2026-02-24 21:59:06.429 DBG] Websocket Server (Godot Websocket) :: Starting message queue thread
[2026-02-24 21:59:06.432 DBG] Websocket Server :: Starting command queue thread
[2026-02-24 21:59:06.440 INF] MIDI Service :: Initializing 0 MIDI devices
[2026-02-24 21:59:06.442 INF] SpeechToText :: Initializing recognition engine
[2026-02-24 21:59:06.442 DBG] MIDI Service :: Starting event thread
[2026-02-24 21:59:06.443 DBG] UsbRemovalWatcher :: Disposed
[2026-02-24 21:59:06.449 INF] Input Service: Found 3 valid key inputs.
[2026-02-24 21:59:06.562 DBG] OBS :: Connected to OBS (127.0.0.1:4455)
[2026-02-24 21:59:06.653 INF] Streamer.bot Service :: Website Client authenticated
[2026-02-24 21:59:06.654 INF] Streamer.bot Service :: Connected to Website Client
[2026-02-24 21:59:06.675 DBG] SpeechToText :: Starting recognition engine
[2026-02-24 21:59:06.678 DBG] SpeechToText :: Starting queue thread
[2026-02-24 21:59:06.844 INF] TwitchService :: Fetching Bot account information
[2026-02-24 21:59:06.875 INF] TwitchService :: Fetching Broadcaster account information
[2026-02-24 21:59:07.062 INF] TwitchService :: Bot account (atomsmasherbot) authenticated
[2026-02-24 21:59:07.065 INF] TwitchService :: Connecting to Bot EventSub
[2026-02-24 21:59:07.070 DBG] Twitch EventSub (Bot) :: Opening connection
[2026-02-24 21:59:07.101 INF] TwitchService :: Broadcaster account (atomsmasher101) authenticated
[2026-02-24 21:59:07.102 INF] StreamElements :: Logging into account
[2026-02-24 21:59:07.230 DBG] Twitch Service :: Initializing Third Party Emote Handlers
[2026-02-24 21:59:07.233 DBG] Twitch Service :: Init rest
[2026-02-24 21:59:07.233 INF] StreamElements :: Account (atomsmasher101) authenticated
[2026-02-24 21:59:07.234 INF] 7TV :: Initializing user '50822403', on twitch
[2026-02-24 21:59:07.235 INF] StreamElements Service :: Connecting to Client
[2026-02-24 21:59:07.239 DBG] StreamElements Socket :: Opening connection
[2026-02-24 21:59:07.245 INF] BTTV :: Initializing user '50822403', on twitch
[2026-02-24 21:59:07.247 INF] BetterTTV.Socket :: Connecting to BTTV WebSocket, monitoring for changes for user '50822403' on twitch
[2026-02-24 21:59:07.255 INF] FFZ :: Initializing user 'atomsmasher101' (50822403), on twitch
[2026-02-24 21:59:07.257 DBG] Twitch EventSub (Bot) :: Subscribing to 1 events
[2026-02-24 21:59:07.296 INF] BTTV :: Loaded 65 global emotes
[2026-02-24 21:59:07.367 ERR] BTTV :: Response error NotFound from BTTV channel endpoint.
[2026-02-24 21:59:07.373 INF] FFZ :: Loaded 15 global emotes
[2026-02-24 21:59:07.459 WRN] FFZ :: Room not found, user does not have channel emotes configured.
[2026-02-24 21:59:07.459 INF] FFZ :: Loaded 0 channel emotes
[2026-02-24 21:59:07.529 INF] BTTV :: WebSocket Connected
[2026-02-24 21:59:07.535 INF] StreamElements Service :: Connected to Client
[2026-02-24 21:59:07.563 INF] TwitchService :: Connected to Bot EventSub, and authenticated
[2026-02-24 21:59:07.651 DBG] Twitch Service :: Loaded 224 Twitch badges
[2026-02-24 21:59:07.742 DBG] Twitch Service :: Loaded 33 Twitch cheer emotes
[2026-02-24 21:59:07.768 DBG] Twitch Rewards :: Time to save 25.6188ms
[2026-02-24 21:59:08.096 INF] 7TV :: Loaded 44 global emotes
[2026-02-24 21:59:08.279 ERR] 7TV :: Response error NotFound from 7TV channel endpoint.
[2026-02-24 21:59:09.242 DBG] Twitch Service :: Loaded 585 Twitch user emotes
[2026-02-24 21:59:09.631 DBG] Getting viewers for channel "atomsmasher101" (4)
[2026-02-24 21:59:09.632 DBG] Twitch Service :: Fetched viewers for channel (4)
[2026-02-24 21:59:09.635 DBG] Twitch Service :: (4) - Existing: 4, New Users: 0 (3.2585ms)
[2026-02-24 21:59:09.635 DBG] Twitch Service :: Viewers init in 390.4427ms
[2026-02-24 21:59:09.638 DBG] Twitch Service :: Loading editors for channel atomsmasher101
[2026-02-24 21:59:09.763 DBG] Twitch Service :: Found 7 editors for channel atomsmasher101
[2026-02-24 21:59:09.944 INF] Twitch Service :: Found 13 Moderators for the channel atomsmasher101
[2026-02-24 21:59:10.104 INF] Twitch Service :: Found 18 VIPs for the channel atomsmasher101
[2026-02-24 21:59:10.106 DBG] ViewerRepo :: Time to update mods and VIPs, 0.8722ms (nm: 0, em: 1, nv: 0, ev: 0, ru: 1)
[2026-02-24 21:59:10.106 DBG] Twitch Service :: Time to update/add mods and vips for the channel atomsmasher101, 341.575ms
[2026-02-24 21:59:10.109 DBG] Twitch Service :: Loading subscribers for atomsmasher101
[2026-02-24 21:59:10.414 DBG] Twitch Service :: "AtomSmasher101" has 12 subscriptions.
[2026-02-24 21:59:10.457 INF] TwitchService :: Connecting to Broadcaster Chat Client
[2026-02-24 21:59:10.463 INF] TwitchService :: Connecting to Broadcaster EventSub
[2026-02-24 21:59:10.463 DBG] Twitch EventSub (Broadcaster) :: Opening connection
[2026-02-24 21:59:10.587 DBG] Twitch EventSub (Broadcaster) :: Subscribing to 56 events
[2026-02-24 21:59:10.592 DBG] Twitch (Broadcaster) :: Opening connection
[2026-02-24 21:59:10.667 DBG] Twitch (Broadcaster) :: Connected to irc.chat.twitch.tv:6697 (44.237.40.50:6697)
[2026-02-24 21:59:10.667 DBG] Twitch (Broadcaster) :: Negotiating SSL stream with irc.chat.twitch.tv
[2026-02-24 21:59:10.795 DBG] Twitch (Broadcaster) :: Twitch Client Socket opened
[2026-02-24 21:59:10.928 DBG] Twitch (Broadcaster) :: Listening and Authenticated
[2026-02-24 21:59:10.931 DBG] Twitch (Broadcaster) :: Joining chanel #atomsmasher101
[2026-02-24 21:59:10.934 INF] TwitchService :: Connected to Broadcaster Chat Client
[2026-02-24 21:59:15.617 INF] TwitchService :: Connected to Broadcaster EventSub, and authenticated
[2026-02-24 21:59:26.823 DBG] Websocket Server :: Connection Opened :: 925439e7c6894924813e34976ab31fbf
[2026-02-24 21:59:26.855 DBG] ActionDispatcher :: Queueing 'SaveCelebrationConfig' (287a2306-0e50-4ba7-bd77-948e96d208ac) to 'Default' (00000000-0000-0000-0000-000000000000), with 8 arguments
[2026-02-24 21:59:26.860 DBG] ActionQueue :: 'Default' (00000000-0000-0000-0000-000000000000) :: Enqueue action 287a2306-0e50-4ba7-bd77-948e96d208ac
[2026-02-24 21:59:26.860 DBG] ActionQueue :: 'Default' (00000000-0000-0000-0000-000000000000) :: Handling queue
[2026-02-24 21:59:26.867 DBG] ActionQueue :: 'Default' (00000000-0000-0000-0000-000000000000) :: Performing non-blocking 'SaveCelebrationConfig' (287a2306-0e50-4ba7-bd77-948e96d208ac, 386e7919-db95-4931-83a6-152428b792da)
[2026-02-24 21:59:26.872 DBG] Websocket Server :: Connection (925439e7c6894924813e34976ab31fbf) :: Subscribing to: GlobalVariableUpdated,CustomEvent
[2026-02-24 21:59:26.881 DBG] Websocket Server :: Connection (925439e7c6894924813e34976ab31fbf) :: Subscribing to: GlobalVariableUpdated,CustomEvent
[2026-02-24 21:59:26.892 DBG] InlineCode :: Creating and compiling instance for ''
[2026-02-24 21:59:29.934 DBG] InlineCode :: Running default entry point from instance '849860b3-9ec4-4de0-b953-fd0dc305ddd2'
[2026-02-24 21:59:29.965 INF] === SaveCelebrationConfig START ===
[2026-02-24 21:59:29.967 INF] Total arguments received: 9
[2026-02-24 21:59:29.967 INF]   Arg: operation = visuals (type: String)
[2026-02-24 21:59:29.967 INF]   Arg: mode = ensure (type: String)
[2026-02-24 21:59:29.967 INF]   Arg: theme = neon (type: String)
[2026-02-24 21:59:29.967 INF]   Arg: textSize = normal (type: String)
[2026-02-24 21:59:29.967 INF]   Arg: density = comfortable (type: String)
[2026-02-24 21:59:29.967 INF]   Arg: actionId = 287a2306-0e50-4ba7-bd77-948e96d208ac (type: Guid)
[2026-02-24 21:59:29.967 INF]   Arg: actionName = SaveCelebrationConfig (type: String)
[2026-02-24 21:59:29.967 INF]   Arg: runningActionId = 386e7919-db95-4931-83a6-152428b792da (type: Guid)
[2026-02-24 21:59:29.967 INF]   Arg: actionQueuedAt = 2/24/2026 9:59:26 PM (type: DateTime)
[2026-02-24 21:59:29.975 INF] === SaveCelebrationConfig END ===
[2026-02-24 22:00:10.822 DBG] ViewerRepo :: UpdatePresence(twitch, 5), 0.173ms
[2026-02-24 22:00:10.948 DBG] TwitchService :: Presence Timer :: Artificially updated presence with a threshold of 5 minutes (127.8083ms)
[2026-02-24 22:00:49.673 DBG] ActionDispatcher :: Queueing 'Enable Rads' (a6f39ad9-e4df-4cc5-8d10-46e610fa0067, ObsSceneChanged) to 'Default' (00000000-0000-0000-0000-000000000000), with 15 arguments
[2026-02-24 22:00:49.673 DBG] ActionQueue :: 'Default' (00000000-0000-0000-0000-000000000000) :: Enqueue action a6f39ad9-e4df-4cc5-8d10-46e610fa0067
[2026-02-24 22:00:49.673 DBG] ActionQueue :: 'Default' (00000000-0000-0000-0000-000000000000) :: Handling queue
[2026-02-24 22:00:49.673 DBG] ActionQueue :: 'Default' (00000000-0000-0000-0000-000000000000) :: Performing non-blocking 'Enable Rads' (a6f39ad9-e4df-4cc5-8d10-46e610fa0067, 20dbea7c-80d4-4d68-845f-f8943663c22f)
[2026-02-24 22:00:50.863 DBG] ActionDispatcher :: Queueing 'Enable Rads' (a6f39ad9-e4df-4cc5-8d10-46e610fa0067, ObsSceneChanged) to 'Default' (00000000-0000-0000-0000-000000000000), with 15 arguments
[2026-02-24 22:00:50.863 DBG] ActionQueue :: 'Default' (00000000-0000-0000-0000-000000000000) :: Enqueue action a6f39ad9-e4df-4cc5-8d10-46e610fa0067
[2026-02-24 22:00:50.863 DBG] ActionQueue :: 'Default' (00000000-0000-0000-0000-000000000000) :: Handling queue
[2026-02-24 22:00:50.863 DBG] ActionQueue :: 'Default' (00000000-0000-0000-0000-000000000000) :: Performing non-blocking 'Enable Rads' (a6f39ad9-e4df-4cc5-8d10-46e610fa0067, f68d0014-0ee3-432d-9e0e-17e2093dc4aa)
[2026-02-24 22:00:52.555 DBG] ActionDispatcher :: Queueing 'Enable Rads' (a6f39ad9-e4df-4cc5-8d10-46e610fa0067, ObsSceneChanged) to 'Default' (00000000-0000-0000-0000-000000000000), with 15 arguments
[2026-02-24 22:00:52.555 DBG] ActionQueue :: 'Default' (00000000-0000-0000-0000-000000000000) :: Enqueue action a6f39ad9-e4df-4cc5-8d10-46e610fa0067
[2026-02-24 22:00:52.555 DBG] ActionQueue :: 'Default' (00000000-0000-0000-0000-000000000000) :: Handling queue
[2026-02-24 22:00:52.555 DBG] ActionQueue :: 'Default' (00000000-0000-0000-0000-000000000000) :: Performing non-blocking 'Enable Rads' (a6f39ad9-e4df-4cc5-8d10-46e610fa0067, 3bd3c4ca-722c-42f7-aace-04f0bcba53d5)
[2026-02-24 22:01:10.822 DBG] ViewerRepo :: UpdatePresence(twitch, 5), 0.0322ms
[2026-02-24 22:01:10.941 DBG] TwitchService :: Presence Timer :: Artificially updated presence with a threshold of 5 minutes (118.683ms)
[2026-02-24 22:02:07.541 DBG] ActionDispatcher :: Queueing 'Enable Rads' (a6f39ad9-e4df-4cc5-8d10-46e610fa0067, ObsSceneChanged) to 'Default' (00000000-0000-0000-0000-000000000000), with 15 arguments
[2026-02-24 22:02:07.541 DBG] ActionQueue :: 'Default' (00000000-0000-0000-0000-000000000000) :: Enqueue action a6f39ad9-e4df-4cc5-8d10-46e610fa0067
[2026-02-24 22:02:07.541 DBG] ActionQueue :: 'Default' (00000000-0000-0000-0000-000000000000) :: Handling queue
[2026-02-24 22:02:07.541 DBG] ActionQueue :: 'Default' (00000000-0000-0000-0000-000000000000) :: Performing non-blocking 'Enable Rads' (a6f39ad9-e4df-4cc5-8d10-46e610fa0067, 5db8281f-72fd-4440-b598-321d74883e61)
[2026-02-24 22:02:09.641 DBG] ActionDispatcher :: Queueing 'Enable Rads' (a6f39ad9-e4df-4cc5-8d10-46e610fa0067, ObsSceneChanged) to 'Default' (00000000-0000-0000-0000-000000000000), with 15 arguments
[2026-02-24 22:02:09.641 DBG] ActionQueue :: 'Default' (00000000-0000-0000-0000-000000000000) :: Enqueue action a6f39ad9-e4df-4cc5-8d10-46e610fa0067
[2026-02-24 22:02:09.641 DBG] ActionQueue :: 'Default' (00000000-0000-0000-0000-000000000000) :: Handling queue
[2026-02-24 22:02:09.641 DBG] ActionQueue :: 'Default' (00000000-0000-0000-0000-000000000000) :: Performing non-blocking 'Enable Rads' (a6f39ad9-e4df-4cc5-8d10-46e610fa0067, 0046ff3d-57d2-46bf-93d3-b6bd16d1cd17)
[2026-02-24 22:02:10.829 DBG] ViewerRepo :: UpdatePresence(twitch, 5), 0.0308ms
[2026-02-24 22:02:10.945 DBG] TwitchService :: Presence Timer :: Artificially updated presence with a threshold of 5 minutes (116.9599ms)
[2026-02-24 22:02:12.772 DBG] ActionDispatcher :: Queueing 'Enable Rads' (a6f39ad9-e4df-4cc5-8d10-46e610fa0067, ObsSceneChanged) to 'Default' (00000000-0000-0000-0000-000000000000), with 15 arguments
[2026-02-24 22:02:12.772 DBG] ActionQueue :: 'Default' (00000000-0000-0000-0000-000000000000) :: Enqueue action a6f39ad9-e4df-4cc5-8d10-46e610fa0067
[2026-02-24 22:02:12.772 DBG] ActionQueue :: 'Default' (00000000-0000-0000-0000-000000000000) :: Handling queue
[2026-02-24 22:02:12.772 DBG] ActionQueue :: 'Default' (00000000-0000-0000-0000-000000000000) :: Performing non-blocking 'Enable Rads' (a6f39ad9-e4df-4cc5-8d10-46e610fa0067, 8749f749-2c10-4a5c-a7b9-78b619a95a71)
[2026-02-24 22:02:17.641 DBG] ActionDispatcher :: Queueing 'Enable Rads' (a6f39ad9-e4df-4cc5-8d10-46e610fa0067, ObsSceneChanged) to 'Default' (00000000-0000-0000-0000-000000000000), with 15 arguments
[2026-02-24 22:02:17.641 DBG] ActionQueue :: 'Default' (00000000-0000-0000-0000-000000000000) :: Enqueue action a6f39ad9-e4df-4cc5-8d10-46e610fa0067
[2026-02-24 22:02:17.641 DBG] ActionQueue :: 'Default' (00000000-0000-0000-0000-000000000000) :: Handling queue
[2026-02-24 22:02:17.641 DBG] ActionQueue :: 'Default' (00000000-0000-0000-0000-000000000000) :: Performing non-blocking 'Enable Rads' (a6f39ad9-e4df-4cc5-8d10-46e610fa0067, 0cc0647d-b794-4eb9-acc5-16366bd0f2b6)
[2026-02-24 22:02:23.190 DBG] ActionDispatcher :: Queueing 'Enable Rads' (a6f39ad9-e4df-4cc5-8d10-46e610fa0067, ObsSceneChanged) to 'Default' (00000000-0000-0000-0000-000000000000), with 15 arguments
[2026-02-24 22:02:23.190 DBG] ActionQueue :: 'Default' (00000000-0000-0000-0000-000000000000) :: Enqueue action a6f39ad9-e4df-4cc5-8d10-46e610fa0067
[2026-02-24 22:02:23.190 DBG] ActionQueue :: 'Default' (00000000-0000-0000-0000-000000000000) :: Handling queue
[2026-02-24 22:02:23.190 DBG] ActionQueue :: 'Default' (00000000-0000-0000-0000-000000000000) :: Performing non-blocking 'Enable Rads' (a6f39ad9-e4df-4cc5-8d10-46e610fa0067, bc8b5629-d692-45c3-8473-fb5af934850d)
[2026-02-24 22:02:24.322 DBG] ActionDispatcher :: Queueing 'Enable Rads' (a6f39ad9-e4df-4cc5-8d10-46e610fa0067, ObsSceneChanged) to 'Default' (00000000-0000-0000-0000-000000000000), with 15 arguments
[2026-02-24 22:02:24.322 DBG] ActionQueue :: 'Default' (00000000-0000-0000-0000-000000000000) :: Enqueue action a6f39ad9-e4df-4cc5-8d10-46e610fa0067
[2026-02-24 22:02:24.322 DBG] ActionQueue :: 'Default' (00000000-0000-0000-0000-000000000000) :: Handling queue
[2026-02-24 22:02:24.322 DBG] ActionQueue :: 'Default' (00000000-0000-0000-0000-000000000000) :: Performing non-blocking 'Enable Rads' (a6f39ad9-e4df-4cc5-8d10-46e610fa0067, f412a988-e348-4146-b3b4-d344b91e5f77)
[2026-02-24 22:02:32.807 DBG] ActionDispatcher :: Queueing 'Enable Rads' (a6f39ad9-e4df-4cc5-8d10-46e610fa0067, ObsSceneChanged) to 'Default' (00000000-0000-0000-0000-000000000000), with 15 arguments
[2026-02-24 22:02:32.807 DBG] ActionQueue :: 'Default' (00000000-0000-0000-0000-000000000000) :: Enqueue action a6f39ad9-e4df-4cc5-8d10-46e610fa0067
[2026-02-24 22:02:32.807 DBG] ActionQueue :: 'Default' (00000000-0000-0000-0000-000000000000) :: Handling queue
[2026-02-24 22:02:32.807 DBG] ActionQueue :: 'Default' (00000000-0000-0000-0000-000000000000) :: Performing non-blocking 'Enable Rads' (a6f39ad9-e4df-4cc5-8d10-46e610fa0067, b44ba768-56a3-4563-a15e-e84fec9ffec4)
[2026-02-24 22:02:33.207 DBG] ActionDispatcher :: Queueing 'Enable Rads' (a6f39ad9-e4df-4cc5-8d10-46e610fa0067, ObsSceneChanged) to 'Default' (00000000-0000-0000-0000-000000000000), with 15 arguments
[2026-02-24 22:02:33.207 DBG] ActionQueue :: 'Default' (00000000-0000-0000-0000-000000000000) :: Enqueue action a6f39ad9-e4df-4cc5-8d10-46e610fa0067
[2026-02-24 22:02:33.207 DBG] ActionQueue :: 'Default' (00000000-0000-0000-0000-000000000000) :: Handling queue
[2026-02-24 22:02:33.207 DBG] ActionQueue :: 'Default' (00000000-0000-0000-0000-000000000000) :: Performing non-blocking 'Enable Rads' (a6f39ad9-e4df-4cc5-8d10-46e610fa0067, 667aa9bb-beb4-43f5-8106-79f2ff230226)
[2026-02-24 22:02:35.105 DBG] ActionDispatcher :: Queueing 'Enable Rads' (a6f39ad9-e4df-4cc5-8d10-46e610fa0067, ObsSceneChanged) to 'Default' (00000000-0000-0000-0000-000000000000), with 15 arguments
[2026-02-24 22:02:35.105 DBG] ActionQueue :: 'Default' (00000000-0000-0000-0000-000000000000) :: Enqueue action a6f39ad9-e4df-4cc5-8d10-46e610fa0067
[2026-02-24 22:02:35.105 DBG] ActionQueue :: 'Default' (00000000-0000-0000-0000-000000000000) :: Handling queue
[2026-02-24 22:02:35.105 DBG] ActionQueue :: 'Default' (00000000-0000-0000-0000-000000000000) :: Performing non-blocking 'Enable Rads' (a6f39ad9-e4df-4cc5-8d10-46e610fa0067, 7862ede3-2fed-4702-b257-96fe3c6d95a1)
[2026-02-24 22:02:36.041 DBG] ActionDispatcher :: Queueing 'Enable Rads' (a6f39ad9-e4df-4cc5-8d10-46e610fa0067, ObsSceneChanged) to 'Default' (00000000-0000-0000-0000-000000000000), with 15 arguments
[2026-02-24 22:02:36.041 DBG] ActionQueue :: 'Default' (00000000-0000-0000-0000-000000000000) :: Enqueue action a6f39ad9-e4df-4cc5-8d10-46e610fa0067
[2026-02-24 22:02:36.041 DBG] ActionQueue :: 'Default' (00000000-0000-0000-0000-000000000000) :: Handling queue
[2026-02-24 22:02:36.041 DBG] ActionQueue :: 'Default' (00000000-0000-0000-0000-000000000000) :: Performing non-blocking 'Enable Rads' (a6f39ad9-e4df-4cc5-8d10-46e610fa0067, f752d387-bf8c-49b4-8f2a-64c25748b06a)
[2026-02-24 22:03:10.840 DBG] ViewerRepo :: UpdatePresence(twitch, 5), 0.0332ms
[2026-02-24 22:03:10.957 DBG] TwitchService :: Presence Timer :: Artificially updated presence with a threshold of 5 minutes (118.1159ms)
[2026-02-24 22:03:58.710 DBG] Credits :: Time to save 17.6517ms
[2026-02-24 22:04:05.988 DBG] AutoSave :: Auto saving settings...
[2026-02-24 22:04:06.015 DBG] Users :: Time to save 25.1503ms
[2026-02-24 22:04:06.103 DBG] Actions :: Time to save 86.0064ms
[2026-02-24 22:04:06.127 DBG] Commands :: Time to save 23.833ms
[2026-02-24 22:04:06.150 DBG] Twitch Rewards :: Time to save 21.647ms
[2026-02-24 22:04:06.172 DBG] Midi :: Time to save 19.8385ms
[2026-02-24 22:04:06.194 DBG] OBS Settings :: Time to save 21.3146ms
[2026-02-24 22:04:06.217 DBG] MeldStudio Settings :: Time to save 21.4038ms
[2026-02-24 22:04:06.237 DBG] Credits :: Time to save 20.2349ms
[2026-02-24 22:04:06.265 DBG] Quotes :: Time to save 25.4187ms
[2026-02-24 22:04:06.265 DBG] Config :: Time to save 73.592ms
[2026-02-24 22:04:10.852 DBG] ViewerRepo :: UpdatePresence(twitch, 5), 0.0404ms
[2026-02-24 22:04:10.962 DBG] TwitchService :: Presence Timer :: Artificially updated presence with a threshold of 5 minutes (110.1173ms)
[2026-02-24 22:05:10.868 DBG] ViewerRepo :: UpdatePresence(twitch, 5), 0.0307ms
[2026-02-24 22:05:10.971 DBG] TwitchService :: Presence Timer :: Artificially updated presence with a threshold of 5 minutes (103.0268ms)
[2026-02-24 22:05:30.903 DBG] ActionDispatcher :: Queueing 'Enable Rads' (a6f39ad9-e4df-4cc5-8d10-46e610fa0067, ObsSceneChanged) to 'Default' (00000000-0000-0000-0000-000000000000), with 15 arguments
[2026-02-24 22:05:30.903 DBG] ActionQueue :: 'Default' (00000000-0000-0000-0000-000000000000) :: Enqueue action a6f39ad9-e4df-4cc5-8d10-46e610fa0067
[2026-02-24 22:05:30.903 DBG] ActionQueue :: 'Default' (00000000-0000-0000-0000-000000000000) :: Handling queue
[2026-02-24 22:05:30.903 DBG] ActionQueue :: 'Default' (00000000-0000-0000-0000-000000000000) :: Performing non-blocking 'Enable Rads' (a6f39ad9-e4df-4cc5-8d10-46e610fa0067, 8897b48a-64b4-4e40-835b-3b35f30ea679)
[2026-02-24 22:05:31.772 DBG] ActionDispatcher :: Queueing 'Enable Rads' (a6f39ad9-e4df-4cc5-8d10-46e610fa0067, ObsSceneChanged) to 'Default' (00000000-0000-0000-0000-000000000000), with 15 arguments
[2026-02-24 22:05:31.772 DBG] ActionQueue :: 'Default' (00000000-0000-0000-0000-000000000000) :: Enqueue action a6f39ad9-e4df-4cc5-8d10-46e610fa0067
[2026-02-24 22:05:31.772 DBG] ActionQueue :: 'Default' (00000000-0000-0000-0000-000000000000) :: Handling queue
[2026-02-24 22:05:31.772 DBG] ActionQueue :: 'Default' (00000000-0000-0000-0000-000000000000) :: Performing non-blocking 'Enable Rads' (a6f39ad9-e4df-4cc5-8d10-46e610fa0067, 5ec5fb59-119d-4a99-90d1-b7c7cb21ccdc)
[2026-02-24 22:06:10.879 DBG] ViewerRepo :: UpdatePresence(twitch, 5), 0.137ms
[2026-02-24 22:06:10.980 DBG] TwitchService :: Presence Timer :: Artificially updated presence with a threshold of 5 minutes (101.8546ms)
[2026-02-24 22:07:10.884 DBG] ViewerRepo :: UpdatePresence(twitch, 5), 0.0319ms
[2026-02-24 22:07:10.985 DBG] TwitchService :: Presence Timer :: Artificially updated presence with a threshold of 5 minutes (101.703ms)
[2026-02-24 22:07:59.360 DBG] ActionDispatcher :: Queueing 'Enable Rads' (a6f39ad9-e4df-4cc5-8d10-46e610fa0067, ObsSceneChanged) to 'Default' (00000000-0000-0000-0000-000000000000), with 15 arguments
[2026-02-24 22:07:59.360 DBG] ActionQueue :: 'Default' (00000000-0000-0000-0000-000000000000) :: Enqueue action a6f39ad9-e4df-4cc5-8d10-46e610fa0067
[2026-02-24 22:07:59.360 DBG] ActionQueue :: 'Default' (00000000-0000-0000-0000-000000000000) :: Handling queue
[2026-02-24 22:07:59.360 DBG] ActionQueue :: 'Default' (00000000-0000-0000-0000-000000000000) :: Performing non-blocking 'Enable Rads' (a6f39ad9-e4df-4cc5-8d10-46e610fa0067, 803df28a-a0b2-4f39-a99b-3c7140318432)
[2026-02-24 22:08:10.889 DBG] ViewerRepo :: UpdatePresence(twitch, 5), 0.0349ms
[2026-02-24 22:08:11.005 DBG] TwitchService :: Presence Timer :: Artificially updated presence with a threshold of 5 minutes (115.8805ms)
[2026-02-24 22:08:13.985 DBG] ActionDispatcher :: Queueing 'Enable Rads' (a6f39ad9-e4df-4cc5-8d10-46e610fa0067, ObsSceneChanged) to 'Default' (00000000-0000-0000-0000-000000000000), with 15 arguments
[2026-02-24 22:08:13.986 DBG] ActionQueue :: 'Default' (00000000-0000-0000-0000-000000000000) :: Enqueue action a6f39ad9-e4df-4cc5-8d10-46e610fa0067
[2026-02-24 22:08:13.986 DBG] ActionQueue :: 'Default' (00000000-0000-0000-0000-000000000000) :: Handling queue
[2026-02-24 22:08:13.986 DBG] ActionQueue :: 'Default' (00000000-0000-0000-0000-000000000000) :: Performing non-blocking 'Enable Rads' (a6f39ad9-e4df-4cc5-8d10-46e610fa0067, 06781818-e838-4a8e-a823-b9cc616096db)
[2026-02-24 22:08:56.065 DBG] ActionDispatcher :: Queueing 'Sub Goal' (361aa588-5f31-4e19-b8a5-099cae52479d, TimedAction) to 'Default' (00000000-0000-0000-0000-000000000000), with 11 arguments
[2026-02-24 22:08:56.065 DBG] ActionQueue :: 'Default' (00000000-0000-0000-0000-000000000000) :: Enqueue action 361aa588-5f31-4e19-b8a5-099cae52479d
[2026-02-24 22:08:56.065 DBG] ActionQueue :: 'Default' (00000000-0000-0000-0000-000000000000) :: Handling queue
[2026-02-24 22:08:56.065 DBG] ActionQueue :: 'Default' (00000000-0000-0000-0000-000000000000) :: Performing non-blocking 'Sub Goal' (361aa588-5f31-4e19-b8a5-099cae52479d, 66f3dd7a-46ad-4a55-aad4-2a1cf45d4e6c)
[2026-02-24 22:08:58.705 DBG] Credits :: Time to save 13.8082ms
[2026-02-24 22:09:03.929 DBG] ActionDispatcher :: Queueing 'Meteor' (454f2ad8-ea30-40bd-b8b8-6e0502cad31b, Test) to 'Default' (00000000-0000-0000-0000-000000000000), with 9 arguments
[2026-02-24 22:09:03.929 DBG] ActionQueue :: 'Default' (00000000-0000-0000-0000-000000000000) :: Enqueue action 454f2ad8-ea30-40bd-b8b8-6e0502cad31b
[2026-02-24 22:09:03.929 DBG] ActionQueue :: 'Default' (00000000-0000-0000-0000-000000000000) :: Handling queue
[2026-02-24 22:09:03.929 DBG] ActionQueue :: 'Default' (00000000-0000-0000-0000-000000000000) :: Performing non-blocking 'Meteor' (454f2ad8-ea30-40bd-b8b8-6e0502cad31b, d0f4dc96-35fa-4e19-9737-561f62565e51)
[2026-02-24 22:09:06.334 DBG] AutoSave :: Auto saving settings...
[2026-02-24 22:09:06.351 DBG] Users :: Time to save 16.9948ms
[2026-02-24 22:09:06.371 DBG] Actions :: Time to save 20.7118ms
[2026-02-24 22:09:06.387 DBG] Commands :: Time to save 14.8729ms
[2026-02-24 22:09:06.401 DBG] Twitch Rewards :: Time to save 14.1023ms
[2026-02-24 22:09:06.412 DBG] Midi :: Time to save 11.5203ms
[2026-02-24 22:09:06.425 DBG] OBS Settings :: Time to save 12.7057ms
[2026-02-24 22:09:06.437 DBG] MeldStudio Settings :: Time to save 11.9537ms
[2026-02-24 22:09:06.449 DBG] Credits :: Time to save 12.2692ms
[2026-02-24 22:09:06.463 DBG] Quotes :: Time to save 13.6262ms
[2026-02-24 22:09:06.554 DBG] Config :: Time to save 15.0459ms
[2026-02-24 22:09:10.904 DBG] ViewerRepo :: UpdatePresence(twitch, 5), 0.0306ms
[2026-02-24 22:09:11.021 DBG] TwitchService :: Presence Timer :: Artificially updated presence with a threshold of 5 minutes (116.7547ms)
[2026-02-24 22:09:20.989 DBG] ActionDispatcher :: Queueing 'Enable Rads' (a6f39ad9-e4df-4cc5-8d10-46e610fa0067, ObsSceneChanged) to 'Default' (00000000-0000-0000-0000-000000000000), with 15 arguments
[2026-02-24 22:09:20.989 DBG] ActionQueue :: 'Default' (00000000-0000-0000-0000-000000000000) :: Enqueue action a6f39ad9-e4df-4cc5-8d10-46e610fa0067
[2026-02-24 22:09:20.989 DBG] ActionQueue :: 'Default' (00000000-0000-0000-0000-000000000000) :: Handling queue
[2026-02-24 22:09:20.989 DBG] ActionQueue :: 'Default' (00000000-0000-0000-0000-000000000000) :: Performing non-blocking 'Enable Rads' (a6f39ad9-e4df-4cc5-8d10-46e610fa0067, d92cd1d8-f720-41a9-8d71-3cf04c40b8e9)
[2026-02-24 22:09:31.241 DBG] ActionDispatcher :: Queueing 'Meteor' (454f2ad8-ea30-40bd-b8b8-6e0502cad31b, Test) to 'Default' (00000000-0000-0000-0000-000000000000), with 9 arguments
[2026-02-24 22:09:31.241 DBG] ActionQueue :: 'Default' (00000000-0000-0000-0000-000000000000) :: Enqueue action 454f2ad8-ea30-40bd-b8b8-6e0502cad31b
[2026-02-24 22:09:31.241 DBG] ActionQueue :: 'Default' (00000000-0000-0000-0000-000000000000) :: Handling queue
[2026-02-24 22:09:31.241 DBG] ActionQueue :: 'Default' (00000000-0000-0000-0000-000000000000) :: Performing non-blocking 'Meteor' (454f2ad8-ea30-40bd-b8b8-6e0502cad31b, 33efa5bd-cd1d-4fe0-b227-0ad34ce62f48)
[2026-02-24 22:09:48.303 DBG] ActionDispatcher :: Queueing 'Enable Rads' (a6f39ad9-e4df-4cc5-8d10-46e610fa0067, ObsSceneChanged) to 'Default' (00000000-0000-0000-0000-000000000000), with 15 arguments
[2026-02-24 22:09:48.303 DBG] ActionQueue :: 'Default' (00000000-0000-0000-0000-000000000000) :: Enqueue action a6f39ad9-e4df-4cc5-8d10-46e610fa0067
[2026-02-24 22:09:48.303 DBG] ActionQueue :: 'Default' (00000000-0000-0000-0000-000000000000) :: Handling queue
[2026-02-24 22:09:48.303 DBG] ActionQueue :: 'Default' (00000000-0000-0000-0000-000000000000) :: Performing non-blocking 'Enable Rads' (a6f39ad9-e4df-4cc5-8d10-46e610fa0067, 6f75ecb4-8b62-492f-a05a-b0059d608e71)
[2026-02-24 22:10:10.912 DBG] ViewerRepo :: UpdatePresence(twitch, 5), 0.033ms
[2026-02-24 22:10:11.042 DBG] TwitchService :: Presence Timer :: Artificially updated presence with a threshold of 5 minutes (129.7719ms)
[2026-02-24 22:10:37.610 DBG] ActionDispatcher :: Queueing 'StoreEvent' (93109664-9d73-4243-bc30-9de4ad0d2894, TwitchSub) to 'Default' (00000000-0000-0000-0000-000000000000), initiated by imsimbasimpin with 34 arguments
[2026-02-24 22:10:37.610 DBG] ActionQueue :: 'Default' (00000000-0000-0000-0000-000000000000) :: Enqueue action 93109664-9d73-4243-bc30-9de4ad0d2894
[2026-02-24 22:10:37.610 DBG] ActionQueue :: 'Default' (00000000-0000-0000-0000-000000000000) :: Handling queue
[2026-02-24 22:10:37.610 DBG] ActionQueue :: 'Default' (00000000-0000-0000-0000-000000000000) :: Performing non-blocking 'StoreEvent' (93109664-9d73-4243-bc30-9de4ad0d2894, ea8d9880-549a-488d-9bec-3dffe02fb14c), initiated by imsimbasimpin with 35 arguments
[2026-02-24 22:10:37.611 DBG] InlineCode :: Creating and compiling instance for ''
[2026-02-24 22:10:37.739 DBG] InlineCode :: Running default entry point from instance 'eeb2956c-0513-4f8e-b440-1f822ab1b5f2'
[2026-02-24 22:10:47.234 DBG] Websocket Server :: Connection Closed :: 925439e7c6894924813e34976ab31fbf
[2026-02-24 22:10:47.310 DBG] Websocket Server :: Connection Opened :: ffb4664c41374bbf9f4799734b697c31
[2026-02-24 22:10:47.312 DBG] ActionDispatcher :: Queueing 'SaveCelebrationConfig' (287a2306-0e50-4ba7-bd77-948e96d208ac) to 'Default' (00000000-0000-0000-0000-000000000000), with 8 arguments
[2026-02-24 22:10:47.312 DBG] ActionQueue :: 'Default' (00000000-0000-0000-0000-000000000000) :: Enqueue action 287a2306-0e50-4ba7-bd77-948e96d208ac
[2026-02-24 22:10:47.312 DBG] ActionQueue :: 'Default' (00000000-0000-0000-0000-000000000000) :: Handling queue
[2026-02-24 22:10:47.312 DBG] ActionQueue :: 'Default' (00000000-0000-0000-0000-000000000000) :: Performing non-blocking 'SaveCelebrationConfig' (287a2306-0e50-4ba7-bd77-948e96d208ac, 170f1b0b-190c-4b6e-b414-c832ccaafe9a)
[2026-02-24 22:10:47.313 DBG] InlineCode :: Running default entry point from instance '849860b3-9ec4-4de0-b953-fd0dc305ddd2'
[2026-02-24 22:10:47.313 INF] === SaveCelebrationConfig START ===
[2026-02-24 22:10:47.313 INF] Total arguments received: 9
[2026-02-24 22:10:47.313 INF]   Arg: operation = visuals (type: String)
[2026-02-24 22:10:47.313 INF]   Arg: mode = ensure (type: String)
[2026-02-24 22:10:47.313 INF]   Arg: theme = neon (type: String)
[2026-02-24 22:10:47.313 INF]   Arg: textSize = normal (type: String)
[2026-02-24 22:10:47.313 INF]   Arg: density = comfortable (type: String)
[2026-02-24 22:10:47.313 DBG] Websocket Server :: Connection (ffb4664c41374bbf9f4799734b697c31) :: Subscribing to: GlobalVariableUpdated,CustomEvent
[2026-02-24 22:10:47.313 INF]   Arg: actionId = 287a2306-0e50-4ba7-bd77-948e96d208ac (type: Guid)
[2026-02-24 22:10:47.313 INF]   Arg: actionName = SaveCelebrationConfig (type: String)
[2026-02-24 22:10:47.313 INF]   Arg: runningActionId = 170f1b0b-190c-4b6e-b414-c832ccaafe9a (type: Guid)
[2026-02-24 22:10:47.313 INF]   Arg: actionQueuedAt = 2/24/2026 10:10:47 PM (type: DateTime)
[2026-02-24 22:10:47.316 DBG] Websocket Server :: Connection (ffb4664c41374bbf9f4799734b697c31) :: Subscribing to: GlobalVariableUpdated,CustomEvent
[2026-02-24 22:10:47.317 INF] === SaveCelebrationConfig END ===
[2026-02-24 22:10:51.145 DBG] ActionDispatcher :: Queueing 'CelebrationManager' (120425d6-f1cd-44f2-a5e5-f67f3f848693) to 'Default' (00000000-0000-0000-0000-000000000000), with 5 arguments
[2026-02-24 22:10:51.145 DBG] ActionQueue :: 'Default' (00000000-0000-0000-0000-000000000000) :: Enqueue action 120425d6-f1cd-44f2-a5e5-f67f3f848693
[2026-02-24 22:10:51.145 DBG] ActionQueue :: 'Default' (00000000-0000-0000-0000-000000000000) :: Handling queue
[2026-02-24 22:10:51.145 DBG] ActionQueue :: 'Default' (00000000-0000-0000-0000-000000000000) :: Performing non-blocking 'CelebrationManager' (120425d6-f1cd-44f2-a5e5-f67f3f848693, 198ed743-f24d-4ac7-87d8-d31f70e0542d)
[2026-02-24 22:10:51.145 DBG] InlineCode :: Creating and compiling instance for ''
[2026-02-24 22:10:51.629 DBG] InlineCode :: Running default entry point from instance '0604cf7e-1025-450c-83f2-d5fe2c4af433'
[2026-02-24 22:10:52.021 DBG] ActionDispatcher :: Queueing 'Thanks For The Sub' (4f9c909c-c712-443a-8b75-92a193218e00) to 'Blocking Queue' (b010a7bd-2056-4238-9302-fad378219231), with 32 arguments
[2026-02-24 22:10:52.021 DBG] ActionQueue :: 'Blocking Queue' (b010a7bd-2056-4238-9302-fad378219231) :: Enqueue action 4f9c909c-c712-443a-8b75-92a193218e00
[2026-02-24 22:10:52.021 DBG] ActionQueue :: 'Blocking Queue' (b010a7bd-2056-4238-9302-fad378219231) :: Handling queue
[2026-02-24 22:10:52.021 DBG] ActionQueue :: 'Blocking Queue' (b010a7bd-2056-4238-9302-fad378219231) :: Performing blocking 'Thanks For The Sub' (4f9c909c-c712-443a-8b75-92a193218e00, a442ffac-0a2d-478b-b645-987e6e278190)
[2026-02-24 22:10:52.021 DBG] InlineCode :: Creating and compiling instance for ''
[2026-02-24 22:10:52.036 DBG] ActionDispatcher :: Queueing 'Dino Overlay Handler' (fa727ab5-3c5b-4cb8-9983-d0235febc863, GlobalVariableUpdated) to 'Default' (00000000-0000-0000-0000-000000000000), with 13 arguments
[2026-02-24 22:10:52.037 DBG] ActionQueue :: 'Default' (00000000-0000-0000-0000-000000000000) :: Enqueue action fa727ab5-3c5b-4cb8-9983-d0235febc863
[2026-02-24 22:10:52.037 DBG] ActionQueue :: 'Default' (00000000-0000-0000-0000-000000000000) :: Handling queue
[2026-02-24 22:10:52.037 DBG] ActionQueue :: 'Default' (00000000-0000-0000-0000-000000000000) :: Performing non-blocking 'Dino Overlay Handler' (fa727ab5-3c5b-4cb8-9983-d0235febc863, 255adb72-0ea7-4ae5-9e35-e596dddd4d1d)
[2026-02-24 22:10:52.037 DBG] InlineCode :: Creating and compiling instance for ''
[2026-02-24 22:10:52.075 DBG] ActionDispatcher :: Queueing 'SimpleHero09' (0d274ee2-adb7-4948-9780-719a8de618d4, TwitchChatMessage) to 'Default' (00000000-0000-0000-0000-000000000000), initiated by atomsmasherbot with 70 arguments
[2026-02-24 22:10:52.075 DBG] ActionQueue :: 'Default' (00000000-0000-0000-0000-000000000000) :: Enqueue action 0d274ee2-adb7-4948-9780-719a8de618d4
[2026-02-24 22:10:52.075 DBG] ActionQueue :: 'Default' (00000000-0000-0000-0000-000000000000) :: Handling queue
[2026-02-24 22:10:52.075 DBG] ActionQueue :: 'Default' (00000000-0000-0000-0000-000000000000) :: Performing non-blocking 'SimpleHero09' (0d274ee2-adb7-4948-9780-719a8de618d4, 1af57f12-ab1f-4d35-8805-1aa38670c43b), initiated by atomsmasherbot with 71 arguments
[2026-02-24 22:10:52.077 DBG] ActionDispatcher :: Queueing 'TheMediocreLlama' (03f8a7a3-f259-47c1-a5f6-2f7ec12e23c6, TwitchChatMessage) to 'Default' (00000000-0000-0000-0000-000000000000), initiated by atomsmasherbot with 70 arguments
[2026-02-24 22:10:52.077 DBG] ActionQueue :: 'Default' (00000000-0000-0000-0000-000000000000) :: Enqueue action 03f8a7a3-f259-47c1-a5f6-2f7ec12e23c6
[2026-02-24 22:10:52.077 DBG] ActionQueue :: 'Default' (00000000-0000-0000-0000-000000000000) :: Handling queue
[2026-02-24 22:10:52.077 DBG] ActionQueue :: 'Default' (00000000-0000-0000-0000-000000000000) :: Performing non-blocking 'TheMediocreLlama' (03f8a7a3-f259-47c1-a5f6-2f7ec12e23c6, 685d6d9b-a839-4cdd-bdf7-0430f2b6b8c7), initiated by atomsmasherbot with 71 arguments
[2026-02-24 22:10:52.079 DBG] ActionDispatcher :: Queueing 'Flaurety' (53e7be3d-3ae9-4e9f-ae66-00df77662785, TwitchChatMessage) to 'Default' (00000000-0000-0000-0000-000000000000), initiated by atomsmasherbot with 70 arguments
[2026-02-24 22:10:52.079 DBG] ActionQueue :: 'Default' (00000000-0000-0000-0000-000000000000) :: Enqueue action 53e7be3d-3ae9-4e9f-ae66-00df77662785
[2026-02-24 22:10:52.079 DBG] ActionQueue :: 'Default' (00000000-0000-0000-0000-000000000000) :: Handling queue
[2026-02-24 22:10:52.079 DBG] ActionQueue :: 'Default' (00000000-0000-0000-0000-000000000000) :: Performing non-blocking 'Flaurety' (53e7be3d-3ae9-4e9f-ae66-00df77662785, 7a68562c-a653-427b-a850-c1ca12b5467f), initiated by atomsmasherbot with 71 arguments
[2026-02-24 22:10:52.081 DBG] ActionDispatcher :: Queueing 'VolanRadooga' (72a5f04d-5499-4c3e-b172-f8a03de49d0b, TwitchChatMessage) to 'Default' (00000000-0000-0000-0000-000000000000), initiated by atomsmasherbot with 70 arguments
[2026-02-24 22:10:52.081 DBG] ActionQueue :: 'Default' (00000000-0000-0000-0000-000000000000) :: Enqueue action 72a5f04d-5499-4c3e-b172-f8a03de49d0b
[2026-02-24 22:10:52.081 DBG] ActionQueue :: 'Default' (00000000-0000-0000-0000-000000000000) :: Handling queue
[2026-02-24 22:10:52.081 DBG] ActionQueue :: 'Default' (00000000-0000-0000-0000-000000000000) :: Performing non-blocking 'VolanRadooga' (72a5f04d-5499-4c3e-b172-f8a03de49d0b, 6d98b6d3-9649-486d-bf15-4cf39ae31ca9), initiated by atomsmasherbot with 71 arguments
[2026-02-24 22:10:52.083 DBG] ActionDispatcher :: Queueing 'Pratchetty' (4004afd7-6782-4f82-a057-433804324454, TwitchChatMessage) to 'Default' (00000000-0000-0000-0000-000000000000), initiated by atomsmasherbot with 70 arguments
[2026-02-24 22:10:52.083 DBG] ActionQueue :: 'Default' (00000000-0000-0000-0000-000000000000) :: Enqueue action 4004afd7-6782-4f82-a057-433804324454
[2026-02-24 22:10:52.083 DBG] ActionQueue :: 'Default' (00000000-0000-0000-0000-000000000000) :: Handling queue
[2026-02-24 22:10:52.083 DBG] ActionQueue :: 'Default' (00000000-0000-0000-0000-000000000000) :: Performing non-blocking 'Pratchetty' (4004afd7-6782-4f82-a057-433804324454, 1e479d05-b16c-4899-83cd-bca320bd32de), initiated by atomsmasherbot with 71 arguments
[2026-02-24 22:10:52.085 DBG] ActionDispatcher :: Queueing 'Birdie_223' (f25861ac-4ad8-49c6-b2a1-6b8504cf92af, TwitchChatMessage) to 'Default' (00000000-0000-0000-0000-000000000000), initiated by atomsmasherbot with 70 arguments
[2026-02-24 22:10:52.085 DBG] ActionQueue :: 'Default' (00000000-0000-0000-0000-000000000000) :: Enqueue action f25861ac-4ad8-49c6-b2a1-6b8504cf92af
[2026-02-24 22:10:52.085 DBG] ActionQueue :: 'Default' (00000000-0000-0000-0000-000000000000) :: Handling queue
[2026-02-24 22:10:52.085 DBG] ActionQueue :: 'Default' (00000000-0000-0000-0000-000000000000) :: Performing non-blocking 'Birdie_223' (f25861ac-4ad8-49c6-b2a1-6b8504cf92af, a7325051-9222-4684-80cd-62e83f12238c), initiated by atomsmasherbot with 71 arguments
[2026-02-24 22:10:52.087 DBG] ActionDispatcher :: Queueing 'Awes0meN81' (8f7732b9-751d-478e-9248-7b4451145f77, TwitchChatMessage) to 'Default' (00000000-0000-0000-0000-000000000000), initiated by atomsmasherbot with 70 arguments
[2026-02-24 22:10:52.087 DBG] ActionQueue :: 'Default' (00000000-0000-0000-0000-000000000000) :: Enqueue action 8f7732b9-751d-478e-9248-7b4451145f77
[2026-02-24 22:10:52.087 DBG] ActionQueue :: 'Default' (00000000-0000-0000-0000-000000000000) :: Handling queue
[2026-02-24 22:10:52.087 DBG] ActionQueue :: 'Default' (00000000-0000-0000-0000-000000000000) :: Performing non-blocking 'Awes0meN81' (8f7732b9-751d-478e-9248-7b4451145f77, aea67437-8681-4b92-a0e1-b5c4de889a53), initiated by atomsmasherbot with 71 arguments
[2026-02-24 22:10:52.090 DBG] ActionDispatcher :: Queueing 'keek_z' (3b101e4e-bbac-45ac-80a4-9c98901f194f, TwitchChatMessage) to 'Default' (00000000-0000-0000-0000-000000000000), initiated by atomsmasherbot with 70 arguments
[2026-02-24 22:10:52.090 DBG] ActionQueue :: 'Default' (00000000-0000-0000-0000-000000000000) :: Enqueue action 3b101e4e-bbac-45ac-80a4-9c98901f194f
[2026-02-24 22:10:52.090 DBG] ActionQueue :: 'Default' (00000000-0000-0000-0000-000000000000) :: Handling queue
[2026-02-24 22:10:52.090 DBG] ActionQueue :: 'Default' (00000000-0000-0000-0000-000000000000) :: Performing non-blocking 'keek_z' (3b101e4e-bbac-45ac-80a4-9c98901f194f, c27a2c4b-7ed7-402c-aed1-f26d34d89fa5), initiated by atomsmasherbot with 71 arguments
[2026-02-24 22:10:52.099 DBG] InlineCode :: Running default entry point from instance '1aa58a70-600d-4e4a-acec-3aeba5248b15'
[2026-02-24 22:10:52.121 DBG] InlineCode :: Running default entry point from instance '18712f45-4d68-4b3f-8ac9-5cf5da48ef86'
[2026-02-24 22:10:52.123 DBG] InlineCode :: Creating and compiling instance for 'Swap To Room Cam w/ Gameplay'
[2026-02-24 22:10:52.222 DBG] InlineCode :: Running default entry point from instance '66d86dff-fdad-42a0-b4bb-45a4f61a8a05'
[2026-02-24 22:11:10.916 DBG] ViewerRepo :: UpdatePresence(twitch, 5), 0.0328ms
[2026-02-24 22:11:11.021 DBG] TwitchService :: Presence Timer :: Artificially updated presence with a threshold of 5 minutes (104.9809ms)
[2026-02-24 22:11:39.442 DBG] InlineCode :: Creating and compiling instance for 'Swap to Main from Room Cam w/ Gameplay'
[2026-02-24 22:11:39.514 DBG] InlineCode :: Running default entry point from instance 'fa6011ca-1a31-4cc8-8a47-85a34ed9ce93'
[2026-02-24 22:11:40.191 DBG] ActionDispatcher :: Queueing 'Enable Rads' (a6f39ad9-e4df-4cc5-8d10-46e610fa0067, ObsSceneChanged) to 'Default' (00000000-0000-0000-0000-000000000000), with 15 arguments
[2026-02-24 22:11:40.191 DBG] ActionQueue :: 'Default' (00000000-0000-0000-0000-000000000000) :: Enqueue action a6f39ad9-e4df-4cc5-8d10-46e610fa0067
[2026-02-24 22:11:40.191 DBG] ActionQueue :: 'Default' (00000000-0000-0000-0000-000000000000) :: Handling queue
[2026-02-24 22:11:40.191 DBG] ActionQueue :: 'Default' (00000000-0000-0000-0000-000000000000) :: Performing non-blocking 'Enable Rads' (a6f39ad9-e4df-4cc5-8d10-46e610fa0067, d106b2cb-b48f-4ded-a6b0-376b33786581)
[2026-02-24 22:12:10.916 DBG] ViewerRepo :: UpdatePresence(twitch, 5), 0.0312ms
[2026-02-24 22:12:11.032 DBG] TwitchService :: Presence Timer :: Artificially updated presence with a threshold of 5 minutes (115.7494ms)
[2026-02-24 22:12:12.721 DBG] ActionDispatcher :: Queueing 'Enable Rads' (a6f39ad9-e4df-4cc5-8d10-46e610fa0067, ObsSceneChanged) to 'Default' (00000000-0000-0000-0000-000000000000), with 15 arguments
[2026-02-24 22:12:12.721 DBG] ActionQueue :: 'Default' (00000000-0000-0000-0000-000000000000) :: Enqueue action a6f39ad9-e4df-4cc5-8d10-46e610fa0067
[2026-02-24 22:12:12.721 DBG] ActionQueue :: 'Default' (00000000-0000-0000-0000-000000000000) :: Handling queue
[2026-02-24 22:12:12.721 DBG] ActionQueue :: 'Default' (00000000-0000-0000-0000-000000000000) :: Performing non-blocking 'Enable Rads' (a6f39ad9-e4df-4cc5-8d10-46e610fa0067, 101b4139-a4b6-4315-aff4-792f33be3d3c)
[2026-02-24 22:13:09.910 DBG] ActionDispatcher :: Queueing 'Enable Rads' (a6f39ad9-e4df-4cc5-8d10-46e610fa0067, ObsSceneChanged) to 'Default' (00000000-0000-0000-0000-000000000000), with 15 arguments
[2026-02-24 22:13:09.910 DBG] ActionQueue :: 'Default' (00000000-0000-0000-0000-000000000000) :: Enqueue action a6f39ad9-e4df-4cc5-8d10-46e610fa0067
[2026-02-24 22:13:09.910 DBG] ActionQueue :: 'Default' (00000000-0000-0000-0000-000000000000) :: Handling queue
[2026-02-24 22:13:09.910 DBG] ActionQueue :: 'Default' (00000000-0000-0000-0000-000000000000) :: Performing non-blocking 'Enable Rads' (a6f39ad9-e4df-4cc5-8d10-46e610fa0067, 32b52818-61cf-4669-8663-ec1fd2cda982)
[2026-02-24 22:13:10.922 DBG] ViewerRepo :: UpdatePresence(twitch, 5), 0.0302ms
[2026-02-24 22:13:11.045 DBG] TwitchService :: Presence Timer :: Artificially updated presence with a threshold of 5 minutes (124.0602ms)
[2026-02-24 22:13:22.355 DBG] ActionDispatcher :: Queueing 'Enable Rads' (a6f39ad9-e4df-4cc5-8d10-46e610fa0067, ObsSceneChanged) to 'Default' (00000000-0000-0000-0000-000000000000), with 15 arguments
[2026-02-24 22:13:22.355 DBG] ActionQueue :: 'Default' (00000000-0000-0000-0000-000000000000) :: Enqueue action a6f39ad9-e4df-4cc5-8d10-46e610fa0067
[2026-02-24 22:13:22.355 DBG] ActionQueue :: 'Default' (00000000-0000-0000-0000-000000000000) :: Handling queue
[2026-02-24 22:13:22.355 DBG] ActionQueue :: 'Default' (00000000-0000-0000-0000-000000000000) :: Performing non-blocking 'Enable Rads' (a6f39ad9-e4df-4cc5-8d10-46e610fa0067, f5964589-7b05-481a-8580-67530b396e60)
[2026-02-24 22:13:25.005 DBG] ActionDispatcher :: Queueing 'Enable Rads' (a6f39ad9-e4df-4cc5-8d10-46e610fa0067, ObsSceneChanged) to 'Default' (00000000-0000-0000-0000-000000000000), with 15 arguments
[2026-02-24 22:13:25.005 DBG] ActionQueue :: 'Default' (00000000-0000-0000-0000-000000000000) :: Enqueue action a6f39ad9-e4df-4cc5-8d10-46e610fa0067
[2026-02-24 22:13:25.005 DBG] ActionQueue :: 'Default' (00000000-0000-0000-0000-000000000000) :: Handling queue
[2026-02-24 22:13:25.005 DBG] ActionDispatcher :: Queueing 'Stop Collecting on Main and Facecam' (d1bb873e-8623-431a-8999-0077ee8a5311, ObsSceneChanged) to 'Default' (00000000-0000-0000-0000-000000000000), with 15 arguments
[2026-02-24 22:13:25.005 DBG] ActionQueue :: 'Default' (00000000-0000-0000-0000-000000000000) :: Performing non-blocking 'Enable Rads' (a6f39ad9-e4df-4cc5-8d10-46e610fa0067, 7cf52f38-3281-491f-bce9-edcb58e121bd)
[2026-02-24 22:13:25.005 DBG] ActionQueue :: 'Default' (00000000-0000-0000-0000-000000000000) :: Enqueue action d1bb873e-8623-431a-8999-0077ee8a5311
[2026-02-24 22:13:25.005 DBG] ActionQueue :: 'Default' (00000000-0000-0000-0000-000000000000) :: Handling queue
[2026-02-24 22:13:25.005 DBG] ActionQueue :: 'Default' (00000000-0000-0000-0000-000000000000) :: Performing non-blocking 'Stop Collecting on Main and Facecam' (d1bb873e-8623-431a-8999-0077ee8a5311, 68d3b956-eb01-43be-90c3-760ee34afbe9)
[2026-02-24 22:13:30.281 DBG] Websocket Server :: Connection Closed :: ffb4664c41374bbf9f4799734b697c31
[2026-02-24 22:13:30.362 DBG] Websocket Server :: Connection Opened :: 59bfe263f8544393a1ec3a891cf24488
[2026-02-24 22:13:30.365 DBG] Websocket Server :: Connection (59bfe263f8544393a1ec3a891cf24488) :: Subscribing to: GlobalVariableUpdated,CustomEvent
[2026-02-24 22:13:30.367 DBG] Websocket Server :: Connection (59bfe263f8544393a1ec3a891cf24488) :: Subscribing to: GlobalVariableUpdated,CustomEvent
[2026-02-24 22:13:45.525 DBG] ActionDispatcher :: Queueing 'Enable Rads' (a6f39ad9-e4df-4cc5-8d10-46e610fa0067, ObsSceneChanged) to 'Default' (00000000-0000-0000-0000-000000000000), with 15 arguments
[2026-02-24 22:13:45.525 DBG] ActionQueue :: 'Default' (00000000-0000-0000-0000-000000000000) :: Enqueue action a6f39ad9-e4df-4cc5-8d10-46e610fa0067
[2026-02-24 22:13:45.525 DBG] ActionQueue :: 'Default' (00000000-0000-0000-0000-000000000000) :: Handling queue
[2026-02-24 22:13:45.525 DBG] ActionDispatcher :: Queueing 'Start Collecting on Be Right Back and Starting Soon' (a646f6ce-8a41-47d6-a014-1bbb985c8471, ObsSceneChanged) to 'Default' (00000000-0000-0000-0000-000000000000), with 15 arguments
[2026-02-24 22:13:45.525 DBG] ActionQueue :: 'Default' (00000000-0000-0000-0000-000000000000) :: Performing non-blocking 'Enable Rads' (a6f39ad9-e4df-4cc5-8d10-46e610fa0067, b8a512fa-1c66-48ba-b833-a1def3becd7f)
[2026-02-24 22:13:45.525 DBG] ActionQueue :: 'Default' (00000000-0000-0000-0000-000000000000) :: Enqueue action a646f6ce-8a41-47d6-a014-1bbb985c8471
[2026-02-24 22:13:45.525 DBG] ActionQueue :: 'Default' (00000000-0000-0000-0000-000000000000) :: Handling queue
[2026-02-24 22:13:45.525 DBG] ActionQueue :: 'Default' (00000000-0000-0000-0000-000000000000) :: Performing non-blocking 'Start Collecting on Be Right Back and Starting Soon' (a646f6ce-8a41-47d6-a014-1bbb985c8471, 531c63fd-ce08-460c-bd37-76e9099d089a)
[2026-02-24 22:13:53.333 DBG] Websocket Server :: Connection Closed :: 59bfe263f8544393a1ec3a891cf24488
[2026-02-24 22:13:53.364 DBG] Websocket Server :: Connection Opened :: 7d8b1afb748c48c28a25b777a6a35200
[2026-02-24 22:13:53.366 DBG] ActionDispatcher :: Queueing 'SaveCelebrationConfig' (287a2306-0e50-4ba7-bd77-948e96d208ac) to 'Default' (00000000-0000-0000-0000-000000000000), with 8 arguments
[2026-02-24 22:13:53.366 DBG] ActionQueue :: 'Default' (00000000-0000-0000-0000-000000000000) :: Enqueue action 287a2306-0e50-4ba7-bd77-948e96d208ac
[2026-02-24 22:13:53.366 DBG] ActionQueue :: 'Default' (00000000-0000-0000-0000-000000000000) :: Handling queue
[2026-02-24 22:13:53.366 DBG] ActionQueue :: 'Default' (00000000-0000-0000-0000-000000000000) :: Performing non-blocking 'SaveCelebrationConfig' (287a2306-0e50-4ba7-bd77-948e96d208ac, c20ba421-cbba-4040-be12-91df7f35cc79)
[2026-02-24 22:13:53.366 DBG] InlineCode :: Running default entry point from instance '849860b3-9ec4-4de0-b953-fd0dc305ddd2'
[2026-02-24 22:13:53.366 DBG] Websocket Server :: Connection (7d8b1afb748c48c28a25b777a6a35200) :: Subscribing to: GlobalVariableUpdated,CustomEvent
[2026-02-24 22:13:53.366 INF] === SaveCelebrationConfig START ===
[2026-02-24 22:13:53.366 INF] Total arguments received: 9
[2026-02-24 22:13:53.366 INF]   Arg: operation = visuals (type: String)
[2026-02-24 22:13:53.367 INF]   Arg: mode = ensure (type: String)
[2026-02-24 22:13:53.367 INF]   Arg: theme = neon (type: String)
[2026-02-24 22:13:53.367 INF]   Arg: textSize = normal (type: String)
[2026-02-24 22:13:53.367 INF]   Arg: density = comfortable (type: String)
[2026-02-24 22:13:53.367 INF]   Arg: actionId = 287a2306-0e50-4ba7-bd77-948e96d208ac (type: Guid)
[2026-02-24 22:13:53.367 INF]   Arg: actionName = SaveCelebrationConfig (type: String)
[2026-02-24 22:13:53.367 INF]   Arg: runningActionId = c20ba421-cbba-4040-be12-91df7f35cc79 (type: Guid)
[2026-02-24 22:13:53.367 INF]   Arg: actionQueuedAt = 2/24/2026 10:13:53 PM (type: DateTime)
[2026-02-24 22:13:53.370 DBG] Websocket Server :: Connection (7d8b1afb748c48c28a25b777a6a35200) :: Subscribing to: GlobalVariableUpdated,CustomEvent
[2026-02-24 22:13:53.371 INF] === SaveCelebrationConfig END ===
[2026-02-24 22:13:57.178 DBG] ActionDispatcher :: Queueing 'StoreEvent' (93109664-9d73-4243-bc30-9de4ad0d2894, TwitchCheer) to 'Default' (00000000-0000-0000-0000-000000000000), initiated by middors with 38 arguments
[2026-02-24 22:13:57.178 DBG] ActionQueue :: 'Default' (00000000-0000-0000-0000-000000000000) :: Enqueue action 93109664-9d73-4243-bc30-9de4ad0d2894
[2026-02-24 22:13:57.178 DBG] ActionQueue :: 'Default' (00000000-0000-0000-0000-000000000000) :: Handling queue
[2026-02-24 22:13:57.178 DBG] ActionQueue :: 'Default' (00000000-0000-0000-0000-000000000000) :: Performing non-blocking 'StoreEvent' (93109664-9d73-4243-bc30-9de4ad0d2894, a6058f0a-fd23-48af-803f-0a3fc6f2162e), initiated by middors with 39 arguments
[2026-02-24 22:13:57.178 DBG] InlineCode :: Running default entry point from instance 'eeb2956c-0513-4f8e-b440-1f822ab1b5f2'
[2026-02-24 22:13:58.730 DBG] Credits :: Time to save 22.5552ms
[2026-02-24 22:14:03.449 DBG] ActionDispatcher :: Queueing 'CelebrationManager' (120425d6-f1cd-44f2-a5e5-f67f3f848693) to 'Default' (00000000-0000-0000-0000-000000000000), with 5 arguments
[2026-02-24 22:14:03.449 DBG] ActionQueue :: 'Default' (00000000-0000-0000-0000-000000000000) :: Enqueue action 120425d6-f1cd-44f2-a5e5-f67f3f848693
[2026-02-24 22:14:03.449 DBG] ActionQueue :: 'Default' (00000000-0000-0000-0000-000000000000) :: Handling queue
[2026-02-24 22:14:03.449 DBG] ActionQueue :: 'Default' (00000000-0000-0000-0000-000000000000) :: Performing non-blocking 'CelebrationManager' (120425d6-f1cd-44f2-a5e5-f67f3f848693, 51fd127a-badd-4a9f-a67d-2e00bcf5570e)
[2026-02-24 22:14:03.449 DBG] InlineCode :: Running default entry point from instance '0604cf7e-1025-450c-83f2-d5fe2c4af433'
[2026-02-24 22:14:03.465 INF] Skipped celebration for Middors
[2026-02-24 22:14:06.559 DBG] AutoSave :: Auto saving settings...
[2026-02-24 22:14:06.579 DBG] Users :: Time to save 20.8463ms
[2026-02-24 22:14:06.606 DBG] Actions :: Time to save 27.0909ms
[2026-02-24 22:14:06.626 DBG] Commands :: Time to save 19.9738ms
[2026-02-24 22:14:06.646 DBG] Twitch Rewards :: Time to save 19.6511ms
[2026-02-24 22:14:06.664 DBG] Midi :: Time to save 17.3683ms
[2026-02-24 22:14:06.681 DBG] OBS Settings :: Time to save 17.3799ms
[2026-02-24 22:14:06.700 DBG] MeldStudio Settings :: Time to save 18.5296ms
[2026-02-24 22:14:06.716 DBG] Credits :: Time to save 17.272ms
[2026-02-24 22:14:06.736 DBG] Quotes :: Time to save 19.0482ms
[2026-02-24 22:14:06.781 DBG] Config :: Time to save 21.2539ms
[2026-02-24 22:14:10.930 DBG] ViewerRepo :: UpdatePresence(twitch, 5), 0.0521ms
[2026-02-24 22:14:11.034 DBG] TwitchService :: Presence Timer :: Artificially updated presence with a threshold of 5 minutes (104.7508ms)
[2026-02-24 22:15:10.933 DBG] ViewerRepo :: UpdatePresence(twitch, 5), 0.0446ms
[2026-02-24 22:15:11.059 DBG] TwitchService :: Presence Timer :: Artificially updated presence with a threshold of 5 minutes (126.7525ms)
[2026-02-24 22:15:47.407 DBG] ActionDispatcher :: Queueing 'Enable Rads' (a6f39ad9-e4df-4cc5-8d10-46e610fa0067, ObsSceneChanged) to 'Default' (00000000-0000-0000-0000-000000000000), with 15 arguments
[2026-02-24 22:15:47.407 DBG] ActionQueue :: 'Default' (00000000-0000-0000-0000-000000000000) :: Enqueue action a6f39ad9-e4df-4cc5-8d10-46e610fa0067
[2026-02-24 22:15:47.407 DBG] ActionQueue :: 'Default' (00000000-0000-0000-0000-000000000000) :: Handling queue
[2026-02-24 22:15:47.407 DBG] ActionDispatcher :: Queueing 'Stop Collecting on Main and Facecam' (d1bb873e-8623-431a-8999-0077ee8a5311, ObsSceneChanged) to 'Default' (00000000-0000-0000-0000-000000000000), with 15 arguments
[2026-02-24 22:15:47.407 DBG] ActionQueue :: 'Default' (00000000-0000-0000-0000-000000000000) :: Performing non-blocking 'Enable Rads' (a6f39ad9-e4df-4cc5-8d10-46e610fa0067, 71a53f86-9578-45d0-bb07-1d2663d788f7)
[2026-02-24 22:15:47.407 DBG] ActionQueue :: 'Default' (00000000-0000-0000-0000-000000000000) :: Enqueue action d1bb873e-8623-431a-8999-0077ee8a5311
[2026-02-24 22:15:47.407 DBG] ActionQueue :: 'Default' (00000000-0000-0000-0000-000000000000) :: Handling queue
[2026-02-24 22:15:47.407 DBG] ActionQueue :: 'Default' (00000000-0000-0000-0000-000000000000) :: Performing non-blocking 'Stop Collecting on Main and Facecam' (d1bb873e-8623-431a-8999-0077ee8a5311, 32c97546-77d9-4f74-bdce-6bb59b8075e3)
[2026-02-24 22:15:51.695 DBG] Websocket Server :: Connection Closed :: 7d8b1afb748c48c28a25b777a6a35200
[2026-02-24 22:15:51.761 DBG] Websocket Server :: Connection Opened :: 80143eb94adc4148b989a3985d7d71a4
[2026-02-24 22:15:51.765 DBG] ActionDispatcher :: Queueing 'SaveCelebrationConfig' (287a2306-0e50-4ba7-bd77-948e96d208ac) to 'Default' (00000000-0000-0000-0000-000000000000), with 8 arguments
[2026-02-24 22:15:51.765 DBG] ActionQueue :: 'Default' (00000000-0000-0000-0000-000000000000) :: Enqueue action 287a2306-0e50-4ba7-bd77-948e96d208ac
[2026-02-24 22:15:51.765 DBG] ActionQueue :: 'Default' (00000000-0000-0000-0000-000000000000) :: Handling queue
[2026-02-24 22:15:51.765 DBG] ActionQueue :: 'Default' (00000000-0000-0000-0000-000000000000) :: Performing non-blocking 'SaveCelebrationConfig' (287a2306-0e50-4ba7-bd77-948e96d208ac, e1e89ce3-a780-4abd-b618-89c521cff069)
[2026-02-24 22:15:51.765 DBG] InlineCode :: Running default entry point from instance '849860b3-9ec4-4de0-b953-fd0dc305ddd2'
[2026-02-24 22:15:51.765 DBG] Websocket Server :: Connection (80143eb94adc4148b989a3985d7d71a4) :: Subscribing to: GlobalVariableUpdated,CustomEvent
[2026-02-24 22:15:51.765 INF] === SaveCelebrationConfig START ===
[2026-02-24 22:15:51.765 INF] Total arguments received: 9
[2026-02-24 22:15:51.765 INF]   Arg: operation = visuals (type: String)
[2026-02-24 22:15:51.765 INF]   Arg: mode = ensure (type: String)
[2026-02-24 22:15:51.765 INF]   Arg: theme = neon (type: String)
[2026-02-24 22:15:51.765 INF]   Arg: textSize = normal (type: String)
[2026-02-24 22:15:51.765 INF]   Arg: density = comfortable (type: String)
[2026-02-24 22:15:51.765 INF]   Arg: actionId = 287a2306-0e50-4ba7-bd77-948e96d208ac (type: Guid)
[2026-02-24 22:15:51.765 INF]   Arg: actionName = SaveCelebrationConfig (type: String)
[2026-02-24 22:15:51.765 INF]   Arg: runningActionId = e1e89ce3-a780-4abd-b618-89c521cff069 (type: Guid)
[2026-02-24 22:15:51.766 INF]   Arg: actionQueuedAt = 2/24/2026 10:15:51 PM (type: DateTime)
[2026-02-24 22:15:51.769 DBG] Websocket Server :: Connection (80143eb94adc4148b989a3985d7d71a4) :: Subscribing to: GlobalVariableUpdated,CustomEvent
[2026-02-24 22:15:51.769 INF] === SaveCelebrationConfig END ===
[2026-02-24 22:16:00.223 DBG] Websocket Server :: Connection Closed :: 80143eb94adc4148b989a3985d7d71a4
[2026-02-24 22:16:00.252 DBG] Websocket Server :: Connection Opened :: 67ad858430794901bd4fde4b13df9b61
[2026-02-24 22:16:00.256 DBG] ActionDispatcher :: Queueing 'SaveCelebrationConfig' (287a2306-0e50-4ba7-bd77-948e96d208ac) to 'Default' (00000000-0000-0000-0000-000000000000), with 8 arguments
[2026-02-24 22:16:00.256 DBG] ActionQueue :: 'Default' (00000000-0000-0000-0000-000000000000) :: Enqueue action 287a2306-0e50-4ba7-bd77-948e96d208ac
[2026-02-24 22:16:00.256 DBG] ActionQueue :: 'Default' (00000000-0000-0000-0000-000000000000) :: Handling queue
[2026-02-24 22:16:00.256 DBG] ActionQueue :: 'Default' (00000000-0000-0000-0000-000000000000) :: Performing non-blocking 'SaveCelebrationConfig' (287a2306-0e50-4ba7-bd77-948e96d208ac, 8c1b73d3-6e82-41dd-b612-634a28273a61)
[2026-02-24 22:16:00.256 DBG] InlineCode :: Running default entry point from instance '849860b3-9ec4-4de0-b953-fd0dc305ddd2'
[2026-02-24 22:16:00.256 INF] === SaveCelebrationConfig START ===
[2026-02-24 22:16:00.256 INF] Total arguments received: 9
[2026-02-24 22:16:00.256 INF]   Arg: operation = visuals (type: String)
[2026-02-24 22:16:00.256 INF]   Arg: mode = ensure (type: String)
[2026-02-24 22:16:00.256 INF]   Arg: theme = neon (type: String)
[2026-02-24 22:16:00.256 INF]   Arg: textSize = normal (type: String)
[2026-02-24 22:16:00.256 INF]   Arg: density = comfortable (type: String)
[2026-02-24 22:16:00.256 INF]   Arg: actionId = 287a2306-0e50-4ba7-bd77-948e96d208ac (type: Guid)
[2026-02-24 22:16:00.256 INF]   Arg: actionName = SaveCelebrationConfig (type: String)
[2026-02-24 22:16:00.256 INF]   Arg: runningActionId = 8c1b73d3-6e82-41dd-b612-634a28273a61 (type: Guid)
[2026-02-24 22:16:00.256 DBG] Websocket Server :: Connection (67ad858430794901bd4fde4b13df9b61) :: Subscribing to: GlobalVariableUpdated,CustomEvent
[2026-02-24 22:16:00.256 INF]   Arg: actionQueuedAt = 2/24/2026 10:16:00 PM (type: DateTime)
[2026-02-24 22:16:00.261 DBG] Websocket Server :: Connection (67ad858430794901bd4fde4b13df9b61) :: Subscribing to: GlobalVariableUpdated,CustomEvent
[2026-02-24 22:16:00.261 INF] === SaveCelebrationConfig END ===
[2026-02-24 22:16:05.392 DBG] ActionDispatcher :: Queueing 'Enable Rads' (a6f39ad9-e4df-4cc5-8d10-46e610fa0067, ObsSceneChanged) to 'Default' (00000000-0000-0000-0000-000000000000), with 15 arguments
[2026-02-24 22:16:05.392 DBG] ActionQueue :: 'Default' (00000000-0000-0000-0000-000000000000) :: Enqueue action a6f39ad9-e4df-4cc5-8d10-46e610fa0067
[2026-02-24 22:16:05.392 DBG] ActionQueue :: 'Default' (00000000-0000-0000-0000-000000000000) :: Handling queue
[2026-02-24 22:16:05.392 DBG] ActionDispatcher :: Queueing 'Start Collecting on Be Right Back and Starting Soon' (a646f6ce-8a41-47d6-a014-1bbb985c8471, ObsSceneChanged) to 'Default' (00000000-0000-0000-0000-000000000000), with 15 arguments
[2026-02-24 22:16:05.392 DBG] ActionQueue :: 'Default' (00000000-0000-0000-0000-000000000000) :: Performing non-blocking 'Enable Rads' (a6f39ad9-e4df-4cc5-8d10-46e610fa0067, 6f614bdf-6d04-47f1-8cc6-e4a0651d42c2)
[2026-02-24 22:16:05.392 DBG] ActionQueue :: 'Default' (00000000-0000-0000-0000-000000000000) :: Enqueue action a646f6ce-8a41-47d6-a014-1bbb985c8471
[2026-02-24 22:16:05.392 DBG] ActionQueue :: 'Default' (00000000-0000-0000-0000-000000000000) :: Handling queue
[2026-02-24 22:16:05.392 DBG] ActionQueue :: 'Default' (00000000-0000-0000-0000-000000000000) :: Performing non-blocking 'Start Collecting on Be Right Back and Starting Soon' (a646f6ce-8a41-47d6-a014-1bbb985c8471, 0891d597-943f-4b18-9bfb-229f576a0832)
[2026-02-24 22:16:07.816 DBG] ActionDispatcher :: Queueing 'StoreEvent' (93109664-9d73-4243-bc30-9de4ad0d2894, TwitchCheer) to 'Default' (00000000-0000-0000-0000-000000000000), initiated by mapleman391 with 38 arguments
[2026-02-24 22:16:07.816 DBG] ActionQueue :: 'Default' (00000000-0000-0000-0000-000000000000) :: Enqueue action 93109664-9d73-4243-bc30-9de4ad0d2894
[2026-02-24 22:16:07.816 DBG] ActionQueue :: 'Default' (00000000-0000-0000-0000-000000000000) :: Handling queue
[2026-02-24 22:16:07.816 DBG] ActionQueue :: 'Default' (00000000-0000-0000-0000-000000000000) :: Performing non-blocking 'StoreEvent' (93109664-9d73-4243-bc30-9de4ad0d2894, c10df0c0-329e-4c87-b6c8-e8fffb3ce1ec), initiated by mapleman391 with 39 arguments
[2026-02-24 22:16:07.816 DBG] InlineCode :: Running default entry point from instance 'eeb2956c-0513-4f8e-b440-1f822ab1b5f2'
[2026-02-24 22:16:10.941 DBG] ViewerRepo :: UpdatePresence(twitch, 5), 0.0417ms
[2026-02-24 22:16:11.060 DBG] TwitchService :: Presence Timer :: Artificially updated presence with a threshold of 5 minutes (119.0245ms)
[2026-02-24 22:16:15.827 DBG] ActionDispatcher :: Queueing 'Enable Rads' (a6f39ad9-e4df-4cc5-8d10-46e610fa0067, ObsSceneChanged) to 'Default' (00000000-0000-0000-0000-000000000000), with 15 arguments
[2026-02-24 22:16:15.827 DBG] ActionQueue :: 'Default' (00000000-0000-0000-0000-000000000000) :: Enqueue action a6f39ad9-e4df-4cc5-8d10-46e610fa0067
[2026-02-24 22:16:15.827 DBG] ActionQueue :: 'Default' (00000000-0000-0000-0000-000000000000) :: Handling queue
[2026-02-24 22:16:15.827 DBG] ActionQueue :: 'Default' (00000000-0000-0000-0000-000000000000) :: Performing non-blocking 'Enable Rads' (a6f39ad9-e4df-4cc5-8d10-46e610fa0067, 0e44a571-3c3d-499c-9258-f6861fb46ef4)
[2026-02-24 22:16:15.827 DBG] ActionDispatcher :: Queueing 'Stop Collecting on Main and Facecam' (d1bb873e-8623-431a-8999-0077ee8a5311, ObsSceneChanged) to 'Default' (00000000-0000-0000-0000-000000000000), with 15 arguments
[2026-02-24 22:16:15.827 DBG] ActionQueue :: 'Default' (00000000-0000-0000-0000-000000000000) :: Enqueue action d1bb873e-8623-431a-8999-0077ee8a5311
[2026-02-24 22:16:15.827 DBG] ActionQueue :: 'Default' (00000000-0000-0000-0000-000000000000) :: Handling queue
[2026-02-24 22:16:15.827 DBG] ActionQueue :: 'Default' (00000000-0000-0000-0000-000000000000) :: Performing non-blocking 'Stop Collecting on Main and Facecam' (d1bb873e-8623-431a-8999-0077ee8a5311, 78cfafa5-a546-40cb-9048-940216866467)
[2026-02-24 22:16:24.076 DBG] ActionDispatcher :: Queueing 'CelebrationManager' (120425d6-f1cd-44f2-a5e5-f67f3f848693) to 'Default' (00000000-0000-0000-0000-000000000000), with 5 arguments
[2026-02-24 22:16:24.076 DBG] ActionQueue :: 'Default' (00000000-0000-0000-0000-000000000000) :: Enqueue action 120425d6-f1cd-44f2-a5e5-f67f3f848693
[2026-02-24 22:16:24.076 DBG] ActionQueue :: 'Default' (00000000-0000-0000-0000-000000000000) :: Handling queue
[2026-02-24 22:16:24.076 DBG] ActionQueue :: 'Default' (00000000-0000-0000-0000-000000000000) :: Performing non-blocking 'CelebrationManager' (120425d6-f1cd-44f2-a5e5-f67f3f848693, 473c8f80-f220-4da1-9bb8-383d45bd4797)
[2026-02-24 22:16:24.076 DBG] InlineCode :: Running default entry point from instance '0604cf7e-1025-450c-83f2-d5fe2c4af433'
[2026-02-24 22:16:24.083 DBG] InlineCode :: Creating and compiling instance for ''
[2026-02-24 22:16:24.154 DBG] InlineCode :: Running default entry point from instance 'e61a9f92-520b-4b39-9b81-bccb0bf92d23'
[2026-02-24 22:16:24.195 DBG] ActionDispatcher :: Queueing 'Bits Converter' (831180ef-5403-4d64-b8e9-f5c34d256de2, GlobalVariableUpdated) to 'Default' (00000000-0000-0000-0000-000000000000), with 13 arguments
[2026-02-24 22:16:24.195 DBG] ActionQueue :: 'Default' (00000000-0000-0000-0000-000000000000) :: Enqueue action 831180ef-5403-4d64-b8e9-f5c34d256de2
[2026-02-24 22:16:24.195 DBG] ActionQueue :: 'Default' (00000000-0000-0000-0000-000000000000) :: Handling queue
[2026-02-24 22:16:24.195 DBG] ActionQueue :: 'Default' (00000000-0000-0000-0000-000000000000) :: Performing non-blocking 'Bits Converter' (831180ef-5403-4d64-b8e9-f5c34d256de2, 20162f9f-403b-436f-a16f-6ea8714703f2)
[2026-02-24 22:16:24.204 DBG] InlineCode :: Creating and compiling instance for ''
[2026-02-24 22:16:24.267 DBG] InlineCode :: Running default entry point from instance '009749f9-4be6-46e9-a665-2e06c69c78e9'
[2026-02-24 22:17:10.954 DBG] ViewerRepo :: UpdatePresence(twitch, 5), 0.032ms
[2026-02-24 22:17:11.060 DBG] TwitchService :: Presence Timer :: Artificially updated presence with a threshold of 5 minutes (105.1922ms)
[2026-02-24 22:18:10.964 DBG] ViewerRepo :: UpdatePresence(twitch, 5), 0.0332ms
[2026-02-24 22:18:11.091 DBG] TwitchService :: Presence Timer :: Artificially updated presence with a threshold of 5 minutes (126.7967ms)
[2026-02-24 22:18:56.635 DBG] ActionDispatcher :: Queueing 'Sub Goal' (361aa588-5f31-4e19-b8a5-099cae52479d, TimedAction) to 'Default' (00000000-0000-0000-0000-000000000000), with 11 arguments
[2026-02-24 22:18:56.635 DBG] ActionQueue :: 'Default' (00000000-0000-0000-0000-000000000000) :: Enqueue action 361aa588-5f31-4e19-b8a5-099cae52479d
[2026-02-24 22:18:56.635 DBG] ActionQueue :: 'Default' (00000000-0000-0000-0000-000000000000) :: Handling queue
[2026-02-24 22:18:56.635 DBG] ActionQueue :: 'Default' (00000000-0000-0000-0000-000000000000) :: Performing non-blocking 'Sub Goal' (361aa588-5f31-4e19-b8a5-099cae52479d, 3f187be4-b441-4dfd-8b2c-1699a5ef657f)
[2026-02-24 22:18:58.740 DBG] Credits :: Time to save 22.413ms
[2026-02-24 22:19:06.822 DBG] AutoSave :: Auto saving settings...
[2026-02-24 22:19:06.845 DBG] Users :: Time to save 23.0424ms
[2026-02-24 22:19:06.873 DBG] Actions :: Time to save 28.5069ms
[2026-02-24 22:19:06.892 DBG] Commands :: Time to save 19.0718ms
[2026-02-24 22:19:06.912 DBG] Twitch Rewards :: Time to save 19.6084ms
[2026-02-24 22:19:06.930 DBG] Midi :: Time to save 17.9646ms
[2026-02-24 22:19:06.944 DBG] OBS Settings :: Time to save 13.389ms
[2026-02-24 22:19:06.959 DBG] MeldStudio Settings :: Time to save 15.8287ms
[2026-02-24 22:19:06.977 DBG] Credits :: Time to save 18.1316ms
[2026-02-24 22:19:06.997 DBG] Quotes :: Time to save 19.9626ms
[2026-02-24 22:19:07.047 DBG] Config :: Time to save 21.6325ms
[2026-02-24 22:19:10.976 DBG] ViewerRepo :: UpdatePresence(twitch, 5), 0.0306ms
[2026-02-24 22:19:11.083 DBG] TwitchService :: Presence Timer :: Artificially updated presence with a threshold of 5 minutes (106.8082ms)
[2026-02-24 22:20:10.979 DBG] ViewerRepo :: UpdatePresence(twitch, 5), 0.0346ms
[2026-02-24 22:20:11.096 DBG] TwitchService :: Presence Timer :: Artificially updated presence with a threshold of 5 minutes (117.9138ms)
[2026-02-24 22:21:10.994 DBG] ViewerRepo :: UpdatePresence(twitch, 5), 0.0299ms
[2026-02-24 22:21:11.102 DBG] TwitchService :: Presence Timer :: Artificially updated presence with a threshold of 5 minutes (108.2487ms)
[2026-02-24 22:21:41.181 DBG] Websocket Server :: Connection Opened :: 715c6f8c853541b18112a8113560d18d
[2026-02-24 22:22:06.074 DBG] Websocket Server :: Connection Closed :: 715c6f8c853541b18112a8113560d18d
[2026-02-24 22:22:06.077 DBG] Websocket Server :: Connection Opened :: bb14343714914f009f452294f6013370
[2026-02-24 22:22:11.019 DBG] ViewerRepo :: UpdatePresence(twitch, 5), 0.031ms
[2026-02-24 22:22:11.133 DBG] TwitchService :: Presence Timer :: Artificially updated presence with a threshold of 5 minutes (114.157ms)
[2026-02-24 22:22:13.292 DBG] Websocket Server :: Connection Closed :: bb14343714914f009f452294f6013370
[2026-02-24 22:22:13.294 DBG] Websocket Server :: Connection Opened :: 7bd4468a261043279baa73a469ccd28b
[2026-02-24 22:22:14.424 DBG] Websocket Server :: Connection Closed :: 7bd4468a261043279baa73a469ccd28b
[2026-02-24 22:22:14.425 DBG] Websocket Server :: Connection Opened :: 0fe2ae5fccb648598c240d18837b9875
[2026-02-24 22:22:20.808 DBG] Websocket Server :: Connection Opened :: 6a545ce65d734f1aa0a5f68c484d6c6d
[2026-02-24 22:22:25.121 DBG] Websocket Server :: Connection Closed :: 0fe2ae5fccb648598c240d18837b9875
[2026-02-24 22:22:25.122 DBG] Websocket Server :: Connection Closed :: 6a545ce65d734f1aa0a5f68c484d6c6d
[2026-02-24 22:22:25.123 DBG] Websocket Server :: Connection Opened :: e85e789a0c864690837233854f6dec5c
[2026-02-24 22:23:11.033 DBG] ViewerRepo :: UpdatePresence(twitch, 5), 0.0321ms
[2026-02-24 22:23:11.139 DBG] TwitchService :: Presence Timer :: Artificially updated presence with a threshold of 5 minutes (105.7542ms)
[2026-02-24 22:23:58.748 DBG] Credits :: Time to save 21.1422ms
[2026-02-24 22:24:07.093 DBG] AutoSave :: Auto saving settings...
[2026-02-24 22:24:07.117 DBG] Users :: Time to save 25.3042ms
[2026-02-24 22:24:07.143 DBG] Actions :: Time to save 25.3276ms
[2026-02-24 22:24:07.163 DBG] Commands :: Time to save 20.2054ms
[2026-02-24 22:24:07.183 DBG] Twitch Rewards :: Time to save 19.816ms
[2026-02-24 22:24:07.201 DBG] Midi :: Time to save 17.6001ms
[2026-02-24 22:24:07.217 DBG] OBS Settings :: Time to save 16.6089ms
[2026-02-24 22:24:07.234 DBG] MeldStudio Settings :: Time to save 16.6132ms
[2026-02-24 22:24:07.253 DBG] Credits :: Time to save 18.2283ms
[2026-02-24 22:24:07.272 DBG] Quotes :: Time to save 18.9293ms
[2026-02-24 22:24:07.317 DBG] Config :: Time to save 20.5984ms
[2026-02-24 22:24:11.044 DBG] ViewerRepo :: UpdatePresence(twitch, 5), 0.0339ms
[2026-02-24 22:24:11.163 DBG] TwitchService :: Presence Timer :: Artificially updated presence with a threshold of 5 minutes (118.8929ms)
[2026-02-24 22:24:33.257 DBG] Websocket Server :: Connection Opened :: 0fd1607648ad431b84bd661c82b23b8d
[2026-02-24 22:24:33.282 DBG] ActionDispatcher :: Queueing 'SaveCelebrationConfig' (287a2306-0e50-4ba7-bd77-948e96d208ac) to 'Default' (00000000-0000-0000-0000-000000000000), with 8 arguments
[2026-02-24 22:24:33.282 DBG] ActionQueue :: 'Default' (00000000-0000-0000-0000-000000000000) :: Enqueue action 287a2306-0e50-4ba7-bd77-948e96d208ac
[2026-02-24 22:24:33.282 DBG] ActionQueue :: 'Default' (00000000-0000-0000-0000-000000000000) :: Handling queue
[2026-02-24 22:24:33.282 DBG] ActionQueue :: 'Default' (00000000-0000-0000-0000-000000000000) :: Performing non-blocking 'SaveCelebrationConfig' (287a2306-0e50-4ba7-bd77-948e96d208ac, 093d01b4-c4ea-44b3-9bc5-4df19a4e5d72)
[2026-02-24 22:24:33.282 DBG] InlineCode :: Running default entry point from instance '849860b3-9ec4-4de0-b953-fd0dc305ddd2'
[2026-02-24 22:24:33.282 INF] === SaveCelebrationConfig START ===
[2026-02-24 22:24:33.282 INF] Total arguments received: 9
[2026-02-24 22:24:33.282 INF]   Arg: operation = visuals (type: String)
[2026-02-24 22:24:33.282 INF]   Arg: mode = ensure (type: String)
[2026-02-24 22:24:33.282 DBG] Websocket Server :: Connection (0fd1607648ad431b84bd661c82b23b8d) :: Subscribing to: GlobalVariableUpdated,CustomEvent
[2026-02-24 22:24:33.282 INF]   Arg: theme = neon (type: String)
[2026-02-24 22:24:33.282 INF]   Arg: textSize = normal (type: String)
[2026-02-24 22:24:33.282 INF]   Arg: density = comfortable (type: String)
[2026-02-24 22:24:33.282 INF]   Arg: actionId = 287a2306-0e50-4ba7-bd77-948e96d208ac (type: Guid)
[2026-02-24 22:24:33.282 INF]   Arg: actionName = SaveCelebrationConfig (type: String)
[2026-02-24 22:24:33.282 INF]   Arg: runningActionId = 093d01b4-c4ea-44b3-9bc5-4df19a4e5d72 (type: Guid)
[2026-02-24 22:24:33.282 INF]   Arg: actionQueuedAt = 2/24/2026 10:24:33 PM (type: DateTime)
[2026-02-24 22:24:33.287 DBG] Websocket Server :: Connection (0fd1607648ad431b84bd661c82b23b8d) :: Subscribing to: GlobalVariableUpdated,CustomEvent
[2026-02-24 22:24:33.287 INF] === SaveCelebrationConfig END ===
[2026-02-24 22:24:33.662 DBG] Websocket Server :: Connection Closed :: 0fd1607648ad431b84bd661c82b23b8d
[2026-02-24 22:24:33.666 DBG] Websocket Server :: Connection Opened :: be89eb0648df4266b63febc084080d41
[2026-02-24 22:24:33.705 DBG] ActionDispatcher :: Queueing 'SaveCelebrationConfig' (287a2306-0e50-4ba7-bd77-948e96d208ac) to 'Default' (00000000-0000-0000-0000-000000000000), with 8 arguments
[2026-02-24 22:24:33.705 DBG] ActionQueue :: 'Default' (00000000-0000-0000-0000-000000000000) :: Enqueue action 287a2306-0e50-4ba7-bd77-948e96d208ac
[2026-02-24 22:24:33.705 DBG] ActionQueue :: 'Default' (00000000-0000-0000-0000-000000000000) :: Handling queue
[2026-02-24 22:24:33.705 DBG] ActionQueue :: 'Default' (00000000-0000-0000-0000-000000000000) :: Performing non-blocking 'SaveCelebrationConfig' (287a2306-0e50-4ba7-bd77-948e96d208ac, fd3731f9-a604-4297-a7fd-6e75136b8c48)
[2026-02-24 22:24:33.705 DBG] InlineCode :: Running default entry point from instance '849860b3-9ec4-4de0-b953-fd0dc305ddd2'
[2026-02-24 22:24:33.705 INF] === SaveCelebrationConfig START ===
[2026-02-24 22:24:33.705 INF] Total arguments received: 9
[2026-02-24 22:24:33.705 INF]   Arg: operation = visuals (type: String)
[2026-02-24 22:24:33.705 INF]   Arg: mode = ensure (type: String)
[2026-02-24 22:24:33.705 INF]   Arg: theme = neon (type: String)
[2026-02-24 22:24:33.705 INF]   Arg: textSize = normal (type: String)
[2026-02-24 22:24:33.705 INF]   Arg: density = comfortable (type: String)
[2026-02-24 22:24:33.705 INF]   Arg: actionId = 287a2306-0e50-4ba7-bd77-948e96d208ac (type: Guid)
[2026-02-24 22:24:33.705 INF]   Arg: actionName = SaveCelebrationConfig (type: String)
[2026-02-24 22:24:33.705 INF]   Arg: runningActionId = fd3731f9-a604-4297-a7fd-6e75136b8c48 (type: Guid)
[2026-02-24 22:24:33.705 INF]   Arg: actionQueuedAt = 2/24/2026 10:24:33 PM (type: DateTime)
[2026-02-24 22:24:33.705 DBG] Websocket Server :: Connection (be89eb0648df4266b63febc084080d41) :: Subscribing to: GlobalVariableUpdated,CustomEvent
[2026-02-24 22:24:33.710 INF] === SaveCelebrationConfig END ===
[2026-02-24 22:24:33.711 DBG] Websocket Server :: Connection (be89eb0648df4266b63febc084080d41) :: Subscribing to: GlobalVariableUpdated,CustomEvent
[2026-02-24 22:24:34.936 DBG] Websocket Server :: Connection Closed :: be89eb0648df4266b63febc084080d41
[2026-02-24 22:24:34.999 DBG] Websocket Server :: Connection Opened :: 43ad2af63ebb40d395dc22123209ac79
[2026-02-24 22:24:35.003 DBG] ActionDispatcher :: Queueing 'SaveCelebrationConfig' (287a2306-0e50-4ba7-bd77-948e96d208ac) to 'Default' (00000000-0000-0000-0000-000000000000), with 8 arguments
[2026-02-24 22:24:35.004 DBG] ActionQueue :: 'Default' (00000000-0000-0000-0000-000000000000) :: Enqueue action 287a2306-0e50-4ba7-bd77-948e96d208ac
[2026-02-24 22:24:35.004 DBG] ActionQueue :: 'Default' (00000000-0000-0000-0000-000000000000) :: Handling queue
[2026-02-24 22:24:35.004 DBG] ActionQueue :: 'Default' (00000000-0000-0000-0000-000000000000) :: Performing non-blocking 'SaveCelebrationConfig' (287a2306-0e50-4ba7-bd77-948e96d208ac, 916f41a4-8dd6-42c2-9976-7a2895946bab)
[2026-02-24 22:24:35.004 DBG] InlineCode :: Running default entry point from instance '849860b3-9ec4-4de0-b953-fd0dc305ddd2'
[2026-02-24 22:24:35.004 DBG] Websocket Server :: Connection (43ad2af63ebb40d395dc22123209ac79) :: Subscribing to: GlobalVariableUpdated,CustomEvent
[2026-02-24 22:24:35.004 INF] === SaveCelebrationConfig START ===
[2026-02-24 22:24:35.004 INF] Total arguments received: 9
[2026-02-24 22:24:35.004 INF]   Arg: operation = visuals (type: String)
[2026-02-24 22:24:35.004 INF]   Arg: mode = ensure (type: String)
[2026-02-24 22:24:35.004 INF]   Arg: theme = neon (type: String)
[2026-02-24 22:24:35.004 INF]   Arg: textSize = normal (type: String)
[2026-02-24 22:24:35.004 INF]   Arg: density = comfortable (type: String)
[2026-02-24 22:24:35.004 INF]   Arg: actionId = 287a2306-0e50-4ba7-bd77-948e96d208ac (type: Guid)
[2026-02-24 22:24:35.004 INF]   Arg: actionName = SaveCelebrationConfig (type: String)
[2026-02-24 22:24:35.004 INF]   Arg: runningActionId = 916f41a4-8dd6-42c2-9976-7a2895946bab (type: Guid)
[2026-02-24 22:24:35.004 INF]   Arg: actionQueuedAt = 2/24/2026 10:24:35 PM (type: DateTime)
[2026-02-24 22:24:35.007 INF] === SaveCelebrationConfig END ===
[2026-02-24 22:24:35.012 DBG] Websocket Server :: Connection (43ad2af63ebb40d395dc22123209ac79) :: Subscribing to: GlobalVariableUpdated,CustomEvent
[2026-02-24 22:25:11.057 DBG] ViewerRepo :: UpdatePresence(twitch, 5), 0.0433ms
[2026-02-24 22:25:11.162 DBG] TwitchService :: Presence Timer :: Artificially updated presence with a threshold of 5 minutes (104.7525ms)
[2026-02-24 22:26:11.072 DBG] ViewerRepo :: UpdatePresence(twitch, 5), 0.0336ms
[2026-02-24 22:26:11.186 DBG] TwitchService :: Presence Timer :: Artificially updated presence with a threshold of 5 minutes (114.2915ms)
[2026-02-24 22:27:11.085 DBG] ViewerRepo :: UpdatePresence(twitch, 5), 0.0322ms
[2026-02-24 22:27:11.204 DBG] TwitchService :: Presence Timer :: Artificially updated presence with a threshold of 5 minutes (120.9323ms)
[2026-02-24 22:27:35.259 DBG] ActionDispatcher :: Queueing 'Enable Rads' (a6f39ad9-e4df-4cc5-8d10-46e610fa0067, ObsSceneChanged) to 'Default' (00000000-0000-0000-0000-000000000000), with 15 arguments
[2026-02-24 22:27:35.259 DBG] ActionQueue :: 'Default' (00000000-0000-0000-0000-000000000000) :: Enqueue action a6f39ad9-e4df-4cc5-8d10-46e610fa0067
[2026-02-24 22:27:35.259 DBG] ActionQueue :: 'Default' (00000000-0000-0000-0000-000000000000) :: Handling queue
[2026-02-24 22:27:35.259 DBG] ActionDispatcher :: Queueing 'Start Collecting on Be Right Back and Starting Soon' (a646f6ce-8a41-47d6-a014-1bbb985c8471, ObsSceneChanged) to 'Default' (00000000-0000-0000-0000-000000000000), with 15 arguments
[2026-02-24 22:27:35.259 DBG] ActionQueue :: 'Default' (00000000-0000-0000-0000-000000000000) :: Enqueue action a646f6ce-8a41-47d6-a014-1bbb985c8471
[2026-02-24 22:27:35.259 DBG] ActionQueue :: 'Default' (00000000-0000-0000-0000-000000000000) :: Handling queue
[2026-02-24 22:27:35.259 DBG] ActionQueue :: 'Default' (00000000-0000-0000-0000-000000000000) :: Performing non-blocking 'Enable Rads' (a6f39ad9-e4df-4cc5-8d10-46e610fa0067, 2b5f3a4e-cafb-409c-8bcc-81e2e963e475)
[2026-02-24 22:27:35.259 DBG] ActionQueue :: 'Default' (00000000-0000-0000-0000-000000000000) :: Performing non-blocking 'Start Collecting on Be Right Back and Starting Soon' (a646f6ce-8a41-47d6-a014-1bbb985c8471, 766bf3d4-80f3-4e01-9ec3-08504dfef1d2)
[2026-02-24 22:27:40.504 DBG] ActionDispatcher :: Queueing 'Enable Rads' (a6f39ad9-e4df-4cc5-8d10-46e610fa0067, ObsSceneChanged) to 'Default' (00000000-0000-0000-0000-000000000000), with 15 arguments
[2026-02-24 22:27:40.504 DBG] ActionQueue :: 'Default' (00000000-0000-0000-0000-000000000000) :: Enqueue action a6f39ad9-e4df-4cc5-8d10-46e610fa0067
[2026-02-24 22:27:40.504 DBG] ActionQueue :: 'Default' (00000000-0000-0000-0000-000000000000) :: Handling queue
[2026-02-24 22:27:40.504 DBG] ActionQueue :: 'Default' (00000000-0000-0000-0000-000000000000) :: Performing non-blocking 'Enable Rads' (a6f39ad9-e4df-4cc5-8d10-46e610fa0067, dd8b5ae8-0fc1-4615-9093-5a4219cc077a)
[2026-02-24 22:27:40.553 DBG] ActionDispatcher :: Queueing 'Stop Collecting on Main and Facecam' (d1bb873e-8623-431a-8999-0077ee8a5311) to 'Default' (00000000-0000-0000-0000-000000000000), with 3 arguments
[2026-02-24 22:27:40.553 DBG] ActionQueue :: 'Default' (00000000-0000-0000-0000-000000000000) :: Enqueue action d1bb873e-8623-431a-8999-0077ee8a5311
[2026-02-24 22:27:40.553 DBG] ActionQueue :: 'Default' (00000000-0000-0000-0000-000000000000) :: Handling queue
[2026-02-24 22:27:40.553 DBG] ActionQueue :: 'Default' (00000000-0000-0000-0000-000000000000) :: Performing non-blocking 'Stop Collecting on Main and Facecam' (d1bb873e-8623-431a-8999-0077ee8a5311, 59359a13-fa1b-4010-90f2-60c48b38c787)
[2026-02-24 22:27:55.825 DBG] ActionDispatcher :: Queueing 'Enable Rads' (a6f39ad9-e4df-4cc5-8d10-46e610fa0067, ObsSceneChanged) to 'Default' (00000000-0000-0000-0000-000000000000), with 15 arguments
[2026-02-24 22:27:55.825 DBG] ActionQueue :: 'Default' (00000000-0000-0000-0000-000000000000) :: Enqueue action a6f39ad9-e4df-4cc5-8d10-46e610fa0067
[2026-02-24 22:27:55.825 DBG] ActionQueue :: 'Default' (00000000-0000-0000-0000-000000000000) :: Handling queue
[2026-02-24 22:27:55.825 DBG] ActionQueue :: 'Default' (00000000-0000-0000-0000-000000000000) :: Performing non-blocking 'Enable Rads' (a6f39ad9-e4df-4cc5-8d10-46e610fa0067, ac2d96a4-94cb-43b6-879e-a967f7b8fcf6)
[2026-02-24 22:27:55.825 DBG] ActionDispatcher :: Queueing 'Start Collecting on Be Right Back and Starting Soon' (a646f6ce-8a41-47d6-a014-1bbb985c8471, ObsSceneChanged) to 'Default' (00000000-0000-0000-0000-000000000000), with 15 arguments
[2026-02-24 22:27:55.825 DBG] ActionQueue :: 'Default' (00000000-0000-0000-0000-000000000000) :: Enqueue action a646f6ce-8a41-47d6-a014-1bbb985c8471
[2026-02-24 22:27:55.825 DBG] ActionQueue :: 'Default' (00000000-0000-0000-0000-000000000000) :: Handling queue
[2026-02-24 22:27:55.825 DBG] ActionQueue :: 'Default' (00000000-0000-0000-0000-000000000000) :: Performing non-blocking 'Start Collecting on Be Right Back and Starting Soon' (a646f6ce-8a41-47d6-a014-1bbb985c8471, 897c94b9-550c-4e38-813b-83e4588309a4)
[2026-02-24 22:27:58.116 DBG] ActionDispatcher :: Queueing 'Stop Collecting on Main and Facecam' (d1bb873e-8623-431a-8999-0077ee8a5311) to 'Default' (00000000-0000-0000-0000-000000000000), with 3 arguments
[2026-02-24 22:27:58.116 DBG] ActionQueue :: 'Default' (00000000-0000-0000-0000-000000000000) :: Enqueue action d1bb873e-8623-431a-8999-0077ee8a5311
[2026-02-24 22:27:58.116 DBG] ActionQueue :: 'Default' (00000000-0000-0000-0000-000000000000) :: Handling queue
[2026-02-24 22:27:58.116 DBG] ActionQueue :: 'Default' (00000000-0000-0000-0000-000000000000) :: Performing non-blocking 'Stop Collecting on Main and Facecam' (d1bb873e-8623-431a-8999-0077ee8a5311, 59a00788-a1e9-4a86-ba2b-3e0d6ccbab8a)
[2026-02-24 22:27:58.119 DBG] ActionDispatcher :: Queueing 'Enable Rads' (a6f39ad9-e4df-4cc5-8d10-46e610fa0067, ObsSceneChanged) to 'Default' (00000000-0000-0000-0000-000000000000), with 15 arguments
[2026-02-24 22:27:58.119 DBG] ActionQueue :: 'Default' (00000000-0000-0000-0000-000000000000) :: Enqueue action a6f39ad9-e4df-4cc5-8d10-46e610fa0067
[2026-02-24 22:27:58.119 DBG] ActionQueue :: 'Default' (00000000-0000-0000-0000-000000000000) :: Handling queue
[2026-02-24 22:27:58.119 DBG] ActionQueue :: 'Default' (00000000-0000-0000-0000-000000000000) :: Performing non-blocking 'Enable Rads' (a6f39ad9-e4df-4cc5-8d10-46e610fa0067, 3eda9c80-0fc4-4936-817b-be59826e45d1)
[2026-02-24 22:28:10.948 DBG] ActionDispatcher :: Queueing 'Start Collecting on Be Right Back and Starting Soon' (a646f6ce-8a41-47d6-a014-1bbb985c8471, ObsSceneChanged) to 'Default' (00000000-0000-0000-0000-000000000000), with 11 arguments
[2026-02-24 22:28:10.948 DBG] ActionQueue :: 'Default' (00000000-0000-0000-0000-000000000000) :: Enqueue action a646f6ce-8a41-47d6-a014-1bbb985c8471
[2026-02-24 22:28:10.948 DBG] ActionQueue :: 'Default' (00000000-0000-0000-0000-000000000000) :: Handling queue
[2026-02-24 22:28:10.948 DBG] ActionQueue :: 'Default' (00000000-0000-0000-0000-000000000000) :: Performing non-blocking 'Start Collecting on Be Right Back and Starting Soon' (a646f6ce-8a41-47d6-a014-1bbb985c8471, d3404723-e2f9-4543-9a01-ed2faf853668)
[2026-02-24 22:28:11.113 DBG] ViewerRepo :: UpdatePresence(twitch, 5), 0.0336ms
[2026-02-24 22:28:11.230 DBG] TwitchService :: Presence Timer :: Artificially updated presence with a threshold of 5 minutes (117.5702ms)
[2026-02-24 22:28:15.701 DBG] ActionDispatcher :: Queueing 'Enable Rads' (a6f39ad9-e4df-4cc5-8d10-46e610fa0067, ObsSceneChanged) to 'Default' (00000000-0000-0000-0000-000000000000), with 15 arguments
[2026-02-24 22:28:15.701 DBG] ActionQueue :: 'Default' (00000000-0000-0000-0000-000000000000) :: Enqueue action a6f39ad9-e4df-4cc5-8d10-46e610fa0067
[2026-02-24 22:28:15.701 DBG] ActionQueue :: 'Default' (00000000-0000-0000-0000-000000000000) :: Handling queue
[2026-02-24 22:28:15.701 DBG] ActionQueue :: 'Default' (00000000-0000-0000-0000-000000000000) :: Performing non-blocking 'Enable Rads' (a6f39ad9-e4df-4cc5-8d10-46e610fa0067, d3eee6dd-b32f-41a2-b80e-a307d6c1e6e2)
[2026-02-24 22:28:18.467 DBG] ActionDispatcher :: Queueing 'Enable Rads' (a6f39ad9-e4df-4cc5-8d10-46e610fa0067, ObsSceneChanged) to 'Default' (00000000-0000-0000-0000-000000000000), with 15 arguments
[2026-02-24 22:28:18.467 DBG] ActionQueue :: 'Default' (00000000-0000-0000-0000-000000000000) :: Enqueue action a6f39ad9-e4df-4cc5-8d10-46e610fa0067
[2026-02-24 22:28:18.467 DBG] ActionQueue :: 'Default' (00000000-0000-0000-0000-000000000000) :: Handling queue
[2026-02-24 22:28:18.467 DBG] ActionQueue :: 'Default' (00000000-0000-0000-0000-000000000000) :: Performing non-blocking 'Enable Rads' (a6f39ad9-e4df-4cc5-8d10-46e610fa0067, 2fc520aa-2527-4f3b-808a-917013bdc0b6)
[2026-02-24 22:28:20.785 DBG] ActionDispatcher :: Queueing 'Enable Rads' (a6f39ad9-e4df-4cc5-8d10-46e610fa0067, ObsSceneChanged) to 'Default' (00000000-0000-0000-0000-000000000000), with 15 arguments
[2026-02-24 22:28:20.785 DBG] ActionQueue :: 'Default' (00000000-0000-0000-0000-000000000000) :: Enqueue action a6f39ad9-e4df-4cc5-8d10-46e610fa0067
[2026-02-24 22:28:20.785 DBG] ActionQueue :: 'Default' (00000000-0000-0000-0000-000000000000) :: Handling queue
[2026-02-24 22:28:20.785 DBG] ActionQueue :: 'Default' (00000000-0000-0000-0000-000000000000) :: Performing non-blocking 'Enable Rads' (a6f39ad9-e4df-4cc5-8d10-46e610fa0067, da561f96-1fe5-4c8d-897e-51be814b6824)
[2026-02-24 22:28:23.090 DBG] ActionDispatcher :: Queueing 'Enable Rads' (a6f39ad9-e4df-4cc5-8d10-46e610fa0067, ObsSceneChanged) to 'Default' (00000000-0000-0000-0000-000000000000), with 15 arguments
[2026-02-24 22:28:23.090 DBG] ActionQueue :: 'Default' (00000000-0000-0000-0000-000000000000) :: Enqueue action a6f39ad9-e4df-4cc5-8d10-46e610fa0067
[2026-02-24 22:28:23.090 DBG] ActionQueue :: 'Default' (00000000-0000-0000-0000-000000000000) :: Handling queue
[2026-02-24 22:28:23.090 DBG] ActionDispatcher :: Queueing 'Start Collecting on Be Right Back and Starting Soon' (a646f6ce-8a41-47d6-a014-1bbb985c8471, ObsSceneChanged) to 'Default' (00000000-0000-0000-0000-000000000000), with 15 arguments
[2026-02-24 22:28:23.090 DBG] ActionQueue :: 'Default' (00000000-0000-0000-0000-000000000000) :: Performing non-blocking 'Enable Rads' (a6f39ad9-e4df-4cc5-8d10-46e610fa0067, d340ce2a-3013-4fcf-a724-dd031a37f0ac)
[2026-02-24 22:28:23.090 DBG] ActionQueue :: 'Default' (00000000-0000-0000-0000-000000000000) :: Enqueue action a646f6ce-8a41-47d6-a014-1bbb985c8471
[2026-02-24 22:28:23.090 DBG] ActionQueue :: 'Default' (00000000-0000-0000-0000-000000000000) :: Handling queue
[2026-02-24 22:28:23.090 DBG] ActionQueue :: 'Default' (00000000-0000-0000-0000-000000000000) :: Performing non-blocking 'Start Collecting on Be Right Back and Starting Soon' (a646f6ce-8a41-47d6-a014-1bbb985c8471, 45cbb766-2446-4262-8e51-97955491c470)
[2026-02-24 22:28:24.665 DBG] ActionDispatcher :: Queueing 'Stop Collecting on Main and Facecam' (d1bb873e-8623-431a-8999-0077ee8a5311) to 'Default' (00000000-0000-0000-0000-000000000000), with 3 arguments
[2026-02-24 22:28:24.665 DBG] ActionQueue :: 'Default' (00000000-0000-0000-0000-000000000000) :: Enqueue action d1bb873e-8623-431a-8999-0077ee8a5311
[2026-02-24 22:28:24.665 DBG] ActionQueue :: 'Default' (00000000-0000-0000-0000-000000000000) :: Handling queue
[2026-02-24 22:28:24.665 DBG] ActionQueue :: 'Default' (00000000-0000-0000-0000-000000000000) :: Performing non-blocking 'Stop Collecting on Main and Facecam' (d1bb873e-8623-431a-8999-0077ee8a5311, f6d71593-0f01-434e-8dd5-a46d31f616cf)
[2026-02-24 22:28:24.667 DBG] ActionDispatcher :: Queueing 'Enable Rads' (a6f39ad9-e4df-4cc5-8d10-46e610fa0067, ObsSceneChanged) to 'Default' (00000000-0000-0000-0000-000000000000), with 15 arguments
[2026-02-24 22:28:24.667 DBG] ActionQueue :: 'Default' (00000000-0000-0000-0000-000000000000) :: Enqueue action a6f39ad9-e4df-4cc5-8d10-46e610fa0067
[2026-02-24 22:28:24.667 DBG] ActionQueue :: 'Default' (00000000-0000-0000-0000-000000000000) :: Handling queue
[2026-02-24 22:28:24.667 DBG] ActionQueue :: 'Default' (00000000-0000-0000-0000-000000000000) :: Performing non-blocking 'Enable Rads' (a6f39ad9-e4df-4cc5-8d10-46e610fa0067, 9559b2b5-cb01-435c-bda7-95ff34a7567f)
[2026-02-24 22:28:56.651 DBG] ActionDispatcher :: Queueing 'Sub Goal' (361aa588-5f31-4e19-b8a5-099cae52479d, TimedAction) to 'Default' (00000000-0000-0000-0000-000000000000), with 11 arguments
[2026-02-24 22:28:56.651 DBG] ActionQueue :: 'Default' (00000000-0000-0000-0000-000000000000) :: Enqueue action 361aa588-5f31-4e19-b8a5-099cae52479d
[2026-02-24 22:28:56.651 DBG] ActionQueue :: 'Default' (00000000-0000-0000-0000-000000000000) :: Handling queue
[2026-02-24 22:28:56.651 DBG] ActionQueue :: 'Default' (00000000-0000-0000-0000-000000000000) :: Performing non-blocking 'Sub Goal' (361aa588-5f31-4e19-b8a5-099cae52479d, 0ad8e700-0183-4cbd-8c15-9ffe89c4a747)
[2026-02-24 22:28:58.759 DBG] Credits :: Time to save 19.7185ms
[2026-02-24 22:29:07.351 DBG] AutoSave :: Auto saving settings...
[2026-02-24 22:29:07.374 DBG] Users :: Time to save 22.0704ms
[2026-02-24 22:29:07.399 DBG] Actions :: Time to save 25.4896ms
[2026-02-24 22:29:07.421 DBG] Commands :: Time to save 22.596ms
[2026-02-24 22:29:07.443 DBG] Twitch Rewards :: Time to save 22.3935ms
[2026-02-24 22:29:07.465 DBG] Midi :: Time to save 20.3768ms
[2026-02-24 22:29:07.486 DBG] OBS Settings :: Time to save 21.5024ms
[2026-02-24 22:29:07.509 DBG] MeldStudio Settings :: Time to save 22.6445ms
[2026-02-24 22:29:07.534 DBG] Credits :: Time to save 25.6174ms
[2026-02-24 22:29:07.566 DBG] Quotes :: Time to save 31.3785ms
[2026-02-24 22:29:07.590 DBG] Config :: Time to save 23.888ms
[2026-02-24 22:29:11.127 DBG] ViewerRepo :: UpdatePresence(twitch, 5), 0.0357ms
[2026-02-24 22:29:11.232 DBG] TwitchService :: Presence Timer :: Artificially updated presence with a threshold of 5 minutes (104.39ms)
[2026-02-24 22:29:33.697 DBG] ActionDispatcher :: Queueing 'Stop Collecting' (d1bb873e-8623-431a-8999-0077ee8a5311) to 'Default' (00000000-0000-0000-0000-000000000000), with 3 arguments
[2026-02-24 22:29:33.697 DBG] ActionQueue :: 'Default' (00000000-0000-0000-0000-000000000000) :: Enqueue action d1bb873e-8623-431a-8999-0077ee8a5311
[2026-02-24 22:29:33.697 DBG] ActionQueue :: 'Default' (00000000-0000-0000-0000-000000000000) :: Handling queue
[2026-02-24 22:29:33.697 DBG] ActionQueue :: 'Default' (00000000-0000-0000-0000-000000000000) :: Performing non-blocking 'Stop Collecting' (d1bb873e-8623-431a-8999-0077ee8a5311, ba0c8ef6-e3da-4930-9b34-2483092049e6)
[2026-02-24 22:30:08.867 DBG] ActionDispatcher :: Queueing 'Disable Rads' (bcfc4d53-41bf-449e-a2a7-334913971725, ObsSceneChanged) to 'Default' (00000000-0000-0000-0000-000000000000), with 15 arguments
[2026-02-24 22:30:08.867 DBG] ActionQueue :: 'Default' (00000000-0000-0000-0000-000000000000) :: Enqueue action bcfc4d53-41bf-449e-a2a7-334913971725
[2026-02-24 22:30:08.867 DBG] ActionQueue :: 'Default' (00000000-0000-0000-0000-000000000000) :: Handling queue
[2026-02-24 22:30:08.867 DBG] ActionDispatcher :: Queueing 'Start Collecting on Be Right Back and Starting Soon' (a646f6ce-8a41-47d6-a014-1bbb985c8471, ObsSceneChanged) to 'Default' (00000000-0000-0000-0000-000000000000), with 15 arguments
[2026-02-24 22:30:08.867 DBG] ActionQueue :: 'Default' (00000000-0000-0000-0000-000000000000) :: Performing non-blocking 'Disable Rads' (bcfc4d53-41bf-449e-a2a7-334913971725, 8f9d1b78-952c-4675-bc54-3d86f60f58c1)
[2026-02-24 22:30:08.867 DBG] ActionQueue :: 'Default' (00000000-0000-0000-0000-000000000000) :: Enqueue action a646f6ce-8a41-47d6-a014-1bbb985c8471
[2026-02-24 22:30:08.867 DBG] ActionQueue :: 'Default' (00000000-0000-0000-0000-000000000000) :: Handling queue
[2026-02-24 22:30:08.867 DBG] ActionQueue :: 'Default' (00000000-0000-0000-0000-000000000000) :: Performing non-blocking 'Start Collecting on Be Right Back and Starting Soon' (a646f6ce-8a41-47d6-a014-1bbb985c8471, 611df215-384c-4208-b5e9-09c85d4ef5ea)
[2026-02-24 22:30:11.142 DBG] ViewerRepo :: UpdatePresence(twitch, 5), 0.0354ms
[2026-02-24 22:30:11.259 DBG] TwitchService :: Presence Timer :: Artificially updated presence with a threshold of 5 minutes (117.1423ms)
[2026-02-24 22:30:12.976 DBG] ActionDispatcher :: Queueing 'Stop Collecting' (d1bb873e-8623-431a-8999-0077ee8a5311) to 'Default' (00000000-0000-0000-0000-000000000000), with 3 arguments
[2026-02-24 22:30:12.976 DBG] ActionQueue :: 'Default' (00000000-0000-0000-0000-000000000000) :: Enqueue action d1bb873e-8623-431a-8999-0077ee8a5311
[2026-02-24 22:30:12.976 DBG] ActionQueue :: 'Default' (00000000-0000-0000-0000-000000000000) :: Handling queue
[2026-02-24 22:30:12.976 DBG] ActionQueue :: 'Default' (00000000-0000-0000-0000-000000000000) :: Performing non-blocking 'Stop Collecting' (d1bb873e-8623-431a-8999-0077ee8a5311, 03a38161-b4bb-4256-826e-7c9ce8457507)
[2026-02-24 22:30:14.758 DBG] ActionDispatcher :: Queueing 'Disable Rads' (bcfc4d53-41bf-449e-a2a7-334913971725, ObsSceneChanged) to 'Default' (00000000-0000-0000-0000-000000000000), with 15 arguments
[2026-02-24 22:30:14.758 DBG] ActionQueue :: 'Default' (00000000-0000-0000-0000-000000000000) :: Enqueue action bcfc4d53-41bf-449e-a2a7-334913971725
[2026-02-24 22:30:14.758 DBG] ActionQueue :: 'Default' (00000000-0000-0000-0000-000000000000) :: Handling queue
[2026-02-24 22:30:14.758 DBG] ActionDispatcher :: Queueing 'Start Collecting on Be Right Back and Starting Soon' (a646f6ce-8a41-47d6-a014-1bbb985c8471, ObsSceneChanged) to 'Default' (00000000-0000-0000-0000-000000000000), with 15 arguments
[2026-02-24 22:30:14.758 DBG] ActionQueue :: 'Default' (00000000-0000-0000-0000-000000000000) :: Performing non-blocking 'Disable Rads' (bcfc4d53-41bf-449e-a2a7-334913971725, ce622335-4888-42eb-9324-ba4f5aad1c54)
[2026-02-24 22:30:14.758 DBG] ActionQueue :: 'Default' (00000000-0000-0000-0000-000000000000) :: Enqueue action a646f6ce-8a41-47d6-a014-1bbb985c8471
[2026-02-24 22:30:14.758 DBG] ActionQueue :: 'Default' (00000000-0000-0000-0000-000000000000) :: Handling queue
[2026-02-24 22:30:14.758 DBG] ActionQueue :: 'Default' (00000000-0000-0000-0000-000000000000) :: Performing non-blocking 'Start Collecting on Be Right Back and Starting Soon' (a646f6ce-8a41-47d6-a014-1bbb985c8471, bb03e9f3-0f0b-48eb-a806-9a0a880bc0fb)
[2026-02-24 22:30:17.102 DBG] ActionDispatcher :: Queueing 'Stop Collecting' (d1bb873e-8623-431a-8999-0077ee8a5311) to 'Default' (00000000-0000-0000-0000-000000000000), with 3 arguments
[2026-02-24 22:30:17.102 DBG] ActionQueue :: 'Default' (00000000-0000-0000-0000-000000000000) :: Enqueue action d1bb873e-8623-431a-8999-0077ee8a5311
[2026-02-24 22:30:17.102 DBG] ActionQueue :: 'Default' (00000000-0000-0000-0000-000000000000) :: Handling queue
[2026-02-24 22:30:17.103 DBG] ActionQueue :: 'Default' (00000000-0000-0000-0000-000000000000) :: Performing non-blocking 'Stop Collecting' (d1bb873e-8623-431a-8999-0077ee8a5311, 80212e5e-ea7c-45f4-8e4f-348bbf1c9e4f)
[2026-02-24 22:30:17.105 DBG] ActionDispatcher :: Queueing 'Enable Rads' (a6f39ad9-e4df-4cc5-8d10-46e610fa0067, ObsSceneChanged) to 'Default' (00000000-0000-0000-0000-000000000000), with 15 arguments
[2026-02-24 22:30:17.105 DBG] ActionQueue :: 'Default' (00000000-0000-0000-0000-000000000000) :: Enqueue action a6f39ad9-e4df-4cc5-8d10-46e610fa0067
[2026-02-24 22:30:17.105 DBG] ActionQueue :: 'Default' (00000000-0000-0000-0000-000000000000) :: Handling queue
[2026-02-24 22:30:17.105 DBG] ActionQueue :: 'Default' (00000000-0000-0000-0000-000000000000) :: Performing non-blocking 'Enable Rads' (a6f39ad9-e4df-4cc5-8d10-46e610fa0067, 49350f9f-c3cd-4e44-82ac-d4860e94696b)
[2026-02-24 22:30:19.075 DBG] ActionDispatcher :: Queueing 'Disable Rads' (bcfc4d53-41bf-449e-a2a7-334913971725, ObsSceneChanged) to 'Default' (00000000-0000-0000-0000-000000000000), with 15 arguments
[2026-02-24 22:30:19.075 DBG] ActionQueue :: 'Default' (00000000-0000-0000-0000-000000000000) :: Enqueue action bcfc4d53-41bf-449e-a2a7-334913971725
[2026-02-24 22:30:19.075 DBG] ActionQueue :: 'Default' (00000000-0000-0000-0000-000000000000) :: Handling queue
[2026-02-24 22:30:19.075 DBG] ActionDispatcher :: Queueing 'Start Collecting on Be Right Back and Starting Soon' (a646f6ce-8a41-47d6-a014-1bbb985c8471, ObsSceneChanged) to 'Default' (00000000-0000-0000-0000-000000000000), with 15 arguments
[2026-02-24 22:30:19.075 DBG] ActionQueue :: 'Default' (00000000-0000-0000-0000-000000000000) :: Performing non-blocking 'Disable Rads' (bcfc4d53-41bf-449e-a2a7-334913971725, a309e81a-0de1-447a-a38c-42972cfb8cc9)
[2026-02-24 22:30:19.075 DBG] ActionQueue :: 'Default' (00000000-0000-0000-0000-000000000000) :: Enqueue action a646f6ce-8a41-47d6-a014-1bbb985c8471
[2026-02-24 22:30:19.075 DBG] ActionQueue :: 'Default' (00000000-0000-0000-0000-000000000000) :: Handling queue
[2026-02-24 22:30:19.075 DBG] ActionQueue :: 'Default' (00000000-0000-0000-0000-000000000000) :: Performing non-blocking 'Start Collecting on Be Right Back and Starting Soon' (a646f6ce-8a41-47d6-a014-1bbb985c8471, 58f4575d-a3d5-4c04-9113-3ee1ee3bbc66)
[2026-02-24 22:30:20.707 DBG] ActionDispatcher :: Queueing 'Stop Collecting' (d1bb873e-8623-431a-8999-0077ee8a5311) to 'Default' (00000000-0000-0000-0000-000000000000), with 3 arguments
[2026-02-24 22:30:20.707 DBG] ActionQueue :: 'Default' (00000000-0000-0000-0000-000000000000) :: Enqueue action d1bb873e-8623-431a-8999-0077ee8a5311
[2026-02-24 22:30:20.707 DBG] ActionQueue :: 'Default' (00000000-0000-0000-0000-000000000000) :: Handling queue
[2026-02-24 22:30:20.707 DBG] ActionQueue :: 'Default' (00000000-0000-0000-0000-000000000000) :: Performing non-blocking 'Stop Collecting' (d1bb873e-8623-431a-8999-0077ee8a5311, dd687992-9453-4f56-8b2d-2f4964572eaa)
[2026-02-24 22:30:20.708 DBG] ActionDispatcher :: Queueing 'Enable Rads' (a6f39ad9-e4df-4cc5-8d10-46e610fa0067, ObsSceneChanged) to 'Default' (00000000-0000-0000-0000-000000000000), with 15 arguments
[2026-02-24 22:30:20.708 DBG] ActionQueue :: 'Default' (00000000-0000-0000-0000-000000000000) :: Enqueue action a6f39ad9-e4df-4cc5-8d10-46e610fa0067
[2026-02-24 22:30:20.708 DBG] ActionQueue :: 'Default' (00000000-0000-0000-0000-000000000000) :: Handling queue
[2026-02-24 22:30:20.708 DBG] ActionQueue :: 'Default' (00000000-0000-0000-0000-000000000000) :: Performing non-blocking 'Enable Rads' (a6f39ad9-e4df-4cc5-8d10-46e610fa0067, 98e94a27-f347-434b-821e-cf18f14b6a8e)
[2026-02-24 22:30:20.708 DBG] ActionDispatcher :: Queueing 'Start Collecting on Be Right Back and Starting Soon' (a646f6ce-8a41-47d6-a014-1bbb985c8471, ObsSceneChanged) to 'Default' (00000000-0000-0000-0000-000000000000), with 15 arguments
[2026-02-24 22:30:20.708 DBG] ActionQueue :: 'Default' (00000000-0000-0000-0000-000000000000) :: Enqueue action a646f6ce-8a41-47d6-a014-1bbb985c8471
[2026-02-24 22:30:20.708 DBG] ActionQueue :: 'Default' (00000000-0000-0000-0000-000000000000) :: Handling queue
[2026-02-24 22:30:20.708 DBG] ActionQueue :: 'Default' (00000000-0000-0000-0000-000000000000) :: Performing non-blocking 'Start Collecting on Be Right Back and Starting Soon' (a646f6ce-8a41-47d6-a014-1bbb985c8471, 346f2256-7ad4-403c-a95f-a60b62174626)
[2026-02-24 22:30:26.521 DBG] ActionDispatcher :: Queueing 'Disable Rads' (bcfc4d53-41bf-449e-a2a7-334913971725, ObsSceneChanged) to 'Default' (00000000-0000-0000-0000-000000000000), with 15 arguments
[2026-02-24 22:30:26.521 DBG] ActionQueue :: 'Default' (00000000-0000-0000-0000-000000000000) :: Enqueue action bcfc4d53-41bf-449e-a2a7-334913971725
[2026-02-24 22:30:26.521 DBG] ActionQueue :: 'Default' (00000000-0000-0000-0000-000000000000) :: Handling queue
[2026-02-24 22:30:26.521 DBG] ActionDispatcher :: Queueing 'Start Collecting on Be Right Back and Starting Soon' (a646f6ce-8a41-47d6-a014-1bbb985c8471, ObsSceneChanged) to 'Default' (00000000-0000-0000-0000-000000000000), with 15 arguments
[2026-02-24 22:30:26.521 DBG] ActionQueue :: 'Default' (00000000-0000-0000-0000-000000000000) :: Performing non-blocking 'Disable Rads' (bcfc4d53-41bf-449e-a2a7-334913971725, 19f3cc07-f4e8-4fc4-8e15-950fc1491461)
[2026-02-24 22:30:26.521 DBG] ActionQueue :: 'Default' (00000000-0000-0000-0000-000000000000) :: Enqueue action a646f6ce-8a41-47d6-a014-1bbb985c8471
[2026-02-24 22:30:26.521 DBG] ActionQueue :: 'Default' (00000000-0000-0000-0000-000000000000) :: Handling queue
[2026-02-24 22:30:26.521 DBG] ActionQueue :: 'Default' (00000000-0000-0000-0000-000000000000) :: Performing non-blocking 'Start Collecting on Be Right Back and Starting Soon' (a646f6ce-8a41-47d6-a014-1bbb985c8471, 7fae2a40-680c-457e-8448-8e60b6fcbdd0)
[2026-02-24 22:30:26.521 DBG] ActionDispatcher :: Queueing 'Stop Collecting' (d1bb873e-8623-431a-8999-0077ee8a5311) to 'Default' (00000000-0000-0000-0000-000000000000), with 3 arguments
[2026-02-24 22:30:26.521 DBG] ActionQueue :: 'Default' (00000000-0000-0000-0000-000000000000) :: Enqueue action d1bb873e-8623-431a-8999-0077ee8a5311
[2026-02-24 22:30:26.521 DBG] ActionQueue :: 'Default' (00000000-0000-0000-0000-000000000000) :: Handling queue
[2026-02-24 22:30:26.521 DBG] ActionQueue :: 'Default' (00000000-0000-0000-0000-000000000000) :: Performing non-blocking 'Stop Collecting' (d1bb873e-8623-431a-8999-0077ee8a5311, cac0f170-99b5-437b-b704-ccd295fd2981)
[2026-02-24 22:30:28.590 DBG] ActionDispatcher :: Queueing 'Stop Collecting' (d1bb873e-8623-431a-8999-0077ee8a5311) to 'Default' (00000000-0000-0000-0000-000000000000), with 3 arguments
[2026-02-24 22:30:28.590 DBG] ActionQueue :: 'Default' (00000000-0000-0000-0000-000000000000) :: Enqueue action d1bb873e-8623-431a-8999-0077ee8a5311
[2026-02-24 22:30:28.590 DBG] ActionQueue :: 'Default' (00000000-0000-0000-0000-000000000000) :: Handling queue
[2026-02-24 22:30:28.590 DBG] ActionQueue :: 'Default' (00000000-0000-0000-0000-000000000000) :: Performing non-blocking 'Stop Collecting' (d1bb873e-8623-431a-8999-0077ee8a5311, 22cc22fc-0186-4d29-a648-f6ac6ef7f5d2)
[2026-02-24 22:30:28.591 DBG] ActionDispatcher :: Queueing 'Enable Rads' (a6f39ad9-e4df-4cc5-8d10-46e610fa0067, ObsSceneChanged) to 'Default' (00000000-0000-0000-0000-000000000000), with 15 arguments
[2026-02-24 22:30:28.591 DBG] ActionQueue :: 'Default' (00000000-0000-0000-0000-000000000000) :: Enqueue action a6f39ad9-e4df-4cc5-8d10-46e610fa0067
[2026-02-24 22:30:28.591 DBG] ActionQueue :: 'Default' (00000000-0000-0000-0000-000000000000) :: Handling queue
[2026-02-24 22:30:28.591 DBG] ActionDispatcher :: Queueing 'Start Collecting on Be Right Back and Starting Soon' (a646f6ce-8a41-47d6-a014-1bbb985c8471, ObsSceneChanged) to 'Default' (00000000-0000-0000-0000-000000000000), with 15 arguments
[2026-02-24 22:30:28.591 DBG] ActionQueue :: 'Default' (00000000-0000-0000-0000-000000000000) :: Performing non-blocking 'Enable Rads' (a6f39ad9-e4df-4cc5-8d10-46e610fa0067, b914dfe5-802a-4067-a71f-75286b6e6e67)
[2026-02-24 22:30:28.591 DBG] ActionQueue :: 'Default' (00000000-0000-0000-0000-000000000000) :: Enqueue action a646f6ce-8a41-47d6-a014-1bbb985c8471
[2026-02-24 22:30:28.591 DBG] ActionQueue :: 'Default' (00000000-0000-0000-0000-000000000000) :: Handling queue
[2026-02-24 22:30:28.591 DBG] ActionQueue :: 'Default' (00000000-0000-0000-0000-000000000000) :: Performing non-blocking 'Start Collecting on Be Right Back and Starting Soon' (a646f6ce-8a41-47d6-a014-1bbb985c8471, f550c101-80a9-4938-a6bd-08dab282df2a)
[2026-02-24 22:30:36.381 DBG] ActionDispatcher :: Queueing 'Stop Collecting' (d1bb873e-8623-431a-8999-0077ee8a5311) to 'Default' (00000000-0000-0000-0000-000000000000), with 3 arguments
[2026-02-24 22:30:36.381 DBG] ActionQueue :: 'Default' (00000000-0000-0000-0000-000000000000) :: Enqueue action d1bb873e-8623-431a-8999-0077ee8a5311
[2026-02-24 22:30:36.381 DBG] ActionQueue :: 'Default' (00000000-0000-0000-0000-000000000000) :: Handling queue
[2026-02-24 22:30:36.381 DBG] ActionQueue :: 'Default' (00000000-0000-0000-0000-000000000000) :: Performing non-blocking 'Stop Collecting' (d1bb873e-8623-431a-8999-0077ee8a5311, d64dc27b-e45a-434d-b6b1-34a3a54fba6d)
[2026-02-24 22:30:40.719 DBG] ActionDispatcher :: Queueing 'Enable Rads' (a6f39ad9-e4df-4cc5-8d10-46e610fa0067, ObsSceneChanged) to 'Default' (00000000-0000-0000-0000-000000000000), with 15 arguments
[2026-02-24 22:30:40.719 DBG] ActionQueue :: 'Default' (00000000-0000-0000-0000-000000000000) :: Enqueue action a6f39ad9-e4df-4cc5-8d10-46e610fa0067
[2026-02-24 22:30:40.719 DBG] ActionQueue :: 'Default' (00000000-0000-0000-0000-000000000000) :: Handling queue
[2026-02-24 22:30:40.719 DBG] ActionQueue :: 'Default' (00000000-0000-0000-0000-000000000000) :: Performing non-blocking 'Enable Rads' (a6f39ad9-e4df-4cc5-8d10-46e610fa0067, b074a05e-e925-4222-915f-f5563c7a3673)
[2026-02-24 22:30:45.359 DBG] ActionDispatcher :: Queueing 'Enable Rads' (a6f39ad9-e4df-4cc5-8d10-46e610fa0067, ObsSceneChanged) to 'Default' (00000000-0000-0000-0000-000000000000), with 15 arguments
[2026-02-24 22:30:45.359 DBG] ActionQueue :: 'Default' (00000000-0000-0000-0000-000000000000) :: Enqueue action a6f39ad9-e4df-4cc5-8d10-46e610fa0067
[2026-02-24 22:30:45.359 DBG] ActionQueue :: 'Default' (00000000-0000-0000-0000-000000000000) :: Handling queue
[2026-02-24 22:30:45.359 DBG] ActionQueue :: 'Default' (00000000-0000-0000-0000-000000000000) :: Performing non-blocking 'Enable Rads' (a6f39ad9-e4df-4cc5-8d10-46e610fa0067, 0cf291da-111e-40f8-99c7-98401f807429)
[2026-02-24 22:30:45.359 DBG] ActionDispatcher :: Queueing 'Start Collecting on Be Right Back and Starting Soon' (a646f6ce-8a41-47d6-a014-1bbb985c8471, ObsSceneChanged) to 'Default' (00000000-0000-0000-0000-000000000000), with 15 arguments
[2026-02-24 22:30:45.359 DBG] ActionQueue :: 'Default' (00000000-0000-0000-0000-000000000000) :: Enqueue action a646f6ce-8a41-47d6-a014-1bbb985c8471
[2026-02-24 22:30:45.359 DBG] ActionQueue :: 'Default' (00000000-0000-0000-0000-000000000000) :: Handling queue
[2026-02-24 22:30:45.359 DBG] ActionQueue :: 'Default' (00000000-0000-0000-0000-000000000000) :: Performing non-blocking 'Start Collecting on Be Right Back and Starting Soon' (a646f6ce-8a41-47d6-a014-1bbb985c8471, 1ab98ba5-9705-431f-a678-a6f92a9ec3aa)
[2026-02-24 22:31:11.156 DBG] ViewerRepo :: UpdatePresence(twitch, 5), 0.0433ms
[2026-02-24 22:31:11.264 DBG] TwitchService :: Presence Timer :: Artificially updated presence with a threshold of 5 minutes (108.2243ms)
[2026-02-24 22:31:25.888 DBG] ActionDispatcher :: Queueing 'Stop Collecting' (d1bb873e-8623-431a-8999-0077ee8a5311) to 'Default' (00000000-0000-0000-0000-000000000000), with 3 arguments
[2026-02-24 22:31:25.888 DBG] ActionQueue :: 'Default' (00000000-0000-0000-0000-000000000000) :: Enqueue action d1bb873e-8623-431a-8999-0077ee8a5311
[2026-02-24 22:31:25.888 DBG] ActionQueue :: 'Default' (00000000-0000-0000-0000-000000000000) :: Handling queue
[2026-02-24 22:31:25.888 DBG] ActionQueue :: 'Default' (00000000-0000-0000-0000-000000000000) :: Performing non-blocking 'Stop Collecting' (d1bb873e-8623-431a-8999-0077ee8a5311, 40ffe1ad-608c-4abf-bb0c-22c4d225a547)
[2026-02-24 22:31:25.891 DBG] ActionDispatcher :: Queueing 'Enable Rads' (a6f39ad9-e4df-4cc5-8d10-46e610fa0067, ObsSceneChanged) to 'Default' (00000000-0000-0000-0000-000000000000), with 15 arguments
[2026-02-24 22:31:25.891 DBG] ActionQueue :: 'Default' (00000000-0000-0000-0000-000000000000) :: Enqueue action a6f39ad9-e4df-4cc5-8d10-46e610fa0067
[2026-02-24 22:31:25.891 DBG] ActionQueue :: 'Default' (00000000-0000-0000-0000-000000000000) :: Handling queue
[2026-02-24 22:31:25.891 DBG] ActionQueue :: 'Default' (00000000-0000-0000-0000-000000000000) :: Performing non-blocking 'Enable Rads' (a6f39ad9-e4df-4cc5-8d10-46e610fa0067, 6c5065ab-bd4f-4db0-9148-86a5f2107b74)
[2026-02-24 22:31:27.106 DBG] Websocket Server :: Connection Closed :: 67ad858430794901bd4fde4b13df9b61
[2026-02-24 22:31:27.134 DBG] Websocket Server :: Connection Closed :: e85e789a0c864690837233854f6dec5c
[2026-02-24 22:31:27.825 DBG] OBS-Websocket5 :: Disconnected
[2026-02-24 22:31:27.825 DBG] OBS :: Disconnected from OBS (127.0.0.1:4455)
[2026-02-24 22:31:57.839 DBG] OBS :: Retrying obs connection to OBS (127.0.0.1:4455)
[2026-02-24 22:31:57.839 DBG] OBS :: Opening websocket connection to OBS (127.0.0.1:4455)
[2026-02-24 22:31:57.839 DBG] OBS-Websocket5 :: Opening connection (ws://127.0.0.1:4455/api/websocket)
[2026-02-24 22:31:59.901 DBG] OBS-Websocket5 :: Disconnected
[2026-02-24 22:31:59.901 DBG] OBS :: Disconnected from OBS (127.0.0.1:4455)
[2026-02-24 22:32:11.170 DBG] ViewerRepo :: UpdatePresence(twitch, 5), 0.0313ms
[2026-02-24 22:32:11.288 DBG] TwitchService :: Presence Timer :: Artificially updated presence with a threshold of 5 minutes (118.0022ms)
[2026-02-24 22:32:29.911 DBG] OBS :: Retrying obs connection to OBS (127.0.0.1:4455)
[2026-02-24 22:32:29.911 DBG] OBS :: Opening websocket connection to OBS (127.0.0.1:4455)
[2026-02-24 22:32:29.911 DBG] OBS-Websocket5 :: Opening connection (ws://127.0.0.1:4455/api/websocket)
[2026-02-24 22:32:31.972 DBG] OBS-Websocket5 :: Disconnected
[2026-02-24 22:32:31.972 DBG] OBS :: Disconnected from OBS (127.0.0.1:4455)
[2026-02-24 22:33:01.980 DBG] OBS :: Retrying obs connection to OBS (127.0.0.1:4455)
[2026-02-24 22:33:01.980 DBG] OBS :: Opening websocket connection to OBS (127.0.0.1:4455)
[2026-02-24 22:33:01.980 DBG] OBS-Websocket5 :: Opening connection (ws://127.0.0.1:4455/api/websocket)
[2026-02-24 22:33:04.025 DBG] OBS-Websocket5 :: Disconnected
[2026-02-24 22:33:04.025 DBG] OBS :: Disconnected from OBS (127.0.0.1:4455)
[2026-02-24 22:33:11.181 DBG] ViewerRepo :: UpdatePresence(twitch, 5), 0.031ms
[2026-02-24 22:33:11.294 DBG] TwitchService :: Presence Timer :: Artificially updated presence with a threshold of 5 minutes (113.7724ms)
[2026-02-24 22:33:34.030 DBG] OBS :: Retrying obs connection to OBS (127.0.0.1:4455)
[2026-02-24 22:33:34.030 DBG] OBS :: Opening websocket connection to OBS (127.0.0.1:4455)
[2026-02-24 22:33:34.030 DBG] OBS-Websocket5 :: Opening connection (ws://127.0.0.1:4455/api/websocket)
[2026-02-24 22:33:36.061 DBG] OBS-Websocket5 :: Disconnected
[2026-02-24 22:33:36.061 DBG] OBS :: Disconnected from OBS (127.0.0.1:4455)
[2026-02-24 22:33:58.757 DBG] Credits :: Time to save 13.7055ms
[2026-02-24 22:34:06.076 DBG] OBS :: Retrying obs connection to OBS (127.0.0.1:4455)
[2026-02-24 22:34:06.076 DBG] OBS :: Opening websocket connection to OBS (127.0.0.1:4455)
[2026-02-24 22:34:06.076 DBG] OBS-Websocket5 :: Opening connection (ws://127.0.0.1:4455/api/websocket)
[2026-02-24 22:34:07.665 DBG] AutoSave :: Auto saving settings...
[2026-02-24 22:34:07.687 DBG] Users :: Time to save 22.0403ms
[2026-02-24 22:34:07.711 DBG] Actions :: Time to save 24.3662ms
[2026-02-24 22:34:07.727 DBG] Commands :: Time to save 15.7189ms
[2026-02-24 22:34:07.743 DBG] Twitch Rewards :: Time to save 16.3343ms
[2026-02-24 22:34:07.755 DBG] Midi :: Time to save 10.9391ms
[2026-02-24 22:34:07.765 DBG] OBS Settings :: Time to save 10.7133ms
[2026-02-24 22:34:07.776 DBG] MeldStudio Settings :: Time to save 10.2352ms
[2026-02-24 22:34:07.792 DBG] Credits :: Time to save 16.8131ms
[2026-02-24 22:34:07.804 DBG] Quotes :: Time to save 11.9295ms
[2026-02-24 22:34:07.881 DBG] Config :: Time to save 13.947ms
[2026-02-24 22:34:08.104 DBG] OBS-Websocket5 :: Disconnected
[2026-02-24 22:34:08.104 DBG] OBS :: Disconnected from OBS (127.0.0.1:4455)
[2026-02-24 22:34:11.191 DBG] ViewerRepo :: UpdatePresence(twitch, 5), 0.0474ms
[2026-02-24 22:34:11.309 DBG] TwitchService :: Presence Timer :: Artificially updated presence with a threshold of 5 minutes (117.5993ms)
[2026-02-24 22:34:38.106 DBG] OBS :: Retrying obs connection to OBS (127.0.0.1:4455)
[2026-02-24 22:34:38.106 DBG] OBS :: Opening websocket connection to OBS (127.0.0.1:4455)
[2026-02-24 22:34:38.106 DBG] OBS-Websocket5 :: Opening connection (ws://127.0.0.1:4455/api/websocket)
[2026-02-24 22:34:40.166 DBG] OBS-Websocket5 :: Disconnected
[2026-02-24 22:34:40.166 DBG] OBS :: Disconnected from OBS (127.0.0.1:4455)
[2026-02-24 22:35:10.179 DBG] OBS :: Retrying obs connection to OBS (127.0.0.1:4455)
[2026-02-24 22:35:10.179 DBG] OBS :: Opening websocket connection to OBS (127.0.0.1:4455)
[2026-02-24 22:35:10.179 DBG] OBS-Websocket5 :: Opening connection (ws://127.0.0.1:4455/api/websocket)
[2026-02-24 22:35:11.193 DBG] ViewerRepo :: UpdatePresence(twitch, 5), 0.0307ms
[2026-02-24 22:35:11.311 DBG] TwitchService :: Presence Timer :: Artificially updated presence with a threshold of 5 minutes (118.6446ms)
[2026-02-24 22:35:12.210 DBG] OBS-Websocket5 :: Disconnected
[2026-02-24 22:35:12.210 DBG] OBS :: Disconnected from OBS (127.0.0.1:4455)
[2026-02-24 22:35:42.237 DBG] OBS :: Retrying obs connection to OBS (127.0.0.1:4455)
[2026-02-24 22:35:42.237 DBG] OBS :: Opening websocket connection to OBS (127.0.0.1:4455)
[2026-02-24 22:35:42.237 DBG] OBS-Websocket5 :: Opening connection (ws://127.0.0.1:4455/api/websocket)
[2026-02-24 22:35:44.295 DBG] OBS-Websocket5 :: Disconnected
[2026-02-24 22:35:44.295 DBG] OBS :: Disconnected from OBS (127.0.0.1:4455)
[2026-02-24 22:36:11.199 DBG] ViewerRepo :: UpdatePresence(twitch, 5), 0.0412ms
[2026-02-24 22:36:11.317 DBG] TwitchService :: Presence Timer :: Artificially updated presence with a threshold of 5 minutes (117.4604ms)
[2026-02-24 22:36:14.307 DBG] OBS :: Retrying obs connection to OBS (127.0.0.1:4455)
[2026-02-24 22:36:14.307 DBG] OBS :: Opening websocket connection to OBS (127.0.0.1:4455)
[2026-02-24 22:36:14.307 DBG] OBS-Websocket5 :: Opening connection (ws://127.0.0.1:4455/api/websocket)
[2026-02-24 22:36:16.349 DBG] OBS-Websocket5 :: Disconnected
[2026-02-24 22:36:16.349 DBG] OBS :: Disconnected from OBS (127.0.0.1:4455)
[2026-02-24 22:36:46.356 DBG] OBS :: Retrying obs connection to OBS (127.0.0.1:4455)
[2026-02-24 22:36:46.356 DBG] OBS :: Opening websocket connection to OBS (127.0.0.1:4455)
[2026-02-24 22:36:46.356 DBG] OBS-Websocket5 :: Opening connection (ws://127.0.0.1:4455/api/websocket)
[2026-02-24 22:36:48.397 DBG] OBS-Websocket5 :: Disconnected
[2026-02-24 22:36:48.397 DBG] OBS :: Disconnected from OBS (127.0.0.1:4455)
[2026-02-24 22:37:11.209 DBG] ViewerRepo :: UpdatePresence(twitch, 5), 0.0292ms
[2026-02-24 22:37:11.326 DBG] TwitchService :: Presence Timer :: Artificially updated presence with a threshold of 5 minutes (117.0856ms)
[2026-02-24 22:37:18.411 DBG] OBS :: Retrying obs connection to OBS (127.0.0.1:4455)
[2026-02-24 22:37:18.411 DBG] OBS :: Opening websocket connection to OBS (127.0.0.1:4455)
[2026-02-24 22:37:18.411 DBG] OBS-Websocket5 :: Opening connection (ws://127.0.0.1:4455/api/websocket)
[2026-02-24 22:37:20.440 DBG] OBS-Websocket5 :: Disconnected
[2026-02-24 22:37:20.440 DBG] OBS :: Disconnected from OBS (127.0.0.1:4455)
[2026-02-24 22:37:50.445 DBG] OBS :: Retrying obs connection to OBS (127.0.0.1:4455)
[2026-02-24 22:37:50.445 DBG] OBS :: Opening websocket connection to OBS (127.0.0.1:4455)
[2026-02-24 22:37:50.445 DBG] OBS-Websocket5 :: Opening connection (ws://127.0.0.1:4455/api/websocket)
[2026-02-24 22:37:52.490 DBG] OBS-Websocket5 :: Disconnected
[2026-02-24 22:37:52.490 DBG] OBS :: Disconnected from OBS (127.0.0.1:4455)
[2026-02-24 22:38:11.225 DBG] ViewerRepo :: UpdatePresence(twitch, 5), 0.0309ms
[2026-02-24 22:38:11.339 DBG] TwitchService :: Presence Timer :: Artificially updated presence with a threshold of 5 minutes (114.1271ms)
[2026-02-24 22:38:22.492 DBG] OBS :: Retrying obs connection to OBS (127.0.0.1:4455)
[2026-02-24 22:38:22.492 DBG] OBS :: Opening websocket connection to OBS (127.0.0.1:4455)
[2026-02-24 22:38:22.492 DBG] OBS-Websocket5 :: Opening connection (ws://127.0.0.1:4455/api/websocket)
[2026-02-24 22:38:24.535 DBG] OBS-Websocket5 :: Disconnected
[2026-02-24 22:38:24.535 DBG] OBS :: Disconnected from OBS (127.0.0.1:4455)
[2026-02-24 22:38:54.539 DBG] OBS :: Retrying obs connection to OBS (127.0.0.1:4455)
[2026-02-24 22:38:54.539 DBG] OBS :: Opening websocket connection to OBS (127.0.0.1:4455)
[2026-02-24 22:38:54.539 DBG] OBS-Websocket5 :: Opening connection (ws://127.0.0.1:4455/api/websocket)
[2026-02-24 22:38:56.580 DBG] OBS-Websocket5 :: Disconnected
[2026-02-24 22:38:56.580 DBG] OBS :: Disconnected from OBS (127.0.0.1:4455)
[2026-02-24 22:38:57.426 DBG] ActionDispatcher :: Queueing 'Sub Goal' (361aa588-5f31-4e19-b8a5-099cae52479d, TimedAction) to 'Default' (00000000-0000-0000-0000-000000000000), with 11 arguments
[2026-02-24 22:38:57.426 DBG] ActionQueue :: 'Default' (00000000-0000-0000-0000-000000000000) :: Enqueue action 361aa588-5f31-4e19-b8a5-099cae52479d
[2026-02-24 22:38:57.426 DBG] ActionQueue :: 'Default' (00000000-0000-0000-0000-000000000000) :: Handling queue
[2026-02-24 22:38:57.426 DBG] ActionQueue :: 'Default' (00000000-0000-0000-0000-000000000000) :: Performing non-blocking 'Sub Goal' (361aa588-5f31-4e19-b8a5-099cae52479d, 30971b35-0211-40ea-be27-d3ad488b55c6)
[2026-02-24 22:38:58.767 DBG] Credits :: Time to save 19.7006ms
[2026-02-24 22:39:07.891 DBG] AutoSave :: Auto saving settings...
[2026-02-24 22:39:07.906 DBG] Users :: Time to save 14.9805ms
[2026-02-24 22:39:07.924 DBG] Actions :: Time to save 18.5566ms
[2026-02-24 22:39:07.941 DBG] Commands :: Time to save 16.4322ms
[2026-02-24 22:39:07.953 DBG] Twitch Rewards :: Time to save 12.181ms
[2026-02-24 22:39:07.964 DBG] Midi :: Time to save 10.9615ms
[2026-02-24 22:39:07.978 DBG] OBS Settings :: Time to save 14.0214ms
[2026-02-24 22:39:07.988 DBG] MeldStudio Settings :: Time to save 10.5677ms
[2026-02-24 22:39:07.999 DBG] Credits :: Time to save 9.8219ms
[2026-02-24 22:39:08.016 DBG] Quotes :: Time to save 17.7902ms
[2026-02-24 22:39:08.109 DBG] Config :: Time to save 15.6859ms
[2026-02-24 22:39:11.240 DBG] ViewerRepo :: UpdatePresence(twitch, 5), 0.0319ms
[2026-02-24 22:39:11.360 DBG] TwitchService :: Presence Timer :: Artificially updated presence with a threshold of 5 minutes (120.7563ms)
[2026-02-24 22:39:26.589 DBG] OBS :: Retrying obs connection to OBS (127.0.0.1:4455)
[2026-02-24 22:39:26.589 DBG] OBS :: Opening websocket connection to OBS (127.0.0.1:4455)
[2026-02-24 22:39:26.589 DBG] OBS-Websocket5 :: Opening connection (ws://127.0.0.1:4455/api/websocket)
[2026-02-24 22:39:28.616 DBG] OBS-Websocket5 :: Disconnected
[2026-02-24 22:39:28.616 DBG] OBS :: Disconnected from OBS (127.0.0.1:4455)
[2026-02-24 22:39:58.631 DBG] OBS :: Retrying obs connection to OBS (127.0.0.1:4455)
[2026-02-24 22:39:58.631 DBG] OBS :: Opening websocket connection to OBS (127.0.0.1:4455)
[2026-02-24 22:39:58.631 DBG] OBS-Websocket5 :: Opening connection (ws://127.0.0.1:4455/api/websocket)
[2026-02-24 22:40:00.687 DBG] OBS-Websocket5 :: Disconnected
[2026-02-24 22:40:00.687 DBG] OBS :: Disconnected from OBS (127.0.0.1:4455)
[2026-02-24 22:40:11.249 DBG] ViewerRepo :: UpdatePresence(twitch, 5), 0.0419ms
[2026-02-24 22:40:11.357 DBG] TwitchService :: Presence Timer :: Artificially updated presence with a threshold of 5 minutes (108.3784ms)
[2026-02-24 22:40:30.688 DBG] OBS :: Retrying obs connection to OBS (127.0.0.1:4455)
[2026-02-24 22:40:30.688 DBG] OBS :: Opening websocket connection to OBS (127.0.0.1:4455)
[2026-02-24 22:40:30.688 DBG] OBS-Websocket5 :: Opening connection (ws://127.0.0.1:4455/api/websocket)
[2026-02-24 22:40:32.729 DBG] OBS-Websocket5 :: Disconnected
[2026-02-24 22:40:32.729 DBG] OBS :: Disconnected from OBS (127.0.0.1:4455)
[2026-02-24 22:41:02.737 DBG] OBS :: Retrying obs connection to OBS (127.0.0.1:4455)
[2026-02-24 22:41:02.737 DBG] OBS :: Opening websocket connection to OBS (127.0.0.1:4455)
[2026-02-24 22:41:02.737 DBG] OBS-Websocket5 :: Opening connection (ws://127.0.0.1:4455/api/websocket)
[2026-02-24 22:41:04.748 DBG] OBS-Websocket5 :: Disconnected
[2026-02-24 22:41:04.748 DBG] OBS :: Disconnected from OBS (127.0.0.1:4455)
[2026-02-24 22:41:11.270 DBG] ViewerRepo :: UpdatePresence(twitch, 5), 0.0551ms
[2026-02-24 22:41:11.372 DBG] TwitchService :: Presence Timer :: Artificially updated presence with a threshold of 5 minutes (102.5061ms)
[2026-02-24 22:41:34.750 DBG] OBS :: Retrying obs connection to OBS (127.0.0.1:4455)
[2026-02-24 22:41:34.750 DBG] OBS :: Opening websocket connection to OBS (127.0.0.1:4455)
[2026-02-24 22:41:34.750 DBG] OBS-Websocket5 :: Opening connection (ws://127.0.0.1:4455/api/websocket)
[2026-02-24 22:41:36.780 DBG] OBS-Websocket5 :: Disconnected
[2026-02-24 22:41:36.780 DBG] OBS :: Disconnected from OBS (127.0.0.1:4455)
[2026-02-24 22:42:06.796 DBG] OBS :: Retrying obs connection to OBS (127.0.0.1:4455)
[2026-02-24 22:42:06.796 DBG] OBS :: Opening websocket connection to OBS (127.0.0.1:4455)
[2026-02-24 22:42:06.796 DBG] OBS-Websocket5 :: Opening connection (ws://127.0.0.1:4455/api/websocket)
[2026-02-24 22:42:08.852 DBG] OBS-Websocket5 :: Disconnected
[2026-02-24 22:42:08.852 DBG] OBS :: Disconnected from OBS (127.0.0.1:4455)
[2026-02-24 22:42:11.274 DBG] ViewerRepo :: UpdatePresence(twitch, 5), 0.042ms
[2026-02-24 22:42:11.383 DBG] TwitchService :: Presence Timer :: Artificially updated presence with a threshold of 5 minutes (109.5684ms)
[2026-02-24 22:42:38.865 DBG] OBS :: Retrying obs connection to OBS (127.0.0.1:4455)
[2026-02-24 22:42:38.865 DBG] OBS :: Opening websocket connection to OBS (127.0.0.1:4455)
[2026-02-24 22:42:38.865 DBG] OBS-Websocket5 :: Opening connection (ws://127.0.0.1:4455/api/websocket)
[2026-02-24 22:42:40.923 DBG] OBS-Websocket5 :: Disconnected
[2026-02-24 22:42:40.923 DBG] OBS :: Disconnected from OBS (127.0.0.1:4455)
[2026-02-24 22:43:10.931 DBG] OBS :: Retrying obs connection to OBS (127.0.0.1:4455)
[2026-02-24 22:43:10.931 DBG] OBS :: Opening websocket connection to OBS (127.0.0.1:4455)
[2026-02-24 22:43:10.931 DBG] OBS-Websocket5 :: Opening connection (ws://127.0.0.1:4455/api/websocket)
[2026-02-24 22:43:11.275 DBG] ViewerRepo :: UpdatePresence(twitch, 5), 0.0288ms
[2026-02-24 22:43:11.392 DBG] TwitchService :: Presence Timer :: Artificially updated presence with a threshold of 5 minutes (116.8174ms)
[2026-02-24 22:43:12.980 DBG] OBS-Websocket5 :: Disconnected
[2026-02-24 22:43:12.980 DBG] OBS :: Disconnected from OBS (127.0.0.1:4455)
[2026-02-24 22:43:42.984 DBG] OBS :: Retrying obs connection to OBS (127.0.0.1:4455)
[2026-02-24 22:43:42.984 DBG] OBS :: Opening websocket connection to OBS (127.0.0.1:4455)
[2026-02-24 22:43:42.984 DBG] OBS-Websocket5 :: Opening connection (ws://127.0.0.1:4455/api/websocket)
[2026-02-24 22:43:45.024 DBG] OBS-Websocket5 :: Disconnected
[2026-02-24 22:43:45.024 DBG] OBS :: Disconnected from OBS (127.0.0.1:4455)
[2026-02-24 22:43:58.786 DBG] Credits :: Time to save 21.7502ms
[2026-02-24 22:44:08.087 DBG] AutoSave :: Auto saving settings...
[2026-02-24 22:44:08.104 DBG] Users :: Time to save 16.8329ms
[2026-02-24 22:44:08.124 DBG] Actions :: Time to save 19.7145ms
[2026-02-24 22:44:08.139 DBG] Commands :: Time to save 15.5288ms
[2026-02-24 22:44:08.152 DBG] Twitch Rewards :: Time to save 13.1395ms
[2026-02-24 22:44:08.165 DBG] Midi :: Time to save 12.384ms
[2026-02-24 22:44:08.182 DBG] OBS Settings :: Time to save 17.5518ms
[2026-02-24 22:44:08.193 DBG] MeldStudio Settings :: Time to save 10.5428ms
[2026-02-24 22:44:08.208 DBG] Credits :: Time to save 14.69ms
[2026-02-24 22:44:08.220 DBG] Quotes :: Time to save 12.7565ms
[2026-02-24 22:44:08.310 DBG] Config :: Time to save 21.6952ms
[2026-02-24 22:44:11.280 DBG] ViewerRepo :: UpdatePresence(twitch, 5), 0.0283ms
[2026-02-24 22:44:11.397 DBG] TwitchService :: Presence Timer :: Artificially updated presence with a threshold of 5 minutes (116.5697ms)
[2026-02-24 22:44:15.025 DBG] OBS :: Retrying obs connection to OBS (127.0.0.1:4455)
[2026-02-24 22:44:15.025 DBG] OBS :: Opening websocket connection to OBS (127.0.0.1:4455)
[2026-02-24 22:44:15.025 DBG] OBS-Websocket5 :: Opening connection (ws://127.0.0.1:4455/api/websocket)
[2026-02-24 22:44:17.055 DBG] OBS-Websocket5 :: Disconnected
[2026-02-24 22:44:17.055 DBG] OBS :: Disconnected from OBS (127.0.0.1:4455)
[2026-02-24 22:44:47.060 DBG] OBS :: Retrying obs connection to OBS (127.0.0.1:4455)
[2026-02-24 22:44:47.060 DBG] OBS :: Opening websocket connection to OBS (127.0.0.1:4455)
[2026-02-24 22:44:47.060 DBG] OBS-Websocket5 :: Opening connection (ws://127.0.0.1:4455/api/websocket)
[2026-02-24 22:44:49.089 DBG] OBS-Websocket5 :: Disconnected
[2026-02-24 22:44:49.089 DBG] OBS :: Disconnected from OBS (127.0.0.1:4455)
[2026-02-24 22:45:11.282 DBG] ViewerRepo :: UpdatePresence(twitch, 5), 0.0315ms
[2026-02-24 22:45:11.388 DBG] TwitchService :: Presence Timer :: Artificially updated presence with a threshold of 5 minutes (106.0364ms)
[2026-02-24 22:45:19.099 DBG] OBS :: Retrying obs connection to OBS (127.0.0.1:4455)
[2026-02-24 22:45:19.099 DBG] OBS :: Opening websocket connection to OBS (127.0.0.1:4455)
[2026-02-24 22:45:19.099 DBG] OBS-Websocket5 :: Opening connection (ws://127.0.0.1:4455/api/websocket)
[2026-02-24 22:45:21.143 DBG] OBS-Websocket5 :: Disconnected
[2026-02-24 22:45:21.143 DBG] OBS :: Disconnected from OBS (127.0.0.1:4455)
[2026-02-24 22:45:51.144 DBG] OBS :: Retrying obs connection to OBS (127.0.0.1:4455)
[2026-02-24 22:45:51.144 DBG] OBS :: Opening websocket connection to OBS (127.0.0.1:4455)
[2026-02-24 22:45:51.144 DBG] OBS-Websocket5 :: Opening connection (ws://127.0.0.1:4455/api/websocket)
[2026-02-24 22:45:53.179 DBG] OBS-Websocket5 :: Disconnected
[2026-02-24 22:45:53.179 DBG] OBS :: Disconnected from OBS (127.0.0.1:4455)
[2026-02-24 22:46:11.297 DBG] ViewerRepo :: UpdatePresence(twitch, 5), 0.0309ms
[2026-02-24 22:46:11.403 DBG] TwitchService :: Presence Timer :: Artificially updated presence with a threshold of 5 minutes (106.2121ms)
[2026-02-24 22:46:23.194 DBG] OBS :: Retrying obs connection to OBS (127.0.0.1:4455)
[2026-02-24 22:46:23.194 DBG] OBS :: Opening websocket connection to OBS (127.0.0.1:4455)
[2026-02-24 22:46:23.194 DBG] OBS-Websocket5 :: Opening connection (ws://127.0.0.1:4455/api/websocket)
[2026-02-24 22:46:25.254 DBG] OBS-Websocket5 :: Disconnected
[2026-02-24 22:46:25.254 DBG] OBS :: Disconnected from OBS (127.0.0.1:4455)
[2026-02-24 22:46:55.264 DBG] OBS :: Retrying obs connection to OBS (127.0.0.1:4455)
[2026-02-24 22:46:55.264 DBG] OBS :: Opening websocket connection to OBS (127.0.0.1:4455)
[2026-02-24 22:46:55.264 DBG] OBS-Websocket5 :: Opening connection (ws://127.0.0.1:4455/api/websocket)
[2026-02-24 22:46:57.320 DBG] OBS-Websocket5 :: Disconnected
[2026-02-24 22:46:57.320 DBG] OBS :: Disconnected from OBS (127.0.0.1:4455)
[2026-02-24 22:47:11.307 DBG] ViewerRepo :: UpdatePresence(twitch, 5), 0.0306ms
[2026-02-24 22:47:11.423 DBG] TwitchService :: Presence Timer :: Artificially updated presence with a threshold of 5 minutes (116.0068ms)
[2026-02-24 22:47:27.348 DBG] OBS :: Retrying obs connection to OBS (127.0.0.1:4455)
[2026-02-24 22:47:27.348 DBG] OBS :: Opening websocket connection to OBS (127.0.0.1:4455)
[2026-02-24 22:47:27.348 DBG] OBS-Websocket5 :: Opening connection (ws://127.0.0.1:4455/api/websocket)
[2026-02-24 22:47:29.392 DBG] OBS-Websocket5 :: Disconnected
[2026-02-24 22:47:29.392 DBG] OBS :: Disconnected from OBS (127.0.0.1:4455)
[2026-02-24 22:47:59.396 DBG] OBS :: Retrying obs connection to OBS (127.0.0.1:4455)
[2026-02-24 22:47:59.396 DBG] OBS :: Opening websocket connection to OBS (127.0.0.1:4455)
[2026-02-24 22:47:59.396 DBG] OBS-Websocket5 :: Opening connection (ws://127.0.0.1:4455/api/websocket)
[2026-02-24 22:48:01.453 DBG] OBS-Websocket5 :: Disconnected
[2026-02-24 22:48:01.453 DBG] OBS :: Disconnected from OBS (127.0.0.1:4455)
[2026-02-24 22:48:11.315 DBG] ViewerRepo :: UpdatePresence(twitch, 5), 0.0324ms
[2026-02-24 22:48:11.440 DBG] TwitchService :: Presence Timer :: Artificially updated presence with a threshold of 5 minutes (124.7905ms)
[2026-02-24 22:48:31.473 DBG] OBS :: Retrying obs connection to OBS (127.0.0.1:4455)
[2026-02-24 22:48:31.473 DBG] OBS :: Opening websocket connection to OBS (127.0.0.1:4455)
[2026-02-24 22:48:31.473 DBG] OBS-Websocket5 :: Opening connection (ws://127.0.0.1:4455/api/websocket)
[2026-02-24 22:48:33.504 DBG] OBS-Websocket5 :: Disconnected
[2026-02-24 22:48:33.504 DBG] OBS :: Disconnected from OBS (127.0.0.1:4455)
[2026-02-24 22:48:58.116 DBG] ActionDispatcher :: Queueing 'Sub Goal' (361aa588-5f31-4e19-b8a5-099cae52479d, TimedAction) to 'Default' (00000000-0000-0000-0000-000000000000), with 11 arguments
[2026-02-24 22:48:58.116 DBG] ActionQueue :: 'Default' (00000000-0000-0000-0000-000000000000) :: Enqueue action 361aa588-5f31-4e19-b8a5-099cae52479d
[2026-02-24 22:48:58.116 DBG] ActionQueue :: 'Default' (00000000-0000-0000-0000-000000000000) :: Handling queue
[2026-02-24 22:48:58.116 DBG] ActionQueue :: 'Default' (00000000-0000-0000-0000-000000000000) :: Performing non-blocking 'Sub Goal' (361aa588-5f31-4e19-b8a5-099cae52479d, f69247e5-2a6b-4151-bd77-4d167b030b5c)
[2026-02-24 22:48:58.789 DBG] Credits :: Time to save 19.6502ms
[2026-02-24 22:49:03.512 DBG] OBS :: Retrying obs connection to OBS (127.0.0.1:4455)
[2026-02-24 22:49:03.512 DBG] OBS :: Opening websocket connection to OBS (127.0.0.1:4455)
[2026-02-24 22:49:03.512 DBG] OBS-Websocket5 :: Opening connection (ws://127.0.0.1:4455/api/websocket)
[2026-02-24 22:49:05.540 DBG] OBS-Websocket5 :: Disconnected
[2026-02-24 22:49:05.540 DBG] OBS :: Disconnected from OBS (127.0.0.1:4455)
[2026-02-24 22:49:08.308 DBG] AutoSave :: Auto saving settings...
[2026-02-24 22:49:08.323 DBG] Users :: Time to save 14.7822ms
[2026-02-24 22:49:08.342 DBG] Actions :: Time to save 19.1572ms
[2026-02-24 22:49:08.354 DBG] Commands :: Time to save 12.2154ms
[2026-02-24 22:49:08.366 DBG] Twitch Rewards :: Time to save 11.7179ms
[2026-02-24 22:49:08.379 DBG] Midi :: Time to save 13.11ms
[2026-02-24 22:49:08.394 DBG] OBS Settings :: Time to save 15.1698ms
[2026-02-24 22:49:08.405 DBG] MeldStudio Settings :: Time to save 10.3261ms
[2026-02-24 22:49:08.414 DBG] Credits :: Time to save 9.5727ms
[2026-02-24 22:49:08.431 DBG] Quotes :: Time to save 16.6003ms
[2026-02-24 22:49:08.524 DBG] Config :: Time to save 13.9053ms
[2026-02-24 22:49:11.327 DBG] ViewerRepo :: UpdatePresence(twitch, 5), 0.0325ms
[2026-02-24 22:49:11.438 DBG] TwitchService :: Presence Timer :: Artificially updated presence with a threshold of 5 minutes (111.0102ms)
[2026-02-24 22:49:35.544 DBG] OBS :: Retrying obs connection to OBS (127.0.0.1:4455)
[2026-02-24 22:49:35.544 DBG] OBS :: Opening websocket connection to OBS (127.0.0.1:4455)
[2026-02-24 22:49:35.544 DBG] OBS-Websocket5 :: Opening connection (ws://127.0.0.1:4455/api/websocket)
[2026-02-24 22:49:37.589 DBG] OBS-Websocket5 :: Disconnected
[2026-02-24 22:49:37.589 DBG] OBS :: Disconnected from OBS (127.0.0.1:4455)
[2026-02-24 22:50:07.613 DBG] OBS :: Retrying obs connection to OBS (127.0.0.1:4455)
[2026-02-24 22:50:07.613 DBG] OBS :: Opening websocket connection to OBS (127.0.0.1:4455)
[2026-02-24 22:50:07.613 DBG] OBS-Websocket5 :: Opening connection (ws://127.0.0.1:4455/api/websocket)
[2026-02-24 22:50:09.640 DBG] OBS-Websocket5 :: Disconnected
[2026-02-24 22:50:09.640 DBG] OBS :: Disconnected from OBS (127.0.0.1:4455)
[2026-02-24 22:50:11.339 DBG] ViewerRepo :: UpdatePresence(twitch, 5), 0.029ms
[2026-02-24 22:50:11.446 DBG] TwitchService :: Presence Timer :: Artificially updated presence with a threshold of 5 minutes (107.3513ms)
[2026-02-24 22:50:39.654 DBG] OBS :: Retrying obs connection to OBS (127.0.0.1:4455)
[2026-02-24 22:50:39.654 DBG] OBS :: Opening websocket connection to OBS (127.0.0.1:4455)
[2026-02-24 22:50:39.654 DBG] OBS-Websocket5 :: Opening connection (ws://127.0.0.1:4455/api/websocket)
[2026-02-24 22:50:41.699 DBG] OBS-Websocket5 :: Disconnected
[2026-02-24 22:50:41.699 DBG] OBS :: Disconnected from OBS (127.0.0.1:4455)
[2026-02-24 22:51:11.349 DBG] ViewerRepo :: UpdatePresence(twitch, 5), 0.0299ms
[2026-02-24 22:51:11.462 DBG] TwitchService :: Presence Timer :: Artificially updated presence with a threshold of 5 minutes (113.5719ms)
[2026-02-24 22:51:11.722 DBG] OBS :: Retrying obs connection to OBS (127.0.0.1:4455)
[2026-02-24 22:51:11.722 DBG] OBS :: Opening websocket connection to OBS (127.0.0.1:4455)
[2026-02-24 22:51:11.722 DBG] OBS-Websocket5 :: Opening connection (ws://127.0.0.1:4455/api/websocket)
[2026-02-24 22:51:13.766 DBG] OBS-Websocket5 :: Disconnected
[2026-02-24 22:51:13.766 DBG] OBS :: Disconnected from OBS (127.0.0.1:4455)
[2026-02-24 22:51:43.771 DBG] OBS :: Retrying obs connection to OBS (127.0.0.1:4455)
[2026-02-24 22:51:43.771 DBG] OBS :: Opening websocket connection to OBS (127.0.0.1:4455)
[2026-02-24 22:51:43.771 DBG] OBS-Websocket5 :: Opening connection (ws://127.0.0.1:4455/api/websocket)
[2026-02-24 22:51:45.829 DBG] OBS-Websocket5 :: Disconnected
[2026-02-24 22:51:45.829 DBG] OBS :: Disconnected from OBS (127.0.0.1:4455)
[2026-02-24 22:52:11.359 DBG] ViewerRepo :: UpdatePresence(twitch, 5), 0.0283ms
[2026-02-24 22:52:11.485 DBG] TwitchService :: Presence Timer :: Artificially updated presence with a threshold of 5 minutes (126.1503ms)
[2026-02-24 22:52:15.836 DBG] OBS :: Retrying obs connection to OBS (127.0.0.1:4455)
[2026-02-24 22:52:15.836 DBG] OBS :: Opening websocket connection to OBS (127.0.0.1:4455)
[2026-02-24 22:52:15.836 DBG] OBS-Websocket5 :: Opening connection (ws://127.0.0.1:4455/api/websocket)
[2026-02-24 22:52:17.867 DBG] OBS-Websocket5 :: Disconnected
[2026-02-24 22:52:17.867 DBG] OBS :: Disconnected from OBS (127.0.0.1:4455)
[2026-02-24 22:52:47.872 DBG] OBS :: Retrying obs connection to OBS (127.0.0.1:4455)
[2026-02-24 22:52:47.872 DBG] OBS :: Opening websocket connection to OBS (127.0.0.1:4455)
[2026-02-24 22:52:47.872 DBG] OBS-Websocket5 :: Opening connection (ws://127.0.0.1:4455/api/websocket)
[2026-02-24 22:52:49.918 DBG] OBS-Websocket5 :: Disconnected
[2026-02-24 22:52:49.918 DBG] OBS :: Disconnected from OBS (127.0.0.1:4455)
[2026-02-24 22:53:11.372 DBG] ViewerRepo :: UpdatePresence(twitch, 5), 0.0307ms
[2026-02-24 22:53:11.476 DBG] TwitchService :: Presence Timer :: Artificially updated presence with a threshold of 5 minutes (103.4023ms)
[2026-02-24 22:53:19.928 DBG] OBS :: Retrying obs connection to OBS (127.0.0.1:4455)
[2026-02-24 22:53:19.928 DBG] OBS :: Opening websocket connection to OBS (127.0.0.1:4455)
[2026-02-24 22:53:19.928 DBG] OBS-Websocket5 :: Opening connection (ws://127.0.0.1:4455/api/websocket)
[2026-02-24 22:53:21.971 DBG] OBS-Websocket5 :: Disconnected
[2026-02-24 22:53:21.971 DBG] OBS :: Disconnected from OBS (127.0.0.1:4455)
[2026-02-24 22:53:51.980 DBG] OBS :: Retrying obs connection to OBS (127.0.0.1:4455)
[2026-02-24 22:53:51.980 DBG] OBS :: Opening websocket connection to OBS (127.0.0.1:4455)
[2026-02-24 22:53:51.980 DBG] OBS-Websocket5 :: Opening connection (ws://127.0.0.1:4455/api/websocket)
[2026-02-24 22:53:54.009 DBG] OBS-Websocket5 :: Disconnected
[2026-02-24 22:53:54.009 DBG] OBS :: Disconnected from OBS (127.0.0.1:4455)
[2026-02-24 22:53:58.797 DBG] Credits :: Time to save 12.9345ms
[2026-02-24 22:54:08.521 DBG] AutoSave :: Auto saving settings...
[2026-02-24 22:54:08.541 DBG] Users :: Time to save 20.7464ms
[2026-02-24 22:54:08.559 DBG] Actions :: Time to save 17.4522ms
[2026-02-24 22:54:08.572 DBG] Commands :: Time to save 12.9253ms
[2026-02-24 22:54:08.589 DBG] Twitch Rewards :: Time to save 17.3018ms
[2026-02-24 22:54:08.601 DBG] Midi :: Time to save 12.1002ms
[2026-02-24 22:54:08.612 DBG] OBS Settings :: Time to save 10.9119ms
[2026-02-24 22:54:08.628 DBG] MeldStudio Settings :: Time to save 15.07ms
[2026-02-24 22:54:08.643 DBG] Credits :: Time to save 16.1786ms
[2026-02-24 22:54:08.660 DBG] Quotes :: Time to save 16.5959ms
[2026-02-24 22:54:08.744 DBG] Config :: Time to save 19.8333ms
[2026-02-24 22:54:11.388 DBG] ViewerRepo :: UpdatePresence(twitch, 5), 0.0294ms
[2026-02-24 22:54:11.502 DBG] TwitchService :: Presence Timer :: Artificially updated presence with a threshold of 5 minutes (114.5899ms)
[2026-02-24 22:54:24.014 DBG] OBS :: Retrying obs connection to OBS (127.0.0.1:4455)
[2026-02-24 22:54:24.014 DBG] OBS :: Opening websocket connection to OBS (127.0.0.1:4455)
[2026-02-24 22:54:24.015 DBG] OBS-Websocket5 :: Opening connection (ws://127.0.0.1:4455/api/websocket)
[2026-02-24 22:54:26.034 DBG] OBS-Websocket5 :: Disconnected
[2026-02-24 22:54:26.034 DBG] OBS :: Disconnected from OBS (127.0.0.1:4455)
[2026-02-24 22:54:56.049 DBG] OBS :: Retrying obs connection to OBS (127.0.0.1:4455)
[2026-02-24 22:54:56.049 DBG] OBS :: Opening websocket connection to OBS (127.0.0.1:4455)
[2026-02-24 22:54:56.049 DBG] OBS-Websocket5 :: Opening connection (ws://127.0.0.1:4455/api/websocket)
[2026-02-24 22:54:58.080 DBG] OBS-Websocket5 :: Disconnected
[2026-02-24 22:54:58.080 DBG] OBS :: Disconnected from OBS (127.0.0.1:4455)
[2026-02-24 22:55:11.388 DBG] ViewerRepo :: UpdatePresence(twitch, 5), 0.0286ms
[2026-02-24 22:55:11.495 DBG] TwitchService :: Presence Timer :: Artificially updated presence with a threshold of 5 minutes (106.9846ms)
[2026-02-24 22:55:28.084 DBG] OBS :: Retrying obs connection to OBS (127.0.0.1:4455)
[2026-02-24 22:55:28.084 DBG] OBS :: Opening websocket connection to OBS (127.0.0.1:4455)
[2026-02-24 22:55:28.084 DBG] OBS-Websocket5 :: Opening connection (ws://127.0.0.1:4455/api/websocket)
[2026-02-24 22:55:30.127 DBG] OBS-Websocket5 :: Disconnected
[2026-02-24 22:55:30.127 DBG] OBS :: Disconnected from OBS (127.0.0.1:4455)
[2026-02-24 22:56:00.143 DBG] OBS :: Retrying obs connection to OBS (127.0.0.1:4455)
[2026-02-24 22:56:00.143 DBG] OBS :: Opening websocket connection to OBS (127.0.0.1:4455)
[2026-02-24 22:56:00.143 DBG] OBS-Websocket5 :: Opening connection (ws://127.0.0.1:4455/api/websocket)
[2026-02-24 22:56:02.184 DBG] OBS-Websocket5 :: Disconnected
[2026-02-24 22:56:02.184 DBG] OBS :: Disconnected from OBS (127.0.0.1:4455)
[2026-02-24 22:56:11.403 DBG] ViewerRepo :: UpdatePresence(twitch, 5), 0.0323ms
[2026-02-24 22:56:11.519 DBG] TwitchService :: Presence Timer :: Artificially updated presence with a threshold of 5 minutes (116.2617ms)
[2026-02-24 22:56:32.193 DBG] OBS :: Retrying obs connection to OBS (127.0.0.1:4455)
[2026-02-24 22:56:32.193 DBG] OBS :: Opening websocket connection to OBS (127.0.0.1:4455)
[2026-02-24 22:56:32.193 DBG] OBS-Websocket5 :: Opening connection (ws://127.0.0.1:4455/api/websocket)
[2026-02-24 22:56:34.235 DBG] OBS-Websocket5 :: Disconnected
[2026-02-24 22:56:34.235 DBG] OBS :: Disconnected from OBS (127.0.0.1:4455)
[2026-02-24 22:57:04.242 DBG] OBS :: Retrying obs connection to OBS (127.0.0.1:4455)
[2026-02-24 22:57:04.242 DBG] OBS :: Opening websocket connection to OBS (127.0.0.1:4455)
[2026-02-24 22:57:04.242 DBG] OBS-Websocket5 :: Opening connection (ws://127.0.0.1:4455/api/websocket)
[2026-02-24 22:57:06.275 DBG] OBS-Websocket5 :: Disconnected
[2026-02-24 22:57:06.275 DBG] OBS :: Disconnected from OBS (127.0.0.1:4455)
[2026-02-24 22:57:11.416 DBG] ViewerRepo :: UpdatePresence(twitch, 5), 0.0299ms
[2026-02-24 22:57:11.543 DBG] TwitchService :: Presence Timer :: Artificially updated presence with a threshold of 5 minutes (127.2687ms)
[2026-02-24 22:57:36.277 DBG] OBS :: Retrying obs connection to OBS (127.0.0.1:4455)
[2026-02-24 22:57:36.277 DBG] OBS :: Opening websocket connection to OBS (127.0.0.1:4455)
[2026-02-24 22:57:36.277 DBG] OBS-Websocket5 :: Opening connection (ws://127.0.0.1:4455/api/websocket)
[2026-02-24 22:57:38.320 DBG] OBS-Websocket5 :: Disconnected
[2026-02-24 22:57:38.320 DBG] OBS :: Disconnected from OBS (127.0.0.1:4455)
[2026-02-24 22:58:08.333 DBG] OBS :: Retrying obs connection to OBS (127.0.0.1:4455)
[2026-02-24 22:58:08.333 DBG] OBS :: Opening websocket connection to OBS (127.0.0.1:4455)
[2026-02-24 22:58:08.333 DBG] OBS-Websocket5 :: Opening connection (ws://127.0.0.1:4455/api/websocket)
[2026-02-24 22:58:10.391 DBG] OBS-Websocket5 :: Disconnected
[2026-02-24 22:58:10.391 DBG] OBS :: Disconnected from OBS (127.0.0.1:4455)
[2026-02-24 22:58:11.420 DBG] ViewerRepo :: UpdatePresence(twitch, 5), 0.0287ms
[2026-02-24 22:58:11.534 DBG] TwitchService :: Presence Timer :: Artificially updated presence with a threshold of 5 minutes (114.1504ms)
[2026-02-24 22:58:40.394 DBG] OBS :: Retrying obs connection to OBS (127.0.0.1:4455)
[2026-02-24 22:58:40.394 DBG] OBS :: Opening websocket connection to OBS (127.0.0.1:4455)
[2026-02-24 22:58:40.394 DBG] OBS-Websocket5 :: Opening connection (ws://127.0.0.1:4455/api/websocket)
[2026-02-24 22:58:42.439 DBG] OBS-Websocket5 :: Disconnected
[2026-02-24 22:58:42.439 DBG] OBS :: Disconnected from OBS (127.0.0.1:4455)
[2026-02-24 22:58:58.131 DBG] ActionDispatcher :: Queueing 'Sub Goal' (361aa588-5f31-4e19-b8a5-099cae52479d, TimedAction) to 'Default' (00000000-0000-0000-0000-000000000000), with 11 arguments
[2026-02-24 22:58:58.131 DBG] ActionQueue :: 'Default' (00000000-0000-0000-0000-000000000000) :: Enqueue action 361aa588-5f31-4e19-b8a5-099cae52479d
[2026-02-24 22:58:58.131 DBG] ActionQueue :: 'Default' (00000000-0000-0000-0000-000000000000) :: Handling queue
[2026-02-24 22:58:58.131 DBG] ActionQueue :: 'Default' (00000000-0000-0000-0000-000000000000) :: Performing non-blocking 'Sub Goal' (361aa588-5f31-4e19-b8a5-099cae52479d, 4f8b2d79-306a-4215-94d7-bd53992f612a)
[2026-02-24 22:58:58.805 DBG] Credits :: Time to save 17.6122ms
[2026-02-24 22:59:08.742 DBG] AutoSave :: Auto saving settings...
[2026-02-24 22:59:08.756 DBG] Users :: Time to save 13.8889ms
[2026-02-24 22:59:08.777 DBG] Actions :: Time to save 20.7517ms
[2026-02-24 22:59:08.797 DBG] Commands :: Time to save 20.2695ms
[2026-02-24 22:59:08.815 DBG] Twitch Rewards :: Time to save 17.9538ms
[2026-02-24 22:59:08.831 DBG] Midi :: Time to save 15.9977ms
[2026-02-24 22:59:08.847 DBG] OBS Settings :: Time to save 16.3607ms
[2026-02-24 22:59:08.864 DBG] MeldStudio Settings :: Time to save 16.787ms
[2026-02-24 22:59:08.880 DBG] Credits :: Time to save 15.4858ms
[2026-02-24 22:59:08.898 DBG] Quotes :: Time to save 17.8293ms
[2026-02-24 22:59:08.968 DBG] Config :: Time to save 21.6548ms
[2026-02-24 22:59:11.424 DBG] ViewerRepo :: UpdatePresence(twitch, 5), 0.0301ms
[2026-02-24 22:59:11.986 DBG] TwitchService :: Presence Timer :: Artificially updated presence with a threshold of 5 minutes (562.0699ms)
[2026-02-24 22:59:12.455 DBG] OBS :: Retrying obs connection to OBS (127.0.0.1:4455)
[2026-02-24 22:59:12.455 DBG] OBS :: Opening websocket connection to OBS (127.0.0.1:4455)
[2026-02-24 22:59:12.455 DBG] OBS-Websocket5 :: Opening connection (ws://127.0.0.1:4455/api/websocket)
[2026-02-24 22:59:14.513 DBG] OBS-Websocket5 :: Disconnected
[2026-02-24 22:59:14.513 DBG] OBS :: Disconnected from OBS (127.0.0.1:4455)
[2026-02-24 22:59:44.524 DBG] OBS :: Retrying obs connection to OBS (127.0.0.1:4455)
[2026-02-24 22:59:44.524 DBG] OBS :: Opening websocket connection to OBS (127.0.0.1:4455)
[2026-02-24 22:59:44.524 DBG] OBS-Websocket5 :: Opening connection (ws://127.0.0.1:4455/api/websocket)
[2026-02-24 22:59:46.558 DBG] OBS-Websocket5 :: Disconnected
[2026-02-24 22:59:46.558 DBG] OBS :: Disconnected from OBS (127.0.0.1:4455)
[2026-02-24 23:00:11.431 DBG] ViewerRepo :: UpdatePresence(twitch, 5), 0.0324ms
[2026-02-24 23:00:11.536 DBG] TwitchService :: Presence Timer :: Artificially updated presence with a threshold of 5 minutes (104.2087ms)
[2026-02-24 23:00:16.572 DBG] OBS :: Retrying obs connection to OBS (127.0.0.1:4455)
[2026-02-24 23:00:16.572 DBG] OBS :: Opening websocket connection to OBS (127.0.0.1:4455)
[2026-02-24 23:00:16.572 DBG] OBS-Websocket5 :: Opening connection (ws://127.0.0.1:4455/api/websocket)
[2026-02-24 23:00:18.614 DBG] OBS-Websocket5 :: Disconnected
[2026-02-24 23:00:18.614 DBG] OBS :: Disconnected from OBS (127.0.0.1:4455)
[2026-02-24 23:00:48.628 DBG] OBS :: Retrying obs connection to OBS (127.0.0.1:4455)
[2026-02-24 23:00:48.628 DBG] OBS :: Opening websocket connection to OBS (127.0.0.1:4455)
[2026-02-24 23:00:48.628 DBG] OBS-Websocket5 :: Opening connection (ws://127.0.0.1:4455/api/websocket)
[2026-02-24 23:00:50.670 DBG] OBS-Websocket5 :: Disconnected
[2026-02-24 23:00:50.670 DBG] OBS :: Disconnected from OBS (127.0.0.1:4455)
[2026-02-24 23:01:11.440 DBG] ViewerRepo :: UpdatePresence(twitch, 5), 0.0292ms
[2026-02-24 23:01:11.554 DBG] TwitchService :: Presence Timer :: Artificially updated presence with a threshold of 5 minutes (114.6234ms)
[2026-02-24 23:01:20.680 DBG] OBS :: Retrying obs connection to OBS (127.0.0.1:4455)
[2026-02-24 23:01:20.680 DBG] OBS :: Opening websocket connection to OBS (127.0.0.1:4455)
[2026-02-24 23:01:20.680 DBG] OBS-Websocket5 :: Opening connection (ws://127.0.0.1:4455/api/websocket)
[2026-02-24 23:01:22.722 DBG] OBS-Websocket5 :: Disconnected
[2026-02-24 23:01:22.722 DBG] OBS :: Disconnected from OBS (127.0.0.1:4455)
[2026-02-24 23:01:52.722 DBG] OBS :: Retrying obs connection to OBS (127.0.0.1:4455)
[2026-02-24 23:01:52.722 DBG] OBS :: Opening websocket connection to OBS (127.0.0.1:4455)
[2026-02-24 23:01:52.722 DBG] OBS-Websocket5 :: Opening connection (ws://127.0.0.1:4455/api/websocket)
[2026-02-24 23:01:54.762 DBG] OBS-Websocket5 :: Disconnected
[2026-02-24 23:01:54.762 DBG] OBS :: Disconnected from OBS (127.0.0.1:4455)
[2026-02-24 23:02:11.453 DBG] ViewerRepo :: UpdatePresence(twitch, 5), 0.0293ms
[2026-02-24 23:02:11.562 DBG] TwitchService :: Presence Timer :: Artificially updated presence with a threshold of 5 minutes (108.8812ms)
[2026-02-24 23:02:24.774 DBG] OBS :: Retrying obs connection to OBS (127.0.0.1:4455)
[2026-02-24 23:02:24.774 DBG] OBS :: Opening websocket connection to OBS (127.0.0.1:4455)
[2026-02-24 23:02:24.774 DBG] OBS-Websocket5 :: Opening connection (ws://127.0.0.1:4455/api/websocket)
[2026-02-24 23:02:26.832 DBG] OBS-Websocket5 :: Disconnected
[2026-02-24 23:02:26.832 DBG] OBS :: Disconnected from OBS (127.0.0.1:4455)
[2026-02-24 23:02:56.846 DBG] OBS :: Retrying obs connection to OBS (127.0.0.1:4455)
[2026-02-24 23:02:56.846 DBG] OBS :: Opening websocket connection to OBS (127.0.0.1:4455)
[2026-02-24 23:02:56.846 DBG] OBS-Websocket5 :: Opening connection (ws://127.0.0.1:4455/api/websocket)
[2026-02-24 23:02:58.874 DBG] OBS-Websocket5 :: Disconnected
[2026-02-24 23:02:58.874 DBG] OBS :: Disconnected from OBS (127.0.0.1:4455)
[2026-02-24 23:03:11.469 DBG] ViewerRepo :: UpdatePresence(twitch, 5), 0.0277ms
[2026-02-24 23:03:11.571 DBG] TwitchService :: Presence Timer :: Artificially updated presence with a threshold of 5 minutes (102.6826ms)
[2026-02-24 23:03:28.884 DBG] OBS :: Retrying obs connection to OBS (127.0.0.1:4455)
[2026-02-24 23:03:28.884 DBG] OBS :: Opening websocket connection to OBS (127.0.0.1:4455)
[2026-02-24 23:03:28.884 DBG] OBS-Websocket5 :: Opening connection (ws://127.0.0.1:4455/api/websocket)
[2026-02-24 23:03:30.927 DBG] OBS-Websocket5 :: Disconnected
[2026-02-24 23:03:30.927 DBG] OBS :: Disconnected from OBS (127.0.0.1:4455)
[2026-02-24 23:03:58.803 DBG] Credits :: Time to save 12.8808ms
[2026-02-24 23:04:00.938 DBG] OBS :: Retrying obs connection to OBS (127.0.0.1:4455)
[2026-02-24 23:04:00.938 DBG] OBS :: Opening websocket connection to OBS (127.0.0.1:4455)
[2026-02-24 23:04:00.938 DBG] OBS-Websocket5 :: Opening connection (ws://127.0.0.1:4455/api/websocket)
[2026-02-24 23:04:02.983 DBG] OBS-Websocket5 :: Disconnected
[2026-02-24 23:04:02.983 DBG] OBS :: Disconnected from OBS (127.0.0.1:4455)
[2026-02-24 23:04:08.978 DBG] AutoSave :: Auto saving settings...
[2026-02-24 23:04:08.998 DBG] Users :: Time to save 19.9846ms
[2026-02-24 23:04:09.018 DBG] Actions :: Time to save 19.9362ms
[2026-02-24 23:04:09.033 DBG] Commands :: Time to save 13.8396ms
[2026-02-24 23:04:09.047 DBG] Twitch Rewards :: Time to save 14.4738ms
[2026-02-24 23:04:09.058 DBG] Midi :: Time to save 10.5791ms
[2026-02-24 23:04:09.068 DBG] OBS Settings :: Time to save 10.3297ms
[2026-02-24 23:04:09.079 DBG] MeldStudio Settings :: Time to save 10.8164ms
[2026-02-24 23:04:09.089 DBG] Credits :: Time to save 10.4323ms
[2026-02-24 23:04:09.101 DBG] Quotes :: Time to save 11.7783ms
[2026-02-24 23:04:09.196 DBG] Config :: Time to save 13.9365ms
[2026-02-24 23:04:11.473 DBG] ViewerRepo :: UpdatePresence(twitch, 5), 0.0301ms
[2026-02-24 23:04:11.588 DBG] TwitchService :: Presence Timer :: Artificially updated presence with a threshold of 5 minutes (114.7168ms)
[2026-02-24 23:04:32.997 DBG] OBS :: Retrying obs connection to OBS (127.0.0.1:4455)
[2026-02-24 23:04:32.997 DBG] OBS :: Opening websocket connection to OBS (127.0.0.1:4455)
[2026-02-24 23:04:32.997 DBG] OBS-Websocket5 :: Opening connection (ws://127.0.0.1:4455/api/websocket)
[2026-02-24 23:04:35.026 DBG] OBS-Websocket5 :: Disconnected
[2026-02-24 23:04:35.026 DBG] OBS :: Disconnected from OBS (127.0.0.1:4455)
[2026-02-24 23:05:05.031 DBG] OBS :: Retrying obs connection to OBS (127.0.0.1:4455)
[2026-02-24 23:05:05.031 DBG] OBS :: Opening websocket connection to OBS (127.0.0.1:4455)
[2026-02-24 23:05:05.031 DBG] OBS-Websocket5 :: Opening connection (ws://127.0.0.1:4455/api/websocket)
[2026-02-24 23:05:07.062 DBG] OBS-Websocket5 :: Disconnected
[2026-02-24 23:05:07.062 DBG] OBS :: Disconnected from OBS (127.0.0.1:4455)
[2026-02-24 23:05:11.478 DBG] ViewerRepo :: UpdatePresence(twitch, 5), 0.0302ms
[2026-02-24 23:05:11.583 DBG] TwitchService :: Presence Timer :: Artificially updated presence with a threshold of 5 minutes (105.8637ms)
[2026-02-24 23:05:37.072 DBG] OBS :: Retrying obs connection to OBS (127.0.0.1:4455)
[2026-02-24 23:05:37.072 DBG] OBS :: Opening websocket connection to OBS (127.0.0.1:4455)
[2026-02-24 23:05:37.072 DBG] OBS-Websocket5 :: Opening connection (ws://127.0.0.1:4455/api/websocket)
[2026-02-24 23:05:39.113 DBG] OBS-Websocket5 :: Disconnected
[2026-02-24 23:05:39.113 DBG] OBS :: Disconnected from OBS (127.0.0.1:4455)
[2026-02-24 23:06:09.121 DBG] OBS :: Retrying obs connection to OBS (127.0.0.1:4455)
[2026-02-24 23:06:09.121 DBG] OBS :: Opening websocket connection to OBS (127.0.0.1:4455)
[2026-02-24 23:06:09.121 DBG] OBS-Websocket5 :: Opening connection (ws://127.0.0.1:4455/api/websocket)
[2026-02-24 23:06:11.165 DBG] OBS-Websocket5 :: Disconnected
[2026-02-24 23:06:11.165 DBG] OBS :: Disconnected from OBS (127.0.0.1:4455)
[2026-02-24 23:06:11.489 DBG] ViewerRepo :: UpdatePresence(twitch, 5), 0.0285ms
[2026-02-24 23:06:11.596 DBG] TwitchService :: Presence Timer :: Artificially updated presence with a threshold of 5 minutes (106.613ms)
[2026-02-24 23:06:41.171 DBG] OBS :: Retrying obs connection to OBS (127.0.0.1:4455)
[2026-02-24 23:06:41.171 DBG] OBS :: Opening websocket connection to OBS (127.0.0.1:4455)
[2026-02-24 23:06:41.171 DBG] OBS-Websocket5 :: Opening connection (ws://127.0.0.1:4455/api/websocket)
[2026-02-24 23:06:43.201 DBG] OBS-Websocket5 :: Disconnected
[2026-02-24 23:06:43.201 DBG] OBS :: Disconnected from OBS (127.0.0.1:4455)
[2026-02-24 23:07:11.493 DBG] ViewerRepo :: UpdatePresence(twitch, 5), 0.0294ms
[2026-02-24 23:07:11.595 DBG] TwitchService :: Presence Timer :: Artificially updated presence with a threshold of 5 minutes (101.851ms)
[2026-02-24 23:07:13.212 DBG] OBS :: Retrying obs connection to OBS (127.0.0.1:4455)
[2026-02-24 23:07:13.212 DBG] OBS :: Opening websocket connection to OBS (127.0.0.1:4455)
[2026-02-24 23:07:13.212 DBG] OBS-Websocket5 :: Opening connection (ws://127.0.0.1:4455/api/websocket)
[2026-02-24 23:07:15.270 DBG] OBS-Websocket5 :: Disconnected
[2026-02-24 23:07:15.270 DBG] OBS :: Disconnected from OBS (127.0.0.1:4455)
[2026-02-24 23:07:45.284 DBG] OBS :: Retrying obs connection to OBS (127.0.0.1:4455)
[2026-02-24 23:07:45.284 DBG] OBS :: Opening websocket connection to OBS (127.0.0.1:4455)
[2026-02-24 23:07:45.284 DBG] OBS-Websocket5 :: Opening connection (ws://127.0.0.1:4455/api/websocket)
[2026-02-24 23:07:47.315 DBG] OBS-Websocket5 :: Disconnected
[2026-02-24 23:07:47.315 DBG] OBS :: Disconnected from OBS (127.0.0.1:4455)
[2026-02-24 23:08:11.506 DBG] ViewerRepo :: UpdatePresence(twitch, 5), 0.0304ms
[2026-02-24 23:08:11.613 DBG] TwitchService :: Presence Timer :: Artificially updated presence with a threshold of 5 minutes (106.4822ms)
[2026-02-24 23:08:17.331 DBG] OBS :: Retrying obs connection to OBS (127.0.0.1:4455)
[2026-02-24 23:08:17.331 DBG] OBS :: Opening websocket connection to OBS (127.0.0.1:4455)
[2026-02-24 23:08:17.331 DBG] OBS-Websocket5 :: Opening connection (ws://127.0.0.1:4455/api/websocket)
[2026-02-24 23:08:19.371 DBG] OBS-Websocket5 :: Disconnected
[2026-02-24 23:08:19.371 DBG] OBS :: Disconnected from OBS (127.0.0.1:4455)
[2026-02-24 23:08:49.379 DBG] OBS :: Retrying obs connection to OBS (127.0.0.1:4455)
[2026-02-24 23:08:49.379 DBG] OBS :: Opening websocket connection to OBS (127.0.0.1:4455)
[2026-02-24 23:08:49.379 DBG] OBS-Websocket5 :: Opening connection (ws://127.0.0.1:4455/api/websocket)
[2026-02-24 23:08:51.424 DBG] OBS-Websocket5 :: Disconnected
[2026-02-24 23:08:51.424 DBG] OBS :: Disconnected from OBS (127.0.0.1:4455)
[2026-02-24 23:08:58.222 DBG] ActionDispatcher :: Queueing 'Sub Goal' (361aa588-5f31-4e19-b8a5-099cae52479d, TimedAction) to 'Default' (00000000-0000-0000-0000-000000000000), with 11 arguments
[2026-02-24 23:08:58.222 DBG] ActionQueue :: 'Default' (00000000-0000-0000-0000-000000000000) :: Enqueue action 361aa588-5f31-4e19-b8a5-099cae52479d
[2026-02-24 23:08:58.222 DBG] ActionQueue :: 'Default' (00000000-0000-0000-0000-000000000000) :: Handling queue
[2026-02-24 23:08:58.222 DBG] ActionQueue :: 'Default' (00000000-0000-0000-0000-000000000000) :: Performing non-blocking 'Sub Goal' (361aa588-5f31-4e19-b8a5-099cae52479d, b8fa29ce-7034-408e-805c-ba8ede5ca2d8)
[2026-02-24 23:08:58.817 DBG] Credits :: Time to save 18.3826ms
[2026-02-24 23:09:09.223 DBG] AutoSave :: Auto saving settings...
[2026-02-24 23:09:09.236 DBG] Users :: Time to save 12.8321ms
[2026-02-24 23:09:09.260 DBG] Actions :: Time to save 24.5759ms
[2026-02-24 23:09:09.274 DBG] Commands :: Time to save 13.3123ms
[2026-02-24 23:09:09.293 DBG] Twitch Rewards :: Time to save 19.0948ms
[2026-02-24 23:09:09.309 DBG] Midi :: Time to save 16.5508ms
[2026-02-24 23:09:09.320 DBG] OBS Settings :: Time to save 10.2736ms
[2026-02-24 23:09:09.331 DBG] MeldStudio Settings :: Time to save 10.4769ms
[2026-02-24 23:09:09.344 DBG] Credits :: Time to save 13.9373ms
[2026-02-24 23:09:09.357 DBG] Quotes :: Time to save 12.2572ms
[2026-02-24 23:09:09.447 DBG] Config :: Time to save 20.5074ms
[2026-02-24 23:09:11.513 DBG] ViewerRepo :: UpdatePresence(twitch, 5), 0.0277ms
[2026-02-24 23:09:11.621 DBG] TwitchService :: Presence Timer :: Artificially updated presence with a threshold of 5 minutes (108.219ms)
[2026-02-24 23:09:21.430 DBG] OBS :: Retrying obs connection to OBS (127.0.0.1:4455)
[2026-02-24 23:09:21.430 DBG] OBS :: Opening websocket connection to OBS (127.0.0.1:4455)
[2026-02-24 23:09:21.430 DBG] OBS-Websocket5 :: Opening connection (ws://127.0.0.1:4455/api/websocket)
[2026-02-24 23:09:23.473 DBG] OBS-Websocket5 :: Disconnected
[2026-02-24 23:09:23.473 DBG] OBS :: Disconnected from OBS (127.0.0.1:4455)
[2026-02-24 23:09:53.477 DBG] OBS :: Retrying obs connection to OBS (127.0.0.1:4455)
[2026-02-24 23:09:53.477 DBG] OBS :: Opening websocket connection to OBS (127.0.0.1:4455)
[2026-02-24 23:09:53.477 DBG] OBS-Websocket5 :: Opening connection (ws://127.0.0.1:4455/api/websocket)
[2026-02-24 23:09:55.523 DBG] OBS-Websocket5 :: Disconnected
[2026-02-24 23:09:55.523 DBG] OBS :: Disconnected from OBS (127.0.0.1:4455)
[2026-02-24 23:10:11.535 DBG] ViewerRepo :: UpdatePresence(twitch, 5), 0.0288ms
[2026-02-24 23:10:11.645 DBG] TwitchService :: Presence Timer :: Artificially updated presence with a threshold of 5 minutes (110.4612ms)
[2026-02-24 23:10:25.528 DBG] OBS :: Retrying obs connection to OBS (127.0.0.1:4455)
[2026-02-24 23:10:25.528 DBG] OBS :: Opening websocket connection to OBS (127.0.0.1:4455)
[2026-02-24 23:10:25.528 DBG] OBS-Websocket5 :: Opening connection (ws://127.0.0.1:4455/api/websocket)
[2026-02-24 23:10:27.555 DBG] OBS-Websocket5 :: Disconnected
[2026-02-24 23:10:27.555 DBG] OBS :: Disconnected from OBS (127.0.0.1:4455)
[2026-02-24 23:10:57.570 DBG] OBS :: Retrying obs connection to OBS (127.0.0.1:4455)
[2026-02-24 23:10:57.570 DBG] OBS :: Opening websocket connection to OBS (127.0.0.1:4455)
[2026-02-24 23:10:57.570 DBG] OBS-Websocket5 :: Opening connection (ws://127.0.0.1:4455/api/websocket)
[2026-02-24 23:10:59.598 DBG] OBS-Websocket5 :: Disconnected
[2026-02-24 23:10:59.598 DBG] OBS :: Disconnected from OBS (127.0.0.1:4455)
[2026-02-24 23:11:11.535 DBG] ViewerRepo :: UpdatePresence(twitch, 5), 0.029ms
[2026-02-24 23:11:11.640 DBG] TwitchService :: Presence Timer :: Artificially updated presence with a threshold of 5 minutes (105.4401ms)
[2026-02-24 23:11:29.608 DBG] OBS :: Retrying obs connection to OBS (127.0.0.1:4455)
[2026-02-24 23:11:29.608 DBG] OBS :: Opening websocket connection to OBS (127.0.0.1:4455)
[2026-02-24 23:11:29.608 DBG] OBS-Websocket5 :: Opening connection (ws://127.0.0.1:4455/api/websocket)
[2026-02-24 23:11:31.666 DBG] OBS-Websocket5 :: Disconnected
[2026-02-24 23:11:31.666 DBG] OBS :: Disconnected from OBS (127.0.0.1:4455)
[2026-02-24 23:12:01.679 DBG] OBS :: Retrying obs connection to OBS (127.0.0.1:4455)
[2026-02-24 23:12:01.679 DBG] OBS :: Opening websocket connection to OBS (127.0.0.1:4455)
[2026-02-24 23:12:01.679 DBG] OBS-Websocket5 :: Opening connection (ws://127.0.0.1:4455/api/websocket)
[2026-02-24 23:12:03.737 DBG] OBS-Websocket5 :: Disconnected
[2026-02-24 23:12:03.737 DBG] OBS :: Disconnected from OBS (127.0.0.1:4455)
[2026-02-24 23:12:11.551 DBG] ViewerRepo :: UpdatePresence(twitch, 5), 0.0286ms
[2026-02-24 23:12:11.665 DBG] TwitchService :: Presence Timer :: Artificially updated presence with a threshold of 5 minutes (114.5605ms)
[2026-02-24 23:12:33.740 DBG] OBS :: Retrying obs connection to OBS (127.0.0.1:4455)
[2026-02-24 23:12:33.740 DBG] OBS :: Opening websocket connection to OBS (127.0.0.1:4455)
[2026-02-24 23:12:33.740 DBG] OBS-Websocket5 :: Opening connection (ws://127.0.0.1:4455/api/websocket)
[2026-02-24 23:12:35.784 DBG] OBS-Websocket5 :: Disconnected
[2026-02-24 23:12:35.784 DBG] OBS :: Disconnected from OBS (127.0.0.1:4455)
[2026-02-24 23:13:05.793 DBG] OBS :: Retrying obs connection to OBS (127.0.0.1:4455)
[2026-02-24 23:13:05.793 DBG] OBS :: Opening websocket connection to OBS (127.0.0.1:4455)
[2026-02-24 23:13:05.793 DBG] OBS-Websocket5 :: Opening connection (ws://127.0.0.1:4455/api/websocket)
[2026-02-24 23:13:07.852 DBG] OBS-Websocket5 :: Disconnected
[2026-02-24 23:13:07.852 DBG] OBS :: Disconnected from OBS (127.0.0.1:4455)
[2026-02-24 23:13:11.565 DBG] ViewerRepo :: UpdatePresence(twitch, 5), 0.0293ms
[2026-02-24 23:13:11.681 DBG] TwitchService :: Presence Timer :: Artificially updated presence with a threshold of 5 minutes (116.0541ms)
[2026-02-24 23:13:37.858 DBG] OBS :: Retrying obs connection to OBS (127.0.0.1:4455)
[2026-02-24 23:13:37.858 DBG] OBS :: Opening websocket connection to OBS (127.0.0.1:4455)
[2026-02-24 23:13:37.858 DBG] OBS-Websocket5 :: Opening connection (ws://127.0.0.1:4455/api/websocket)
[2026-02-24 23:13:39.917 DBG] OBS-Websocket5 :: Disconnected
[2026-02-24 23:13:39.917 DBG] OBS :: Disconnected from OBS (127.0.0.1:4455)
[2026-02-24 23:13:58.819 DBG] Credits :: Time to save 18.3976ms
[2026-02-24 23:14:09.414 DBG] AutoSave :: Auto saving settings...
[2026-02-24 23:14:09.428 DBG] Users :: Time to save 14.5083ms
[2026-02-24 23:14:09.446 DBG] Actions :: Time to save 17.1227ms
[2026-02-24 23:14:09.458 DBG] Commands :: Time to save 12.7444ms
[2026-02-24 23:14:09.478 DBG] Twitch Rewards :: Time to save 19.3766ms
[2026-02-24 23:14:09.489 DBG] Midi :: Time to save 11.0648ms
[2026-02-24 23:14:09.503 DBG] OBS Settings :: Time to save 14.3255ms
[2026-02-24 23:14:09.515 DBG] MeldStudio Settings :: Time to save 12.3993ms
[2026-02-24 23:14:09.527 DBG] Credits :: Time to save 11.6679ms
[2026-02-24 23:14:09.538 DBG] Quotes :: Time to save 11.5987ms
[2026-02-24 23:14:09.636 DBG] Config :: Time to save 20.1152ms
[2026-02-24 23:14:09.928 DBG] OBS :: Retrying obs connection to OBS (127.0.0.1:4455)
[2026-02-24 23:14:09.928 DBG] OBS :: Opening websocket connection to OBS (127.0.0.1:4455)
[2026-02-24 23:14:09.928 DBG] OBS-Websocket5 :: Opening connection (ws://127.0.0.1:4455/api/websocket)
[2026-02-24 23:14:11.580 DBG] ViewerRepo :: UpdatePresence(twitch, 5), 0.0287ms
[2026-02-24 23:14:11.693 DBG] TwitchService :: Presence Timer :: Artificially updated presence with a threshold of 5 minutes (112.7668ms)
[2026-02-24 23:14:11.955 DBG] OBS-Websocket5 :: Disconnected
[2026-02-24 23:14:11.955 DBG] OBS :: Disconnected from OBS (127.0.0.1:4455)
[2026-02-24 23:14:41.962 DBG] OBS :: Retrying obs connection to OBS (127.0.0.1:4455)
[2026-02-24 23:14:41.962 DBG] OBS :: Opening websocket connection to OBS (127.0.0.1:4455)
[2026-02-24 23:14:41.962 DBG] OBS-Websocket5 :: Opening connection (ws://127.0.0.1:4455/api/websocket)
[2026-02-24 23:14:44.019 DBG] OBS-Websocket5 :: Disconnected
[2026-02-24 23:14:44.019 DBG] OBS :: Disconnected from OBS (127.0.0.1:4455)
[2026-02-24 23:15:11.587 DBG] ViewerRepo :: UpdatePresence(twitch, 5), 0.0348ms
[2026-02-24 23:15:11.702 DBG] TwitchService :: Presence Timer :: Artificially updated presence with a threshold of 5 minutes (115.7175ms)
[2026-02-24 23:15:14.033 DBG] OBS :: Retrying obs connection to OBS (127.0.0.1:4455)
[2026-02-24 23:15:14.033 DBG] OBS :: Opening websocket connection to OBS (127.0.0.1:4455)
[2026-02-24 23:15:14.033 DBG] OBS-Websocket5 :: Opening connection (ws://127.0.0.1:4455/api/websocket)
[2026-02-24 23:15:16.077 DBG] OBS-Websocket5 :: Disconnected
[2026-02-24 23:15:16.077 DBG] OBS :: Disconnected from OBS (127.0.0.1:4455)
[2026-02-24 23:15:46.083 DBG] OBS :: Retrying obs connection to OBS (127.0.0.1:4455)
[2026-02-24 23:15:46.083 DBG] OBS :: Opening websocket connection to OBS (127.0.0.1:4455)
[2026-02-24 23:15:46.083 DBG] OBS-Websocket5 :: Opening connection (ws://127.0.0.1:4455/api/websocket)
[2026-02-24 23:15:48.127 DBG] OBS-Websocket5 :: Disconnected
[2026-02-24 23:15:48.127 DBG] OBS :: Disconnected from OBS (127.0.0.1:4455)
[2026-02-24 23:16:11.598 DBG] ViewerRepo :: UpdatePresence(twitch, 5), 0.0301ms
[2026-02-24 23:16:11.719 DBG] TwitchService :: Presence Timer :: Artificially updated presence with a threshold of 5 minutes (120.7792ms)
[2026-02-24 23:16:18.138 DBG] OBS :: Retrying obs connection to OBS (127.0.0.1:4455)
[2026-02-24 23:16:18.138 DBG] OBS :: Opening websocket connection to OBS (127.0.0.1:4455)
[2026-02-24 23:16:18.138 DBG] OBS-Websocket5 :: Opening connection (ws://127.0.0.1:4455/api/websocket)
[2026-02-24 23:16:20.182 DBG] OBS-Websocket5 :: Disconnected
[2026-02-24 23:16:20.182 DBG] OBS :: Disconnected from OBS (127.0.0.1:4455)
[2026-02-24 23:16:50.183 DBG] OBS :: Retrying obs connection to OBS (127.0.0.1:4455)
[2026-02-24 23:16:50.183 DBG] OBS :: Opening websocket connection to OBS (127.0.0.1:4455)
[2026-02-24 23:16:50.183 DBG] OBS-Websocket5 :: Opening connection (ws://127.0.0.1:4455/api/websocket)
[2026-02-24 23:16:52.229 DBG] OBS-Websocket5 :: Disconnected
[2026-02-24 23:16:52.229 DBG] OBS :: Disconnected from OBS (127.0.0.1:4455)
[2026-02-24 23:17:11.604 DBG] ViewerRepo :: UpdatePresence(twitch, 5), 0.0324ms
[2026-02-24 23:17:11.720 DBG] TwitchService :: Presence Timer :: Artificially updated presence with a threshold of 5 minutes (116.055ms)
[2026-02-24 23:17:22.237 DBG] OBS :: Retrying obs connection to OBS (127.0.0.1:4455)
[2026-02-24 23:17:22.237 DBG] OBS :: Opening websocket connection to OBS (127.0.0.1:4455)
[2026-02-24 23:17:22.237 DBG] OBS-Websocket5 :: Opening connection (ws://127.0.0.1:4455/api/websocket)
[2026-02-24 23:17:24.294 DBG] OBS-Websocket5 :: Disconnected
[2026-02-24 23:17:24.294 DBG] OBS :: Disconnected from OBS (127.0.0.1:4455)
[2026-02-24 23:17:54.308 DBG] OBS :: Retrying obs connection to OBS (127.0.0.1:4455)
[2026-02-24 23:17:54.308 DBG] OBS :: Opening websocket connection to OBS (127.0.0.1:4455)
[2026-02-24 23:17:54.308 DBG] OBS-Websocket5 :: Opening connection (ws://127.0.0.1:4455/api/websocket)
[2026-02-24 23:17:56.348 DBG] OBS-Websocket5 :: Disconnected
[2026-02-24 23:17:56.348 DBG] OBS :: Disconnected from OBS (127.0.0.1:4455)
[2026-02-24 23:18:11.614 DBG] ViewerRepo :: UpdatePresence(twitch, 5), 0.0293ms
[2026-02-24 23:18:11.715 DBG] TwitchService :: Presence Timer :: Artificially updated presence with a threshold of 5 minutes (101.8761ms)
[2026-02-24 23:18:26.362 DBG] OBS :: Retrying obs connection to OBS (127.0.0.1:4455)
[2026-02-24 23:18:26.362 DBG] OBS :: Opening websocket connection to OBS (127.0.0.1:4455)
[2026-02-24 23:18:26.362 DBG] OBS-Websocket5 :: Opening connection (ws://127.0.0.1:4455/api/websocket)
[2026-02-24 23:18:28.402 DBG] OBS-Websocket5 :: Disconnected
[2026-02-24 23:18:28.402 DBG] OBS :: Disconnected from OBS (127.0.0.1:4455)
[2026-02-24 23:18:58.415 DBG] OBS :: Retrying obs connection to OBS (127.0.0.1:4455)
[2026-02-24 23:18:58.415 DBG] OBS :: Opening websocket connection to OBS (127.0.0.1:4455)
[2026-02-24 23:18:58.415 DBG] OBS-Websocket5 :: Opening connection (ws://127.0.0.1:4455/api/websocket)
[2026-02-24 23:18:58.461 DBG] ActionDispatcher :: Queueing 'Sub Goal' (361aa588-5f31-4e19-b8a5-099cae52479d, TimedAction) to 'Default' (00000000-0000-0000-0000-000000000000), with 11 arguments
[2026-02-24 23:18:58.461 DBG] ActionQueue :: 'Default' (00000000-0000-0000-0000-000000000000) :: Enqueue action 361aa588-5f31-4e19-b8a5-099cae52479d
[2026-02-24 23:18:58.461 DBG] ActionQueue :: 'Default' (00000000-0000-0000-0000-000000000000) :: Handling queue
[2026-02-24 23:18:58.461 DBG] ActionQueue :: 'Default' (00000000-0000-0000-0000-000000000000) :: Performing non-blocking 'Sub Goal' (361aa588-5f31-4e19-b8a5-099cae52479d, 9302bdef-b217-4180-aaba-b432720d987e)
[2026-02-24 23:18:58.817 DBG] Credits :: Time to save 12.8169ms
[2026-02-24 23:19:00.459 DBG] OBS-Websocket5 :: Disconnected
[2026-02-24 23:19:00.459 DBG] OBS :: Disconnected from OBS (127.0.0.1:4455)
[2026-02-24 23:19:09.630 DBG] AutoSave :: Auto saving settings...
[2026-02-24 23:19:09.650 DBG] Users :: Time to save 20.2562ms
[2026-02-24 23:19:09.673 DBG] Actions :: Time to save 23.4231ms
[2026-02-24 23:19:09.692 DBG] Commands :: Time to save 18.4088ms
[2026-02-24 23:19:09.709 DBG] Twitch Rewards :: Time to save 17.6198ms
[2026-02-24 23:19:09.720 DBG] Midi :: Time to save 10.6105ms
[2026-02-24 23:19:09.734 DBG] OBS Settings :: Time to save 14.3405ms
[2026-02-24 23:19:09.745 DBG] MeldStudio Settings :: Time to save 10.8869ms
[2026-02-24 23:19:09.755 DBG] Credits :: Time to save 10.1504ms
[2026-02-24 23:19:09.767 DBG] Quotes :: Time to save 11.6514ms
[2026-02-24 23:19:09.852 DBG] Config :: Time to save 19.3078ms
[2026-02-24 23:19:11.615 DBG] ViewerRepo :: UpdatePresence(twitch, 5), 0.0291ms
[2026-02-24 23:19:11.731 DBG] TwitchService :: Presence Timer :: Artificially updated presence with a threshold of 5 minutes (115.7444ms)
[2026-02-24 23:19:30.473 DBG] OBS :: Retrying obs connection to OBS (127.0.0.1:4455)
[2026-02-24 23:19:30.473 DBG] OBS :: Opening websocket connection to OBS (127.0.0.1:4455)
[2026-02-24 23:19:30.473 DBG] OBS-Websocket5 :: Opening connection (ws://127.0.0.1:4455/api/websocket)
[2026-02-24 23:19:32.530 DBG] OBS-Websocket5 :: Disconnected
[2026-02-24 23:19:32.530 DBG] OBS :: Disconnected from OBS (127.0.0.1:4455)
[2026-02-24 23:20:02.537 DBG] OBS :: Retrying obs connection to OBS (127.0.0.1:4455)
[2026-02-24 23:20:02.537 DBG] OBS :: Opening websocket connection to OBS (127.0.0.1:4455)
[2026-02-24 23:20:02.537 DBG] OBS-Websocket5 :: Opening connection (ws://127.0.0.1:4455/api/websocket)
[2026-02-24 23:20:04.583 DBG] OBS-Websocket5 :: Disconnected
[2026-02-24 23:20:04.583 DBG] OBS :: Disconnected from OBS (127.0.0.1:4455)
[2026-02-24 23:20:11.616 DBG] ViewerRepo :: UpdatePresence(twitch, 5), 0.0292ms
[2026-02-24 23:20:11.730 DBG] TwitchService :: Presence Timer :: Artificially updated presence with a threshold of 5 minutes (113.952ms)
[2026-02-24 23:20:34.585 DBG] OBS :: Retrying obs connection to OBS (127.0.0.1:4455)
[2026-02-24 23:20:34.585 DBG] OBS :: Opening websocket connection to OBS (127.0.0.1:4455)
[2026-02-24 23:20:34.585 DBG] OBS-Websocket5 :: Opening connection (ws://127.0.0.1:4455/api/websocket)
[2026-02-24 23:20:36.629 DBG] OBS-Websocket5 :: Disconnected
[2026-02-24 23:20:36.629 DBG] OBS :: Disconnected from OBS (127.0.0.1:4455)
[2026-02-24 23:21:06.637 DBG] OBS :: Retrying obs connection to OBS (127.0.0.1:4455)
[2026-02-24 23:21:06.637 DBG] OBS :: Opening websocket connection to OBS (127.0.0.1:4455)
[2026-02-24 23:21:06.637 DBG] OBS-Websocket5 :: Opening connection (ws://127.0.0.1:4455/api/websocket)
[2026-02-24 23:21:08.684 DBG] OBS-Websocket5 :: Disconnected
[2026-02-24 23:21:08.684 DBG] OBS :: Disconnected from OBS (127.0.0.1:4455)
[2026-02-24 23:21:11.617 DBG] ViewerRepo :: UpdatePresence(twitch, 5), 0.0289ms
[2026-02-24 23:21:11.730 DBG] TwitchService :: Presence Timer :: Artificially updated presence with a threshold of 5 minutes (112.2774ms)
[2026-02-24 23:21:38.689 DBG] OBS :: Retrying obs connection to OBS (127.0.0.1:4455)
[2026-02-24 23:21:38.689 DBG] OBS :: Opening websocket connection to OBS (127.0.0.1:4455)
[2026-02-24 23:21:38.689 DBG] OBS-Websocket5 :: Opening connection (ws://127.0.0.1:4455/api/websocket)
[2026-02-24 23:21:40.717 DBG] OBS-Websocket5 :: Disconnected
[2026-02-24 23:21:40.717 DBG] OBS :: Disconnected from OBS (127.0.0.1:4455)
[2026-02-24 23:22:10.720 DBG] OBS :: Retrying obs connection to OBS (127.0.0.1:4455)
[2026-02-24 23:22:10.720 DBG] OBS :: Opening websocket connection to OBS (127.0.0.1:4455)
[2026-02-24 23:22:10.720 DBG] OBS-Websocket5 :: Opening connection (ws://127.0.0.1:4455/api/websocket)
[2026-02-24 23:22:11.624 DBG] ViewerRepo :: UpdatePresence(twitch, 5), 0.0276ms
[2026-02-24 23:22:11.740 DBG] TwitchService :: Presence Timer :: Artificially updated presence with a threshold of 5 minutes (116.8304ms)
[2026-02-24 23:22:12.748 DBG] OBS-Websocket5 :: Disconnected
[2026-02-24 23:22:12.748 DBG] OBS :: Disconnected from OBS (127.0.0.1:4455)
[2026-02-24 23:22:42.762 DBG] OBS :: Retrying obs connection to OBS (127.0.0.1:4455)
[2026-02-24 23:22:42.762 DBG] OBS :: Opening websocket connection to OBS (127.0.0.1:4455)
[2026-02-24 23:22:42.762 DBG] OBS-Websocket5 :: Opening connection (ws://127.0.0.1:4455/api/websocket)
[2026-02-24 23:22:44.804 DBG] OBS-Websocket5 :: Disconnected
[2026-02-24 23:22:44.804 DBG] OBS :: Disconnected from OBS (127.0.0.1:4455)
[2026-02-24 23:23:11.625 DBG] ViewerRepo :: UpdatePresence(twitch, 5), 0.0286ms
[2026-02-24 23:23:11.741 DBG] TwitchService :: Presence Timer :: Artificially updated presence with a threshold of 5 minutes (116.519ms)
[2026-02-24 23:23:14.810 DBG] OBS :: Retrying obs connection to OBS (127.0.0.1:4455)
[2026-02-24 23:23:14.810 DBG] OBS :: Opening websocket connection to OBS (127.0.0.1:4455)
[2026-02-24 23:23:14.810 DBG] OBS-Websocket5 :: Opening connection (ws://127.0.0.1:4455/api/websocket)
[2026-02-24 23:23:16.867 DBG] OBS-Websocket5 :: Disconnected
[2026-02-24 23:23:16.867 DBG] OBS :: Disconnected from OBS (127.0.0.1:4455)
[2026-02-24 23:23:46.880 DBG] OBS :: Retrying obs connection to OBS (127.0.0.1:4455)
[2026-02-24 23:23:46.880 DBG] OBS :: Opening websocket connection to OBS (127.0.0.1:4455)
[2026-02-24 23:23:46.880 DBG] OBS-Websocket5 :: Opening connection (ws://127.0.0.1:4455/api/websocket)
[2026-02-24 23:23:48.925 DBG] OBS-Websocket5 :: Disconnected
[2026-02-24 23:23:48.925 DBG] OBS :: Disconnected from OBS (127.0.0.1:4455)
[2026-02-24 23:23:58.830 DBG] Credits :: Time to save 17.9547ms
[2026-02-24 23:24:09.870 DBG] AutoSave :: Auto saving settings...
[2026-02-24 23:24:09.890 DBG] Users :: Time to save 20.2376ms
[2026-02-24 23:24:09.911 DBG] Actions :: Time to save 20.7702ms
[2026-02-24 23:24:09.924 DBG] Commands :: Time to save 13.0939ms
[2026-02-24 23:24:09.937 DBG] Twitch Rewards :: Time to save 12.6888ms
[2026-02-24 23:24:09.948 DBG] Midi :: Time to save 10.2998ms
[2026-02-24 23:24:09.965 DBG] OBS Settings :: Time to save 16.9655ms
[2026-02-24 23:24:09.982 DBG] MeldStudio Settings :: Time to save 17.5909ms
[2026-02-24 23:24:09.998 DBG] Credits :: Time to save 16.1371ms
[2026-02-24 23:24:10.017 DBG] Quotes :: Time to save 18.3077ms
[2026-02-24 23:24:10.090 DBG] Config :: Time to save 14.0808ms
[2026-02-24 23:24:11.633 DBG] ViewerRepo :: UpdatePresence(twitch, 5), 0.0304ms
[2026-02-24 23:24:11.749 DBG] TwitchService :: Presence Timer :: Artificially updated presence with a threshold of 5 minutes (116.2163ms)
[2026-02-24 23:24:18.937 DBG] OBS :: Retrying obs connection to OBS (127.0.0.1:4455)
[2026-02-24 23:24:18.937 DBG] OBS :: Opening websocket connection to OBS (127.0.0.1:4455)
[2026-02-24 23:24:18.937 DBG] OBS-Websocket5 :: Opening connection (ws://127.0.0.1:4455/api/websocket)
[2026-02-24 23:24:20.977 DBG] OBS-Websocket5 :: Disconnected
[2026-02-24 23:24:20.977 DBG] OBS :: Disconnected from OBS (127.0.0.1:4455)
[2026-02-24 23:24:50.979 DBG] OBS :: Retrying obs connection to OBS (127.0.0.1:4455)
[2026-02-24 23:24:50.979 DBG] OBS :: Opening websocket connection to OBS (127.0.0.1:4455)
[2026-02-24 23:24:50.979 DBG] OBS-Websocket5 :: Opening connection (ws://127.0.0.1:4455/api/websocket)
[2026-02-24 23:24:53.022 DBG] OBS-Websocket5 :: Disconnected
[2026-02-24 23:24:53.022 DBG] OBS :: Disconnected from OBS (127.0.0.1:4455)
[2026-02-24 23:25:11.648 DBG] ViewerRepo :: UpdatePresence(twitch, 5), 0.0319ms
[2026-02-24 23:25:11.764 DBG] TwitchService :: Presence Timer :: Artificially updated presence with a threshold of 5 minutes (116.4883ms)
[2026-02-24 23:25:23.037 DBG] OBS :: Retrying obs connection to OBS (127.0.0.1:4455)
[2026-02-24 23:25:23.037 DBG] OBS :: Opening websocket connection to OBS (127.0.0.1:4455)
[2026-02-24 23:25:23.037 DBG] OBS-Websocket5 :: Opening connection (ws://127.0.0.1:4455/api/websocket)
[2026-02-24 23:25:25.080 DBG] OBS-Websocket5 :: Disconnected
[2026-02-24 23:25:25.080 DBG] OBS :: Disconnected from OBS (127.0.0.1:4455)
[2026-02-24 23:25:55.090 DBG] OBS :: Retrying obs connection to OBS (127.0.0.1:4455)
[2026-02-24 23:25:55.090 DBG] OBS :: Opening websocket connection to OBS (127.0.0.1:4455)
[2026-02-24 23:25:55.090 DBG] OBS-Websocket5 :: Opening connection (ws://127.0.0.1:4455/api/websocket)
[2026-02-24 23:25:57.120 DBG] OBS-Websocket5 :: Disconnected
[2026-02-24 23:25:57.120 DBG] OBS :: Disconnected from OBS (127.0.0.1:4455)
[2026-02-24 23:26:11.653 DBG] ViewerRepo :: UpdatePresence(twitch, 5), 0.0307ms
[2026-02-24 23:26:11.768 DBG] TwitchService :: Presence Timer :: Artificially updated presence with a threshold of 5 minutes (115.3141ms)
[2026-02-24 23:26:27.132 DBG] OBS :: Retrying obs connection to OBS (127.0.0.1:4455)
[2026-02-24 23:26:27.132 DBG] OBS :: Opening websocket connection to OBS (127.0.0.1:4455)
[2026-02-24 23:26:27.132 DBG] OBS-Websocket5 :: Opening connection (ws://127.0.0.1:4455/api/websocket)
[2026-02-24 23:26:29.161 DBG] OBS-Websocket5 :: Disconnected
[2026-02-24 23:26:29.161 DBG] OBS :: Disconnected from OBS (127.0.0.1:4455)
[2026-02-24 23:26:59.170 DBG] OBS :: Retrying obs connection to OBS (127.0.0.1:4455)
[2026-02-24 23:26:59.170 DBG] OBS :: Opening websocket connection to OBS (127.0.0.1:4455)
[2026-02-24 23:26:59.170 DBG] OBS-Websocket5 :: Opening connection (ws://127.0.0.1:4455/api/websocket)
[2026-02-24 23:27:01.229 DBG] OBS-Websocket5 :: Disconnected
[2026-02-24 23:27:01.229 DBG] OBS :: Disconnected from OBS (127.0.0.1:4455)
[2026-02-24 23:27:11.660 DBG] ViewerRepo :: UpdatePresence(twitch, 5), 0.0307ms
[2026-02-24 23:27:11.784 DBG] TwitchService :: Presence Timer :: Artificially updated presence with a threshold of 5 minutes (124.0947ms)
[2026-02-24 23:27:31.233 DBG] OBS :: Retrying obs connection to OBS (127.0.0.1:4455)
[2026-02-24 23:27:31.233 DBG] OBS :: Opening websocket connection to OBS (127.0.0.1:4455)
[2026-02-24 23:27:31.233 DBG] OBS-Websocket5 :: Opening connection (ws://127.0.0.1:4455/api/websocket)
[2026-02-24 23:27:33.272 DBG] OBS-Websocket5 :: Disconnected
[2026-02-24 23:27:33.272 DBG] OBS :: Disconnected from OBS (127.0.0.1:4455)
[2026-02-24 23:28:03.285 DBG] OBS :: Retrying obs connection to OBS (127.0.0.1:4455)
[2026-02-24 23:28:03.285 DBG] OBS :: Opening websocket connection to OBS (127.0.0.1:4455)
[2026-02-24 23:28:03.285 DBG] OBS-Websocket5 :: Opening connection (ws://127.0.0.1:4455/api/websocket)
[2026-02-24 23:28:05.328 DBG] OBS-Websocket5 :: Disconnected
[2026-02-24 23:28:05.328 DBG] OBS :: Disconnected from OBS (127.0.0.1:4455)
[2026-02-24 23:28:11.675 DBG] ViewerRepo :: UpdatePresence(twitch, 5), 0.0284ms
[2026-02-24 23:28:11.789 DBG] TwitchService :: Presence Timer :: Artificially updated presence with a threshold of 5 minutes (115.0656ms)
[2026-02-24 23:28:35.330 DBG] OBS :: Retrying obs connection to OBS (127.0.0.1:4455)
[2026-02-24 23:28:35.330 DBG] OBS :: Opening websocket connection to OBS (127.0.0.1:4455)
[2026-02-24 23:28:35.330 DBG] OBS-Websocket5 :: Opening connection (ws://127.0.0.1:4455/api/websocket)
[2026-02-24 23:28:37.373 DBG] OBS-Websocket5 :: Disconnected
[2026-02-24 23:28:37.373 DBG] OBS :: Disconnected from OBS (127.0.0.1:4455)
[2026-02-24 23:28:58.844 DBG] Credits :: Time to save 18.1972ms
[2026-02-24 23:28:59.403 DBG] ActionDispatcher :: Queueing 'Sub Goal' (361aa588-5f31-4e19-b8a5-099cae52479d, TimedAction) to 'Default' (00000000-0000-0000-0000-000000000000), with 11 arguments
[2026-02-24 23:28:59.403 DBG] ActionQueue :: 'Default' (00000000-0000-0000-0000-000000000000) :: Enqueue action 361aa588-5f31-4e19-b8a5-099cae52479d
[2026-02-24 23:28:59.403 DBG] ActionQueue :: 'Default' (00000000-0000-0000-0000-000000000000) :: Handling queue
[2026-02-24 23:28:59.403 DBG] ActionQueue :: 'Default' (00000000-0000-0000-0000-000000000000) :: Performing non-blocking 'Sub Goal' (361aa588-5f31-4e19-b8a5-099cae52479d, 30d4f2d6-2659-4169-943e-08ec49f6512f)
[2026-02-24 23:29:07.374 DBG] OBS :: Retrying obs connection to OBS (127.0.0.1:4455)
[2026-02-24 23:29:07.374 DBG] OBS :: Opening websocket connection to OBS (127.0.0.1:4455)
[2026-02-24 23:29:07.374 DBG] OBS-Websocket5 :: Opening connection (ws://127.0.0.1:4455/api/websocket)
[2026-02-24 23:29:09.431 DBG] OBS-Websocket5 :: Disconnected
[2026-02-24 23:29:09.431 DBG] OBS :: Disconnected from OBS (127.0.0.1:4455)
[2026-02-24 23:29:10.118 DBG] AutoSave :: Auto saving settings...
[2026-02-24 23:29:10.141 DBG] Users :: Time to save 22.935ms
[2026-02-24 23:29:10.165 DBG] Actions :: Time to save 23.7973ms
[2026-02-24 23:29:10.177 DBG] Commands :: Time to save 12.6667ms
[2026-02-24 23:29:10.194 DBG] Twitch Rewards :: Time to save 17.1305ms
[2026-02-24 23:29:10.211 DBG] Midi :: Time to save 16.0832ms
[2026-02-24 23:29:10.225 DBG] OBS Settings :: Time to save 14.8407ms
[2026-02-24 23:29:10.242 DBG] MeldStudio Settings :: Time to save 16.8268ms
[2026-02-24 23:29:10.259 DBG] Credits :: Time to save 16.5938ms
[2026-02-24 23:29:10.279 DBG] Quotes :: Time to save 19.4146ms
[2026-02-24 23:29:10.342 DBG] Config :: Time to save 21.6ms
[2026-02-24 23:29:11.679 DBG] ViewerRepo :: UpdatePresence(twitch, 5), 0.0543ms
[2026-02-24 23:29:11.795 DBG] TwitchService :: Presence Timer :: Artificially updated presence with a threshold of 5 minutes (116.6756ms)
[2026-02-24 23:29:39.435 DBG] OBS :: Retrying obs connection to OBS (127.0.0.1:4455)
[2026-02-24 23:29:39.435 DBG] OBS :: Opening websocket connection to OBS (127.0.0.1:4455)
[2026-02-24 23:29:39.435 DBG] OBS-Websocket5 :: Opening connection (ws://127.0.0.1:4455/api/websocket)
[2026-02-24 23:29:41.488 DBG] OBS-Websocket5 :: Disconnected
[2026-02-24 23:29:41.488 DBG] OBS :: Disconnected from OBS (127.0.0.1:4455)
[2026-02-24 23:30:11.497 DBG] OBS :: Retrying obs connection to OBS (127.0.0.1:4455)
[2026-02-24 23:30:11.497 DBG] OBS :: Opening websocket connection to OBS (127.0.0.1:4455)
[2026-02-24 23:30:11.497 DBG] OBS-Websocket5 :: Opening connection (ws://127.0.0.1:4455/api/websocket)
[2026-02-24 23:30:11.687 DBG] ViewerRepo :: UpdatePresence(twitch, 5), 0.0289ms
[2026-02-24 23:30:11.806 DBG] TwitchService :: Presence Timer :: Artificially updated presence with a threshold of 5 minutes (118.8554ms)
[2026-02-24 23:30:13.531 DBG] OBS-Websocket5 :: Disconnected
[2026-02-24 23:30:13.531 DBG] OBS :: Disconnected from OBS (127.0.0.1:4455)
[2026-02-24 23:30:43.542 DBG] OBS :: Retrying obs connection to OBS (127.0.0.1:4455)
[2026-02-24 23:30:43.542 DBG] OBS :: Opening websocket connection to OBS (127.0.0.1:4455)
[2026-02-24 23:30:43.542 DBG] OBS-Websocket5 :: Opening connection (ws://127.0.0.1:4455/api/websocket)
[2026-02-24 23:30:45.570 DBG] OBS-Websocket5 :: Disconnected
[2026-02-24 23:30:45.570 DBG] OBS :: Disconnected from OBS (127.0.0.1:4455)
[2026-02-24 23:31:11.698 DBG] ViewerRepo :: UpdatePresence(twitch, 5), 0.0333ms
[2026-02-24 23:31:11.813 DBG] TwitchService :: Presence Timer :: Artificially updated presence with a threshold of 5 minutes (115.1318ms)
[2026-02-24 23:31:15.597 DBG] OBS :: Retrying obs connection to OBS (127.0.0.1:4455)
[2026-02-24 23:31:15.597 DBG] OBS :: Opening websocket connection to OBS (127.0.0.1:4455)
[2026-02-24 23:31:15.597 DBG] OBS-Websocket5 :: Opening connection (ws://127.0.0.1:4455/api/websocket)
[2026-02-24 23:31:17.655 DBG] OBS-Websocket5 :: Disconnected
[2026-02-24 23:31:17.655 DBG] OBS :: Disconnected from OBS (127.0.0.1:4455)
[2026-02-24 23:31:47.658 DBG] OBS :: Retrying obs connection to OBS (127.0.0.1:4455)
[2026-02-24 23:31:47.658 DBG] OBS :: Opening websocket connection to OBS (127.0.0.1:4455)
[2026-02-24 23:31:47.658 DBG] OBS-Websocket5 :: Opening connection (ws://127.0.0.1:4455/api/websocket)
[2026-02-24 23:31:49.686 DBG] OBS-Websocket5 :: Disconnected
[2026-02-24 23:31:49.686 DBG] OBS :: Disconnected from OBS (127.0.0.1:4455)
[2026-02-24 23:32:11.713 DBG] ViewerRepo :: UpdatePresence(twitch, 5), 0.0287ms
[2026-02-24 23:32:11.827 DBG] TwitchService :: Presence Timer :: Artificially updated presence with a threshold of 5 minutes (114.4721ms)
[2026-02-24 23:32:19.701 DBG] OBS :: Retrying obs connection to OBS (127.0.0.1:4455)
[2026-02-24 23:32:19.701 DBG] OBS :: Opening websocket connection to OBS (127.0.0.1:4455)
[2026-02-24 23:32:19.701 DBG] OBS-Websocket5 :: Opening connection (ws://127.0.0.1:4455/api/websocket)
[2026-02-24 23:32:21.742 DBG] OBS-Websocket5 :: Disconnected
[2026-02-24 23:32:21.742 DBG] OBS :: Disconnected from OBS (127.0.0.1:4455)
[2026-02-24 23:32:51.757 DBG] OBS :: Retrying obs connection to OBS (127.0.0.1:4455)
[2026-02-24 23:32:51.757 DBG] OBS :: Opening websocket connection to OBS (127.0.0.1:4455)
[2026-02-24 23:32:51.757 DBG] OBS-Websocket5 :: Opening connection (ws://127.0.0.1:4455/api/websocket)
[2026-02-24 23:32:53.786 DBG] OBS-Websocket5 :: Disconnected
[2026-02-24 23:32:53.786 DBG] OBS :: Disconnected from OBS (127.0.0.1:4455)
[2026-02-24 23:33:11.716 DBG] ViewerRepo :: UpdatePresence(twitch, 5), 0.0309ms
[2026-02-24 23:33:11.829 DBG] TwitchService :: Presence Timer :: Artificially updated presence with a threshold of 5 minutes (113.0338ms)
[2026-02-24 23:33:23.803 DBG] OBS :: Retrying obs connection to OBS (127.0.0.1:4455)
[2026-02-24 23:33:23.803 DBG] OBS :: Opening websocket connection to OBS (127.0.0.1:4455)
[2026-02-24 23:33:23.803 DBG] OBS-Websocket5 :: Opening connection (ws://127.0.0.1:4455/api/websocket)
[2026-02-24 23:33:25.842 DBG] OBS-Websocket5 :: Disconnected
[2026-02-24 23:33:25.842 DBG] OBS :: Disconnected from OBS (127.0.0.1:4455)
[2026-02-24 23:33:55.851 DBG] OBS :: Retrying obs connection to OBS (127.0.0.1:4455)
[2026-02-24 23:33:55.851 DBG] OBS :: Opening websocket connection to OBS (127.0.0.1:4455)
[2026-02-24 23:33:55.851 DBG] OBS-Websocket5 :: Opening connection (ws://127.0.0.1:4455/api/websocket)
[2026-02-24 23:33:57.884 DBG] OBS-Websocket5 :: Disconnected
[2026-02-24 23:33:57.884 DBG] OBS :: Disconnected from OBS (127.0.0.1:4455)
[2026-02-24 23:33:58.866 DBG] Credits :: Time to save 19.2833ms
[2026-02-24 23:34:10.380 DBG] AutoSave :: Auto saving settings...
[2026-02-24 23:34:10.401 DBG] Users :: Time to save 21.0491ms
[2026-02-24 23:34:10.422 DBG] Actions :: Time to save 21.557ms
[2026-02-24 23:34:10.439 DBG] Commands :: Time to save 17.1526ms
[2026-02-24 23:34:10.452 DBG] Twitch Rewards :: Time to save 12.1976ms
[2026-02-24 23:34:10.464 DBG] Midi :: Time to save 12.3089ms
[2026-02-24 23:34:10.475 DBG] OBS Settings :: Time to save 10.4201ms
[2026-02-24 23:34:10.490 DBG] MeldStudio Settings :: Time to save 15.0802ms
[2026-02-24 23:34:10.505 DBG] Credits :: Time to save 15.0758ms
[2026-02-24 23:34:10.517 DBG] Quotes :: Time to save 11.931ms
[2026-02-24 23:34:10.604 DBG] Config :: Time to save 20.6585ms
[2026-02-24 23:34:11.723 DBG] ViewerRepo :: UpdatePresence(twitch, 5), 0.0331ms
[2026-02-24 23:34:11.850 DBG] TwitchService :: Presence Timer :: Artificially updated presence with a threshold of 5 minutes (127.3787ms)
[2026-02-24 23:34:27.889 DBG] OBS :: Retrying obs connection to OBS (127.0.0.1:4455)
[2026-02-24 23:34:27.889 DBG] OBS :: Opening websocket connection to OBS (127.0.0.1:4455)
[2026-02-24 23:34:27.889 DBG] OBS-Websocket5 :: Opening connection (ws://127.0.0.1:4455/api/websocket)
[2026-02-24 23:34:29.933 DBG] OBS-Websocket5 :: Disconnected
[2026-02-24 23:34:29.933 DBG] OBS :: Disconnected from OBS (127.0.0.1:4455)
[2026-02-24 23:34:59.946 DBG] OBS :: Retrying obs connection to OBS (127.0.0.1:4455)
[2026-02-24 23:34:59.946 DBG] OBS :: Opening websocket connection to OBS (127.0.0.1:4455)
[2026-02-24 23:34:59.946 DBG] OBS-Websocket5 :: Opening connection (ws://127.0.0.1:4455/api/websocket)
[2026-02-24 23:35:02.002 DBG] OBS-Websocket5 :: Disconnected
[2026-02-24 23:35:02.002 DBG] OBS :: Disconnected from OBS (127.0.0.1:4455)
[2026-02-24 23:35:11.738 DBG] ViewerRepo :: UpdatePresence(twitch, 5), 0.0282ms
[2026-02-24 23:35:11.843 DBG] TwitchService :: Presence Timer :: Artificially updated presence with a threshold of 5 minutes (104.6074ms)
[2026-02-24 23:35:32.014 DBG] OBS :: Retrying obs connection to OBS (127.0.0.1:4455)
[2026-02-24 23:35:32.014 DBG] OBS :: Opening websocket connection to OBS (127.0.0.1:4455)
[2026-02-24 23:35:32.014 DBG] OBS-Websocket5 :: Opening connection (ws://127.0.0.1:4455/api/websocket)
[2026-02-24 23:35:34.047 DBG] OBS-Websocket5 :: Disconnected
[2026-02-24 23:35:34.047 DBG] OBS :: Disconnected from OBS (127.0.0.1:4455)
[2026-02-24 23:36:04.060 DBG] OBS :: Retrying obs connection to OBS (127.0.0.1:4455)
[2026-02-24 23:36:04.060 DBG] OBS :: Opening websocket connection to OBS (127.0.0.1:4455)
[2026-02-24 23:36:04.060 DBG] OBS-Websocket5 :: Opening connection (ws://127.0.0.1:4455/api/websocket)
[2026-02-24 23:36:06.118 DBG] OBS-Websocket5 :: Disconnected
[2026-02-24 23:36:06.118 DBG] OBS :: Disconnected from OBS (127.0.0.1:4455)
[2026-02-24 23:36:11.740 DBG] ViewerRepo :: UpdatePresence(twitch, 5), 0.03ms
[2026-02-24 23:36:11.846 DBG] TwitchService :: Presence Timer :: Artificially updated presence with a threshold of 5 minutes (106.9569ms)
[2026-02-24 23:36:36.145 DBG] OBS :: Retrying obs connection to OBS (127.0.0.1:4455)
[2026-02-24 23:36:36.145 DBG] OBS :: Opening websocket connection to OBS (127.0.0.1:4455)
[2026-02-24 23:36:36.145 DBG] OBS-Websocket5 :: Opening connection (ws://127.0.0.1:4455/api/websocket)
[2026-02-24 23:36:38.175 DBG] OBS-Websocket5 :: Disconnected
[2026-02-24 23:36:38.175 DBG] OBS :: Disconnected from OBS (127.0.0.1:4455)
[2026-02-24 23:37:08.183 DBG] OBS :: Retrying obs connection to OBS (127.0.0.1:4455)
[2026-02-24 23:37:08.183 DBG] OBS :: Opening websocket connection to OBS (127.0.0.1:4455)
[2026-02-24 23:37:08.183 DBG] OBS-Websocket5 :: Opening connection (ws://127.0.0.1:4455/api/websocket)
[2026-02-24 23:37:10.210 DBG] OBS-Websocket5 :: Disconnected
[2026-02-24 23:37:10.210 DBG] OBS :: Disconnected from OBS (127.0.0.1:4455)
[2026-02-24 23:37:11.754 DBG] ViewerRepo :: UpdatePresence(twitch, 5), 0.0304ms
[2026-02-24 23:37:11.908 DBG] TwitchService :: Presence Timer :: Artificially updated presence with a threshold of 5 minutes (154.3819ms)
[2026-02-24 23:37:40.222 DBG] OBS :: Retrying obs connection to OBS (127.0.0.1:4455)
[2026-02-24 23:37:40.222 DBG] OBS :: Opening websocket connection to OBS (127.0.0.1:4455)
[2026-02-24 23:37:40.222 DBG] OBS-Websocket5 :: Opening connection (ws://127.0.0.1:4455/api/websocket)
[2026-02-24 23:37:42.251 DBG] OBS-Websocket5 :: Disconnected
[2026-02-24 23:37:42.251 DBG] OBS :: Disconnected from OBS (127.0.0.1:4455)
[2026-02-24 23:38:11.761 DBG] ViewerRepo :: UpdatePresence(twitch, 5), 0.0295ms
[2026-02-24 23:38:11.878 DBG] TwitchService :: Presence Timer :: Artificially updated presence with a threshold of 5 minutes (117.611ms)
[2026-02-24 23:38:12.259 DBG] OBS :: Retrying obs connection to OBS (127.0.0.1:4455)
[2026-02-24 23:38:12.259 DBG] OBS :: Opening websocket connection to OBS (127.0.0.1:4455)
[2026-02-24 23:38:12.259 DBG] OBS-Websocket5 :: Opening connection (ws://127.0.0.1:4455/api/websocket)
[2026-02-24 23:38:14.268 DBG] OBS-Websocket5 :: Disconnected
[2026-02-24 23:38:14.268 DBG] OBS :: Disconnected from OBS (127.0.0.1:4455)
[2026-02-24 23:38:44.283 DBG] OBS :: Retrying obs connection to OBS (127.0.0.1:4455)
[2026-02-24 23:38:44.283 DBG] OBS :: Opening websocket connection to OBS (127.0.0.1:4455)
[2026-02-24 23:38:44.283 DBG] OBS-Websocket5 :: Opening connection (ws://127.0.0.1:4455/api/websocket)
[2026-02-24 23:38:46.312 DBG] OBS-Websocket5 :: Disconnected
[2026-02-24 23:38:46.312 DBG] OBS :: Disconnected from OBS (127.0.0.1:4455)
[2026-02-24 23:38:58.867 DBG] Credits :: Time to save 12.8533ms
[2026-02-24 23:38:59.464 DBG] ActionDispatcher :: Queueing 'Sub Goal' (361aa588-5f31-4e19-b8a5-099cae52479d, TimedAction) to 'Default' (00000000-0000-0000-0000-000000000000), with 11 arguments
[2026-02-24 23:38:59.464 DBG] ActionQueue :: 'Default' (00000000-0000-0000-0000-000000000000) :: Enqueue action 361aa588-5f31-4e19-b8a5-099cae52479d
[2026-02-24 23:38:59.464 DBG] ActionQueue :: 'Default' (00000000-0000-0000-0000-000000000000) :: Handling queue
[2026-02-24 23:38:59.464 DBG] ActionQueue :: 'Default' (00000000-0000-0000-0000-000000000000) :: Performing non-blocking 'Sub Goal' (361aa588-5f31-4e19-b8a5-099cae52479d, d393e796-3ecb-43e2-9edb-6814d18a26e6)
[2026-02-24 23:39:10.622 DBG] AutoSave :: Auto saving settings...
[2026-02-24 23:39:10.642 DBG] Users :: Time to save 20.662ms
[2026-02-24 23:39:10.661 DBG] Actions :: Time to save 17.8239ms
[2026-02-24 23:39:10.674 DBG] Commands :: Time to save 13.674ms
[2026-02-24 23:39:10.687 DBG] Twitch Rewards :: Time to save 11.9944ms
[2026-02-24 23:39:10.702 DBG] Midi :: Time to save 15.5399ms
[2026-02-24 23:39:10.713 DBG] OBS Settings :: Time to save 11.0994ms
[2026-02-24 23:39:10.727 DBG] MeldStudio Settings :: Time to save 14.059ms
[2026-02-24 23:39:10.738 DBG] Credits :: Time to save 10.6419ms
[2026-02-24 23:39:10.750 DBG] Quotes :: Time to save 11.9483ms
[2026-02-24 23:39:10.848 DBG] Config :: Time to save 21.2888ms
[2026-02-24 23:39:11.764 DBG] ViewerRepo :: UpdatePresence(twitch, 5), 0.0323ms
[2026-02-24 23:39:11.869 DBG] TwitchService :: Presence Timer :: Artificially updated presence with a threshold of 5 minutes (105.4325ms)
[2026-02-24 23:39:16.322 DBG] OBS :: Retrying obs connection to OBS (127.0.0.1:4455)
[2026-02-24 23:39:16.323 DBG] OBS :: Opening websocket connection to OBS (127.0.0.1:4455)
[2026-02-24 23:39:16.323 DBG] OBS-Websocket5 :: Opening connection (ws://127.0.0.1:4455/api/websocket)
[2026-02-24 23:39:18.351 DBG] OBS-Websocket5 :: Disconnected
[2026-02-24 23:39:18.351 DBG] OBS :: Disconnected from OBS (127.0.0.1:4455)
[2026-02-24 23:39:48.361 DBG] OBS :: Retrying obs connection to OBS (127.0.0.1:4455)
[2026-02-24 23:39:48.361 DBG] OBS :: Opening websocket connection to OBS (127.0.0.1:4455)
[2026-02-24 23:39:48.361 DBG] OBS-Websocket5 :: Opening connection (ws://127.0.0.1:4455/api/websocket)
[2026-02-24 23:39:50.390 DBG] OBS-Websocket5 :: Disconnected
[2026-02-24 23:39:50.390 DBG] OBS :: Disconnected from OBS (127.0.0.1:4455)
[2026-02-24 23:40:11.766 DBG] ViewerRepo :: UpdatePresence(twitch, 5), 0.03ms
[2026-02-24 23:40:11.870 DBG] TwitchService :: Presence Timer :: Artificially updated presence with a threshold of 5 minutes (103.7338ms)
[2026-02-24 23:40:20.401 DBG] OBS :: Retrying obs connection to OBS (127.0.0.1:4455)
[2026-02-24 23:40:20.401 DBG] OBS :: Opening websocket connection to OBS (127.0.0.1:4455)
[2026-02-24 23:40:20.401 DBG] OBS-Websocket5 :: Opening connection (ws://127.0.0.1:4455/api/websocket)
[2026-02-24 23:40:22.459 DBG] OBS-Websocket5 :: Disconnected
[2026-02-24 23:40:22.459 DBG] OBS :: Disconnected from OBS (127.0.0.1:4455)
[2026-02-24 23:40:52.487 DBG] OBS :: Retrying obs connection to OBS (127.0.0.1:4455)
[2026-02-24 23:40:52.487 DBG] OBS :: Opening websocket connection to OBS (127.0.0.1:4455)
[2026-02-24 23:40:52.487 DBG] OBS-Websocket5 :: Opening connection (ws://127.0.0.1:4455/api/websocket)
[2026-02-24 23:40:54.545 DBG] OBS-Websocket5 :: Disconnected
[2026-02-24 23:40:54.545 DBG] OBS :: Disconnected from OBS (127.0.0.1:4455)
[2026-02-24 23:41:11.772 DBG] ViewerRepo :: UpdatePresence(twitch, 5), 0.0282ms
[2026-02-24 23:41:12.092 DBG] TwitchService :: Presence Timer :: Artificially updated presence with a threshold of 5 minutes (320.5678ms)
[2026-02-24 23:41:24.546 DBG] OBS :: Retrying obs connection to OBS (127.0.0.1:4455)
[2026-02-24 23:41:24.546 DBG] OBS :: Opening websocket connection to OBS (127.0.0.1:4455)
[2026-02-24 23:41:24.546 DBG] OBS-Websocket5 :: Opening connection (ws://127.0.0.1:4455/api/websocket)
[2026-02-24 23:41:26.580 DBG] OBS-Websocket5 :: Disconnected
[2026-02-24 23:41:26.580 DBG] OBS :: Disconnected from OBS (127.0.0.1:4455)
[2026-02-24 23:41:56.587 DBG] OBS :: Retrying obs connection to OBS (127.0.0.1:4455)
[2026-02-24 23:41:56.587 DBG] OBS :: Opening websocket connection to OBS (127.0.0.1:4455)
[2026-02-24 23:41:56.587 DBG] OBS-Websocket5 :: Opening connection (ws://127.0.0.1:4455/api/websocket)
[2026-02-24 23:41:58.628 DBG] OBS-Websocket5 :: Disconnected
[2026-02-24 23:41:58.628 DBG] OBS :: Disconnected from OBS (127.0.0.1:4455)
[2026-02-24 23:42:11.782 DBG] ViewerRepo :: UpdatePresence(twitch, 5), 0.0301ms
[2026-02-24 23:42:11.900 DBG] TwitchService :: Presence Timer :: Artificially updated presence with a threshold of 5 minutes (118.2917ms)
[2026-02-24 23:42:28.638 DBG] OBS :: Retrying obs connection to OBS (127.0.0.1:4455)
[2026-02-24 23:42:28.638 DBG] OBS :: Opening websocket connection to OBS (127.0.0.1:4455)
[2026-02-24 23:42:28.638 DBG] OBS-Websocket5 :: Opening connection (ws://127.0.0.1:4455/api/websocket)
[2026-02-24 23:42:30.696 DBG] OBS-Websocket5 :: Disconnected
[2026-02-24 23:42:30.696 DBG] OBS :: Disconnected from OBS (127.0.0.1:4455)
[2026-02-24 23:43:00.702 DBG] OBS :: Retrying obs connection to OBS (127.0.0.1:4455)
[2026-02-24 23:43:00.702 DBG] OBS :: Opening websocket connection to OBS (127.0.0.1:4455)
[2026-02-24 23:43:00.702 DBG] OBS-Websocket5 :: Opening connection (ws://127.0.0.1:4455/api/websocket)
[2026-02-24 23:43:02.761 DBG] OBS-Websocket5 :: Disconnected
[2026-02-24 23:43:02.761 DBG] OBS :: Disconnected from OBS (127.0.0.1:4455)
[2026-02-24 23:43:11.788 DBG] ViewerRepo :: UpdatePresence(twitch, 5), 0.0285ms
[2026-02-24 23:43:11.900 DBG] TwitchService :: Presence Timer :: Artificially updated presence with a threshold of 5 minutes (112.0146ms)
[2026-02-24 23:43:32.765 DBG] OBS :: Retrying obs connection to OBS (127.0.0.1:4455)
[2026-02-24 23:43:32.765 DBG] OBS :: Opening websocket connection to OBS (127.0.0.1:4455)
[2026-02-24 23:43:32.765 DBG] OBS-Websocket5 :: Opening connection (ws://127.0.0.1:4455/api/websocket)
[2026-02-24 23:43:34.806 DBG] OBS-Websocket5 :: Disconnected
[2026-02-24 23:43:34.806 DBG] OBS :: Disconnected from OBS (127.0.0.1:4455)
[2026-02-24 23:43:58.885 DBG] Credits :: Time to save 19.236ms
[2026-02-24 23:44:04.811 DBG] OBS :: Retrying obs connection to OBS (127.0.0.1:4455)
[2026-02-24 23:44:04.811 DBG] OBS :: Opening websocket connection to OBS (127.0.0.1:4455)
[2026-02-24 23:44:04.811 DBG] OBS-Websocket5 :: Opening connection (ws://127.0.0.1:4455/api/websocket)
[2026-02-24 23:44:06.868 DBG] OBS-Websocket5 :: Disconnected
[2026-02-24 23:44:06.868 DBG] OBS :: Disconnected from OBS (127.0.0.1:4455)
[2026-02-24 23:44:10.861 DBG] AutoSave :: Auto saving settings...
[2026-02-24 23:44:10.875 DBG] Users :: Time to save 14.7045ms
[2026-02-24 23:44:10.901 DBG] Actions :: Time to save 24.9174ms
[2026-02-24 23:44:10.915 DBG] Commands :: Time to save 13.9652ms
[2026-02-24 23:44:10.929 DBG] Twitch Rewards :: Time to save 13.912ms
[2026-02-24 23:44:10.943 DBG] Midi :: Time to save 14.4676ms
[2026-02-24 23:44:10.953 DBG] OBS Settings :: Time to save 10.1086ms
[2026-02-24 23:44:10.964 DBG] MeldStudio Settings :: Time to save 10.9306ms
[2026-02-24 23:44:10.976 DBG] Credits :: Time to save 11.494ms
[2026-02-24 23:44:10.987 DBG] Quotes :: Time to save 11.872ms
[2026-02-24 23:44:11.084 DBG] Config :: Time to save 20.195ms
[2026-02-24 23:44:11.791 DBG] ViewerRepo :: UpdatePresence(twitch, 5), 0.0286ms
[2026-02-24 23:44:11.897 DBG] TwitchService :: Presence Timer :: Artificially updated presence with a threshold of 5 minutes (105.8486ms)
[2026-02-24 23:44:36.880 DBG] OBS :: Retrying obs connection to OBS (127.0.0.1:4455)
[2026-02-24 23:44:36.880 DBG] OBS :: Opening websocket connection to OBS (127.0.0.1:4455)
[2026-02-24 23:44:36.880 DBG] OBS-Websocket5 :: Opening connection (ws://127.0.0.1:4455/api/websocket)
[2026-02-24 23:44:38.939 DBG] OBS-Websocket5 :: Disconnected
[2026-02-24 23:44:38.939 DBG] OBS :: Disconnected from OBS (127.0.0.1:4455)
[2026-02-24 23:45:08.953 DBG] OBS :: Retrying obs connection to OBS (127.0.0.1:4455)
[2026-02-24 23:45:08.953 DBG] OBS :: Opening websocket connection to OBS (127.0.0.1:4455)
[2026-02-24 23:45:08.953 DBG] OBS-Websocket5 :: Opening connection (ws://127.0.0.1:4455/api/websocket)
[2026-02-24 23:45:10.988 DBG] OBS-Websocket5 :: Disconnected
[2026-02-24 23:45:10.988 DBG] OBS :: Disconnected from OBS (127.0.0.1:4455)
[2026-02-24 23:45:11.797 DBG] ViewerRepo :: UpdatePresence(twitch, 5), 0.0365ms
[2026-02-24 23:45:11.905 DBG] TwitchService :: Presence Timer :: Artificially updated presence with a threshold of 5 minutes (108.1576ms)
[2026-02-24 23:45:40.998 DBG] OBS :: Retrying obs connection to OBS (127.0.0.1:4455)
[2026-02-24 23:45:40.998 DBG] OBS :: Opening websocket connection to OBS (127.0.0.1:4455)
[2026-02-24 23:45:40.998 DBG] OBS-Websocket5 :: Opening connection (ws://127.0.0.1:4455/api/websocket)
[2026-02-24 23:45:43.027 DBG] OBS-Websocket5 :: Disconnected
[2026-02-24 23:45:43.027 DBG] OBS :: Disconnected from OBS (127.0.0.1:4455)
[2026-02-24 23:46:11.800 DBG] ViewerRepo :: UpdatePresence(twitch, 5), 0.0332ms
[2026-02-24 23:46:11.926 DBG] TwitchService :: Presence Timer :: Artificially updated presence with a threshold of 5 minutes (125.9542ms)
[2026-02-24 23:46:13.033 DBG] OBS :: Retrying obs connection to OBS (127.0.0.1:4455)
[2026-02-24 23:46:13.033 DBG] OBS :: Opening websocket connection to OBS (127.0.0.1:4455)
[2026-02-24 23:46:13.033 DBG] OBS-Websocket5 :: Opening connection (ws://127.0.0.1:4455/api/websocket)
[2026-02-24 23:46:15.085 DBG] OBS-Websocket5 :: Disconnected
[2026-02-24 23:46:15.085 DBG] OBS :: Disconnected from OBS (127.0.0.1:4455)
[2026-02-24 23:46:45.096 DBG] OBS :: Retrying obs connection to OBS (127.0.0.1:4455)
[2026-02-24 23:46:45.096 DBG] OBS :: Opening websocket connection to OBS (127.0.0.1:4455)
[2026-02-24 23:46:45.096 DBG] OBS-Websocket5 :: Opening connection (ws://127.0.0.1:4455/api/websocket)
[2026-02-24 23:46:47.129 DBG] OBS-Websocket5 :: Disconnected
[2026-02-24 23:46:47.129 DBG] OBS :: Disconnected from OBS (127.0.0.1:4455)
[2026-02-24 23:47:11.802 DBG] ViewerRepo :: UpdatePresence(twitch, 5), 0.0283ms
[2026-02-24 23:47:11.907 DBG] TwitchService :: Presence Timer :: Artificially updated presence with a threshold of 5 minutes (105.1441ms)
[2026-02-24 23:47:17.137 DBG] OBS :: Retrying obs connection to OBS (127.0.0.1:4455)
[2026-02-24 23:47:17.137 DBG] OBS :: Opening websocket connection to OBS (127.0.0.1:4455)
[2026-02-24 23:47:17.137 DBG] OBS-Websocket5 :: Opening connection (ws://127.0.0.1:4455/api/websocket)
[2026-02-24 23:47:19.180 DBG] OBS-Websocket5 :: Disconnected
[2026-02-24 23:47:19.180 DBG] OBS :: Disconnected from OBS (127.0.0.1:4455)
[2026-02-24 23:47:49.190 DBG] OBS :: Retrying obs connection to OBS (127.0.0.1:4455)
[2026-02-24 23:47:49.190 DBG] OBS :: Opening websocket connection to OBS (127.0.0.1:4455)
[2026-02-24 23:47:49.190 DBG] OBS-Websocket5 :: Opening connection (ws://127.0.0.1:4455/api/websocket)
[2026-02-24 23:47:51.234 DBG] OBS-Websocket5 :: Disconnected
[2026-02-24 23:47:51.234 DBG] OBS :: Disconnected from OBS (127.0.0.1:4455)
[2026-02-24 23:48:11.813 DBG] ViewerRepo :: UpdatePresence(twitch, 5), 0.0307ms
[2026-02-24 23:48:11.915 DBG] TwitchService :: Presence Timer :: Artificially updated presence with a threshold of 5 minutes (102.3987ms)
[2026-02-24 23:48:21.240 DBG] OBS :: Retrying obs connection to OBS (127.0.0.1:4455)
[2026-02-24 23:48:21.240 DBG] OBS :: Opening websocket connection to OBS (127.0.0.1:4455)
[2026-02-24 23:48:21.240 DBG] OBS-Websocket5 :: Opening connection (ws://127.0.0.1:4455/api/websocket)
[2026-02-24 23:48:23.295 DBG] OBS-Websocket5 :: Disconnected
[2026-02-24 23:48:23.295 DBG] OBS :: Disconnected from OBS (127.0.0.1:4455)
[2026-02-24 23:48:53.308 DBG] OBS :: Retrying obs connection to OBS (127.0.0.1:4455)
[2026-02-24 23:48:53.308 DBG] OBS :: Opening websocket connection to OBS (127.0.0.1:4455)
[2026-02-24 23:48:53.308 DBG] OBS-Websocket5 :: Opening connection (ws://127.0.0.1:4455/api/websocket)
[2026-02-24 23:48:55.342 DBG] OBS-Websocket5 :: Disconnected
[2026-02-24 23:48:55.342 DBG] OBS :: Disconnected from OBS (127.0.0.1:4455)
[2026-02-24 23:48:58.884 DBG] Credits :: Time to save 18.5933ms
[2026-02-24 23:48:59.568 DBG] ActionDispatcher :: Queueing 'Sub Goal' (361aa588-5f31-4e19-b8a5-099cae52479d, TimedAction) to 'Default' (00000000-0000-0000-0000-000000000000), with 11 arguments
[2026-02-24 23:48:59.568 DBG] ActionQueue :: 'Default' (00000000-0000-0000-0000-000000000000) :: Enqueue action 361aa588-5f31-4e19-b8a5-099cae52479d
[2026-02-24 23:48:59.568 DBG] ActionQueue :: 'Default' (00000000-0000-0000-0000-000000000000) :: Handling queue
[2026-02-24 23:48:59.568 DBG] ActionQueue :: 'Default' (00000000-0000-0000-0000-000000000000) :: Performing non-blocking 'Sub Goal' (361aa588-5f31-4e19-b8a5-099cae52479d, 45898b79-0bb4-4334-be7e-af606134fc37)
[2026-02-24 23:49:11.075 DBG] AutoSave :: Auto saving settings...
[2026-02-24 23:49:11.097 DBG] Users :: Time to save 21.8241ms
[2026-02-24 23:49:11.121 DBG] Actions :: Time to save 23.6176ms
[2026-02-24 23:49:11.139 DBG] Commands :: Time to save 18.2181ms
[2026-02-24 23:49:11.159 DBG] Twitch Rewards :: Time to save 20.3612ms
[2026-02-24 23:49:11.172 DBG] Midi :: Time to save 12.7673ms
[2026-02-24 23:49:11.182 DBG] OBS Settings :: Time to save 10.6291ms
[2026-02-24 23:49:11.200 DBG] MeldStudio Settings :: Time to save 17.0988ms
[2026-02-24 23:49:11.210 DBG] Credits :: Time to save 10.6292ms
[2026-02-24 23:49:11.225 DBG] Quotes :: Time to save 14.3117ms
[2026-02-24 23:49:11.305 DBG] Config :: Time to save 13.8976ms
[2026-02-24 23:49:11.822 DBG] ViewerRepo :: UpdatePresence(twitch, 5), 0.0291ms
[2026-02-24 23:49:11.927 DBG] TwitchService :: Presence Timer :: Artificially updated presence with a threshold of 5 minutes (105.1366ms)
[2026-02-24 23:49:25.344 DBG] OBS :: Retrying obs connection to OBS (127.0.0.1:4455)
[2026-02-24 23:49:25.344 DBG] OBS :: Opening websocket connection to OBS (127.0.0.1:4455)
[2026-02-24 23:49:25.344 DBG] OBS-Websocket5 :: Opening connection (ws://127.0.0.1:4455/api/websocket)
[2026-02-24 23:49:27.376 DBG] OBS-Websocket5 :: Disconnected
[2026-02-24 23:49:27.376 DBG] OBS :: Disconnected from OBS (127.0.0.1:4455)
[2026-02-24 23:49:57.378 DBG] OBS :: Retrying obs connection to OBS (127.0.0.1:4455)
[2026-02-24 23:49:57.378 DBG] OBS :: Opening websocket connection to OBS (127.0.0.1:4455)
[2026-02-24 23:49:57.378 DBG] OBS-Websocket5 :: Opening connection (ws://127.0.0.1:4455/api/websocket)
[2026-02-24 23:49:59.421 DBG] OBS-Websocket5 :: Disconnected
[2026-02-24 23:49:59.421 DBG] OBS :: Disconnected from OBS (127.0.0.1:4455)
[2026-02-24 23:50:11.833 DBG] ViewerRepo :: UpdatePresence(twitch, 5), 0.0286ms
[2026-02-24 23:50:11.957 DBG] TwitchService :: Presence Timer :: Artificially updated presence with a threshold of 5 minutes (124.3477ms)
[2026-02-24 23:50:29.422 DBG] OBS :: Retrying obs connection to OBS (127.0.0.1:4455)
[2026-02-24 23:50:29.422 DBG] OBS :: Opening websocket connection to OBS (127.0.0.1:4455)
[2026-02-24 23:50:29.422 DBG] OBS-Websocket5 :: Opening connection (ws://127.0.0.1:4455/api/websocket)
[2026-02-24 23:50:31.462 DBG] OBS-Websocket5 :: Disconnected
[2026-02-24 23:50:31.462 DBG] OBS :: Disconnected from OBS (127.0.0.1:4455)
[2026-02-24 23:51:01.477 DBG] OBS :: Retrying obs connection to OBS (127.0.0.1:4455)
[2026-02-24 23:51:01.477 DBG] OBS :: Opening websocket connection to OBS (127.0.0.1:4455)
[2026-02-24 23:51:01.477 DBG] OBS-Websocket5 :: Opening connection (ws://127.0.0.1:4455/api/websocket)
[2026-02-24 23:51:03.508 DBG] OBS-Websocket5 :: Disconnected
[2026-02-24 23:51:03.508 DBG] OBS :: Disconnected from OBS (127.0.0.1:4455)
[2026-02-24 23:51:11.863 DBG] ViewerRepo :: UpdatePresence(twitch, 5), 0.0288ms
[2026-02-24 23:51:11.976 DBG] TwitchService :: Presence Timer :: Artificially updated presence with a threshold of 5 minutes (113.3282ms)
[2026-02-24 23:51:33.535 DBG] OBS :: Retrying obs connection to OBS (127.0.0.1:4455)
[2026-02-24 23:51:33.535 DBG] OBS :: Opening websocket connection to OBS (127.0.0.1:4455)
[2026-02-24 23:51:33.535 DBG] OBS-Websocket5 :: Opening connection (ws://127.0.0.1:4455/api/websocket)
[2026-02-24 23:51:35.579 DBG] OBS-Websocket5 :: Disconnected
[2026-02-24 23:51:35.579 DBG] OBS :: Disconnected from OBS (127.0.0.1:4455)
[2026-02-24 23:52:05.592 DBG] OBS :: Retrying obs connection to OBS (127.0.0.1:4455)
[2026-02-24 23:52:05.592 DBG] OBS :: Opening websocket connection to OBS (127.0.0.1:4455)
[2026-02-24 23:52:05.592 DBG] OBS-Websocket5 :: Opening connection (ws://127.0.0.1:4455/api/websocket)
[2026-02-24 23:52:07.635 DBG] OBS-Websocket5 :: Disconnected
[2026-02-24 23:52:07.635 DBG] OBS :: Disconnected from OBS (127.0.0.1:4455)
[2026-02-24 23:52:11.867 DBG] ViewerRepo :: UpdatePresence(twitch, 5), 0.0392ms
[2026-02-24 23:52:11.968 DBG] TwitchService :: Presence Timer :: Artificially updated presence with a threshold of 5 minutes (100.8897ms)
[2026-02-24 23:52:37.648 DBG] OBS :: Retrying obs connection to OBS (127.0.0.1:4455)
[2026-02-24 23:52:37.648 DBG] OBS :: Opening websocket connection to OBS (127.0.0.1:4455)
[2026-02-24 23:52:37.648 DBG] OBS-Websocket5 :: Opening connection (ws://127.0.0.1:4455/api/websocket)
[2026-02-24 23:52:39.689 DBG] OBS-Websocket5 :: Disconnected
[2026-02-24 23:52:39.689 DBG] OBS :: Disconnected from OBS (127.0.0.1:4455)
[2026-02-24 23:53:09.701 DBG] OBS :: Retrying obs connection to OBS (127.0.0.1:4455)
[2026-02-24 23:53:09.701 DBG] OBS :: Opening websocket connection to OBS (127.0.0.1:4455)
[2026-02-24 23:53:09.701 DBG] OBS-Websocket5 :: Opening connection (ws://127.0.0.1:4455/api/websocket)
[2026-02-24 23:53:11.727 DBG] OBS-Websocket5 :: Disconnected
[2026-02-24 23:53:11.727 DBG] OBS :: Disconnected from OBS (127.0.0.1:4455)
[2026-02-24 23:53:11.881 DBG] ViewerRepo :: UpdatePresence(twitch, 5), 0.0298ms
[2026-02-24 23:53:11.991 DBG] TwitchService :: Presence Timer :: Artificially updated presence with a threshold of 5 minutes (109.2799ms)
[2026-02-24 23:53:41.742 DBG] OBS :: Retrying obs connection to OBS (127.0.0.1:4455)
[2026-02-24 23:53:41.742 DBG] OBS :: Opening websocket connection to OBS (127.0.0.1:4455)
[2026-02-24 23:53:41.742 DBG] OBS-Websocket5 :: Opening connection (ws://127.0.0.1:4455/api/websocket)
[2026-02-24 23:53:43.786 DBG] OBS-Websocket5 :: Disconnected
[2026-02-24 23:53:43.786 DBG] OBS :: Disconnected from OBS (127.0.0.1:4455)
[2026-02-24 23:53:58.887 DBG] Credits :: Time to save 17.6957ms
[2026-02-24 23:54:11.315 DBG] AutoSave :: Auto saving settings...
[2026-02-24 23:54:11.329 DBG] Users :: Time to save 14.763ms
[2026-02-24 23:54:11.347 DBG] Actions :: Time to save 17.684ms
[2026-02-24 23:54:11.360 DBG] Commands :: Time to save 12.7314ms
[2026-02-24 23:54:11.377 DBG] Twitch Rewards :: Time to save 16.5597ms
[2026-02-24 23:54:11.392 DBG] Midi :: Time to save 15.6866ms
[2026-02-24 23:54:11.408 DBG] OBS Settings :: Time to save 15.8257ms
[2026-02-24 23:54:11.419 DBG] MeldStudio Settings :: Time to save 11.0069ms
[2026-02-24 23:54:11.435 DBG] Credits :: Time to save 15.1884ms
[2026-02-24 23:54:11.452 DBG] Quotes :: Time to save 16.9852ms
[2026-02-24 23:54:11.535 DBG] Config :: Time to save 17.104ms
[2026-02-24 23:54:11.895 DBG] ViewerRepo :: UpdatePresence(twitch, 5), 0.0291ms
[2026-02-24 23:54:12.020 DBG] TwitchService :: Presence Timer :: Artificially updated presence with a threshold of 5 minutes (125.4185ms)
[2026-02-24 23:54:13.798 DBG] OBS :: Retrying obs connection to OBS (127.0.0.1:4455)
[2026-02-24 23:54:13.798 DBG] OBS :: Opening websocket connection to OBS (127.0.0.1:4455)
[2026-02-24 23:54:13.798 DBG] OBS-Websocket5 :: Opening connection (ws://127.0.0.1:4455/api/websocket)
[2026-02-24 23:54:15.837 DBG] OBS-Websocket5 :: Disconnected
[2026-02-24 23:54:15.837 DBG] OBS :: Disconnected from OBS (127.0.0.1:4455)
[2026-02-24 23:54:45.850 DBG] OBS :: Retrying obs connection to OBS (127.0.0.1:4455)
[2026-02-24 23:54:45.850 DBG] OBS :: Opening websocket connection to OBS (127.0.0.1:4455)
[2026-02-24 23:54:45.850 DBG] OBS-Websocket5 :: Opening connection (ws://127.0.0.1:4455/api/websocket)
[2026-02-24 23:54:47.910 DBG] OBS-Websocket5 :: Disconnected
[2026-02-24 23:54:47.910 DBG] OBS :: Disconnected from OBS (127.0.0.1:4455)
[2026-02-24 23:55:11.909 DBG] ViewerRepo :: UpdatePresence(twitch, 5), 0.029ms
[2026-02-24 23:55:12.025 DBG] TwitchService :: Presence Timer :: Artificially updated presence with a threshold of 5 minutes (115.4913ms)
[2026-02-24 23:55:17.913 DBG] OBS :: Retrying obs connection to OBS (127.0.0.1:4455)
[2026-02-24 23:55:17.913 DBG] OBS :: Opening websocket connection to OBS (127.0.0.1:4455)
[2026-02-24 23:55:17.913 DBG] OBS-Websocket5 :: Opening connection (ws://127.0.0.1:4455/api/websocket)
[2026-02-24 23:55:19.958 DBG] OBS-Websocket5 :: Disconnected
[2026-02-24 23:55:19.958 DBG] OBS :: Disconnected from OBS (127.0.0.1:4455)
[2026-02-24 23:55:49.971 DBG] OBS :: Retrying obs connection to OBS (127.0.0.1:4455)
[2026-02-24 23:55:49.971 DBG] OBS :: Opening websocket connection to OBS (127.0.0.1:4455)
[2026-02-24 23:55:49.971 DBG] OBS-Websocket5 :: Opening connection (ws://127.0.0.1:4455/api/websocket)
[2026-02-24 23:55:52.011 DBG] OBS-Websocket5 :: Disconnected
[2026-02-24 23:55:52.011 DBG] OBS :: Disconnected from OBS (127.0.0.1:4455)
[2026-02-24 23:56:11.919 DBG] ViewerRepo :: UpdatePresence(twitch, 5), 0.0305ms
[2026-02-24 23:56:12.038 DBG] TwitchService :: Presence Timer :: Artificially updated presence with a threshold of 5 minutes (119.3517ms)
[2026-02-24 23:56:22.035 DBG] OBS :: Retrying obs connection to OBS (127.0.0.1:4455)
[2026-02-24 23:56:22.035 DBG] OBS :: Opening websocket connection to OBS (127.0.0.1:4455)
[2026-02-24 23:56:22.035 DBG] OBS-Websocket5 :: Opening connection (ws://127.0.0.1:4455/api/websocket)
[2026-02-24 23:56:24.077 DBG] OBS-Websocket5 :: Disconnected
[2026-02-24 23:56:24.077 DBG] OBS :: Disconnected from OBS (127.0.0.1:4455)
[2026-02-24 23:56:54.088 DBG] OBS :: Retrying obs connection to OBS (127.0.0.1:4455)
[2026-02-24 23:56:54.088 DBG] OBS :: Opening websocket connection to OBS (127.0.0.1:4455)
[2026-02-24 23:56:54.088 DBG] OBS-Websocket5 :: Opening connection (ws://127.0.0.1:4455/api/websocket)
[2026-02-24 23:56:56.138 DBG] OBS-Websocket5 :: Disconnected
[2026-02-24 23:56:56.138 DBG] OBS :: Disconnected from OBS (127.0.0.1:4455)
[2026-02-24 23:57:11.919 DBG] ViewerRepo :: UpdatePresence(twitch, 5), 0.0288ms
[2026-02-24 23:57:12.034 DBG] TwitchService :: Presence Timer :: Artificially updated presence with a threshold of 5 minutes (115.6309ms)
[2026-02-24 23:57:26.142 DBG] OBS :: Retrying obs connection to OBS (127.0.0.1:4455)
[2026-02-24 23:57:26.142 DBG] OBS :: Opening websocket connection to OBS (127.0.0.1:4455)
[2026-02-24 23:57:26.142 DBG] OBS-Websocket5 :: Opening connection (ws://127.0.0.1:4455/api/websocket)
[2026-02-24 23:57:28.187 DBG] OBS-Websocket5 :: Disconnected
[2026-02-24 23:57:28.187 DBG] OBS :: Disconnected from OBS (127.0.0.1:4455)
[2026-02-24 23:57:58.193 DBG] OBS :: Retrying obs connection to OBS (127.0.0.1:4455)
[2026-02-24 23:57:58.193 DBG] OBS :: Opening websocket connection to OBS (127.0.0.1:4455)
[2026-02-24 23:57:58.193 DBG] OBS-Websocket5 :: Opening connection (ws://127.0.0.1:4455/api/websocket)
[2026-02-24 23:58:00.235 DBG] OBS-Websocket5 :: Disconnected
[2026-02-24 23:58:00.235 DBG] OBS :: Disconnected from OBS (127.0.0.1:4455)
[2026-02-24 23:58:11.930 DBG] ViewerRepo :: UpdatePresence(twitch, 5), 0.0303ms
[2026-02-24 23:58:12.038 DBG] TwitchService :: Presence Timer :: Artificially updated presence with a threshold of 5 minutes (108.0401ms)
[2026-02-24 23:58:30.247 DBG] OBS :: Retrying obs connection to OBS (127.0.0.1:4455)
[2026-02-24 23:58:30.247 DBG] OBS :: Opening websocket connection to OBS (127.0.0.1:4455)
[2026-02-24 23:58:30.247 DBG] OBS-Websocket5 :: Opening connection (ws://127.0.0.1:4455/api/websocket)
[2026-02-24 23:58:32.291 DBG] OBS-Websocket5 :: Disconnected
[2026-02-24 23:58:32.291 DBG] OBS :: Disconnected from OBS (127.0.0.1:4455)
[2026-02-24 23:58:58.887 DBG] Credits :: Time to save 13.0625ms
[2026-02-24 23:59:00.560 DBG] ActionDispatcher :: Queueing 'Sub Goal' (361aa588-5f31-4e19-b8a5-099cae52479d, TimedAction) to 'Default' (00000000-0000-0000-0000-000000000000), with 11 arguments
[2026-02-24 23:59:00.560 DBG] ActionQueue :: 'Default' (00000000-0000-0000-0000-000000000000) :: Enqueue action 361aa588-5f31-4e19-b8a5-099cae52479d
[2026-02-24 23:59:00.560 DBG] ActionQueue :: 'Default' (00000000-0000-0000-0000-000000000000) :: Handling queue
[2026-02-24 23:59:00.561 DBG] ActionQueue :: 'Default' (00000000-0000-0000-0000-000000000000) :: Performing non-blocking 'Sub Goal' (361aa588-5f31-4e19-b8a5-099cae52479d, cdc32c9b-d3d1-4abf-b84d-d96ae3b5c6a9)
[2026-02-24 23:59:02.292 DBG] OBS :: Retrying obs connection to OBS (127.0.0.1:4455)
[2026-02-24 23:59:02.292 DBG] OBS :: Opening websocket connection to OBS (127.0.0.1:4455)
[2026-02-24 23:59:02.292 DBG] OBS-Websocket5 :: Opening connection (ws://127.0.0.1:4455/api/websocket)
[2026-02-24 23:59:04.334 DBG] OBS-Websocket5 :: Disconnected
[2026-02-24 23:59:04.334 DBG] OBS :: Disconnected from OBS (127.0.0.1:4455)
[2026-02-24 23:59:11.569 DBG] AutoSave :: Auto saving settings...
[2026-02-24 23:59:11.590 DBG] Users :: Time to save 21.0449ms
[2026-02-24 23:59:11.615 DBG] Actions :: Time to save 25.0248ms
[2026-02-24 23:59:11.633 DBG] Commands :: Time to save 18.3353ms
[2026-02-24 23:59:11.651 DBG] Twitch Rewards :: Time to save 17.9846ms
[2026-02-24 23:59:11.669 DBG] Midi :: Time to save 17.1315ms
[2026-02-24 23:59:11.685 DBG] OBS Settings :: Time to save 16.0162ms
[2026-02-24 23:59:11.701 DBG] MeldStudio Settings :: Time to save 16.7745ms
[2026-02-24 23:59:11.718 DBG] Credits :: Time to save 16.9703ms
[2026-02-24 23:59:11.736 DBG] Quotes :: Time to save 17.7247ms
[2026-02-24 23:59:11.793 DBG] Config :: Time to save 20.9517ms
[2026-02-24 23:59:11.943 DBG] ViewerRepo :: UpdatePresence(twitch, 5), 0.0297ms
[2026-02-24 23:59:12.533 DBG] TwitchService :: Presence Timer :: Artificially updated presence with a threshold of 5 minutes (591.1003ms)
[2026-02-24 23:59:34.344 DBG] OBS :: Retrying obs connection to OBS (127.0.0.1:4455)
[2026-02-24 23:59:34.344 DBG] OBS :: Opening websocket connection to OBS (127.0.0.1:4455)
[2026-02-24 23:59:34.344 DBG] OBS-Websocket5 :: Opening connection (ws://127.0.0.1:4455/api/websocket)
[2026-02-24 23:59:36.399 DBG] OBS-Websocket5 :: Disconnected
[2026-02-24 23:59:36.399 DBG] OBS :: Disconnected from OBS (127.0.0.1:4455)
