[2026-03-21 00:00:26.175 DBG] ViewerRepo :: UpdatePresence(twitch, 5), 0.0374ms
[2026-03-21 00:00:26.266 DBG] TwitchService :: Presence Timer :: Artificially updated presence with a threshold of 5 minutes (91.7358ms)
[2026-03-21 00:01:26.184 DBG] ViewerRepo :: UpdatePresence(twitch, 5), 0.0369ms
[2026-03-21 00:01:26.280 DBG] TwitchService :: Presence Timer :: Artificially updated presence with a threshold of 5 minutes (95.289ms)
[2026-03-21 00:02:26.194 DBG] ViewerRepo :: UpdatePresence(twitch, 5), 0.0353ms
[2026-03-21 00:02:26.290 DBG] TwitchService :: Presence Timer :: Artificially updated presence with a threshold of 5 minutes (96.3796ms)
[2026-03-21 00:03:26.208 DBG] ViewerRepo :: UpdatePresence(twitch, 5), 0.0352ms
[2026-03-21 00:03:26.305 DBG] TwitchService :: Presence Timer :: Artificially updated presence with a threshold of 5 minutes (98.2733ms)
[2026-03-21 00:04:14.055 DBG] Credits :: Time to save 16.6703ms
[2026-03-21 00:04:26.223 DBG] ViewerRepo :: UpdatePresence(twitch, 5), 0.0351ms
[2026-03-21 00:04:26.316 DBG] TwitchService :: Presence Timer :: Artificially updated presence with a threshold of 5 minutes (93.1557ms)
[2026-03-21 00:04:39.959 DBG] AutoSave :: Auto saving settings...
[2026-03-21 00:04:39.977 DBG] Users :: Time to save 16.9731ms
[2026-03-21 00:04:39.997 DBG] Actions :: Time to save 20.5687ms
[2026-03-21 00:04:40.013 DBG] Commands :: Time to save 16.3171ms
[2026-03-21 00:04:40.031 DBG] Twitch Rewards :: Time to save 17.1996ms
[2026-03-21 00:04:40.044 DBG] Midi :: Time to save 13.6967ms
[2026-03-21 00:04:40.058 DBG] OBS Settings :: Time to save 13.4385ms
[2026-03-21 00:04:40.072 DBG] MeldStudio Settings :: Time to save 13.7083ms
[2026-03-21 00:04:40.085 DBG] Credits :: Time to save 13.2366ms
[2026-03-21 00:04:40.101 DBG] Quotes :: Time to save 15.5926ms
[2026-03-21 00:04:40.179 DBG] Config :: Time to save 17.8156ms
[2026-03-21 00:05:26.233 DBG] ViewerRepo :: UpdatePresence(twitch, 5), 0.0364ms
[2026-03-21 00:05:26.335 DBG] TwitchService :: Presence Timer :: Artificially updated presence with a threshold of 5 minutes (102.6158ms)
[2026-03-21 00:06:26.235 DBG] ViewerRepo :: UpdatePresence(twitch, 5), 0.0374ms
[2026-03-21 00:06:26.330 DBG] TwitchService :: Presence Timer :: Artificially updated presence with a threshold of 5 minutes (94.5118ms)
[2026-03-21 00:07:26.241 DBG] ViewerRepo :: UpdatePresence(twitch, 5), 0.0357ms
[2026-03-21 00:07:26.335 DBG] TwitchService :: Presence Timer :: Artificially updated presence with a threshold of 5 minutes (95.1447ms)
[2026-03-21 00:08:26.253 DBG] ViewerRepo :: UpdatePresence(twitch, 5), 0.0354ms
[2026-03-21 00:08:26.347 DBG] TwitchService :: Presence Timer :: Artificially updated presence with a threshold of 5 minutes (93.3328ms)
[2026-03-21 00:09:14.058 DBG] Credits :: Time to save 16.3659ms
[2026-03-21 00:09:26.264 DBG] ViewerRepo :: UpdatePresence(twitch, 5), 0.0371ms
[2026-03-21 00:09:26.359 DBG] TwitchService :: Presence Timer :: Artificially updated presence with a threshold of 5 minutes (96.5628ms)
[2026-03-21 00:09:35.970 DBG] ActionDispatcher :: Queueing 'Sub Goal' (361aa588-5f31-4e19-b8a5-099cae52479d, TimedAction) to 'Default' (00000000-0000-0000-0000-000000000000), with 11 arguments
[2026-03-21 00:09:35.970 DBG] ActionQueue :: 'Default' (00000000-0000-0000-0000-000000000000) :: Enqueue action 361aa588-5f31-4e19-b8a5-099cae52479d
[2026-03-21 00:09:35.970 DBG] ActionQueue :: 'Default' (00000000-0000-0000-0000-000000000000) :: Handling queue
[2026-03-21 00:09:35.970 DBG] ActionQueue :: 'Default' (00000000-0000-0000-0000-000000000000) :: Performing non-blocking 'Sub Goal' (361aa588-5f31-4e19-b8a5-099cae52479d, 2ed954b2-4059-4614-bf52-f5941e75af8e)
[2026-03-21 00:09:40.171 DBG] AutoSave :: Auto saving settings...
[2026-03-21 00:09:40.189 DBG] Users :: Time to save 18.071ms
[2026-03-21 00:09:40.213 DBG] Actions :: Time to save 24.1778ms
[2026-03-21 00:09:40.225 DBG] Commands :: Time to save 12.279ms
[2026-03-21 00:09:40.238 DBG] Twitch Rewards :: Time to save 13.6777ms
[2026-03-21 00:09:40.253 DBG] Midi :: Time to save 14.4297ms
[2026-03-21 00:09:40.263 DBG] OBS Settings :: Time to save 10.3312ms
[2026-03-21 00:09:40.278 DBG] MeldStudio Settings :: Time to save 14.4437ms
[2026-03-21 00:09:40.289 DBG] Credits :: Time to save 10.8342ms
[2026-03-21 00:09:40.301 DBG] Quotes :: Time to save 11.6761ms
[2026-03-21 00:09:40.391 DBG] Config :: Time to save 17.3235ms
[2026-03-21 00:10:26.276 DBG] ViewerRepo :: UpdatePresence(twitch, 5), 0.0603ms
[2026-03-21 00:10:26.372 DBG] TwitchService :: Presence Timer :: Artificially updated presence with a threshold of 5 minutes (96.2199ms)
[2026-03-21 00:11:26.284 DBG] ViewerRepo :: UpdatePresence(twitch, 5), 0.0357ms
[2026-03-21 00:11:26.381 DBG] TwitchService :: Presence Timer :: Artificially updated presence with a threshold of 5 minutes (97.7968ms)
[2026-03-21 00:12:26.286 DBG] ViewerRepo :: UpdatePresence(twitch, 5), 0.0357ms
[2026-03-21 00:12:26.392 DBG] TwitchService :: Presence Timer :: Artificially updated presence with a threshold of 5 minutes (106.5003ms)
[2026-03-21 00:13:26.287 DBG] ViewerRepo :: UpdatePresence(twitch, 5), 0.0343ms
[2026-03-21 00:13:26.381 DBG] TwitchService :: Presence Timer :: Artificially updated presence with a threshold of 5 minutes (93.8808ms)
[2026-03-21 00:14:14.069 DBG] Credits :: Time to save 16.2617ms
[2026-03-21 00:14:26.302 DBG] ViewerRepo :: UpdatePresence(twitch, 5), 0.0497ms
[2026-03-21 00:14:26.395 DBG] TwitchService :: Presence Timer :: Artificially updated presence with a threshold of 5 minutes (92.4558ms)
[2026-03-21 00:14:40.363 DBG] AutoSave :: Auto saving settings...
[2026-03-21 00:14:40.376 DBG] Users :: Time to save 13.5289ms
[2026-03-21 00:14:40.399 DBG] Actions :: Time to save 23.312ms
[2026-03-21 00:14:40.412 DBG] Commands :: Time to save 11.3031ms
[2026-03-21 00:14:40.423 DBG] Twitch Rewards :: Time to save 11.8828ms
[2026-03-21 00:14:40.436 DBG] Midi :: Time to save 13.2454ms
[2026-03-21 00:14:40.448 DBG] OBS Settings :: Time to save 11.3907ms
[2026-03-21 00:14:40.457 DBG] MeldStudio Settings :: Time to save 9.5407ms
[2026-03-21 00:14:40.468 DBG] Credits :: Time to save 9.9892ms
[2026-03-21 00:14:40.481 DBG] Quotes :: Time to save 14.6921ms
[2026-03-21 00:14:40.584 DBG] Config :: Time to save 17.6619ms
[2026-03-21 00:15:26.315 DBG] ViewerRepo :: UpdatePresence(twitch, 5), 0.0607ms
[2026-03-21 00:15:26.411 DBG] TwitchService :: Presence Timer :: Artificially updated presence with a threshold of 5 minutes (96.1468ms)
[2026-03-21 00:16:26.330 DBG] ViewerRepo :: UpdatePresence(twitch, 5), 0.0388ms
[2026-03-21 00:16:26.426 DBG] TwitchService :: Presence Timer :: Artificially updated presence with a threshold of 5 minutes (96.2203ms)
[2026-03-21 00:17:26.334 DBG] ViewerRepo :: UpdatePresence(twitch, 5), 0.0346ms
[2026-03-21 00:17:26.423 DBG] TwitchService :: Presence Timer :: Artificially updated presence with a threshold of 5 minutes (89.6442ms)
[2026-03-21 00:18:26.348 DBG] ViewerRepo :: UpdatePresence(twitch, 5), 0.0344ms
[2026-03-21 00:18:26.444 DBG] TwitchService :: Presence Timer :: Artificially updated presence with a threshold of 5 minutes (95.5652ms)
[2026-03-21 00:19:14.082 DBG] Credits :: Time to save 14.627ms
[2026-03-21 00:19:26.355 DBG] ViewerRepo :: UpdatePresence(twitch, 5), 0.0471ms
[2026-03-21 00:19:26.891 DBG] TwitchService :: Presence Timer :: Artificially updated presence with a threshold of 5 minutes (536.216ms)
[2026-03-21 00:19:36.874 DBG] ActionDispatcher :: Queueing 'Sub Goal' (361aa588-5f31-4e19-b8a5-099cae52479d, TimedAction) to 'Default' (00000000-0000-0000-0000-000000000000), with 11 arguments
[2026-03-21 00:19:36.874 DBG] ActionQueue :: 'Default' (00000000-0000-0000-0000-000000000000) :: Enqueue action 361aa588-5f31-4e19-b8a5-099cae52479d
[2026-03-21 00:19:36.874 DBG] ActionQueue :: 'Default' (00000000-0000-0000-0000-000000000000) :: Handling queue
[2026-03-21 00:19:36.874 DBG] ActionQueue :: 'Default' (00000000-0000-0000-0000-000000000000) :: Performing non-blocking 'Sub Goal' (361aa588-5f31-4e19-b8a5-099cae52479d, 1651dd4f-e4e3-4461-8ae8-c37cfa58a084)
[2026-03-21 00:19:40.555 DBG] AutoSave :: Auto saving settings...
[2026-03-21 00:19:40.572 DBG] Users :: Time to save 18.261ms
[2026-03-21 00:19:40.596 DBG] Actions :: Time to save 23.2362ms
[2026-03-21 00:19:40.612 DBG] Commands :: Time to save 15.4233ms
[2026-03-21 00:19:40.626 DBG] Twitch Rewards :: Time to save 14.9288ms
[2026-03-21 00:19:40.640 DBG] Midi :: Time to save 13.3224ms
[2026-03-21 00:19:40.653 DBG] OBS Settings :: Time to save 13.4207ms
[2026-03-21 00:19:40.664 DBG] MeldStudio Settings :: Time to save 11.9491ms
[2026-03-21 00:19:40.674 DBG] Credits :: Time to save 9.5213ms
[2026-03-21 00:19:40.689 DBG] Quotes :: Time to save 14.7397ms
[2026-03-21 00:19:40.777 DBG] Config :: Time to save 18.1323ms
[2026-03-21 00:20:26.362 DBG] ViewerRepo :: UpdatePresence(twitch, 5), 0.0412ms
[2026-03-21 00:20:26.460 DBG] TwitchService :: Presence Timer :: Artificially updated presence with a threshold of 5 minutes (97.598ms)
[2026-03-21 00:21:26.363 DBG] ViewerRepo :: UpdatePresence(twitch, 5), 0.0354ms
[2026-03-21 00:21:26.456 DBG] TwitchService :: Presence Timer :: Artificially updated presence with a threshold of 5 minutes (92.8286ms)
[2026-03-21 00:22:26.377 DBG] ViewerRepo :: UpdatePresence(twitch, 5), 0.0385ms
[2026-03-21 00:22:26.477 DBG] TwitchService :: Presence Timer :: Artificially updated presence with a threshold of 5 minutes (100.0265ms)
[2026-03-21 00:23:26.390 DBG] ViewerRepo :: UpdatePresence(twitch, 5), 0.0396ms
[2026-03-21 00:23:26.481 DBG] TwitchService :: Presence Timer :: Artificially updated presence with a threshold of 5 minutes (90.7088ms)
[2026-03-21 00:24:14.085 DBG] Credits :: Time to save 16.5235ms
[2026-03-21 00:24:26.391 DBG] ViewerRepo :: UpdatePresence(twitch, 5), 0.0342ms
[2026-03-21 00:24:26.487 DBG] TwitchService :: Presence Timer :: Artificially updated presence with a threshold of 5 minutes (94.6012ms)
[2026-03-21 00:24:40.800 DBG] AutoSave :: Auto saving settings...
[2026-03-21 00:24:40.819 DBG] Users :: Time to save 19.5516ms
[2026-03-21 00:24:40.843 DBG] Actions :: Time to save 24.2124ms
[2026-03-21 00:24:40.860 DBG] Commands :: Time to save 16.6098ms
[2026-03-21 00:24:40.877 DBG] Twitch Rewards :: Time to save 16.6957ms
[2026-03-21 00:24:40.891 DBG] Midi :: Time to save 14.0949ms
[2026-03-21 00:24:40.905 DBG] OBS Settings :: Time to save 13.6207ms
[2026-03-21 00:24:40.919 DBG] MeldStudio Settings :: Time to save 13.5713ms
[2026-03-21 00:24:40.932 DBG] Credits :: Time to save 13.7085ms
[2026-03-21 00:24:40.948 DBG] Quotes :: Time to save 15.8336ms
[2026-03-21 00:24:41.016 DBG] Config :: Time to save 12.7113ms
[2026-03-21 00:25:26.392 DBG] ViewerRepo :: UpdatePresence(twitch, 5), 0.0362ms
[2026-03-21 00:25:26.488 DBG] TwitchService :: Presence Timer :: Artificially updated presence with a threshold of 5 minutes (95.8071ms)
[2026-03-21 00:26:26.402 DBG] ViewerRepo :: UpdatePresence(twitch, 5), 0.0338ms
[2026-03-21 00:26:26.496 DBG] TwitchService :: Presence Timer :: Artificially updated presence with a threshold of 5 minutes (93.707ms)
[2026-03-21 00:26:50.322 DBG] Streamer.bot Website Socket :: Disconnected
[2026-03-21 00:26:50.323 INF] Streamer.bot Service :: Disconnected from Website Client
[2026-03-21 00:26:52.338 DBG] Streamer.bot Service :: Retrying website client connection
[2026-03-21 00:26:52.338 INF] Streamer.bot Service :: Connecting to Website Client
[2026-03-21 00:26:52.338 DBG] Streamer.bot Website Socket :: Opening connection
[2026-03-21 00:26:52.607 INF] Streamer.bot Service :: Website Client authenticated
[2026-03-21 00:26:52.607 INF] Streamer.bot Service :: Connected to Website Client
[2026-03-21 00:27:26.403 DBG] ViewerRepo :: UpdatePresence(twitch, 5), 0.0352ms
[2026-03-21 00:27:26.493 DBG] TwitchService :: Presence Timer :: Artificially updated presence with a threshold of 5 minutes (90.7538ms)
[2026-03-21 00:28:26.417 DBG] ViewerRepo :: UpdatePresence(twitch, 5), 0.0615ms
[2026-03-21 00:28:26.514 DBG] TwitchService :: Presence Timer :: Artificially updated presence with a threshold of 5 minutes (97.1928ms)
[2026-03-21 00:29:14.098 DBG] Credits :: Time to save 15.2898ms
[2026-03-21 00:29:26.422 DBG] ViewerRepo :: UpdatePresence(twitch, 5), 0.0474ms
[2026-03-21 00:29:26.517 DBG] TwitchService :: Presence Timer :: Artificially updated presence with a threshold of 5 minutes (95.2219ms)
[2026-03-21 00:29:37.538 DBG] ActionDispatcher :: Queueing 'Sub Goal' (361aa588-5f31-4e19-b8a5-099cae52479d, TimedAction) to 'Default' (00000000-0000-0000-0000-000000000000), with 11 arguments
[2026-03-21 00:29:37.538 DBG] ActionQueue :: 'Default' (00000000-0000-0000-0000-000000000000) :: Enqueue action 361aa588-5f31-4e19-b8a5-099cae52479d
[2026-03-21 00:29:37.538 DBG] ActionQueue :: 'Default' (00000000-0000-0000-0000-000000000000) :: Handling queue
[2026-03-21 00:29:37.538 DBG] ActionQueue :: 'Default' (00000000-0000-0000-0000-000000000000) :: Performing non-blocking 'Sub Goal' (361aa588-5f31-4e19-b8a5-099cae52479d, 7ec87168-de4b-48fb-908f-69651fbba3bd)
[2026-03-21 00:29:41.039 DBG] AutoSave :: Auto saving settings...
[2026-03-21 00:29:41.057 DBG] Users :: Time to save 17.7194ms
[2026-03-21 00:29:41.079 DBG] Actions :: Time to save 22.3342ms
[2026-03-21 00:29:41.094 DBG] Commands :: Time to save 15.7248ms
[2026-03-21 00:29:41.111 DBG] Twitch Rewards :: Time to save 16.8511ms
[2026-03-21 00:29:41.126 DBG] Midi :: Time to save 14.4508ms
[2026-03-21 00:29:41.140 DBG] OBS Settings :: Time to save 13.6862ms
[2026-03-21 00:29:41.153 DBG] MeldStudio Settings :: Time to save 13.5662ms
[2026-03-21 00:29:41.167 DBG] Credits :: Time to save 13.1105ms
[2026-03-21 00:29:41.182 DBG] Quotes :: Time to save 15.801ms
[2026-03-21 00:29:41.254 DBG] Config :: Time to save 12.7768ms
[2026-03-21 00:30:26.427 DBG] ViewerRepo :: UpdatePresence(twitch, 5), 0.035ms
[2026-03-21 00:30:26.519 DBG] TwitchService :: Presence Timer :: Artificially updated presence with a threshold of 5 minutes (92.7486ms)
[2026-03-21 00:31:26.443 DBG] ViewerRepo :: UpdatePresence(twitch, 5), 0.0392ms
[2026-03-21 00:31:26.533 DBG] TwitchService :: Presence Timer :: Artificially updated presence with a threshold of 5 minutes (90.1755ms)
[2026-03-21 00:32:26.454 DBG] ViewerRepo :: UpdatePresence(twitch, 5), 0.0675ms
[2026-03-21 00:32:26.550 DBG] TwitchService :: Presence Timer :: Artificially updated presence with a threshold of 5 minutes (96.6448ms)
[2026-03-21 00:33:26.464 DBG] ViewerRepo :: UpdatePresence(twitch, 5), 0.0344ms
[2026-03-21 00:33:26.554 DBG] TwitchService :: Presence Timer :: Artificially updated presence with a threshold of 5 minutes (90.1594ms)
[2026-03-21 00:34:14.101 DBG] Credits :: Time to save 15.5329ms
[2026-03-21 00:34:26.478 DBG] ViewerRepo :: UpdatePresence(twitch, 5), 0.0487ms
[2026-03-21 00:34:26.569 DBG] TwitchService :: Presence Timer :: Artificially updated presence with a threshold of 5 minutes (91.3697ms)
[2026-03-21 00:34:41.255 DBG] AutoSave :: Auto saving settings...
[2026-03-21 00:34:41.274 DBG] Users :: Time to save 20.2114ms
[2026-03-21 00:34:41.298 DBG] Actions :: Time to save 22.3696ms
[2026-03-21 00:34:41.313 DBG] Commands :: Time to save 15.5402ms
[2026-03-21 00:34:41.329 DBG] Twitch Rewards :: Time to save 15.3173ms
[2026-03-21 00:34:41.342 DBG] Midi :: Time to save 14.1648ms
[2026-03-21 00:34:41.356 DBG] OBS Settings :: Time to save 14.1635ms
[2026-03-21 00:34:41.367 DBG] MeldStudio Settings :: Time to save 10.5779ms
[2026-03-21 00:34:41.380 DBG] Credits :: Time to save 12.1898ms
[2026-03-21 00:34:41.395 DBG] Quotes :: Time to save 15.3883ms
[2026-03-21 00:34:41.474 DBG] Config :: Time to save 18.5545ms
[2026-03-21 00:35:26.488 DBG] ViewerRepo :: UpdatePresence(twitch, 5), 0.0373ms
[2026-03-21 00:35:26.589 DBG] TwitchService :: Presence Timer :: Artificially updated presence with a threshold of 5 minutes (100.7366ms)
[2026-03-21 00:36:26.504 DBG] ViewerRepo :: UpdatePresence(twitch, 5), 0.0891ms
[2026-03-21 00:36:26.595 DBG] TwitchService :: Presence Timer :: Artificially updated presence with a threshold of 5 minutes (91.8967ms)
[2026-03-21 00:37:26.507 DBG] ViewerRepo :: UpdatePresence(twitch, 5), 0.038ms
[2026-03-21 00:37:26.599 DBG] TwitchService :: Presence Timer :: Artificially updated presence with a threshold of 5 minutes (91.4095ms)
[2026-03-21 00:38:26.519 DBG] ViewerRepo :: UpdatePresence(twitch, 5), 0.0359ms
[2026-03-21 00:38:26.612 DBG] TwitchService :: Presence Timer :: Artificially updated presence with a threshold of 5 minutes (92.6571ms)
[2026-03-21 00:39:14.113 DBG] Credits :: Time to save 16.5926ms
[2026-03-21 00:39:26.522 DBG] ViewerRepo :: UpdatePresence(twitch, 5), 0.0381ms
[2026-03-21 00:39:26.613 DBG] TwitchService :: Presence Timer :: Artificially updated presence with a threshold of 5 minutes (91.1723ms)
[2026-03-21 00:39:38.487 DBG] ActionDispatcher :: Queueing 'Sub Goal' (361aa588-5f31-4e19-b8a5-099cae52479d, TimedAction) to 'Default' (00000000-0000-0000-0000-000000000000), with 11 arguments
[2026-03-21 00:39:38.487 DBG] ActionQueue :: 'Default' (00000000-0000-0000-0000-000000000000) :: Enqueue action 361aa588-5f31-4e19-b8a5-099cae52479d
[2026-03-21 00:39:38.487 DBG] ActionQueue :: 'Default' (00000000-0000-0000-0000-000000000000) :: Handling queue
[2026-03-21 00:39:38.487 DBG] ActionQueue :: 'Default' (00000000-0000-0000-0000-000000000000) :: Performing non-blocking 'Sub Goal' (361aa588-5f31-4e19-b8a5-099cae52479d, 65681e8d-e525-49fa-a30b-5ea20c8c27cd)
[2026-03-21 00:39:41.499 DBG] AutoSave :: Auto saving settings...
[2026-03-21 00:39:41.517 DBG] Users :: Time to save 17.956ms
[2026-03-21 00:39:41.533 DBG] Actions :: Time to save 16.8735ms
[2026-03-21 00:39:41.544 DBG] Commands :: Time to save 11.3724ms
[2026-03-21 00:39:41.562 DBG] Twitch Rewards :: Time to save 16.4692ms
[2026-03-21 00:39:41.571 DBG] Midi :: Time to save 9.5039ms
[2026-03-21 00:39:41.582 DBG] OBS Settings :: Time to save 11.8221ms
[2026-03-21 00:39:41.593 DBG] MeldStudio Settings :: Time to save 9.8063ms
[2026-03-21 00:39:41.602 DBG] Credits :: Time to save 9.5733ms
[2026-03-21 00:39:41.614 DBG] Quotes :: Time to save 12.4972ms
[2026-03-21 00:39:41.714 DBG] Config :: Time to save 12.7483ms
[2026-03-21 00:40:26.536 DBG] ViewerRepo :: UpdatePresence(twitch, 5), 0.0627ms
[2026-03-21 00:40:26.635 DBG] TwitchService :: Presence Timer :: Artificially updated presence with a threshold of 5 minutes (99.0568ms)
[2026-03-21 00:41:26.539 DBG] ViewerRepo :: UpdatePresence(twitch, 5), 0.0345ms
[2026-03-21 00:41:26.638 DBG] TwitchService :: Presence Timer :: Artificially updated presence with a threshold of 5 minutes (99.465ms)
[2026-03-21 00:42:26.546 DBG] ViewerRepo :: UpdatePresence(twitch, 5), 0.0365ms
[2026-03-21 00:42:26.642 DBG] TwitchService :: Presence Timer :: Artificially updated presence with a threshold of 5 minutes (95.9973ms)
[2026-03-21 00:43:26.552 DBG] ViewerRepo :: UpdatePresence(twitch, 5), 0.0385ms
[2026-03-21 00:43:26.643 DBG] TwitchService :: Presence Timer :: Artificially updated presence with a threshold of 5 minutes (91.9771ms)
[2026-03-21 00:44:14.124 DBG] Credits :: Time to save 11.4996ms
[2026-03-21 00:44:26.562 DBG] ViewerRepo :: UpdatePresence(twitch, 5), 0.0338ms
[2026-03-21 00:44:26.656 DBG] TwitchService :: Presence Timer :: Artificially updated presence with a threshold of 5 minutes (93.6541ms)
[2026-03-21 00:44:41.705 DBG] AutoSave :: Auto saving settings...
[2026-03-21 00:44:41.723 DBG] Users :: Time to save 18.0639ms
[2026-03-21 00:44:41.746 DBG] Actions :: Time to save 23.2142ms
[2026-03-21 00:44:41.762 DBG] Commands :: Time to save 16.429ms
[2026-03-21 00:44:41.779 DBG] Twitch Rewards :: Time to save 15.9883ms
[2026-03-21 00:44:41.792 DBG] Midi :: Time to save 13.4306ms
[2026-03-21 00:44:41.806 DBG] OBS Settings :: Time to save 13.1633ms
[2026-03-21 00:44:41.815 DBG] MeldStudio Settings :: Time to save 9.9026ms
[2026-03-21 00:44:41.829 DBG] Credits :: Time to save 13.4174ms
[2026-03-21 00:44:41.844 DBG] Quotes :: Time to save 15.1211ms
[2026-03-21 00:44:41.922 DBG] Config :: Time to save 14.6886ms
[2026-03-21 00:45:26.571 DBG] ViewerRepo :: UpdatePresence(twitch, 5), 0.0354ms
[2026-03-21 00:45:26.667 DBG] TwitchService :: Presence Timer :: Artificially updated presence with a threshold of 5 minutes (95.6908ms)
[2026-03-21 00:46:26.578 DBG] ViewerRepo :: UpdatePresence(twitch, 5), 0.035ms
[2026-03-21 00:46:26.672 DBG] TwitchService :: Presence Timer :: Artificially updated presence with a threshold of 5 minutes (94.4722ms)
[2026-03-21 00:47:26.584 DBG] ViewerRepo :: UpdatePresence(twitch, 5), 0.0382ms
[2026-03-21 00:47:26.687 DBG] TwitchService :: Presence Timer :: Artificially updated presence with a threshold of 5 minutes (103.5045ms)
[2026-03-21 00:48:26.587 DBG] ViewerRepo :: UpdatePresence(twitch, 5), 0.0341ms
[2026-03-21 00:48:26.678 DBG] TwitchService :: Presence Timer :: Artificially updated presence with a threshold of 5 minutes (91.5579ms)
[2026-03-21 00:49:14.128 DBG] Credits :: Time to save 15.6328ms
[2026-03-21 00:49:26.603 DBG] ViewerRepo :: UpdatePresence(twitch, 5), 0.0402ms
[2026-03-21 00:49:26.697 DBG] TwitchService :: Presence Timer :: Artificially updated presence with a threshold of 5 minutes (94.4054ms)
[2026-03-21 00:49:39.364 DBG] ActionDispatcher :: Queueing 'Sub Goal' (361aa588-5f31-4e19-b8a5-099cae52479d, TimedAction) to 'Default' (00000000-0000-0000-0000-000000000000), with 11 arguments
[2026-03-21 00:49:39.364 DBG] ActionQueue :: 'Default' (00000000-0000-0000-0000-000000000000) :: Enqueue action 361aa588-5f31-4e19-b8a5-099cae52479d
[2026-03-21 00:49:39.364 DBG] ActionQueue :: 'Default' (00000000-0000-0000-0000-000000000000) :: Handling queue
[2026-03-21 00:49:39.364 DBG] ActionQueue :: 'Default' (00000000-0000-0000-0000-000000000000) :: Performing non-blocking 'Sub Goal' (361aa588-5f31-4e19-b8a5-099cae52479d, 04f789bb-7280-4c56-8595-a93026db2c7b)
[2026-03-21 00:49:41.938 DBG] AutoSave :: Auto saving settings...
[2026-03-21 00:49:41.957 DBG] Users :: Time to save 19.1537ms
[2026-03-21 00:49:41.980 DBG] Actions :: Time to save 22.992ms
[2026-03-21 00:49:41.997 DBG] Commands :: Time to save 17.1864ms
[2026-03-21 00:49:42.013 DBG] Twitch Rewards :: Time to save 15.4788ms
[2026-03-21 00:49:42.024 DBG] Midi :: Time to save 13.0578ms
[2026-03-21 00:49:42.039 DBG] OBS Settings :: Time to save 13.1907ms
[2026-03-21 00:49:42.052 DBG] MeldStudio Settings :: Time to save 13.114ms
[2026-03-21 00:49:42.065 DBG] Credits :: Time to save 13.1066ms
[2026-03-21 00:49:42.076 DBG] Quotes :: Time to save 11.1635ms
[2026-03-21 00:49:42.158 DBG] Config :: Time to save 17.8971ms
[2026-03-21 00:50:26.618 DBG] ViewerRepo :: UpdatePresence(twitch, 5), 0.0398ms
[2026-03-21 00:50:26.714 DBG] TwitchService :: Presence Timer :: Artificially updated presence with a threshold of 5 minutes (95.8023ms)
[2026-03-21 00:51:26.631 DBG] ViewerRepo :: UpdatePresence(twitch, 5), 0.0345ms
[2026-03-21 00:51:26.721 DBG] TwitchService :: Presence Timer :: Artificially updated presence with a threshold of 5 minutes (90.0539ms)
[2026-03-21 00:52:26.637 DBG] ViewerRepo :: UpdatePresence(twitch, 5), 0.0503ms
[2026-03-21 00:52:26.734 DBG] TwitchService :: Presence Timer :: Artificially updated presence with a threshold of 5 minutes (96.7126ms)
[2026-03-21 00:53:26.652 DBG] ViewerRepo :: UpdatePresence(twitch, 5), 0.0363ms
[2026-03-21 00:53:26.746 DBG] TwitchService :: Presence Timer :: Artificially updated presence with a threshold of 5 minutes (93.5617ms)
[2026-03-21 00:54:14.131 DBG] Credits :: Time to save 11.2983ms
[2026-03-21 00:54:26.668 DBG] ViewerRepo :: UpdatePresence(twitch, 5), 0.037ms
[2026-03-21 00:54:26.761 DBG] TwitchService :: Presence Timer :: Artificially updated presence with a threshold of 5 minutes (93.3807ms)
[2026-03-21 00:54:42.156 DBG] AutoSave :: Auto saving settings...
[2026-03-21 00:54:42.172 DBG] Users :: Time to save 15.6399ms
[2026-03-21 00:54:42.194 DBG] Actions :: Time to save 21.8291ms
[2026-03-21 00:54:42.212 DBG] Commands :: Time to save 17.6585ms
[2026-03-21 00:54:42.230 DBG] Twitch Rewards :: Time to save 18.5287ms
[2026-03-21 00:54:42.242 DBG] Midi :: Time to save 11.9523ms
[2026-03-21 00:54:42.258 DBG] OBS Settings :: Time to save 15.6471ms
[2026-03-21 00:54:42.274 DBG] MeldStudio Settings :: Time to save 15.831ms
[2026-03-21 00:54:42.289 DBG] Credits :: Time to save 15.0325ms
[2026-03-21 00:54:42.306 DBG] Quotes :: Time to save 17.3035ms
[2026-03-21 00:54:42.379 DBG] Config :: Time to save 20.4962ms
[2026-03-21 00:55:26.687 DBG] ViewerRepo :: UpdatePresence(twitch, 5), 0.0367ms
[2026-03-21 00:55:26.780 DBG] TwitchService :: Presence Timer :: Artificially updated presence with a threshold of 5 minutes (93.1354ms)
[2026-03-21 00:56:26.702 DBG] ViewerRepo :: UpdatePresence(twitch, 5), 0.0351ms
[2026-03-21 00:56:26.800 DBG] TwitchService :: Presence Timer :: Artificially updated presence with a threshold of 5 minutes (98.9381ms)
[2026-03-21 00:57:26.713 DBG] ViewerRepo :: UpdatePresence(twitch, 5), 0.0358ms
[2026-03-21 00:57:26.806 DBG] TwitchService :: Presence Timer :: Artificially updated presence with a threshold of 5 minutes (93.1957ms)
[2026-03-21 00:58:26.714 DBG] ViewerRepo :: UpdatePresence(twitch, 5), 0.0363ms
[2026-03-21 00:58:26.808 DBG] TwitchService :: Presence Timer :: Artificially updated presence with a threshold of 5 minutes (94.8001ms)
[2026-03-21 00:59:14.139 DBG] Credits :: Time to save 12.1605ms
[2026-03-21 00:59:26.722 DBG] ViewerRepo :: UpdatePresence(twitch, 5), 0.0627ms
[2026-03-21 00:59:26.816 DBG] TwitchService :: Presence Timer :: Artificially updated presence with a threshold of 5 minutes (94.3754ms)
[2026-03-21 00:59:39.945 DBG] ActionDispatcher :: Queueing 'Sub Goal' (361aa588-5f31-4e19-b8a5-099cae52479d, TimedAction) to 'Default' (00000000-0000-0000-0000-000000000000), with 11 arguments
[2026-03-21 00:59:39.946 DBG] ActionQueue :: 'Default' (00000000-0000-0000-0000-000000000000) :: Enqueue action 361aa588-5f31-4e19-b8a5-099cae52479d
[2026-03-21 00:59:39.946 DBG] ActionQueue :: 'Default' (00000000-0000-0000-0000-000000000000) :: Handling queue
[2026-03-21 00:59:39.946 DBG] ActionQueue :: 'Default' (00000000-0000-0000-0000-000000000000) :: Performing non-blocking 'Sub Goal' (361aa588-5f31-4e19-b8a5-099cae52479d, 76435e87-b1b8-41a6-9006-c61c134cdc2e)
[2026-03-21 00:59:42.395 DBG] AutoSave :: Auto saving settings...
[2026-03-21 00:59:42.413 DBG] Users :: Time to save 18.1826ms
[2026-03-21 00:59:42.437 DBG] Actions :: Time to save 23.0455ms
[2026-03-21 00:59:42.453 DBG] Commands :: Time to save 15.7497ms
[2026-03-21 00:59:42.468 DBG] Twitch Rewards :: Time to save 15.7427ms
[2026-03-21 00:59:42.480 DBG] Midi :: Time to save 12.1847ms
[2026-03-21 00:59:42.494 DBG] OBS Settings :: Time to save 13.7901ms
[2026-03-21 00:59:42.508 DBG] MeldStudio Settings :: Time to save 13.0441ms
[2026-03-21 00:59:42.520 DBG] Credits :: Time to save 12.5063ms
[2026-03-21 00:59:42.535 DBG] Quotes :: Time to save 14.9946ms
[2026-03-21 00:59:42.615 DBG] Config :: Time to save 17.3184ms
[2026-03-21 01:00:26.735 DBG] ViewerRepo :: UpdatePresence(twitch, 5), 0.0354ms
[2026-03-21 01:00:26.828 DBG] TwitchService :: Presence Timer :: Artificially updated presence with a threshold of 5 minutes (92.7947ms)
[2026-03-21 01:01:26.748 DBG] ViewerRepo :: UpdatePresence(twitch, 5), 0.0361ms
[2026-03-21 01:01:26.842 DBG] TwitchService :: Presence Timer :: Artificially updated presence with a threshold of 5 minutes (93.9787ms)
[2026-03-21 01:02:26.760 DBG] ViewerRepo :: UpdatePresence(twitch, 5), 0.0445ms
[2026-03-21 01:02:26.854 DBG] TwitchService :: Presence Timer :: Artificially updated presence with a threshold of 5 minutes (93.5688ms)
[2026-03-21 01:03:26.773 DBG] ViewerRepo :: UpdatePresence(twitch, 5), 0.0361ms
[2026-03-21 01:03:26.869 DBG] TwitchService :: Presence Timer :: Artificially updated presence with a threshold of 5 minutes (96.105ms)
[2026-03-21 01:04:14.159 DBG] Credits :: Time to save 16.3799ms
[2026-03-21 01:04:26.774 DBG] ViewerRepo :: UpdatePresence(twitch, 5), 0.0355ms
[2026-03-21 01:04:26.867 DBG] TwitchService :: Presence Timer :: Artificially updated presence with a threshold of 5 minutes (94.4948ms)
[2026-03-21 01:04:42.633 DBG] AutoSave :: Auto saving settings...
[2026-03-21 01:04:42.646 DBG] Users :: Time to save 13.2108ms
[2026-03-21 01:04:42.669 DBG] Actions :: Time to save 24.0367ms
[2026-03-21 01:04:42.681 DBG] Commands :: Time to save 11.3794ms
[2026-03-21 01:04:42.697 DBG] Twitch Rewards :: Time to save 16.0679ms
[2026-03-21 01:04:42.707 DBG] Midi :: Time to save 10.2909ms
[2026-03-21 01:04:42.717 DBG] OBS Settings :: Time to save 10.0277ms
[2026-03-21 01:04:42.727 DBG] MeldStudio Settings :: Time to save 9.4315ms
[2026-03-21 01:04:42.739 DBG] Credits :: Time to save 12.6714ms
[2026-03-21 01:04:42.755 DBG] Quotes :: Time to save 15.8781ms
[2026-03-21 01:04:42.854 DBG] Config :: Time to save 17.1442ms
[2026-03-21 01:05:26.784 DBG] ViewerRepo :: UpdatePresence(twitch, 5), 0.0368ms
[2026-03-21 01:05:26.875 DBG] TwitchService :: Presence Timer :: Artificially updated presence with a threshold of 5 minutes (91.1698ms)
[2026-03-21 01:06:26.797 DBG] ViewerRepo :: UpdatePresence(twitch, 5), 0.0358ms
[2026-03-21 01:06:26.886 DBG] TwitchService :: Presence Timer :: Artificially updated presence with a threshold of 5 minutes (89.5671ms)
[2026-03-21 01:07:26.811 DBG] ViewerRepo :: UpdatePresence(twitch, 5), 0.0379ms
[2026-03-21 01:07:26.908 DBG] TwitchService :: Presence Timer :: Artificially updated presence with a threshold of 5 minutes (96.8892ms)
[2026-03-21 01:08:26.819 DBG] ViewerRepo :: UpdatePresence(twitch, 5), 0.0354ms
[2026-03-21 01:08:26.909 DBG] TwitchService :: Presence Timer :: Artificially updated presence with a threshold of 5 minutes (90.458ms)
[2026-03-21 01:09:14.164 DBG] Credits :: Time to save 12.5812ms
[2026-03-21 01:09:26.834 DBG] ViewerRepo :: UpdatePresence(twitch, 5), 0.0348ms
[2026-03-21 01:09:26.932 DBG] TwitchService :: Presence Timer :: Artificially updated presence with a threshold of 5 minutes (98.1574ms)
[2026-03-21 01:09:40.274 DBG] ActionDispatcher :: Queueing 'Sub Goal' (361aa588-5f31-4e19-b8a5-099cae52479d, TimedAction) to 'Default' (00000000-0000-0000-0000-000000000000), with 11 arguments
[2026-03-21 01:09:40.274 DBG] ActionQueue :: 'Default' (00000000-0000-0000-0000-000000000000) :: Enqueue action 361aa588-5f31-4e19-b8a5-099cae52479d
[2026-03-21 01:09:40.274 DBG] ActionQueue :: 'Default' (00000000-0000-0000-0000-000000000000) :: Handling queue
[2026-03-21 01:09:40.274 DBG] ActionQueue :: 'Default' (00000000-0000-0000-0000-000000000000) :: Performing non-blocking 'Sub Goal' (361aa588-5f31-4e19-b8a5-099cae52479d, 5c5c9a53-eae4-4be5-9b0c-4426274190c4)
[2026-03-21 01:09:42.836 DBG] AutoSave :: Auto saving settings...
[2026-03-21 01:09:42.853 DBG] Users :: Time to save 18.2053ms
[2026-03-21 01:09:42.877 DBG] Actions :: Time to save 21.9193ms
[2026-03-21 01:09:42.888 DBG] Commands :: Time to save 11.3902ms
[2026-03-21 01:09:42.902 DBG] Twitch Rewards :: Time to save 14.0203ms
[2026-03-21 01:09:42.912 DBG] Midi :: Time to save 9.4195ms
[2026-03-21 01:09:42.924 DBG] OBS Settings :: Time to save 12.7859ms
[2026-03-21 01:09:42.936 DBG] MeldStudio Settings :: Time to save 11.4142ms
[2026-03-21 01:09:42.946 DBG] Credits :: Time to save 9.4618ms
[2026-03-21 01:09:42.961 DBG] Quotes :: Time to save 15.0954ms
[2026-03-21 01:09:43.057 DBG] Config :: Time to save 17.8382ms
[2026-03-21 01:10:26.840 DBG] ViewerRepo :: UpdatePresence(twitch, 5), 0.0338ms
[2026-03-21 01:10:26.933 DBG] TwitchService :: Presence Timer :: Artificially updated presence with a threshold of 5 minutes (93.3756ms)
[2026-03-21 01:11:26.842 DBG] ViewerRepo :: UpdatePresence(twitch, 5), 0.0444ms
[2026-03-21 01:11:26.938 DBG] TwitchService :: Presence Timer :: Artificially updated presence with a threshold of 5 minutes (96.0441ms)
[2026-03-21 01:12:26.845 DBG] ViewerRepo :: UpdatePresence(twitch, 5), 0.0349ms
[2026-03-21 01:12:26.941 DBG] TwitchService :: Presence Timer :: Artificially updated presence with a threshold of 5 minutes (96.0163ms)
[2026-03-21 01:13:26.852 DBG] ViewerRepo :: UpdatePresence(twitch, 5), 0.0352ms
[2026-03-21 01:13:26.944 DBG] TwitchService :: Presence Timer :: Artificially updated presence with a threshold of 5 minutes (91.0182ms)
[2026-03-21 01:14:14.182 DBG] Credits :: Time to save 15.9828ms
[2026-03-21 01:14:26.860 DBG] ViewerRepo :: UpdatePresence(twitch, 5), 0.0374ms
[2026-03-21 01:14:26.952 DBG] TwitchService :: Presence Timer :: Artificially updated presence with a threshold of 5 minutes (93.0262ms)
[2026-03-21 01:14:43.047 DBG] AutoSave :: Auto saving settings...
[2026-03-21 01:14:43.064 DBG] Users :: Time to save 18.3607ms
[2026-03-21 01:14:43.087 DBG] Actions :: Time to save 22.8666ms
[2026-03-21 01:14:43.105 DBG] Commands :: Time to save 17.0061ms
[2026-03-21 01:14:43.121 DBG] Twitch Rewards :: Time to save 16.916ms
[2026-03-21 01:14:43.136 DBG] Midi :: Time to save 14.4769ms
[2026-03-21 01:14:43.150 DBG] OBS Settings :: Time to save 13.8339ms
[2026-03-21 01:14:43.163 DBG] MeldStudio Settings :: Time to save 12.3177ms
[2026-03-21 01:14:43.173 DBG] Credits :: Time to save 10.0484ms
[2026-03-21 01:14:43.186 DBG] Quotes :: Time to save 13.2367ms
[2026-03-21 01:14:43.268 DBG] Config :: Time to save 17.2332ms
[2026-03-21 01:15:26.871 DBG] ViewerRepo :: UpdatePresence(twitch, 5), 0.0398ms
[2026-03-21 01:15:26.963 DBG] TwitchService :: Presence Timer :: Artificially updated presence with a threshold of 5 minutes (92.7473ms)
[2026-03-21 01:16:26.875 DBG] ViewerRepo :: UpdatePresence(twitch, 5), 0.0375ms
[2026-03-21 01:16:26.964 DBG] TwitchService :: Presence Timer :: Artificially updated presence with a threshold of 5 minutes (89.7062ms)
[2026-03-21 01:17:26.890 DBG] ViewerRepo :: UpdatePresence(twitch, 5), 0.0427ms
[2026-03-21 01:17:26.991 DBG] TwitchService :: Presence Timer :: Artificially updated presence with a threshold of 5 minutes (100.5426ms)
[2026-03-21 01:18:26.901 DBG] ViewerRepo :: UpdatePresence(twitch, 5), 0.0344ms
[2026-03-21 01:18:26.997 DBG] TwitchService :: Presence Timer :: Artificially updated presence with a threshold of 5 minutes (95.7859ms)
[2026-03-21 01:19:14.188 DBG] Credits :: Time to save 11.5033ms
[2026-03-21 01:19:26.907 DBG] ViewerRepo :: UpdatePresence(twitch, 5), 0.0347ms
[2026-03-21 01:19:27.509 DBG] TwitchService :: Presence Timer :: Artificially updated presence with a threshold of 5 minutes (601.8053ms)
[2026-03-21 01:19:40.647 DBG] ActionDispatcher :: Queueing 'Sub Goal' (361aa588-5f31-4e19-b8a5-099cae52479d, TimedAction) to 'Default' (00000000-0000-0000-0000-000000000000), with 11 arguments
[2026-03-21 01:19:40.647 DBG] ActionQueue :: 'Default' (00000000-0000-0000-0000-000000000000) :: Enqueue action 361aa588-5f31-4e19-b8a5-099cae52479d
[2026-03-21 01:19:40.647 DBG] ActionQueue :: 'Default' (00000000-0000-0000-0000-000000000000) :: Handling queue
[2026-03-21 01:19:40.647 DBG] ActionQueue :: 'Default' (00000000-0000-0000-0000-000000000000) :: Performing non-blocking 'Sub Goal' (361aa588-5f31-4e19-b8a5-099cae52479d, 8b49bef6-2eb9-4288-9878-6dd0e20a4597)
[2026-03-21 01:19:43.316 DBG] AutoSave :: Auto saving settings...
[2026-03-21 01:19:43.334 DBG] Users :: Time to save 17.9998ms
[2026-03-21 01:19:43.355 DBG] Actions :: Time to save 20.8457ms
[2026-03-21 01:19:43.368 DBG] Commands :: Time to save 12.8585ms
[2026-03-21 01:19:43.380 DBG] Twitch Rewards :: Time to save 12.3933ms
[2026-03-21 01:19:43.393 DBG] Midi :: Time to save 13.8068ms
[2026-03-21 01:19:43.407 DBG] OBS Settings :: Time to save 12.8757ms
[2026-03-21 01:19:43.419 DBG] MeldStudio Settings :: Time to save 11.8193ms
[2026-03-21 01:19:43.432 DBG] Credits :: Time to save 12.9832ms
[2026-03-21 01:19:43.445 DBG] Quotes :: Time to save 12.7596ms
[2026-03-21 01:19:43.531 DBG] Config :: Time to save 12.4444ms
[2026-03-21 01:20:26.932 DBG] ViewerRepo :: UpdatePresence(twitch, 5), 0.0344ms
[2026-03-21 01:20:27.023 DBG] TwitchService :: Presence Timer :: Artificially updated presence with a threshold of 5 minutes (92.728ms)
[2026-03-21 01:21:26.942 DBG] ViewerRepo :: UpdatePresence(twitch, 5), 0.0344ms
[2026-03-21 01:21:27.036 DBG] TwitchService :: Presence Timer :: Artificially updated presence with a threshold of 5 minutes (93.4549ms)
[2026-03-21 01:22:26.948 DBG] ViewerRepo :: UpdatePresence(twitch, 5), 0.0363ms
[2026-03-21 01:22:27.042 DBG] TwitchService :: Presence Timer :: Artificially updated presence with a threshold of 5 minutes (93.4714ms)
[2026-03-21 01:23:26.957 DBG] ViewerRepo :: UpdatePresence(twitch, 5), 0.0667ms
[2026-03-21 01:23:27.057 DBG] TwitchService :: Presence Timer :: Artificially updated presence with a threshold of 5 minutes (100.0536ms)
[2026-03-21 01:24:14.194 DBG] Credits :: Time to save 15.5667ms
[2026-03-21 01:24:26.964 DBG] ViewerRepo :: UpdatePresence(twitch, 5), 0.0501ms
[2026-03-21 01:24:27.053 DBG] TwitchService :: Presence Timer :: Artificially updated presence with a threshold of 5 minutes (89.3659ms)
[2026-03-21 01:24:43.546 DBG] AutoSave :: Auto saving settings...
[2026-03-21 01:24:43.559 DBG] Users :: Time to save 13.3024ms
[2026-03-21 01:24:43.576 DBG] Actions :: Time to save 16.9107ms
[2026-03-21 01:24:43.592 DBG] Commands :: Time to save 16.0979ms
[2026-03-21 01:24:43.607 DBG] Twitch Rewards :: Time to save 15.4844ms
[2026-03-21 01:24:43.621 DBG] Midi :: Time to save 12.8148ms
[2026-03-21 01:24:43.633 DBG] OBS Settings :: Time to save 12.4566ms
[2026-03-21 01:24:43.643 DBG] MeldStudio Settings :: Time to save 9.6556ms
[2026-03-21 01:24:43.652 DBG] Credits :: Time to save 9.0092ms
[2026-03-21 01:24:43.666 DBG] Quotes :: Time to save 14.0556ms
[2026-03-21 01:24:43.767 DBG] Config :: Time to save 15.8794ms
[2026-03-21 01:25:26.970 DBG] ViewerRepo :: UpdatePresence(twitch, 5), 0.0341ms
[2026-03-21 01:25:27.065 DBG] TwitchService :: Presence Timer :: Artificially updated presence with a threshold of 5 minutes (95.181ms)
[2026-03-21 01:26:26.978 DBG] ViewerRepo :: UpdatePresence(twitch, 5), 0.0343ms
[2026-03-21 01:26:27.073 DBG] TwitchService :: Presence Timer :: Artificially updated presence with a threshold of 5 minutes (95.9208ms)
[2026-03-21 01:27:26.990 DBG] ViewerRepo :: UpdatePresence(twitch, 5), 0.0485ms
[2026-03-21 01:27:27.085 DBG] TwitchService :: Presence Timer :: Artificially updated presence with a threshold of 5 minutes (95.2276ms)
[2026-03-21 01:28:27.001 DBG] ViewerRepo :: UpdatePresence(twitch, 5), 0.0368ms
[2026-03-21 01:28:27.097 DBG] TwitchService :: Presence Timer :: Artificially updated presence with a threshold of 5 minutes (96.273ms)
[2026-03-21 01:29:14.207 DBG] Credits :: Time to save 17.931ms
[2026-03-21 01:29:27.015 DBG] ViewerRepo :: UpdatePresence(twitch, 5), 0.0348ms
[2026-03-21 01:29:27.109 DBG] TwitchService :: Presence Timer :: Artificially updated presence with a threshold of 5 minutes (94.421ms)
[2026-03-21 01:29:41.458 DBG] ActionDispatcher :: Queueing 'Sub Goal' (361aa588-5f31-4e19-b8a5-099cae52479d, TimedAction) to 'Default' (00000000-0000-0000-0000-000000000000), with 11 arguments
[2026-03-21 01:29:41.458 DBG] ActionQueue :: 'Default' (00000000-0000-0000-0000-000000000000) :: Enqueue action 361aa588-5f31-4e19-b8a5-099cae52479d
[2026-03-21 01:29:41.458 DBG] ActionQueue :: 'Default' (00000000-0000-0000-0000-000000000000) :: Handling queue
[2026-03-21 01:29:41.458 DBG] ActionQueue :: 'Default' (00000000-0000-0000-0000-000000000000) :: Performing non-blocking 'Sub Goal' (361aa588-5f31-4e19-b8a5-099cae52479d, e51afb08-c0d9-43e7-8323-a8f5777b70e7)
[2026-03-21 01:29:43.725 DBG] AutoSave :: Auto saving settings...
[2026-03-21 01:29:43.736 DBG] Users :: Time to save 12.2125ms
[2026-03-21 01:29:43.758 DBG] Actions :: Time to save 21.7242ms
[2026-03-21 01:29:43.769 DBG] Commands :: Time to save 10.9878ms
[2026-03-21 01:29:43.784 DBG] Twitch Rewards :: Time to save 14.7781ms
[2026-03-21 01:29:43.797 DBG] Midi :: Time to save 13.3977ms
[2026-03-21 01:29:43.809 DBG] OBS Settings :: Time to save 11.7522ms
[2026-03-21 01:29:43.819 DBG] MeldStudio Settings :: Time to save 9.54ms
[2026-03-21 01:29:43.829 DBG] Credits :: Time to save 10.4289ms
[2026-03-21 01:29:43.845 DBG] Quotes :: Time to save 14.8706ms
[2026-03-21 01:29:43.946 DBG] Config :: Time to save 17.3431ms
[2026-03-21 01:30:27.022 DBG] ViewerRepo :: UpdatePresence(twitch, 5), 0.0377ms
[2026-03-21 01:30:27.116 DBG] TwitchService :: Presence Timer :: Artificially updated presence with a threshold of 5 minutes (94.8822ms)
[2026-03-21 01:31:27.037 DBG] ViewerRepo :: UpdatePresence(twitch, 5), 0.0467ms
[2026-03-21 01:31:27.131 DBG] TwitchService :: Presence Timer :: Artificially updated presence with a threshold of 5 minutes (93.5763ms)
[2026-03-21 01:32:27.045 DBG] ViewerRepo :: UpdatePresence(twitch, 5), 0.0364ms
[2026-03-21 01:32:27.138 DBG] TwitchService :: Presence Timer :: Artificially updated presence with a threshold of 5 minutes (93.9365ms)
[2026-03-21 01:33:27.055 DBG] ViewerRepo :: UpdatePresence(twitch, 5), 0.0351ms
[2026-03-21 01:33:27.149 DBG] TwitchService :: Presence Timer :: Artificially updated presence with a threshold of 5 minutes (94.6379ms)
[2026-03-21 01:34:14.219 DBG] Credits :: Time to save 16.2709ms
[2026-03-21 01:34:27.065 DBG] ViewerRepo :: UpdatePresence(twitch, 5), 0.0348ms
[2026-03-21 01:34:27.160 DBG] TwitchService :: Presence Timer :: Artificially updated presence with a threshold of 5 minutes (94.1892ms)
[2026-03-21 01:34:43.962 DBG] AutoSave :: Auto saving settings...
[2026-03-21 01:34:43.975 DBG] Users :: Time to save 13.4786ms
[2026-03-21 01:34:43.993 DBG] Actions :: Time to save 18.1866ms
[2026-03-21 01:34:44.005 DBG] Commands :: Time to save 11.2771ms
[2026-03-21 01:34:44.019 DBG] Twitch Rewards :: Time to save 14.4319ms
[2026-03-21 01:34:44.030 DBG] Midi :: Time to save 9.9131ms
[2026-03-21 01:34:44.038 DBG] OBS Settings :: Time to save 9.2151ms
[2026-03-21 01:34:44.052 DBG] MeldStudio Settings :: Time to save 13.3358ms
[2026-03-21 01:34:44.065 DBG] Credits :: Time to save 13.0486ms
[2026-03-21 01:34:44.078 DBG] Quotes :: Time to save 13.1095ms
[2026-03-21 01:34:44.185 DBG] Config :: Time to save 20.2228ms
[2026-03-21 01:35:27.083 DBG] ViewerRepo :: UpdatePresence(twitch, 5), 0.036ms
[2026-03-21 01:35:27.180 DBG] TwitchService :: Presence Timer :: Artificially updated presence with a threshold of 5 minutes (97.2872ms)
[2026-03-21 01:36:27.091 DBG] ViewerRepo :: UpdatePresence(twitch, 5), 0.0367ms
[2026-03-21 01:36:27.181 DBG] TwitchService :: Presence Timer :: Artificially updated presence with a threshold of 5 minutes (90.9125ms)
[2026-03-21 01:37:27.095 DBG] ViewerRepo :: UpdatePresence(twitch, 5), 0.0355ms
[2026-03-21 01:37:27.168 DBG] TwitchService :: Presence Timer :: Artificially updated presence with a threshold of 5 minutes (74.0361ms)
[2026-03-21 01:38:27.100 DBG] ViewerRepo :: UpdatePresence(twitch, 5), 0.036ms
[2026-03-21 01:38:27.156 DBG] TwitchService :: Presence Timer :: Artificially updated presence with a threshold of 5 minutes (55.6857ms)
[2026-03-21 01:39:14.230 DBG] Credits :: Time to save 15.1478ms
[2026-03-21 01:39:27.108 DBG] ViewerRepo :: UpdatePresence(twitch, 5), 0.0384ms
[2026-03-21 01:39:27.165 DBG] TwitchService :: Presence Timer :: Artificially updated presence with a threshold of 5 minutes (57.2398ms)
[2026-03-21 01:39:42.122 DBG] ActionDispatcher :: Queueing 'Sub Goal' (361aa588-5f31-4e19-b8a5-099cae52479d, TimedAction) to 'Default' (00000000-0000-0000-0000-000000000000), with 11 arguments
[2026-03-21 01:39:42.122 DBG] ActionQueue :: 'Default' (00000000-0000-0000-0000-000000000000) :: Enqueue action 361aa588-5f31-4e19-b8a5-099cae52479d
[2026-03-21 01:39:42.122 DBG] ActionQueue :: 'Default' (00000000-0000-0000-0000-000000000000) :: Handling queue
[2026-03-21 01:39:42.122 DBG] ActionQueue :: 'Default' (00000000-0000-0000-0000-000000000000) :: Performing non-blocking 'Sub Goal' (361aa588-5f31-4e19-b8a5-099cae52479d, 0b1f8f37-837d-4b3c-ab2b-07d89cb6f61f)
[2026-03-21 01:39:44.137 DBG] AutoSave :: Auto saving settings...
[2026-03-21 01:39:44.155 DBG] Users :: Time to save 18.2163ms
[2026-03-21 01:39:44.172 DBG] Actions :: Time to save 17.3664ms
[2026-03-21 01:39:44.190 DBG] Commands :: Time to save 18.054ms
[2026-03-21 01:39:44.207 DBG] Twitch Rewards :: Time to save 15.6476ms
[2026-03-21 01:39:44.216 DBG] Midi :: Time to save 9.6325ms
[2026-03-21 01:39:44.230 DBG] OBS Settings :: Time to save 13.9018ms
[2026-03-21 01:39:44.243 DBG] MeldStudio Settings :: Time to save 12.8325ms
[2026-03-21 01:39:44.256 DBG] Credits :: Time to save 13.2255ms
[2026-03-21 01:39:44.268 DBG] Quotes :: Time to save 11.6559ms
[2026-03-21 01:39:44.361 DBG] Config :: Time to save 17.2593ms
[2026-03-21 01:40:27.118 DBG] ViewerRepo :: UpdatePresence(twitch, 5), 0.0415ms
[2026-03-21 01:40:27.173 DBG] TwitchService :: Presence Timer :: Artificially updated presence with a threshold of 5 minutes (56.3192ms)
[2026-03-21 01:41:27.125 DBG] ViewerRepo :: UpdatePresence(twitch, 5), 0.0361ms
[2026-03-21 01:41:27.180 DBG] TwitchService :: Presence Timer :: Artificially updated presence with a threshold of 5 minutes (54.7108ms)
[2026-03-21 01:42:27.150 DBG] ViewerRepo :: UpdatePresence(twitch, 5), 0.0355ms
[2026-03-21 01:42:27.210 DBG] TwitchService :: Presence Timer :: Artificially updated presence with a threshold of 5 minutes (61.0704ms)
[2026-03-21 01:43:27.161 DBG] ViewerRepo :: UpdatePresence(twitch, 5), 0.0343ms
[2026-03-21 01:43:27.213 DBG] TwitchService :: Presence Timer :: Artificially updated presence with a threshold of 5 minutes (51.8568ms)
[2026-03-21 01:44:14.243 DBG] Credits :: Time to save 12.0645ms
[2026-03-21 01:44:27.166 DBG] ViewerRepo :: UpdatePresence(twitch, 5), 0.035ms
[2026-03-21 01:44:27.222 DBG] TwitchService :: Presence Timer :: Artificially updated presence with a threshold of 5 minutes (55.3531ms)
[2026-03-21 01:44:44.358 DBG] AutoSave :: Auto saving settings...
[2026-03-21 01:44:44.371 DBG] Users :: Time to save 13.4541ms
[2026-03-21 01:44:44.393 DBG] Actions :: Time to save 22.3538ms
[2026-03-21 01:44:44.411 DBG] Commands :: Time to save 17.471ms
[2026-03-21 01:44:44.429 DBG] Twitch Rewards :: Time to save 17.3618ms
[2026-03-21 01:44:44.442 DBG] Midi :: Time to save 13.6708ms
[2026-03-21 01:44:44.456 DBG] OBS Settings :: Time to save 13.0324ms
[2026-03-21 01:44:44.465 DBG] MeldStudio Settings :: Time to save 9.3446ms
[2026-03-21 01:44:44.477 DBG] Credits :: Time to save 12.5357ms
[2026-03-21 01:44:44.493 DBG] Quotes :: Time to save 15.5154ms
[2026-03-21 01:44:44.578 DBG] Config :: Time to save 16.8399ms
[2026-03-21 01:45:27.180 DBG] ViewerRepo :: UpdatePresence(twitch, 5), 0.0384ms
[2026-03-21 01:45:27.233 DBG] TwitchService :: Presence Timer :: Artificially updated presence with a threshold of 5 minutes (53.8786ms)
[2026-03-21 01:46:27.193 DBG] ViewerRepo :: UpdatePresence(twitch, 5), 0.0632ms
[2026-03-21 01:46:27.249 DBG] TwitchService :: Presence Timer :: Artificially updated presence with a threshold of 5 minutes (56.2166ms)
[2026-03-21 01:47:27.195 DBG] ViewerRepo :: UpdatePresence(twitch, 5), 0.037ms
[2026-03-21 01:47:27.253 DBG] TwitchService :: Presence Timer :: Artificially updated presence with a threshold of 5 minutes (58.1066ms)
[2026-03-21 01:48:27.208 DBG] ViewerRepo :: UpdatePresence(twitch, 5), 0.0366ms
[2026-03-21 01:48:27.265 DBG] TwitchService :: Presence Timer :: Artificially updated presence with a threshold of 5 minutes (57.4398ms)
[2026-03-21 01:49:14.253 DBG] Credits :: Time to save 11.8874ms
[2026-03-21 01:49:27.215 DBG] ViewerRepo :: UpdatePresence(twitch, 5), 0.0345ms
[2026-03-21 01:49:27.277 DBG] TwitchService :: Presence Timer :: Artificially updated presence with a threshold of 5 minutes (61.8882ms)
[2026-03-21 01:49:42.845 DBG] ActionDispatcher :: Queueing 'Sub Goal' (361aa588-5f31-4e19-b8a5-099cae52479d, TimedAction) to 'Default' (00000000-0000-0000-0000-000000000000), with 11 arguments
[2026-03-21 01:49:42.845 DBG] ActionQueue :: 'Default' (00000000-0000-0000-0000-000000000000) :: Enqueue action 361aa588-5f31-4e19-b8a5-099cae52479d
[2026-03-21 01:49:42.845 DBG] ActionQueue :: 'Default' (00000000-0000-0000-0000-000000000000) :: Handling queue
[2026-03-21 01:49:42.845 DBG] ActionQueue :: 'Default' (00000000-0000-0000-0000-000000000000) :: Performing non-blocking 'Sub Goal' (361aa588-5f31-4e19-b8a5-099cae52479d, 89968b24-aa37-4ad9-a85c-fcfce0eb1cd0)
[2026-03-21 01:49:44.578 DBG] AutoSave :: Auto saving settings...
[2026-03-21 01:49:44.591 DBG] Users :: Time to save 14.2092ms
[2026-03-21 01:49:44.608 DBG] Actions :: Time to save 16.8547ms
[2026-03-21 01:49:44.623 DBG] Commands :: Time to save 16.369ms
[2026-03-21 01:49:44.641 DBG] Twitch Rewards :: Time to save 15.5976ms
[2026-03-21 01:49:44.654 DBG] Midi :: Time to save 13.3667ms
[2026-03-21 01:49:44.668 DBG] OBS Settings :: Time to save 13.6742ms
[2026-03-21 01:49:44.680 DBG] MeldStudio Settings :: Time to save 11.6078ms
[2026-03-21 01:49:44.689 DBG] Credits :: Time to save 9.3507ms
[2026-03-21 01:49:44.699 DBG] Quotes :: Time to save 10.6736ms
[2026-03-21 01:49:44.799 DBG] Config :: Time to save 18.8202ms
[2026-03-21 01:50:27.225 DBG] ViewerRepo :: UpdatePresence(twitch, 5), 0.035ms
[2026-03-21 01:50:27.284 DBG] TwitchService :: Presence Timer :: Artificially updated presence with a threshold of 5 minutes (59.9557ms)
[2026-03-21 01:51:27.236 DBG] ViewerRepo :: UpdatePresence(twitch, 5), 0.0352ms
[2026-03-21 01:51:27.293 DBG] TwitchService :: Presence Timer :: Artificially updated presence with a threshold of 5 minutes (58.1832ms)
[2026-03-21 01:52:27.240 DBG] ViewerRepo :: UpdatePresence(twitch, 5), 0.0385ms
[2026-03-21 01:52:27.299 DBG] TwitchService :: Presence Timer :: Artificially updated presence with a threshold of 5 minutes (58.5944ms)
[2026-03-21 01:53:27.245 DBG] ViewerRepo :: UpdatePresence(twitch, 5), 0.0357ms
[2026-03-21 01:53:27.297 DBG] TwitchService :: Presence Timer :: Artificially updated presence with a threshold of 5 minutes (52.3116ms)
[2026-03-21 01:54:14.262 DBG] Credits :: Time to save 15.7473ms
[2026-03-21 01:54:27.255 DBG] ViewerRepo :: UpdatePresence(twitch, 5), 0.0355ms
[2026-03-21 01:54:27.315 DBG] TwitchService :: Presence Timer :: Artificially updated presence with a threshold of 5 minutes (60.4633ms)
[2026-03-21 01:54:44.808 DBG] AutoSave :: Auto saving settings...
[2026-03-21 01:54:44.828 DBG] Users :: Time to save 20.5574ms
[2026-03-21 01:54:44.853 DBG] Actions :: Time to save 24.4451ms
[2026-03-21 01:54:44.870 DBG] Commands :: Time to save 17.0846ms
[2026-03-21 01:54:44.887 DBG] Twitch Rewards :: Time to save 17.5541ms
[2026-03-21 01:54:44.902 DBG] Midi :: Time to save 14.2591ms
[2026-03-21 01:54:44.918 DBG] OBS Settings :: Time to save 15.6131ms
[2026-03-21 01:54:44.933 DBG] MeldStudio Settings :: Time to save 16.1193ms
[2026-03-21 01:54:44.950 DBG] Credits :: Time to save 16.0275ms
[2026-03-21 01:54:44.967 DBG] Quotes :: Time to save 16.6583ms
[2026-03-21 01:54:45.029 DBG] Config :: Time to save 18.0342ms
[2026-03-21 01:55:27.263 DBG] ViewerRepo :: UpdatePresence(twitch, 5), 0.036ms
[2026-03-21 01:55:27.318 DBG] TwitchService :: Presence Timer :: Artificially updated presence with a threshold of 5 minutes (55.6115ms)
[2026-03-21 01:56:27.274 DBG] ViewerRepo :: UpdatePresence(twitch, 5), 0.0349ms
[2026-03-21 01:56:27.328 DBG] TwitchService :: Presence Timer :: Artificially updated presence with a threshold of 5 minutes (53.891ms)
[2026-03-21 01:57:27.283 DBG] ViewerRepo :: UpdatePresence(twitch, 5), 0.0363ms
[2026-03-21 01:57:27.339 DBG] TwitchService :: Presence Timer :: Artificially updated presence with a threshold of 5 minutes (55.81ms)
[2026-03-21 01:58:27.290 DBG] ViewerRepo :: UpdatePresence(twitch, 5), 0.0402ms
[2026-03-21 01:58:27.343 DBG] TwitchService :: Presence Timer :: Artificially updated presence with a threshold of 5 minutes (54.3075ms)
[2026-03-21 01:59:14.273 DBG] Credits :: Time to save 15.1879ms
[2026-03-21 01:59:27.300 DBG] ViewerRepo :: UpdatePresence(twitch, 5), 0.035ms
[2026-03-21 01:59:27.359 DBG] TwitchService :: Presence Timer :: Artificially updated presence with a threshold of 5 minutes (58.4422ms)
[2026-03-21 01:59:43.430 DBG] ActionDispatcher :: Queueing 'Sub Goal' (361aa588-5f31-4e19-b8a5-099cae52479d, TimedAction) to 'Default' (00000000-0000-0000-0000-000000000000), with 11 arguments
[2026-03-21 01:59:43.430 DBG] ActionQueue :: 'Default' (00000000-0000-0000-0000-000000000000) :: Enqueue action 361aa588-5f31-4e19-b8a5-099cae52479d
[2026-03-21 01:59:43.430 DBG] ActionQueue :: 'Default' (00000000-0000-0000-0000-000000000000) :: Handling queue
[2026-03-21 01:59:43.430 DBG] ActionQueue :: 'Default' (00000000-0000-0000-0000-000000000000) :: Performing non-blocking 'Sub Goal' (361aa588-5f31-4e19-b8a5-099cae52479d, e600a26e-a1d4-467c-a91a-ae3bfd2b0950)
[2026-03-21 01:59:45.056 DBG] AutoSave :: Auto saving settings...
[2026-03-21 01:59:45.075 DBG] Users :: Time to save 19.6879ms
[2026-03-21 01:59:45.098 DBG] Actions :: Time to save 22.2305ms
[2026-03-21 01:59:45.113 DBG] Commands :: Time to save 15.7449ms
[2026-03-21 01:59:45.129 DBG] Twitch Rewards :: Time to save 15.6963ms
[2026-03-21 01:59:45.142 DBG] Midi :: Time to save 12.3904ms
[2026-03-21 01:59:45.154 DBG] OBS Settings :: Time to save 12.5098ms
[2026-03-21 01:59:45.170 DBG] MeldStudio Settings :: Time to save 15.3886ms
[2026-03-21 01:59:45.182 DBG] Credits :: Time to save 12.1349ms
[2026-03-21 01:59:45.197 DBG] Quotes :: Time to save 15.5416ms
[2026-03-21 01:59:45.275 DBG] Config :: Time to save 17.501ms
[2026-03-21 02:00:27.317 DBG] ViewerRepo :: UpdatePresence(twitch, 5), 0.0362ms
[2026-03-21 02:00:27.371 DBG] TwitchService :: Presence Timer :: Artificially updated presence with a threshold of 5 minutes (54.3405ms)
[2026-03-21 02:01:27.328 DBG] ViewerRepo :: UpdatePresence(twitch, 5), 0.0352ms
[2026-03-21 02:01:27.387 DBG] TwitchService :: Presence Timer :: Artificially updated presence with a threshold of 5 minutes (58.414ms)
[2026-03-21 02:02:27.332 DBG] ViewerRepo :: UpdatePresence(twitch, 5), 0.0368ms
[2026-03-21 02:02:27.390 DBG] TwitchService :: Presence Timer :: Artificially updated presence with a threshold of 5 minutes (58.2981ms)
[2026-03-21 02:03:27.339 DBG] ViewerRepo :: UpdatePresence(twitch, 5), 0.0356ms
[2026-03-21 02:03:27.397 DBG] TwitchService :: Presence Timer :: Artificially updated presence with a threshold of 5 minutes (57.363ms)
[2026-03-21 02:04:14.280 DBG] Credits :: Time to save 16.4064ms
[2026-03-21 02:04:27.346 DBG] ViewerRepo :: UpdatePresence(twitch, 5), 0.0493ms
[2026-03-21 02:04:27.407 DBG] TwitchService :: Presence Timer :: Artificially updated presence with a threshold of 5 minutes (60.951ms)
[2026-03-21 02:04:45.276 DBG] AutoSave :: Auto saving settings...
[2026-03-21 02:04:45.288 DBG] Users :: Time to save 12.7582ms
[2026-03-21 02:04:45.313 DBG] Actions :: Time to save 24.8631ms
[2026-03-21 02:04:45.330 DBG] Commands :: Time to save 16.8863ms
[2026-03-21 02:04:45.347 DBG] Twitch Rewards :: Time to save 16.7318ms
[2026-03-21 02:04:45.360 DBG] Midi :: Time to save 12.8075ms
[2026-03-21 02:04:45.370 DBG] OBS Settings :: Time to save 10.3906ms
[2026-03-21 02:04:45.384 DBG] MeldStudio Settings :: Time to save 13.4911ms
[2026-03-21 02:04:45.398 DBG] Credits :: Time to save 13.6001ms
[2026-03-21 02:04:45.414 DBG] Quotes :: Time to save 16.516ms
[2026-03-21 02:04:45.506 DBG] Config :: Time to save 12.8788ms
[2026-03-21 02:05:27.349 DBG] ViewerRepo :: UpdatePresence(twitch, 5), 0.0357ms
[2026-03-21 02:05:27.403 DBG] TwitchService :: Presence Timer :: Artificially updated presence with a threshold of 5 minutes (55.1211ms)
[2026-03-21 02:06:27.352 DBG] ViewerRepo :: UpdatePresence(twitch, 5), 0.0349ms
[2026-03-21 02:06:27.409 DBG] TwitchService :: Presence Timer :: Artificially updated presence with a threshold of 5 minutes (56.1392ms)
[2026-03-21 02:07:27.367 DBG] ViewerRepo :: UpdatePresence(twitch, 5), 0.0397ms
[2026-03-21 02:07:27.419 DBG] TwitchService :: Presence Timer :: Artificially updated presence with a threshold of 5 minutes (52.1395ms)
[2026-03-21 02:08:27.368 DBG] ViewerRepo :: UpdatePresence(twitch, 5), 0.0507ms
[2026-03-21 02:08:27.428 DBG] TwitchService :: Presence Timer :: Artificially updated presence with a threshold of 5 minutes (59.891ms)
[2026-03-21 02:09:14.278 DBG] Credits :: Time to save 11.9222ms
[2026-03-21 02:09:27.374 DBG] ViewerRepo :: UpdatePresence(twitch, 5), 0.0368ms
[2026-03-21 02:09:27.427 DBG] TwitchService :: Presence Timer :: Artificially updated presence with a threshold of 5 minutes (52.7839ms)
[2026-03-21 02:09:44.303 DBG] ActionDispatcher :: Queueing 'Sub Goal' (361aa588-5f31-4e19-b8a5-099cae52479d, TimedAction) to 'Default' (00000000-0000-0000-0000-000000000000), with 11 arguments
[2026-03-21 02:09:44.303 DBG] ActionQueue :: 'Default' (00000000-0000-0000-0000-000000000000) :: Enqueue action 361aa588-5f31-4e19-b8a5-099cae52479d
[2026-03-21 02:09:44.303 DBG] ActionQueue :: 'Default' (00000000-0000-0000-0000-000000000000) :: Handling queue
[2026-03-21 02:09:44.303 DBG] ActionQueue :: 'Default' (00000000-0000-0000-0000-000000000000) :: Performing non-blocking 'Sub Goal' (361aa588-5f31-4e19-b8a5-099cae52479d, de404cfd-da9b-4127-9039-0b579a45abce)
[2026-03-21 02:09:45.504 DBG] AutoSave :: Auto saving settings...
[2026-03-21 02:09:45.521 DBG] Users :: Time to save 17.0179ms
[2026-03-21 02:09:45.543 DBG] Actions :: Time to save 22.6728ms
[2026-03-21 02:09:45.560 DBG] Commands :: Time to save 15.6ms
[2026-03-21 02:09:45.571 DBG] Twitch Rewards :: Time to save 11.9888ms
[2026-03-21 02:09:45.580 DBG] Midi :: Time to save 9.2746ms
[2026-03-21 02:09:45.594 DBG] OBS Settings :: Time to save 13.4327ms
[2026-03-21 02:09:45.608 DBG] MeldStudio Settings :: Time to save 13.1894ms
[2026-03-21 02:09:45.621 DBG] Credits :: Time to save 12.9398ms
[2026-03-21 02:09:45.636 DBG] Quotes :: Time to save 15.8203ms
[2026-03-21 02:09:45.720 DBG] Config :: Time to save 12.5026ms
[2026-03-21 02:10:27.384 DBG] ViewerRepo :: UpdatePresence(twitch, 5), 0.0355ms
[2026-03-21 02:10:27.439 DBG] TwitchService :: Presence Timer :: Artificially updated presence with a threshold of 5 minutes (54.5347ms)
[2026-03-21 02:11:27.395 DBG] ViewerRepo :: UpdatePresence(twitch, 5), 0.035ms
[2026-03-21 02:11:27.447 DBG] TwitchService :: Presence Timer :: Artificially updated presence with a threshold of 5 minutes (52.4286ms)
[2026-03-21 02:12:27.399 DBG] ViewerRepo :: UpdatePresence(twitch, 5), 0.0483ms
[2026-03-21 02:12:27.453 DBG] TwitchService :: Presence Timer :: Artificially updated presence with a threshold of 5 minutes (54.4108ms)
[2026-03-21 02:13:27.404 DBG] ViewerRepo :: UpdatePresence(twitch, 5), 0.0374ms
[2026-03-21 02:13:27.461 DBG] TwitchService :: Presence Timer :: Artificially updated presence with a threshold of 5 minutes (57.3712ms)
[2026-03-21 02:14:14.289 DBG] Credits :: Time to save 11.3342ms
[2026-03-21 02:14:27.411 DBG] ViewerRepo :: UpdatePresence(twitch, 5), 0.0375ms
[2026-03-21 02:14:27.467 DBG] TwitchService :: Presence Timer :: Artificially updated presence with a threshold of 5 minutes (56.5453ms)
[2026-03-21 02:14:45.738 DBG] AutoSave :: Auto saving settings...
[2026-03-21 02:14:45.756 DBG] Users :: Time to save 18.0771ms
[2026-03-21 02:14:45.778 DBG] Actions :: Time to save 21.8552ms
[2026-03-21 02:14:45.790 DBG] Commands :: Time to save 11.6703ms
[2026-03-21 02:14:45.802 DBG] Twitch Rewards :: Time to save 11.6087ms
[2026-03-21 02:14:45.816 DBG] Midi :: Time to save 13.5328ms
[2026-03-21 02:14:45.829 DBG] OBS Settings :: Time to save 13.9887ms
[2026-03-21 02:14:45.843 DBG] MeldStudio Settings :: Time to save 13.1122ms
[2026-03-21 02:14:45.856 DBG] Credits :: Time to save 13.2192ms
[2026-03-21 02:14:45.871 DBG] Quotes :: Time to save 15.2812ms
[2026-03-21 02:14:45.956 DBG] Config :: Time to save 17.1048ms
[2026-03-21 02:15:27.421 DBG] ViewerRepo :: UpdatePresence(twitch, 5), 0.0357ms
[2026-03-21 02:15:27.479 DBG] TwitchService :: Presence Timer :: Artificially updated presence with a threshold of 5 minutes (58.0144ms)
[2026-03-21 02:16:27.423 DBG] ViewerRepo :: UpdatePresence(twitch, 5), 0.0358ms
[2026-03-21 02:16:27.477 DBG] TwitchService :: Presence Timer :: Artificially updated presence with a threshold of 5 minutes (54.7303ms)
[2026-03-21 02:17:27.448 DBG] ViewerRepo :: UpdatePresence(twitch, 5), 0.0363ms
[2026-03-21 02:17:27.507 DBG] TwitchService :: Presence Timer :: Artificially updated presence with a threshold of 5 minutes (59.6327ms)
[2026-03-21 02:18:27.463 DBG] ViewerRepo :: UpdatePresence(twitch, 5), 0.0355ms
[2026-03-21 02:18:27.516 DBG] TwitchService :: Presence Timer :: Artificially updated presence with a threshold of 5 minutes (52.6187ms)
[2026-03-21 02:19:14.293 DBG] Credits :: Time to save 11.4555ms
[2026-03-21 02:19:27.477 DBG] ViewerRepo :: UpdatePresence(twitch, 5), 0.0363ms
[2026-03-21 02:19:27.967 DBG] TwitchService :: Presence Timer :: Artificially updated presence with a threshold of 5 minutes (489.9414ms)
[2026-03-21 02:19:44.664 DBG] ActionDispatcher :: Queueing 'Sub Goal' (361aa588-5f31-4e19-b8a5-099cae52479d, TimedAction) to 'Default' (00000000-0000-0000-0000-000000000000), with 11 arguments
[2026-03-21 02:19:44.664 DBG] ActionQueue :: 'Default' (00000000-0000-0000-0000-000000000000) :: Enqueue action 361aa588-5f31-4e19-b8a5-099cae52479d
[2026-03-21 02:19:44.664 DBG] ActionQueue :: 'Default' (00000000-0000-0000-0000-000000000000) :: Handling queue
[2026-03-21 02:19:44.664 DBG] ActionQueue :: 'Default' (00000000-0000-0000-0000-000000000000) :: Performing non-blocking 'Sub Goal' (361aa588-5f31-4e19-b8a5-099cae52479d, 90606338-eaeb-4d9f-a8fb-adb2bd492ad7)
[2026-03-21 02:19:45.965 DBG] AutoSave :: Auto saving settings...
[2026-03-21 02:19:45.982 DBG] Users :: Time to save 16.3332ms
[2026-03-21 02:19:46.002 DBG] Actions :: Time to save 21.5479ms
[2026-03-21 02:19:46.019 DBG] Commands :: Time to save 16.0812ms
[2026-03-21 02:19:46.031 DBG] Twitch Rewards :: Time to save 11.6655ms
[2026-03-21 02:19:46.040 DBG] Midi :: Time to save 9.2542ms
[2026-03-21 02:19:46.052 DBG] OBS Settings :: Time to save 12.545ms
[2026-03-21 02:19:46.067 DBG] MeldStudio Settings :: Time to save 14.0992ms
[2026-03-21 02:19:46.077 DBG] Credits :: Time to save 9.6269ms
[2026-03-21 02:19:46.087 DBG] Quotes :: Time to save 11.1616ms
[2026-03-21 02:19:46.187 DBG] Config :: Time to save 18.2073ms
[2026-03-21 02:20:27.485 DBG] ViewerRepo :: UpdatePresence(twitch, 5), 0.0359ms
[2026-03-21 02:20:27.541 DBG] TwitchService :: Presence Timer :: Artificially updated presence with a threshold of 5 minutes (57.119ms)
[2026-03-21 02:21:27.490 DBG] ViewerRepo :: UpdatePresence(twitch, 5), 0.038ms
[2026-03-21 02:21:27.545 DBG] TwitchService :: Presence Timer :: Artificially updated presence with a threshold of 5 minutes (55.4526ms)
[2026-03-21 02:22:27.490 DBG] ViewerRepo :: UpdatePresence(twitch, 5), 0.0339ms
[2026-03-21 02:22:27.542 DBG] TwitchService :: Presence Timer :: Artificially updated presence with a threshold of 5 minutes (53.0503ms)
[2026-03-21 02:23:27.496 DBG] ViewerRepo :: UpdatePresence(twitch, 5), 0.0341ms
[2026-03-21 02:23:27.554 DBG] TwitchService :: Presence Timer :: Artificially updated presence with a threshold of 5 minutes (57.9984ms)
[2026-03-21 02:24:14.304 DBG] Credits :: Time to save 16.9083ms
[2026-03-21 02:24:27.499 DBG] ViewerRepo :: UpdatePresence(twitch, 5), 0.0346ms
[2026-03-21 02:24:27.553 DBG] TwitchService :: Presence Timer :: Artificially updated presence with a threshold of 5 minutes (54.3206ms)
[2026-03-21 02:24:46.162 DBG] AutoSave :: Auto saving settings...
[2026-03-21 02:24:46.179 DBG] Users :: Time to save 17.6139ms
[2026-03-21 02:24:46.201 DBG] Actions :: Time to save 22.1297ms
[2026-03-21 02:24:46.216 DBG] Commands :: Time to save 14.9905ms
[2026-03-21 02:24:46.232 DBG] Twitch Rewards :: Time to save 16.3792ms
[2026-03-21 02:24:46.248 DBG] Midi :: Time to save 15.293ms
[2026-03-21 02:24:46.262 DBG] OBS Settings :: Time to save 14.5531ms
[2026-03-21 02:24:46.276 DBG] MeldStudio Settings :: Time to save 13.8133ms
[2026-03-21 02:24:46.289 DBG] Credits :: Time to save 13.3679ms
[2026-03-21 02:24:46.304 DBG] Quotes :: Time to save 14.9747ms
[2026-03-21 02:24:46.384 DBG] Config :: Time to save 17.2103ms
[2026-03-21 02:25:27.504 DBG] ViewerRepo :: UpdatePresence(twitch, 5), 0.0377ms
[2026-03-21 02:25:27.565 DBG] TwitchService :: Presence Timer :: Artificially updated presence with a threshold of 5 minutes (61.8974ms)
[2026-03-21 02:26:27.518 DBG] ViewerRepo :: UpdatePresence(twitch, 5), 0.034ms
[2026-03-21 02:26:27.579 DBG] TwitchService :: Presence Timer :: Artificially updated presence with a threshold of 5 minutes (60.8067ms)
[2026-03-21 02:27:27.522 DBG] ViewerRepo :: UpdatePresence(twitch, 5), 0.0363ms
[2026-03-21 02:27:27.592 DBG] TwitchService :: Presence Timer :: Artificially updated presence with a threshold of 5 minutes (71.2199ms)
[2026-03-21 02:28:27.537 DBG] ViewerRepo :: UpdatePresence(twitch, 5), 0.0367ms
[2026-03-21 02:28:27.597 DBG] TwitchService :: Presence Timer :: Artificially updated presence with a threshold of 5 minutes (60.6255ms)
[2026-03-21 02:29:14.316 DBG] Credits :: Time to save 16.2524ms
[2026-03-21 02:29:27.539 DBG] ViewerRepo :: UpdatePresence(twitch, 5), 0.0382ms
[2026-03-21 02:29:27.592 DBG] TwitchService :: Presence Timer :: Artificially updated presence with a threshold of 5 minutes (53.5411ms)
[2026-03-21 02:29:44.991 DBG] ActionDispatcher :: Queueing 'Sub Goal' (361aa588-5f31-4e19-b8a5-099cae52479d, TimedAction) to 'Default' (00000000-0000-0000-0000-000000000000), with 11 arguments
[2026-03-21 02:29:44.991 DBG] ActionQueue :: 'Default' (00000000-0000-0000-0000-000000000000) :: Enqueue action 361aa588-5f31-4e19-b8a5-099cae52479d
[2026-03-21 02:29:44.991 DBG] ActionQueue :: 'Default' (00000000-0000-0000-0000-000000000000) :: Handling queue
[2026-03-21 02:29:44.991 DBG] ActionQueue :: 'Default' (00000000-0000-0000-0000-000000000000) :: Performing non-blocking 'Sub Goal' (361aa588-5f31-4e19-b8a5-099cae52479d, 652adfbe-069f-49ad-b31f-ac4a969cc741)
[2026-03-21 02:29:46.396 DBG] AutoSave :: Auto saving settings...
[2026-03-21 02:29:46.412 DBG] Users :: Time to save 16.2135ms
[2026-03-21 02:29:46.430 DBG] Actions :: Time to save 17.4255ms
[2026-03-21 02:29:46.442 DBG] Commands :: Time to save 11.5049ms
[2026-03-21 02:29:46.453 DBG] Twitch Rewards :: Time to save 11.5198ms
[2026-03-21 02:29:46.463 DBG] Midi :: Time to save 10.9453ms
[2026-03-21 02:29:46.474 DBG] OBS Settings :: Time to save 10.0091ms
[2026-03-21 02:29:46.487 DBG] MeldStudio Settings :: Time to save 13.9436ms
[2026-03-21 02:29:46.501 DBG] Credits :: Time to save 13.4642ms
[2026-03-21 02:29:46.517 DBG] Quotes :: Time to save 15.9192ms
[2026-03-21 02:29:46.610 DBG] Config :: Time to save 13.7733ms
[2026-03-21 02:30:27.544 DBG] ViewerRepo :: UpdatePresence(twitch, 5), 0.0341ms
[2026-03-21 02:30:27.597 DBG] TwitchService :: Presence Timer :: Artificially updated presence with a threshold of 5 minutes (52.8621ms)
[2026-03-21 02:31:27.544 DBG] ViewerRepo :: UpdatePresence(twitch, 5), 0.0347ms
[2026-03-21 02:31:27.604 DBG] TwitchService :: Presence Timer :: Artificially updated presence with a threshold of 5 minutes (61.5393ms)
[2026-03-21 02:32:27.556 DBG] ViewerRepo :: UpdatePresence(twitch, 5), 0.0475ms
[2026-03-21 02:32:27.614 DBG] TwitchService :: Presence Timer :: Artificially updated presence with a threshold of 5 minutes (57.5718ms)
[2026-03-21 02:33:27.562 DBG] ViewerRepo :: UpdatePresence(twitch, 5), 0.0369ms
[2026-03-21 02:33:27.616 DBG] TwitchService :: Presence Timer :: Artificially updated presence with a threshold of 5 minutes (54.6784ms)
[2026-03-21 02:34:14.327 DBG] Credits :: Time to save 15.9157ms
[2026-03-21 02:34:27.564 DBG] ViewerRepo :: UpdatePresence(twitch, 5), 0.0356ms
[2026-03-21 02:34:27.621 DBG] TwitchService :: Presence Timer :: Artificially updated presence with a threshold of 5 minutes (57.1886ms)
[2026-03-21 02:34:46.584 DBG] AutoSave :: Auto saving settings...
[2026-03-21 02:34:46.597 DBG] Users :: Time to save 13.3457ms
[2026-03-21 02:34:46.621 DBG] Actions :: Time to save 24.6625ms
[2026-03-21 02:34:46.638 DBG] Commands :: Time to save 16.4103ms
[2026-03-21 02:34:46.654 DBG] Twitch Rewards :: Time to save 15.6272ms
[2026-03-21 02:34:46.669 DBG] Midi :: Time to save 15.6251ms
[2026-03-21 02:34:46.684 DBG] OBS Settings :: Time to save 14.3616ms
[2026-03-21 02:34:46.698 DBG] MeldStudio Settings :: Time to save 14.2643ms
[2026-03-21 02:34:46.713 DBG] Credits :: Time to save 14.3804ms
[2026-03-21 02:34:46.729 DBG] Quotes :: Time to save 16.2441ms
[2026-03-21 02:34:46.804 DBG] Config :: Time to save 17.2879ms
[2026-03-21 02:35:27.564 DBG] ViewerRepo :: UpdatePresence(twitch, 5), 0.034ms
[2026-03-21 02:35:27.624 DBG] TwitchService :: Presence Timer :: Artificially updated presence with a threshold of 5 minutes (59.6167ms)
[2026-03-21 02:36:27.578 DBG] ViewerRepo :: UpdatePresence(twitch, 5), 0.0347ms
[2026-03-21 02:36:27.635 DBG] TwitchService :: Presence Timer :: Artificially updated presence with a threshold of 5 minutes (57.858ms)
[2026-03-21 02:37:27.584 DBG] ViewerRepo :: UpdatePresence(twitch, 5), 0.0349ms
[2026-03-21 02:37:27.639 DBG] TwitchService :: Presence Timer :: Artificially updated presence with a threshold of 5 minutes (54.8731ms)
[2026-03-21 02:38:27.590 DBG] ViewerRepo :: UpdatePresence(twitch, 5), 0.0373ms
[2026-03-21 02:38:27.645 DBG] TwitchService :: Presence Timer :: Artificially updated presence with a threshold of 5 minutes (55.3597ms)
[2026-03-21 02:39:14.338 DBG] Credits :: Time to save 16.5374ms
[2026-03-21 02:39:27.596 DBG] ViewerRepo :: UpdatePresence(twitch, 5), 0.0337ms
[2026-03-21 02:39:27.655 DBG] TwitchService :: Presence Timer :: Artificially updated presence with a threshold of 5 minutes (58.8961ms)
[2026-03-21 02:39:45.496 DBG] ActionDispatcher :: Queueing 'Sub Goal' (361aa588-5f31-4e19-b8a5-099cae52479d, TimedAction) to 'Default' (00000000-0000-0000-0000-000000000000), with 11 arguments
[2026-03-21 02:39:45.496 DBG] ActionQueue :: 'Default' (00000000-0000-0000-0000-000000000000) :: Enqueue action 361aa588-5f31-4e19-b8a5-099cae52479d
[2026-03-21 02:39:45.496 DBG] ActionQueue :: 'Default' (00000000-0000-0000-0000-000000000000) :: Handling queue
[2026-03-21 02:39:45.496 DBG] ActionQueue :: 'Default' (00000000-0000-0000-0000-000000000000) :: Performing non-blocking 'Sub Goal' (361aa588-5f31-4e19-b8a5-099cae52479d, f6dbc6f1-2a14-4f2d-907d-e52edda53db9)
[2026-03-21 02:39:46.804 DBG] AutoSave :: Auto saving settings...
[2026-03-21 02:39:46.819 DBG] Users :: Time to save 15.7399ms
[2026-03-21 02:39:46.843 DBG] Actions :: Time to save 23.5382ms
[2026-03-21 02:39:46.858 DBG] Commands :: Time to save 15.4535ms
[2026-03-21 02:39:46.875 DBG] Twitch Rewards :: Time to save 16.3958ms
[2026-03-21 02:39:46.885 DBG] Midi :: Time to save 10.2022ms
[2026-03-21 02:39:46.899 DBG] OBS Settings :: Time to save 14.3056ms
[2026-03-21 02:39:46.914 DBG] MeldStudio Settings :: Time to save 14.2536ms
[2026-03-21 02:39:46.927 DBG] Credits :: Time to save 13.4584ms
[2026-03-21 02:39:46.944 DBG] Quotes :: Time to save 15.7969ms
[2026-03-21 02:39:47.026 DBG] Config :: Time to save 17.5573ms
[2026-03-21 02:40:27.610 DBG] ViewerRepo :: UpdatePresence(twitch, 5), 0.0353ms
[2026-03-21 02:40:27.668 DBG] TwitchService :: Presence Timer :: Artificially updated presence with a threshold of 5 minutes (58.5439ms)
[2026-03-21 02:41:27.623 DBG] ViewerRepo :: UpdatePresence(twitch, 5), 0.0338ms
[2026-03-21 02:41:27.678 DBG] TwitchService :: Presence Timer :: Artificially updated presence with a threshold of 5 minutes (55.5434ms)
[2026-03-21 02:42:27.638 DBG] ViewerRepo :: UpdatePresence(twitch, 5), 0.0345ms
[2026-03-21 02:42:27.695 DBG] TwitchService :: Presence Timer :: Artificially updated presence with a threshold of 5 minutes (57.1926ms)
[2026-03-21 02:43:27.650 DBG] ViewerRepo :: UpdatePresence(twitch, 5), 0.034ms
[2026-03-21 02:43:27.706 DBG] TwitchService :: Presence Timer :: Artificially updated presence with a threshold of 5 minutes (56.5629ms)
[2026-03-21 02:44:14.347 DBG] Credits :: Time to save 16.0316ms
[2026-03-21 02:44:27.661 DBG] ViewerRepo :: UpdatePresence(twitch, 5), 0.0396ms
[2026-03-21 02:44:27.720 DBG] TwitchService :: Presence Timer :: Artificially updated presence with a threshold of 5 minutes (58.6751ms)
[2026-03-21 02:44:47.031 DBG] AutoSave :: Auto saving settings...
[2026-03-21 02:44:47.049 DBG] Users :: Time to save 18.4582ms
[2026-03-21 02:44:47.072 DBG] Actions :: Time to save 22.336ms
[2026-03-21 02:44:47.089 DBG] Commands :: Time to save 17.0353ms
[2026-03-21 02:44:47.103 DBG] Twitch Rewards :: Time to save 14.6935ms
[2026-03-21 02:44:47.114 DBG] Midi :: Time to save 10.6929ms
[2026-03-21 02:44:47.124 DBG] OBS Settings :: Time to save 9.9526ms
[2026-03-21 02:44:47.138 DBG] MeldStudio Settings :: Time to save 14.0315ms
[2026-03-21 02:44:47.150 DBG] Credits :: Time to save 12.3667ms
[2026-03-21 02:44:47.166 DBG] Quotes :: Time to save 15.3281ms
[2026-03-21 02:44:47.251 DBG] Config :: Time to save 17.5676ms
[2026-03-21 02:45:27.668 DBG] ViewerRepo :: UpdatePresence(twitch, 5), 0.047ms
[2026-03-21 02:45:27.724 DBG] TwitchService :: Presence Timer :: Artificially updated presence with a threshold of 5 minutes (56.8344ms)
[2026-03-21 02:46:27.680 DBG] ViewerRepo :: UpdatePresence(twitch, 5), 0.0346ms
[2026-03-21 02:46:27.734 DBG] TwitchService :: Presence Timer :: Artificially updated presence with a threshold of 5 minutes (55.0397ms)
[2026-03-21 02:47:27.689 DBG] ViewerRepo :: UpdatePresence(twitch, 5), 0.0356ms
[2026-03-21 02:47:27.745 DBG] TwitchService :: Presence Timer :: Artificially updated presence with a threshold of 5 minutes (56.5927ms)
[2026-03-21 02:48:27.702 DBG] ViewerRepo :: UpdatePresence(twitch, 5), 0.0495ms
[2026-03-21 02:48:27.760 DBG] TwitchService :: Presence Timer :: Artificially updated presence with a threshold of 5 minutes (57.8712ms)
[2026-03-21 02:49:14.365 DBG] Credits :: Time to save 15.7827ms
[2026-03-21 02:49:27.718 DBG] ViewerRepo :: UpdatePresence(twitch, 5), 0.039ms
[2026-03-21 02:49:27.774 DBG] TwitchService :: Presence Timer :: Artificially updated presence with a threshold of 5 minutes (55.9063ms)
[2026-03-21 02:49:46.015 DBG] ActionDispatcher :: Queueing 'Sub Goal' (361aa588-5f31-4e19-b8a5-099cae52479d, TimedAction) to 'Default' (00000000-0000-0000-0000-000000000000), with 11 arguments
[2026-03-21 02:49:46.015 DBG] ActionQueue :: 'Default' (00000000-0000-0000-0000-000000000000) :: Enqueue action 361aa588-5f31-4e19-b8a5-099cae52479d
[2026-03-21 02:49:46.015 DBG] ActionQueue :: 'Default' (00000000-0000-0000-0000-000000000000) :: Handling queue
[2026-03-21 02:49:46.015 DBG] ActionQueue :: 'Default' (00000000-0000-0000-0000-000000000000) :: Performing non-blocking 'Sub Goal' (361aa588-5f31-4e19-b8a5-099cae52479d, 03c8dcaa-45bb-43f5-abf8-949421b1f53e)
[2026-03-21 02:49:47.246 DBG] AutoSave :: Auto saving settings...
[2026-03-21 02:49:47.264 DBG] Users :: Time to save 18.0135ms
[2026-03-21 02:49:47.288 DBG] Actions :: Time to save 24.5226ms
[2026-03-21 02:49:47.306 DBG] Commands :: Time to save 16.8494ms
[2026-03-21 02:49:47.322 DBG] Twitch Rewards :: Time to save 17.0125ms
[2026-03-21 02:49:47.335 DBG] Midi :: Time to save 13.0473ms
[2026-03-21 02:49:47.350 DBG] OBS Settings :: Time to save 13.9009ms
[2026-03-21 02:49:47.360 DBG] MeldStudio Settings :: Time to save 10.2093ms
[2026-03-21 02:49:47.372 DBG] Credits :: Time to save 12.6691ms
[2026-03-21 02:49:47.387 DBG] Quotes :: Time to save 14.4934ms
[2026-03-21 02:49:47.463 DBG] Config :: Time to save 12.7471ms
[2026-03-21 02:50:27.720 DBG] ViewerRepo :: UpdatePresence(twitch, 5), 0.0472ms
[2026-03-21 02:50:27.775 DBG] TwitchService :: Presence Timer :: Artificially updated presence with a threshold of 5 minutes (54.4613ms)
[2026-03-21 02:51:27.724 DBG] ViewerRepo :: UpdatePresence(twitch, 5), 0.0345ms
[2026-03-21 02:51:27.778 DBG] TwitchService :: Presence Timer :: Artificially updated presence with a threshold of 5 minutes (54.1175ms)
[2026-03-21 02:52:27.725 DBG] ViewerRepo :: UpdatePresence(twitch, 5), 0.0352ms
[2026-03-21 02:52:27.789 DBG] TwitchService :: Presence Timer :: Artificially updated presence with a threshold of 5 minutes (64.3963ms)
[2026-03-21 02:53:27.739 DBG] ViewerRepo :: UpdatePresence(twitch, 5), 0.0435ms
[2026-03-21 02:53:27.795 DBG] TwitchService :: Presence Timer :: Artificially updated presence with a threshold of 5 minutes (55.898ms)
[2026-03-21 02:54:14.367 DBG] Credits :: Time to save 15.6015ms
[2026-03-21 02:54:27.751 DBG] ViewerRepo :: UpdatePresence(twitch, 5), 0.039ms
[2026-03-21 02:54:27.804 DBG] TwitchService :: Presence Timer :: Artificially updated presence with a threshold of 5 minutes (52.9301ms)
[2026-03-21 02:54:47.465 DBG] AutoSave :: Auto saving settings...
[2026-03-21 02:54:47.482 DBG] Users :: Time to save 18.0901ms
[2026-03-21 02:54:47.502 DBG] Actions :: Time to save 18.9846ms
[2026-03-21 02:54:47.514 DBG] Commands :: Time to save 11.2408ms
[2026-03-21 02:54:47.524 DBG] Twitch Rewards :: Time to save 11.1932ms
[2026-03-21 02:54:47.538 DBG] Midi :: Time to save 14.2139ms
[2026-03-21 02:54:47.554 DBG] OBS Settings :: Time to save 14.5263ms
[2026-03-21 02:54:47.565 DBG] MeldStudio Settings :: Time to save 11.2786ms
[2026-03-21 02:54:47.574 DBG] Credits :: Time to save 9.8192ms
[2026-03-21 02:54:47.585 DBG] Quotes :: Time to save 10.9768ms
[2026-03-21 02:54:47.685 DBG] Config :: Time to save 18.0315ms
[2026-03-21 02:55:27.766 DBG] ViewerRepo :: UpdatePresence(twitch, 5), 0.0363ms
[2026-03-21 02:55:27.824 DBG] TwitchService :: Presence Timer :: Artificially updated presence with a threshold of 5 minutes (58.7528ms)
[2026-03-21 02:56:27.767 DBG] ViewerRepo :: UpdatePresence(twitch, 5), 0.0382ms
[2026-03-21 02:56:27.825 DBG] TwitchService :: Presence Timer :: Artificially updated presence with a threshold of 5 minutes (58.5649ms)
[2026-03-21 02:57:27.777 DBG] ViewerRepo :: UpdatePresence(twitch, 5), 0.035ms
[2026-03-21 02:57:27.838 DBG] TwitchService :: Presence Timer :: Artificially updated presence with a threshold of 5 minutes (60.7679ms)
[2026-03-21 02:58:27.801 DBG] ViewerRepo :: UpdatePresence(twitch, 5), 0.0368ms
[2026-03-21 02:58:27.858 DBG] TwitchService :: Presence Timer :: Artificially updated presence with a threshold of 5 minutes (57.0419ms)
[2026-03-21 02:59:14.380 DBG] Credits :: Time to save 14.7279ms
[2026-03-21 02:59:27.822 DBG] ViewerRepo :: UpdatePresence(twitch, 5), 0.0353ms
[2026-03-21 02:59:27.881 DBG] TwitchService :: Presence Timer :: Artificially updated presence with a threshold of 5 minutes (59.0139ms)
[2026-03-21 02:59:46.585 DBG] ActionDispatcher :: Queueing 'Sub Goal' (361aa588-5f31-4e19-b8a5-099cae52479d, TimedAction) to 'Default' (00000000-0000-0000-0000-000000000000), with 11 arguments
[2026-03-21 02:59:46.585 DBG] ActionQueue :: 'Default' (00000000-0000-0000-0000-000000000000) :: Enqueue action 361aa588-5f31-4e19-b8a5-099cae52479d
[2026-03-21 02:59:46.585 DBG] ActionQueue :: 'Default' (00000000-0000-0000-0000-000000000000) :: Handling queue
[2026-03-21 02:59:46.585 DBG] ActionQueue :: 'Default' (00000000-0000-0000-0000-000000000000) :: Performing non-blocking 'Sub Goal' (361aa588-5f31-4e19-b8a5-099cae52479d, 1a5f0ad9-0e3f-47b1-bdf9-719f8d7c4d33)
[2026-03-21 02:59:47.679 DBG] AutoSave :: Auto saving settings...
[2026-03-21 02:59:47.697 DBG] Users :: Time to save 18.3767ms
[2026-03-21 02:59:47.719 DBG] Actions :: Time to save 21.7472ms
[2026-03-21 02:59:47.732 DBG] Commands :: Time to save 13.2287ms
[2026-03-21 02:59:47.744 DBG] Twitch Rewards :: Time to save 11.0551ms
[2026-03-21 02:59:47.752 DBG] Midi :: Time to save 9.2321ms
[2026-03-21 02:59:47.764 DBG] OBS Settings :: Time to save 11.9352ms
[2026-03-21 02:59:47.776 DBG] MeldStudio Settings :: Time to save 11.2557ms
[2026-03-21 02:59:47.791 DBG] Credits :: Time to save 15.0733ms
[2026-03-21 02:59:47.809 DBG] Quotes :: Time to save 17.5977ms
[2026-03-21 02:59:47.902 DBG] Config :: Time to save 20.1077ms
[2026-03-21 03:00:27.835 DBG] ViewerRepo :: UpdatePresence(twitch, 5), 0.0486ms
[2026-03-21 03:00:27.891 DBG] TwitchService :: Presence Timer :: Artificially updated presence with a threshold of 5 minutes (56.0989ms)
[2026-03-21 03:01:27.849 DBG] ViewerRepo :: UpdatePresence(twitch, 5), 0.0424ms
[2026-03-21 03:01:27.905 DBG] TwitchService :: Presence Timer :: Artificially updated presence with a threshold of 5 minutes (56.4076ms)
[2026-03-21 03:02:27.862 DBG] ViewerRepo :: UpdatePresence(twitch, 5), 0.0375ms
[2026-03-21 03:02:27.921 DBG] TwitchService :: Presence Timer :: Artificially updated presence with a threshold of 5 minutes (59.7889ms)
[2026-03-21 03:03:27.876 DBG] ViewerRepo :: UpdatePresence(twitch, 5), 0.0369ms
[2026-03-21 03:03:27.930 DBG] TwitchService :: Presence Timer :: Artificially updated presence with a threshold of 5 minutes (54.694ms)
[2026-03-21 03:04:14.385 DBG] Credits :: Time to save 11.3856ms
[2026-03-21 03:04:27.883 DBG] ViewerRepo :: UpdatePresence(twitch, 5), 0.0342ms
[2026-03-21 03:04:27.938 DBG] TwitchService :: Presence Timer :: Artificially updated presence with a threshold of 5 minutes (54.3752ms)
[2026-03-21 03:04:47.893 DBG] AutoSave :: Auto saving settings...
[2026-03-21 03:04:47.907 DBG] Users :: Time to save 14.0974ms
[2026-03-21 03:04:47.924 DBG] Actions :: Time to save 16.9901ms
[2026-03-21 03:04:47.935 DBG] Commands :: Time to save 11.4403ms
[2026-03-21 03:04:47.949 DBG] Twitch Rewards :: Time to save 13.8037ms
[2026-03-21 03:04:47.959 DBG] Midi :: Time to save 10.5371ms
[2026-03-21 03:04:47.970 DBG] OBS Settings :: Time to save 9.6973ms
[2026-03-21 03:04:47.982 DBG] MeldStudio Settings :: Time to save 12.9788ms
[2026-03-21 03:04:47.995 DBG] Credits :: Time to save 12.815ms
[2026-03-21 03:04:48.006 DBG] Quotes :: Time to save 10.8661ms
[2026-03-21 03:04:48.114 DBG] Config :: Time to save 18.6935ms
[2026-03-21 03:05:27.886 DBG] ViewerRepo :: UpdatePresence(twitch, 5), 0.041ms
[2026-03-21 03:05:27.945 DBG] TwitchService :: Presence Timer :: Artificially updated presence with a threshold of 5 minutes (59.395ms)
[2026-03-21 03:06:27.899 DBG] ViewerRepo :: UpdatePresence(twitch, 5), 0.0468ms
[2026-03-21 03:06:27.954 DBG] TwitchService :: Presence Timer :: Artificially updated presence with a threshold of 5 minutes (54.4794ms)
[2026-03-21 03:07:27.904 DBG] ViewerRepo :: UpdatePresence(twitch, 5), 0.0476ms
[2026-03-21 03:07:27.962 DBG] TwitchService :: Presence Timer :: Artificially updated presence with a threshold of 5 minutes (57.5873ms)
[2026-03-21 03:08:27.912 DBG] ViewerRepo :: UpdatePresence(twitch, 5), 0.037ms
[2026-03-21 03:08:27.966 DBG] TwitchService :: Presence Timer :: Artificially updated presence with a threshold of 5 minutes (54.3207ms)
[2026-03-21 03:09:14.389 DBG] Credits :: Time to save 14.2478ms
[2026-03-21 03:09:27.915 DBG] ViewerRepo :: UpdatePresence(twitch, 5), 0.0353ms
[2026-03-21 03:09:27.970 DBG] TwitchService :: Presence Timer :: Artificially updated presence with a threshold of 5 minutes (56.0765ms)
[2026-03-21 03:09:47.524 DBG] ActionDispatcher :: Queueing 'Sub Goal' (361aa588-5f31-4e19-b8a5-099cae52479d, TimedAction) to 'Default' (00000000-0000-0000-0000-000000000000), with 11 arguments
[2026-03-21 03:09:47.524 DBG] ActionQueue :: 'Default' (00000000-0000-0000-0000-000000000000) :: Enqueue action 361aa588-5f31-4e19-b8a5-099cae52479d
[2026-03-21 03:09:47.524 DBG] ActionQueue :: 'Default' (00000000-0000-0000-0000-000000000000) :: Handling queue
[2026-03-21 03:09:47.524 DBG] ActionQueue :: 'Default' (00000000-0000-0000-0000-000000000000) :: Performing non-blocking 'Sub Goal' (361aa588-5f31-4e19-b8a5-099cae52479d, 28656330-9d9a-4578-b322-410fcc088091)
[2026-03-21 03:09:48.092 DBG] AutoSave :: Auto saving settings...
[2026-03-21 03:09:48.110 DBG] Users :: Time to save 17.8791ms
[2026-03-21 03:09:48.132 DBG] Actions :: Time to save 21.9481ms
[2026-03-21 03:09:48.148 DBG] Commands :: Time to save 15.6896ms
[2026-03-21 03:09:48.160 DBG] Twitch Rewards :: Time to save 12.2251ms
[2026-03-21 03:09:48.174 DBG] Midi :: Time to save 13.4163ms
[2026-03-21 03:09:48.186 DBG] OBS Settings :: Time to save 13.3997ms
[2026-03-21 03:09:48.200 DBG] MeldStudio Settings :: Time to save 13.196ms
[2026-03-21 03:09:48.212 DBG] Credits :: Time to save 12.312ms
[2026-03-21 03:09:48.229 DBG] Quotes :: Time to save 15.9211ms
[2026-03-21 03:09:48.312 DBG] Config :: Time to save 17.1045ms
[2026-03-21 03:10:27.925 DBG] ViewerRepo :: UpdatePresence(twitch, 5), 0.0368ms
[2026-03-21 03:10:27.979 DBG] TwitchService :: Presence Timer :: Artificially updated presence with a threshold of 5 minutes (54.9254ms)
[2026-03-21 03:11:27.925 DBG] ViewerRepo :: UpdatePresence(twitch, 5), 0.034ms
[2026-03-21 03:11:27.982 DBG] TwitchService :: Presence Timer :: Artificially updated presence with a threshold of 5 minutes (57.6249ms)
[2026-03-21 03:12:27.929 DBG] ViewerRepo :: UpdatePresence(twitch, 5), 0.0393ms
[2026-03-21 03:12:27.986 DBG] TwitchService :: Presence Timer :: Artificially updated presence with a threshold of 5 minutes (57.9801ms)
[2026-03-21 03:13:27.942 DBG] ViewerRepo :: UpdatePresence(twitch, 5), 0.0363ms
[2026-03-21 03:13:27.995 DBG] TwitchService :: Presence Timer :: Artificially updated presence with a threshold of 5 minutes (53.266ms)
[2026-03-21 03:14:14.405 DBG] Credits :: Time to save 16.3112ms
[2026-03-21 03:14:27.944 DBG] ViewerRepo :: UpdatePresence(twitch, 5), 0.0377ms
[2026-03-21 03:14:27.997 DBG] TwitchService :: Presence Timer :: Artificially updated presence with a threshold of 5 minutes (53.5198ms)
[2026-03-21 03:14:48.320 DBG] AutoSave :: Auto saving settings...
[2026-03-21 03:14:48.333 DBG] Users :: Time to save 13.5758ms
[2026-03-21 03:14:48.350 DBG] Actions :: Time to save 16.7748ms
[2026-03-21 03:14:48.368 DBG] Commands :: Time to save 18.0486ms
[2026-03-21 03:14:48.386 DBG] Twitch Rewards :: Time to save 17.6995ms
[2026-03-21 03:14:48.400 DBG] Midi :: Time to save 13.9617ms
[2026-03-21 03:14:48.414 DBG] OBS Settings :: Time to save 13.7962ms
[2026-03-21 03:14:48.428 DBG] MeldStudio Settings :: Time to save 13.8722ms
[2026-03-21 03:14:48.442 DBG] Credits :: Time to save 14.3783ms
[2026-03-21 03:14:48.458 DBG] Quotes :: Time to save 16.227ms
[2026-03-21 03:14:48.554 DBG] Config :: Time to save 17.7685ms
[2026-03-21 03:15:27.946 DBG] ViewerRepo :: UpdatePresence(twitch, 5), 0.0375ms
[2026-03-21 03:15:28.006 DBG] TwitchService :: Presence Timer :: Artificially updated presence with a threshold of 5 minutes (59.8801ms)
[2026-03-21 03:16:27.952 DBG] ViewerRepo :: UpdatePresence(twitch, 5), 0.0532ms
[2026-03-21 03:16:28.008 DBG] TwitchService :: Presence Timer :: Artificially updated presence with a threshold of 5 minutes (55.9529ms)
[2026-03-21 03:17:27.961 DBG] ViewerRepo :: UpdatePresence(twitch, 5), 0.0487ms
[2026-03-21 03:17:28.018 DBG] TwitchService :: Presence Timer :: Artificially updated presence with a threshold of 5 minutes (57.2075ms)
[2026-03-21 03:18:27.969 DBG] ViewerRepo :: UpdatePresence(twitch, 5), 0.0342ms
[2026-03-21 03:18:28.028 DBG] TwitchService :: Presence Timer :: Artificially updated presence with a threshold of 5 minutes (58.5721ms)
[2026-03-21 03:19:14.415 DBG] Credits :: Time to save 16.2083ms
[2026-03-21 03:19:27.976 DBG] ViewerRepo :: UpdatePresence(twitch, 5), 0.0359ms
[2026-03-21 03:19:28.466 DBG] TwitchService :: Presence Timer :: Artificially updated presence with a threshold of 5 minutes (490.1652ms)
[2026-03-21 03:19:48.235 DBG] ActionDispatcher :: Queueing 'Sub Goal' (361aa588-5f31-4e19-b8a5-099cae52479d, TimedAction) to 'Default' (00000000-0000-0000-0000-000000000000), with 11 arguments
[2026-03-21 03:19:48.235 DBG] ActionQueue :: 'Default' (00000000-0000-0000-0000-000000000000) :: Enqueue action 361aa588-5f31-4e19-b8a5-099cae52479d
[2026-03-21 03:19:48.235 DBG] ActionQueue :: 'Default' (00000000-0000-0000-0000-000000000000) :: Handling queue
[2026-03-21 03:19:48.235 DBG] ActionQueue :: 'Default' (00000000-0000-0000-0000-000000000000) :: Performing non-blocking 'Sub Goal' (361aa588-5f31-4e19-b8a5-099cae52479d, 070b3f0e-61b4-48de-b803-9de79b8c2d72)
[2026-03-21 03:19:48.550 DBG] AutoSave :: Auto saving settings...
[2026-03-21 03:19:48.568 DBG] Users :: Time to save 17.776ms
[2026-03-21 03:19:48.586 DBG] Actions :: Time to save 17.8516ms
[2026-03-21 03:19:48.602 DBG] Commands :: Time to save 16.8392ms
[2026-03-21 03:19:48.619 DBG] Twitch Rewards :: Time to save 15.9242ms
[2026-03-21 03:19:48.632 DBG] Midi :: Time to save 13.1179ms
[2026-03-21 03:19:48.645 DBG] OBS Settings :: Time to save 13.1754ms
[2026-03-21 03:19:48.658 DBG] MeldStudio Settings :: Time to save 13.5867ms
[2026-03-21 03:19:48.673 DBG] Credits :: Time to save 14.3222ms
[2026-03-21 03:19:48.690 DBG] Quotes :: Time to save 16.9894ms
[2026-03-21 03:19:48.769 DBG] Config :: Time to save 14.1706ms
[2026-03-21 03:20:27.987 DBG] ViewerRepo :: UpdatePresence(twitch, 5), 0.0343ms
[2026-03-21 03:20:28.047 DBG] TwitchService :: Presence Timer :: Artificially updated presence with a threshold of 5 minutes (60.3807ms)
[2026-03-21 03:21:27.993 DBG] ViewerRepo :: UpdatePresence(twitch, 5), 0.0348ms
[2026-03-21 03:21:28.051 DBG] TwitchService :: Presence Timer :: Artificially updated presence with a threshold of 5 minutes (59.3337ms)
[2026-03-21 03:22:28.005 DBG] ViewerRepo :: UpdatePresence(twitch, 5), 0.034ms
[2026-03-21 03:22:28.057 DBG] TwitchService :: Presence Timer :: Artificially updated presence with a threshold of 5 minutes (52.9009ms)
[2026-03-21 03:23:28.025 DBG] ViewerRepo :: UpdatePresence(twitch, 5), 0.0392ms
[2026-03-21 03:23:28.082 DBG] TwitchService :: Presence Timer :: Artificially updated presence with a threshold of 5 minutes (57.0308ms)
[2026-03-21 03:24:14.429 DBG] Credits :: Time to save 16.0792ms
[2026-03-21 03:24:28.035 DBG] ViewerRepo :: UpdatePresence(twitch, 5), 0.0353ms
[2026-03-21 03:24:28.091 DBG] TwitchService :: Presence Timer :: Artificially updated presence with a threshold of 5 minutes (57.8875ms)
[2026-03-21 03:24:48.801 DBG] AutoSave :: Auto saving settings...
[2026-03-21 03:24:48.814 DBG] Users :: Time to save 13.2149ms
[2026-03-21 03:24:48.836 DBG] Actions :: Time to save 20.6435ms
[2026-03-21 03:24:48.851 DBG] Commands :: Time to save 15.7931ms
[2026-03-21 03:24:48.867 DBG] Twitch Rewards :: Time to save 15.1915ms
[2026-03-21 03:24:48.877 DBG] Midi :: Time to save 9.8416ms
[2026-03-21 03:24:48.887 DBG] OBS Settings :: Time to save 10.1798ms
[2026-03-21 03:24:48.899 DBG] MeldStudio Settings :: Time to save 12.0579ms
[2026-03-21 03:24:48.908 DBG] Credits :: Time to save 9.2226ms
[2026-03-21 03:24:48.922 DBG] Quotes :: Time to save 14.0015ms
[2026-03-21 03:24:49.021 DBG] Config :: Time to save 17.8722ms
[2026-03-21 03:25:28.049 DBG] ViewerRepo :: UpdatePresence(twitch, 5), 0.0482ms
[2026-03-21 03:25:28.109 DBG] TwitchService :: Presence Timer :: Artificially updated presence with a threshold of 5 minutes (59.6384ms)
[2026-03-21 03:26:28.061 DBG] ViewerRepo :: UpdatePresence(twitch, 5), 0.0347ms
[2026-03-21 03:26:28.118 DBG] TwitchService :: Presence Timer :: Artificially updated presence with a threshold of 5 minutes (57.6068ms)
[2026-03-21 03:27:28.073 DBG] ViewerRepo :: UpdatePresence(twitch, 5), 0.0344ms
[2026-03-21 03:27:28.132 DBG] TwitchService :: Presence Timer :: Artificially updated presence with a threshold of 5 minutes (59.4605ms)
[2026-03-21 03:28:28.081 DBG] ViewerRepo :: UpdatePresence(twitch, 5), 0.0431ms
[2026-03-21 03:28:28.136 DBG] TwitchService :: Presence Timer :: Artificially updated presence with a threshold of 5 minutes (56.427ms)
[2026-03-21 03:29:14.441 DBG] Credits :: Time to save 16.501ms
[2026-03-21 03:29:28.085 DBG] ViewerRepo :: UpdatePresence(twitch, 5), 0.0347ms
[2026-03-21 03:29:28.138 DBG] TwitchService :: Presence Timer :: Artificially updated presence with a threshold of 5 minutes (53.6451ms)
[2026-03-21 03:29:48.667 DBG] ActionDispatcher :: Queueing 'Sub Goal' (361aa588-5f31-4e19-b8a5-099cae52479d, TimedAction) to 'Default' (00000000-0000-0000-0000-000000000000), with 11 arguments
[2026-03-21 03:29:48.667 DBG] ActionQueue :: 'Default' (00000000-0000-0000-0000-000000000000) :: Enqueue action 361aa588-5f31-4e19-b8a5-099cae52479d
[2026-03-21 03:29:48.667 DBG] ActionQueue :: 'Default' (00000000-0000-0000-0000-000000000000) :: Handling queue
[2026-03-21 03:29:48.667 DBG] ActionQueue :: 'Default' (00000000-0000-0000-0000-000000000000) :: Performing non-blocking 'Sub Goal' (361aa588-5f31-4e19-b8a5-099cae52479d, 912c179f-2078-4a04-948e-885068a28067)
[2026-03-21 03:29:49.011 DBG] AutoSave :: Auto saving settings...
[2026-03-21 03:29:49.025 DBG] Users :: Time to save 14.4108ms
[2026-03-21 03:29:49.049 DBG] Actions :: Time to save 22.9969ms
[2026-03-21 03:29:49.061 DBG] Commands :: Time to save 11.5264ms
[2026-03-21 03:29:49.072 DBG] Twitch Rewards :: Time to save 11.5885ms
[2026-03-21 03:29:49.085 DBG] Midi :: Time to save 13.0675ms
[2026-03-21 03:29:49.097 DBG] OBS Settings :: Time to save 12.1579ms
[2026-03-21 03:29:49.106 DBG] MeldStudio Settings :: Time to save 9.1122ms
[2026-03-21 03:29:49.119 DBG] Credits :: Time to save 13.0805ms
[2026-03-21 03:29:49.135 DBG] Quotes :: Time to save 15.1985ms
[2026-03-21 03:29:49.234 DBG] Config :: Time to save 18.4169ms
[2026-03-21 03:30:28.091 DBG] ViewerRepo :: UpdatePresence(twitch, 5), 0.0354ms
[2026-03-21 03:30:28.147 DBG] TwitchService :: Presence Timer :: Artificially updated presence with a threshold of 5 minutes (56.5023ms)
[2026-03-21 03:31:28.106 DBG] ViewerRepo :: UpdatePresence(twitch, 5), 0.0367ms
[2026-03-21 03:31:28.161 DBG] TwitchService :: Presence Timer :: Artificially updated presence with a threshold of 5 minutes (56.531ms)
[2026-03-21 03:32:28.118 DBG] ViewerRepo :: UpdatePresence(twitch, 5), 0.0493ms
[2026-03-21 03:32:28.176 DBG] TwitchService :: Presence Timer :: Artificially updated presence with a threshold of 5 minutes (58.3401ms)
[2026-03-21 03:33:28.123 DBG] ViewerRepo :: UpdatePresence(twitch, 5), 0.0356ms
[2026-03-21 03:33:28.179 DBG] TwitchService :: Presence Timer :: Artificially updated presence with a threshold of 5 minutes (56.1577ms)
[2026-03-21 03:34:14.462 DBG] Credits :: Time to save 16.3779ms
[2026-03-21 03:34:28.130 DBG] ViewerRepo :: UpdatePresence(twitch, 5), 0.0384ms
[2026-03-21 03:34:28.188 DBG] TwitchService :: Presence Timer :: Artificially updated presence with a threshold of 5 minutes (59.2345ms)
[2026-03-21 03:34:49.216 DBG] AutoSave :: Auto saving settings...
[2026-03-21 03:34:49.230 DBG] Users :: Time to save 13.8875ms
[2026-03-21 03:34:49.247 DBG] Actions :: Time to save 17.2828ms
[2026-03-21 03:34:49.258 DBG] Commands :: Time to save 11.1828ms
[2026-03-21 03:34:49.271 DBG] Twitch Rewards :: Time to save 13.3356ms
[2026-03-21 03:34:49.286 DBG] Midi :: Time to save 14.1096ms
[2026-03-21 03:34:49.295 DBG] OBS Settings :: Time to save 9.5834ms
[2026-03-21 03:34:49.310 DBG] MeldStudio Settings :: Time to save 14.6671ms
[2026-03-21 03:34:49.324 DBG] Credits :: Time to save 13.5949ms
[2026-03-21 03:34:49.340 DBG] Quotes :: Time to save 15.1488ms
[2026-03-21 03:34:49.438 DBG] Config :: Time to save 17.5992ms
[2026-03-21 03:35:28.138 DBG] ViewerRepo :: UpdatePresence(twitch, 5), 0.0356ms
[2026-03-21 03:35:28.194 DBG] TwitchService :: Presence Timer :: Artificially updated presence with a threshold of 5 minutes (55.906ms)
[2026-03-21 03:36:28.140 DBG] ViewerRepo :: UpdatePresence(twitch, 5), 0.0472ms
[2026-03-21 03:36:28.196 DBG] TwitchService :: Presence Timer :: Artificially updated presence with a threshold of 5 minutes (56.6834ms)
[2026-03-21 03:37:28.143 DBG] ViewerRepo :: UpdatePresence(twitch, 5), 0.0346ms
[2026-03-21 03:37:28.203 DBG] TwitchService :: Presence Timer :: Artificially updated presence with a threshold of 5 minutes (59.7761ms)
[2026-03-21 03:38:28.145 DBG] ViewerRepo :: UpdatePresence(twitch, 5), 0.0354ms
[2026-03-21 03:38:28.202 DBG] TwitchService :: Presence Timer :: Artificially updated presence with a threshold of 5 minutes (57.3603ms)
[2026-03-21 03:39:14.475 DBG] Credits :: Time to save 15.8654ms
[2026-03-21 03:39:28.146 DBG] ViewerRepo :: UpdatePresence(twitch, 5), 0.0352ms
[2026-03-21 03:39:28.201 DBG] TwitchService :: Presence Timer :: Artificially updated presence with a threshold of 5 minutes (55.3265ms)
[2026-03-21 03:39:49.201 DBG] ActionDispatcher :: Queueing 'Sub Goal' (361aa588-5f31-4e19-b8a5-099cae52479d, TimedAction) to 'Default' (00000000-0000-0000-0000-000000000000), with 11 arguments
[2026-03-21 03:39:49.203 DBG] ActionQueue :: 'Default' (00000000-0000-0000-0000-000000000000) :: Enqueue action 361aa588-5f31-4e19-b8a5-099cae52479d
[2026-03-21 03:39:49.203 DBG] ActionQueue :: 'Default' (00000000-0000-0000-0000-000000000000) :: Handling queue
[2026-03-21 03:39:49.203 DBG] ActionQueue :: 'Default' (00000000-0000-0000-0000-000000000000) :: Performing non-blocking 'Sub Goal' (361aa588-5f31-4e19-b8a5-099cae52479d, c6c856af-e661-45f2-a220-499bcb9cc32c)
[2026-03-21 03:39:49.453 DBG] AutoSave :: Auto saving settings...
[2026-03-21 03:39:49.471 DBG] Users :: Time to save 18.4005ms
[2026-03-21 03:39:49.489 DBG] Actions :: Time to save 18.7935ms
[2026-03-21 03:39:49.505 DBG] Commands :: Time to save 15.2897ms
[2026-03-21 03:39:49.521 DBG] Twitch Rewards :: Time to save 15.5376ms
[2026-03-21 03:39:49.535 DBG] Midi :: Time to save 13.4445ms
[2026-03-21 03:39:49.544 DBG] OBS Settings :: Time to save 9.8067ms
[2026-03-21 03:39:49.557 DBG] MeldStudio Settings :: Time to save 13.5478ms
[2026-03-21 03:39:49.569 DBG] Credits :: Time to save 10.871ms
[2026-03-21 03:39:49.580 DBG] Quotes :: Time to save 10.9966ms
[2026-03-21 03:39:49.674 DBG] Config :: Time to save 18.0465ms
[2026-03-21 03:40:28.161 DBG] ViewerRepo :: UpdatePresence(twitch, 5), 0.034ms
[2026-03-21 03:40:28.214 DBG] TwitchService :: Presence Timer :: Artificially updated presence with a threshold of 5 minutes (53.1548ms)
[2026-03-21 03:41:28.173 DBG] ViewerRepo :: UpdatePresence(twitch, 5), 0.0366ms
[2026-03-21 03:41:28.229 DBG] TwitchService :: Presence Timer :: Artificially updated presence with a threshold of 5 minutes (56.4181ms)
[2026-03-21 03:42:28.176 DBG] ViewerRepo :: UpdatePresence(twitch, 5), 0.037ms
[2026-03-21 03:42:28.231 DBG] TwitchService :: Presence Timer :: Artificially updated presence with a threshold of 5 minutes (55.5553ms)
[2026-03-21 03:43:28.184 DBG] ViewerRepo :: UpdatePresence(twitch, 5), 0.0349ms
[2026-03-21 03:43:28.238 DBG] TwitchService :: Presence Timer :: Artificially updated presence with a threshold of 5 minutes (54.5875ms)
[2026-03-21 03:44:14.480 DBG] Credits :: Time to save 11.5694ms
[2026-03-21 03:44:28.200 DBG] ViewerRepo :: UpdatePresence(twitch, 5), 0.0375ms
[2026-03-21 03:44:28.255 DBG] TwitchService :: Presence Timer :: Artificially updated presence with a threshold of 5 minutes (55.3729ms)
[2026-03-21 03:44:49.655 DBG] AutoSave :: Auto saving settings...
[2026-03-21 03:44:49.669 DBG] Users :: Time to save 13.7456ms
[2026-03-21 03:44:49.691 DBG] Actions :: Time to save 22.0331ms
[2026-03-21 03:44:49.706 DBG] Commands :: Time to save 15.5727ms
[2026-03-21 03:44:49.721 DBG] Twitch Rewards :: Time to save 15.8947ms
[2026-03-21 03:44:49.731 DBG] Midi :: Time to save 9.6132ms
[2026-03-21 03:44:49.746 DBG] OBS Settings :: Time to save 13.5334ms
[2026-03-21 03:44:49.758 DBG] MeldStudio Settings :: Time to save 13.2549ms
[2026-03-21 03:44:49.772 DBG] Credits :: Time to save 12.8702ms
[2026-03-21 03:44:49.787 DBG] Quotes :: Time to save 15.7872ms
[2026-03-21 03:44:49.877 DBG] Config :: Time to save 18.2679ms
[2026-03-21 03:45:28.209 DBG] ViewerRepo :: UpdatePresence(twitch, 5), 0.0393ms
[2026-03-21 03:45:28.275 DBG] TwitchService :: Presence Timer :: Artificially updated presence with a threshold of 5 minutes (66.5131ms)
[2026-03-21 03:45:51.373 DBG] Twitch EventSub (Bot) :: Disconnected
[2026-03-21 03:45:51.376 INF] TwitchService :: Disconnected from Bot EventSub
[2026-03-21 03:45:53.387 DBG] TwitchService :: Retrying Bot EventSub connection
[2026-03-21 03:45:53.387 INF] TwitchService :: Connecting to Bot EventSub
[2026-03-21 03:45:53.387 DBG] Twitch EventSub (Bot) :: Opening connection
[2026-03-21 03:45:53.610 DBG] Twitch EventSub (Bot) :: Subscribing to 1 events
[2026-03-21 03:45:54.025 INF] TwitchService :: Connected to Bot EventSub, and authenticated
[2026-03-21 03:46:28.215 DBG] ViewerRepo :: UpdatePresence(twitch, 5), 0.0327ms
[2026-03-21 03:46:28.271 DBG] TwitchService :: Presence Timer :: Artificially updated presence with a threshold of 5 minutes (57.4527ms)
[2026-03-21 03:47:28.229 DBG] ViewerRepo :: UpdatePresence(twitch, 5), 0.0365ms
[2026-03-21 03:47:28.283 DBG] TwitchService :: Presence Timer :: Artificially updated presence with a threshold of 5 minutes (53.8602ms)
[2026-03-21 03:48:28.238 DBG] ViewerRepo :: UpdatePresence(twitch, 5), 0.0375ms
[2026-03-21 03:48:28.300 DBG] TwitchService :: Presence Timer :: Artificially updated presence with a threshold of 5 minutes (62.0545ms)
[2026-03-21 03:49:14.490 DBG] Credits :: Time to save 15.9383ms
[2026-03-21 03:49:28.240 DBG] ViewerRepo :: UpdatePresence(twitch, 5), 0.0363ms
[2026-03-21 03:49:28.296 DBG] TwitchService :: Presence Timer :: Artificially updated presence with a threshold of 5 minutes (55.9216ms)
[2026-03-21 03:49:49.618 DBG] ActionDispatcher :: Queueing 'Sub Goal' (361aa588-5f31-4e19-b8a5-099cae52479d, TimedAction) to 'Default' (00000000-0000-0000-0000-000000000000), with 11 arguments
[2026-03-21 03:49:49.618 DBG] ActionQueue :: 'Default' (00000000-0000-0000-0000-000000000000) :: Enqueue action 361aa588-5f31-4e19-b8a5-099cae52479d
[2026-03-21 03:49:49.618 DBG] ActionQueue :: 'Default' (00000000-0000-0000-0000-000000000000) :: Handling queue
[2026-03-21 03:49:49.618 DBG] ActionQueue :: 'Default' (00000000-0000-0000-0000-000000000000) :: Performing non-blocking 'Sub Goal' (361aa588-5f31-4e19-b8a5-099cae52479d, 0a8d0162-53e9-46db-b936-9dc6d00bea83)
[2026-03-21 03:49:49.884 DBG] AutoSave :: Auto saving settings...
[2026-03-21 03:49:49.899 DBG] Users :: Time to save 15.3148ms
[2026-03-21 03:49:49.920 DBG] Actions :: Time to save 20.9453ms
[2026-03-21 03:49:49.931 DBG] Commands :: Time to save 11.1901ms
[2026-03-21 03:49:49.943 DBG] Twitch Rewards :: Time to save 11.185ms
[2026-03-21 03:49:49.954 DBG] Midi :: Time to save 11.0779ms
[2026-03-21 03:49:49.963 DBG] OBS Settings :: Time to save 9.0886ms
[2026-03-21 03:49:49.977 DBG] MeldStudio Settings :: Time to save 13.1994ms
[2026-03-21 03:49:49.986 DBG] Credits :: Time to save 9.4588ms
[2026-03-21 03:49:49.997 DBG] Quotes :: Time to save 10.9265ms
[2026-03-21 03:49:50.104 DBG] Config :: Time to save 15.6353ms
[2026-03-21 03:50:28.258 DBG] ViewerRepo :: UpdatePresence(twitch, 5), 0.038ms
[2026-03-21 03:50:28.313 DBG] TwitchService :: Presence Timer :: Artificially updated presence with a threshold of 5 minutes (56.2821ms)
[2026-03-21 03:51:28.272 DBG] ViewerRepo :: UpdatePresence(twitch, 5), 0.0351ms
[2026-03-21 03:51:28.326 DBG] TwitchService :: Presence Timer :: Artificially updated presence with a threshold of 5 minutes (54.9753ms)
[2026-03-21 03:52:28.278 DBG] ViewerRepo :: UpdatePresence(twitch, 5), 0.0355ms
[2026-03-21 03:52:28.334 DBG] TwitchService :: Presence Timer :: Artificially updated presence with a threshold of 5 minutes (56.0861ms)
[2026-03-21 03:53:28.284 DBG] ViewerRepo :: UpdatePresence(twitch, 5), 0.035ms
[2026-03-21 03:53:28.340 DBG] TwitchService :: Presence Timer :: Artificially updated presence with a threshold of 5 minutes (55.929ms)
[2026-03-21 03:54:14.505 DBG] Credits :: Time to save 15.9826ms
[2026-03-21 03:54:28.286 DBG] ViewerRepo :: UpdatePresence(twitch, 5), 0.0385ms
[2026-03-21 03:54:28.348 DBG] TwitchService :: Presence Timer :: Artificially updated presence with a threshold of 5 minutes (61.8477ms)
[2026-03-21 03:54:50.078 DBG] AutoSave :: Auto saving settings...
[2026-03-21 03:54:50.095 DBG] Users :: Time to save 17.3592ms
[2026-03-21 03:54:50.115 DBG] Actions :: Time to save 19.2038ms
[2026-03-21 03:54:50.126 DBG] Commands :: Time to save 11.2595ms
[2026-03-21 03:54:50.141 DBG] Twitch Rewards :: Time to save 15.756ms
[2026-03-21 03:54:50.156 DBG] Midi :: Time to save 14.2407ms
[2026-03-21 03:54:50.170 DBG] OBS Settings :: Time to save 14.6769ms
[2026-03-21 03:54:50.184 DBG] MeldStudio Settings :: Time to save 13.9804ms
[2026-03-21 03:54:50.196 DBG] Credits :: Time to save 11.2851ms
[2026-03-21 03:54:50.213 DBG] Quotes :: Time to save 16.5438ms
[2026-03-21 03:54:50.300 DBG] Config :: Time to save 19.3968ms
[2026-03-21 03:55:28.298 DBG] ViewerRepo :: UpdatePresence(twitch, 5), 0.039ms
[2026-03-21 03:55:28.354 DBG] TwitchService :: Presence Timer :: Artificially updated presence with a threshold of 5 minutes (56.6519ms)
[2026-03-21 03:56:28.301 DBG] ViewerRepo :: UpdatePresence(twitch, 5), 0.0345ms
[2026-03-21 03:56:28.355 DBG] TwitchService :: Presence Timer :: Artificially updated presence with a threshold of 5 minutes (55.3342ms)
[2026-03-21 03:57:28.303 DBG] ViewerRepo :: UpdatePresence(twitch, 5), 0.0379ms
[2026-03-21 03:57:28.361 DBG] TwitchService :: Presence Timer :: Artificially updated presence with a threshold of 5 minutes (58.8285ms)
[2026-03-21 03:58:28.314 DBG] ViewerRepo :: UpdatePresence(twitch, 5), 0.0451ms
[2026-03-21 03:58:28.372 DBG] TwitchService :: Presence Timer :: Artificially updated presence with a threshold of 5 minutes (57.8578ms)
[2026-03-21 03:59:14.518 DBG] Credits :: Time to save 15.5998ms
[2026-03-21 03:59:28.318 DBG] ViewerRepo :: UpdatePresence(twitch, 5), 0.0459ms
[2026-03-21 03:59:28.375 DBG] TwitchService :: Presence Timer :: Artificially updated presence with a threshold of 5 minutes (56.5774ms)
[2026-03-21 03:59:50.213 DBG] ActionDispatcher :: Queueing 'Sub Goal' (361aa588-5f31-4e19-b8a5-099cae52479d, TimedAction) to 'Default' (00000000-0000-0000-0000-000000000000), with 11 arguments
[2026-03-21 03:59:50.213 DBG] ActionQueue :: 'Default' (00000000-0000-0000-0000-000000000000) :: Enqueue action 361aa588-5f31-4e19-b8a5-099cae52479d
[2026-03-21 03:59:50.213 DBG] ActionQueue :: 'Default' (00000000-0000-0000-0000-000000000000) :: Handling queue
[2026-03-21 03:59:50.213 DBG] ActionQueue :: 'Default' (00000000-0000-0000-0000-000000000000) :: Performing non-blocking 'Sub Goal' (361aa588-5f31-4e19-b8a5-099cae52479d, 014ed707-cd23-44bc-bbf9-c5e3c365706e)
[2026-03-21 03:59:50.292 DBG] AutoSave :: Auto saving settings...
[2026-03-21 03:59:50.311 DBG] Users :: Time to save 18.3247ms
[2026-03-21 03:59:50.334 DBG] Actions :: Time to save 23.3312ms
[2026-03-21 03:59:50.351 DBG] Commands :: Time to save 17.9817ms
[2026-03-21 03:59:50.364 DBG] Twitch Rewards :: Time to save 12.5436ms
[2026-03-21 03:59:50.380 DBG] Midi :: Time to save 14.7415ms
[2026-03-21 03:59:50.394 DBG] OBS Settings :: Time to save 14.9056ms
[2026-03-21 03:59:50.410 DBG] MeldStudio Settings :: Time to save 15.2796ms
[2026-03-21 03:59:50.421 DBG] Credits :: Time to save 11.2452ms
[2026-03-21 03:59:50.437 DBG] Quotes :: Time to save 16.0435ms
[2026-03-21 03:59:50.524 DBG] Config :: Time to save 15.1353ms
[2026-03-21 04:00:28.327 DBG] ViewerRepo :: UpdatePresence(twitch, 5), 0.0349ms
[2026-03-21 04:00:28.387 DBG] TwitchService :: Presence Timer :: Artificially updated presence with a threshold of 5 minutes (60.6617ms)
[2026-03-21 04:01:28.330 DBG] ViewerRepo :: UpdatePresence(twitch, 5), 0.0365ms
[2026-03-21 04:01:28.385 DBG] TwitchService :: Presence Timer :: Artificially updated presence with a threshold of 5 minutes (54.8605ms)
[2026-03-21 04:02:28.342 DBG] ViewerRepo :: UpdatePresence(twitch, 5), 0.0384ms
[2026-03-21 04:02:28.402 DBG] TwitchService :: Presence Timer :: Artificially updated presence with a threshold of 5 minutes (60.2251ms)
[2026-03-21 04:03:28.355 DBG] ViewerRepo :: UpdatePresence(twitch, 5), 0.0345ms
[2026-03-21 04:03:28.410 DBG] TwitchService :: Presence Timer :: Artificially updated presence with a threshold of 5 minutes (54.8855ms)
[2026-03-21 04:04:14.517 DBG] Credits :: Time to save 11.1917ms
[2026-03-21 04:04:28.369 DBG] ViewerRepo :: UpdatePresence(twitch, 5), 0.035ms
[2026-03-21 04:04:28.426 DBG] TwitchService :: Presence Timer :: Artificially updated presence with a threshold of 5 minutes (57.3775ms)
[2026-03-21 04:04:50.513 DBG] AutoSave :: Auto saving settings...
[2026-03-21 04:04:50.531 DBG] Users :: Time to save 18.2686ms
[2026-03-21 04:04:50.549 DBG] Actions :: Time to save 17.5655ms
[2026-03-21 04:04:50.560 DBG] Commands :: Time to save 11.1309ms
[2026-03-21 04:04:50.571 DBG] Twitch Rewards :: Time to save 11.0259ms
[2026-03-21 04:04:50.581 DBG] Midi :: Time to save 10.1478ms
[2026-03-21 04:04:50.591 DBG] OBS Settings :: Time to save 9.4139ms
[2026-03-21 04:04:50.604 DBG] MeldStudio Settings :: Time to save 12.8256ms
[2026-03-21 04:04:50.616 DBG] Credits :: Time to save 12.1041ms
[2026-03-21 04:04:50.628 DBG] Quotes :: Time to save 11.5743ms
[2026-03-21 04:04:50.738 DBG] Config :: Time to save 19.4456ms
[2026-03-21 04:05:28.373 DBG] ViewerRepo :: UpdatePresence(twitch, 5), 0.0398ms
[2026-03-21 04:05:28.428 DBG] TwitchService :: Presence Timer :: Artificially updated presence with a threshold of 5 minutes (55.386ms)
[2026-03-21 04:06:28.380 DBG] ViewerRepo :: UpdatePresence(twitch, 5), 0.034ms
[2026-03-21 04:06:28.435 DBG] TwitchService :: Presence Timer :: Artificially updated presence with a threshold of 5 minutes (55.0624ms)
[2026-03-21 04:07:28.385 DBG] ViewerRepo :: UpdatePresence(twitch, 5), 0.0357ms
[2026-03-21 04:07:28.443 DBG] TwitchService :: Presence Timer :: Artificially updated presence with a threshold of 5 minutes (58.3231ms)
[2026-03-21 04:08:28.396 DBG] ViewerRepo :: UpdatePresence(twitch, 5), 0.0356ms
[2026-03-21 04:08:28.452 DBG] TwitchService :: Presence Timer :: Artificially updated presence with a threshold of 5 minutes (55.9869ms)
[2026-03-21 04:09:14.526 DBG] Credits :: Time to save 11.2595ms
[2026-03-21 04:09:28.411 DBG] ViewerRepo :: UpdatePresence(twitch, 5), 0.0396ms
[2026-03-21 04:09:28.470 DBG] TwitchService :: Presence Timer :: Artificially updated presence with a threshold of 5 minutes (59.3676ms)
[2026-03-21 04:09:50.653 DBG] ActionDispatcher :: Queueing 'Sub Goal' (361aa588-5f31-4e19-b8a5-099cae52479d, TimedAction) to 'Default' (00000000-0000-0000-0000-000000000000), with 11 arguments
[2026-03-21 04:09:50.653 DBG] ActionQueue :: 'Default' (00000000-0000-0000-0000-000000000000) :: Enqueue action 361aa588-5f31-4e19-b8a5-099cae52479d
[2026-03-21 04:09:50.653 DBG] ActionQueue :: 'Default' (00000000-0000-0000-0000-000000000000) :: Handling queue
[2026-03-21 04:09:50.653 DBG] ActionQueue :: 'Default' (00000000-0000-0000-0000-000000000000) :: Performing non-blocking 'Sub Goal' (361aa588-5f31-4e19-b8a5-099cae52479d, 60fb36b2-c726-4ef2-a1bb-0337f9ddddf1)
[2026-03-21 04:09:50.733 DBG] AutoSave :: Auto saving settings...
[2026-03-21 04:09:50.750 DBG] Users :: Time to save 17.3084ms
[2026-03-21 04:09:50.773 DBG] Actions :: Time to save 22.5537ms
[2026-03-21 04:09:50.789 DBG] Commands :: Time to save 16.0804ms
[2026-03-21 04:09:50.805 DBG] Twitch Rewards :: Time to save 15.7658ms
[2026-03-21 04:09:50.818 DBG] Midi :: Time to save 13.663ms
[2026-03-21 04:09:50.831 DBG] OBS Settings :: Time to save 13.3024ms
[2026-03-21 04:09:50.841 DBG] MeldStudio Settings :: Time to save 9.6929ms
[2026-03-21 04:09:50.854 DBG] Credits :: Time to save 13.1703ms
[2026-03-21 04:09:50.865 DBG] Quotes :: Time to save 10.9311ms
[2026-03-21 04:09:50.949 DBG] Config :: Time to save 12.553ms
[2026-03-21 04:10:28.425 DBG] ViewerRepo :: UpdatePresence(twitch, 5), 0.035ms
[2026-03-21 04:10:28.482 DBG] TwitchService :: Presence Timer :: Artificially updated presence with a threshold of 5 minutes (56.8494ms)
[2026-03-21 04:11:28.433 DBG] ViewerRepo :: UpdatePresence(twitch, 5), 0.0739ms
[2026-03-21 04:11:28.489 DBG] TwitchService :: Presence Timer :: Artificially updated presence with a threshold of 5 minutes (56.5527ms)
[2026-03-21 04:12:28.448 DBG] ViewerRepo :: UpdatePresence(twitch, 5), 0.0364ms
[2026-03-21 04:12:28.505 DBG] TwitchService :: Presence Timer :: Artificially updated presence with a threshold of 5 minutes (57.1025ms)
[2026-03-21 04:13:28.454 DBG] ViewerRepo :: UpdatePresence(twitch, 5), 0.0443ms
[2026-03-21 04:13:28.508 DBG] TwitchService :: Presence Timer :: Artificially updated presence with a threshold of 5 minutes (54.1376ms)
[2026-03-21 04:14:14.533 DBG] Credits :: Time to save 11.332ms
[2026-03-21 04:14:28.468 DBG] ViewerRepo :: UpdatePresence(twitch, 5), 0.0357ms
[2026-03-21 04:14:28.522 DBG] TwitchService :: Presence Timer :: Artificially updated presence with a threshold of 5 minutes (54.8768ms)
[2026-03-21 04:14:50.951 DBG] AutoSave :: Auto saving settings...
[2026-03-21 04:14:50.968 DBG] Users :: Time to save 17.777ms
[2026-03-21 04:14:50.985 DBG] Actions :: Time to save 16.2636ms
[2026-03-21 04:14:50.996 DBG] Commands :: Time to save 11.2173ms
[2026-03-21 04:14:51.008 DBG] Twitch Rewards :: Time to save 11.3607ms
[2026-03-21 04:14:51.019 DBG] Midi :: Time to save 11.8533ms
[2026-03-21 04:14:51.029 DBG] OBS Settings :: Time to save 9.5922ms
[2026-03-21 04:14:51.038 DBG] MeldStudio Settings :: Time to save 9.7309ms
[2026-03-21 04:14:51.048 DBG] Credits :: Time to save 9.3427ms
[2026-03-21 04:14:51.060 DBG] Quotes :: Time to save 11.3857ms
[2026-03-21 04:14:51.173 DBG] Config :: Time to save 18.0417ms
[2026-03-21 04:15:28.486 DBG] ViewerRepo :: UpdatePresence(twitch, 5), 0.0374ms
[2026-03-21 04:15:28.541 DBG] TwitchService :: Presence Timer :: Artificially updated presence with a threshold of 5 minutes (55.6747ms)
[2026-03-21 04:16:28.488 DBG] ViewerRepo :: UpdatePresence(twitch, 5), 0.0364ms
[2026-03-21 04:16:28.542 DBG] TwitchService :: Presence Timer :: Artificially updated presence with a threshold of 5 minutes (54.3424ms)
[2026-03-21 04:17:28.502 DBG] ViewerRepo :: UpdatePresence(twitch, 5), 0.0359ms
[2026-03-21 04:17:28.558 DBG] TwitchService :: Presence Timer :: Artificially updated presence with a threshold of 5 minutes (56.0619ms)
[2026-03-21 04:18:28.518 DBG] ViewerRepo :: UpdatePresence(twitch, 5), 0.038ms
[2026-03-21 04:18:28.570 DBG] TwitchService :: Presence Timer :: Artificially updated presence with a threshold of 5 minutes (53.5866ms)
[2026-03-21 04:19:14.552 DBG] Credits :: Time to save 17.2644ms
[2026-03-21 04:19:28.533 DBG] ViewerRepo :: UpdatePresence(twitch, 5), 0.0656ms
[2026-03-21 04:19:29.072 DBG] TwitchService :: Presence Timer :: Artificially updated presence with a threshold of 5 minutes (540.3363ms)
[2026-03-21 04:19:51.174 DBG] AutoSave :: Auto saving settings...
[2026-03-21 04:19:51.174 DBG] ActionDispatcher :: Queueing 'Sub Goal' (361aa588-5f31-4e19-b8a5-099cae52479d, TimedAction) to 'Default' (00000000-0000-0000-0000-000000000000), with 11 arguments
[2026-03-21 04:19:51.174 DBG] ActionQueue :: 'Default' (00000000-0000-0000-0000-000000000000) :: Enqueue action 361aa588-5f31-4e19-b8a5-099cae52479d
[2026-03-21 04:19:51.174 DBG] ActionQueue :: 'Default' (00000000-0000-0000-0000-000000000000) :: Handling queue
[2026-03-21 04:19:51.174 DBG] ActionQueue :: 'Default' (00000000-0000-0000-0000-000000000000) :: Performing non-blocking 'Sub Goal' (361aa588-5f31-4e19-b8a5-099cae52479d, 371aae63-3af4-4fab-9042-5c6b9a7d881f)
[2026-03-21 04:19:51.191 DBG] Users :: Time to save 17.3614ms
[2026-03-21 04:19:51.215 DBG] Actions :: Time to save 23.7952ms
[2026-03-21 04:19:51.233 DBG] Commands :: Time to save 17.9575ms
[2026-03-21 04:19:51.246 DBG] Twitch Rewards :: Time to save 13.0072ms
[2026-03-21 04:19:51.260 DBG] Midi :: Time to save 13.0768ms
[2026-03-21 04:19:51.270 DBG] OBS Settings :: Time to save 10.314ms
[2026-03-21 04:19:51.284 DBG] MeldStudio Settings :: Time to save 14.3281ms
[2026-03-21 04:19:51.299 DBG] Credits :: Time to save 14.6485ms
[2026-03-21 04:19:51.316 DBG] Quotes :: Time to save 17.1249ms
[2026-03-21 04:19:51.396 DBG] Config :: Time to save 17.9505ms
[2026-03-21 04:20:28.534 DBG] ViewerRepo :: UpdatePresence(twitch, 5), 0.0356ms
[2026-03-21 04:20:28.589 DBG] TwitchService :: Presence Timer :: Artificially updated presence with a threshold of 5 minutes (55.6763ms)
[2026-03-21 04:21:28.544 DBG] ViewerRepo :: UpdatePresence(twitch, 5), 0.048ms
[2026-03-21 04:21:28.601 DBG] TwitchService :: Presence Timer :: Artificially updated presence with a threshold of 5 minutes (57.1071ms)
[2026-03-21 04:22:28.571 DBG] ViewerRepo :: UpdatePresence(twitch, 5), 1.1336ms
[2026-03-21 04:22:28.628 DBG] TwitchService :: Presence Timer :: Artificially updated presence with a threshold of 5 minutes (56.8638ms)
[2026-03-21 04:23:28.571 DBG] ViewerRepo :: UpdatePresence(twitch, 5), 0.0343ms
[2026-03-21 04:23:28.631 DBG] TwitchService :: Presence Timer :: Artificially updated presence with a threshold of 5 minutes (60.9373ms)
[2026-03-21 04:24:14.566 DBG] Credits :: Time to save 15.6732ms
[2026-03-21 04:24:28.584 DBG] ViewerRepo :: UpdatePresence(twitch, 5), 0.0363ms
[2026-03-21 04:24:28.641 DBG] TwitchService :: Presence Timer :: Artificially updated presence with a threshold of 5 minutes (58.6966ms)
[2026-03-21 04:24:51.396 DBG] AutoSave :: Auto saving settings...
[2026-03-21 04:24:51.410 DBG] Users :: Time to save 14.4461ms
[2026-03-21 04:24:51.433 DBG] Actions :: Time to save 22.4089ms
[2026-03-21 04:24:51.449 DBG] Commands :: Time to save 16.7781ms
[2026-03-21 04:24:51.463 DBG] Twitch Rewards :: Time to save 14.3574ms
[2026-03-21 04:24:51.473 DBG] Midi :: Time to save 9.4348ms
[2026-03-21 04:24:51.486 DBG] OBS Settings :: Time to save 13.1671ms
[2026-03-21 04:24:51.497 DBG] MeldStudio Settings :: Time to save 11.2005ms
[2026-03-21 04:24:51.508 DBG] Credits :: Time to save 10.3549ms
[2026-03-21 04:24:51.520 DBG] Quotes :: Time to save 12.1235ms
[2026-03-21 04:24:51.611 DBG] Config :: Time to save 12.8941ms
[2026-03-21 04:25:28.592 DBG] ViewerRepo :: UpdatePresence(twitch, 5), 0.0639ms
[2026-03-21 04:25:28.650 DBG] TwitchService :: Presence Timer :: Artificially updated presence with a threshold of 5 minutes (58.1685ms)
[2026-03-21 04:26:28.596 DBG] ViewerRepo :: UpdatePresence(twitch, 5), 0.0357ms
[2026-03-21 04:26:28.650 DBG] TwitchService :: Presence Timer :: Artificially updated presence with a threshold of 5 minutes (55.8359ms)
[2026-03-21 04:27:28.601 DBG] ViewerRepo :: UpdatePresence(twitch, 5), 0.036ms
[2026-03-21 04:27:28.656 DBG] TwitchService :: Presence Timer :: Artificially updated presence with a threshold of 5 minutes (54.8855ms)
[2026-03-21 04:28:28.603 DBG] ViewerRepo :: UpdatePresence(twitch, 5), 0.0353ms
[2026-03-21 04:28:28.661 DBG] TwitchService :: Presence Timer :: Artificially updated presence with a threshold of 5 minutes (57.7149ms)
[2026-03-21 04:29:14.577 DBG] Credits :: Time to save 11.7668ms
[2026-03-21 04:29:28.607 DBG] ViewerRepo :: UpdatePresence(twitch, 5), 0.038ms
[2026-03-21 04:29:28.668 DBG] TwitchService :: Presence Timer :: Artificially updated presence with a threshold of 5 minutes (61.1502ms)
[2026-03-21 04:29:51.622 DBG] AutoSave :: Auto saving settings...
[2026-03-21 04:29:51.640 DBG] Users :: Time to save 18.2918ms
[2026-03-21 04:29:51.663 DBG] Actions :: Time to save 22.6723ms
[2026-03-21 04:29:51.678 DBG] Commands :: Time to save 14.5711ms
[2026-03-21 04:29:51.693 DBG] Twitch Rewards :: Time to save 15.2538ms
[2026-03-21 04:29:51.703 DBG] Midi :: Time to save 9.8316ms
[2026-03-21 04:29:51.716 DBG] OBS Settings :: Time to save 13.0347ms
[2026-03-21 04:29:51.729 DBG] MeldStudio Settings :: Time to save 13.2802ms
[2026-03-21 04:29:51.730 DBG] ActionDispatcher :: Queueing 'Sub Goal' (361aa588-5f31-4e19-b8a5-099cae52479d, TimedAction) to 'Default' (00000000-0000-0000-0000-000000000000), with 11 arguments
[2026-03-21 04:29:51.730 DBG] ActionQueue :: 'Default' (00000000-0000-0000-0000-000000000000) :: Enqueue action 361aa588-5f31-4e19-b8a5-099cae52479d
[2026-03-21 04:29:51.730 DBG] ActionQueue :: 'Default' (00000000-0000-0000-0000-000000000000) :: Handling queue
[2026-03-21 04:29:51.730 DBG] ActionQueue :: 'Default' (00000000-0000-0000-0000-000000000000) :: Performing non-blocking 'Sub Goal' (361aa588-5f31-4e19-b8a5-099cae52479d, a440da13-dd78-491f-96ac-e7abcfc5d34e)
[2026-03-21 04:29:51.742 DBG] Credits :: Time to save 13.3771ms
[2026-03-21 04:29:51.757 DBG] Quotes :: Time to save 14.6676ms
[2026-03-21 04:29:51.841 DBG] Config :: Time to save 16.9686ms
[2026-03-21 04:30:28.614 DBG] ViewerRepo :: UpdatePresence(twitch, 5), 0.0541ms
[2026-03-21 04:30:28.669 DBG] TwitchService :: Presence Timer :: Artificially updated presence with a threshold of 5 minutes (54.9432ms)
[2026-03-21 04:31:28.618 DBG] ViewerRepo :: UpdatePresence(twitch, 5), 0.0342ms
[2026-03-21 04:31:28.677 DBG] TwitchService :: Presence Timer :: Artificially updated presence with a threshold of 5 minutes (59.3021ms)
[2026-03-21 04:32:28.635 DBG] ViewerRepo :: UpdatePresence(twitch, 5), 0.0358ms
[2026-03-21 04:32:28.691 DBG] TwitchService :: Presence Timer :: Artificially updated presence with a threshold of 5 minutes (55.8341ms)
[2026-03-21 04:33:28.650 DBG] ViewerRepo :: UpdatePresence(twitch, 5), 0.0373ms
[2026-03-21 04:33:28.706 DBG] TwitchService :: Presence Timer :: Artificially updated presence with a threshold of 5 minutes (56.6174ms)
[2026-03-21 04:34:14.597 DBG] Credits :: Time to save 14.9974ms
[2026-03-21 04:34:28.653 DBG] ViewerRepo :: UpdatePresence(twitch, 5), 0.0375ms
[2026-03-21 04:34:28.709 DBG] TwitchService :: Presence Timer :: Artificially updated presence with a threshold of 5 minutes (57.0249ms)
[2026-03-21 04:34:51.873 DBG] AutoSave :: Auto saving settings...
[2026-03-21 04:34:51.886 DBG] Users :: Time to save 13.2516ms
[2026-03-21 04:34:51.909 DBG] Actions :: Time to save 22.7085ms
[2026-03-21 04:34:51.924 DBG] Commands :: Time to save 15.7823ms
[2026-03-21 04:34:51.940 DBG] Twitch Rewards :: Time to save 15.8029ms
[2026-03-21 04:34:51.951 DBG] Midi :: Time to save 9.614ms
[2026-03-21 04:34:51.964 DBG] OBS Settings :: Time to save 13.3519ms
[2026-03-21 04:34:51.977 DBG] MeldStudio Settings :: Time to save 12.9464ms
[2026-03-21 04:34:51.990 DBG] Credits :: Time to save 14.0284ms
[2026-03-21 04:34:52.006 DBG] Quotes :: Time to save 15.3991ms
[2026-03-21 04:34:52.093 DBG] Config :: Time to save 17.4414ms
[2026-03-21 04:35:28.652 DBG] ViewerRepo :: UpdatePresence(twitch, 5), 0.034ms
[2026-03-21 04:35:28.710 DBG] TwitchService :: Presence Timer :: Artificially updated presence with a threshold of 5 minutes (58.2607ms)
[2026-03-21 04:36:28.669 DBG] ViewerRepo :: UpdatePresence(twitch, 5), 0.0358ms
[2026-03-21 04:36:28.727 DBG] TwitchService :: Presence Timer :: Artificially updated presence with a threshold of 5 minutes (57.9473ms)
[2026-03-21 04:37:28.673 DBG] ViewerRepo :: UpdatePresence(twitch, 5), 0.0369ms
[2026-03-21 04:37:28.728 DBG] TwitchService :: Presence Timer :: Artificially updated presence with a threshold of 5 minutes (54.7235ms)
[2026-03-21 04:38:28.674 DBG] ViewerRepo :: UpdatePresence(twitch, 5), 0.0346ms
[2026-03-21 04:38:28.800 DBG] TwitchService :: Presence Timer :: Artificially updated presence with a threshold of 5 minutes (127.0217ms)
[2026-03-21 04:39:14.606 DBG] Credits :: Time to save 10.2937ms
[2026-03-21 04:39:28.685 DBG] ViewerRepo :: UpdatePresence(twitch, 5), 0.0338ms
[2026-03-21 04:39:28.780 DBG] TwitchService :: Presence Timer :: Artificially updated presence with a threshold of 5 minutes (94.5004ms)
[2026-03-21 04:39:51.924 DBG] ActionDispatcher :: Queueing 'Sub Goal' (361aa588-5f31-4e19-b8a5-099cae52479d, TimedAction) to 'Default' (00000000-0000-0000-0000-000000000000), with 11 arguments
[2026-03-21 04:39:51.924 DBG] ActionQueue :: 'Default' (00000000-0000-0000-0000-000000000000) :: Enqueue action 361aa588-5f31-4e19-b8a5-099cae52479d
[2026-03-21 04:39:51.924 DBG] ActionQueue :: 'Default' (00000000-0000-0000-0000-000000000000) :: Handling queue
[2026-03-21 04:39:51.924 DBG] ActionQueue :: 'Default' (00000000-0000-0000-0000-000000000000) :: Performing non-blocking 'Sub Goal' (361aa588-5f31-4e19-b8a5-099cae52479d, f58f8dca-2b7b-4c43-abab-4312a53e6f32)
[2026-03-21 04:39:52.112 DBG] AutoSave :: Auto saving settings...
[2026-03-21 04:39:52.130 DBG] Users :: Time to save 18.1605ms
[2026-03-21 04:39:52.147 DBG] Actions :: Time to save 17.6734ms
[2026-03-21 04:39:52.158 DBG] Commands :: Time to save 11.251ms
[2026-03-21 04:39:52.170 DBG] Twitch Rewards :: Time to save 11.7156ms
[2026-03-21 04:39:52.183 DBG] Midi :: Time to save 12.9717ms
[2026-03-21 04:39:52.196 DBG] OBS Settings :: Time to save 12.6176ms
[2026-03-21 04:39:52.209 DBG] MeldStudio Settings :: Time to save 12.6961ms
[2026-03-21 04:39:52.223 DBG] Credits :: Time to save 12.7238ms
[2026-03-21 04:39:52.238 DBG] Quotes :: Time to save 15.1343ms
[2026-03-21 04:39:52.333 DBG] Config :: Time to save 17.125ms
[2026-03-21 04:40:28.698 DBG] ViewerRepo :: UpdatePresence(twitch, 5), 0.0402ms
[2026-03-21 04:40:28.791 DBG] TwitchService :: Presence Timer :: Artificially updated presence with a threshold of 5 minutes (93.6212ms)
[2026-03-21 04:41:28.708 DBG] ViewerRepo :: UpdatePresence(twitch, 5), 0.0421ms
[2026-03-21 04:41:28.804 DBG] TwitchService :: Presence Timer :: Artificially updated presence with a threshold of 5 minutes (96.3629ms)
[2026-03-21 04:42:28.716 DBG] ViewerRepo :: UpdatePresence(twitch, 5), 0.0346ms
[2026-03-21 04:42:28.813 DBG] TwitchService :: Presence Timer :: Artificially updated presence with a threshold of 5 minutes (97.5252ms)
[2026-03-21 04:43:28.717 DBG] ViewerRepo :: UpdatePresence(twitch, 5), 0.0503ms
[2026-03-21 04:43:28.810 DBG] TwitchService :: Presence Timer :: Artificially updated presence with a threshold of 5 minutes (93.7065ms)
[2026-03-21 04:44:14.627 DBG] Credits :: Time to save 15.4509ms
[2026-03-21 04:44:28.722 DBG] ViewerRepo :: UpdatePresence(twitch, 5), 0.0379ms
[2026-03-21 04:44:28.815 DBG] TwitchService :: Presence Timer :: Artificially updated presence with a threshold of 5 minutes (93.0314ms)
[2026-03-21 04:44:52.348 DBG] AutoSave :: Auto saving settings...
[2026-03-21 04:44:52.367 DBG] Users :: Time to save 19.008ms
[2026-03-21 04:44:52.390 DBG] Actions :: Time to save 23.7005ms
[2026-03-21 04:44:52.402 DBG] Commands :: Time to save 11.8477ms
[2026-03-21 04:44:52.414 DBG] Twitch Rewards :: Time to save 11.416ms
[2026-03-21 04:44:52.424 DBG] Midi :: Time to save 10.2988ms
[2026-03-21 04:44:52.433 DBG] OBS Settings :: Time to save 9.2404ms
[2026-03-21 04:44:52.442 DBG] MeldStudio Settings :: Time to save 8.902ms
[2026-03-21 04:44:52.456 DBG] Credits :: Time to save 13.4155ms
[2026-03-21 04:44:52.470 DBG] Quotes :: Time to save 15.1898ms
[2026-03-21 04:44:52.566 DBG] Config :: Time to save 12.6754ms
[2026-03-21 04:45:28.732 DBG] ViewerRepo :: UpdatePresence(twitch, 5), 0.0364ms
[2026-03-21 04:45:28.826 DBG] TwitchService :: Presence Timer :: Artificially updated presence with a threshold of 5 minutes (94.9209ms)
[2026-03-21 04:46:28.732 DBG] ViewerRepo :: UpdatePresence(twitch, 5), 0.0348ms
[2026-03-21 04:46:28.830 DBG] TwitchService :: Presence Timer :: Artificially updated presence with a threshold of 5 minutes (97.6235ms)
[2026-03-21 04:47:28.733 DBG] ViewerRepo :: UpdatePresence(twitch, 5), 0.0345ms
[2026-03-21 04:47:28.827 DBG] TwitchService :: Presence Timer :: Artificially updated presence with a threshold of 5 minutes (93.8777ms)
[2026-03-21 04:48:28.749 DBG] ViewerRepo :: UpdatePresence(twitch, 5), 0.0341ms
[2026-03-21 04:48:28.845 DBG] TwitchService :: Presence Timer :: Artificially updated presence with a threshold of 5 minutes (96.3655ms)
[2026-03-21 04:48:29.462 DBG] Twitch EventSub (Broadcaster) :: Disconnected
[2026-03-21 04:48:29.464 INF] TwitchService :: Disconnected from Broadcaster EventSub
[2026-03-21 04:48:31.474 DBG] TwitchService :: Retrying broadcaster EventSub connection
[2026-03-21 04:48:31.474 INF] TwitchService :: Connecting to Broadcaster EventSub
[2026-03-21 04:48:31.474 DBG] Twitch EventSub (Broadcaster) :: Opening connection
[2026-03-21 04:48:31.690 DBG] Twitch EventSub (Broadcaster) :: Subscribing to 56 events
[2026-03-21 04:48:40.825 INF] TwitchService :: Connected to Broadcaster EventSub, and authenticated
[2026-03-21 04:49:14.626 DBG] Credits :: Time to save 12.2725ms
[2026-03-21 04:49:28.760 DBG] ViewerRepo :: UpdatePresence(twitch, 5), 0.037ms
[2026-03-21 04:49:28.857 DBG] TwitchService :: Presence Timer :: Artificially updated presence with a threshold of 5 minutes (97.6694ms)
[2026-03-21 04:49:52.391 DBG] ActionDispatcher :: Queueing 'Sub Goal' (361aa588-5f31-4e19-b8a5-099cae52479d, TimedAction) to 'Default' (00000000-0000-0000-0000-000000000000), with 11 arguments
[2026-03-21 04:49:52.391 DBG] ActionQueue :: 'Default' (00000000-0000-0000-0000-000000000000) :: Enqueue action 361aa588-5f31-4e19-b8a5-099cae52479d
[2026-03-21 04:49:52.391 DBG] ActionQueue :: 'Default' (00000000-0000-0000-0000-000000000000) :: Handling queue
[2026-03-21 04:49:52.391 DBG] ActionQueue :: 'Default' (00000000-0000-0000-0000-000000000000) :: Performing non-blocking 'Sub Goal' (361aa588-5f31-4e19-b8a5-099cae52479d, 91f039db-4c28-475e-8316-387a353daf7f)
[2026-03-21 04:49:52.549 DBG] AutoSave :: Auto saving settings...
[2026-03-21 04:49:52.565 DBG] Users :: Time to save 16.9234ms
[2026-03-21 04:49:52.587 DBG] Actions :: Time to save 21.8264ms
[2026-03-21 04:49:52.602 DBG] Commands :: Time to save 15.5587ms
[2026-03-21 04:49:52.615 DBG] Twitch Rewards :: Time to save 12.8369ms
[2026-03-21 04:49:52.629 DBG] Midi :: Time to save 13.387ms
[2026-03-21 04:49:52.643 DBG] OBS Settings :: Time to save 13.4955ms
[2026-03-21 04:49:52.656 DBG] MeldStudio Settings :: Time to save 13.4602ms
[2026-03-21 04:49:52.669 DBG] Credits :: Time to save 13.1163ms
[2026-03-21 04:49:52.683 DBG] Quotes :: Time to save 13.452ms
[2026-03-21 04:49:52.770 DBG] Config :: Time to save 17.7368ms
[2026-03-21 04:50:28.770 DBG] ViewerRepo :: UpdatePresence(twitch, 5), 0.0525ms
[2026-03-21 04:50:28.868 DBG] TwitchService :: Presence Timer :: Artificially updated presence with a threshold of 5 minutes (97.8812ms)
[2026-03-21 04:51:28.775 DBG] ViewerRepo :: UpdatePresence(twitch, 5), 0.0353ms
[2026-03-21 04:51:28.867 DBG] TwitchService :: Presence Timer :: Artificially updated presence with a threshold of 5 minutes (91.566ms)
[2026-03-21 04:52:28.782 DBG] ViewerRepo :: UpdatePresence(twitch, 5), 0.0351ms
[2026-03-21 04:52:28.875 DBG] TwitchService :: Presence Timer :: Artificially updated presence with a threshold of 5 minutes (93.4728ms)
[2026-03-21 04:53:28.784 DBG] ViewerRepo :: UpdatePresence(twitch, 5), 0.0352ms
[2026-03-21 04:53:28.882 DBG] TwitchService :: Presence Timer :: Artificially updated presence with a threshold of 5 minutes (97.9521ms)
[2026-03-21 04:54:14.649 DBG] Credits :: Time to save 14.4679ms
[2026-03-21 04:54:28.792 DBG] ViewerRepo :: UpdatePresence(twitch, 5), 0.0779ms
[2026-03-21 04:54:28.893 DBG] TwitchService :: Presence Timer :: Artificially updated presence with a threshold of 5 minutes (101.5131ms)
[2026-03-21 04:54:52.755 DBG] AutoSave :: Auto saving settings...
[2026-03-21 04:54:52.768 DBG] Users :: Time to save 13.4331ms
[2026-03-21 04:54:52.790 DBG] Actions :: Time to save 21.6294ms
[2026-03-21 04:54:52.805 DBG] Commands :: Time to save 15.1565ms
[2026-03-21 04:54:52.820 DBG] Twitch Rewards :: Time to save 15.1992ms
[2026-03-21 04:54:52.834 DBG] Midi :: Time to save 13.335ms
[2026-03-21 04:54:52.847 DBG] OBS Settings :: Time to save 12.7685ms
[2026-03-21 04:54:52.860 DBG] MeldStudio Settings :: Time to save 13.632ms
[2026-03-21 04:54:52.873 DBG] Credits :: Time to save 12.9936ms
[2026-03-21 04:54:52.885 DBG] Quotes :: Time to save 11.9924ms
[2026-03-21 04:54:52.970 DBG] Config :: Time to save 12.497ms
[2026-03-21 04:55:28.799 DBG] ViewerRepo :: UpdatePresence(twitch, 5), 0.0356ms
[2026-03-21 04:55:28.896 DBG] TwitchService :: Presence Timer :: Artificially updated presence with a threshold of 5 minutes (96.8462ms)
[2026-03-21 04:56:28.805 DBG] ViewerRepo :: UpdatePresence(twitch, 5), 0.0364ms
[2026-03-21 04:56:28.900 DBG] TwitchService :: Presence Timer :: Artificially updated presence with a threshold of 5 minutes (94.8164ms)
[2026-03-21 04:57:28.807 DBG] ViewerRepo :: UpdatePresence(twitch, 5), 0.0505ms
[2026-03-21 04:57:28.907 DBG] TwitchService :: Presence Timer :: Artificially updated presence with a threshold of 5 minutes (99.9868ms)
[2026-03-21 04:58:28.823 DBG] ViewerRepo :: UpdatePresence(twitch, 5), 0.0372ms
[2026-03-21 04:58:28.925 DBG] TwitchService :: Presence Timer :: Artificially updated presence with a threshold of 5 minutes (101.952ms)
[2026-03-21 04:59:14.662 DBG] Credits :: Time to save 17.444ms
[2026-03-21 04:59:28.833 DBG] ViewerRepo :: UpdatePresence(twitch, 5), 0.0393ms
[2026-03-21 04:59:28.937 DBG] TwitchService :: Presence Timer :: Artificially updated presence with a threshold of 5 minutes (104.8437ms)
[2026-03-21 04:59:52.959 DBG] AutoSave :: Auto saving settings...
[2026-03-21 04:59:52.975 DBG] Users :: Time to save 16.655ms
[2026-03-21 04:59:53.000 DBG] Actions :: Time to save 25.147ms
[2026-03-21 04:59:53.017 DBG] Commands :: Time to save 16.4774ms
[2026-03-21 04:59:53.036 DBG] Twitch Rewards :: Time to save 19.1192ms
[2026-03-21 04:59:53.048 DBG] Midi :: Time to save 11.4596ms
[2026-03-21 04:59:53.063 DBG] OBS Settings :: Time to save 14.9136ms
[2026-03-21 04:59:53.078 DBG] MeldStudio Settings :: Time to save 14.8705ms
[2026-03-21 04:59:53.093 DBG] Credits :: Time to save 15.2764ms
[2026-03-21 04:59:53.109 DBG] Quotes :: Time to save 16.9015ms
[2026-03-21 04:59:53.179 DBG] Config :: Time to save 18.7378ms
[2026-03-21 04:59:53.316 DBG] ActionDispatcher :: Queueing 'Sub Goal' (361aa588-5f31-4e19-b8a5-099cae52479d, TimedAction) to 'Default' (00000000-0000-0000-0000-000000000000), with 11 arguments
[2026-03-21 04:59:53.316 DBG] ActionQueue :: 'Default' (00000000-0000-0000-0000-000000000000) :: Enqueue action 361aa588-5f31-4e19-b8a5-099cae52479d
[2026-03-21 04:59:53.316 DBG] ActionQueue :: 'Default' (00000000-0000-0000-0000-000000000000) :: Handling queue
[2026-03-21 04:59:53.316 DBG] ActionQueue :: 'Default' (00000000-0000-0000-0000-000000000000) :: Performing non-blocking 'Sub Goal' (361aa588-5f31-4e19-b8a5-099cae52479d, 7d6e60f6-408a-41c2-8516-7f2bf6d6ad39)
[2026-03-21 05:00:28.846 DBG] ViewerRepo :: UpdatePresence(twitch, 5), 0.035ms
[2026-03-21 05:00:28.950 DBG] TwitchService :: Presence Timer :: Artificially updated presence with a threshold of 5 minutes (104.1389ms)
[2026-03-21 05:01:28.853 DBG] ViewerRepo :: UpdatePresence(twitch, 5), 0.0344ms
[2026-03-21 05:01:28.956 DBG] TwitchService :: Presence Timer :: Artificially updated presence with a threshold of 5 minutes (103.5471ms)
[2026-03-21 05:02:28.857 DBG] ViewerRepo :: UpdatePresence(twitch, 5), 0.0375ms
[2026-03-21 05:02:28.960 DBG] TwitchService :: Presence Timer :: Artificially updated presence with a threshold of 5 minutes (102.7367ms)
[2026-03-21 05:03:28.873 DBG] ViewerRepo :: UpdatePresence(twitch, 5), 0.0342ms
[2026-03-21 05:03:28.977 DBG] TwitchService :: Presence Timer :: Artificially updated presence with a threshold of 5 minutes (104.0415ms)
[2026-03-21 05:04:14.674 DBG] Credits :: Time to save 15.9314ms
[2026-03-21 05:04:28.888 DBG] ViewerRepo :: UpdatePresence(twitch, 5), 0.0408ms
[2026-03-21 05:04:28.992 DBG] TwitchService :: Presence Timer :: Artificially updated presence with a threshold of 5 minutes (104.6123ms)
[2026-03-21 05:04:53.177 DBG] AutoSave :: Auto saving settings...
[2026-03-21 05:04:53.195 DBG] Users :: Time to save 18.0507ms
[2026-03-21 05:04:53.218 DBG] Actions :: Time to save 22.7879ms
[2026-03-21 05:04:53.236 DBG] Commands :: Time to save 18.91ms
[2026-03-21 05:04:53.253 DBG] Twitch Rewards :: Time to save 15.7211ms
[2026-03-21 05:04:53.269 DBG] Midi :: Time to save 15.9232ms
[2026-03-21 05:04:53.282 DBG] OBS Settings :: Time to save 13.6618ms
[2026-03-21 05:04:53.298 DBG] MeldStudio Settings :: Time to save 15.6626ms
[2026-03-21 05:04:53.312 DBG] Credits :: Time to save 14.2172ms
[2026-03-21 05:04:53.328 DBG] Quotes :: Time to save 16.1489ms
[2026-03-21 05:04:53.398 DBG] Config :: Time to save 18.4294ms
[2026-03-21 05:05:28.904 DBG] ViewerRepo :: UpdatePresence(twitch, 5), 0.0359ms
[2026-03-21 05:05:29.011 DBG] TwitchService :: Presence Timer :: Artificially updated presence with a threshold of 5 minutes (106.9326ms)
[2026-03-21 05:06:28.920 DBG] ViewerRepo :: UpdatePresence(twitch, 5), 0.049ms
[2026-03-21 05:06:29.019 DBG] TwitchService :: Presence Timer :: Artificially updated presence with a threshold of 5 minutes (100.3423ms)
[2026-03-21 05:07:28.921 DBG] ViewerRepo :: UpdatePresence(twitch, 5), 0.0423ms
[2026-03-21 05:07:29.015 DBG] TwitchService :: Presence Timer :: Artificially updated presence with a threshold of 5 minutes (93.3099ms)
[2026-03-21 05:08:28.926 DBG] ViewerRepo :: UpdatePresence(twitch, 5), 0.0342ms
[2026-03-21 05:08:29.024 DBG] TwitchService :: Presence Timer :: Artificially updated presence with a threshold of 5 minutes (98.7973ms)
[2026-03-21 05:09:14.680 DBG] Credits :: Time to save 10.9541ms
[2026-03-21 05:09:28.929 DBG] ViewerRepo :: UpdatePresence(twitch, 5), 0.048ms
[2026-03-21 05:09:29.023 DBG] TwitchService :: Presence Timer :: Artificially updated presence with a threshold of 5 minutes (94.2886ms)
[2026-03-21 05:09:53.412 DBG] AutoSave :: Auto saving settings...
[2026-03-21 05:09:53.429 DBG] ActionDispatcher :: Queueing 'Sub Goal' (361aa588-5f31-4e19-b8a5-099cae52479d, TimedAction) to 'Default' (00000000-0000-0000-0000-000000000000), with 11 arguments
[2026-03-21 05:09:53.429 DBG] ActionQueue :: 'Default' (00000000-0000-0000-0000-000000000000) :: Enqueue action 361aa588-5f31-4e19-b8a5-099cae52479d
[2026-03-21 05:09:53.429 DBG] ActionQueue :: 'Default' (00000000-0000-0000-0000-000000000000) :: Handling queue
[2026-03-21 05:09:53.429 DBG] ActionQueue :: 'Default' (00000000-0000-0000-0000-000000000000) :: Performing non-blocking 'Sub Goal' (361aa588-5f31-4e19-b8a5-099cae52479d, 197d218d-e0ca-406d-922b-1ffab12e4474)
[2026-03-21 05:09:53.433 DBG] Users :: Time to save 20.8313ms
[2026-03-21 05:09:53.457 DBG] Actions :: Time to save 24.7752ms
[2026-03-21 05:09:53.476 DBG] Commands :: Time to save 19.2553ms
[2026-03-21 05:09:53.495 DBG] Twitch Rewards :: Time to save 18.4337ms
[2026-03-21 05:09:53.506 DBG] Midi :: Time to save 10.9299ms
[2026-03-21 05:09:53.520 DBG] OBS Settings :: Time to save 14.3905ms
[2026-03-21 05:09:53.537 DBG] MeldStudio Settings :: Time to save 15.9273ms
[2026-03-21 05:09:53.549 DBG] Credits :: Time to save 11.8852ms
[2026-03-21 05:09:53.566 DBG] Quotes :: Time to save 17.2019ms
[2026-03-21 05:09:53.635 DBG] Config :: Time to save 19.9438ms
[2026-03-21 05:10:28.937 DBG] ViewerRepo :: UpdatePresence(twitch, 5), 0.0346ms
[2026-03-21 05:10:29.035 DBG] TwitchService :: Presence Timer :: Artificially updated presence with a threshold of 5 minutes (98.3935ms)
[2026-03-21 05:11:23.672 DBG] Twitch EventSub (Bot) :: Disconnected
[2026-03-21 05:11:23.672 INF] TwitchService :: Disconnected from Bot EventSub
[2026-03-21 05:11:25.698 DBG] TwitchService :: Retrying Bot EventSub connection
[2026-03-21 05:11:25.698 INF] TwitchService :: Connecting to Bot EventSub
[2026-03-21 05:11:25.698 DBG] Twitch EventSub (Bot) :: Opening connection
[2026-03-21 05:11:25.913 DBG] Twitch EventSub (Bot) :: Subscribing to 1 events
[2026-03-21 05:11:26.329 INF] TwitchService :: Connected to Bot EventSub, and authenticated
[2026-03-21 05:11:28.950 DBG] ViewerRepo :: UpdatePresence(twitch, 5), 0.036ms
[2026-03-21 05:11:29.044 DBG] TwitchService :: Presence Timer :: Artificially updated presence with a threshold of 5 minutes (94.2018ms)
[2026-03-21 05:12:28.962 DBG] ViewerRepo :: UpdatePresence(twitch, 5), 0.0435ms
[2026-03-21 05:12:29.055 DBG] TwitchService :: Presence Timer :: Artificially updated presence with a threshold of 5 minutes (92.9884ms)
[2026-03-21 05:13:28.970 DBG] ViewerRepo :: UpdatePresence(twitch, 5), 0.0958ms
[2026-03-21 05:13:29.068 DBG] TwitchService :: Presence Timer :: Artificially updated presence with a threshold of 5 minutes (98.5089ms)
[2026-03-21 05:14:14.684 DBG] Credits :: Time to save 12.4057ms
[2026-03-21 05:14:28.979 DBG] ViewerRepo :: UpdatePresence(twitch, 5), 0.0363ms
[2026-03-21 05:14:29.070 DBG] TwitchService :: Presence Timer :: Artificially updated presence with a threshold of 5 minutes (92.2011ms)
[2026-03-21 05:14:53.653 DBG] AutoSave :: Auto saving settings...
[2026-03-21 05:14:53.667 DBG] Users :: Time to save 14.1734ms
[2026-03-21 05:14:53.689 DBG] Actions :: Time to save 22.1411ms
[2026-03-21 05:14:53.706 DBG] Commands :: Time to save 16.908ms
[2026-03-21 05:14:53.722 DBG] Twitch Rewards :: Time to save 16.3449ms
[2026-03-21 05:14:53.734 DBG] Midi :: Time to save 11.1154ms
[2026-03-21 05:14:53.748 DBG] OBS Settings :: Time to save 14.4844ms
[2026-03-21 05:14:53.761 DBG] MeldStudio Settings :: Time to save 12.9094ms
[2026-03-21 05:14:53.770 DBG] Credits :: Time to save 9.6818ms
[2026-03-21 05:14:53.786 DBG] Quotes :: Time to save 15.3941ms
[2026-03-21 05:14:53.873 DBG] Config :: Time to save 17.2741ms
[2026-03-21 05:15:28.981 DBG] ViewerRepo :: UpdatePresence(twitch, 5), 0.0349ms
[2026-03-21 05:15:29.073 DBG] TwitchService :: Presence Timer :: Artificially updated presence with a threshold of 5 minutes (92.0813ms)
[2026-03-21 05:16:28.993 DBG] ViewerRepo :: UpdatePresence(twitch, 5), 0.0482ms
[2026-03-21 05:16:29.092 DBG] TwitchService :: Presence Timer :: Artificially updated presence with a threshold of 5 minutes (99.2037ms)
[2026-03-21 05:17:28.994 DBG] ViewerRepo :: UpdatePresence(twitch, 5), 0.0338ms
[2026-03-21 05:17:29.083 DBG] TwitchService :: Presence Timer :: Artificially updated presence with a threshold of 5 minutes (89.8022ms)
[2026-03-21 05:18:29.006 DBG] ViewerRepo :: UpdatePresence(twitch, 5), 0.0617ms
[2026-03-21 05:18:29.098 DBG] TwitchService :: Presence Timer :: Artificially updated presence with a threshold of 5 minutes (92.6694ms)
[2026-03-21 05:19:14.692 DBG] Credits :: Time to save 16.7633ms
[2026-03-21 05:19:29.012 DBG] ViewerRepo :: UpdatePresence(twitch, 5), 0.039ms
[2026-03-21 05:19:29.583 DBG] TwitchService :: Presence Timer :: Artificially updated presence with a threshold of 5 minutes (571.85ms)
[2026-03-21 05:19:53.864 DBG] AutoSave :: Auto saving settings...
[2026-03-21 05:19:53.880 DBG] Users :: Time to save 16.1548ms
[2026-03-21 05:19:53.897 DBG] Actions :: Time to save 17.5616ms
[2026-03-21 05:19:53.913 DBG] Commands :: Time to save 15.3093ms
[2026-03-21 05:19:53.929 DBG] Twitch Rewards :: Time to save 16.6771ms
[2026-03-21 05:19:53.944 DBG] Midi :: Time to save 14.9225ms
[2026-03-21 05:19:53.957 DBG] OBS Settings :: Time to save 12.3171ms
[2026-03-21 05:19:53.966 DBG] MeldStudio Settings :: Time to save 9.8354ms
[2026-03-21 05:19:53.979 DBG] Credits :: Time to save 12.5821ms
[2026-03-21 05:19:53.990 DBG] Quotes :: Time to save 10.9051ms
[2026-03-21 05:19:54.085 DBG] Config :: Time to save 17.9557ms
[2026-03-21 05:19:54.332 DBG] ActionDispatcher :: Queueing 'Sub Goal' (361aa588-5f31-4e19-b8a5-099cae52479d, TimedAction) to 'Default' (00000000-0000-0000-0000-000000000000), with 11 arguments
[2026-03-21 05:19:54.332 DBG] ActionQueue :: 'Default' (00000000-0000-0000-0000-000000000000) :: Enqueue action 361aa588-5f31-4e19-b8a5-099cae52479d
[2026-03-21 05:19:54.332 DBG] ActionQueue :: 'Default' (00000000-0000-0000-0000-000000000000) :: Handling queue
[2026-03-21 05:19:54.332 DBG] ActionQueue :: 'Default' (00000000-0000-0000-0000-000000000000) :: Performing non-blocking 'Sub Goal' (361aa588-5f31-4e19-b8a5-099cae52479d, 02b42649-adde-4a5b-94b7-ecd4ff23ce14)
[2026-03-21 05:20:29.014 DBG] ViewerRepo :: UpdatePresence(twitch, 5), 0.04ms
[2026-03-21 05:20:29.112 DBG] TwitchService :: Presence Timer :: Artificially updated presence with a threshold of 5 minutes (97.6466ms)
[2026-03-21 05:21:29.015 DBG] ViewerRepo :: UpdatePresence(twitch, 5), 0.0428ms
[2026-03-21 05:21:29.109 DBG] TwitchService :: Presence Timer :: Artificially updated presence with a threshold of 5 minutes (94.3249ms)
[2026-03-21 05:21:31.659 DBG] Twitch EventSub (Broadcaster) :: Disconnected
[2026-03-21 05:21:31.659 INF] TwitchService :: Disconnected from Broadcaster EventSub
[2026-03-21 05:21:33.669 DBG] TwitchService :: Retrying broadcaster EventSub connection
[2026-03-21 05:21:33.669 INF] TwitchService :: Connecting to Broadcaster EventSub
[2026-03-21 05:21:33.670 DBG] Twitch EventSub (Broadcaster) :: Opening connection
[2026-03-21 05:21:33.794 DBG] Twitch EventSub (Broadcaster) :: Subscribing to 56 events
[2026-03-21 05:21:38.776 INF] TwitchService :: Connected to Broadcaster EventSub, and authenticated
[2026-03-21 05:22:29.031 DBG] ViewerRepo :: UpdatePresence(twitch, 5), 0.0462ms
[2026-03-21 05:22:29.121 DBG] TwitchService :: Presence Timer :: Artificially updated presence with a threshold of 5 minutes (89.8344ms)
[2026-03-21 05:23:29.057 DBG] ViewerRepo :: UpdatePresence(twitch, 5), 0.0468ms
[2026-03-21 05:23:29.152 DBG] TwitchService :: Presence Timer :: Artificially updated presence with a threshold of 5 minutes (95.1352ms)
[2026-03-21 05:24:14.709 DBG] Credits :: Time to save 16.0673ms
[2026-03-21 05:24:29.061 DBG] ViewerRepo :: UpdatePresence(twitch, 5), 0.0347ms
[2026-03-21 05:24:29.160 DBG] TwitchService :: Presence Timer :: Artificially updated presence with a threshold of 5 minutes (98.1719ms)
[2026-03-21 05:24:54.076 DBG] AutoSave :: Auto saving settings...
[2026-03-21 05:24:54.095 DBG] Users :: Time to save 18.3349ms
[2026-03-21 05:24:54.117 DBG] Actions :: Time to save 22.1521ms
[2026-03-21 05:24:54.133 DBG] Commands :: Time to save 15.798ms
[2026-03-21 05:24:54.148 DBG] Twitch Rewards :: Time to save 14.664ms
[2026-03-21 05:24:54.160 DBG] Midi :: Time to save 13.1322ms
[2026-03-21 05:24:54.171 DBG] OBS Settings :: Time to save 10.7304ms
[2026-03-21 05:24:54.185 DBG] MeldStudio Settings :: Time to save 14.1017ms
[2026-03-21 05:24:54.200 DBG] Credits :: Time to save 15.2641ms
[2026-03-21 05:24:54.214 DBG] Quotes :: Time to save 13.6639ms
[2026-03-21 05:24:54.297 DBG] Config :: Time to save 20.7156ms
[2026-03-21 05:25:29.064 DBG] ViewerRepo :: UpdatePresence(twitch, 5), 0.0367ms
[2026-03-21 05:25:29.159 DBG] TwitchService :: Presence Timer :: Artificially updated presence with a threshold of 5 minutes (95.659ms)
[2026-03-21 05:26:29.068 DBG] ViewerRepo :: UpdatePresence(twitch, 5), 0.0353ms
[2026-03-21 05:26:29.157 DBG] TwitchService :: Presence Timer :: Artificially updated presence with a threshold of 5 minutes (89.7442ms)
[2026-03-21 05:27:29.069 DBG] ViewerRepo :: UpdatePresence(twitch, 5), 0.0334ms
[2026-03-21 05:27:29.165 DBG] TwitchService :: Presence Timer :: Artificially updated presence with a threshold of 5 minutes (95.7904ms)
[2026-03-21 05:28:29.082 DBG] ViewerRepo :: UpdatePresence(twitch, 5), 0.0352ms
[2026-03-21 05:28:29.177 DBG] TwitchService :: Presence Timer :: Artificially updated presence with a threshold of 5 minutes (94.592ms)
[2026-03-21 05:29:14.704 DBG] Credits :: Time to save 11.2248ms
[2026-03-21 05:29:29.088 DBG] ViewerRepo :: UpdatePresence(twitch, 5), 0.0378ms
[2026-03-21 05:29:29.178 DBG] TwitchService :: Presence Timer :: Artificially updated presence with a threshold of 5 minutes (90.6687ms)
[2026-03-21 05:29:54.286 DBG] AutoSave :: Auto saving settings...
[2026-03-21 05:29:54.300 DBG] Users :: Time to save 14.3625ms
[2026-03-21 05:29:54.318 DBG] Actions :: Time to save 17.6515ms
[2026-03-21 05:29:54.330 DBG] Commands :: Time to save 11.2768ms
[2026-03-21 05:29:54.344 DBG] Twitch Rewards :: Time to save 14.5807ms
[2026-03-21 05:29:54.356 DBG] Midi :: Time to save 12.3155ms
[2026-03-21 05:29:54.364 DBG] ActionDispatcher :: Queueing 'Sub Goal' (361aa588-5f31-4e19-b8a5-099cae52479d, TimedAction) to 'Default' (00000000-0000-0000-0000-000000000000), with 11 arguments
[2026-03-21 05:29:54.364 DBG] ActionQueue :: 'Default' (00000000-0000-0000-0000-000000000000) :: Enqueue action 361aa588-5f31-4e19-b8a5-099cae52479d
[2026-03-21 05:29:54.364 DBG] ActionQueue :: 'Default' (00000000-0000-0000-0000-000000000000) :: Handling queue
[2026-03-21 05:29:54.364 DBG] ActionQueue :: 'Default' (00000000-0000-0000-0000-000000000000) :: Performing non-blocking 'Sub Goal' (361aa588-5f31-4e19-b8a5-099cae52479d, 3f90f1b1-716d-43ad-ba16-2895d44786c5)
[2026-03-21 05:29:54.371 DBG] OBS Settings :: Time to save 15.2432ms
[2026-03-21 05:29:54.384 DBG] MeldStudio Settings :: Time to save 12.8858ms
[2026-03-21 05:29:54.398 DBG] Credits :: Time to save 13.2818ms
[2026-03-21 05:29:54.413 DBG] Quotes :: Time to save 15.3091ms
[2026-03-21 05:29:54.504 DBG] Config :: Time to save 12.3596ms
[2026-03-21 05:30:29.094 DBG] ViewerRepo :: UpdatePresence(twitch, 5), 0.035ms
[2026-03-21 05:30:29.190 DBG] TwitchService :: Presence Timer :: Artificially updated presence with a threshold of 5 minutes (95.7805ms)
[2026-03-21 05:31:29.099 DBG] ViewerRepo :: UpdatePresence(twitch, 5), 0.0356ms
[2026-03-21 05:31:29.193 DBG] TwitchService :: Presence Timer :: Artificially updated presence with a threshold of 5 minutes (94.8676ms)
[2026-03-21 05:32:29.100 DBG] ViewerRepo :: UpdatePresence(twitch, 5), 0.0353ms
[2026-03-21 05:32:29.194 DBG] TwitchService :: Presence Timer :: Artificially updated presence with a threshold of 5 minutes (94.7593ms)
[2026-03-21 05:33:29.107 DBG] ViewerRepo :: UpdatePresence(twitch, 5), 0.0351ms
[2026-03-21 05:33:29.204 DBG] TwitchService :: Presence Timer :: Artificially updated presence with a threshold of 5 minutes (96.14ms)
[2026-03-21 05:34:14.722 DBG] Credits :: Time to save 15.0491ms
[2026-03-21 05:34:29.122 DBG] ViewerRepo :: UpdatePresence(twitch, 5), 0.0359ms
[2026-03-21 05:34:29.210 DBG] TwitchService :: Presence Timer :: Artificially updated presence with a threshold of 5 minutes (89.3461ms)
[2026-03-21 05:34:54.545 DBG] AutoSave :: Auto saving settings...
[2026-03-21 05:34:54.558 DBG] Users :: Time to save 13.1444ms
[2026-03-21 05:34:54.580 DBG] Actions :: Time to save 21.6862ms
[2026-03-21 05:34:54.592 DBG] Commands :: Time to save 10.7683ms
[2026-03-21 05:34:54.603 DBG] Twitch Rewards :: Time to save 11.2753ms
[2026-03-21 05:34:54.614 DBG] Midi :: Time to save 11.353ms
[2026-03-21 05:34:54.630 DBG] OBS Settings :: Time to save 15.4115ms
[2026-03-21 05:34:54.643 DBG] MeldStudio Settings :: Time to save 14.3091ms
[2026-03-21 05:34:54.654 DBG] Credits :: Time to save 10.4545ms
[2026-03-21 05:34:54.671 DBG] Quotes :: Time to save 16.3836ms
[2026-03-21 05:34:54.766 DBG] Config :: Time to save 17.0645ms
[2026-03-21 05:35:29.132 DBG] ViewerRepo :: UpdatePresence(twitch, 5), 0.0477ms
[2026-03-21 05:35:29.227 DBG] TwitchService :: Presence Timer :: Artificially updated presence with a threshold of 5 minutes (94.6918ms)
[2026-03-21 05:36:29.142 DBG] ViewerRepo :: UpdatePresence(twitch, 5), 0.0455ms
[2026-03-21 05:36:29.238 DBG] TwitchService :: Presence Timer :: Artificially updated presence with a threshold of 5 minutes (95.524ms)
[2026-03-21 05:37:29.159 DBG] ViewerRepo :: UpdatePresence(twitch, 5), 0.0352ms
[2026-03-21 05:37:29.251 DBG] TwitchService :: Presence Timer :: Artificially updated presence with a threshold of 5 minutes (92.7931ms)
[2026-03-21 05:38:29.161 DBG] ViewerRepo :: UpdatePresence(twitch, 5), 0.0349ms
[2026-03-21 05:38:29.257 DBG] TwitchService :: Presence Timer :: Artificially updated presence with a threshold of 5 minutes (95.9723ms)
[2026-03-21 05:39:14.733 DBG] Credits :: Time to save 15.5658ms
[2026-03-21 05:39:29.171 DBG] ViewerRepo :: UpdatePresence(twitch, 5), 0.0411ms
[2026-03-21 05:39:29.265 DBG] TwitchService :: Presence Timer :: Artificially updated presence with a threshold of 5 minutes (94.4004ms)
[2026-03-21 05:39:54.762 DBG] AutoSave :: Auto saving settings...
[2026-03-21 05:39:54.775 DBG] Users :: Time to save 13.3646ms
[2026-03-21 05:39:54.798 DBG] Actions :: Time to save 22.8971ms
[2026-03-21 05:39:54.815 DBG] Commands :: Time to save 16.4307ms
[2026-03-21 05:39:54.831 DBG] Twitch Rewards :: Time to save 15.8235ms
[2026-03-21 05:39:54.844 DBG] Midi :: Time to save 13.3619ms
[2026-03-21 05:39:54.856 DBG] OBS Settings :: Time to save 12.3744ms
[2026-03-21 05:39:54.866 DBG] MeldStudio Settings :: Time to save 9.6895ms
[2026-03-21 05:39:54.878 DBG] Credits :: Time to save 11.64ms
[2026-03-21 05:39:54.888 DBG] Quotes :: Time to save 10.2945ms
[2026-03-21 05:39:54.981 DBG] Config :: Time to save 16.5257ms
[2026-03-21 05:39:55.027 DBG] ActionDispatcher :: Queueing 'Sub Goal' (361aa588-5f31-4e19-b8a5-099cae52479d, TimedAction) to 'Default' (00000000-0000-0000-0000-000000000000), with 11 arguments
[2026-03-21 05:39:55.027 DBG] ActionQueue :: 'Default' (00000000-0000-0000-0000-000000000000) :: Enqueue action 361aa588-5f31-4e19-b8a5-099cae52479d
[2026-03-21 05:39:55.027 DBG] ActionQueue :: 'Default' (00000000-0000-0000-0000-000000000000) :: Handling queue
[2026-03-21 05:39:55.027 DBG] ActionQueue :: 'Default' (00000000-0000-0000-0000-000000000000) :: Performing non-blocking 'Sub Goal' (361aa588-5f31-4e19-b8a5-099cae52479d, 78863ee1-6ef6-4573-b945-e781d1bb50ef)
[2026-03-21 05:40:29.185 DBG] ViewerRepo :: UpdatePresence(twitch, 5), 0.0368ms
[2026-03-21 05:40:29.277 DBG] TwitchService :: Presence Timer :: Artificially updated presence with a threshold of 5 minutes (92.5305ms)
[2026-03-21 05:41:29.192 DBG] ViewerRepo :: UpdatePresence(twitch, 5), 0.0383ms
[2026-03-21 05:41:29.282 DBG] TwitchService :: Presence Timer :: Artificially updated presence with a threshold of 5 minutes (90.1993ms)
[2026-03-21 05:42:29.198 DBG] ViewerRepo :: UpdatePresence(twitch, 5), 0.0342ms
[2026-03-21 05:42:29.295 DBG] TwitchService :: Presence Timer :: Artificially updated presence with a threshold of 5 minutes (97.1515ms)
[2026-03-21 05:43:29.212 DBG] ViewerRepo :: UpdatePresence(twitch, 5), 0.0341ms
[2026-03-21 05:43:29.305 DBG] TwitchService :: Presence Timer :: Artificially updated presence with a threshold of 5 minutes (93.0844ms)
[2026-03-21 05:44:14.732 DBG] Credits :: Time to save 14.754ms
[2026-03-21 05:44:29.219 DBG] ViewerRepo :: UpdatePresence(twitch, 5), 0.0436ms
[2026-03-21 05:44:29.317 DBG] TwitchService :: Presence Timer :: Artificially updated presence with a threshold of 5 minutes (98.3076ms)
[2026-03-21 05:44:54.989 DBG] AutoSave :: Auto saving settings...
[2026-03-21 05:44:55.002 DBG] Users :: Time to save 13.3947ms
[2026-03-21 05:44:55.020 DBG] Actions :: Time to save 17.1697ms
[2026-03-21 05:44:55.036 DBG] Commands :: Time to save 15.2737ms
[2026-03-21 05:44:55.050 DBG] Twitch Rewards :: Time to save 15.3196ms
[2026-03-21 05:44:55.064 DBG] Midi :: Time to save 13.2953ms
[2026-03-21 05:44:55.077 DBG] OBS Settings :: Time to save 13.2755ms
[2026-03-21 05:44:55.091 DBG] MeldStudio Settings :: Time to save 13.2538ms
[2026-03-21 05:44:55.102 DBG] Credits :: Time to save 11.1213ms
[2026-03-21 05:44:55.114 DBG] Quotes :: Time to save 11.7787ms
[2026-03-21 05:44:55.209 DBG] Config :: Time to save 17.7995ms
[2026-03-21 05:45:29.226 DBG] ViewerRepo :: UpdatePresence(twitch, 5), 0.0473ms
[2026-03-21 05:45:29.327 DBG] TwitchService :: Presence Timer :: Artificially updated presence with a threshold of 5 minutes (100.866ms)
[2026-03-21 05:46:29.241 DBG] ViewerRepo :: UpdatePresence(twitch, 5), 0.0363ms
[2026-03-21 05:46:29.336 DBG] TwitchService :: Presence Timer :: Artificially updated presence with a threshold of 5 minutes (95.4815ms)
[2026-03-21 05:47:29.255 DBG] ViewerRepo :: UpdatePresence(twitch, 5), 0.0405ms
[2026-03-21 05:47:29.351 DBG] TwitchService :: Presence Timer :: Artificially updated presence with a threshold of 5 minutes (95.9064ms)
[2026-03-21 05:48:29.267 DBG] ViewerRepo :: UpdatePresence(twitch, 5), 0.0361ms
[2026-03-21 05:48:29.362 DBG] TwitchService :: Presence Timer :: Artificially updated presence with a threshold of 5 minutes (95.6131ms)
[2026-03-21 05:49:14.738 DBG] Credits :: Time to save 15.5156ms
[2026-03-21 05:49:29.277 DBG] ViewerRepo :: UpdatePresence(twitch, 5), 0.0493ms
[2026-03-21 05:49:29.369 DBG] TwitchService :: Presence Timer :: Artificially updated presence with a threshold of 5 minutes (92.688ms)
[2026-03-21 05:49:55.212 DBG] AutoSave :: Auto saving settings...
[2026-03-21 05:49:55.231 DBG] Users :: Time to save 18.5945ms
[2026-03-21 05:49:55.253 DBG] Actions :: Time to save 23.0463ms
[2026-03-21 05:49:55.269 DBG] Commands :: Time to save 15.8228ms
[2026-03-21 05:49:55.281 DBG] Twitch Rewards :: Time to save 11.1492ms
[2026-03-21 05:49:55.289 DBG] Midi :: Time to save 9.1362ms
[2026-03-21 05:49:55.301 DBG] OBS Settings :: Time to save 10.7009ms
[2026-03-21 05:49:55.314 DBG] MeldStudio Settings :: Time to save 13.4065ms
[2026-03-21 05:49:55.327 DBG] Credits :: Time to save 13.5413ms
[2026-03-21 05:49:55.343 DBG] Quotes :: Time to save 15.0306ms
[2026-03-21 05:49:55.429 DBG] Config :: Time to save 12.5414ms
[2026-03-21 05:49:55.512 DBG] ActionDispatcher :: Queueing 'Sub Goal' (361aa588-5f31-4e19-b8a5-099cae52479d, TimedAction) to 'Default' (00000000-0000-0000-0000-000000000000), with 11 arguments
[2026-03-21 05:49:55.512 DBG] ActionQueue :: 'Default' (00000000-0000-0000-0000-000000000000) :: Enqueue action 361aa588-5f31-4e19-b8a5-099cae52479d
[2026-03-21 05:49:55.512 DBG] ActionQueue :: 'Default' (00000000-0000-0000-0000-000000000000) :: Handling queue
[2026-03-21 05:49:55.512 DBG] ActionQueue :: 'Default' (00000000-0000-0000-0000-000000000000) :: Performing non-blocking 'Sub Goal' (361aa588-5f31-4e19-b8a5-099cae52479d, 50f0d3be-7a72-4cf7-a571-c5026f2fef32)
[2026-03-21 05:50:29.286 DBG] ViewerRepo :: UpdatePresence(twitch, 5), 0.0341ms
[2026-03-21 05:50:29.376 DBG] TwitchService :: Presence Timer :: Artificially updated presence with a threshold of 5 minutes (91.127ms)
[2026-03-21 05:51:29.299 DBG] ViewerRepo :: UpdatePresence(twitch, 5), 0.0362ms
[2026-03-21 05:51:29.389 DBG] TwitchService :: Presence Timer :: Artificially updated presence with a threshold of 5 minutes (90.9802ms)
[2026-03-21 05:52:29.311 DBG] ViewerRepo :: UpdatePresence(twitch, 5), 0.0377ms
[2026-03-21 05:52:29.405 DBG] TwitchService :: Presence Timer :: Artificially updated presence with a threshold of 5 minutes (94.4816ms)
[2026-03-21 05:53:29.326 DBG] ViewerRepo :: UpdatePresence(twitch, 5), 0.0495ms
[2026-03-21 05:53:29.414 DBG] TwitchService :: Presence Timer :: Artificially updated presence with a threshold of 5 minutes (88.5814ms)
[2026-03-21 05:54:14.752 DBG] Credits :: Time to save 15.805ms
[2026-03-21 05:54:29.332 DBG] ViewerRepo :: UpdatePresence(twitch, 5), 0.0357ms
[2026-03-21 05:54:29.425 DBG] TwitchService :: Presence Timer :: Artificially updated presence with a threshold of 5 minutes (92.5958ms)
[2026-03-21 05:54:55.432 DBG] AutoSave :: Auto saving settings...
[2026-03-21 05:54:55.445 DBG] Users :: Time to save 13.3757ms
[2026-03-21 05:54:55.464 DBG] Actions :: Time to save 18.8121ms
[2026-03-21 05:54:55.479 DBG] Commands :: Time to save 15.5885ms
[2026-03-21 05:54:55.491 DBG] Twitch Rewards :: Time to save 11.2001ms
[2026-03-21 05:54:55.503 DBG] Midi :: Time to save 12.7163ms
[2026-03-21 05:54:55.517 DBG] OBS Settings :: Time to save 13.9136ms
[2026-03-21 05:54:55.531 DBG] MeldStudio Settings :: Time to save 13.4222ms
[2026-03-21 05:54:55.542 DBG] Credits :: Time to save 10.5913ms
[2026-03-21 05:54:55.557 DBG] Quotes :: Time to save 15.3793ms
[2026-03-21 05:54:55.652 DBG] Config :: Time to save 18.5954ms
[2026-03-21 05:55:29.342 DBG] ViewerRepo :: UpdatePresence(twitch, 5), 0.0632ms
[2026-03-21 05:55:29.434 DBG] TwitchService :: Presence Timer :: Artificially updated presence with a threshold of 5 minutes (92.035ms)
[2026-03-21 05:56:29.349 DBG] ViewerRepo :: UpdatePresence(twitch, 5), 0.0359ms
[2026-03-21 05:56:29.445 DBG] TwitchService :: Presence Timer :: Artificially updated presence with a threshold of 5 minutes (95.7277ms)
[2026-03-21 05:57:29.363 DBG] ViewerRepo :: UpdatePresence(twitch, 5), 0.0394ms
[2026-03-21 05:57:29.456 DBG] TwitchService :: Presence Timer :: Artificially updated presence with a threshold of 5 minutes (93.6687ms)
[2026-03-21 05:58:29.371 DBG] ViewerRepo :: UpdatePresence(twitch, 5), 0.0396ms
[2026-03-21 05:58:29.468 DBG] TwitchService :: Presence Timer :: Artificially updated presence with a threshold of 5 minutes (97.1676ms)
[2026-03-21 05:59:14.773 DBG] Credits :: Time to save 17.1283ms
[2026-03-21 05:59:29.384 DBG] ViewerRepo :: UpdatePresence(twitch, 5), 0.0377ms
[2026-03-21 05:59:29.475 DBG] TwitchService :: Presence Timer :: Artificially updated presence with a threshold of 5 minutes (91.415ms)
[2026-03-21 05:59:55.645 DBG] AutoSave :: Auto saving settings...
[2026-03-21 05:59:55.662 DBG] Users :: Time to save 17.5929ms
[2026-03-21 05:59:55.679 DBG] Actions :: Time to save 17.1987ms
[2026-03-21 05:59:55.695 DBG] Commands :: Time to save 15.1141ms
[2026-03-21 05:59:55.711 DBG] Twitch Rewards :: Time to save 15.5031ms
[2026-03-21 05:59:55.719 DBG] Midi :: Time to save 9.2239ms
[2026-03-21 05:59:55.733 DBG] OBS Settings :: Time to save 13.1797ms
[2026-03-21 05:59:55.746 DBG] MeldStudio Settings :: Time to save 12.4364ms
[2026-03-21 05:59:55.757 DBG] Credits :: Time to save 11.2774ms
[2026-03-21 05:59:55.771 DBG] Quotes :: Time to save 14.4804ms
[2026-03-21 05:59:55.867 DBG] Config :: Time to save 19.0118ms
[2026-03-21 05:59:56.244 DBG] ActionDispatcher :: Queueing 'Sub Goal' (361aa588-5f31-4e19-b8a5-099cae52479d, TimedAction) to 'Default' (00000000-0000-0000-0000-000000000000), with 11 arguments
[2026-03-21 05:59:56.244 DBG] ActionQueue :: 'Default' (00000000-0000-0000-0000-000000000000) :: Enqueue action 361aa588-5f31-4e19-b8a5-099cae52479d
[2026-03-21 05:59:56.244 DBG] ActionQueue :: 'Default' (00000000-0000-0000-0000-000000000000) :: Handling queue
[2026-03-21 05:59:56.244 DBG] ActionQueue :: 'Default' (00000000-0000-0000-0000-000000000000) :: Performing non-blocking 'Sub Goal' (361aa588-5f31-4e19-b8a5-099cae52479d, 7748ec20-363a-46f0-9c91-ea97c497489e)
[2026-03-21 06:00:29.394 DBG] ViewerRepo :: UpdatePresence(twitch, 5), 0.0333ms
[2026-03-21 06:00:29.486 DBG] TwitchService :: Presence Timer :: Artificially updated presence with a threshold of 5 minutes (91.9695ms)
[2026-03-21 06:01:29.396 DBG] ViewerRepo :: UpdatePresence(twitch, 5), 0.0353ms
[2026-03-21 06:01:29.487 DBG] TwitchService :: Presence Timer :: Artificially updated presence with a threshold of 5 minutes (91.2929ms)
[2026-03-21 06:02:29.406 DBG] ViewerRepo :: UpdatePresence(twitch, 5), 0.0456ms
[2026-03-21 06:02:29.499 DBG] TwitchService :: Presence Timer :: Artificially updated presence with a threshold of 5 minutes (93.4081ms)
[2026-03-21 06:03:29.414 DBG] ViewerRepo :: UpdatePresence(twitch, 5), 0.0355ms
[2026-03-21 06:03:29.504 DBG] TwitchService :: Presence Timer :: Artificially updated presence with a threshold of 5 minutes (90.9105ms)
[2026-03-21 06:04:14.776 DBG] Credits :: Time to save 15.1901ms
[2026-03-21 06:04:29.427 DBG] ViewerRepo :: UpdatePresence(twitch, 5), 0.0501ms
[2026-03-21 06:04:29.515 DBG] TwitchService :: Presence Timer :: Artificially updated presence with a threshold of 5 minutes (88.3476ms)
[2026-03-21 06:04:55.886 DBG] AutoSave :: Auto saving settings...
[2026-03-21 06:04:55.899 DBG] Users :: Time to save 14.1284ms
[2026-03-21 06:04:55.924 DBG] Actions :: Time to save 23.6487ms
[2026-03-21 06:04:55.941 DBG] Commands :: Time to save 16.8234ms
[2026-03-21 06:04:55.958 DBG] Twitch Rewards :: Time to save 17.0608ms
[2026-03-21 06:04:55.972 DBG] Midi :: Time to save 14.3987ms
[2026-03-21 06:04:55.987 DBG] OBS Settings :: Time to save 14.2987ms
[2026-03-21 06:04:55.998 DBG] MeldStudio Settings :: Time to save 11.3606ms
[2026-03-21 06:04:56.011 DBG] Credits :: Time to save 12.7505ms
[2026-03-21 06:04:56.023 DBG] Quotes :: Time to save 12.7873ms
[2026-03-21 06:04:56.111 DBG] Config :: Time to save 20.8188ms
[2026-03-21 06:05:29.433 DBG] ViewerRepo :: UpdatePresence(twitch, 5), 0.035ms
[2026-03-21 06:05:29.529 DBG] TwitchService :: Presence Timer :: Artificially updated presence with a threshold of 5 minutes (95.7062ms)
[2026-03-21 06:06:29.448 DBG] ViewerRepo :: UpdatePresence(twitch, 5), 0.0352ms
[2026-03-21 06:06:29.541 DBG] TwitchService :: Presence Timer :: Artificially updated presence with a threshold of 5 minutes (93.2025ms)
[2026-03-21 06:07:29.456 DBG] ViewerRepo :: UpdatePresence(twitch, 5), 0.048ms
[2026-03-21 06:07:29.548 DBG] TwitchService :: Presence Timer :: Artificially updated presence with a threshold of 5 minutes (93.0271ms)
[2026-03-21 06:08:29.469 DBG] ViewerRepo :: UpdatePresence(twitch, 5), 0.0346ms
[2026-03-21 06:08:29.562 DBG] TwitchService :: Presence Timer :: Artificially updated presence with a threshold of 5 minutes (93.6018ms)
[2026-03-21 06:09:14.784 DBG] Credits :: Time to save 15.6896ms
[2026-03-21 06:09:29.480 DBG] ViewerRepo :: UpdatePresence(twitch, 5), 0.0619ms
[2026-03-21 06:09:29.575 DBG] TwitchService :: Presence Timer :: Artificially updated presence with a threshold of 5 minutes (94.6436ms)
[2026-03-21 06:09:56.128 DBG] AutoSave :: Auto saving settings...
[2026-03-21 06:09:56.146 DBG] Users :: Time to save 17.8943ms
[2026-03-21 06:09:56.168 DBG] Actions :: Time to save 21.491ms
[2026-03-21 06:09:56.183 DBG] Commands :: Time to save 15.594ms
[2026-03-21 06:09:56.196 DBG] Twitch Rewards :: Time to save 12.7655ms
[2026-03-21 06:09:56.205 DBG] Midi :: Time to save 9.5774ms
[2026-03-21 06:09:56.216 DBG] OBS Settings :: Time to save 10.4588ms
[2026-03-21 06:09:56.225 DBG] MeldStudio Settings :: Time to save 9.1525ms
[2026-03-21 06:09:56.234 DBG] Credits :: Time to save 9.1679ms
[2026-03-21 06:09:56.250 DBG] Quotes :: Time to save 14.8919ms
[2026-03-21 06:09:56.346 DBG] Config :: Time to save 14.9709ms
[2026-03-21 06:09:56.940 DBG] ActionDispatcher :: Queueing 'Sub Goal' (361aa588-5f31-4e19-b8a5-099cae52479d, TimedAction) to 'Default' (00000000-0000-0000-0000-000000000000), with 11 arguments
[2026-03-21 06:09:56.940 DBG] ActionQueue :: 'Default' (00000000-0000-0000-0000-000000000000) :: Enqueue action 361aa588-5f31-4e19-b8a5-099cae52479d
[2026-03-21 06:09:56.940 DBG] ActionQueue :: 'Default' (00000000-0000-0000-0000-000000000000) :: Handling queue
[2026-03-21 06:09:56.940 DBG] ActionQueue :: 'Default' (00000000-0000-0000-0000-000000000000) :: Performing non-blocking 'Sub Goal' (361aa588-5f31-4e19-b8a5-099cae52479d, 8686af86-4b10-4bd8-93ec-fdd2fa65a0f3)
[2026-03-21 06:10:29.487 DBG] ViewerRepo :: UpdatePresence(twitch, 5), 0.0456ms
[2026-03-21 06:10:29.583 DBG] TwitchService :: Presence Timer :: Artificially updated presence with a threshold of 5 minutes (96.3054ms)
[2026-03-21 06:11:29.509 DBG] ViewerRepo :: UpdatePresence(twitch, 5), 0.0383ms
[2026-03-21 06:11:29.603 DBG] TwitchService :: Presence Timer :: Artificially updated presence with a threshold of 5 minutes (94.666ms)
[2026-03-21 06:12:29.519 DBG] ViewerRepo :: UpdatePresence(twitch, 5), 0.0369ms
[2026-03-21 06:12:29.618 DBG] TwitchService :: Presence Timer :: Artificially updated presence with a threshold of 5 minutes (98.7631ms)
[2026-03-21 06:13:29.523 DBG] ViewerRepo :: UpdatePresence(twitch, 5), 0.0418ms
[2026-03-21 06:13:29.620 DBG] TwitchService :: Presence Timer :: Artificially updated presence with a threshold of 5 minutes (96.54ms)
[2026-03-21 06:14:14.781 DBG] Credits :: Time to save 12.2504ms
[2026-03-21 06:14:29.524 DBG] ViewerRepo :: UpdatePresence(twitch, 5), 0.0324ms
[2026-03-21 06:14:29.616 DBG] TwitchService :: Presence Timer :: Artificially updated presence with a threshold of 5 minutes (92.1596ms)
[2026-03-21 06:14:56.315 DBG] AutoSave :: Auto saving settings...
[2026-03-21 06:14:56.332 DBG] Users :: Time to save 17.6484ms
[2026-03-21 06:14:56.356 DBG] Actions :: Time to save 23.6172ms
[2026-03-21 06:14:56.374 DBG] Commands :: Time to save 18.5087ms
[2026-03-21 06:14:56.392 DBG] Twitch Rewards :: Time to save 17.6341ms
[2026-03-21 06:14:56.407 DBG] Midi :: Time to save 14.7573ms
[2026-03-21 06:14:56.423 DBG] OBS Settings :: Time to save 15.2888ms
[2026-03-21 06:14:56.434 DBG] MeldStudio Settings :: Time to save 11.5698ms
[2026-03-21 06:14:56.448 DBG] Credits :: Time to save 14.4256ms
[2026-03-21 06:14:56.466 DBG] Quotes :: Time to save 17.3909ms
[2026-03-21 06:14:56.537 DBG] Config :: Time to save 18.6487ms
[2026-03-21 06:15:29.526 DBG] ViewerRepo :: UpdatePresence(twitch, 5), 0.0357ms
[2026-03-21 06:15:29.619 DBG] TwitchService :: Presence Timer :: Artificially updated presence with a threshold of 5 minutes (93.6369ms)
[2026-03-21 06:16:29.534 DBG] ViewerRepo :: UpdatePresence(twitch, 5), 0.0361ms
[2026-03-21 06:16:29.626 DBG] TwitchService :: Presence Timer :: Artificially updated presence with a threshold of 5 minutes (92.9743ms)
[2026-03-21 06:17:29.540 DBG] ViewerRepo :: UpdatePresence(twitch, 5), 0.0358ms
[2026-03-21 06:17:29.636 DBG] TwitchService :: Presence Timer :: Artificially updated presence with a threshold of 5 minutes (95.2987ms)
[2026-03-21 06:18:29.548 DBG] ViewerRepo :: UpdatePresence(twitch, 5), 0.0414ms
[2026-03-21 06:18:29.645 DBG] TwitchService :: Presence Timer :: Artificially updated presence with a threshold of 5 minutes (97.6089ms)
[2026-03-21 06:19:14.791 DBG] Credits :: Time to save 15.3345ms
[2026-03-21 06:19:29.553 DBG] ViewerRepo :: UpdatePresence(twitch, 5), 0.0365ms
[2026-03-21 06:19:30.127 DBG] TwitchService :: Presence Timer :: Artificially updated presence with a threshold of 5 minutes (573.7152ms)
[2026-03-21 06:19:56.562 DBG] AutoSave :: Auto saving settings...
[2026-03-21 06:19:56.577 DBG] Users :: Time to save 15.0242ms
[2026-03-21 06:19:56.595 DBG] Actions :: Time to save 18.1828ms
[2026-03-21 06:19:56.609 DBG] Commands :: Time to save 13.2094ms
[2026-03-21 06:19:56.621 DBG] Twitch Rewards :: Time to save 12.3244ms
[2026-03-21 06:19:56.633 DBG] Midi :: Time to save 11.5824ms
[2026-03-21 06:19:56.645 DBG] OBS Settings :: Time to save 12.4321ms
[2026-03-21 06:19:56.659 DBG] MeldStudio Settings :: Time to save 14.4364ms
[2026-03-21 06:19:56.673 DBG] Credits :: Time to save 12.9253ms
[2026-03-21 06:19:56.688 DBG] Quotes :: Time to save 15.4642ms
[2026-03-21 06:19:56.782 DBG] Config :: Time to save 16.0863ms
[2026-03-21 06:19:57.514 DBG] ActionDispatcher :: Queueing 'Sub Goal' (361aa588-5f31-4e19-b8a5-099cae52479d, TimedAction) to 'Default' (00000000-0000-0000-0000-000000000000), with 11 arguments
[2026-03-21 06:19:57.514 DBG] ActionQueue :: 'Default' (00000000-0000-0000-0000-000000000000) :: Enqueue action 361aa588-5f31-4e19-b8a5-099cae52479d
[2026-03-21 06:19:57.514 DBG] ActionQueue :: 'Default' (00000000-0000-0000-0000-000000000000) :: Handling queue
[2026-03-21 06:19:57.514 DBG] ActionQueue :: 'Default' (00000000-0000-0000-0000-000000000000) :: Performing non-blocking 'Sub Goal' (361aa588-5f31-4e19-b8a5-099cae52479d, 237499d9-0b2f-4e1f-b660-e9e93f848f96)
[2026-03-21 06:20:29.569 DBG] ViewerRepo :: UpdatePresence(twitch, 5), 0.0368ms
[2026-03-21 06:20:29.666 DBG] TwitchService :: Presence Timer :: Artificially updated presence with a threshold of 5 minutes (96.5391ms)
[2026-03-21 06:21:29.580 DBG] ViewerRepo :: UpdatePresence(twitch, 5), 0.0418ms
[2026-03-21 06:21:29.672 DBG] TwitchService :: Presence Timer :: Artificially updated presence with a threshold of 5 minutes (92.247ms)
[2026-03-21 06:22:29.593 DBG] ViewerRepo :: UpdatePresence(twitch, 5), 0.0604ms
[2026-03-21 06:22:29.688 DBG] TwitchService :: Presence Timer :: Artificially updated presence with a threshold of 5 minutes (95.6375ms)
[2026-03-21 06:23:14.539 DBG] Twitch EventSub (Bot) :: Disconnected
[2026-03-21 06:23:14.539 INF] TwitchService :: Disconnected from Bot EventSub
[2026-03-21 06:23:16.552 DBG] TwitchService :: Retrying Bot EventSub connection
[2026-03-21 06:23:16.552 INF] TwitchService :: Connecting to Bot EventSub
[2026-03-21 06:23:16.552 DBG] Twitch EventSub (Bot) :: Opening connection
[2026-03-21 06:23:16.766 DBG] Twitch EventSub (Bot) :: Subscribing to 1 events
[2026-03-21 06:23:17.252 INF] TwitchService :: Connected to Bot EventSub, and authenticated
[2026-03-21 06:23:29.599 DBG] ViewerRepo :: UpdatePresence(twitch, 5), 0.0496ms
[2026-03-21 06:23:29.699 DBG] TwitchService :: Presence Timer :: Artificially updated presence with a threshold of 5 minutes (99.9001ms)
[2026-03-21 06:24:14.799 DBG] Credits :: Time to save 12.9246ms
[2026-03-21 06:24:29.616 DBG] ViewerRepo :: UpdatePresence(twitch, 5), 0.0467ms
[2026-03-21 06:24:29.716 DBG] TwitchService :: Presence Timer :: Artificially updated presence with a threshold of 5 minutes (100.1695ms)
[2026-03-21 06:24:56.778 DBG] AutoSave :: Auto saving settings...
[2026-03-21 06:24:56.796 DBG] Users :: Time to save 17.924ms
[2026-03-21 06:24:56.814 DBG] Actions :: Time to save 18.1881ms
[2026-03-21 06:24:56.829 DBG] Commands :: Time to save 15.5224ms
[2026-03-21 06:24:56.845 DBG] Twitch Rewards :: Time to save 15.4361ms
[2026-03-21 06:24:56.858 DBG] Midi :: Time to save 12.5804ms
[2026-03-21 06:24:56.871 DBG] OBS Settings :: Time to save 13.4955ms
[2026-03-21 06:24:56.882 DBG] MeldStudio Settings :: Time to save 10.8327ms
[2026-03-21 06:24:56.891 DBG] Credits :: Time to save 9.0441ms
[2026-03-21 06:24:56.907 DBG] Quotes :: Time to save 15.5022ms
[2026-03-21 06:24:57.001 DBG] Config :: Time to save 17.56ms
[2026-03-21 06:25:29.622 DBG] ViewerRepo :: UpdatePresence(twitch, 5), 0.06ms
[2026-03-21 06:25:29.714 DBG] TwitchService :: Presence Timer :: Artificially updated presence with a threshold of 5 minutes (91.9197ms)
[2026-03-21 06:26:29.643 DBG] ViewerRepo :: UpdatePresence(twitch, 5), 0.0371ms
[2026-03-21 06:26:29.736 DBG] TwitchService :: Presence Timer :: Artificially updated presence with a threshold of 5 minutes (93.8707ms)
[2026-03-21 06:27:29.650 DBG] ViewerRepo :: UpdatePresence(twitch, 5), 0.0608ms
[2026-03-21 06:27:29.744 DBG] TwitchService :: Presence Timer :: Artificially updated presence with a threshold of 5 minutes (93.8497ms)
[2026-03-21 06:28:29.663 DBG] ViewerRepo :: UpdatePresence(twitch, 5), 0.033ms
[2026-03-21 06:28:29.764 DBG] TwitchService :: Presence Timer :: Artificially updated presence with a threshold of 5 minutes (101.2153ms)
[2026-03-21 06:29:14.803 DBG] Credits :: Time to save 15.5869ms
[2026-03-21 06:29:29.675 DBG] ViewerRepo :: UpdatePresence(twitch, 5), 0.0349ms
[2026-03-21 06:29:29.767 DBG] TwitchService :: Presence Timer :: Artificially updated presence with a threshold of 5 minutes (93.1635ms)
[2026-03-21 06:29:56.994 DBG] AutoSave :: Auto saving settings...
[2026-03-21 06:29:57.012 DBG] Users :: Time to save 17.9751ms
[2026-03-21 06:29:57.035 DBG] Actions :: Time to save 23.2514ms
[2026-03-21 06:29:57.053 DBG] Commands :: Time to save 17.3923ms
[2026-03-21 06:29:57.069 DBG] Twitch Rewards :: Time to save 17.1898ms
[2026-03-21 06:29:57.084 DBG] Midi :: Time to save 13.9733ms
[2026-03-21 06:29:57.095 DBG] OBS Settings :: Time to save 11.629ms
[2026-03-21 06:29:57.111 DBG] MeldStudio Settings :: Time to save 15.012ms
[2026-03-21 06:29:57.126 DBG] Credits :: Time to save 15.1842ms
[2026-03-21 06:29:57.139 DBG] Quotes :: Time to save 12.8704ms
[2026-03-21 06:29:57.216 DBG] Config :: Time to save 18.9409ms
[2026-03-21 06:29:57.915 DBG] ActionDispatcher :: Queueing 'Sub Goal' (361aa588-5f31-4e19-b8a5-099cae52479d, TimedAction) to 'Default' (00000000-0000-0000-0000-000000000000), with 11 arguments
[2026-03-21 06:29:57.915 DBG] ActionQueue :: 'Default' (00000000-0000-0000-0000-000000000000) :: Enqueue action 361aa588-5f31-4e19-b8a5-099cae52479d
[2026-03-21 06:29:57.915 DBG] ActionQueue :: 'Default' (00000000-0000-0000-0000-000000000000) :: Handling queue
[2026-03-21 06:29:57.915 DBG] ActionQueue :: 'Default' (00000000-0000-0000-0000-000000000000) :: Performing non-blocking 'Sub Goal' (361aa588-5f31-4e19-b8a5-099cae52479d, 515a056f-4c0e-4759-a9ef-9790bbeda6a4)
[2026-03-21 06:30:29.685 DBG] ViewerRepo :: UpdatePresence(twitch, 5), 0.0353ms
[2026-03-21 06:30:29.783 DBG] TwitchService :: Presence Timer :: Artificially updated presence with a threshold of 5 minutes (98.1062ms)
[2026-03-21 06:31:29.699 DBG] ViewerRepo :: UpdatePresence(twitch, 5), 0.037ms
[2026-03-21 06:31:29.798 DBG] TwitchService :: Presence Timer :: Artificially updated presence with a threshold of 5 minutes (100.1427ms)
[2026-03-21 06:32:29.700 DBG] ViewerRepo :: UpdatePresence(twitch, 5), 0.0362ms
[2026-03-21 06:32:29.797 DBG] TwitchService :: Presence Timer :: Artificially updated presence with a threshold of 5 minutes (96.7075ms)
[2026-03-21 06:33:29.714 DBG] ViewerRepo :: UpdatePresence(twitch, 5), 0.0527ms
[2026-03-21 06:33:29.806 DBG] TwitchService :: Presence Timer :: Artificially updated presence with a threshold of 5 minutes (92.1526ms)
[2026-03-21 06:34:14.807 DBG] Credits :: Time to save 11.2646ms
[2026-03-21 06:34:29.728 DBG] ViewerRepo :: UpdatePresence(twitch, 5), 0.0351ms
[2026-03-21 06:34:29.823 DBG] TwitchService :: Presence Timer :: Artificially updated presence with a threshold of 5 minutes (96.2669ms)
[2026-03-21 06:34:57.204 DBG] AutoSave :: Auto saving settings...
[2026-03-21 06:34:57.219 DBG] Users :: Time to save 15.1366ms
[2026-03-21 06:34:57.242 DBG] Actions :: Time to save 22.6414ms
[2026-03-21 06:34:57.257 DBG] Commands :: Time to save 15.7478ms
[2026-03-21 06:34:57.272 DBG] Twitch Rewards :: Time to save 15.2231ms
[2026-03-21 06:34:57.282 DBG] Midi :: Time to save 9.7593ms
[2026-03-21 06:34:57.292 DBG] OBS Settings :: Time to save 10.428ms
[2026-03-21 06:34:57.307 DBG] MeldStudio Settings :: Time to save 13.7623ms
[2026-03-21 06:34:57.319 DBG] Credits :: Time to save 12.394ms
[2026-03-21 06:34:57.334 DBG] Quotes :: Time to save 15.387ms
[2026-03-21 06:34:57.420 DBG] Config :: Time to save 12.8455ms
[2026-03-21 06:35:29.737 DBG] ViewerRepo :: UpdatePresence(twitch, 5), 0.0385ms
[2026-03-21 06:35:29.829 DBG] TwitchService :: Presence Timer :: Artificially updated presence with a threshold of 5 minutes (93.4944ms)
[2026-03-21 06:36:29.745 DBG] ViewerRepo :: UpdatePresence(twitch, 5), 0.0384ms
[2026-03-21 06:36:29.841 DBG] TwitchService :: Presence Timer :: Artificially updated presence with a threshold of 5 minutes (95.6237ms)
[2026-03-21 06:37:29.756 DBG] ViewerRepo :: UpdatePresence(twitch, 5), 0.0352ms
[2026-03-21 06:37:29.847 DBG] TwitchService :: Presence Timer :: Artificially updated presence with a threshold of 5 minutes (91.0246ms)
[2026-03-21 06:38:29.761 DBG] ViewerRepo :: UpdatePresence(twitch, 5), 0.0352ms
[2026-03-21 06:38:29.852 DBG] TwitchService :: Presence Timer :: Artificially updated presence with a threshold of 5 minutes (91.0628ms)
[2026-03-21 06:39:14.808 DBG] Credits :: Time to save 11.2796ms
[2026-03-21 06:39:29.770 DBG] ViewerRepo :: UpdatePresence(twitch, 5), 0.0381ms
[2026-03-21 06:39:29.867 DBG] TwitchService :: Presence Timer :: Artificially updated presence with a threshold of 5 minutes (97.6917ms)
[2026-03-21 06:39:57.434 DBG] AutoSave :: Auto saving settings...
[2026-03-21 06:39:57.452 DBG] Users :: Time to save 18.3521ms
[2026-03-21 06:39:57.469 DBG] Actions :: Time to save 17.5534ms
[2026-03-21 06:39:57.482 DBG] Commands :: Time to save 12.2654ms
[2026-03-21 06:39:57.493 DBG] Twitch Rewards :: Time to save 11.1142ms
[2026-03-21 06:39:57.504 DBG] Midi :: Time to save 11.1599ms
[2026-03-21 06:39:57.518 DBG] OBS Settings :: Time to save 14.2233ms
[2026-03-21 06:39:57.529 DBG] MeldStudio Settings :: Time to save 11.5524ms
[2026-03-21 06:39:57.544 DBG] Credits :: Time to save 13.8529ms
[2026-03-21 06:39:57.555 DBG] Quotes :: Time to save 10.5384ms
[2026-03-21 06:39:57.655 DBG] Config :: Time to save 17.524ms
[2026-03-21 06:39:58.558 DBG] ActionDispatcher :: Queueing 'Sub Goal' (361aa588-5f31-4e19-b8a5-099cae52479d, TimedAction) to 'Default' (00000000-0000-0000-0000-000000000000), with 11 arguments
[2026-03-21 06:39:58.558 DBG] ActionQueue :: 'Default' (00000000-0000-0000-0000-000000000000) :: Enqueue action 361aa588-5f31-4e19-b8a5-099cae52479d
[2026-03-21 06:39:58.558 DBG] ActionQueue :: 'Default' (00000000-0000-0000-0000-000000000000) :: Handling queue
[2026-03-21 06:39:58.558 DBG] ActionQueue :: 'Default' (00000000-0000-0000-0000-000000000000) :: Performing non-blocking 'Sub Goal' (361aa588-5f31-4e19-b8a5-099cae52479d, cd7c4e40-7a66-47fd-b074-8c5b7d35ec00)
[2026-03-21 06:40:29.785 DBG] ViewerRepo :: UpdatePresence(twitch, 5), 0.0353ms
[2026-03-21 06:40:29.880 DBG] TwitchService :: Presence Timer :: Artificially updated presence with a threshold of 5 minutes (94.6054ms)
[2026-03-21 06:41:29.785 DBG] ViewerRepo :: UpdatePresence(twitch, 5), 0.0361ms
[2026-03-21 06:41:29.878 DBG] TwitchService :: Presence Timer :: Artificially updated presence with a threshold of 5 minutes (92.6637ms)
[2026-03-21 06:42:29.795 DBG] ViewerRepo :: UpdatePresence(twitch, 5), 0.0386ms
[2026-03-21 06:42:29.888 DBG] TwitchService :: Presence Timer :: Artificially updated presence with a threshold of 5 minutes (94.1697ms)
[2026-03-21 06:43:29.807 DBG] ViewerRepo :: UpdatePresence(twitch, 5), 0.0404ms
[2026-03-21 06:43:29.897 DBG] TwitchService :: Presence Timer :: Artificially updated presence with a threshold of 5 minutes (91.4948ms)
[2026-03-21 06:44:14.828 DBG] Credits :: Time to save 17.329ms
[2026-03-21 06:44:29.816 DBG] ViewerRepo :: UpdatePresence(twitch, 5), 0.0345ms
[2026-03-21 06:44:29.914 DBG] TwitchService :: Presence Timer :: Artificially updated presence with a threshold of 5 minutes (97.9515ms)
[2026-03-21 06:44:57.633 DBG] AutoSave :: Auto saving settings...
[2026-03-21 06:44:57.654 DBG] Users :: Time to save 19.4591ms
[2026-03-21 06:44:57.675 DBG] Actions :: Time to save 21.1995ms
[2026-03-21 06:44:57.688 DBG] Commands :: Time to save 13.6504ms
[2026-03-21 06:44:57.701 DBG] Twitch Rewards :: Time to save 13.2586ms
[2026-03-21 06:44:57.711 DBG] Midi :: Time to save 9.252ms
[2026-03-21 06:44:57.722 DBG] OBS Settings :: Time to save 11.0554ms
[2026-03-21 06:44:57.734 DBG] MeldStudio Settings :: Time to save 12.1746ms
[2026-03-21 06:44:57.743 DBG] Credits :: Time to save 9.2415ms
[2026-03-21 06:44:57.759 DBG] Quotes :: Time to save 15.0923ms
[2026-03-21 06:44:57.851 DBG] Config :: Time to save 12.7403ms
[2026-03-21 06:45:29.820 DBG] ViewerRepo :: UpdatePresence(twitch, 5), 0.0354ms
[2026-03-21 06:45:29.923 DBG] TwitchService :: Presence Timer :: Artificially updated presence with a threshold of 5 minutes (102.7952ms)
[2026-03-21 06:46:29.824 DBG] ViewerRepo :: UpdatePresence(twitch, 5), 0.0359ms
[2026-03-21 06:46:29.918 DBG] TwitchService :: Presence Timer :: Artificially updated presence with a threshold of 5 minutes (94.0933ms)
[2026-03-21 06:47:29.827 DBG] ViewerRepo :: UpdatePresence(twitch, 5), 0.0375ms
[2026-03-21 06:47:29.924 DBG] TwitchService :: Presence Timer :: Artificially updated presence with a threshold of 5 minutes (97.3014ms)
[2026-03-21 06:48:29.830 DBG] ViewerRepo :: UpdatePresence(twitch, 5), 0.0348ms
[2026-03-21 06:48:29.921 DBG] TwitchService :: Presence Timer :: Artificially updated presence with a threshold of 5 minutes (91.2261ms)
[2026-03-21 06:49:14.830 DBG] Credits :: Time to save 14.5091ms
[2026-03-21 06:49:29.843 DBG] ViewerRepo :: UpdatePresence(twitch, 5), 0.0336ms
[2026-03-21 06:49:29.934 DBG] TwitchService :: Presence Timer :: Artificially updated presence with a threshold of 5 minutes (90.9016ms)
[2026-03-21 06:49:57.856 DBG] AutoSave :: Auto saving settings...
[2026-03-21 06:49:57.876 DBG] Users :: Time to save 20.4182ms
[2026-03-21 06:49:57.900 DBG] Actions :: Time to save 23.6788ms
[2026-03-21 06:49:57.916 DBG] Commands :: Time to save 16.087ms
[2026-03-21 06:49:57.933 DBG] Twitch Rewards :: Time to save 16.7632ms
[2026-03-21 06:49:57.946 DBG] Midi :: Time to save 12.6992ms
[2026-03-21 06:49:57.959 DBG] OBS Settings :: Time to save 12.9459ms
[2026-03-21 06:49:57.974 DBG] MeldStudio Settings :: Time to save 14.8369ms
[2026-03-21 06:49:57.985 DBG] Credits :: Time to save 10.9667ms
[2026-03-21 06:49:58.000 DBG] Quotes :: Time to save 15.6627ms
[2026-03-21 06:49:58.077 DBG] Config :: Time to save 17.5671ms
[2026-03-21 06:49:58.861 DBG] ActionDispatcher :: Queueing 'Sub Goal' (361aa588-5f31-4e19-b8a5-099cae52479d, TimedAction) to 'Default' (00000000-0000-0000-0000-000000000000), with 11 arguments
[2026-03-21 06:49:58.861 DBG] ActionQueue :: 'Default' (00000000-0000-0000-0000-000000000000) :: Enqueue action 361aa588-5f31-4e19-b8a5-099cae52479d
[2026-03-21 06:49:58.861 DBG] ActionQueue :: 'Default' (00000000-0000-0000-0000-000000000000) :: Handling queue
[2026-03-21 06:49:58.861 DBG] ActionQueue :: 'Default' (00000000-0000-0000-0000-000000000000) :: Performing non-blocking 'Sub Goal' (361aa588-5f31-4e19-b8a5-099cae52479d, fdd9e66c-1b41-4a02-87d1-85188a733984)
[2026-03-21 06:50:29.863 DBG] ViewerRepo :: UpdatePresence(twitch, 5), 0.0531ms
[2026-03-21 06:50:29.955 DBG] TwitchService :: Presence Timer :: Artificially updated presence with a threshold of 5 minutes (92.7098ms)
[2026-03-21 06:51:29.863 DBG] ViewerRepo :: UpdatePresence(twitch, 5), 0.0394ms
[2026-03-21 06:51:29.952 DBG] TwitchService :: Presence Timer :: Artificially updated presence with a threshold of 5 minutes (89.5986ms)
[2026-03-21 06:52:29.867 DBG] ViewerRepo :: UpdatePresence(twitch, 5), 0.1087ms
[2026-03-21 06:52:29.958 DBG] TwitchService :: Presence Timer :: Artificially updated presence with a threshold of 5 minutes (90.2582ms)
[2026-03-21 06:53:29.873 DBG] ViewerRepo :: UpdatePresence(twitch, 5), 0.0358ms
[2026-03-21 06:53:29.968 DBG] TwitchService :: Presence Timer :: Artificially updated presence with a threshold of 5 minutes (95.2401ms)
[2026-03-21 06:54:14.840 DBG] Credits :: Time to save 16.4642ms
[2026-03-21 06:54:29.900 DBG] ViewerRepo :: UpdatePresence(twitch, 5), 0.0364ms
[2026-03-21 06:54:29.991 DBG] TwitchService :: Presence Timer :: Artificially updated presence with a threshold of 5 minutes (90.7536ms)
[2026-03-21 06:54:58.097 DBG] AutoSave :: Auto saving settings...
[2026-03-21 06:54:58.111 DBG] Users :: Time to save 14.1681ms
[2026-03-21 06:54:58.134 DBG] Actions :: Time to save 22.759ms
[2026-03-21 06:54:58.148 DBG] Commands :: Time to save 15.0284ms
[2026-03-21 06:54:58.160 DBG] Twitch Rewards :: Time to save 11.0192ms
[2026-03-21 06:54:58.170 DBG] Midi :: Time to save 9.4851ms
[2026-03-21 06:54:58.180 DBG] OBS Settings :: Time to save 10.976ms
[2026-03-21 06:54:58.190 DBG] MeldStudio Settings :: Time to save 9.5056ms
[2026-03-21 06:54:58.202 DBG] Credits :: Time to save 12.4499ms
[2026-03-21 06:54:58.216 DBG] Quotes :: Time to save 14.0551ms
[2026-03-21 06:54:58.318 DBG] Config :: Time to save 18.7745ms
[2026-03-21 06:55:29.901 DBG] ViewerRepo :: UpdatePresence(twitch, 5), 0.0347ms
[2026-03-21 06:55:29.995 DBG] TwitchService :: Presence Timer :: Artificially updated presence with a threshold of 5 minutes (93.6452ms)
[2026-03-21 06:56:29.909 DBG] ViewerRepo :: UpdatePresence(twitch, 5), 0.0502ms
[2026-03-21 06:56:30.004 DBG] TwitchService :: Presence Timer :: Artificially updated presence with a threshold of 5 minutes (94.9029ms)
[2026-03-21 06:57:29.911 DBG] ViewerRepo :: UpdatePresence(twitch, 5), 0.0398ms
[2026-03-21 06:57:30.003 DBG] TwitchService :: Presence Timer :: Artificially updated presence with a threshold of 5 minutes (91.8055ms)
[2026-03-21 06:58:29.921 DBG] ViewerRepo :: UpdatePresence(twitch, 5), 0.0368ms
[2026-03-21 06:58:30.015 DBG] TwitchService :: Presence Timer :: Artificially updated presence with a threshold of 5 minutes (94.0595ms)
[2026-03-21 06:59:14.841 DBG] Credits :: Time to save 11.0317ms
[2026-03-21 06:59:29.937 DBG] ViewerRepo :: UpdatePresence(twitch, 5), 0.0358ms
[2026-03-21 06:59:30.031 DBG] TwitchService :: Presence Timer :: Artificially updated presence with a threshold of 5 minutes (94.9096ms)
[2026-03-21 06:59:40.942 DBG] StreamElements Socket :: Disconnected
[2026-03-21 06:59:40.942 INF] StreamElements Service :: Disconnected from Client
[2026-03-21 06:59:42.945 DBG] StreamElements Service :: Retrying client connection
[2026-03-21 06:59:42.945 INF] StreamElements Service :: Connecting to Client
[2026-03-21 06:59:42.945 DBG] StreamElements Socket :: Opening connection
[2026-03-21 06:59:43.183 INF] StreamElements Service :: Connected to Client
[2026-03-21 06:59:58.302 DBG] AutoSave :: Auto saving settings...
[2026-03-21 06:59:58.322 DBG] Users :: Time to save 19.8108ms
[2026-03-21 06:59:58.344 DBG] Actions :: Time to save 21.9855ms
[2026-03-21 06:59:58.359 DBG] Commands :: Time to save 15.3964ms
[2026-03-21 06:59:58.372 DBG] Twitch Rewards :: Time to save 12.5165ms
[2026-03-21 06:59:58.381 DBG] Midi :: Time to save 9.4545ms
[2026-03-21 06:59:58.396 DBG] OBS Settings :: Time to save 14.6296ms
[2026-03-21 06:59:58.412 DBG] MeldStudio Settings :: Time to save 15.3633ms
[2026-03-21 06:59:58.427 DBG] Credits :: Time to save 15.1052ms
[2026-03-21 06:59:58.443 DBG] Quotes :: Time to save 16.4221ms
[2026-03-21 06:59:58.526 DBG] Config :: Time to save 17.1989ms
[2026-03-21 06:59:59.787 DBG] ActionDispatcher :: Queueing 'Sub Goal' (361aa588-5f31-4e19-b8a5-099cae52479d, TimedAction) to 'Default' (00000000-0000-0000-0000-000000000000), with 11 arguments
[2026-03-21 06:59:59.787 DBG] ActionQueue :: 'Default' (00000000-0000-0000-0000-000000000000) :: Enqueue action 361aa588-5f31-4e19-b8a5-099cae52479d
[2026-03-21 06:59:59.787 DBG] ActionQueue :: 'Default' (00000000-0000-0000-0000-000000000000) :: Handling queue
[2026-03-21 06:59:59.787 DBG] ActionQueue :: 'Default' (00000000-0000-0000-0000-000000000000) :: Performing non-blocking 'Sub Goal' (361aa588-5f31-4e19-b8a5-099cae52479d, f6243336-0a3a-4596-9626-0270c8e06fe2)
[2026-03-21 07:00:29.939 DBG] ViewerRepo :: UpdatePresence(twitch, 5), 0.0355ms
[2026-03-21 07:00:30.036 DBG] TwitchService :: Presence Timer :: Artificially updated presence with a threshold of 5 minutes (97.5676ms)
[2026-03-21 07:01:29.941 DBG] ViewerRepo :: UpdatePresence(twitch, 5), 0.0358ms
[2026-03-21 07:01:30.036 DBG] TwitchService :: Presence Timer :: Artificially updated presence with a threshold of 5 minutes (94.8281ms)
[2026-03-21 07:02:29.944 DBG] ViewerRepo :: UpdatePresence(twitch, 5), 0.0353ms
[2026-03-21 07:02:30.040 DBG] TwitchService :: Presence Timer :: Artificially updated presence with a threshold of 5 minutes (95.4726ms)
[2026-03-21 07:03:29.953 DBG] ViewerRepo :: UpdatePresence(twitch, 5), 0.0348ms
[2026-03-21 07:03:30.045 DBG] TwitchService :: Presence Timer :: Artificially updated presence with a threshold of 5 minutes (92.0345ms)
[2026-03-21 07:04:14.861 DBG] Credits :: Time to save 15.1815ms
[2026-03-21 07:04:29.962 DBG] ViewerRepo :: UpdatePresence(twitch, 5), 0.0344ms
[2026-03-21 07:04:30.054 DBG] TwitchService :: Presence Timer :: Artificially updated presence with a threshold of 5 minutes (91.9804ms)
[2026-03-21 07:04:58.522 DBG] AutoSave :: Auto saving settings...
[2026-03-21 07:04:58.540 DBG] Users :: Time to save 17.9137ms
[2026-03-21 07:04:58.561 DBG] Actions :: Time to save 21.2495ms
[2026-03-21 07:04:58.573 DBG] Commands :: Time to save 11.3189ms
[2026-03-21 07:04:58.586 DBG] Twitch Rewards :: Time to save 13.2428ms
[2026-03-21 07:04:58.600 DBG] Midi :: Time to save 14.1281ms
[2026-03-21 07:04:58.615 DBG] OBS Settings :: Time to save 14.7887ms
[2026-03-21 07:04:58.629 DBG] MeldStudio Settings :: Time to save 13.8856ms
[2026-03-21 07:04:58.642 DBG] Credits :: Time to save 13.6105ms
[2026-03-21 07:04:58.659 DBG] Quotes :: Time to save 16.0661ms
[2026-03-21 07:04:58.735 DBG] Config :: Time to save 12.3912ms
[2026-03-21 07:05:29.969 DBG] ViewerRepo :: UpdatePresence(twitch, 5), 0.0341ms
[2026-03-21 07:05:30.065 DBG] TwitchService :: Presence Timer :: Artificially updated presence with a threshold of 5 minutes (96.3403ms)
[2026-03-21 07:06:29.972 DBG] ViewerRepo :: UpdatePresence(twitch, 5), 0.0653ms
[2026-03-21 07:06:30.067 DBG] TwitchService :: Presence Timer :: Artificially updated presence with a threshold of 5 minutes (95.1391ms)
[2026-03-21 07:07:29.974 DBG] ViewerRepo :: UpdatePresence(twitch, 5), 0.0354ms
[2026-03-21 07:07:30.067 DBG] TwitchService :: Presence Timer :: Artificially updated presence with a threshold of 5 minutes (93.7806ms)
[2026-03-21 07:08:29.990 DBG] ViewerRepo :: UpdatePresence(twitch, 5), 0.0445ms
[2026-03-21 07:08:30.083 DBG] TwitchService :: Presence Timer :: Artificially updated presence with a threshold of 5 minutes (94.1303ms)
[2026-03-21 07:09:14.862 DBG] Credits :: Time to save 11.2304ms
[2026-03-21 07:09:29.997 DBG] ViewerRepo :: UpdatePresence(twitch, 5), 0.0403ms
[2026-03-21 07:09:30.093 DBG] TwitchService :: Presence Timer :: Artificially updated presence with a threshold of 5 minutes (95.5856ms)
[2026-03-21 07:09:58.760 DBG] AutoSave :: Auto saving settings...
[2026-03-21 07:09:58.773 DBG] Users :: Time to save 13.1264ms
[2026-03-21 07:09:58.792 DBG] Actions :: Time to save 19.4226ms
[2026-03-21 07:09:58.809 DBG] Commands :: Time to save 16.3826ms
[2026-03-21 07:09:58.825 DBG] Twitch Rewards :: Time to save 15.9985ms
[2026-03-21 07:09:58.834 DBG] Midi :: Time to save 9.2852ms
[2026-03-21 07:09:58.846 DBG] OBS Settings :: Time to save 11.8874ms
[2026-03-21 07:09:58.860 DBG] MeldStudio Settings :: Time to save 13.256ms
[2026-03-21 07:09:58.874 DBG] Credits :: Time to save 13.6821ms
[2026-03-21 07:09:58.888 DBG] Quotes :: Time to save 15.2146ms
[2026-03-21 07:09:58.980 DBG] Config :: Time to save 17.6884ms
[2026-03-21 07:10:00.456 DBG] ActionDispatcher :: Queueing 'Sub Goal' (361aa588-5f31-4e19-b8a5-099cae52479d, TimedAction) to 'Default' (00000000-0000-0000-0000-000000000000), with 11 arguments
[2026-03-21 07:10:00.456 DBG] ActionQueue :: 'Default' (00000000-0000-0000-0000-000000000000) :: Enqueue action 361aa588-5f31-4e19-b8a5-099cae52479d
[2026-03-21 07:10:00.456 DBG] ActionQueue :: 'Default' (00000000-0000-0000-0000-000000000000) :: Handling queue
[2026-03-21 07:10:00.456 DBG] ActionQueue :: 'Default' (00000000-0000-0000-0000-000000000000) :: Performing non-blocking 'Sub Goal' (361aa588-5f31-4e19-b8a5-099cae52479d, bd4e2b92-63f3-4f7a-898b-82af4d63a58d)
[2026-03-21 07:10:30.007 DBG] ViewerRepo :: UpdatePresence(twitch, 5), 0.0365ms
[2026-03-21 07:10:30.100 DBG] TwitchService :: Presence Timer :: Artificially updated presence with a threshold of 5 minutes (93.604ms)
[2026-03-21 07:11:30.017 DBG] ViewerRepo :: UpdatePresence(twitch, 5), 0.0341ms
[2026-03-21 07:11:30.108 DBG] TwitchService :: Presence Timer :: Artificially updated presence with a threshold of 5 minutes (92.3423ms)
[2026-03-21 07:12:30.022 DBG] ViewerRepo :: UpdatePresence(twitch, 5), 0.0515ms
[2026-03-21 07:12:30.116 DBG] TwitchService :: Presence Timer :: Artificially updated presence with a threshold of 5 minutes (94.3284ms)
[2026-03-21 07:13:30.023 DBG] ViewerRepo :: UpdatePresence(twitch, 5), 0.0381ms
[2026-03-21 07:13:30.120 DBG] TwitchService :: Presence Timer :: Artificially updated presence with a threshold of 5 minutes (97.5983ms)
[2026-03-21 07:14:14.870 DBG] Credits :: Time to save 15.146ms
[2026-03-21 07:14:30.032 DBG] ViewerRepo :: UpdatePresence(twitch, 5), 0.0425ms
[2026-03-21 07:14:30.124 DBG] TwitchService :: Presence Timer :: Artificially updated presence with a threshold of 5 minutes (91.6225ms)
[2026-03-21 07:14:58.974 DBG] AutoSave :: Auto saving settings...
[2026-03-21 07:14:58.986 DBG] Users :: Time to save 12.0341ms
[2026-03-21 07:14:59.003 DBG] Actions :: Time to save 17.0995ms
[2026-03-21 07:14:59.017 DBG] Commands :: Time to save 14.6119ms
[2026-03-21 07:14:59.034 DBG] Twitch Rewards :: Time to save 16.0967ms
[2026-03-21 07:14:59.046 DBG] Midi :: Time to save 12.6046ms
[2026-03-21 07:14:59.056 DBG] OBS Settings :: Time to save 10.1951ms
[2026-03-21 07:14:59.066 DBG] MeldStudio Settings :: Time to save 9.2107ms
[2026-03-21 07:14:59.076 DBG] Credits :: Time to save 9.5707ms
[2026-03-21 07:14:59.086 DBG] Quotes :: Time to save 10.4526ms
[2026-03-21 07:14:59.197 DBG] Config :: Time to save 19.1308ms
[2026-03-21 07:15:30.037 DBG] ViewerRepo :: UpdatePresence(twitch, 5), 0.0351ms
[2026-03-21 07:15:30.135 DBG] TwitchService :: Presence Timer :: Artificially updated presence with a threshold of 5 minutes (98.6359ms)
[2026-03-21 07:16:30.039 DBG] ViewerRepo :: UpdatePresence(twitch, 5), 0.0347ms
[2026-03-21 07:16:30.136 DBG] TwitchService :: Presence Timer :: Artificially updated presence with a threshold of 5 minutes (96.7729ms)
[2026-03-21 07:17:30.047 DBG] ViewerRepo :: UpdatePresence(twitch, 5), 0.0491ms
[2026-03-21 07:17:30.138 DBG] TwitchService :: Presence Timer :: Artificially updated presence with a threshold of 5 minutes (91.7479ms)
[2026-03-21 07:18:30.050 DBG] ViewerRepo :: UpdatePresence(twitch, 5), 0.0346ms
[2026-03-21 07:18:30.145 DBG] TwitchService :: Presence Timer :: Artificially updated presence with a threshold of 5 minutes (95.3103ms)
[2026-03-21 07:19:14.884 DBG] Credits :: Time to save 14.9721ms
[2026-03-21 07:19:30.057 DBG] ViewerRepo :: UpdatePresence(twitch, 5), 0.0345ms
[2026-03-21 07:19:30.645 DBG] TwitchService :: Presence Timer :: Artificially updated presence with a threshold of 5 minutes (589.1662ms)
[2026-03-21 07:19:59.163 DBG] AutoSave :: Auto saving settings...
[2026-03-21 07:19:59.176 DBG] Users :: Time to save 13.2099ms
[2026-03-21 07:19:59.197 DBG] Actions :: Time to save 21.4123ms
[2026-03-21 07:19:59.214 DBG] Commands :: Time to save 16.5088ms
[2026-03-21 07:19:59.228 DBG] Twitch Rewards :: Time to save 13.9257ms
[2026-03-21 07:19:59.238 DBG] Midi :: Time to save 10.1711ms
[2026-03-21 07:19:59.252 DBG] OBS Settings :: Time to save 13.2953ms
[2026-03-21 07:19:59.263 DBG] MeldStudio Settings :: Time to save 11.3194ms
[2026-03-21 07:19:59.278 DBG] Credits :: Time to save 15.0672ms
[2026-03-21 07:19:59.295 DBG] Quotes :: Time to save 16.8923ms
[2026-03-21 07:19:59.383 DBG] Config :: Time to save 18.8048ms
[2026-03-21 07:20:00.550 DBG] ActionDispatcher :: Queueing 'Sub Goal' (361aa588-5f31-4e19-b8a5-099cae52479d, TimedAction) to 'Default' (00000000-0000-0000-0000-000000000000), with 11 arguments
[2026-03-21 07:20:00.550 DBG] ActionQueue :: 'Default' (00000000-0000-0000-0000-000000000000) :: Enqueue action 361aa588-5f31-4e19-b8a5-099cae52479d
[2026-03-21 07:20:00.550 DBG] ActionQueue :: 'Default' (00000000-0000-0000-0000-000000000000) :: Handling queue
[2026-03-21 07:20:00.550 DBG] ActionQueue :: 'Default' (00000000-0000-0000-0000-000000000000) :: Performing non-blocking 'Sub Goal' (361aa588-5f31-4e19-b8a5-099cae52479d, c9e5b792-b841-4d54-9e8e-cbcad0e465c3)
[2026-03-21 07:20:30.060 DBG] ViewerRepo :: UpdatePresence(twitch, 5), 0.0346ms
[2026-03-21 07:20:30.154 DBG] TwitchService :: Presence Timer :: Artificially updated presence with a threshold of 5 minutes (94.7212ms)
[2026-03-21 07:21:30.068 DBG] ViewerRepo :: UpdatePresence(twitch, 5), 0.063ms
[2026-03-21 07:21:30.164 DBG] TwitchService :: Presence Timer :: Artificially updated presence with a threshold of 5 minutes (96.5536ms)
[2026-03-21 07:22:30.069 DBG] ViewerRepo :: UpdatePresence(twitch, 5), 0.0469ms
[2026-03-21 07:22:30.166 DBG] TwitchService :: Presence Timer :: Artificially updated presence with a threshold of 5 minutes (96.9451ms)
[2026-03-21 07:23:30.070 DBG] ViewerRepo :: UpdatePresence(twitch, 5), 0.0372ms
[2026-03-21 07:23:30.162 DBG] TwitchService :: Presence Timer :: Artificially updated presence with a threshold of 5 minutes (91.8037ms)
[2026-03-21 07:24:14.888 DBG] Credits :: Time to save 15.6241ms
[2026-03-21 07:24:30.073 DBG] ViewerRepo :: UpdatePresence(twitch, 5), 0.039ms
[2026-03-21 07:24:30.171 DBG] TwitchService :: Presence Timer :: Artificially updated presence with a threshold of 5 minutes (98.4485ms)
[2026-03-21 07:24:59.361 DBG] AutoSave :: Auto saving settings...
[2026-03-21 07:24:59.378 DBG] Users :: Time to save 17.8251ms
[2026-03-21 07:24:59.396 DBG] Actions :: Time to save 17.4581ms
[2026-03-21 07:24:59.407 DBG] Commands :: Time to save 10.9519ms
[2026-03-21 07:24:59.421 DBG] Twitch Rewards :: Time to save 14.2314ms
[2026-03-21 07:24:59.431 DBG] Midi :: Time to save 9.5999ms
[2026-03-21 07:24:59.441 DBG] OBS Settings :: Time to save 9.594ms
[2026-03-21 07:24:59.450 DBG] MeldStudio Settings :: Time to save 9.6003ms
[2026-03-21 07:24:59.460 DBG] Credits :: Time to save 9.698ms
[2026-03-21 07:24:59.471 DBG] Quotes :: Time to save 10.5343ms
[2026-03-21 07:24:59.580 DBG] Config :: Time to save 14.9565ms
[2026-03-21 07:25:30.080 DBG] ViewerRepo :: UpdatePresence(twitch, 5), 0.0385ms
[2026-03-21 07:25:30.177 DBG] TwitchService :: Presence Timer :: Artificially updated presence with a threshold of 5 minutes (97.3868ms)
[2026-03-21 07:26:30.089 DBG] ViewerRepo :: UpdatePresence(twitch, 5), 0.0341ms
[2026-03-21 07:26:30.187 DBG] TwitchService :: Presence Timer :: Artificially updated presence with a threshold of 5 minutes (98.1087ms)
[2026-03-21 07:27:30.095 DBG] ViewerRepo :: UpdatePresence(twitch, 5), 0.0345ms
[2026-03-21 07:27:30.192 DBG] TwitchService :: Presence Timer :: Artificially updated presence with a threshold of 5 minutes (97.4433ms)
[2026-03-21 07:28:30.097 DBG] ViewerRepo :: UpdatePresence(twitch, 5), 0.0346ms
[2026-03-21 07:28:30.193 DBG] TwitchService :: Presence Timer :: Artificially updated presence with a threshold of 5 minutes (96.0369ms)
[2026-03-21 07:29:14.890 DBG] Credits :: Time to save 17.1848ms
[2026-03-21 07:29:30.103 DBG] ViewerRepo :: UpdatePresence(twitch, 5), 0.0496ms
[2026-03-21 07:29:30.197 DBG] TwitchService :: Presence Timer :: Artificially updated presence with a threshold of 5 minutes (94.0257ms)
[2026-03-21 07:29:59.564 DBG] AutoSave :: Auto saving settings...
[2026-03-21 07:29:59.582 DBG] Users :: Time to save 18.0643ms
[2026-03-21 07:29:59.605 DBG] Actions :: Time to save 23.4219ms
[2026-03-21 07:29:59.618 DBG] Commands :: Time to save 12.6189ms
[2026-03-21 07:29:59.634 DBG] Twitch Rewards :: Time to save 16.0496ms
[2026-03-21 07:29:59.648 DBG] Midi :: Time to save 13.9783ms
[2026-03-21 07:29:59.661 DBG] OBS Settings :: Time to save 13.3478ms
[2026-03-21 07:29:59.675 DBG] MeldStudio Settings :: Time to save 14.0822ms
[2026-03-21 07:29:59.686 DBG] Credits :: Time to save 10.7222ms
[2026-03-21 07:29:59.698 DBG] Quotes :: Time to save 12.5419ms
[2026-03-21 07:29:59.785 DBG] Config :: Time to save 17.582ms
[2026-03-21 07:30:01.439 DBG] ActionDispatcher :: Queueing 'Sub Goal' (361aa588-5f31-4e19-b8a5-099cae52479d, TimedAction) to 'Default' (00000000-0000-0000-0000-000000000000), with 11 arguments
[2026-03-21 07:30:01.440 DBG] ActionQueue :: 'Default' (00000000-0000-0000-0000-000000000000) :: Enqueue action 361aa588-5f31-4e19-b8a5-099cae52479d
[2026-03-21 07:30:01.440 DBG] ActionQueue :: 'Default' (00000000-0000-0000-0000-000000000000) :: Handling queue
[2026-03-21 07:30:01.440 DBG] ActionQueue :: 'Default' (00000000-0000-0000-0000-000000000000) :: Performing non-blocking 'Sub Goal' (361aa588-5f31-4e19-b8a5-099cae52479d, 0bd4d3e8-1394-48cb-9a58-841a96af3be5)
[2026-03-21 07:30:30.110 DBG] ViewerRepo :: UpdatePresence(twitch, 5), 0.0356ms
[2026-03-21 07:30:30.203 DBG] TwitchService :: Presence Timer :: Artificially updated presence with a threshold of 5 minutes (93.5916ms)
[2026-03-21 07:31:30.135 DBG] ViewerRepo :: UpdatePresence(twitch, 5), 0.0806ms
[2026-03-21 07:31:30.227 DBG] TwitchService :: Presence Timer :: Artificially updated presence with a threshold of 5 minutes (92.9272ms)
[2026-03-21 07:32:30.148 DBG] ViewerRepo :: UpdatePresence(twitch, 5), 0.0363ms
[2026-03-21 07:32:30.242 DBG] TwitchService :: Presence Timer :: Artificially updated presence with a threshold of 5 minutes (93.8058ms)
[2026-03-21 07:33:30.151 DBG] ViewerRepo :: UpdatePresence(twitch, 5), 0.0349ms
[2026-03-21 07:33:30.244 DBG] TwitchService :: Presence Timer :: Artificially updated presence with a threshold of 5 minutes (94.3322ms)
[2026-03-21 07:34:14.903 DBG] Credits :: Time to save 15.9139ms
[2026-03-21 07:34:30.158 DBG] ViewerRepo :: UpdatePresence(twitch, 5), 0.0355ms
[2026-03-21 07:34:30.253 DBG] TwitchService :: Presence Timer :: Artificially updated presence with a threshold of 5 minutes (94.9986ms)
[2026-03-21 07:34:59.797 DBG] AutoSave :: Auto saving settings...
[2026-03-21 07:34:59.809 DBG] Users :: Time to save 12.146ms
[2026-03-21 07:34:59.832 DBG] Actions :: Time to save 22.7092ms
[2026-03-21 07:34:59.847 DBG] Commands :: Time to save 15.7994ms
[2026-03-21 07:34:59.863 DBG] Twitch Rewards :: Time to save 15.4581ms
[2026-03-21 07:34:59.876 DBG] Midi :: Time to save 12.6637ms
[2026-03-21 07:34:59.885 DBG] OBS Settings :: Time to save 9.5782ms
[2026-03-21 07:34:59.896 DBG] MeldStudio Settings :: Time to save 10.8263ms
[2026-03-21 07:34:59.905 DBG] Credits :: Time to save 9.4259ms
[2026-03-21 07:34:59.919 DBG] Quotes :: Time to save 14.4187ms
[2026-03-21 07:35:00.020 DBG] Config :: Time to save 20.1312ms
[2026-03-21 07:35:30.168 DBG] ViewerRepo :: UpdatePresence(twitch, 5), 0.0693ms
[2026-03-21 07:35:30.263 DBG] TwitchService :: Presence Timer :: Artificially updated presence with a threshold of 5 minutes (95.6401ms)
[2026-03-21 07:36:30.180 DBG] ViewerRepo :: UpdatePresence(twitch, 5), 0.035ms
[2026-03-21 07:36:30.274 DBG] TwitchService :: Presence Timer :: Artificially updated presence with a threshold of 5 minutes (95.1555ms)
[2026-03-21 07:37:30.183 DBG] ViewerRepo :: UpdatePresence(twitch, 5), 0.0487ms
[2026-03-21 07:37:30.274 DBG] TwitchService :: Presence Timer :: Artificially updated presence with a threshold of 5 minutes (91.144ms)
[2026-03-21 07:38:30.186 DBG] ViewerRepo :: UpdatePresence(twitch, 5), 0.0491ms
[2026-03-21 07:38:30.281 DBG] TwitchService :: Presence Timer :: Artificially updated presence with a threshold of 5 minutes (95.5996ms)
[2026-03-21 07:39:14.916 DBG] Credits :: Time to save 14.3792ms
[2026-03-21 07:39:30.195 DBG] ViewerRepo :: UpdatePresence(twitch, 5), 0.0383ms
[2026-03-21 07:39:30.323 DBG] TwitchService :: Presence Timer :: Artificially updated presence with a threshold of 5 minutes (127.9251ms)
[2026-03-21 07:40:00.014 DBG] AutoSave :: Auto saving settings...
[2026-03-21 07:40:00.034 DBG] Users :: Time to save 20.438ms
[2026-03-21 07:40:00.060 DBG] Actions :: Time to save 25.3968ms
[2026-03-21 07:40:00.077 DBG] Commands :: Time to save 18.0083ms
[2026-03-21 07:40:00.095 DBG] Twitch Rewards :: Time to save 18.067ms
[2026-03-21 07:40:00.110 DBG] Midi :: Time to save 14.9802ms
[2026-03-21 07:40:00.125 DBG] OBS Settings :: Time to save 14.823ms
[2026-03-21 07:40:00.137 DBG] MeldStudio Settings :: Time to save 12.587ms
[2026-03-21 07:40:00.151 DBG] Credits :: Time to save 13.607ms
[2026-03-21 07:40:00.167 DBG] Quotes :: Time to save 14.7552ms
[2026-03-21 07:40:00.234 DBG] Config :: Time to save 17.3092ms
[2026-03-21 07:40:02.315 DBG] ActionDispatcher :: Queueing 'Sub Goal' (361aa588-5f31-4e19-b8a5-099cae52479d, TimedAction) to 'Default' (00000000-0000-0000-0000-000000000000), with 11 arguments
[2026-03-21 07:40:02.315 DBG] ActionQueue :: 'Default' (00000000-0000-0000-0000-000000000000) :: Enqueue action 361aa588-5f31-4e19-b8a5-099cae52479d
[2026-03-21 07:40:02.315 DBG] ActionQueue :: 'Default' (00000000-0000-0000-0000-000000000000) :: Handling queue
[2026-03-21 07:40:02.315 DBG] ActionQueue :: 'Default' (00000000-0000-0000-0000-000000000000) :: Performing non-blocking 'Sub Goal' (361aa588-5f31-4e19-b8a5-099cae52479d, 26a3dc9b-2a43-40d4-a1c3-412f7c3bab4b)
[2026-03-21 07:40:30.206 DBG] ViewerRepo :: UpdatePresence(twitch, 5), 0.0485ms
[2026-03-21 07:40:30.301 DBG] TwitchService :: Presence Timer :: Artificially updated presence with a threshold of 5 minutes (94.4444ms)
[2026-03-21 07:41:30.207 DBG] ViewerRepo :: UpdatePresence(twitch, 5), 0.0476ms
[2026-03-21 07:41:30.300 DBG] TwitchService :: Presence Timer :: Artificially updated presence with a threshold of 5 minutes (93.343ms)
[2026-03-21 07:42:30.215 DBG] ViewerRepo :: UpdatePresence(twitch, 5), 0.0406ms
[2026-03-21 07:42:30.312 DBG] TwitchService :: Presence Timer :: Artificially updated presence with a threshold of 5 minutes (96.5485ms)
[2026-03-21 07:43:30.218 DBG] ViewerRepo :: UpdatePresence(twitch, 5), 0.0368ms
[2026-03-21 07:43:30.306 DBG] TwitchService :: Presence Timer :: Artificially updated presence with a threshold of 5 minutes (88.3377ms)
[2026-03-21 07:44:14.912 DBG] Credits :: Time to save 11.157ms
[2026-03-21 07:44:30.225 DBG] ViewerRepo :: UpdatePresence(twitch, 5), 0.0346ms
[2026-03-21 07:44:30.324 DBG] TwitchService :: Presence Timer :: Artificially updated presence with a threshold of 5 minutes (98.5969ms)
[2026-03-21 07:45:00.274 DBG] AutoSave :: Auto saving settings...
[2026-03-21 07:45:00.291 DBG] Users :: Time to save 16.6117ms
[2026-03-21 07:45:00.308 DBG] Actions :: Time to save 17.0677ms
[2026-03-21 07:45:00.319 DBG] Commands :: Time to save 11.1494ms
[2026-03-21 07:45:00.332 DBG] Twitch Rewards :: Time to save 12.3353ms
[2026-03-21 07:45:00.341 DBG] Midi :: Time to save 9.9173ms
[2026-03-21 07:45:00.355 DBG] OBS Settings :: Time to save 13.2358ms
[2026-03-21 07:45:00.368 DBG] MeldStudio Settings :: Time to save 13.7222ms
[2026-03-21 07:45:00.381 DBG] Credits :: Time to save 12.8523ms
[2026-03-21 07:45:00.395 DBG] Quotes :: Time to save 14.2386ms
[2026-03-21 07:45:00.497 DBG] Config :: Time to save 17.6017ms
[2026-03-21 07:45:30.240 DBG] ViewerRepo :: UpdatePresence(twitch, 5), 0.0406ms
[2026-03-21 07:45:30.328 DBG] TwitchService :: Presence Timer :: Artificially updated presence with a threshold of 5 minutes (88.6148ms)
[2026-03-21 07:46:30.251 DBG] ViewerRepo :: UpdatePresence(twitch, 5), 0.0427ms
[2026-03-21 07:46:30.345 DBG] TwitchService :: Presence Timer :: Artificially updated presence with a threshold of 5 minutes (94.7452ms)
[2026-03-21 07:47:30.252 DBG] ViewerRepo :: UpdatePresence(twitch, 5), 0.0351ms
[2026-03-21 07:47:30.343 DBG] TwitchService :: Presence Timer :: Artificially updated presence with a threshold of 5 minutes (90.5588ms)
[2026-03-21 07:48:30.275 DBG] ViewerRepo :: UpdatePresence(twitch, 5), 0.038ms
[2026-03-21 07:48:30.371 DBG] TwitchService :: Presence Timer :: Artificially updated presence with a threshold of 5 minutes (96.891ms)
[2026-03-21 07:49:14.920 DBG] Credits :: Time to save 15.779ms
[2026-03-21 07:49:30.285 DBG] ViewerRepo :: UpdatePresence(twitch, 5), 0.0363ms
[2026-03-21 07:49:30.379 DBG] TwitchService :: Presence Timer :: Artificially updated presence with a threshold of 5 minutes (95.097ms)
[2026-03-21 07:50:00.489 DBG] AutoSave :: Auto saving settings...
[2026-03-21 07:50:00.508 DBG] Users :: Time to save 18.7163ms
[2026-03-21 07:50:00.529 DBG] Actions :: Time to save 21.7604ms
[2026-03-21 07:50:00.545 DBG] Commands :: Time to save 15.5835ms
[2026-03-21 07:50:00.560 DBG] Twitch Rewards :: Time to save 15.2113ms
[2026-03-21 07:50:00.574 DBG] Midi :: Time to save 13.7109ms
[2026-03-21 07:50:00.588 DBG] OBS Settings :: Time to save 14.3082ms
[2026-03-21 07:50:00.605 DBG] MeldStudio Settings :: Time to save 15.9724ms
[2026-03-21 07:50:00.618 DBG] Credits :: Time to save 13.8914ms
[2026-03-21 07:50:00.634 DBG] Quotes :: Time to save 15.2759ms
[2026-03-21 07:50:00.710 DBG] Config :: Time to save 18.4501ms
[2026-03-21 07:50:03.065 DBG] ActionDispatcher :: Queueing 'Sub Goal' (361aa588-5f31-4e19-b8a5-099cae52479d, TimedAction) to 'Default' (00000000-0000-0000-0000-000000000000), with 11 arguments
[2026-03-21 07:50:03.065 DBG] ActionQueue :: 'Default' (00000000-0000-0000-0000-000000000000) :: Enqueue action 361aa588-5f31-4e19-b8a5-099cae52479d
[2026-03-21 07:50:03.065 DBG] ActionQueue :: 'Default' (00000000-0000-0000-0000-000000000000) :: Handling queue
[2026-03-21 07:50:03.065 DBG] ActionQueue :: 'Default' (00000000-0000-0000-0000-000000000000) :: Performing non-blocking 'Sub Goal' (361aa588-5f31-4e19-b8a5-099cae52479d, 92955379-54df-4d02-944d-d516eaf536ac)
[2026-03-21 07:50:30.300 DBG] ViewerRepo :: UpdatePresence(twitch, 5), 0.0359ms
[2026-03-21 07:50:30.392 DBG] TwitchService :: Presence Timer :: Artificially updated presence with a threshold of 5 minutes (92.564ms)
[2026-03-21 07:51:30.303 DBG] ViewerRepo :: UpdatePresence(twitch, 5), 0.0383ms
[2026-03-21 07:51:30.397 DBG] TwitchService :: Presence Timer :: Artificially updated presence with a threshold of 5 minutes (93.3584ms)
[2026-03-21 07:52:30.317 DBG] ViewerRepo :: UpdatePresence(twitch, 5), 0.034ms
[2026-03-21 07:52:30.412 DBG] TwitchService :: Presence Timer :: Artificially updated presence with a threshold of 5 minutes (96.3735ms)
[2026-03-21 07:53:30.332 DBG] ViewerRepo :: UpdatePresence(twitch, 5), 0.0363ms
[2026-03-21 07:53:30.426 DBG] TwitchService :: Presence Timer :: Artificially updated presence with a threshold of 5 minutes (94.4802ms)
[2026-03-21 07:54:14.924 DBG] Credits :: Time to save 15.1859ms
[2026-03-21 07:54:30.332 DBG] ViewerRepo :: UpdatePresence(twitch, 5), 0.038ms
[2026-03-21 07:54:30.427 DBG] TwitchService :: Presence Timer :: Artificially updated presence with a threshold of 5 minutes (94.4813ms)
[2026-03-21 07:55:00.709 DBG] AutoSave :: Auto saving settings...
[2026-03-21 07:55:00.727 DBG] Users :: Time to save 18.5683ms
[2026-03-21 07:55:00.751 DBG] Actions :: Time to save 23.2778ms
[2026-03-21 07:55:00.767 DBG] Commands :: Time to save 16.1736ms
[2026-03-21 07:55:00.785 DBG] Twitch Rewards :: Time to save 16.6583ms
[2026-03-21 07:55:00.797 DBG] Midi :: Time to save 13.8877ms
[2026-03-21 07:55:00.812 DBG] OBS Settings :: Time to save 13.98ms
[2026-03-21 07:55:00.826 DBG] MeldStudio Settings :: Time to save 13.1183ms
[2026-03-21 07:55:00.839 DBG] Credits :: Time to save 13.1786ms
[2026-03-21 07:55:00.850 DBG] Quotes :: Time to save 11.1235ms
[2026-03-21 07:55:00.927 DBG] Config :: Time to save 16.7237ms
[2026-03-21 07:55:30.342 DBG] ViewerRepo :: UpdatePresence(twitch, 5), 0.0503ms
[2026-03-21 07:55:30.436 DBG] TwitchService :: Presence Timer :: Artificially updated presence with a threshold of 5 minutes (94.6701ms)
[2026-03-21 07:56:30.346 DBG] ViewerRepo :: UpdatePresence(twitch, 5), 0.0361ms
[2026-03-21 07:56:30.446 DBG] TwitchService :: Presence Timer :: Artificially updated presence with a threshold of 5 minutes (101.0167ms)
[2026-03-21 07:57:30.349 DBG] ViewerRepo :: UpdatePresence(twitch, 5), 0.0367ms
[2026-03-21 07:57:30.440 DBG] TwitchService :: Presence Timer :: Artificially updated presence with a threshold of 5 minutes (92.3084ms)
[2026-03-21 07:58:30.363 DBG] ViewerRepo :: UpdatePresence(twitch, 5), 0.0499ms
[2026-03-21 07:58:30.464 DBG] TwitchService :: Presence Timer :: Artificially updated presence with a threshold of 5 minutes (101.1718ms)
[2026-03-21 07:59:14.925 DBG] Credits :: Time to save 13.8638ms
[2026-03-21 07:59:30.371 DBG] ViewerRepo :: UpdatePresence(twitch, 5), 0.0377ms
[2026-03-21 07:59:30.464 DBG] TwitchService :: Presence Timer :: Artificially updated presence with a threshold of 5 minutes (93.7355ms)
[2026-03-21 08:00:00.940 DBG] AutoSave :: Auto saving settings...
[2026-03-21 08:00:00.952 DBG] Users :: Time to save 12.9332ms
[2026-03-21 08:00:00.974 DBG] Actions :: Time to save 20.9732ms
[2026-03-21 08:00:00.985 DBG] Commands :: Time to save 11.4909ms
[2026-03-21 08:00:01.000 DBG] Twitch Rewards :: Time to save 15.0599ms
[2026-03-21 08:00:01.015 DBG] Midi :: Time to save 14.3268ms
[2026-03-21 08:00:01.029 DBG] OBS Settings :: Time to save 14.149ms
[2026-03-21 08:00:01.043 DBG] MeldStudio Settings :: Time to save 13.7656ms
[2026-03-21 08:00:01.056 DBG] Credits :: Time to save 13.934ms
[2026-03-21 08:00:01.072 DBG] Quotes :: Time to save 15.0822ms
[2026-03-21 08:00:01.167 DBG] Config :: Time to save 12.3539ms
[2026-03-21 08:00:03.453 DBG] ActionDispatcher :: Queueing 'Sub Goal' (361aa588-5f31-4e19-b8a5-099cae52479d, TimedAction) to 'Default' (00000000-0000-0000-0000-000000000000), with 11 arguments
[2026-03-21 08:00:03.453 DBG] ActionQueue :: 'Default' (00000000-0000-0000-0000-000000000000) :: Enqueue action 361aa588-5f31-4e19-b8a5-099cae52479d
[2026-03-21 08:00:03.453 DBG] ActionQueue :: 'Default' (00000000-0000-0000-0000-000000000000) :: Handling queue
[2026-03-21 08:00:03.453 DBG] ActionQueue :: 'Default' (00000000-0000-0000-0000-000000000000) :: Performing non-blocking 'Sub Goal' (361aa588-5f31-4e19-b8a5-099cae52479d, c91be829-a93d-4d77-a7a9-1f67f8a1782b)
[2026-03-21 08:00:30.384 DBG] ViewerRepo :: UpdatePresence(twitch, 5), 0.0389ms
[2026-03-21 08:00:30.477 DBG] TwitchService :: Presence Timer :: Artificially updated presence with a threshold of 5 minutes (94.5663ms)
[2026-03-21 08:01:30.399 DBG] ViewerRepo :: UpdatePresence(twitch, 5), 0.0351ms
[2026-03-21 08:01:30.495 DBG] TwitchService :: Presence Timer :: Artificially updated presence with a threshold of 5 minutes (97.1322ms)
[2026-03-21 08:02:30.414 DBG] ViewerRepo :: UpdatePresence(twitch, 5), 0.0469ms
[2026-03-21 08:02:30.521 DBG] TwitchService :: Presence Timer :: Artificially updated presence with a threshold of 5 minutes (106.8006ms)
[2026-03-21 08:03:30.418 DBG] ViewerRepo :: UpdatePresence(twitch, 5), 0.0378ms
[2026-03-21 08:03:30.516 DBG] TwitchService :: Presence Timer :: Artificially updated presence with a threshold of 5 minutes (98.1339ms)
[2026-03-21 08:04:14.943 DBG] Credits :: Time to save 17.8373ms
[2026-03-21 08:04:30.421 DBG] ViewerRepo :: UpdatePresence(twitch, 5), 0.0365ms
[2026-03-21 08:04:30.511 DBG] TwitchService :: Presence Timer :: Artificially updated presence with a threshold of 5 minutes (90.8571ms)
[2026-03-21 08:05:01.167 DBG] AutoSave :: Auto saving settings...
[2026-03-21 08:05:01.180 DBG] Users :: Time to save 13.1515ms
[2026-03-21 08:05:01.198 DBG] Actions :: Time to save 17.5095ms
[2026-03-21 08:05:01.216 DBG] Commands :: Time to save 17.9237ms
[2026-03-21 08:05:01.232 DBG] Twitch Rewards :: Time to save 15.7351ms
[2026-03-21 08:05:01.244 DBG] Midi :: Time to save 13.1358ms
[2026-03-21 08:05:01.259 DBG] OBS Settings :: Time to save 13.7306ms
[2026-03-21 08:05:01.272 DBG] MeldStudio Settings :: Time to save 13.572ms
[2026-03-21 08:05:01.284 DBG] Credits :: Time to save 11.8159ms
[2026-03-21 08:05:01.297 DBG] Quotes :: Time to save 12.5594ms
[2026-03-21 08:05:01.386 DBG] Config :: Time to save 17.4796ms
[2026-03-21 08:05:30.424 DBG] ViewerRepo :: UpdatePresence(twitch, 5), 0.0351ms
[2026-03-21 08:05:30.519 DBG] TwitchService :: Presence Timer :: Artificially updated presence with a threshold of 5 minutes (94.6625ms)
[2026-03-21 08:06:30.440 DBG] ViewerRepo :: UpdatePresence(twitch, 5), 0.0546ms
[2026-03-21 08:06:30.539 DBG] TwitchService :: Presence Timer :: Artificially updated presence with a threshold of 5 minutes (99.0877ms)
[2026-03-21 08:07:30.442 DBG] ViewerRepo :: UpdatePresence(twitch, 5), 0.039ms
[2026-03-21 08:07:30.539 DBG] TwitchService :: Presence Timer :: Artificially updated presence with a threshold of 5 minutes (96.7222ms)
[2026-03-21 08:08:30.451 DBG] ViewerRepo :: UpdatePresence(twitch, 5), 0.0355ms
[2026-03-21 08:08:30.542 DBG] TwitchService :: Presence Timer :: Artificially updated presence with a threshold of 5 minutes (91.2771ms)
[2026-03-21 08:09:14.950 DBG] Credits :: Time to save 14.3835ms
[2026-03-21 08:09:30.455 DBG] ViewerRepo :: UpdatePresence(twitch, 5), 0.0356ms
[2026-03-21 08:09:30.550 DBG] TwitchService :: Presence Timer :: Artificially updated presence with a threshold of 5 minutes (95.9747ms)
[2026-03-21 08:10:01.412 DBG] AutoSave :: Auto saving settings...
[2026-03-21 08:10:01.427 DBG] Users :: Time to save 15.4959ms
[2026-03-21 08:10:01.451 DBG] Actions :: Time to save 23.6037ms
[2026-03-21 08:10:01.463 DBG] Commands :: Time to save 11.9908ms
[2026-03-21 08:10:01.479 DBG] Twitch Rewards :: Time to save 15.6735ms
[2026-03-21 08:10:01.493 DBG] Midi :: Time to save 13.9895ms
[2026-03-21 08:10:01.502 DBG] OBS Settings :: Time to save 9.0839ms
[2026-03-21 08:10:01.515 DBG] MeldStudio Settings :: Time to save 13.2981ms
[2026-03-21 08:10:01.524 DBG] Credits :: Time to save 9.0513ms
[2026-03-21 08:10:01.541 DBG] Quotes :: Time to save 16.4978ms
[2026-03-21 08:10:01.635 DBG] Config :: Time to save 17.447ms
[2026-03-21 08:10:03.997 DBG] ActionDispatcher :: Queueing 'Sub Goal' (361aa588-5f31-4e19-b8a5-099cae52479d, TimedAction) to 'Default' (00000000-0000-0000-0000-000000000000), with 11 arguments
[2026-03-21 08:10:03.997 DBG] ActionQueue :: 'Default' (00000000-0000-0000-0000-000000000000) :: Enqueue action 361aa588-5f31-4e19-b8a5-099cae52479d
[2026-03-21 08:10:03.997 DBG] ActionQueue :: 'Default' (00000000-0000-0000-0000-000000000000) :: Handling queue
[2026-03-21 08:10:03.997 DBG] ActionQueue :: 'Default' (00000000-0000-0000-0000-000000000000) :: Performing non-blocking 'Sub Goal' (361aa588-5f31-4e19-b8a5-099cae52479d, cb5f3122-7fe8-4207-bb55-63b5c776a1c9)
[2026-03-21 08:10:30.456 DBG] ViewerRepo :: UpdatePresence(twitch, 5), 0.0356ms
[2026-03-21 08:10:30.547 DBG] TwitchService :: Presence Timer :: Artificially updated presence with a threshold of 5 minutes (91.0822ms)
[2026-03-21 08:11:30.461 DBG] ViewerRepo :: UpdatePresence(twitch, 5), 0.0367ms
[2026-03-21 08:11:30.554 DBG] TwitchService :: Presence Timer :: Artificially updated presence with a threshold of 5 minutes (93.7631ms)
[2026-03-21 08:12:30.472 DBG] ViewerRepo :: UpdatePresence(twitch, 5), 0.0356ms
[2026-03-21 08:12:30.563 DBG] TwitchService :: Presence Timer :: Artificially updated presence with a threshold of 5 minutes (91.5985ms)
[2026-03-21 08:13:30.471 DBG] ViewerRepo :: UpdatePresence(twitch, 5), 0.0367ms
[2026-03-21 08:13:30.562 DBG] TwitchService :: Presence Timer :: Artificially updated presence with a threshold of 5 minutes (90.8751ms)
[2026-03-21 08:14:14.965 DBG] Credits :: Time to save 15.6486ms
[2026-03-21 08:14:30.487 DBG] ViewerRepo :: UpdatePresence(twitch, 5), 0.0375ms
[2026-03-21 08:14:30.581 DBG] TwitchService :: Presence Timer :: Artificially updated presence with a threshold of 5 minutes (93.5411ms)
[2026-03-21 08:15:01.646 DBG] AutoSave :: Auto saving settings...
[2026-03-21 08:15:01.665 DBG] Users :: Time to save 19.2342ms
[2026-03-21 08:15:01.687 DBG] Actions :: Time to save 22.1411ms
[2026-03-21 08:15:01.704 DBG] Commands :: Time to save 16.0866ms
[2026-03-21 08:15:01.719 DBG] Twitch Rewards :: Time to save 15.7527ms
[2026-03-21 08:15:01.733 DBG] Midi :: Time to save 13.9761ms
[2026-03-21 08:15:01.748 DBG] OBS Settings :: Time to save 14.658ms
[2026-03-21 08:15:01.757 DBG] MeldStudio Settings :: Time to save 9.9516ms
[2026-03-21 08:15:01.767 DBG] Credits :: Time to save 9.1543ms
[2026-03-21 08:15:01.781 DBG] Quotes :: Time to save 13.9387ms
[2026-03-21 08:15:01.861 DBG] Config :: Time to save 12.6297ms
[2026-03-21 08:15:30.497 DBG] ViewerRepo :: UpdatePresence(twitch, 5), 0.0374ms
[2026-03-21 08:15:30.589 DBG] TwitchService :: Presence Timer :: Artificially updated presence with a threshold of 5 minutes (91.9389ms)
[2026-03-21 08:16:30.507 DBG] ViewerRepo :: UpdatePresence(twitch, 5), 0.0346ms
[2026-03-21 08:16:30.601 DBG] TwitchService :: Presence Timer :: Artificially updated presence with a threshold of 5 minutes (94.3337ms)
[2026-03-21 08:17:30.510 DBG] ViewerRepo :: UpdatePresence(twitch, 5), 0.0346ms
[2026-03-21 08:17:30.604 DBG] TwitchService :: Presence Timer :: Artificially updated presence with a threshold of 5 minutes (94.388ms)
[2026-03-21 08:18:30.512 DBG] ViewerRepo :: UpdatePresence(twitch, 5), 0.0356ms
[2026-03-21 08:18:30.610 DBG] TwitchService :: Presence Timer :: Artificially updated presence with a threshold of 5 minutes (98.3421ms)
[2026-03-21 08:19:14.977 DBG] Credits :: Time to save 10.5209ms
[2026-03-21 08:19:30.513 DBG] ViewerRepo :: UpdatePresence(twitch, 5), 0.0351ms
[2026-03-21 08:19:30.609 DBG] TwitchService :: Presence Timer :: Artificially updated presence with a threshold of 5 minutes (96.4869ms)
[2026-03-21 08:20:01.859 DBG] AutoSave :: Auto saving settings...
[2026-03-21 08:20:01.880 DBG] Users :: Time to save 21.6959ms
[2026-03-21 08:20:01.906 DBG] Actions :: Time to save 25.4646ms
[2026-03-21 08:20:01.923 DBG] Commands :: Time to save 17.2061ms
[2026-03-21 08:20:01.941 DBG] Twitch Rewards :: Time to save 17.1867ms
[2026-03-21 08:20:01.956 DBG] Midi :: Time to save 14.976ms
[2026-03-21 08:20:01.971 DBG] OBS Settings :: Time to save 15.1371ms
[2026-03-21 08:20:01.985 DBG] MeldStudio Settings :: Time to save 14.2649ms
[2026-03-21 08:20:02.000 DBG] Credits :: Time to save 14.6919ms
[2026-03-21 08:20:02.017 DBG] Quotes :: Time to save 17.5769ms
[2026-03-21 08:20:02.093 DBG] Config :: Time to save 18.7961ms
[2026-03-21 08:20:04.450 DBG] ActionDispatcher :: Queueing 'Sub Goal' (361aa588-5f31-4e19-b8a5-099cae52479d, TimedAction) to 'Default' (00000000-0000-0000-0000-000000000000), with 11 arguments
[2026-03-21 08:20:04.450 DBG] ActionQueue :: 'Default' (00000000-0000-0000-0000-000000000000) :: Enqueue action 361aa588-5f31-4e19-b8a5-099cae52479d
[2026-03-21 08:20:04.450 DBG] ActionQueue :: 'Default' (00000000-0000-0000-0000-000000000000) :: Handling queue
[2026-03-21 08:20:04.450 DBG] ActionQueue :: 'Default' (00000000-0000-0000-0000-000000000000) :: Performing non-blocking 'Sub Goal' (361aa588-5f31-4e19-b8a5-099cae52479d, 3626f617-4fa2-4c10-8ca6-3ceee84e5a9e)
[2026-03-21 08:20:30.518 DBG] ViewerRepo :: UpdatePresence(twitch, 5), 0.0347ms
[2026-03-21 08:20:31.104 DBG] TwitchService :: Presence Timer :: Artificially updated presence with a threshold of 5 minutes (585.5869ms)
[2026-03-21 08:21:30.522 DBG] ViewerRepo :: UpdatePresence(twitch, 5), 0.0479ms
[2026-03-21 08:21:30.613 DBG] TwitchService :: Presence Timer :: Artificially updated presence with a threshold of 5 minutes (91.6579ms)
[2026-03-21 08:22:30.530 DBG] ViewerRepo :: UpdatePresence(twitch, 5), 0.0374ms
[2026-03-21 08:22:30.622 DBG] TwitchService :: Presence Timer :: Artificially updated presence with a threshold of 5 minutes (91.6778ms)
[2026-03-21 08:23:30.535 DBG] ViewerRepo :: UpdatePresence(twitch, 5), 0.0423ms
[2026-03-21 08:23:30.629 DBG] TwitchService :: Presence Timer :: Artificially updated presence with a threshold of 5 minutes (94.1966ms)
[2026-03-21 08:24:14.990 DBG] Credits :: Time to save 14.1913ms
[2026-03-21 08:24:30.536 DBG] ViewerRepo :: UpdatePresence(twitch, 5), 0.0402ms
[2026-03-21 08:24:30.635 DBG] TwitchService :: Presence Timer :: Artificially updated presence with a threshold of 5 minutes (98.7913ms)
[2026-03-21 08:25:02.124 DBG] AutoSave :: Auto saving settings...
[2026-03-21 08:25:02.143 DBG] Users :: Time to save 18.8397ms
[2026-03-21 08:25:02.164 DBG] Actions :: Time to save 21.2498ms
[2026-03-21 08:25:02.177 DBG] Commands :: Time to save 13.3082ms
[2026-03-21 08:25:02.187 DBG] Twitch Rewards :: Time to save 10.3976ms
[2026-03-21 08:25:02.200 DBG] Midi :: Time to save 12.6456ms
[2026-03-21 08:25:02.214 DBG] OBS Settings :: Time to save 13.7197ms
[2026-03-21 08:25:02.224 DBG] MeldStudio Settings :: Time to save 9.6156ms
[2026-03-21 08:25:02.234 DBG] Credits :: Time to save 10.1911ms
[2026-03-21 08:25:02.249 DBG] Quotes :: Time to save 14.7105ms
[2026-03-21 08:25:02.343 DBG] Config :: Time to save 14.0211ms
[2026-03-21 08:25:30.545 DBG] ViewerRepo :: UpdatePresence(twitch, 5), 0.0385ms
[2026-03-21 08:25:30.635 DBG] TwitchService :: Presence Timer :: Artificially updated presence with a threshold of 5 minutes (90.6608ms)
[2026-03-21 08:26:30.547 DBG] ViewerRepo :: UpdatePresence(twitch, 5), 0.0358ms
[2026-03-21 08:26:30.639 DBG] TwitchService :: Presence Timer :: Artificially updated presence with a threshold of 5 minutes (91.8864ms)
[2026-03-21 08:27:30.572 DBG] ViewerRepo :: UpdatePresence(twitch, 5), 0.0365ms
[2026-03-21 08:27:30.665 DBG] TwitchService :: Presence Timer :: Artificially updated presence with a threshold of 5 minutes (94.0551ms)
[2026-03-21 08:28:30.577 DBG] ViewerRepo :: UpdatePresence(twitch, 5), 0.0344ms
[2026-03-21 08:28:30.667 DBG] TwitchService :: Presence Timer :: Artificially updated presence with a threshold of 5 minutes (90.4542ms)
[2026-03-21 08:29:14.997 DBG] Credits :: Time to save 17.9843ms
[2026-03-21 08:29:30.584 DBG] ViewerRepo :: UpdatePresence(twitch, 5), 0.0349ms
[2026-03-21 08:29:30.679 DBG] TwitchService :: Presence Timer :: Artificially updated presence with a threshold of 5 minutes (95.3514ms)
[2026-03-21 08:30:02.300 DBG] AutoSave :: Auto saving settings...
[2026-03-21 08:30:02.317 DBG] Users :: Time to save 15.9105ms
[2026-03-21 08:30:02.333 DBG] Actions :: Time to save 16.4437ms
[2026-03-21 08:30:02.346 DBG] Commands :: Time to save 12.9782ms
[2026-03-21 08:30:02.361 DBG] Twitch Rewards :: Time to save 15.2851ms
[2026-03-21 08:30:02.374 DBG] Midi :: Time to save 12.7904ms
[2026-03-21 08:30:02.385 DBG] OBS Settings :: Time to save 10.5354ms
[2026-03-21 08:30:02.396 DBG] MeldStudio Settings :: Time to save 11.0632ms
[2026-03-21 08:30:02.408 DBG] Credits :: Time to save 12.6425ms
[2026-03-21 08:30:02.422 DBG] Quotes :: Time to save 13.788ms
[2026-03-21 08:30:02.527 DBG] Config :: Time to save 18.3821ms
[2026-03-21 08:30:05.373 DBG] ActionDispatcher :: Queueing 'Sub Goal' (361aa588-5f31-4e19-b8a5-099cae52479d, TimedAction) to 'Default' (00000000-0000-0000-0000-000000000000), with 11 arguments
[2026-03-21 08:30:05.373 DBG] ActionQueue :: 'Default' (00000000-0000-0000-0000-000000000000) :: Enqueue action 361aa588-5f31-4e19-b8a5-099cae52479d
[2026-03-21 08:30:05.373 DBG] ActionQueue :: 'Default' (00000000-0000-0000-0000-000000000000) :: Handling queue
[2026-03-21 08:30:05.373 DBG] ActionQueue :: 'Default' (00000000-0000-0000-0000-000000000000) :: Performing non-blocking 'Sub Goal' (361aa588-5f31-4e19-b8a5-099cae52479d, ca6af31c-f7de-404e-909e-3ac41ad32930)
[2026-03-21 08:30:30.596 DBG] ViewerRepo :: UpdatePresence(twitch, 5), 0.0336ms
[2026-03-21 08:30:30.690 DBG] TwitchService :: Presence Timer :: Artificially updated presence with a threshold of 5 minutes (95.0894ms)
[2026-03-21 08:31:30.611 DBG] ViewerRepo :: UpdatePresence(twitch, 5), 0.0356ms
[2026-03-21 08:31:30.702 DBG] TwitchService :: Presence Timer :: Artificially updated presence with a threshold of 5 minutes (90.9988ms)
[2026-03-21 08:32:30.613 DBG] ViewerRepo :: UpdatePresence(twitch, 5), 0.035ms
[2026-03-21 08:32:30.708 DBG] TwitchService :: Presence Timer :: Artificially updated presence with a threshold of 5 minutes (95.6679ms)
[2026-03-21 08:33:30.627 DBG] ViewerRepo :: UpdatePresence(twitch, 5), 0.0347ms
[2026-03-21 08:33:30.722 DBG] TwitchService :: Presence Timer :: Artificially updated presence with a threshold of 5 minutes (96.1015ms)
[2026-03-21 08:34:14.997 DBG] Credits :: Time to save 15.7668ms
[2026-03-21 08:34:30.627 DBG] ViewerRepo :: UpdatePresence(twitch, 5), 0.0349ms
[2026-03-21 08:34:30.716 DBG] TwitchService :: Presence Timer :: Artificially updated presence with a threshold of 5 minutes (89.4281ms)
[2026-03-21 08:35:02.504 DBG] AutoSave :: Auto saving settings...
[2026-03-21 08:35:02.516 DBG] Users :: Time to save 13.1955ms
[2026-03-21 08:35:02.535 DBG] Actions :: Time to save 17.6941ms
[2026-03-21 08:35:02.546 DBG] Commands :: Time to save 11.244ms
[2026-03-21 08:35:02.557 DBG] Twitch Rewards :: Time to save 10.9202ms
[2026-03-21 08:35:02.570 DBG] Midi :: Time to save 13.2315ms
[2026-03-21 08:35:02.584 DBG] OBS Settings :: Time to save 13.5208ms
[2026-03-21 08:35:02.593 DBG] MeldStudio Settings :: Time to save 9.5237ms
[2026-03-21 08:35:02.606 DBG] Credits :: Time to save 12.9736ms
[2026-03-21 08:35:02.621 DBG] Quotes :: Time to save 15.003ms
[2026-03-21 08:35:02.724 DBG] Config :: Time to save 17.4024ms
[2026-03-21 08:35:30.634 DBG] ViewerRepo :: UpdatePresence(twitch, 5), 0.0356ms
[2026-03-21 08:35:30.729 DBG] TwitchService :: Presence Timer :: Artificially updated presence with a threshold of 5 minutes (96.619ms)
[2026-03-21 08:36:30.636 DBG] ViewerRepo :: UpdatePresence(twitch, 5), 0.0478ms
[2026-03-21 08:36:30.726 DBG] TwitchService :: Presence Timer :: Artificially updated presence with a threshold of 5 minutes (90.1178ms)
[2026-03-21 08:37:30.644 DBG] ViewerRepo :: UpdatePresence(twitch, 5), 0.0378ms
[2026-03-21 08:37:30.739 DBG] TwitchService :: Presence Timer :: Artificially updated presence with a threshold of 5 minutes (94.8052ms)
[2026-03-21 08:38:30.655 DBG] ViewerRepo :: UpdatePresence(twitch, 5), 0.0353ms
[2026-03-21 08:38:30.751 DBG] TwitchService :: Presence Timer :: Artificially updated presence with a threshold of 5 minutes (95.7784ms)
[2026-03-21 08:39:15.004 DBG] Credits :: Time to save 11.1623ms
[2026-03-21 08:39:30.663 DBG] ViewerRepo :: UpdatePresence(twitch, 5), 0.0351ms
[2026-03-21 08:39:30.756 DBG] TwitchService :: Presence Timer :: Artificially updated presence with a threshold of 5 minutes (93.5776ms)
[2026-03-21 08:40:02.729 DBG] AutoSave :: Auto saving settings...
[2026-03-21 08:40:02.742 DBG] Users :: Time to save 13.1521ms
[2026-03-21 08:40:02.765 DBG] Actions :: Time to save 22.3945ms
[2026-03-21 08:40:02.780 DBG] Commands :: Time to save 15.9499ms
[2026-03-21 08:40:02.796 DBG] Twitch Rewards :: Time to save 15.7212ms
[2026-03-21 08:40:02.806 DBG] Midi :: Time to save 9.8505ms
[2026-03-21 08:40:02.819 DBG] OBS Settings :: Time to save 13.5072ms
[2026-03-21 08:40:02.832 DBG] MeldStudio Settings :: Time to save 12.3395ms
[2026-03-21 08:40:02.841 DBG] Credits :: Time to save 9.7557ms
[2026-03-21 08:40:02.855 DBG] Quotes :: Time to save 13.057ms
[2026-03-21 08:40:02.949 DBG] Config :: Time to save 17.4767ms
[2026-03-21 08:40:05.965 DBG] ActionDispatcher :: Queueing 'Sub Goal' (361aa588-5f31-4e19-b8a5-099cae52479d, TimedAction) to 'Default' (00000000-0000-0000-0000-000000000000), with 11 arguments
[2026-03-21 08:40:05.965 DBG] ActionQueue :: 'Default' (00000000-0000-0000-0000-000000000000) :: Enqueue action 361aa588-5f31-4e19-b8a5-099cae52479d
[2026-03-21 08:40:05.965 DBG] ActionQueue :: 'Default' (00000000-0000-0000-0000-000000000000) :: Handling queue
[2026-03-21 08:40:05.965 DBG] ActionQueue :: 'Default' (00000000-0000-0000-0000-000000000000) :: Performing non-blocking 'Sub Goal' (361aa588-5f31-4e19-b8a5-099cae52479d, cacdee5f-93a1-488f-939b-6b046e34367c)
[2026-03-21 08:40:30.674 DBG] ViewerRepo :: UpdatePresence(twitch, 5), 0.0347ms
[2026-03-21 08:40:30.769 DBG] TwitchService :: Presence Timer :: Artificially updated presence with a threshold of 5 minutes (94.8162ms)
[2026-03-21 08:41:30.686 DBG] ViewerRepo :: UpdatePresence(twitch, 5), 0.0352ms
[2026-03-21 08:41:30.773 DBG] TwitchService :: Presence Timer :: Artificially updated presence with a threshold of 5 minutes (87.9618ms)
[2026-03-21 08:42:30.688 DBG] ViewerRepo :: UpdatePresence(twitch, 5), 0.0354ms
[2026-03-21 08:42:30.780 DBG] TwitchService :: Presence Timer :: Artificially updated presence with a threshold of 5 minutes (92.3288ms)
[2026-03-21 08:43:30.689 DBG] ViewerRepo :: UpdatePresence(twitch, 5), 0.0363ms
[2026-03-21 08:43:30.781 DBG] TwitchService :: Presence Timer :: Artificially updated presence with a threshold of 5 minutes (91.4343ms)
[2026-03-21 08:44:15.024 DBG] Credits :: Time to save 16.7098ms
[2026-03-21 08:44:30.705 DBG] ViewerRepo :: UpdatePresence(twitch, 5), 0.0396ms
[2026-03-21 08:44:30.800 DBG] TwitchService :: Presence Timer :: Artificially updated presence with a threshold of 5 minutes (94.7391ms)
[2026-03-21 08:45:02.949 DBG] AutoSave :: Auto saving settings...
[2026-03-21 08:45:02.970 DBG] Users :: Time to save 21.4274ms
[2026-03-21 08:45:02.996 DBG] Actions :: Time to save 24.4358ms
[2026-03-21 08:45:03.013 DBG] Commands :: Time to save 16.9073ms
[2026-03-21 08:45:03.029 DBG] Twitch Rewards :: Time to save 16.1858ms
[2026-03-21 08:45:03.044 DBG] Midi :: Time to save 14.8001ms
[2026-03-21 08:45:03.057 DBG] OBS Settings :: Time to save 13.1402ms
[2026-03-21 08:45:03.070 DBG] MeldStudio Settings :: Time to save 13.2318ms
[2026-03-21 08:45:03.084 DBG] Credits :: Time to save 14.1255ms
[2026-03-21 08:45:03.097 DBG] Quotes :: Time to save 12.3032ms
[2026-03-21 08:45:03.172 DBG] Config :: Time to save 17.2661ms
[2026-03-21 08:45:30.715 DBG] ViewerRepo :: UpdatePresence(twitch, 5), 0.0354ms
[2026-03-21 08:45:30.803 DBG] TwitchService :: Presence Timer :: Artificially updated presence with a threshold of 5 minutes (88.0249ms)
[2026-03-21 08:46:30.729 DBG] ViewerRepo :: UpdatePresence(twitch, 5), 0.0476ms
[2026-03-21 08:46:30.824 DBG] TwitchService :: Presence Timer :: Artificially updated presence with a threshold of 5 minutes (93.9918ms)
[2026-03-21 08:47:30.734 DBG] ViewerRepo :: UpdatePresence(twitch, 5), 0.036ms
[2026-03-21 08:47:30.830 DBG] TwitchService :: Presence Timer :: Artificially updated presence with a threshold of 5 minutes (95.8299ms)
[2026-03-21 08:48:30.740 DBG] ViewerRepo :: UpdatePresence(twitch, 5), 0.0351ms
[2026-03-21 08:48:30.839 DBG] TwitchService :: Presence Timer :: Artificially updated presence with a threshold of 5 minutes (98.4698ms)
[2026-03-21 08:49:15.028 DBG] Credits :: Time to save 15.092ms
[2026-03-21 08:49:30.748 DBG] ViewerRepo :: UpdatePresence(twitch, 5), 0.0332ms
[2026-03-21 08:49:30.844 DBG] TwitchService :: Presence Timer :: Artificially updated presence with a threshold of 5 minutes (95.5582ms)
[2026-03-21 08:50:03.196 DBG] AutoSave :: Auto saving settings...
[2026-03-21 08:50:03.214 DBG] Users :: Time to save 18.5993ms
[2026-03-21 08:50:03.231 DBG] Actions :: Time to save 16.149ms
[2026-03-21 08:50:03.242 DBG] Commands :: Time to save 11.0736ms
[2026-03-21 08:50:03.256 DBG] Twitch Rewards :: Time to save 14.2505ms
[2026-03-21 08:50:03.269 DBG] Midi :: Time to save 12.6947ms
[2026-03-21 08:50:03.283 DBG] OBS Settings :: Time to save 14.0155ms
[2026-03-21 08:50:03.297 DBG] MeldStudio Settings :: Time to save 13.0329ms
[2026-03-21 08:50:03.309 DBG] Credits :: Time to save 12.0637ms
[2026-03-21 08:50:03.319 DBG] Quotes :: Time to save 10.5553ms
[2026-03-21 08:50:03.415 DBG] Config :: Time to save 17.295ms
[2026-03-21 08:50:06.779 DBG] ActionDispatcher :: Queueing 'Sub Goal' (361aa588-5f31-4e19-b8a5-099cae52479d, TimedAction) to 'Default' (00000000-0000-0000-0000-000000000000), with 11 arguments
[2026-03-21 08:50:06.779 DBG] ActionQueue :: 'Default' (00000000-0000-0000-0000-000000000000) :: Enqueue action 361aa588-5f31-4e19-b8a5-099cae52479d
[2026-03-21 08:50:06.779 DBG] ActionQueue :: 'Default' (00000000-0000-0000-0000-000000000000) :: Handling queue
[2026-03-21 08:50:06.779 DBG] ActionQueue :: 'Default' (00000000-0000-0000-0000-000000000000) :: Performing non-blocking 'Sub Goal' (361aa588-5f31-4e19-b8a5-099cae52479d, 2727644f-4cce-40b1-bfcb-62110ca55e10)
[2026-03-21 08:50:30.763 DBG] ViewerRepo :: UpdatePresence(twitch, 5), 0.0394ms
[2026-03-21 08:50:30.856 DBG] TwitchService :: Presence Timer :: Artificially updated presence with a threshold of 5 minutes (92.2627ms)
[2026-03-21 08:51:30.763 DBG] ViewerRepo :: UpdatePresence(twitch, 5), 0.0376ms
[2026-03-21 08:51:30.851 DBG] TwitchService :: Presence Timer :: Artificially updated presence with a threshold of 5 minutes (88.1725ms)
[2026-03-21 08:52:30.769 DBG] ViewerRepo :: UpdatePresence(twitch, 5), 0.0627ms
[2026-03-21 08:52:30.864 DBG] TwitchService :: Presence Timer :: Artificially updated presence with a threshold of 5 minutes (96.4726ms)
[2026-03-21 08:53:30.771 DBG] ViewerRepo :: UpdatePresence(twitch, 5), 0.0341ms
[2026-03-21 08:53:30.865 DBG] TwitchService :: Presence Timer :: Artificially updated presence with a threshold of 5 minutes (94.8065ms)
[2026-03-21 08:54:15.037 DBG] Credits :: Time to save 19.2589ms
[2026-03-21 08:54:30.787 DBG] ViewerRepo :: UpdatePresence(twitch, 5), 0.0355ms
[2026-03-21 08:54:30.881 DBG] TwitchService :: Presence Timer :: Artificially updated presence with a threshold of 5 minutes (93.8613ms)
[2026-03-21 08:55:03.393 DBG] AutoSave :: Auto saving settings...
[2026-03-21 08:55:03.410 DBG] Users :: Time to save 17.6485ms
[2026-03-21 08:55:03.431 DBG] Actions :: Time to save 20.643ms
[2026-03-21 08:55:03.442 DBG] Commands :: Time to save 11.5691ms
[2026-03-21 08:55:03.455 DBG] Twitch Rewards :: Time to save 12.7702ms
[2026-03-21 08:55:03.469 DBG] Midi :: Time to save 14.5379ms
[2026-03-21 08:55:03.484 DBG] OBS Settings :: Time to save 13.6596ms
[2026-03-21 08:55:03.496 DBG] MeldStudio Settings :: Time to save 12.9488ms
[2026-03-21 08:55:03.509 DBG] Credits :: Time to save 11.7774ms
[2026-03-21 08:55:03.520 DBG] Quotes :: Time to save 11.0652ms
[2026-03-21 08:55:03.610 DBG] Config :: Time to save 14.459ms
[2026-03-21 08:55:30.789 DBG] ViewerRepo :: UpdatePresence(twitch, 5), 0.0347ms
[2026-03-21 08:55:30.887 DBG] TwitchService :: Presence Timer :: Artificially updated presence with a threshold of 5 minutes (98.349ms)
[2026-03-21 08:56:30.798 DBG] ViewerRepo :: UpdatePresence(twitch, 5), 0.0363ms
[2026-03-21 08:56:30.894 DBG] TwitchService :: Presence Timer :: Artificially updated presence with a threshold of 5 minutes (96.7204ms)
[2026-03-21 08:57:30.805 DBG] ViewerRepo :: UpdatePresence(twitch, 5), 0.0379ms
[2026-03-21 08:57:30.897 DBG] TwitchService :: Presence Timer :: Artificially updated presence with a threshold of 5 minutes (91.9017ms)
[2026-03-21 08:58:30.816 DBG] ViewerRepo :: UpdatePresence(twitch, 5), 0.0382ms
[2026-03-21 08:58:30.906 DBG] TwitchService :: Presence Timer :: Artificially updated presence with a threshold of 5 minutes (91.8605ms)
[2026-03-21 08:59:15.049 DBG] Credits :: Time to save 16.702ms
[2026-03-21 08:59:30.826 DBG] ViewerRepo :: UpdatePresence(twitch, 5), 0.0363ms
[2026-03-21 08:59:30.921 DBG] TwitchService :: Presence Timer :: Artificially updated presence with a threshold of 5 minutes (94.9365ms)
[2026-03-21 09:00:03.572 DBG] AutoSave :: Auto saving settings...
[2026-03-21 09:00:03.591 DBG] Users :: Time to save 18.6506ms
[2026-03-21 09:00:03.613 DBG] Actions :: Time to save 21.1731ms
[2026-03-21 09:00:03.627 DBG] Commands :: Time to save 15.5509ms
[2026-03-21 09:00:03.642 DBG] Twitch Rewards :: Time to save 15.0171ms
[2026-03-21 09:00:03.655 DBG] Midi :: Time to save 11.2334ms
[2026-03-21 09:00:03.668 DBG] OBS Settings :: Time to save 13.9332ms
[2026-03-21 09:00:03.682 DBG] MeldStudio Settings :: Time to save 13.0954ms
[2026-03-21 09:00:03.693 DBG] Credits :: Time to save 11.8752ms
[2026-03-21 09:00:03.708 DBG] Quotes :: Time to save 15.0603ms
[2026-03-21 09:00:03.787 DBG] Config :: Time to save 12.509ms
[2026-03-21 09:00:07.286 DBG] ActionDispatcher :: Queueing 'Sub Goal' (361aa588-5f31-4e19-b8a5-099cae52479d, TimedAction) to 'Default' (00000000-0000-0000-0000-000000000000), with 11 arguments
[2026-03-21 09:00:07.286 DBG] ActionQueue :: 'Default' (00000000-0000-0000-0000-000000000000) :: Enqueue action 361aa588-5f31-4e19-b8a5-099cae52479d
[2026-03-21 09:00:07.286 DBG] ActionQueue :: 'Default' (00000000-0000-0000-0000-000000000000) :: Handling queue
[2026-03-21 09:00:07.286 DBG] ActionQueue :: 'Default' (00000000-0000-0000-0000-000000000000) :: Performing non-blocking 'Sub Goal' (361aa588-5f31-4e19-b8a5-099cae52479d, 787880f6-83c2-47b5-ac6e-1e7ac371202f)
[2026-03-21 09:00:30.840 DBG] ViewerRepo :: UpdatePresence(twitch, 5), 0.0374ms
[2026-03-21 09:00:30.932 DBG] TwitchService :: Presence Timer :: Artificially updated presence with a threshold of 5 minutes (93.1384ms)
[2026-03-21 09:01:30.854 DBG] ViewerRepo :: UpdatePresence(twitch, 5), 0.034ms
[2026-03-21 09:01:30.946 DBG] TwitchService :: Presence Timer :: Artificially updated presence with a threshold of 5 minutes (93.5575ms)
[2026-03-21 09:02:30.863 DBG] ViewerRepo :: UpdatePresence(twitch, 5), 0.0362ms
[2026-03-21 09:02:30.955 DBG] TwitchService :: Presence Timer :: Artificially updated presence with a threshold of 5 minutes (91.2481ms)
[2026-03-21 09:03:30.877 DBG] ViewerRepo :: UpdatePresence(twitch, 5), 0.0362ms
[2026-03-21 09:03:30.969 DBG] TwitchService :: Presence Timer :: Artificially updated presence with a threshold of 5 minutes (92.3961ms)
[2026-03-21 09:04:15.048 DBG] Credits :: Time to save 13.2834ms
[2026-03-21 09:04:30.878 DBG] ViewerRepo :: UpdatePresence(twitch, 5), 0.0341ms
[2026-03-21 09:04:30.969 DBG] TwitchService :: Presence Timer :: Artificially updated presence with a threshold of 5 minutes (91.7505ms)
[2026-03-21 09:05:03.798 DBG] AutoSave :: Auto saving settings...
[2026-03-21 09:05:03.815 DBG] Users :: Time to save 18.03ms
[2026-03-21 09:05:03.832 DBG] Actions :: Time to save 16.6049ms
[2026-03-21 09:05:03.844 DBG] Commands :: Time to save 11.8413ms
[2026-03-21 09:05:03.860 DBG] Twitch Rewards :: Time to save 16.5938ms
[2026-03-21 09:05:03.873 DBG] Midi :: Time to save 13.0031ms
[2026-03-21 09:05:03.886 DBG] OBS Settings :: Time to save 13.0089ms
[2026-03-21 09:05:03.901 DBG] MeldStudio Settings :: Time to save 14.3185ms
[2026-03-21 09:05:03.912 DBG] Credits :: Time to save 10.7655ms
[2026-03-21 09:05:03.926 DBG] Quotes :: Time to save 14.8682ms
[2026-03-21 09:05:04.021 DBG] Config :: Time to save 18.2222ms
[2026-03-21 09:05:30.879 DBG] ViewerRepo :: UpdatePresence(twitch, 5), 0.0367ms
[2026-03-21 09:05:30.970 DBG] TwitchService :: Presence Timer :: Artificially updated presence with a threshold of 5 minutes (91.8898ms)
[2026-03-21 09:06:30.897 DBG] ViewerRepo :: UpdatePresence(twitch, 5), 0.035ms
[2026-03-21 09:06:30.992 DBG] TwitchService :: Presence Timer :: Artificially updated presence with a threshold of 5 minutes (95.9676ms)
[2026-03-21 09:07:30.904 DBG] ViewerRepo :: UpdatePresence(twitch, 5), 0.0343ms
[2026-03-21 09:07:30.998 DBG] TwitchService :: Presence Timer :: Artificially updated presence with a threshold of 5 minutes (94.6513ms)
[2026-03-21 09:08:30.914 DBG] ViewerRepo :: UpdatePresence(twitch, 5), 0.0398ms
[2026-03-21 09:08:31.009 DBG] TwitchService :: Presence Timer :: Artificially updated presence with a threshold of 5 minutes (94.8256ms)
[2026-03-21 09:09:15.062 DBG] Credits :: Time to save 16.705ms
[2026-03-21 09:09:30.919 DBG] ViewerRepo :: UpdatePresence(twitch, 5), 0.0343ms
[2026-03-21 09:09:31.147 DBG] TwitchService :: Presence Timer :: Artificially updated presence with a threshold of 5 minutes (228.2653ms)
[2026-03-21 09:10:04.019 DBG] AutoSave :: Auto saving settings...
[2026-03-21 09:10:04.032 DBG] Users :: Time to save 13.05ms
[2026-03-21 09:10:04.055 DBG] Actions :: Time to save 22.6574ms
[2026-03-21 09:10:04.066 DBG] Commands :: Time to save 11.3633ms
[2026-03-21 09:10:04.082 DBG] Twitch Rewards :: Time to save 15.3569ms
[2026-03-21 09:10:04.091 DBG] Midi :: Time to save 9.5748ms
[2026-03-21 09:10:04.102 DBG] OBS Settings :: Time to save 10.7723ms
[2026-03-21 09:10:04.111 DBG] MeldStudio Settings :: Time to save 9.2756ms
[2026-03-21 09:10:04.124 DBG] Credits :: Time to save 12.3486ms
[2026-03-21 09:10:04.138 DBG] Quotes :: Time to save 14.1608ms
[2026-03-21 09:10:04.239 DBG] Config :: Time to save 17.0611ms
[2026-03-21 09:10:07.998 DBG] ActionDispatcher :: Queueing 'Sub Goal' (361aa588-5f31-4e19-b8a5-099cae52479d, TimedAction) to 'Default' (00000000-0000-0000-0000-000000000000), with 11 arguments
[2026-03-21 09:10:07.998 DBG] ActionQueue :: 'Default' (00000000-0000-0000-0000-000000000000) :: Enqueue action 361aa588-5f31-4e19-b8a5-099cae52479d
[2026-03-21 09:10:07.998 DBG] ActionQueue :: 'Default' (00000000-0000-0000-0000-000000000000) :: Handling queue
[2026-03-21 09:10:07.998 DBG] ActionQueue :: 'Default' (00000000-0000-0000-0000-000000000000) :: Performing non-blocking 'Sub Goal' (361aa588-5f31-4e19-b8a5-099cae52479d, d1db66cc-44ed-4cb1-99f5-e88bc11fb934)
[2026-03-21 09:10:30.935 DBG] ViewerRepo :: UpdatePresence(twitch, 5), 0.0514ms
[2026-03-21 09:10:31.030 DBG] TwitchService :: Presence Timer :: Artificially updated presence with a threshold of 5 minutes (95.562ms)
[2026-03-21 09:11:30.945 DBG] ViewerRepo :: UpdatePresence(twitch, 5), 0.0357ms
[2026-03-21 09:11:31.040 DBG] TwitchService :: Presence Timer :: Artificially updated presence with a threshold of 5 minutes (95.0114ms)
[2026-03-21 09:12:30.959 DBG] ViewerRepo :: UpdatePresence(twitch, 5), 0.0355ms
[2026-03-21 09:12:31.055 DBG] TwitchService :: Presence Timer :: Artificially updated presence with a threshold of 5 minutes (95.9506ms)
[2026-03-21 09:13:30.960 DBG] ViewerRepo :: UpdatePresence(twitch, 5), 0.0346ms
[2026-03-21 09:13:31.054 DBG] TwitchService :: Presence Timer :: Artificially updated presence with a threshold of 5 minutes (94.2211ms)
[2026-03-21 09:14:15.076 DBG] Credits :: Time to save 14.9477ms
[2026-03-21 09:14:30.973 DBG] ViewerRepo :: UpdatePresence(twitch, 5), 0.0333ms
[2026-03-21 09:14:31.066 DBG] TwitchService :: Presence Timer :: Artificially updated presence with a threshold of 5 minutes (93.447ms)
[2026-03-21 09:15:04.205 DBG] AutoSave :: Auto saving settings...
[2026-03-21 09:15:04.222 DBG] Users :: Time to save 16.8433ms
[2026-03-21 09:15:04.245 DBG] Actions :: Time to save 22.1829ms
[2026-03-21 09:15:04.256 DBG] Commands :: Time to save 12.1499ms
[2026-03-21 09:15:04.267 DBG] Twitch Rewards :: Time to save 10.4726ms
[2026-03-21 09:15:04.279 DBG] Midi :: Time to save 12.6006ms
[2026-03-21 09:15:04.292 DBG] OBS Settings :: Time to save 12.8557ms
[2026-03-21 09:15:04.304 DBG] MeldStudio Settings :: Time to save 11.5968ms
[2026-03-21 09:15:04.316 DBG] Credits :: Time to save 11.6726ms
[2026-03-21 09:15:04.331 DBG] Quotes :: Time to save 14.7615ms
[2026-03-21 09:15:04.422 DBG] Config :: Time to save 12.2955ms
[2026-03-21 09:15:30.979 DBG] ViewerRepo :: UpdatePresence(twitch, 5), 0.0336ms
[2026-03-21 09:15:31.077 DBG] TwitchService :: Presence Timer :: Artificially updated presence with a threshold of 5 minutes (97.9487ms)
[2026-03-21 09:16:30.989 DBG] ViewerRepo :: UpdatePresence(twitch, 5), 0.0818ms
[2026-03-21 09:16:31.084 DBG] TwitchService :: Presence Timer :: Artificially updated presence with a threshold of 5 minutes (94.5835ms)
[2026-03-21 09:17:30.998 DBG] ViewerRepo :: UpdatePresence(twitch, 5), 0.0628ms
[2026-03-21 09:17:31.088 DBG] TwitchService :: Presence Timer :: Artificially updated presence with a threshold of 5 minutes (90.8039ms)
[2026-03-21 09:18:31.012 DBG] ViewerRepo :: UpdatePresence(twitch, 5), 0.0353ms
[2026-03-21 09:18:31.106 DBG] TwitchService :: Presence Timer :: Artificially updated presence with a threshold of 5 minutes (93.9765ms)
[2026-03-21 09:19:15.089 DBG] Credits :: Time to save 14.2843ms
[2026-03-21 09:19:31.040 DBG] ViewerRepo :: UpdatePresence(twitch, 5), 0.0343ms
[2026-03-21 09:19:31.136 DBG] TwitchService :: Presence Timer :: Artificially updated presence with a threshold of 5 minutes (96.3114ms)
[2026-03-21 09:20:04.431 DBG] AutoSave :: Auto saving settings...
[2026-03-21 09:20:04.448 DBG] Users :: Time to save 17.7701ms
[2026-03-21 09:20:04.470 DBG] Actions :: Time to save 21.7951ms
[2026-03-21 09:20:04.490 DBG] Commands :: Time to save 19.3721ms
[2026-03-21 09:20:04.506 DBG] Twitch Rewards :: Time to save 16.7935ms
[2026-03-21 09:20:04.520 DBG] Midi :: Time to save 13.2102ms
[2026-03-21 09:20:04.534 DBG] OBS Settings :: Time to save 13.5689ms
[2026-03-21 09:20:04.546 DBG] MeldStudio Settings :: Time to save 13.025ms
[2026-03-21 09:20:04.556 DBG] Credits :: Time to save 9.5213ms
[2026-03-21 09:20:04.571 DBG] Quotes :: Time to save 14.4462ms
[2026-03-21 09:20:04.649 DBG] Config :: Time to save 12.9004ms
[2026-03-21 09:20:08.483 DBG] ActionDispatcher :: Queueing 'Sub Goal' (361aa588-5f31-4e19-b8a5-099cae52479d, TimedAction) to 'Default' (00000000-0000-0000-0000-000000000000), with 11 arguments
[2026-03-21 09:20:08.483 DBG] ActionQueue :: 'Default' (00000000-0000-0000-0000-000000000000) :: Enqueue action 361aa588-5f31-4e19-b8a5-099cae52479d
[2026-03-21 09:20:08.483 DBG] ActionQueue :: 'Default' (00000000-0000-0000-0000-000000000000) :: Handling queue
[2026-03-21 09:20:08.483 DBG] ActionQueue :: 'Default' (00000000-0000-0000-0000-000000000000) :: Performing non-blocking 'Sub Goal' (361aa588-5f31-4e19-b8a5-099cae52479d, 69e24851-b0e9-4d10-9854-aeb667072ba2)
[2026-03-21 09:20:31.047 DBG] ViewerRepo :: UpdatePresence(twitch, 5), 0.038ms
[2026-03-21 09:20:31.663 DBG] TwitchService :: Presence Timer :: Artificially updated presence with a threshold of 5 minutes (616.2239ms)
[2026-03-21 09:21:31.058 DBG] ViewerRepo :: UpdatePresence(twitch, 5), 0.0437ms
[2026-03-21 09:21:31.148 DBG] TwitchService :: Presence Timer :: Artificially updated presence with a threshold of 5 minutes (90.7799ms)
[2026-03-21 09:22:31.060 DBG] ViewerRepo :: UpdatePresence(twitch, 5), 0.0351ms
[2026-03-21 09:22:31.156 DBG] TwitchService :: Presence Timer :: Artificially updated presence with a threshold of 5 minutes (96.1381ms)
[2026-03-21 09:23:31.065 DBG] ViewerRepo :: UpdatePresence(twitch, 5), 0.0833ms
[2026-03-21 09:23:31.161 DBG] TwitchService :: Presence Timer :: Artificially updated presence with a threshold of 5 minutes (96.5554ms)
[2026-03-21 09:24:15.093 DBG] Credits :: Time to save 17.3382ms
[2026-03-21 09:24:31.078 DBG] ViewerRepo :: UpdatePresence(twitch, 5), 0.0366ms
[2026-03-21 09:24:31.172 DBG] TwitchService :: Presence Timer :: Artificially updated presence with a threshold of 5 minutes (93.8115ms)
[2026-03-21 09:25:04.647 DBG] AutoSave :: Auto saving settings...
[2026-03-21 09:25:04.669 DBG] Users :: Time to save 21.2533ms
[2026-03-21 09:25:04.694 DBG] Actions :: Time to save 25.4092ms
[2026-03-21 09:25:04.713 DBG] Commands :: Time to save 18.4199ms
[2026-03-21 09:25:04.730 DBG] Twitch Rewards :: Time to save 17.2262ms
[2026-03-21 09:25:04.744 DBG] Midi :: Time to save 14.5448ms
[2026-03-21 09:25:04.760 DBG] OBS Settings :: Time to save 15.4649ms
[2026-03-21 09:25:04.774 DBG] MeldStudio Settings :: Time to save 14.0697ms
[2026-03-21 09:25:04.790 DBG] Credits :: Time to save 16.0492ms
[2026-03-21 09:25:04.809 DBG] Quotes :: Time to save 18.661ms
[2026-03-21 09:25:04.870 DBG] Config :: Time to save 20.4855ms
[2026-03-21 09:25:31.093 DBG] ViewerRepo :: UpdatePresence(twitch, 5), 0.036ms
[2026-03-21 09:25:31.187 DBG] TwitchService :: Presence Timer :: Artificially updated presence with a threshold of 5 minutes (94.3461ms)
[2026-03-21 09:26:31.099 DBG] ViewerRepo :: UpdatePresence(twitch, 5), 0.0345ms
[2026-03-21 09:26:31.189 DBG] TwitchService :: Presence Timer :: Artificially updated presence with a threshold of 5 minutes (90.2625ms)
[2026-03-21 09:27:31.112 DBG] ViewerRepo :: UpdatePresence(twitch, 5), 0.0338ms
[2026-03-21 09:27:31.209 DBG] TwitchService :: Presence Timer :: Artificially updated presence with a threshold of 5 minutes (97.7335ms)
[2026-03-21 09:28:31.118 DBG] ViewerRepo :: UpdatePresence(twitch, 5), 0.0361ms
[2026-03-21 09:28:31.214 DBG] TwitchService :: Presence Timer :: Artificially updated presence with a threshold of 5 minutes (96.6004ms)
[2026-03-21 09:29:15.118 DBG] Credits :: Time to save 15.872ms
[2026-03-21 09:29:31.120 DBG] ViewerRepo :: UpdatePresence(twitch, 5), 0.0353ms
[2026-03-21 09:29:31.210 DBG] TwitchService :: Presence Timer :: Artificially updated presence with a threshold of 5 minutes (90.2505ms)
[2026-03-21 09:30:04.890 DBG] AutoSave :: Auto saving settings...
[2026-03-21 09:30:04.910 DBG] Users :: Time to save 19.4482ms
[2026-03-21 09:30:04.929 DBG] Actions :: Time to save 19.4982ms
[2026-03-21 09:30:04.942 DBG] Commands :: Time to save 12.2472ms
[2026-03-21 09:30:04.956 DBG] Twitch Rewards :: Time to save 14.4265ms
[2026-03-21 09:30:04.966 DBG] Midi :: Time to save 10.8074ms
[2026-03-21 09:30:04.981 DBG] OBS Settings :: Time to save 13.3759ms
[2026-03-21 09:30:04.994 DBG] MeldStudio Settings :: Time to save 13.1632ms
[2026-03-21 09:30:05.006 DBG] Credits :: Time to save 13.086ms
[2026-03-21 09:30:05.018 DBG] Quotes :: Time to save 11.7046ms
[2026-03-21 09:30:05.110 DBG] Config :: Time to save 17.2885ms
[2026-03-21 09:30:09.154 DBG] ActionDispatcher :: Queueing 'Sub Goal' (361aa588-5f31-4e19-b8a5-099cae52479d, TimedAction) to 'Default' (00000000-0000-0000-0000-000000000000), with 11 arguments
[2026-03-21 09:30:09.154 DBG] ActionQueue :: 'Default' (00000000-0000-0000-0000-000000000000) :: Enqueue action 361aa588-5f31-4e19-b8a5-099cae52479d
[2026-03-21 09:30:09.154 DBG] ActionQueue :: 'Default' (00000000-0000-0000-0000-000000000000) :: Handling queue
[2026-03-21 09:30:09.154 DBG] ActionQueue :: 'Default' (00000000-0000-0000-0000-000000000000) :: Performing non-blocking 'Sub Goal' (361aa588-5f31-4e19-b8a5-099cae52479d, 4a4eee40-444f-49a3-89b0-685b763e861d)
[2026-03-21 09:30:31.123 DBG] ViewerRepo :: UpdatePresence(twitch, 5), 0.0347ms
[2026-03-21 09:30:31.215 DBG] TwitchService :: Presence Timer :: Artificially updated presence with a threshold of 5 minutes (92.143ms)
[2026-03-21 09:31:31.131 DBG] ViewerRepo :: UpdatePresence(twitch, 5), 0.0366ms
[2026-03-21 09:31:31.230 DBG] TwitchService :: Presence Timer :: Artificially updated presence with a threshold of 5 minutes (99.0215ms)
[2026-03-21 09:32:31.149 DBG] ViewerRepo :: UpdatePresence(twitch, 5), 0.0359ms
[2026-03-21 09:32:31.243 DBG] TwitchService :: Presence Timer :: Artificially updated presence with a threshold of 5 minutes (94.1754ms)
[2026-03-21 09:33:31.161 DBG] ViewerRepo :: UpdatePresence(twitch, 5), 0.0609ms
[2026-03-21 09:33:31.266 DBG] TwitchService :: Presence Timer :: Artificially updated presence with a threshold of 5 minutes (106.2359ms)
[2026-03-21 09:34:15.125 DBG] Credits :: Time to save 17.8791ms
[2026-03-21 09:34:31.168 DBG] ViewerRepo :: UpdatePresence(twitch, 5), 0.0358ms
[2026-03-21 09:34:31.263 DBG] TwitchService :: Presence Timer :: Artificially updated presence with a threshold of 5 minutes (96.0236ms)
[2026-03-21 09:35:05.143 DBG] AutoSave :: Auto saving settings...
[2026-03-21 09:35:05.156 DBG] Users :: Time to save 13.3279ms
[2026-03-21 09:35:05.173 DBG] Actions :: Time to save 16.3237ms
[2026-03-21 09:35:05.189 DBG] Commands :: Time to save 15.8725ms
[2026-03-21 09:35:05.200 DBG] Twitch Rewards :: Time to save 11.0777ms
[2026-03-21 09:35:05.211 DBG] Midi :: Time to save 11.3363ms
[2026-03-21 09:35:05.226 DBG] OBS Settings :: Time to save 14.7521ms
[2026-03-21 09:35:05.240 DBG] MeldStudio Settings :: Time to save 14.2909ms
[2026-03-21 09:35:05.249 DBG] Credits :: Time to save 9.2809ms
[2026-03-21 09:35:05.263 DBG] Quotes :: Time to save 13.4894ms
[2026-03-21 09:35:05.359 DBG] Config :: Time to save 12.5023ms
[2026-03-21 09:35:31.174 DBG] ViewerRepo :: UpdatePresence(twitch, 5), 0.0342ms
[2026-03-21 09:35:31.274 DBG] TwitchService :: Presence Timer :: Artificially updated presence with a threshold of 5 minutes (100.5278ms)
[2026-03-21 09:36:31.187 DBG] ViewerRepo :: UpdatePresence(twitch, 5), 0.0336ms
[2026-03-21 09:36:31.280 DBG] TwitchService :: Presence Timer :: Artificially updated presence with a threshold of 5 minutes (94.1773ms)
[2026-03-21 09:37:31.191 DBG] ViewerRepo :: UpdatePresence(twitch, 5), 0.0342ms
[2026-03-21 09:37:31.283 DBG] TwitchService :: Presence Timer :: Artificially updated presence with a threshold of 5 minutes (92.624ms)
[2026-03-21 09:38:31.196 DBG] ViewerRepo :: UpdatePresence(twitch, 5), 0.0368ms
[2026-03-21 09:38:31.286 DBG] TwitchService :: Presence Timer :: Artificially updated presence with a threshold of 5 minutes (90.7176ms)
[2026-03-21 09:39:15.135 DBG] Credits :: Time to save 16.6801ms
[2026-03-21 09:39:31.213 DBG] ViewerRepo :: UpdatePresence(twitch, 5), 0.0363ms
[2026-03-21 09:39:31.313 DBG] TwitchService :: Presence Timer :: Artificially updated presence with a threshold of 5 minutes (99.4875ms)
[2026-03-21 09:40:05.355 DBG] AutoSave :: Auto saving settings...
[2026-03-21 09:40:05.375 DBG] Users :: Time to save 19.5978ms
[2026-03-21 09:40:05.399 DBG] Actions :: Time to save 23.7538ms
[2026-03-21 09:40:05.415 DBG] Commands :: Time to save 16.8743ms
[2026-03-21 09:40:05.432 DBG] Twitch Rewards :: Time to save 16.2051ms
[2026-03-21 09:40:05.446 DBG] Midi :: Time to save 13.6666ms
[2026-03-21 09:40:05.461 DBG] OBS Settings :: Time to save 15.5641ms
[2026-03-21 09:40:05.476 DBG] MeldStudio Settings :: Time to save 15.6192ms
[2026-03-21 09:40:05.491 DBG] Credits :: Time to save 14.216ms
[2026-03-21 09:40:05.507 DBG] Quotes :: Time to save 16.4273ms
[2026-03-21 09:40:05.578 DBG] Config :: Time to save 18.2921ms
[2026-03-21 09:40:09.749 DBG] ActionDispatcher :: Queueing 'Sub Goal' (361aa588-5f31-4e19-b8a5-099cae52479d, TimedAction) to 'Default' (00000000-0000-0000-0000-000000000000), with 11 arguments
[2026-03-21 09:40:09.749 DBG] ActionQueue :: 'Default' (00000000-0000-0000-0000-000000000000) :: Enqueue action 361aa588-5f31-4e19-b8a5-099cae52479d
[2026-03-21 09:40:09.749 DBG] ActionQueue :: 'Default' (00000000-0000-0000-0000-000000000000) :: Handling queue
[2026-03-21 09:40:09.749 DBG] ActionQueue :: 'Default' (00000000-0000-0000-0000-000000000000) :: Performing non-blocking 'Sub Goal' (361aa588-5f31-4e19-b8a5-099cae52479d, aa94b3ef-a9b2-4cb4-b81d-52b64dcd45c0)
[2026-03-21 09:40:31.220 DBG] ViewerRepo :: UpdatePresence(twitch, 5), 0.0368ms
[2026-03-21 09:40:31.313 DBG] TwitchService :: Presence Timer :: Artificially updated presence with a threshold of 5 minutes (92.6426ms)
[2026-03-21 09:41:31.233 DBG] ViewerRepo :: UpdatePresence(twitch, 5), 0.0375ms
[2026-03-21 09:41:31.326 DBG] TwitchService :: Presence Timer :: Artificially updated presence with a threshold of 5 minutes (93.6536ms)
[2026-03-21 09:42:31.240 DBG] ViewerRepo :: UpdatePresence(twitch, 5), 0.0346ms
[2026-03-21 09:42:31.331 DBG] TwitchService :: Presence Timer :: Artificially updated presence with a threshold of 5 minutes (91.6568ms)
[2026-03-21 09:43:31.253 DBG] ViewerRepo :: UpdatePresence(twitch, 5), 0.0707ms
[2026-03-21 09:43:31.348 DBG] TwitchService :: Presence Timer :: Artificially updated presence with a threshold of 5 minutes (95.3035ms)
[2026-03-21 09:44:15.138 DBG] Credits :: Time to save 14.6011ms
[2026-03-21 09:44:31.267 DBG] ViewerRepo :: UpdatePresence(twitch, 5), 0.0354ms
[2026-03-21 09:44:31.364 DBG] TwitchService :: Presence Timer :: Artificially updated presence with a threshold of 5 minutes (96.9326ms)
[2026-03-21 09:45:05.613 DBG] AutoSave :: Auto saving settings...
[2026-03-21 09:45:05.630 DBG] Users :: Time to save 17.9421ms
[2026-03-21 09:45:05.653 DBG] Actions :: Time to save 23.1618ms
[2026-03-21 09:45:05.668 DBG] Commands :: Time to save 14.4644ms
[2026-03-21 09:45:05.685 DBG] Twitch Rewards :: Time to save 16.2752ms
[2026-03-21 09:45:05.698 DBG] Midi :: Time to save 13.4089ms
[2026-03-21 09:45:05.711 DBG] OBS Settings :: Time to save 13.2043ms
[2026-03-21 09:45:05.726 DBG] MeldStudio Settings :: Time to save 14.2062ms
[2026-03-21 09:45:05.740 DBG] Credits :: Time to save 14.7465ms
[2026-03-21 09:45:05.753 DBG] Quotes :: Time to save 12.5734ms
[2026-03-21 09:45:05.835 DBG] Config :: Time to save 18.6642ms
[2026-03-21 09:45:31.279 DBG] ViewerRepo :: UpdatePresence(twitch, 5), 0.0436ms
[2026-03-21 09:45:31.374 DBG] TwitchService :: Presence Timer :: Artificially updated presence with a threshold of 5 minutes (94.4847ms)
[2026-03-21 09:46:31.293 DBG] ViewerRepo :: UpdatePresence(twitch, 5), 0.0361ms
[2026-03-21 09:46:31.385 DBG] TwitchService :: Presence Timer :: Artificially updated presence with a threshold of 5 minutes (92.254ms)
[2026-03-21 09:47:31.303 DBG] ViewerRepo :: UpdatePresence(twitch, 5), 0.0393ms
[2026-03-21 09:47:31.401 DBG] TwitchService :: Presence Timer :: Artificially updated presence with a threshold of 5 minutes (97.5238ms)
[2026-03-21 09:48:31.317 DBG] ViewerRepo :: UpdatePresence(twitch, 5), 0.0412ms
[2026-03-21 09:48:31.411 DBG] TwitchService :: Presence Timer :: Artificially updated presence with a threshold of 5 minutes (94.7295ms)
[2026-03-21 09:49:15.148 DBG] Credits :: Time to save 15.9322ms
[2026-03-21 09:49:31.329 DBG] ViewerRepo :: UpdatePresence(twitch, 5), 0.0365ms
[2026-03-21 09:49:31.429 DBG] TwitchService :: Presence Timer :: Artificially updated presence with a threshold of 5 minutes (99.5378ms)
[2026-03-21 09:50:05.818 DBG] AutoSave :: Auto saving settings...
[2026-03-21 09:50:05.830 DBG] Users :: Time to save 11.9572ms
[2026-03-21 09:50:05.852 DBG] Actions :: Time to save 21.6164ms
[2026-03-21 09:50:05.863 DBG] Commands :: Time to save 11.0032ms
[2026-03-21 09:50:05.876 DBG] Twitch Rewards :: Time to save 12.8621ms
[2026-03-21 09:50:05.890 DBG] Midi :: Time to save 13.9892ms
[2026-03-21 09:50:05.905 DBG] OBS Settings :: Time to save 14.2498ms
[2026-03-21 09:50:05.918 DBG] MeldStudio Settings :: Time to save 13.2127ms
[2026-03-21 09:50:05.928 DBG] Credits :: Time to save 10.1492ms
[2026-03-21 09:50:05.942 DBG] Quotes :: Time to save 14.6339ms
[2026-03-21 09:50:06.039 DBG] Config :: Time to save 16.2335ms
[2026-03-21 09:50:10.635 DBG] ActionDispatcher :: Queueing 'Sub Goal' (361aa588-5f31-4e19-b8a5-099cae52479d, TimedAction) to 'Default' (00000000-0000-0000-0000-000000000000), with 11 arguments
[2026-03-21 09:50:10.635 DBG] ActionQueue :: 'Default' (00000000-0000-0000-0000-000000000000) :: Enqueue action 361aa588-5f31-4e19-b8a5-099cae52479d
[2026-03-21 09:50:10.635 DBG] ActionQueue :: 'Default' (00000000-0000-0000-0000-000000000000) :: Handling queue
[2026-03-21 09:50:10.635 DBG] ActionQueue :: 'Default' (00000000-0000-0000-0000-000000000000) :: Performing non-blocking 'Sub Goal' (361aa588-5f31-4e19-b8a5-099cae52479d, 21cc31d0-56ee-4c94-8fdb-eec230b20559)
[2026-03-21 09:50:31.353 DBG] ViewerRepo :: UpdatePresence(twitch, 5), 0.0347ms
[2026-03-21 09:50:31.449 DBG] TwitchService :: Presence Timer :: Artificially updated presence with a threshold of 5 minutes (96.3287ms)
[2026-03-21 09:51:31.357 DBG] ViewerRepo :: UpdatePresence(twitch, 5), 0.0366ms
[2026-03-21 09:51:31.454 DBG] TwitchService :: Presence Timer :: Artificially updated presence with a threshold of 5 minutes (97.0714ms)
[2026-03-21 09:52:31.373 DBG] ViewerRepo :: UpdatePresence(twitch, 5), 0.0338ms
[2026-03-21 09:52:31.469 DBG] TwitchService :: Presence Timer :: Artificially updated presence with a threshold of 5 minutes (96.424ms)
[2026-03-21 09:53:31.388 DBG] ViewerRepo :: UpdatePresence(twitch, 5), 0.0373ms
[2026-03-21 09:53:31.480 DBG] TwitchService :: Presence Timer :: Artificially updated presence with a threshold of 5 minutes (92.0843ms)
[2026-03-21 09:54:15.161 DBG] Credits :: Time to save 13.5218ms
[2026-03-21 09:54:31.417 DBG] ViewerRepo :: UpdatePresence(twitch, 5), 0.0368ms
[2026-03-21 09:54:31.511 DBG] TwitchService :: Presence Timer :: Artificially updated presence with a threshold of 5 minutes (93.7322ms)
[2026-03-21 09:55:06.033 DBG] AutoSave :: Auto saving settings...
[2026-03-21 09:55:06.045 DBG] Users :: Time to save 12.768ms
[2026-03-21 09:55:06.068 DBG] Actions :: Time to save 22.4179ms
[2026-03-21 09:55:06.083 DBG] Commands :: Time to save 14.8362ms
[2026-03-21 09:55:06.097 DBG] Twitch Rewards :: Time to save 15.5647ms
[2026-03-21 09:55:06.112 DBG] Midi :: Time to save 13.9099ms
[2026-03-21 09:55:06.125 DBG] OBS Settings :: Time to save 13.814ms
[2026-03-21 09:55:06.140 DBG] MeldStudio Settings :: Time to save 13.7025ms
[2026-03-21 09:55:06.153 DBG] Credits :: Time to save 13.2677ms
[2026-03-21 09:55:06.168 DBG] Quotes :: Time to save 15.1351ms
[2026-03-21 09:55:06.252 DBG] Config :: Time to save 17.8782ms
[2026-03-21 09:55:31.422 DBG] ViewerRepo :: UpdatePresence(twitch, 5), 0.0362ms
[2026-03-21 09:55:31.518 DBG] TwitchService :: Presence Timer :: Artificially updated presence with a threshold of 5 minutes (97.1888ms)
[2026-03-21 09:56:31.429 DBG] ViewerRepo :: UpdatePresence(twitch, 5), 0.0353ms
[2026-03-21 09:56:31.522 DBG] TwitchService :: Presence Timer :: Artificially updated presence with a threshold of 5 minutes (93.4232ms)
[2026-03-21 09:57:31.437 DBG] ViewerRepo :: UpdatePresence(twitch, 5), 0.037ms
[2026-03-21 09:57:31.529 DBG] TwitchService :: Presence Timer :: Artificially updated presence with a threshold of 5 minutes (91.7822ms)
[2026-03-21 09:58:31.448 DBG] ViewerRepo :: UpdatePresence(twitch, 5), 0.0343ms
[2026-03-21 09:58:31.540 DBG] TwitchService :: Presence Timer :: Artificially updated presence with a threshold of 5 minutes (93.0933ms)
[2026-03-21 09:59:15.169 DBG] Credits :: Time to save 15.0579ms
[2026-03-21 09:59:31.450 DBG] ViewerRepo :: UpdatePresence(twitch, 5), 0.0359ms
[2026-03-21 09:59:31.542 DBG] TwitchService :: Presence Timer :: Artificially updated presence with a threshold of 5 minutes (91.7621ms)
[2026-03-21 10:00:06.247 DBG] AutoSave :: Auto saving settings...
[2026-03-21 10:00:06.265 DBG] Users :: Time to save 17.9388ms
[2026-03-21 10:00:06.281 DBG] Actions :: Time to save 15.7605ms
[2026-03-21 10:00:06.295 DBG] Commands :: Time to save 14.5625ms
[2026-03-21 10:00:06.311 DBG] Twitch Rewards :: Time to save 15.3802ms
[2026-03-21 10:00:06.323 DBG] Midi :: Time to save 12.506ms
[2026-03-21 10:00:06.336 DBG] OBS Settings :: Time to save 12.9041ms
[2026-03-21 10:00:06.349 DBG] MeldStudio Settings :: Time to save 11.6012ms
[2026-03-21 10:00:06.358 DBG] Credits :: Time to save 9.3468ms
[2026-03-21 10:00:06.372 DBG] Quotes :: Time to save 14.3969ms
[2026-03-21 10:00:06.462 DBG] Config :: Time to save 12.9951ms
[2026-03-21 10:00:11.461 DBG] ActionDispatcher :: Queueing 'Sub Goal' (361aa588-5f31-4e19-b8a5-099cae52479d, TimedAction) to 'Default' (00000000-0000-0000-0000-000000000000), with 11 arguments
[2026-03-21 10:00:11.461 DBG] ActionQueue :: 'Default' (00000000-0000-0000-0000-000000000000) :: Enqueue action 361aa588-5f31-4e19-b8a5-099cae52479d
[2026-03-21 10:00:11.461 DBG] ActionQueue :: 'Default' (00000000-0000-0000-0000-000000000000) :: Handling queue
[2026-03-21 10:00:11.461 DBG] ActionQueue :: 'Default' (00000000-0000-0000-0000-000000000000) :: Performing non-blocking 'Sub Goal' (361aa588-5f31-4e19-b8a5-099cae52479d, 316d1278-40fe-42d6-8b23-c5760281f3fc)
[2026-03-21 10:00:31.466 DBG] ViewerRepo :: UpdatePresence(twitch, 5), 0.0348ms
[2026-03-21 10:00:31.561 DBG] TwitchService :: Presence Timer :: Artificially updated presence with a threshold of 5 minutes (95.4265ms)
[2026-03-21 10:01:31.469 DBG] ViewerRepo :: UpdatePresence(twitch, 5), 0.0346ms
[2026-03-21 10:01:31.559 DBG] TwitchService :: Presence Timer :: Artificially updated presence with a threshold of 5 minutes (90.5677ms)
[2026-03-21 10:02:31.483 DBG] ViewerRepo :: UpdatePresence(twitch, 5), 0.0339ms
[2026-03-21 10:02:31.577 DBG] TwitchService :: Presence Timer :: Artificially updated presence with a threshold of 5 minutes (95.5314ms)
[2026-03-21 10:03:31.485 DBG] ViewerRepo :: UpdatePresence(twitch, 5), 0.0368ms
[2026-03-21 10:03:31.573 DBG] TwitchService :: Presence Timer :: Artificially updated presence with a threshold of 5 minutes (88.8765ms)
[2026-03-21 10:04:15.185 DBG] Credits :: Time to save 16.2992ms
[2026-03-21 10:04:31.499 DBG] ViewerRepo :: UpdatePresence(twitch, 5), 0.0363ms
[2026-03-21 10:04:31.591 DBG] TwitchService :: Presence Timer :: Artificially updated presence with a threshold of 5 minutes (91.7331ms)
[2026-03-21 10:05:06.479 DBG] AutoSave :: Auto saving settings...
[2026-03-21 10:05:06.497 DBG] Users :: Time to save 17.8324ms
[2026-03-21 10:05:06.520 DBG] Actions :: Time to save 23.442ms
[2026-03-21 10:05:06.537 DBG] Commands :: Time to save 16.6899ms
[2026-03-21 10:05:06.549 DBG] Twitch Rewards :: Time to save 11.9438ms
[2026-03-21 10:05:06.562 DBG] Midi :: Time to save 13.4345ms
[2026-03-21 10:05:06.574 DBG] OBS Settings :: Time to save 11.2424ms
[2026-03-21 10:05:06.588 DBG] MeldStudio Settings :: Time to save 14.5412ms
[2026-03-21 10:05:06.602 DBG] Credits :: Time to save 13.2928ms
[2026-03-21 10:05:06.617 DBG] Quotes :: Time to save 14.9266ms
[2026-03-21 10:05:06.701 DBG] Config :: Time to save 18.8768ms
[2026-03-21 10:05:31.507 DBG] ViewerRepo :: UpdatePresence(twitch, 5), 0.0337ms
[2026-03-21 10:05:31.606 DBG] TwitchService :: Presence Timer :: Artificially updated presence with a threshold of 5 minutes (99.1922ms)
[2026-03-21 10:06:31.521 DBG] ViewerRepo :: UpdatePresence(twitch, 5), 0.0368ms
[2026-03-21 10:06:31.616 DBG] TwitchService :: Presence Timer :: Artificially updated presence with a threshold of 5 minutes (94.1879ms)
[2026-03-21 10:07:31.529 DBG] ViewerRepo :: UpdatePresence(twitch, 5), 0.0378ms
[2026-03-21 10:07:31.628 DBG] TwitchService :: Presence Timer :: Artificially updated presence with a threshold of 5 minutes (99.2167ms)
[2026-03-21 10:08:31.539 DBG] ViewerRepo :: UpdatePresence(twitch, 5), 0.0364ms
[2026-03-21 10:08:31.635 DBG] TwitchService :: Presence Timer :: Artificially updated presence with a threshold of 5 minutes (97.2127ms)
[2026-03-21 10:09:15.194 DBG] Credits :: Time to save 11.3411ms
[2026-03-21 10:09:31.545 DBG] ViewerRepo :: UpdatePresence(twitch, 5), 0.0369ms
[2026-03-21 10:09:31.639 DBG] TwitchService :: Presence Timer :: Artificially updated presence with a threshold of 5 minutes (94.1988ms)
[2026-03-21 10:10:06.729 DBG] AutoSave :: Auto saving settings...
[2026-03-21 10:10:06.746 DBG] Users :: Time to save 17.6372ms
[2026-03-21 10:10:06.768 DBG] Actions :: Time to save 21.1071ms
[2026-03-21 10:10:06.779 DBG] Commands :: Time to save 11.3049ms
[2026-03-21 10:10:06.795 DBG] Twitch Rewards :: Time to save 15.9436ms
[2026-03-21 10:10:06.808 DBG] Midi :: Time to save 13.2206ms
[2026-03-21 10:10:06.824 DBG] OBS Settings :: Time to save 15.659ms
[2026-03-21 10:10:06.837 DBG] MeldStudio Settings :: Time to save 13.023ms
[2026-03-21 10:10:06.851 DBG] Credits :: Time to save 13.2981ms
[2026-03-21 10:10:06.866 DBG] Quotes :: Time to save 15.3264ms
[2026-03-21 10:10:06.949 DBG] Config :: Time to save 16.832ms
[2026-03-21 10:10:12.012 DBG] ActionDispatcher :: Queueing 'Sub Goal' (361aa588-5f31-4e19-b8a5-099cae52479d, TimedAction) to 'Default' (00000000-0000-0000-0000-000000000000), with 11 arguments
[2026-03-21 10:10:12.012 DBG] ActionQueue :: 'Default' (00000000-0000-0000-0000-000000000000) :: Enqueue action 361aa588-5f31-4e19-b8a5-099cae52479d
[2026-03-21 10:10:12.012 DBG] ActionQueue :: 'Default' (00000000-0000-0000-0000-000000000000) :: Handling queue
[2026-03-21 10:10:12.012 DBG] ActionQueue :: 'Default' (00000000-0000-0000-0000-000000000000) :: Performing non-blocking 'Sub Goal' (361aa588-5f31-4e19-b8a5-099cae52479d, 06f92558-edde-4e5f-8ab9-5c663a4e2a1c)
[2026-03-21 10:10:31.555 DBG] ViewerRepo :: UpdatePresence(twitch, 5), 0.035ms
[2026-03-21 10:10:31.648 DBG] TwitchService :: Presence Timer :: Artificially updated presence with a threshold of 5 minutes (93.0493ms)
[2026-03-21 10:11:31.568 DBG] ViewerRepo :: UpdatePresence(twitch, 5), 0.0474ms
[2026-03-21 10:11:31.663 DBG] TwitchService :: Presence Timer :: Artificially updated presence with a threshold of 5 minutes (94.4022ms)
[2026-03-21 10:12:31.580 DBG] ViewerRepo :: UpdatePresence(twitch, 5), 0.0497ms
[2026-03-21 10:12:31.674 DBG] TwitchService :: Presence Timer :: Artificially updated presence with a threshold of 5 minutes (93.9063ms)
[2026-03-21 10:13:31.586 DBG] ViewerRepo :: UpdatePresence(twitch, 5), 0.0359ms
[2026-03-21 10:13:31.684 DBG] TwitchService :: Presence Timer :: Artificially updated presence with a threshold of 5 minutes (98.8439ms)
[2026-03-21 10:14:15.207 DBG] Credits :: Time to save 15.7307ms
[2026-03-21 10:14:31.597 DBG] ViewerRepo :: UpdatePresence(twitch, 5), 0.0352ms
[2026-03-21 10:14:31.694 DBG] TwitchService :: Presence Timer :: Artificially updated presence with a threshold of 5 minutes (97.356ms)
[2026-03-21 10:15:06.955 DBG] AutoSave :: Auto saving settings...
[2026-03-21 10:15:06.969 DBG] Users :: Time to save 13.8364ms
[2026-03-21 10:15:06.986 DBG] Actions :: Time to save 16.5242ms
[2026-03-21 10:15:06.997 DBG] Commands :: Time to save 11.1544ms
[2026-03-21 10:15:07.011 DBG] Twitch Rewards :: Time to save 13.9781ms
[2026-03-21 10:15:07.021 DBG] Midi :: Time to save 9.9371ms
[2026-03-21 10:15:07.030 DBG] OBS Settings :: Time to save 9.1653ms
[2026-03-21 10:15:07.043 DBG] MeldStudio Settings :: Time to save 13.0477ms
[2026-03-21 10:15:07.054 DBG] Credits :: Time to save 11.135ms
[2026-03-21 10:15:07.066 DBG] Quotes :: Time to save 10.8419ms
[2026-03-21 10:15:07.169 DBG] Config :: Time to save 12.7696ms
[2026-03-21 10:15:31.601 DBG] ViewerRepo :: UpdatePresence(twitch, 5), 0.0362ms
[2026-03-21 10:15:31.694 DBG] TwitchService :: Presence Timer :: Artificially updated presence with a threshold of 5 minutes (92.8528ms)
[2026-03-21 10:16:31.602 DBG] ViewerRepo :: UpdatePresence(twitch, 5), 0.0372ms
[2026-03-21 10:16:31.694 DBG] TwitchService :: Presence Timer :: Artificially updated presence with a threshold of 5 minutes (91.8725ms)
[2026-03-21 10:17:31.609 DBG] ViewerRepo :: UpdatePresence(twitch, 5), 0.0366ms
[2026-03-21 10:17:31.700 DBG] TwitchService :: Presence Timer :: Artificially updated presence with a threshold of 5 minutes (91.069ms)
[2026-03-21 10:18:31.620 DBG] ViewerRepo :: UpdatePresence(twitch, 5), 0.0351ms
[2026-03-21 10:18:31.717 DBG] TwitchService :: Presence Timer :: Artificially updated presence with a threshold of 5 minutes (97.8576ms)
[2026-03-21 10:19:15.220 DBG] Credits :: Time to save 15.9312ms
[2026-03-21 10:19:31.622 DBG] ViewerRepo :: UpdatePresence(twitch, 5), 0.0374ms
[2026-03-21 10:19:31.718 DBG] TwitchService :: Presence Timer :: Artificially updated presence with a threshold of 5 minutes (96.7257ms)
[2026-03-21 10:20:07.154 DBG] AutoSave :: Auto saving settings...
[2026-03-21 10:20:07.172 DBG] Users :: Time to save 18.1019ms
[2026-03-21 10:20:07.194 DBG] Actions :: Time to save 21.5353ms
[2026-03-21 10:20:07.209 DBG] Commands :: Time to save 15.4311ms
[2026-03-21 10:20:07.221 DBG] Twitch Rewards :: Time to save 12.4477ms
[2026-03-21 10:20:07.233 DBG] Midi :: Time to save 11.1559ms
[2026-03-21 10:20:07.247 DBG] OBS Settings :: Time to save 14.8139ms
[2026-03-21 10:20:07.261 DBG] MeldStudio Settings :: Time to save 14.0434ms
[2026-03-21 10:20:07.274 DBG] Credits :: Time to save 12.97ms
[2026-03-21 10:20:07.289 DBG] Quotes :: Time to save 14.8111ms
[2026-03-21 10:20:07.375 DBG] Config :: Time to save 17.3646ms
[2026-03-21 10:20:12.617 DBG] ActionDispatcher :: Queueing 'Sub Goal' (361aa588-5f31-4e19-b8a5-099cae52479d, TimedAction) to 'Default' (00000000-0000-0000-0000-000000000000), with 11 arguments
[2026-03-21 10:20:12.617 DBG] ActionQueue :: 'Default' (00000000-0000-0000-0000-000000000000) :: Enqueue action 361aa588-5f31-4e19-b8a5-099cae52479d
[2026-03-21 10:20:12.617 DBG] ActionQueue :: 'Default' (00000000-0000-0000-0000-000000000000) :: Handling queue
[2026-03-21 10:20:12.617 DBG] ActionQueue :: 'Default' (00000000-0000-0000-0000-000000000000) :: Performing non-blocking 'Sub Goal' (361aa588-5f31-4e19-b8a5-099cae52479d, ed70b09e-5a6e-447d-ae32-85cfffc13ec6)
[2026-03-21 10:20:31.624 DBG] ViewerRepo :: UpdatePresence(twitch, 5), 0.0361ms
[2026-03-21 10:20:32.209 DBG] TwitchService :: Presence Timer :: Artificially updated presence with a threshold of 5 minutes (585.4911ms)
[2026-03-21 10:21:31.633 DBG] ViewerRepo :: UpdatePresence(twitch, 5), 0.0356ms
[2026-03-21 10:21:31.723 DBG] TwitchService :: Presence Timer :: Artificially updated presence with a threshold of 5 minutes (91.2786ms)
[2026-03-21 10:22:31.634 DBG] ViewerRepo :: UpdatePresence(twitch, 5), 0.0485ms
[2026-03-21 10:22:31.730 DBG] TwitchService :: Presence Timer :: Artificially updated presence with a threshold of 5 minutes (96.3033ms)
[2026-03-21 10:23:31.643 DBG] ViewerRepo :: UpdatePresence(twitch, 5), 0.0365ms
[2026-03-21 10:23:31.737 DBG] TwitchService :: Presence Timer :: Artificially updated presence with a threshold of 5 minutes (94.0404ms)
[2026-03-21 10:24:15.233 DBG] Credits :: Time to save 15.1927ms
[2026-03-21 10:24:31.648 DBG] ViewerRepo :: UpdatePresence(twitch, 5), 0.0485ms
[2026-03-21 10:24:31.745 DBG] TwitchService :: Presence Timer :: Artificially updated presence with a threshold of 5 minutes (97.4199ms)
[2026-03-21 10:25:07.389 DBG] AutoSave :: Auto saving settings...
[2026-03-21 10:25:07.404 DBG] Users :: Time to save 15.3418ms
[2026-03-21 10:25:07.428 DBG] Actions :: Time to save 23.8481ms
[2026-03-21 10:25:07.444 DBG] Commands :: Time to save 15.9179ms
[2026-03-21 10:25:07.461 DBG] Twitch Rewards :: Time to save 17.1255ms
[2026-03-21 10:25:07.477 DBG] Midi :: Time to save 14.9655ms
[2026-03-21 10:25:07.491 DBG] OBS Settings :: Time to save 14.5549ms
[2026-03-21 10:25:07.501 DBG] MeldStudio Settings :: Time to save 10.2216ms
[2026-03-21 10:25:07.510 DBG] Credits :: Time to save 8.8954ms
[2026-03-21 10:25:07.523 DBG] Quotes :: Time to save 13.5167ms
[2026-03-21 10:25:07.604 DBG] Config :: Time to save 12.3307ms
[2026-03-21 10:25:31.653 DBG] ViewerRepo :: UpdatePresence(twitch, 5), 0.0376ms
[2026-03-21 10:25:31.743 DBG] TwitchService :: Presence Timer :: Artificially updated presence with a threshold of 5 minutes (90.8193ms)
[2026-03-21 10:26:31.666 DBG] ViewerRepo :: UpdatePresence(twitch, 5), 0.037ms
[2026-03-21 10:26:31.762 DBG] TwitchService :: Presence Timer :: Artificially updated presence with a threshold of 5 minutes (96.2372ms)
[2026-03-21 10:27:31.672 DBG] ViewerRepo :: UpdatePresence(twitch, 5), 0.035ms
[2026-03-21 10:27:31.765 DBG] TwitchService :: Presence Timer :: Artificially updated presence with a threshold of 5 minutes (93.5589ms)
[2026-03-21 10:28:31.680 DBG] ViewerRepo :: UpdatePresence(twitch, 5), 0.0349ms
[2026-03-21 10:28:31.774 DBG] TwitchService :: Presence Timer :: Artificially updated presence with a threshold of 5 minutes (94.3772ms)
[2026-03-21 10:29:15.233 DBG] Credits :: Time to save 14.9524ms
[2026-03-21 10:29:31.691 DBG] ViewerRepo :: UpdatePresence(twitch, 5), 0.0546ms
[2026-03-21 10:29:31.783 DBG] TwitchService :: Presence Timer :: Artificially updated presence with a threshold of 5 minutes (92.3515ms)
[2026-03-21 10:30:07.599 DBG] AutoSave :: Auto saving settings...
[2026-03-21 10:30:07.617 DBG] Users :: Time to save 17.8724ms
[2026-03-21 10:30:07.642 DBG] Actions :: Time to save 25.2391ms
[2026-03-21 10:30:07.660 DBG] Commands :: Time to save 17.4241ms
[2026-03-21 10:30:07.675 DBG] Twitch Rewards :: Time to save 15.1444ms
[2026-03-21 10:30:07.689 DBG] Midi :: Time to save 13.6151ms
[2026-03-21 10:30:07.702 DBG] OBS Settings :: Time to save 13.855ms
[2026-03-21 10:30:07.714 DBG] MeldStudio Settings :: Time to save 11.8983ms
[2026-03-21 10:30:07.725 DBG] Credits :: Time to save 10.895ms
[2026-03-21 10:30:07.739 DBG] Quotes :: Time to save 13.5054ms
[2026-03-21 10:30:07.819 DBG] Config :: Time to save 18.6466ms
[2026-03-21 10:30:13.312 DBG] ActionDispatcher :: Queueing 'Sub Goal' (361aa588-5f31-4e19-b8a5-099cae52479d, TimedAction) to 'Default' (00000000-0000-0000-0000-000000000000), with 11 arguments
[2026-03-21 10:30:13.312 DBG] ActionQueue :: 'Default' (00000000-0000-0000-0000-000000000000) :: Enqueue action 361aa588-5f31-4e19-b8a5-099cae52479d
[2026-03-21 10:30:13.312 DBG] ActionQueue :: 'Default' (00000000-0000-0000-0000-000000000000) :: Handling queue
[2026-03-21 10:30:13.312 DBG] ActionQueue :: 'Default' (00000000-0000-0000-0000-000000000000) :: Performing non-blocking 'Sub Goal' (361aa588-5f31-4e19-b8a5-099cae52479d, c6a12386-317e-4f76-8e47-42f107433cb9)
[2026-03-21 10:30:31.700 DBG] ViewerRepo :: UpdatePresence(twitch, 5), 0.0377ms
[2026-03-21 10:30:31.792 DBG] TwitchService :: Presence Timer :: Artificially updated presence with a threshold of 5 minutes (92.7804ms)
[2026-03-21 10:31:31.715 DBG] ViewerRepo :: UpdatePresence(twitch, 5), 0.0359ms
[2026-03-21 10:31:31.810 DBG] TwitchService :: Presence Timer :: Artificially updated presence with a threshold of 5 minutes (95.2394ms)
[2026-03-21 10:32:31.718 DBG] ViewerRepo :: UpdatePresence(twitch, 5), 0.0439ms
[2026-03-21 10:32:31.811 DBG] TwitchService :: Presence Timer :: Artificially updated presence with a threshold of 5 minutes (93.4643ms)
[2026-03-21 10:33:31.722 DBG] ViewerRepo :: UpdatePresence(twitch, 5), 0.051ms
[2026-03-21 10:33:31.817 DBG] TwitchService :: Presence Timer :: Artificially updated presence with a threshold of 5 minutes (95.0526ms)
[2026-03-21 10:34:15.236 DBG] Credits :: Time to save 14.5774ms
[2026-03-21 10:34:31.734 DBG] ViewerRepo :: UpdatePresence(twitch, 5), 0.0344ms
[2026-03-21 10:34:31.833 DBG] TwitchService :: Presence Timer :: Artificially updated presence with a threshold of 5 minutes (98.9302ms)
[2026-03-21 10:35:07.860 DBG] AutoSave :: Auto saving settings...
[2026-03-21 10:35:07.878 DBG] Users :: Time to save 17.8343ms
[2026-03-21 10:35:07.893 DBG] Actions :: Time to save 16.1223ms
[2026-03-21 10:35:07.904 DBG] Commands :: Time to save 10.791ms
[2026-03-21 10:35:07.918 DBG] Twitch Rewards :: Time to save 13.775ms
[2026-03-21 10:35:07.930 DBG] Midi :: Time to save 11.3861ms
[2026-03-21 10:35:07.939 DBG] OBS Settings :: Time to save 9.4281ms
[2026-03-21 10:35:07.952 DBG] MeldStudio Settings :: Time to save 12.8534ms
[2026-03-21 10:35:07.965 DBG] Credits :: Time to save 12.595ms
[2026-03-21 10:35:07.979 DBG] Quotes :: Time to save 14.0349ms
[2026-03-21 10:35:08.077 DBG] Config :: Time to save 13.2158ms
[2026-03-21 10:35:31.746 DBG] ViewerRepo :: UpdatePresence(twitch, 5), 0.0352ms
[2026-03-21 10:35:31.837 DBG] TwitchService :: Presence Timer :: Artificially updated presence with a threshold of 5 minutes (90.8451ms)
[2026-03-21 10:36:31.749 DBG] ViewerRepo :: UpdatePresence(twitch, 5), 0.0355ms
[2026-03-21 10:36:31.843 DBG] TwitchService :: Presence Timer :: Artificially updated presence with a threshold of 5 minutes (94.4003ms)
[2026-03-21 10:37:31.760 DBG] ViewerRepo :: UpdatePresence(twitch, 5), 0.0344ms
[2026-03-21 10:37:31.859 DBG] TwitchService :: Presence Timer :: Artificially updated presence with a threshold of 5 minutes (99.5694ms)
[2026-03-21 10:38:31.764 DBG] ViewerRepo :: UpdatePresence(twitch, 5), 0.0367ms
[2026-03-21 10:38:31.858 DBG] TwitchService :: Presence Timer :: Artificially updated presence with a threshold of 5 minutes (94.5339ms)
[2026-03-21 10:39:15.238 DBG] Credits :: Time to save 13.0645ms
[2026-03-21 10:39:31.776 DBG] ViewerRepo :: UpdatePresence(twitch, 5), 0.0361ms
[2026-03-21 10:39:31.877 DBG] TwitchService :: Presence Timer :: Artificially updated presence with a threshold of 5 minutes (100.4008ms)
[2026-03-21 10:40:08.091 DBG] AutoSave :: Auto saving settings...
[2026-03-21 10:40:08.109 DBG] Users :: Time to save 18.4514ms
[2026-03-21 10:40:08.130 DBG] Actions :: Time to save 21.87ms
[2026-03-21 10:40:08.146 DBG] Commands :: Time to save 15.4498ms
[2026-03-21 10:40:08.162 DBG] Twitch Rewards :: Time to save 15.3594ms
[2026-03-21 10:40:08.172 DBG] Midi :: Time to save 9.9283ms
[2026-03-21 10:40:08.181 DBG] OBS Settings :: Time to save 9.6178ms
[2026-03-21 10:40:08.194 DBG] MeldStudio Settings :: Time to save 12.7101ms
[2026-03-21 10:40:08.205 DBG] Credits :: Time to save 10.9653ms
[2026-03-21 10:40:08.218 DBG] Quotes :: Time to save 12.6928ms
[2026-03-21 10:40:08.313 DBG] Config :: Time to save 19.159ms
[2026-03-21 10:40:13.842 DBG] ActionDispatcher :: Queueing 'Sub Goal' (361aa588-5f31-4e19-b8a5-099cae52479d, TimedAction) to 'Default' (00000000-0000-0000-0000-000000000000), with 11 arguments
[2026-03-21 10:40:13.842 DBG] ActionQueue :: 'Default' (00000000-0000-0000-0000-000000000000) :: Enqueue action 361aa588-5f31-4e19-b8a5-099cae52479d
[2026-03-21 10:40:13.842 DBG] ActionQueue :: 'Default' (00000000-0000-0000-0000-000000000000) :: Handling queue
[2026-03-21 10:40:13.842 DBG] ActionQueue :: 'Default' (00000000-0000-0000-0000-000000000000) :: Performing non-blocking 'Sub Goal' (361aa588-5f31-4e19-b8a5-099cae52479d, d63aaa2e-b3fe-43ac-b779-0f9b7792f6b5)
[2026-03-21 10:40:31.788 DBG] ViewerRepo :: UpdatePresence(twitch, 5), 0.0349ms
[2026-03-21 10:40:31.859 DBG] TwitchService :: Presence Timer :: Artificially updated presence with a threshold of 5 minutes (71.1176ms)
[2026-03-21 10:41:31.792 DBG] ViewerRepo :: UpdatePresence(twitch, 5), 0.0363ms
[2026-03-21 10:41:31.848 DBG] TwitchService :: Presence Timer :: Artificially updated presence with a threshold of 5 minutes (56.4965ms)
[2026-03-21 10:42:31.793 DBG] ViewerRepo :: UpdatePresence(twitch, 5), 0.0383ms
[2026-03-21 10:42:31.847 DBG] TwitchService :: Presence Timer :: Artificially updated presence with a threshold of 5 minutes (54.522ms)
[2026-03-21 10:43:31.797 DBG] ViewerRepo :: UpdatePresence(twitch, 5), 0.0368ms
[2026-03-21 10:43:31.852 DBG] TwitchService :: Presence Timer :: Artificially updated presence with a threshold of 5 minutes (55.7558ms)
[2026-03-21 10:44:15.251 DBG] Credits :: Time to save 14.4433ms
[2026-03-21 10:44:31.802 DBG] ViewerRepo :: UpdatePresence(twitch, 5), 0.036ms
[2026-03-21 10:44:31.858 DBG] TwitchService :: Presence Timer :: Artificially updated presence with a threshold of 5 minutes (55.2582ms)
[2026-03-21 10:45:08.295 DBG] AutoSave :: Auto saving settings...
[2026-03-21 10:45:08.308 DBG] Users :: Time to save 13.0636ms
[2026-03-21 10:45:08.329 DBG] Actions :: Time to save 21.9204ms
[2026-03-21 10:45:08.340 DBG] Commands :: Time to save 10.7967ms
[2026-03-21 10:45:08.355 DBG] Twitch Rewards :: Time to save 14.799ms
[2026-03-21 10:45:08.368 DBG] Midi :: Time to save 12.6839ms
[2026-03-21 10:45:08.379 DBG] OBS Settings :: Time to save 11.1281ms
[2026-03-21 10:45:08.393 DBG] MeldStudio Settings :: Time to save 13.8843ms
[2026-03-21 10:45:08.402 DBG] Credits :: Time to save 9.0617ms
[2026-03-21 10:45:08.417 DBG] Quotes :: Time to save 14.9705ms
[2026-03-21 10:45:08.514 DBG] Config :: Time to save 17.1191ms
[2026-03-21 10:45:31.815 DBG] ViewerRepo :: UpdatePresence(twitch, 5), 0.0362ms
[2026-03-21 10:45:31.874 DBG] TwitchService :: Presence Timer :: Artificially updated presence with a threshold of 5 minutes (58.7854ms)
[2026-03-21 10:46:31.830 DBG] ViewerRepo :: UpdatePresence(twitch, 5), 0.0363ms
[2026-03-21 10:46:31.885 DBG] TwitchService :: Presence Timer :: Artificially updated presence with a threshold of 5 minutes (55.2554ms)
[2026-03-21 10:47:31.845 DBG] ViewerRepo :: UpdatePresence(twitch, 5), 0.0371ms
[2026-03-21 10:47:31.902 DBG] TwitchService :: Presence Timer :: Artificially updated presence with a threshold of 5 minutes (57.0952ms)
[2026-03-21 10:48:31.861 DBG] ViewerRepo :: UpdatePresence(twitch, 5), 0.0371ms
[2026-03-21 10:48:31.915 DBG] TwitchService :: Presence Timer :: Artificially updated presence with a threshold of 5 minutes (53.6773ms)
[2026-03-21 10:49:15.262 DBG] Credits :: Time to save 16.662ms
[2026-03-21 10:49:31.867 DBG] ViewerRepo :: UpdatePresence(twitch, 5), 0.0367ms
[2026-03-21 10:49:31.925 DBG] TwitchService :: Presence Timer :: Artificially updated presence with a threshold of 5 minutes (57.6913ms)
[2026-03-21 10:50:08.524 DBG] AutoSave :: Auto saving settings...
[2026-03-21 10:50:08.541 DBG] Users :: Time to save 17.7971ms
[2026-03-21 10:50:08.563 DBG] Actions :: Time to save 22.4397ms
[2026-03-21 10:50:08.580 DBG] Commands :: Time to save 16.1481ms
[2026-03-21 10:50:08.594 DBG] Twitch Rewards :: Time to save 14.7057ms
[2026-03-21 10:50:08.604 DBG] Midi :: Time to save 9.4991ms
[2026-03-21 10:50:08.619 DBG] OBS Settings :: Time to save 14.989ms
[2026-03-21 10:50:08.632 DBG] MeldStudio Settings :: Time to save 12.9041ms
[2026-03-21 10:50:08.644 DBG] Credits :: Time to save 12.9841ms
[2026-03-21 10:50:08.661 DBG] Quotes :: Time to save 15.8509ms
[2026-03-21 10:50:08.746 DBG] Config :: Time to save 17.6453ms
[2026-03-21 10:50:14.617 DBG] ActionDispatcher :: Queueing 'Sub Goal' (361aa588-5f31-4e19-b8a5-099cae52479d, TimedAction) to 'Default' (00000000-0000-0000-0000-000000000000), with 11 arguments
[2026-03-21 10:50:14.617 DBG] ActionQueue :: 'Default' (00000000-0000-0000-0000-000000000000) :: Enqueue action 361aa588-5f31-4e19-b8a5-099cae52479d
[2026-03-21 10:50:14.617 DBG] ActionQueue :: 'Default' (00000000-0000-0000-0000-000000000000) :: Handling queue
[2026-03-21 10:50:14.617 DBG] ActionQueue :: 'Default' (00000000-0000-0000-0000-000000000000) :: Performing non-blocking 'Sub Goal' (361aa588-5f31-4e19-b8a5-099cae52479d, 7d7af576-22a4-4f37-ade7-e17f60911b70)
[2026-03-21 10:50:31.880 DBG] ViewerRepo :: UpdatePresence(twitch, 5), 0.0346ms
[2026-03-21 10:50:31.940 DBG] TwitchService :: Presence Timer :: Artificially updated presence with a threshold of 5 minutes (60.6477ms)
[2026-03-21 10:51:31.881 DBG] ViewerRepo :: UpdatePresence(twitch, 5), 0.035ms
[2026-03-21 10:51:31.938 DBG] TwitchService :: Presence Timer :: Artificially updated presence with a threshold of 5 minutes (57.0386ms)
[2026-03-21 10:52:31.895 DBG] ViewerRepo :: UpdatePresence(twitch, 5), 0.0366ms
[2026-03-21 10:52:31.950 DBG] TwitchService :: Presence Timer :: Artificially updated presence with a threshold of 5 minutes (54.6666ms)
[2026-03-21 10:53:31.897 DBG] ViewerRepo :: UpdatePresence(twitch, 5), 0.0374ms
[2026-03-21 10:53:31.952 DBG] TwitchService :: Presence Timer :: Artificially updated presence with a threshold of 5 minutes (55.1148ms)
[2026-03-21 10:54:15.264 DBG] Credits :: Time to save 15.2662ms
[2026-03-21 10:54:31.904 DBG] ViewerRepo :: UpdatePresence(twitch, 5), 0.0437ms
[2026-03-21 10:54:31.961 DBG] TwitchService :: Presence Timer :: Artificially updated presence with a threshold of 5 minutes (57.5206ms)
[2026-03-21 10:55:08.776 DBG] AutoSave :: Auto saving settings...
[2026-03-21 10:55:08.795 DBG] Users :: Time to save 18.7426ms
[2026-03-21 10:55:08.813 DBG] Actions :: Time to save 18.8543ms
[2026-03-21 10:55:08.829 DBG] Commands :: Time to save 15.8718ms
[2026-03-21 10:55:08.845 DBG] Twitch Rewards :: Time to save 15.5123ms
[2026-03-21 10:55:08.859 DBG] Midi :: Time to save 13.5388ms
[2026-03-21 10:55:08.873 DBG] OBS Settings :: Time to save 13.7219ms
[2026-03-21 10:55:08.886 DBG] MeldStudio Settings :: Time to save 13.5865ms
[2026-03-21 10:55:08.900 DBG] Credits :: Time to save 13.6386ms
[2026-03-21 10:55:08.912 DBG] Quotes :: Time to save 11.4451ms
[2026-03-21 10:55:08.998 DBG] Config :: Time to save 19.4694ms
[2026-03-21 10:55:31.911 DBG] ViewerRepo :: UpdatePresence(twitch, 5), 0.0465ms
[2026-03-21 10:55:31.963 DBG] TwitchService :: Presence Timer :: Artificially updated presence with a threshold of 5 minutes (52.3222ms)
[2026-03-21 10:56:31.914 DBG] ViewerRepo :: UpdatePresence(twitch, 5), 0.0336ms
[2026-03-21 10:56:31.968 DBG] TwitchService :: Presence Timer :: Artificially updated presence with a threshold of 5 minutes (53.9665ms)
[2026-03-21 10:57:31.925 DBG] ViewerRepo :: UpdatePresence(twitch, 5), 0.0372ms
[2026-03-21 10:57:31.979 DBG] TwitchService :: Presence Timer :: Artificially updated presence with a threshold of 5 minutes (53.6116ms)
[2026-03-21 10:58:31.939 DBG] ViewerRepo :: UpdatePresence(twitch, 5), 0.0349ms
[2026-03-21 10:58:31.991 DBG] TwitchService :: Presence Timer :: Artificially updated presence with a threshold of 5 minutes (53.2978ms)
[2026-03-21 10:59:15.275 DBG] Credits :: Time to save 18.4211ms
[2026-03-21 10:59:31.943 DBG] ViewerRepo :: UpdatePresence(twitch, 5), 0.0623ms
[2026-03-21 10:59:31.999 DBG] TwitchService :: Presence Timer :: Artificially updated presence with a threshold of 5 minutes (55.6119ms)
[2026-03-21 11:00:09.012 DBG] AutoSave :: Auto saving settings...
[2026-03-21 11:00:09.032 DBG] Users :: Time to save 19.9213ms
[2026-03-21 11:00:09.054 DBG] Actions :: Time to save 22.4403ms
[2026-03-21 11:00:09.070 DBG] Commands :: Time to save 16.6596ms
[2026-03-21 11:00:09.082 DBG] Twitch Rewards :: Time to save 11.3699ms
[2026-03-21 11:00:09.091 DBG] Midi :: Time to save 9.8145ms
[2026-03-21 11:00:09.102 DBG] OBS Settings :: Time to save 9.338ms
[2026-03-21 11:00:09.113 DBG] MeldStudio Settings :: Time to save 11.2523ms
[2026-03-21 11:00:09.123 DBG] Credits :: Time to save 9.6035ms
[2026-03-21 11:00:09.139 DBG] Quotes :: Time to save 16.8701ms
[2026-03-21 11:00:09.233 DBG] Config :: Time to save 17.4642ms
[2026-03-21 11:00:15.144 DBG] ActionDispatcher :: Queueing 'Sub Goal' (361aa588-5f31-4e19-b8a5-099cae52479d, TimedAction) to 'Default' (00000000-0000-0000-0000-000000000000), with 11 arguments
[2026-03-21 11:00:15.144 DBG] ActionQueue :: 'Default' (00000000-0000-0000-0000-000000000000) :: Enqueue action 361aa588-5f31-4e19-b8a5-099cae52479d
[2026-03-21 11:00:15.144 DBG] ActionQueue :: 'Default' (00000000-0000-0000-0000-000000000000) :: Handling queue
[2026-03-21 11:00:15.144 DBG] ActionQueue :: 'Default' (00000000-0000-0000-0000-000000000000) :: Performing non-blocking 'Sub Goal' (361aa588-5f31-4e19-b8a5-099cae52479d, e19c6fbe-baf3-4a0f-9e2f-0a6347e20c03)
[2026-03-21 11:00:31.946 DBG] ViewerRepo :: UpdatePresence(twitch, 5), 0.063ms
[2026-03-21 11:00:32.003 DBG] TwitchService :: Presence Timer :: Artificially updated presence with a threshold of 5 minutes (57.4062ms)
[2026-03-21 11:01:31.957 DBG] ViewerRepo :: UpdatePresence(twitch, 5), 0.0368ms
[2026-03-21 11:01:32.014 DBG] TwitchService :: Presence Timer :: Artificially updated presence with a threshold of 5 minutes (56.2922ms)
[2026-03-21 11:02:31.963 DBG] ViewerRepo :: UpdatePresence(twitch, 5), 0.0363ms
[2026-03-21 11:02:32.014 DBG] TwitchService :: Presence Timer :: Artificially updated presence with a threshold of 5 minutes (51.3541ms)
[2026-03-21 11:03:31.964 DBG] ViewerRepo :: UpdatePresence(twitch, 5), 0.0342ms
[2026-03-21 11:03:32.020 DBG] TwitchService :: Presence Timer :: Artificially updated presence with a threshold of 5 minutes (55.7965ms)
[2026-03-21 11:04:15.284 DBG] Credits :: Time to save 12.8626ms
[2026-03-21 11:04:31.974 DBG] ViewerRepo :: UpdatePresence(twitch, 5), 0.0353ms
[2026-03-21 11:04:32.032 DBG] TwitchService :: Presence Timer :: Artificially updated presence with a threshold of 5 minutes (57.2485ms)
[2026-03-21 11:05:09.244 DBG] AutoSave :: Auto saving settings...
[2026-03-21 11:05:09.261 DBG] Users :: Time to save 17.6723ms
[2026-03-21 11:05:09.284 DBG] Actions :: Time to save 22.2946ms
[2026-03-21 11:05:09.300 DBG] Commands :: Time to save 15.9519ms
[2026-03-21 11:05:09.316 DBG] Twitch Rewards :: Time to save 15.7571ms
[2026-03-21 11:05:09.330 DBG] Midi :: Time to save 13.9594ms
[2026-03-21 11:05:09.340 DBG] OBS Settings :: Time to save 9.9966ms
[2026-03-21 11:05:09.351 DBG] MeldStudio Settings :: Time to save 11.2133ms
[2026-03-21 11:05:09.365 DBG] Credits :: Time to save 13.4953ms
[2026-03-21 11:05:09.380 DBG] Quotes :: Time to save 15.4788ms
[2026-03-21 11:05:09.470 DBG] Config :: Time to save 19.4063ms
[2026-03-21 11:05:31.983 DBG] ViewerRepo :: UpdatePresence(twitch, 5), 0.0492ms
[2026-03-21 11:05:32.041 DBG] TwitchService :: Presence Timer :: Artificially updated presence with a threshold of 5 minutes (57.7572ms)
[2026-03-21 11:06:32.000 DBG] ViewerRepo :: UpdatePresence(twitch, 5), 0.0368ms
[2026-03-21 11:06:32.056 DBG] TwitchService :: Presence Timer :: Artificially updated presence with a threshold of 5 minutes (56.088ms)
[2026-03-21 11:07:32.013 DBG] ViewerRepo :: UpdatePresence(twitch, 5), 0.0346ms
[2026-03-21 11:07:32.070 DBG] TwitchService :: Presence Timer :: Artificially updated presence with a threshold of 5 minutes (57.8736ms)
[2026-03-21 11:08:32.016 DBG] ViewerRepo :: UpdatePresence(twitch, 5), 0.0364ms
[2026-03-21 11:08:32.071 DBG] TwitchService :: Presence Timer :: Artificially updated presence with a threshold of 5 minutes (54.9769ms)
[2026-03-21 11:09:15.286 DBG] Credits :: Time to save 11.6948ms
[2026-03-21 11:09:32.039 DBG] ViewerRepo :: UpdatePresence(twitch, 5), 0.0372ms
[2026-03-21 11:09:32.093 DBG] TwitchService :: Presence Timer :: Artificially updated presence with a threshold of 5 minutes (53.7236ms)
[2026-03-21 11:10:09.458 DBG] AutoSave :: Auto saving settings...
[2026-03-21 11:10:09.472 DBG] Users :: Time to save 13.7532ms
[2026-03-21 11:10:09.493 DBG] Actions :: Time to save 21.5659ms
[2026-03-21 11:10:09.510 DBG] Commands :: Time to save 16.541ms
[2026-03-21 11:10:09.527 DBG] Twitch Rewards :: Time to save 16.8412ms
[2026-03-21 11:10:09.539 DBG] Midi :: Time to save 12.2973ms
[2026-03-21 11:10:09.554 DBG] OBS Settings :: Time to save 14.5899ms
[2026-03-21 11:10:09.564 DBG] MeldStudio Settings :: Time to save 10.2996ms
[2026-03-21 11:10:09.578 DBG] Credits :: Time to save 13.7756ms
[2026-03-21 11:10:09.593 DBG] Quotes :: Time to save 15.5745ms
[2026-03-21 11:10:09.681 DBG] Config :: Time to save 17.7316ms
[2026-03-21 11:10:15.742 DBG] ActionDispatcher :: Queueing 'Sub Goal' (361aa588-5f31-4e19-b8a5-099cae52479d, TimedAction) to 'Default' (00000000-0000-0000-0000-000000000000), with 11 arguments
[2026-03-21 11:10:15.742 DBG] ActionQueue :: 'Default' (00000000-0000-0000-0000-000000000000) :: Enqueue action 361aa588-5f31-4e19-b8a5-099cae52479d
[2026-03-21 11:10:15.742 DBG] ActionQueue :: 'Default' (00000000-0000-0000-0000-000000000000) :: Handling queue
[2026-03-21 11:10:15.742 DBG] ActionQueue :: 'Default' (00000000-0000-0000-0000-000000000000) :: Performing non-blocking 'Sub Goal' (361aa588-5f31-4e19-b8a5-099cae52479d, ae333bb6-36db-41ac-9445-ad3f9374f8ca)
[2026-03-21 11:10:32.049 DBG] ViewerRepo :: UpdatePresence(twitch, 5), 0.0379ms
[2026-03-21 11:10:32.179 DBG] TwitchService :: Presence Timer :: Artificially updated presence with a threshold of 5 minutes (130.7705ms)
[2026-03-21 11:11:32.062 DBG] ViewerRepo :: UpdatePresence(twitch, 5), 0.0367ms
[2026-03-21 11:11:32.118 DBG] TwitchService :: Presence Timer :: Artificially updated presence with a threshold of 5 minutes (56.8469ms)
[2026-03-21 11:12:32.077 DBG] ViewerRepo :: UpdatePresence(twitch, 5), 0.0346ms
[2026-03-21 11:12:32.135 DBG] TwitchService :: Presence Timer :: Artificially updated presence with a threshold of 5 minutes (57.8231ms)
[2026-03-21 11:13:32.079 DBG] ViewerRepo :: UpdatePresence(twitch, 5), 0.0347ms
[2026-03-21 11:13:32.134 DBG] TwitchService :: Presence Timer :: Artificially updated presence with a threshold of 5 minutes (54.7503ms)
[2026-03-21 11:14:15.295 DBG] Credits :: Time to save 14.8417ms
[2026-03-21 11:14:32.091 DBG] ViewerRepo :: UpdatePresence(twitch, 5), 0.0345ms
[2026-03-21 11:14:32.148 DBG] TwitchService :: Presence Timer :: Artificially updated presence with a threshold of 5 minutes (57.1431ms)
[2026-03-21 11:15:09.682 DBG] AutoSave :: Auto saving settings...
[2026-03-21 11:15:09.700 DBG] Users :: Time to save 18.0811ms
[2026-03-21 11:15:09.723 DBG] Actions :: Time to save 22.9463ms
[2026-03-21 11:15:09.736 DBG] Commands :: Time to save 13.4878ms
[2026-03-21 11:15:09.748 DBG] Twitch Rewards :: Time to save 10.8517ms
[2026-03-21 11:15:09.761 DBG] Midi :: Time to save 13.3678ms
[2026-03-21 11:15:09.776 DBG] OBS Settings :: Time to save 14.5008ms
[2026-03-21 11:15:09.791 DBG] MeldStudio Settings :: Time to save 15.5133ms
[2026-03-21 11:15:09.806 DBG] Credits :: Time to save 14.5025ms
[2026-03-21 11:15:09.822 DBG] Quotes :: Time to save 16.1958ms
[2026-03-21 11:15:09.904 DBG] Config :: Time to save 17.3472ms
[2026-03-21 11:15:32.106 DBG] ViewerRepo :: UpdatePresence(twitch, 5), 0.0377ms
[2026-03-21 11:15:32.161 DBG] TwitchService :: Presence Timer :: Artificially updated presence with a threshold of 5 minutes (55.074ms)
[2026-03-21 11:16:32.116 DBG] ViewerRepo :: UpdatePresence(twitch, 5), 0.0334ms
[2026-03-21 11:16:32.177 DBG] TwitchService :: Presence Timer :: Artificially updated presence with a threshold of 5 minutes (60.8662ms)
[2026-03-21 11:17:32.133 DBG] ViewerRepo :: UpdatePresence(twitch, 5), 0.0367ms
[2026-03-21 11:17:32.190 DBG] TwitchService :: Presence Timer :: Artificially updated presence with a threshold of 5 minutes (58.2871ms)
[2026-03-21 11:18:32.138 DBG] ViewerRepo :: UpdatePresence(twitch, 5), 0.0388ms
[2026-03-21 11:18:32.193 DBG] TwitchService :: Presence Timer :: Artificially updated presence with a threshold of 5 minutes (55.0913ms)
[2026-03-21 11:19:15.309 DBG] Credits :: Time to save 15.7135ms
[2026-03-21 11:19:32.150 DBG] ViewerRepo :: UpdatePresence(twitch, 5), 0.0339ms
[2026-03-21 11:19:32.209 DBG] TwitchService :: Presence Timer :: Artificially updated presence with a threshold of 5 minutes (59.2142ms)
[2026-03-21 11:20:09.876 DBG] AutoSave :: Auto saving settings...
[2026-03-21 11:20:09.894 DBG] Users :: Time to save 18.4257ms
[2026-03-21 11:20:09.917 DBG] Actions :: Time to save 23.1742ms
[2026-03-21 11:20:09.933 DBG] Commands :: Time to save 15.6702ms
[2026-03-21 11:20:09.948 DBG] Twitch Rewards :: Time to save 15.7233ms
[2026-03-21 11:20:09.959 DBG] Midi :: Time to save 10.4545ms
[2026-03-21 11:20:09.973 DBG] OBS Settings :: Time to save 13.6903ms
[2026-03-21 11:20:09.982 DBG] MeldStudio Settings :: Time to save 9.3921ms
[2026-03-21 11:20:09.993 DBG] Credits :: Time to save 11.1414ms
[2026-03-21 11:20:10.009 DBG] Quotes :: Time to save 15.1428ms
[2026-03-21 11:20:10.093 DBG] Config :: Time to save 12.4252ms
[2026-03-21 11:20:16.523 DBG] ActionDispatcher :: Queueing 'Sub Goal' (361aa588-5f31-4e19-b8a5-099cae52479d, TimedAction) to 'Default' (00000000-0000-0000-0000-000000000000), with 11 arguments
[2026-03-21 11:20:16.523 DBG] ActionQueue :: 'Default' (00000000-0000-0000-0000-000000000000) :: Enqueue action 361aa588-5f31-4e19-b8a5-099cae52479d
[2026-03-21 11:20:16.523 DBG] ActionQueue :: 'Default' (00000000-0000-0000-0000-000000000000) :: Handling queue
[2026-03-21 11:20:16.523 DBG] ActionQueue :: 'Default' (00000000-0000-0000-0000-000000000000) :: Performing non-blocking 'Sub Goal' (361aa588-5f31-4e19-b8a5-099cae52479d, ffb2a429-b9f9-4410-98f6-90832f25328f)
[2026-03-21 11:20:32.161 DBG] ViewerRepo :: UpdatePresence(twitch, 5), 0.0338ms
[2026-03-21 11:20:32.715 DBG] TwitchService :: Presence Timer :: Artificially updated presence with a threshold of 5 minutes (554.6868ms)
[2026-03-21 11:21:32.171 DBG] ViewerRepo :: UpdatePresence(twitch, 5), 0.0346ms
[2026-03-21 11:21:32.227 DBG] TwitchService :: Presence Timer :: Artificially updated presence with a threshold of 5 minutes (56.6152ms)
[2026-03-21 11:22:32.179 DBG] ViewerRepo :: UpdatePresence(twitch, 5), 0.0347ms
[2026-03-21 11:22:32.234 DBG] TwitchService :: Presence Timer :: Artificially updated presence with a threshold of 5 minutes (55.584ms)
[2026-03-21 11:23:32.192 DBG] ViewerRepo :: UpdatePresence(twitch, 5), 0.0353ms
[2026-03-21 11:23:32.247 DBG] TwitchService :: Presence Timer :: Artificially updated presence with a threshold of 5 minutes (55.034ms)
[2026-03-21 11:24:15.319 DBG] Credits :: Time to save 14.9095ms
[2026-03-21 11:24:32.207 DBG] ViewerRepo :: UpdatePresence(twitch, 5), 0.0342ms
[2026-03-21 11:24:32.261 DBG] TwitchService :: Presence Timer :: Artificially updated presence with a threshold of 5 minutes (53.9697ms)
[2026-03-21 11:25:10.062 DBG] AutoSave :: Auto saving settings...
[2026-03-21 11:25:10.081 DBG] Users :: Time to save 18.7984ms
[2026-03-21 11:25:10.105 DBG] Actions :: Time to save 24.0642ms
[2026-03-21 11:25:10.121 DBG] Commands :: Time to save 16.2186ms
[2026-03-21 11:25:10.137 DBG] Twitch Rewards :: Time to save 15.5224ms
[2026-03-21 11:25:10.149 DBG] Midi :: Time to save 12.6507ms
[2026-03-21 11:25:10.162 DBG] OBS Settings :: Time to save 12.9427ms
[2026-03-21 11:25:10.176 DBG] MeldStudio Settings :: Time to save 13.4365ms
[2026-03-21 11:25:10.189 DBG] Credits :: Time to save 12.9975ms
[2026-03-21 11:25:10.201 DBG] Quotes :: Time to save 12.2988ms
[2026-03-21 11:25:10.279 DBG] Config :: Time to save 13.5087ms
[2026-03-21 11:25:32.218 DBG] ViewerRepo :: UpdatePresence(twitch, 5), 0.035ms
[2026-03-21 11:25:32.271 DBG] TwitchService :: Presence Timer :: Artificially updated presence with a threshold of 5 minutes (53.4346ms)
[2026-03-21 11:26:32.236 DBG] ViewerRepo :: UpdatePresence(twitch, 5), 0.034ms
[2026-03-21 11:26:32.288 DBG] TwitchService :: Presence Timer :: Artificially updated presence with a threshold of 5 minutes (52.1276ms)
[2026-03-21 11:27:32.238 DBG] ViewerRepo :: UpdatePresence(twitch, 5), 0.0352ms
[2026-03-21 11:27:32.293 DBG] TwitchService :: Presence Timer :: Artificially updated presence with a threshold of 5 minutes (55.5363ms)
[2026-03-21 11:28:32.256 DBG] ViewerRepo :: UpdatePresence(twitch, 5), 0.0381ms
[2026-03-21 11:28:32.309 DBG] TwitchService :: Presence Timer :: Artificially updated presence with a threshold of 5 minutes (53.0218ms)
[2026-03-21 11:29:15.321 DBG] Credits :: Time to save 17.3178ms
[2026-03-21 11:29:32.268 DBG] ViewerRepo :: UpdatePresence(twitch, 5), 0.0508ms
[2026-03-21 11:29:32.324 DBG] TwitchService :: Presence Timer :: Artificially updated presence with a threshold of 5 minutes (57.3474ms)
[2026-03-21 11:30:10.322 DBG] AutoSave :: Auto saving settings...
[2026-03-21 11:30:10.335 DBG] Users :: Time to save 12.3961ms
[2026-03-21 11:30:10.356 DBG] Actions :: Time to save 21.4024ms
[2026-03-21 11:30:10.367 DBG] Commands :: Time to save 11.6217ms
[2026-03-21 11:30:10.383 DBG] Twitch Rewards :: Time to save 15.0805ms
[2026-03-21 11:30:10.398 DBG] Midi :: Time to save 14.8666ms
[2026-03-21 11:30:10.413 DBG] OBS Settings :: Time to save 14.9462ms
[2026-03-21 11:30:10.427 DBG] MeldStudio Settings :: Time to save 14.5845ms
[2026-03-21 11:30:10.441 DBG] Credits :: Time to save 13.4767ms
[2026-03-21 11:30:10.456 DBG] Quotes :: Time to save 15.695ms
[2026-03-21 11:30:10.544 DBG] Config :: Time to save 17.7361ms
[2026-03-21 11:30:17.333 DBG] ActionDispatcher :: Queueing 'Sub Goal' (361aa588-5f31-4e19-b8a5-099cae52479d, TimedAction) to 'Default' (00000000-0000-0000-0000-000000000000), with 11 arguments
[2026-03-21 11:30:17.333 DBG] ActionQueue :: 'Default' (00000000-0000-0000-0000-000000000000) :: Enqueue action 361aa588-5f31-4e19-b8a5-099cae52479d
[2026-03-21 11:30:17.333 DBG] ActionQueue :: 'Default' (00000000-0000-0000-0000-000000000000) :: Handling queue
[2026-03-21 11:30:17.333 DBG] ActionQueue :: 'Default' (00000000-0000-0000-0000-000000000000) :: Performing non-blocking 'Sub Goal' (361aa588-5f31-4e19-b8a5-099cae52479d, e9d1a036-f5df-478f-aaf2-13147075ca1b)
[2026-03-21 11:30:32.288 DBG] ViewerRepo :: UpdatePresence(twitch, 5), 0.0356ms
[2026-03-21 11:30:32.346 DBG] TwitchService :: Presence Timer :: Artificially updated presence with a threshold of 5 minutes (58.6558ms)
[2026-03-21 11:31:32.290 DBG] ViewerRepo :: UpdatePresence(twitch, 5), 0.0343ms
[2026-03-21 11:31:32.354 DBG] TwitchService :: Presence Timer :: Artificially updated presence with a threshold of 5 minutes (64.6316ms)
[2026-03-21 11:32:32.307 DBG] ViewerRepo :: UpdatePresence(twitch, 5), 0.0344ms
[2026-03-21 11:32:32.362 DBG] TwitchService :: Presence Timer :: Artificially updated presence with a threshold of 5 minutes (55.0244ms)
[2026-03-21 11:33:32.322 DBG] ViewerRepo :: UpdatePresence(twitch, 5), 0.0375ms
[2026-03-21 11:33:32.404 DBG] TwitchService :: Presence Timer :: Artificially updated presence with a threshold of 5 minutes (81.5246ms)
[2026-03-21 11:34:15.332 DBG] Credits :: Time to save 14.2679ms
[2026-03-21 11:34:32.334 DBG] ViewerRepo :: UpdatePresence(twitch, 5), 0.037ms
[2026-03-21 11:34:32.389 DBG] TwitchService :: Presence Timer :: Artificially updated presence with a threshold of 5 minutes (56.2586ms)
[2026-03-21 11:35:10.545 DBG] AutoSave :: Auto saving settings...
[2026-03-21 11:35:10.564 DBG] Users :: Time to save 18.6014ms
[2026-03-21 11:35:10.588 DBG] Actions :: Time to save 24.4628ms
[2026-03-21 11:35:10.606 DBG] Commands :: Time to save 17.5499ms
[2026-03-21 11:35:10.624 DBG] Twitch Rewards :: Time to save 17.8506ms
[2026-03-21 11:35:10.638 DBG] Midi :: Time to save 14.7819ms
[2026-03-21 11:35:10.654 DBG] OBS Settings :: Time to save 15.1249ms
[2026-03-21 11:35:10.671 DBG] MeldStudio Settings :: Time to save 17.1722ms
[2026-03-21 11:35:10.686 DBG] Credits :: Time to save 14.4844ms
[2026-03-21 11:35:10.704 DBG] Quotes :: Time to save 18.4002ms
[2026-03-21 11:35:10.767 DBG] Config :: Time to save 18.876ms
[2026-03-21 11:35:32.348 DBG] ViewerRepo :: UpdatePresence(twitch, 5), 0.0358ms
[2026-03-21 11:35:32.400 DBG] TwitchService :: Presence Timer :: Artificially updated presence with a threshold of 5 minutes (52.3633ms)
[2026-03-21 11:36:32.364 DBG] ViewerRepo :: UpdatePresence(twitch, 5), 0.0367ms
[2026-03-21 11:36:32.421 DBG] TwitchService :: Presence Timer :: Artificially updated presence with a threshold of 5 minutes (56.4935ms)
[2026-03-21 11:37:32.368 DBG] ViewerRepo :: UpdatePresence(twitch, 5), 0.0353ms
[2026-03-21 11:37:32.424 DBG] TwitchService :: Presence Timer :: Artificially updated presence with a threshold of 5 minutes (55.2146ms)
[2026-03-21 11:38:32.384 DBG] ViewerRepo :: UpdatePresence(twitch, 5), 0.0347ms
[2026-03-21 11:38:32.441 DBG] TwitchService :: Presence Timer :: Artificially updated presence with a threshold of 5 minutes (57.7158ms)
[2026-03-21 11:39:15.348 DBG] Credits :: Time to save 16.2791ms
[2026-03-21 11:39:32.388 DBG] ViewerRepo :: UpdatePresence(twitch, 5), 0.0342ms
[2026-03-21 11:39:32.443 DBG] TwitchService :: Presence Timer :: Artificially updated presence with a threshold of 5 minutes (55.044ms)
[2026-03-21 11:40:10.815 DBG] AutoSave :: Auto saving settings...
[2026-03-21 11:40:10.828 DBG] Users :: Time to save 13.1756ms
[2026-03-21 11:40:10.851 DBG] Actions :: Time to save 22.9182ms
[2026-03-21 11:40:10.867 DBG] Commands :: Time to save 15.3032ms
[2026-03-21 11:40:10.882 DBG] Twitch Rewards :: Time to save 15.4363ms
[2026-03-21 11:40:10.896 DBG] Midi :: Time to save 14.4978ms
[2026-03-21 11:40:10.906 DBG] OBS Settings :: Time to save 9.704ms
[2026-03-21 11:40:10.920 DBG] MeldStudio Settings :: Time to save 13.3219ms
[2026-03-21 11:40:10.933 DBG] Credits :: Time to save 13.0303ms
[2026-03-21 11:40:10.949 DBG] Quotes :: Time to save 15.7817ms
[2026-03-21 11:40:11.033 DBG] Config :: Time to save 16.7742ms
[2026-03-21 11:40:17.938 DBG] ActionDispatcher :: Queueing 'Sub Goal' (361aa588-5f31-4e19-b8a5-099cae52479d, TimedAction) to 'Default' (00000000-0000-0000-0000-000000000000), with 11 arguments
[2026-03-21 11:40:17.938 DBG] ActionQueue :: 'Default' (00000000-0000-0000-0000-000000000000) :: Enqueue action 361aa588-5f31-4e19-b8a5-099cae52479d
[2026-03-21 11:40:17.938 DBG] ActionQueue :: 'Default' (00000000-0000-0000-0000-000000000000) :: Handling queue
[2026-03-21 11:40:17.938 DBG] ActionQueue :: 'Default' (00000000-0000-0000-0000-000000000000) :: Performing non-blocking 'Sub Goal' (361aa588-5f31-4e19-b8a5-099cae52479d, 4de53319-c6b9-404a-bece-bf4192691e97)
[2026-03-21 11:40:32.394 DBG] ViewerRepo :: UpdatePresence(twitch, 5), 0.038ms
[2026-03-21 11:40:32.453 DBG] TwitchService :: Presence Timer :: Artificially updated presence with a threshold of 5 minutes (59.794ms)
[2026-03-21 11:41:32.397 DBG] ViewerRepo :: UpdatePresence(twitch, 5), 0.041ms
[2026-03-21 11:41:32.452 DBG] TwitchService :: Presence Timer :: Artificially updated presence with a threshold of 5 minutes (55.2031ms)
[2026-03-21 11:42:32.401 DBG] ViewerRepo :: UpdatePresence(twitch, 5), 0.0369ms
[2026-03-21 11:42:32.466 DBG] TwitchService :: Presence Timer :: Artificially updated presence with a threshold of 5 minutes (64.7009ms)
[2026-03-21 11:43:32.413 DBG] ViewerRepo :: UpdatePresence(twitch, 5), 0.0368ms
[2026-03-21 11:43:32.472 DBG] TwitchService :: Presence Timer :: Artificially updated presence with a threshold of 5 minutes (59.2757ms)
[2026-03-21 11:44:15.354 DBG] Credits :: Time to save 15.2603ms
[2026-03-21 11:44:32.419 DBG] ViewerRepo :: UpdatePresence(twitch, 5), 0.0348ms
[2026-03-21 11:44:32.476 DBG] TwitchService :: Presence Timer :: Artificially updated presence with a threshold of 5 minutes (56.9197ms)
[2026-03-21 11:45:11.037 DBG] AutoSave :: Auto saving settings...
[2026-03-21 11:45:11.055 DBG] Users :: Time to save 18.4423ms
[2026-03-21 11:45:11.080 DBG] Actions :: Time to save 24.897ms
[2026-03-21 11:45:11.097 DBG] Commands :: Time to save 17.7707ms
[2026-03-21 11:45:11.114 DBG] Twitch Rewards :: Time to save 15.8864ms
[2026-03-21 11:45:11.127 DBG] Midi :: Time to save 13.6256ms
[2026-03-21 11:45:11.142 DBG] OBS Settings :: Time to save 14.2496ms
[2026-03-21 11:45:11.156 DBG] MeldStudio Settings :: Time to save 13.7386ms
[2026-03-21 11:45:11.170 DBG] Credits :: Time to save 13.5281ms
[2026-03-21 11:45:11.185 DBG] Quotes :: Time to save 15.6067ms
[2026-03-21 11:45:11.271 DBG] Config :: Time to save 17.4192ms
[2026-03-21 11:45:32.433 DBG] ViewerRepo :: UpdatePresence(twitch, 5), 0.034ms
[2026-03-21 11:45:32.492 DBG] TwitchService :: Presence Timer :: Artificially updated presence with a threshold of 5 minutes (59.3242ms)
[2026-03-21 11:46:32.442 DBG] ViewerRepo :: UpdatePresence(twitch, 5), 0.0355ms
[2026-03-21 11:46:32.497 DBG] TwitchService :: Presence Timer :: Artificially updated presence with a threshold of 5 minutes (54.83ms)
[2026-03-21 11:47:32.449 DBG] ViewerRepo :: UpdatePresence(twitch, 5), 0.0346ms
[2026-03-21 11:47:32.503 DBG] TwitchService :: Presence Timer :: Artificially updated presence with a threshold of 5 minutes (54.4368ms)
[2026-03-21 11:48:32.461 DBG] ViewerRepo :: UpdatePresence(twitch, 5), 0.0346ms
[2026-03-21 11:48:32.515 DBG] TwitchService :: Presence Timer :: Artificially updated presence with a threshold of 5 minutes (55.4808ms)
[2026-03-21 11:49:15.355 DBG] Credits :: Time to save 15.0065ms
[2026-03-21 11:49:32.467 DBG] ViewerRepo :: UpdatePresence(twitch, 5), 0.0354ms
[2026-03-21 11:49:32.528 DBG] TwitchService :: Presence Timer :: Artificially updated presence with a threshold of 5 minutes (61.4298ms)
[2026-03-21 11:50:11.244 DBG] AutoSave :: Auto saving settings...
[2026-03-21 11:50:11.262 DBG] Users :: Time to save 18.2219ms
[2026-03-21 11:50:11.284 DBG] Actions :: Time to save 22.5704ms
[2026-03-21 11:50:11.302 DBG] Commands :: Time to save 17.3768ms
[2026-03-21 11:50:11.317 DBG] Twitch Rewards :: Time to save 15.226ms
[2026-03-21 11:50:11.331 DBG] Midi :: Time to save 14.1962ms
[2026-03-21 11:50:11.344 DBG] OBS Settings :: Time to save 14.3308ms
[2026-03-21 11:50:11.360 DBG] MeldStudio Settings :: Time to save 14.0584ms
[2026-03-21 11:50:11.373 DBG] Credits :: Time to save 13.2465ms
[2026-03-21 11:50:11.389 DBG] Quotes :: Time to save 15.8492ms
[2026-03-21 11:50:11.464 DBG] Config :: Time to save 17.2902ms
[2026-03-21 11:50:18.641 DBG] ActionDispatcher :: Queueing 'Sub Goal' (361aa588-5f31-4e19-b8a5-099cae52479d, TimedAction) to 'Default' (00000000-0000-0000-0000-000000000000), with 11 arguments
[2026-03-21 11:50:18.641 DBG] ActionQueue :: 'Default' (00000000-0000-0000-0000-000000000000) :: Enqueue action 361aa588-5f31-4e19-b8a5-099cae52479d
[2026-03-21 11:50:18.641 DBG] ActionQueue :: 'Default' (00000000-0000-0000-0000-000000000000) :: Handling queue
[2026-03-21 11:50:18.641 DBG] ActionQueue :: 'Default' (00000000-0000-0000-0000-000000000000) :: Performing non-blocking 'Sub Goal' (361aa588-5f31-4e19-b8a5-099cae52479d, 900f56ea-0d96-42b2-90b4-25aa73dca79c)
[2026-03-21 11:50:32.477 DBG] ViewerRepo :: UpdatePresence(twitch, 5), 0.0348ms
[2026-03-21 11:50:32.531 DBG] TwitchService :: Presence Timer :: Artificially updated presence with a threshold of 5 minutes (53.8404ms)
[2026-03-21 11:51:32.485 DBG] ViewerRepo :: UpdatePresence(twitch, 5), 0.0351ms
[2026-03-21 11:51:32.540 DBG] TwitchService :: Presence Timer :: Artificially updated presence with a threshold of 5 minutes (55.3621ms)
[2026-03-21 11:52:32.488 DBG] ViewerRepo :: UpdatePresence(twitch, 5), 0.0433ms
[2026-03-21 11:52:32.543 DBG] TwitchService :: Presence Timer :: Artificially updated presence with a threshold of 5 minutes (55.9483ms)
[2026-03-21 11:53:32.498 DBG] ViewerRepo :: UpdatePresence(twitch, 5), 0.2523ms
[2026-03-21 11:53:32.554 DBG] TwitchService :: Presence Timer :: Artificially updated presence with a threshold of 5 minutes (56.1848ms)
[2026-03-21 11:54:15.368 DBG] Credits :: Time to save 11.3931ms
[2026-03-21 11:54:32.504 DBG] ViewerRepo :: UpdatePresence(twitch, 5), 0.0351ms
[2026-03-21 11:54:32.559 DBG] TwitchService :: Presence Timer :: Artificially updated presence with a threshold of 5 minutes (55.8623ms)
[2026-03-21 11:55:11.492 DBG] AutoSave :: Auto saving settings...
[2026-03-21 11:55:11.511 DBG] Users :: Time to save 18.4797ms
[2026-03-21 11:55:11.529 DBG] Actions :: Time to save 18.1894ms
[2026-03-21 11:55:11.540 DBG] Commands :: Time to save 11.35ms
[2026-03-21 11:55:11.550 DBG] Twitch Rewards :: Time to save 10.6604ms
[2026-03-21 11:55:11.562 DBG] Midi :: Time to save 11.9001ms
[2026-03-21 11:55:11.577 DBG] OBS Settings :: Time to save 13.5088ms
[2026-03-21 11:55:11.586 DBG] MeldStudio Settings :: Time to save 8.9338ms
[2026-03-21 11:55:11.599 DBG] Credits :: Time to save 13.0033ms
[2026-03-21 11:55:11.613 DBG] Quotes :: Time to save 14.7651ms
[2026-03-21 11:55:11.714 DBG] Config :: Time to save 17.6683ms
[2026-03-21 11:55:32.515 DBG] ViewerRepo :: UpdatePresence(twitch, 5), 0.0382ms
[2026-03-21 11:55:32.573 DBG] TwitchService :: Presence Timer :: Artificially updated presence with a threshold of 5 minutes (57.5809ms)
[2026-03-21 11:56:32.531 DBG] ViewerRepo :: UpdatePresence(twitch, 5), 0.0467ms
[2026-03-21 11:56:32.585 DBG] TwitchService :: Presence Timer :: Artificially updated presence with a threshold of 5 minutes (54.4ms)
[2026-03-21 11:57:32.538 DBG] ViewerRepo :: UpdatePresence(twitch, 5), 0.0369ms
[2026-03-21 11:57:32.595 DBG] TwitchService :: Presence Timer :: Artificially updated presence with a threshold of 5 minutes (57.6653ms)
[2026-03-21 11:58:32.542 DBG] ViewerRepo :: UpdatePresence(twitch, 5), 0.0353ms
[2026-03-21 11:58:32.604 DBG] TwitchService :: Presence Timer :: Artificially updated presence with a threshold of 5 minutes (62.3462ms)
[2026-03-21 11:59:15.374 DBG] Credits :: Time to save 10.685ms
[2026-03-21 11:59:32.549 DBG] ViewerRepo :: UpdatePresence(twitch, 5), 0.0408ms
[2026-03-21 11:59:32.607 DBG] TwitchService :: Presence Timer :: Artificially updated presence with a threshold of 5 minutes (58.0248ms)
[2026-03-21 12:00:11.735 DBG] AutoSave :: Auto saving settings...
[2026-03-21 12:00:11.751 DBG] Users :: Time to save 16.686ms
[2026-03-21 12:00:11.768 DBG] Actions :: Time to save 16.287ms
[2026-03-21 12:00:11.784 DBG] Commands :: Time to save 15.1693ms
[2026-03-21 12:00:11.799 DBG] Twitch Rewards :: Time to save 15.003ms
[2026-03-21 12:00:11.812 DBG] Midi :: Time to save 13.1093ms
[2026-03-21 12:00:11.825 DBG] OBS Settings :: Time to save 13.5543ms
[2026-03-21 12:00:11.838 DBG] MeldStudio Settings :: Time to save 13.0281ms
[2026-03-21 12:00:11.852 DBG] Credits :: Time to save 14.4459ms
[2026-03-21 12:00:11.865 DBG] Quotes :: Time to save 12.2735ms
[2026-03-21 12:00:11.952 DBG] Config :: Time to save 12.3164ms
[2026-03-21 12:00:19.053 DBG] ActionDispatcher :: Queueing 'Sub Goal' (361aa588-5f31-4e19-b8a5-099cae52479d, TimedAction) to 'Default' (00000000-0000-0000-0000-000000000000), with 11 arguments
[2026-03-21 12:00:19.053 DBG] ActionQueue :: 'Default' (00000000-0000-0000-0000-000000000000) :: Enqueue action 361aa588-5f31-4e19-b8a5-099cae52479d
[2026-03-21 12:00:19.053 DBG] ActionQueue :: 'Default' (00000000-0000-0000-0000-000000000000) :: Handling queue
[2026-03-21 12:00:19.053 DBG] ActionQueue :: 'Default' (00000000-0000-0000-0000-000000000000) :: Performing non-blocking 'Sub Goal' (361aa588-5f31-4e19-b8a5-099cae52479d, 46b4473e-bf5c-425a-a583-4ee678b4a6b1)
[2026-03-21 12:00:32.565 DBG] ViewerRepo :: UpdatePresence(twitch, 5), 0.0337ms
[2026-03-21 12:00:32.622 DBG] TwitchService :: Presence Timer :: Artificially updated presence with a threshold of 5 minutes (56.3939ms)
[2026-03-21 12:01:32.573 DBG] ViewerRepo :: UpdatePresence(twitch, 5), 0.0352ms
[2026-03-21 12:01:32.628 DBG] TwitchService :: Presence Timer :: Artificially updated presence with a threshold of 5 minutes (54.7522ms)
[2026-03-21 12:02:32.588 DBG] ViewerRepo :: UpdatePresence(twitch, 5), 0.0355ms
[2026-03-21 12:02:32.642 DBG] TwitchService :: Presence Timer :: Artificially updated presence with a threshold of 5 minutes (53.3621ms)
[2026-03-21 12:03:32.597 DBG] ViewerRepo :: UpdatePresence(twitch, 5), 0.0378ms
[2026-03-21 12:03:32.654 DBG] TwitchService :: Presence Timer :: Artificially updated presence with a threshold of 5 minutes (57.8233ms)
[2026-03-21 12:04:15.383 DBG] Credits :: Time to save 10.9436ms
[2026-03-21 12:04:32.611 DBG] ViewerRepo :: UpdatePresence(twitch, 5), 0.0347ms
[2026-03-21 12:04:32.665 DBG] TwitchService :: Presence Timer :: Artificially updated presence with a threshold of 5 minutes (55.0224ms)
[2026-03-21 12:05:11.962 DBG] AutoSave :: Auto saving settings...
[2026-03-21 12:05:11.976 DBG] Users :: Time to save 13.5184ms
[2026-03-21 12:05:11.998 DBG] Actions :: Time to save 21.8926ms
[2026-03-21 12:05:12.008 DBG] Commands :: Time to save 10.9282ms
[2026-03-21 12:05:12.024 DBG] Twitch Rewards :: Time to save 16.0454ms
[2026-03-21 12:05:12.037 DBG] Midi :: Time to save 12.9906ms
[2026-03-21 12:05:12.050 DBG] OBS Settings :: Time to save 13.2414ms
[2026-03-21 12:05:12.064 DBG] MeldStudio Settings :: Time to save 13.2371ms
[2026-03-21 12:05:12.073 DBG] Credits :: Time to save 9.2001ms
[2026-03-21 12:05:12.084 DBG] Quotes :: Time to save 10.6353ms
[2026-03-21 12:05:12.186 DBG] Config :: Time to save 19.0222ms
[2026-03-21 12:05:32.616 DBG] ViewerRepo :: UpdatePresence(twitch, 5), 0.0348ms
[2026-03-21 12:05:32.671 DBG] TwitchService :: Presence Timer :: Artificially updated presence with a threshold of 5 minutes (54.1745ms)
[2026-03-21 12:06:32.623 DBG] ViewerRepo :: UpdatePresence(twitch, 5), 0.0377ms
[2026-03-21 12:06:32.677 DBG] TwitchService :: Presence Timer :: Artificially updated presence with a threshold of 5 minutes (54.2516ms)
[2026-03-21 12:07:32.631 DBG] ViewerRepo :: UpdatePresence(twitch, 5), 0.0366ms
[2026-03-21 12:07:32.685 DBG] TwitchService :: Presence Timer :: Artificially updated presence with a threshold of 5 minutes (54.8411ms)
[2026-03-21 12:08:32.649 DBG] ViewerRepo :: UpdatePresence(twitch, 5), 0.0556ms
[2026-03-21 12:08:32.703 DBG] TwitchService :: Presence Timer :: Artificially updated presence with a threshold of 5 minutes (54.8907ms)
[2026-03-21 12:09:15.388 DBG] Credits :: Time to save 11.3849ms
[2026-03-21 12:09:32.664 DBG] ViewerRepo :: UpdatePresence(twitch, 5), 0.0362ms
[2026-03-21 12:09:32.722 DBG] TwitchService :: Presence Timer :: Artificially updated presence with a threshold of 5 minutes (58.2463ms)
[2026-03-21 12:10:12.189 DBG] AutoSave :: Auto saving settings...
[2026-03-21 12:10:12.203 DBG] Users :: Time to save 13.73ms
[2026-03-21 12:10:12.220 DBG] Actions :: Time to save 16.8831ms
[2026-03-21 12:10:12.236 DBG] Commands :: Time to save 16.4708ms
[2026-03-21 12:10:12.253 DBG] Twitch Rewards :: Time to save 15.6653ms
[2026-03-21 12:10:12.266 DBG] Midi :: Time to save 13.6844ms
[2026-03-21 12:10:12.279 DBG] OBS Settings :: Time to save 13.043ms
[2026-03-21 12:10:12.290 DBG] MeldStudio Settings :: Time to save 11.5954ms
[2026-03-21 12:10:12.301 DBG] Credits :: Time to save 10.5239ms
[2026-03-21 12:10:12.316 DBG] Quotes :: Time to save 14.3325ms
[2026-03-21 12:10:12.411 DBG] Config :: Time to save 16.939ms
[2026-03-21 12:10:19.668 DBG] ActionDispatcher :: Queueing 'Sub Goal' (361aa588-5f31-4e19-b8a5-099cae52479d, TimedAction) to 'Default' (00000000-0000-0000-0000-000000000000), with 11 arguments
[2026-03-21 12:10:19.668 DBG] ActionQueue :: 'Default' (00000000-0000-0000-0000-000000000000) :: Enqueue action 361aa588-5f31-4e19-b8a5-099cae52479d
[2026-03-21 12:10:19.668 DBG] ActionQueue :: 'Default' (00000000-0000-0000-0000-000000000000) :: Handling queue
[2026-03-21 12:10:19.668 DBG] ActionQueue :: 'Default' (00000000-0000-0000-0000-000000000000) :: Performing non-blocking 'Sub Goal' (361aa588-5f31-4e19-b8a5-099cae52479d, e1ddb120-5096-4854-a7e6-a651dff44bf5)
[2026-03-21 12:10:32.677 DBG] ViewerRepo :: UpdatePresence(twitch, 5), 0.0354ms
[2026-03-21 12:10:32.734 DBG] TwitchService :: Presence Timer :: Artificially updated presence with a threshold of 5 minutes (57.6703ms)
[2026-03-21 12:11:32.689 DBG] ViewerRepo :: UpdatePresence(twitch, 5), 0.1384ms
[2026-03-21 12:11:32.745 DBG] TwitchService :: Presence Timer :: Artificially updated presence with a threshold of 5 minutes (56.6939ms)
[2026-03-21 12:12:32.700 DBG] ViewerRepo :: UpdatePresence(twitch, 5), 0.0337ms
[2026-03-21 12:12:32.753 DBG] TwitchService :: Presence Timer :: Artificially updated presence with a threshold of 5 minutes (53.0058ms)
[2026-03-21 12:13:32.709 DBG] ViewerRepo :: UpdatePresence(twitch, 5), 0.0374ms
[2026-03-21 12:13:32.765 DBG] TwitchService :: Presence Timer :: Artificially updated presence with a threshold of 5 minutes (56.0756ms)
[2026-03-21 12:14:15.407 DBG] Credits :: Time to save 17.2197ms
[2026-03-21 12:14:32.725 DBG] ViewerRepo :: UpdatePresence(twitch, 5), 0.0342ms
[2026-03-21 12:14:32.782 DBG] TwitchService :: Presence Timer :: Artificially updated presence with a threshold of 5 minutes (56.6507ms)
[2026-03-21 12:15:12.404 DBG] AutoSave :: Auto saving settings...
[2026-03-21 12:15:12.422 DBG] Users :: Time to save 18.2174ms
[2026-03-21 12:15:12.443 DBG] Actions :: Time to save 21.7515ms
[2026-03-21 12:15:12.459 DBG] Commands :: Time to save 15.7132ms
[2026-03-21 12:15:12.476 DBG] Twitch Rewards :: Time to save 16.172ms
[2026-03-21 12:15:12.491 DBG] Midi :: Time to save 14.9871ms
[2026-03-21 12:15:12.505 DBG] OBS Settings :: Time to save 14.4586ms
[2026-03-21 12:15:12.519 DBG] MeldStudio Settings :: Time to save 13.5436ms
[2026-03-21 12:15:12.528 DBG] Credits :: Time to save 9.4866ms
[2026-03-21 12:15:12.543 DBG] Quotes :: Time to save 14.8251ms
[2026-03-21 12:15:12.621 DBG] Config :: Time to save 12.5989ms
[2026-03-21 12:15:32.728 DBG] ViewerRepo :: UpdatePresence(twitch, 5), 0.0379ms
[2026-03-21 12:15:32.784 DBG] TwitchService :: Presence Timer :: Artificially updated presence with a threshold of 5 minutes (55.5393ms)
[2026-03-21 12:16:32.737 DBG] ViewerRepo :: UpdatePresence(twitch, 5), 0.0365ms
[2026-03-21 12:16:32.795 DBG] TwitchService :: Presence Timer :: Artificially updated presence with a threshold of 5 minutes (57.3546ms)
[2026-03-21 12:17:32.746 DBG] ViewerRepo :: UpdatePresence(twitch, 5), 0.0361ms
[2026-03-21 12:17:32.803 DBG] TwitchService :: Presence Timer :: Artificially updated presence with a threshold of 5 minutes (57.412ms)
[2026-03-21 12:18:32.750 DBG] ViewerRepo :: UpdatePresence(twitch, 5), 0.0352ms
[2026-03-21 12:18:32.808 DBG] TwitchService :: Presence Timer :: Artificially updated presence with a threshold of 5 minutes (57.5315ms)
[2026-03-21 12:19:15.415 DBG] Credits :: Time to save 17.1554ms
[2026-03-21 12:19:32.768 DBG] ViewerRepo :: UpdatePresence(twitch, 5), 0.037ms
[2026-03-21 12:19:32.822 DBG] TwitchService :: Presence Timer :: Artificially updated presence with a threshold of 5 minutes (54.523ms)
[2026-03-21 12:20:12.640 DBG] AutoSave :: Auto saving settings...
[2026-03-21 12:20:12.657 DBG] Users :: Time to save 16.1274ms
[2026-03-21 12:20:12.678 DBG] Actions :: Time to save 21.8077ms
[2026-03-21 12:20:12.690 DBG] Commands :: Time to save 12.1689ms
[2026-03-21 12:20:12.701 DBG] Twitch Rewards :: Time to save 10.5283ms
[2026-03-21 12:20:12.711 DBG] Midi :: Time to save 9.5434ms
[2026-03-21 12:20:12.722 DBG] OBS Settings :: Time to save 11.4066ms
[2026-03-21 12:20:12.734 DBG] MeldStudio Settings :: Time to save 12.3829ms
[2026-03-21 12:20:12.748 DBG] Credits :: Time to save 13.789ms
[2026-03-21 12:20:12.765 DBG] Quotes :: Time to save 16.2724ms
[2026-03-21 12:20:12.859 DBG] Config :: Time to save 17.7122ms
[2026-03-21 12:20:20.315 DBG] ActionDispatcher :: Queueing 'Sub Goal' (361aa588-5f31-4e19-b8a5-099cae52479d, TimedAction) to 'Default' (00000000-0000-0000-0000-000000000000), with 11 arguments
[2026-03-21 12:20:20.315 DBG] ActionQueue :: 'Default' (00000000-0000-0000-0000-000000000000) :: Enqueue action 361aa588-5f31-4e19-b8a5-099cae52479d
[2026-03-21 12:20:20.315 DBG] ActionQueue :: 'Default' (00000000-0000-0000-0000-000000000000) :: Handling queue
[2026-03-21 12:20:20.315 DBG] ActionQueue :: 'Default' (00000000-0000-0000-0000-000000000000) :: Performing non-blocking 'Sub Goal' (361aa588-5f31-4e19-b8a5-099cae52479d, 8fb8e586-fd59-469f-b5b1-a82f2a3a904a)
[2026-03-21 12:20:32.778 DBG] ViewerRepo :: UpdatePresence(twitch, 5), 0.0343ms
[2026-03-21 12:20:33.332 DBG] TwitchService :: Presence Timer :: Artificially updated presence with a threshold of 5 minutes (553.2217ms)
[2026-03-21 12:21:32.787 DBG] ViewerRepo :: UpdatePresence(twitch, 5), 0.0348ms
[2026-03-21 12:21:32.842 DBG] TwitchService :: Presence Timer :: Artificially updated presence with a threshold of 5 minutes (55.1748ms)
[2026-03-21 12:22:32.795 DBG] ViewerRepo :: UpdatePresence(twitch, 5), 0.0359ms
[2026-03-21 12:22:32.855 DBG] TwitchService :: Presence Timer :: Artificially updated presence with a threshold of 5 minutes (59.5772ms)
[2026-03-21 12:23:32.802 DBG] ViewerRepo :: UpdatePresence(twitch, 5), 0.0351ms
[2026-03-21 12:23:32.857 DBG] TwitchService :: Presence Timer :: Artificially updated presence with a threshold of 5 minutes (55.4702ms)
[2026-03-21 12:24:15.417 DBG] Credits :: Time to save 11.357ms
[2026-03-21 12:24:32.810 DBG] ViewerRepo :: UpdatePresence(twitch, 5), 0.0355ms
[2026-03-21 12:24:32.866 DBG] TwitchService :: Presence Timer :: Artificially updated presence with a threshold of 5 minutes (55.7328ms)
[2026-03-21 12:25:12.852 DBG] AutoSave :: Auto saving settings...
[2026-03-21 12:25:12.870 DBG] Users :: Time to save 18.7186ms
[2026-03-21 12:25:12.890 DBG] Actions :: Time to save 19.9696ms
[2026-03-21 12:25:12.906 DBG] Commands :: Time to save 15.7691ms
[2026-03-21 12:25:12.922 DBG] Twitch Rewards :: Time to save 15.4216ms
[2026-03-21 12:25:12.935 DBG] Midi :: Time to save 13.6672ms
[2026-03-21 12:25:12.949 DBG] OBS Settings :: Time to save 13.6078ms
[2026-03-21 12:25:12.962 DBG] MeldStudio Settings :: Time to save 13.0948ms
[2026-03-21 12:25:12.975 DBG] Credits :: Time to save 12.7992ms
[2026-03-21 12:25:12.991 DBG] Quotes :: Time to save 15.089ms
[2026-03-21 12:25:13.073 DBG] Config :: Time to save 16.5673ms
[2026-03-21 12:25:32.811 DBG] ViewerRepo :: UpdatePresence(twitch, 5), 0.0359ms
[2026-03-21 12:25:32.868 DBG] TwitchService :: Presence Timer :: Artificially updated presence with a threshold of 5 minutes (57.0862ms)
[2026-03-21 12:26:32.820 DBG] ViewerRepo :: UpdatePresence(twitch, 5), 0.0388ms
[2026-03-21 12:26:32.875 DBG] TwitchService :: Presence Timer :: Artificially updated presence with a threshold of 5 minutes (55.183ms)
[2026-03-21 12:27:32.825 DBG] ViewerRepo :: UpdatePresence(twitch, 5), 0.0348ms
[2026-03-21 12:27:32.877 DBG] TwitchService :: Presence Timer :: Artificially updated presence with a threshold of 5 minutes (53.0851ms)
[2026-03-21 12:28:32.826 DBG] ViewerRepo :: UpdatePresence(twitch, 5), 0.0336ms
[2026-03-21 12:28:32.883 DBG] TwitchService :: Presence Timer :: Artificially updated presence with a threshold of 5 minutes (57.6218ms)
[2026-03-21 12:29:15.432 DBG] Credits :: Time to save 11.2776ms
[2026-03-21 12:29:32.834 DBG] ViewerRepo :: UpdatePresence(twitch, 5), 0.0359ms
[2026-03-21 12:29:32.891 DBG] TwitchService :: Presence Timer :: Artificially updated presence with a threshold of 5 minutes (57.0735ms)
[2026-03-21 12:30:13.100 DBG] AutoSave :: Auto saving settings...
[2026-03-21 12:30:13.118 DBG] Users :: Time to save 17.5175ms
[2026-03-21 12:30:13.134 DBG] Actions :: Time to save 16.4167ms
[2026-03-21 12:30:13.145 DBG] Commands :: Time to save 11.0807ms
[2026-03-21 12:30:13.159 DBG] Twitch Rewards :: Time to save 13.9312ms
[2026-03-21 12:30:13.170 DBG] Midi :: Time to save 10.1483ms
[2026-03-21 12:30:13.183 DBG] OBS Settings :: Time to save 13.5473ms
[2026-03-21 12:30:13.192 DBG] MeldStudio Settings :: Time to save 9.5586ms
[2026-03-21 12:30:13.205 DBG] Credits :: Time to save 12.7388ms
[2026-03-21 12:30:13.221 DBG] Quotes :: Time to save 15.1189ms
[2026-03-21 12:30:13.321 DBG] Config :: Time to save 17.0693ms
[2026-03-21 12:30:20.401 DBG] ActionDispatcher :: Queueing 'Sub Goal' (361aa588-5f31-4e19-b8a5-099cae52479d, TimedAction) to 'Default' (00000000-0000-0000-0000-000000000000), with 11 arguments
[2026-03-21 12:30:20.401 DBG] ActionQueue :: 'Default' (00000000-0000-0000-0000-000000000000) :: Enqueue action 361aa588-5f31-4e19-b8a5-099cae52479d
[2026-03-21 12:30:20.401 DBG] ActionQueue :: 'Default' (00000000-0000-0000-0000-000000000000) :: Handling queue
[2026-03-21 12:30:20.401 DBG] ActionQueue :: 'Default' (00000000-0000-0000-0000-000000000000) :: Performing non-blocking 'Sub Goal' (361aa588-5f31-4e19-b8a5-099cae52479d, 4065c264-6cbf-40d4-beb8-2d01700553c9)
[2026-03-21 12:30:32.839 DBG] ViewerRepo :: UpdatePresence(twitch, 5), 0.036ms
[2026-03-21 12:30:32.897 DBG] TwitchService :: Presence Timer :: Artificially updated presence with a threshold of 5 minutes (58.1336ms)
[2026-03-21 12:31:32.848 DBG] ViewerRepo :: UpdatePresence(twitch, 5), 0.0365ms
[2026-03-21 12:31:32.905 DBG] TwitchService :: Presence Timer :: Artificially updated presence with a threshold of 5 minutes (57.1527ms)
[2026-03-21 12:32:32.857 DBG] ViewerRepo :: UpdatePresence(twitch, 5), 0.0368ms
[2026-03-21 12:32:32.911 DBG] TwitchService :: Presence Timer :: Artificially updated presence with a threshold of 5 minutes (54.3021ms)
[2026-03-21 12:33:32.861 DBG] ViewerRepo :: UpdatePresence(twitch, 5), 0.044ms
[2026-03-21 12:33:32.915 DBG] TwitchService :: Presence Timer :: Artificially updated presence with a threshold of 5 minutes (53.8194ms)
[2026-03-21 12:34:15.449 DBG] Credits :: Time to save 11.0617ms
[2026-03-21 12:34:32.867 DBG] ViewerRepo :: UpdatePresence(twitch, 5), 0.0354ms
[2026-03-21 12:34:32.926 DBG] TwitchService :: Presence Timer :: Artificially updated presence with a threshold of 5 minutes (59.7548ms)
[2026-03-21 12:35:13.274 DBG] AutoSave :: Auto saving settings...
[2026-03-21 12:35:13.298 DBG] Users :: Time to save 23.5604ms
[2026-03-21 12:35:13.322 DBG] Actions :: Time to save 24.5634ms
[2026-03-21 12:35:13.341 DBG] Commands :: Time to save 18.0134ms
[2026-03-21 12:35:13.358 DBG] Twitch Rewards :: Time to save 17.0034ms
[2026-03-21 12:35:13.371 DBG] Midi :: Time to save 13.7083ms
[2026-03-21 12:35:13.385 DBG] OBS Settings :: Time to save 13.8907ms
[2026-03-21 12:35:13.398 DBG] MeldStudio Settings :: Time to save 13.0623ms
[2026-03-21 12:35:13.413 DBG] Credits :: Time to save 14.4333ms
[2026-03-21 12:35:13.428 DBG] Quotes :: Time to save 15.6593ms
[2026-03-21 12:35:13.491 DBG] Config :: Time to save 12.7929ms
[2026-03-21 12:35:32.882 DBG] ViewerRepo :: UpdatePresence(twitch, 5), 0.0347ms
[2026-03-21 12:35:32.939 DBG] TwitchService :: Presence Timer :: Artificially updated presence with a threshold of 5 minutes (57.037ms)
[2026-03-21 12:36:32.883 DBG] ViewerRepo :: UpdatePresence(twitch, 5), 0.0349ms
[2026-03-21 12:36:32.938 DBG] TwitchService :: Presence Timer :: Artificially updated presence with a threshold of 5 minutes (55.2996ms)
[2026-03-21 12:37:32.893 DBG] ViewerRepo :: UpdatePresence(twitch, 5), 0.0488ms
[2026-03-21 12:37:32.947 DBG] TwitchService :: Presence Timer :: Artificially updated presence with a threshold of 5 minutes (54.2915ms)
[2026-03-21 12:38:32.895 DBG] ViewerRepo :: UpdatePresence(twitch, 5), 0.0337ms
[2026-03-21 12:38:32.953 DBG] TwitchService :: Presence Timer :: Artificially updated presence with a threshold of 5 minutes (58.0294ms)
[2026-03-21 12:39:15.463 DBG] Credits :: Time to save 15.2261ms
[2026-03-21 12:39:32.904 DBG] ViewerRepo :: UpdatePresence(twitch, 5), 0.0416ms
[2026-03-21 12:39:32.959 DBG] TwitchService :: Presence Timer :: Artificially updated presence with a threshold of 5 minutes (54.4689ms)
[2026-03-21 12:40:13.491 DBG] AutoSave :: Auto saving settings...
[2026-03-21 12:40:13.503 DBG] Users :: Time to save 12.3715ms
[2026-03-21 12:40:13.525 DBG] Actions :: Time to save 21.8752ms
[2026-03-21 12:40:13.536 DBG] Commands :: Time to save 10.8357ms
[2026-03-21 12:40:13.551 DBG] Twitch Rewards :: Time to save 14.2754ms
[2026-03-21 12:40:13.562 DBG] Midi :: Time to save 11.372ms
[2026-03-21 12:40:13.573 DBG] OBS Settings :: Time to save 11.3117ms
[2026-03-21 12:40:13.583 DBG] MeldStudio Settings :: Time to save 10.5034ms
[2026-03-21 12:40:13.596 DBG] Credits :: Time to save 12.1515ms
[2026-03-21 12:40:13.610 DBG] Quotes :: Time to save 13.472ms
[2026-03-21 12:40:13.716 DBG] Config :: Time to save 19.8796ms
[2026-03-21 12:40:21.255 DBG] ActionDispatcher :: Queueing 'Sub Goal' (361aa588-5f31-4e19-b8a5-099cae52479d, TimedAction) to 'Default' (00000000-0000-0000-0000-000000000000), with 11 arguments
[2026-03-21 12:40:21.255 DBG] ActionQueue :: 'Default' (00000000-0000-0000-0000-000000000000) :: Enqueue action 361aa588-5f31-4e19-b8a5-099cae52479d
[2026-03-21 12:40:21.255 DBG] ActionQueue :: 'Default' (00000000-0000-0000-0000-000000000000) :: Handling queue
[2026-03-21 12:40:21.255 DBG] ActionQueue :: 'Default' (00000000-0000-0000-0000-000000000000) :: Performing non-blocking 'Sub Goal' (361aa588-5f31-4e19-b8a5-099cae52479d, 55e3e669-2a5d-43d4-9ab5-ecc7c8020ffd)
[2026-03-21 12:40:32.917 DBG] ViewerRepo :: UpdatePresence(twitch, 5), 0.0601ms
[2026-03-21 12:40:32.971 DBG] TwitchService :: Presence Timer :: Artificially updated presence with a threshold of 5 minutes (54.3544ms)
[2026-03-21 12:41:32.925 DBG] ViewerRepo :: UpdatePresence(twitch, 5), 0.0356ms
[2026-03-21 12:41:32.982 DBG] TwitchService :: Presence Timer :: Artificially updated presence with a threshold of 5 minutes (57.4629ms)
[2026-03-21 12:42:32.941 DBG] ViewerRepo :: UpdatePresence(twitch, 5), 0.0352ms
[2026-03-21 12:42:32.998 DBG] TwitchService :: Presence Timer :: Artificially updated presence with a threshold of 5 minutes (57.6452ms)
[2026-03-21 12:43:32.946 DBG] ViewerRepo :: UpdatePresence(twitch, 5), 0.0343ms
[2026-03-21 12:43:33.000 DBG] TwitchService :: Presence Timer :: Artificially updated presence with a threshold of 5 minutes (54.0091ms)
[2026-03-21 12:44:15.475 DBG] Credits :: Time to save 15.2334ms
[2026-03-21 12:44:32.960 DBG] ViewerRepo :: UpdatePresence(twitch, 5), 0.0387ms
[2026-03-21 12:44:33.018 DBG] TwitchService :: Presence Timer :: Artificially updated presence with a threshold of 5 minutes (57.4932ms)
[2026-03-21 12:45:13.718 DBG] AutoSave :: Auto saving settings...
[2026-03-21 12:45:13.737 DBG] Users :: Time to save 18.6778ms
[2026-03-21 12:45:13.759 DBG] Actions :: Time to save 22.1875ms
[2026-03-21 12:45:13.776 DBG] Commands :: Time to save 16.4829ms
[2026-03-21 12:45:13.789 DBG] Twitch Rewards :: Time to save 13.8762ms
[2026-03-21 12:45:13.803 DBG] Midi :: Time to save 13.8888ms
[2026-03-21 12:45:13.817 DBG] OBS Settings :: Time to save 13.8802ms
[2026-03-21 12:45:13.832 DBG] MeldStudio Settings :: Time to save 14.7357ms
[2026-03-21 12:45:13.846 DBG] Credits :: Time to save 13.9069ms
[2026-03-21 12:45:13.862 DBG] Quotes :: Time to save 15.767ms
[2026-03-21 12:45:13.938 DBG] Config :: Time to save 18.0422ms
[2026-03-21 12:45:32.967 DBG] ViewerRepo :: UpdatePresence(twitch, 5), 0.0503ms
[2026-03-21 12:45:33.025 DBG] TwitchService :: Presence Timer :: Artificially updated presence with a threshold of 5 minutes (58.0513ms)
[2026-03-21 12:46:32.975 DBG] ViewerRepo :: UpdatePresence(twitch, 5), 0.039ms
[2026-03-21 12:46:33.071 DBG] TwitchService :: Presence Timer :: Artificially updated presence with a threshold of 5 minutes (95.5067ms)
[2026-03-21 12:47:32.976 DBG] ViewerRepo :: UpdatePresence(twitch, 5), 0.0362ms
[2026-03-21 12:47:33.033 DBG] TwitchService :: Presence Timer :: Artificially updated presence with a threshold of 5 minutes (56.7729ms)
[2026-03-21 12:48:32.983 DBG] ViewerRepo :: UpdatePresence(twitch, 5), 0.0353ms
[2026-03-21 12:48:33.043 DBG] TwitchService :: Presence Timer :: Artificially updated presence with a threshold of 5 minutes (59.5673ms)
[2026-03-21 12:49:15.483 DBG] Credits :: Time to save 15.4157ms
[2026-03-21 12:49:32.984 DBG] ViewerRepo :: UpdatePresence(twitch, 5), 0.0351ms
[2026-03-21 12:49:33.039 DBG] TwitchService :: Presence Timer :: Artificially updated presence with a threshold of 5 minutes (54.6046ms)
[2026-03-21 12:50:13.979 DBG] AutoSave :: Auto saving settings...
[2026-03-21 12:50:13.999 DBG] Users :: Time to save 19.5298ms
[2026-03-21 12:50:14.023 DBG] Actions :: Time to save 24.6523ms
[2026-03-21 12:50:14.040 DBG] Commands :: Time to save 15.7994ms
[2026-03-21 12:50:14.052 DBG] Twitch Rewards :: Time to save 12.6026ms
[2026-03-21 12:50:14.065 DBG] Midi :: Time to save 12.8195ms
[2026-03-21 12:50:14.078 DBG] OBS Settings :: Time to save 13.3198ms
[2026-03-21 12:50:14.092 DBG] MeldStudio Settings :: Time to save 13.2503ms
[2026-03-21 12:50:14.107 DBG] Credits :: Time to save 14.6417ms
[2026-03-21 12:50:14.123 DBG] Quotes :: Time to save 16.0556ms
[2026-03-21 12:50:14.208 DBG] Config :: Time to save 12.5032ms
[2026-03-21 12:50:21.267 DBG] ActionDispatcher :: Queueing 'Sub Goal' (361aa588-5f31-4e19-b8a5-099cae52479d, TimedAction) to 'Default' (00000000-0000-0000-0000-000000000000), with 11 arguments
[2026-03-21 12:50:21.267 DBG] ActionQueue :: 'Default' (00000000-0000-0000-0000-000000000000) :: Enqueue action 361aa588-5f31-4e19-b8a5-099cae52479d
[2026-03-21 12:50:21.267 DBG] ActionQueue :: 'Default' (00000000-0000-0000-0000-000000000000) :: Handling queue
[2026-03-21 12:50:21.267 DBG] ActionQueue :: 'Default' (00000000-0000-0000-0000-000000000000) :: Performing non-blocking 'Sub Goal' (361aa588-5f31-4e19-b8a5-099cae52479d, 1bb8b783-1e15-41dc-aef7-00457400a10e)
[2026-03-21 12:50:32.996 DBG] ViewerRepo :: UpdatePresence(twitch, 5), 0.0367ms
[2026-03-21 12:50:33.052 DBG] TwitchService :: Presence Timer :: Artificially updated presence with a threshold of 5 minutes (56.1377ms)
[2026-03-21 12:51:33.002 DBG] ViewerRepo :: UpdatePresence(twitch, 5), 0.038ms
[2026-03-21 12:51:33.057 DBG] TwitchService :: Presence Timer :: Artificially updated presence with a threshold of 5 minutes (55.3932ms)
[2026-03-21 12:52:33.009 DBG] ViewerRepo :: UpdatePresence(twitch, 5), 0.0355ms
[2026-03-21 12:52:33.063 DBG] TwitchService :: Presence Timer :: Artificially updated presence with a threshold of 5 minutes (55.1257ms)
[2026-03-21 12:53:33.024 DBG] ViewerRepo :: UpdatePresence(twitch, 5), 0.0353ms
[2026-03-21 12:53:33.080 DBG] TwitchService :: Presence Timer :: Artificially updated presence with a threshold of 5 minutes (55.8108ms)
[2026-03-21 12:54:15.488 DBG] Credits :: Time to save 17.484ms
[2026-03-21 12:54:33.027 DBG] ViewerRepo :: UpdatePresence(twitch, 5), 0.0356ms
[2026-03-21 12:54:33.083 DBG] TwitchService :: Presence Timer :: Artificially updated presence with a threshold of 5 minutes (56.2806ms)
[2026-03-21 12:55:14.228 DBG] AutoSave :: Auto saving settings...
[2026-03-21 12:55:14.248 DBG] Users :: Time to save 19.7456ms
[2026-03-21 12:55:14.265 DBG] Actions :: Time to save 17.0542ms
[2026-03-21 12:55:14.278 DBG] Commands :: Time to save 12.753ms
[2026-03-21 12:55:14.290 DBG] Twitch Rewards :: Time to save 11.7028ms
[2026-03-21 12:55:14.303 DBG] Midi :: Time to save 14.0988ms
[2026-03-21 12:55:14.321 DBG] OBS Settings :: Time to save 16.8547ms
[2026-03-21 12:55:14.336 DBG] MeldStudio Settings :: Time to save 14.4649ms
[2026-03-21 12:55:14.350 DBG] Credits :: Time to save 14.2193ms
[2026-03-21 12:55:14.365 DBG] Quotes :: Time to save 15.5624ms
[2026-03-21 12:55:14.450 DBG] Config :: Time to save 17.4368ms
[2026-03-21 12:55:33.034 DBG] ViewerRepo :: UpdatePresence(twitch, 5), 0.0376ms
[2026-03-21 12:55:33.087 DBG] TwitchService :: Presence Timer :: Artificially updated presence with a threshold of 5 minutes (53.8116ms)
[2026-03-21 12:56:33.044 DBG] ViewerRepo :: UpdatePresence(twitch, 5), 0.0345ms
[2026-03-21 12:56:33.097 DBG] TwitchService :: Presence Timer :: Artificially updated presence with a threshold of 5 minutes (53.4433ms)
[2026-03-21 12:57:33.055 DBG] ViewerRepo :: UpdatePresence(twitch, 5), 0.0451ms
[2026-03-21 12:57:33.110 DBG] TwitchService :: Presence Timer :: Artificially updated presence with a threshold of 5 minutes (55.0622ms)
[2026-03-21 12:58:33.055 DBG] ViewerRepo :: UpdatePresence(twitch, 5), 0.0379ms
[2026-03-21 12:58:33.111 DBG] TwitchService :: Presence Timer :: Artificially updated presence with a threshold of 5 minutes (55.2448ms)
[2026-03-21 12:59:15.498 DBG] Credits :: Time to save 11.7849ms
[2026-03-21 12:59:33.069 DBG] ViewerRepo :: UpdatePresence(twitch, 5), 0.0342ms
[2026-03-21 12:59:33.124 DBG] TwitchService :: Presence Timer :: Artificially updated presence with a threshold of 5 minutes (55.7352ms)
[2026-03-21 13:00:14.482 DBG] AutoSave :: Auto saving settings...
[2026-03-21 13:00:14.500 DBG] Users :: Time to save 17.8837ms
[2026-03-21 13:00:14.518 DBG] Actions :: Time to save 18.0297ms
[2026-03-21 13:00:14.531 DBG] Commands :: Time to save 14.431ms
[2026-03-21 13:00:14.543 DBG] Twitch Rewards :: Time to save 10.7692ms
[2026-03-21 13:00:14.557 DBG] Midi :: Time to save 14.0491ms
[2026-03-21 13:00:14.572 DBG] OBS Settings :: Time to save 15.874ms
[2026-03-21 13:00:14.587 DBG] MeldStudio Settings :: Time to save 14.3414ms
[2026-03-21 13:00:14.600 DBG] Credits :: Time to save 13.3065ms
[2026-03-21 13:00:14.616 DBG] Quotes :: Time to save 15.3986ms
[2026-03-21 13:00:14.700 DBG] Config :: Time to save 17.2438ms
[2026-03-21 13:00:22.023 DBG] ActionDispatcher :: Queueing 'Sub Goal' (361aa588-5f31-4e19-b8a5-099cae52479d, TimedAction) to 'Default' (00000000-0000-0000-0000-000000000000), with 11 arguments
[2026-03-21 13:00:22.023 DBG] ActionQueue :: 'Default' (00000000-0000-0000-0000-000000000000) :: Enqueue action 361aa588-5f31-4e19-b8a5-099cae52479d
[2026-03-21 13:00:22.023 DBG] ActionQueue :: 'Default' (00000000-0000-0000-0000-000000000000) :: Handling queue
[2026-03-21 13:00:22.023 DBG] ActionQueue :: 'Default' (00000000-0000-0000-0000-000000000000) :: Performing non-blocking 'Sub Goal' (361aa588-5f31-4e19-b8a5-099cae52479d, 47721263-8c66-4e9b-bd22-30139e9e33c7)
[2026-03-21 13:00:33.081 DBG] ViewerRepo :: UpdatePresence(twitch, 5), 0.0379ms
[2026-03-21 13:00:33.137 DBG] TwitchService :: Presence Timer :: Artificially updated presence with a threshold of 5 minutes (55.4121ms)
[2026-03-21 13:01:33.092 DBG] ViewerRepo :: UpdatePresence(twitch, 5), 0.0608ms
[2026-03-21 13:01:33.150 DBG] TwitchService :: Presence Timer :: Artificially updated presence with a threshold of 5 minutes (58.1746ms)
[2026-03-21 13:02:33.105 DBG] ViewerRepo :: UpdatePresence(twitch, 5), 0.0588ms
[2026-03-21 13:02:33.157 DBG] TwitchService :: Presence Timer :: Artificially updated presence with a threshold of 5 minutes (53.0172ms)
[2026-03-21 13:03:33.111 DBG] ViewerRepo :: UpdatePresence(twitch, 5), 0.0357ms
[2026-03-21 13:03:33.167 DBG] TwitchService :: Presence Timer :: Artificially updated presence with a threshold of 5 minutes (55.8504ms)
[2026-03-21 13:04:15.515 DBG] Credits :: Time to save 14.9275ms
[2026-03-21 13:04:33.117 DBG] ViewerRepo :: UpdatePresence(twitch, 5), 0.035ms
[2026-03-21 13:04:33.173 DBG] TwitchService :: Presence Timer :: Artificially updated presence with a threshold of 5 minutes (57.2198ms)
[2026-03-21 13:05:14.718 DBG] AutoSave :: Auto saving settings...
[2026-03-21 13:05:14.736 DBG] Users :: Time to save 17.8498ms
[2026-03-21 13:05:14.758 DBG] Actions :: Time to save 22.2429ms
[2026-03-21 13:05:14.772 DBG] Commands :: Time to save 14.1798ms
[2026-03-21 13:05:14.787 DBG] Twitch Rewards :: Time to save 15.3175ms
[2026-03-21 13:05:14.801 DBG] Midi :: Time to save 13.2296ms
[2026-03-21 13:05:14.815 DBG] OBS Settings :: Time to save 14.5359ms
[2026-03-21 13:05:14.829 DBG] MeldStudio Settings :: Time to save 13.4227ms
[2026-03-21 13:05:14.841 DBG] Credits :: Time to save 11.3341ms
[2026-03-21 13:05:14.854 DBG] Quotes :: Time to save 14.2402ms
[2026-03-21 13:05:14.934 DBG] Config :: Time to save 12.3191ms
[2026-03-21 13:05:33.117 DBG] ViewerRepo :: UpdatePresence(twitch, 5), 0.0362ms
[2026-03-21 13:05:33.170 DBG] TwitchService :: Presence Timer :: Artificially updated presence with a threshold of 5 minutes (53.4971ms)
[2026-03-21 13:06:33.129 DBG] ViewerRepo :: UpdatePresence(twitch, 5), 0.037ms
[2026-03-21 13:06:33.182 DBG] TwitchService :: Presence Timer :: Artificially updated presence with a threshold of 5 minutes (53.7464ms)
[2026-03-21 13:07:33.140 DBG] ViewerRepo :: UpdatePresence(twitch, 5), 0.0365ms
[2026-03-21 13:07:33.200 DBG] TwitchService :: Presence Timer :: Artificially updated presence with a threshold of 5 minutes (60.1949ms)
[2026-03-21 13:08:33.151 DBG] ViewerRepo :: UpdatePresence(twitch, 5), 0.0369ms
[2026-03-21 13:08:33.204 DBG] TwitchService :: Presence Timer :: Artificially updated presence with a threshold of 5 minutes (53.875ms)
[2026-03-21 13:09:15.517 DBG] Credits :: Time to save 14.8104ms
[2026-03-21 13:09:33.159 DBG] ViewerRepo :: UpdatePresence(twitch, 5), 0.0361ms
[2026-03-21 13:09:33.218 DBG] TwitchService :: Presence Timer :: Artificially updated presence with a threshold of 5 minutes (58.249ms)
[2026-03-21 13:10:14.934 DBG] AutoSave :: Auto saving settings...
[2026-03-21 13:10:14.951 DBG] Users :: Time to save 17.7464ms
[2026-03-21 13:10:14.969 DBG] Actions :: Time to save 17.6975ms
[2026-03-21 13:10:14.979 DBG] Commands :: Time to save 10.6193ms
[2026-03-21 13:10:14.996 DBG] Twitch Rewards :: Time to save 16.368ms
[2026-03-21 13:10:15.005 DBG] Midi :: Time to save 9.8417ms
[2026-03-21 13:10:15.017 DBG] OBS Settings :: Time to save 11.5338ms
[2026-03-21 13:10:15.028 DBG] MeldStudio Settings :: Time to save 10.5661ms
[2026-03-21 13:10:15.037 DBG] Credits :: Time to save 9.5862ms
[2026-03-21 13:10:15.049 DBG] Quotes :: Time to save 11.208ms
[2026-03-21 13:10:15.154 DBG] Config :: Time to save 17.0927ms
[2026-03-21 13:10:22.759 DBG] ActionDispatcher :: Queueing 'Sub Goal' (361aa588-5f31-4e19-b8a5-099cae52479d, TimedAction) to 'Default' (00000000-0000-0000-0000-000000000000), with 11 arguments
[2026-03-21 13:10:22.760 DBG] ActionQueue :: 'Default' (00000000-0000-0000-0000-000000000000) :: Enqueue action 361aa588-5f31-4e19-b8a5-099cae52479d
[2026-03-21 13:10:22.760 DBG] ActionQueue :: 'Default' (00000000-0000-0000-0000-000000000000) :: Handling queue
[2026-03-21 13:10:22.760 DBG] ActionQueue :: 'Default' (00000000-0000-0000-0000-000000000000) :: Performing non-blocking 'Sub Goal' (361aa588-5f31-4e19-b8a5-099cae52479d, e8f0d4d3-2e79-4b21-93c0-f77c215b6ea5)
[2026-03-21 13:10:33.174 DBG] ViewerRepo :: UpdatePresence(twitch, 5), 0.0342ms
[2026-03-21 13:10:33.231 DBG] TwitchService :: Presence Timer :: Artificially updated presence with a threshold of 5 minutes (57.5923ms)
[2026-03-21 13:11:33.191 DBG] ViewerRepo :: UpdatePresence(twitch, 5), 0.0346ms
[2026-03-21 13:11:33.243 DBG] TwitchService :: Presence Timer :: Artificially updated presence with a threshold of 5 minutes (51.9376ms)
[2026-03-21 13:12:33.192 DBG] ViewerRepo :: UpdatePresence(twitch, 5), 0.0357ms
[2026-03-21 13:12:33.253 DBG] TwitchService :: Presence Timer :: Artificially updated presence with a threshold of 5 minutes (61.566ms)
[2026-03-21 13:13:33.198 DBG] ViewerRepo :: UpdatePresence(twitch, 5), 0.1007ms
[2026-03-21 13:13:33.254 DBG] TwitchService :: Presence Timer :: Artificially updated presence with a threshold of 5 minutes (56.2744ms)
[2026-03-21 13:14:15.522 DBG] Credits :: Time to save 15.6531ms
[2026-03-21 13:14:33.208 DBG] ViewerRepo :: UpdatePresence(twitch, 5), 0.0347ms
[2026-03-21 13:14:33.263 DBG] TwitchService :: Presence Timer :: Artificially updated presence with a threshold of 5 minutes (54.5507ms)
[2026-03-21 13:15:15.127 DBG] AutoSave :: Auto saving settings...
[2026-03-21 13:15:15.145 DBG] Users :: Time to save 17.8148ms
[2026-03-21 13:15:15.164 DBG] Actions :: Time to save 19.007ms
[2026-03-21 13:15:15.175 DBG] Commands :: Time to save 11.4882ms
[2026-03-21 13:15:15.187 DBG] Twitch Rewards :: Time to save 11.3584ms
[2026-03-21 13:15:15.199 DBG] Midi :: Time to save 12.7664ms
[2026-03-21 13:15:15.211 DBG] OBS Settings :: Time to save 11.5135ms
[2026-03-21 13:15:15.221 DBG] MeldStudio Settings :: Time to save 9.1171ms
[2026-03-21 13:15:15.232 DBG] Credits :: Time to save 12.5622ms
[2026-03-21 13:15:15.244 DBG] Quotes :: Time to save 10.8084ms
[2026-03-21 13:15:15.349 DBG] Config :: Time to save 17.8622ms
[2026-03-21 13:15:33.227 DBG] ViewerRepo :: UpdatePresence(twitch, 5), 0.0397ms
[2026-03-21 13:15:33.281 DBG] TwitchService :: Presence Timer :: Artificially updated presence with a threshold of 5 minutes (54.7508ms)
[2026-03-21 13:16:33.241 DBG] ViewerRepo :: UpdatePresence(twitch, 5), 0.038ms
[2026-03-21 13:16:33.296 DBG] TwitchService :: Presence Timer :: Artificially updated presence with a threshold of 5 minutes (55.8814ms)
[2026-03-21 13:17:33.252 DBG] ViewerRepo :: UpdatePresence(twitch, 5), 0.0343ms
[2026-03-21 13:17:33.313 DBG] TwitchService :: Presence Timer :: Artificially updated presence with a threshold of 5 minutes (60.7304ms)
[2026-03-21 13:18:33.265 DBG] ViewerRepo :: UpdatePresence(twitch, 5), 0.0377ms
[2026-03-21 13:18:33.321 DBG] TwitchService :: Presence Timer :: Artificially updated presence with a threshold of 5 minutes (56.4532ms)
[2026-03-21 13:19:15.539 DBG] Credits :: Time to save 15.7895ms
[2026-03-21 13:19:33.281 DBG] ViewerRepo :: UpdatePresence(twitch, 5), 0.0347ms
[2026-03-21 13:19:33.337 DBG] TwitchService :: Presence Timer :: Artificially updated presence with a threshold of 5 minutes (56.4846ms)
[2026-03-21 13:20:15.329 DBG] AutoSave :: Auto saving settings...
[2026-03-21 13:20:15.342 DBG] Users :: Time to save 13.3891ms
[2026-03-21 13:20:15.362 DBG] Actions :: Time to save 20.6082ms
[2026-03-21 13:20:15.381 DBG] Commands :: Time to save 18.1314ms
[2026-03-21 13:20:15.398 DBG] Twitch Rewards :: Time to save 17.3523ms
[2026-03-21 13:20:15.412 DBG] Midi :: Time to save 13.4951ms
[2026-03-21 13:20:15.426 DBG] OBS Settings :: Time to save 13.9628ms
[2026-03-21 13:20:15.439 DBG] MeldStudio Settings :: Time to save 13.4491ms
[2026-03-21 13:20:15.452 DBG] Credits :: Time to save 13.1401ms
[2026-03-21 13:20:15.467 DBG] Quotes :: Time to save 14.7898ms
[2026-03-21 13:20:15.547 DBG] Config :: Time to save 12.1876ms
[2026-03-21 13:20:23.505 DBG] ActionDispatcher :: Queueing 'Sub Goal' (361aa588-5f31-4e19-b8a5-099cae52479d, TimedAction) to 'Default' (00000000-0000-0000-0000-000000000000), with 11 arguments
[2026-03-21 13:20:23.505 DBG] ActionQueue :: 'Default' (00000000-0000-0000-0000-000000000000) :: Enqueue action 361aa588-5f31-4e19-b8a5-099cae52479d
[2026-03-21 13:20:23.505 DBG] ActionQueue :: 'Default' (00000000-0000-0000-0000-000000000000) :: Handling queue
[2026-03-21 13:20:23.505 DBG] ActionQueue :: 'Default' (00000000-0000-0000-0000-000000000000) :: Performing non-blocking 'Sub Goal' (361aa588-5f31-4e19-b8a5-099cae52479d, e8b1d60c-cf72-470b-a1f4-9ab179bde510)
[2026-03-21 13:20:33.289 DBG] ViewerRepo :: UpdatePresence(twitch, 5), 0.0355ms
[2026-03-21 13:20:33.907 DBG] TwitchService :: Presence Timer :: Artificially updated presence with a threshold of 5 minutes (617.4928ms)
[2026-03-21 13:21:33.299 DBG] ViewerRepo :: UpdatePresence(twitch, 5), 0.036ms
[2026-03-21 13:21:33.360 DBG] TwitchService :: Presence Timer :: Artificially updated presence with a threshold of 5 minutes (60.7029ms)
[2026-03-21 13:22:33.311 DBG] ViewerRepo :: UpdatePresence(twitch, 5), 0.035ms
[2026-03-21 13:22:33.374 DBG] TwitchService :: Presence Timer :: Artificially updated presence with a threshold of 5 minutes (63.1272ms)
[2026-03-21 13:23:33.314 DBG] ViewerRepo :: UpdatePresence(twitch, 5), 0.0393ms
[2026-03-21 13:23:33.382 DBG] TwitchService :: Presence Timer :: Artificially updated presence with a threshold of 5 minutes (68.2175ms)
[2026-03-21 13:24:15.547 DBG] Credits :: Time to save 15.7454ms
[2026-03-21 13:24:33.326 DBG] ViewerRepo :: UpdatePresence(twitch, 5), 0.0373ms
[2026-03-21 13:24:33.379 DBG] TwitchService :: Presence Timer :: Artificially updated presence with a threshold of 5 minutes (53.328ms)
[2026-03-21 13:25:15.572 DBG] AutoSave :: Auto saving settings...
[2026-03-21 13:25:15.590 DBG] Users :: Time to save 17.904ms
[2026-03-21 13:25:15.613 DBG] Actions :: Time to save 23.0775ms
[2026-03-21 13:25:15.629 DBG] Commands :: Time to save 16.4125ms
[2026-03-21 13:25:15.645 DBG] Twitch Rewards :: Time to save 15.8808ms
[2026-03-21 13:25:15.659 DBG] Midi :: Time to save 14.1567ms
[2026-03-21 13:25:15.671 DBG] OBS Settings :: Time to save 11.7158ms
[2026-03-21 13:25:15.685 DBG] MeldStudio Settings :: Time to save 13.7299ms
[2026-03-21 13:25:15.699 DBG] Credits :: Time to save 13.9614ms
[2026-03-21 13:25:15.714 DBG] Quotes :: Time to save 15.7578ms
[2026-03-21 13:25:15.790 DBG] Config :: Time to save 13.6904ms
[2026-03-21 13:25:33.341 DBG] ViewerRepo :: UpdatePresence(twitch, 5), 0.0639ms
[2026-03-21 13:25:33.396 DBG] TwitchService :: Presence Timer :: Artificially updated presence with a threshold of 5 minutes (55.0286ms)
[2026-03-21 13:26:33.349 DBG] ViewerRepo :: UpdatePresence(twitch, 5), 0.0476ms
[2026-03-21 13:26:33.407 DBG] TwitchService :: Presence Timer :: Artificially updated presence with a threshold of 5 minutes (58.0739ms)
[2026-03-21 13:27:33.359 DBG] ViewerRepo :: UpdatePresence(twitch, 5), 0.0355ms
[2026-03-21 13:27:33.417 DBG] TwitchService :: Presence Timer :: Artificially updated presence with a threshold of 5 minutes (58.1149ms)
[2026-03-21 13:28:33.370 DBG] ViewerRepo :: UpdatePresence(twitch, 5), 0.0361ms
[2026-03-21 13:28:33.426 DBG] TwitchService :: Presence Timer :: Artificially updated presence with a threshold of 5 minutes (56.4138ms)
[2026-03-21 13:29:15.550 DBG] Credits :: Time to save 16.0479ms
[2026-03-21 13:29:33.380 DBG] ViewerRepo :: UpdatePresence(twitch, 5), 0.0341ms
[2026-03-21 13:29:33.440 DBG] TwitchService :: Presence Timer :: Artificially updated presence with a threshold of 5 minutes (60.3001ms)
[2026-03-21 13:30:15.806 DBG] AutoSave :: Auto saving settings...
[2026-03-21 13:30:15.820 DBG] Users :: Time to save 13.9401ms
[2026-03-21 13:30:15.842 DBG] Actions :: Time to save 23.2384ms
[2026-03-21 13:30:15.856 DBG] Commands :: Time to save 13.1699ms
[2026-03-21 13:30:15.872 DBG] Twitch Rewards :: Time to save 16.7374ms
[2026-03-21 13:30:15.887 DBG] Midi :: Time to save 13.565ms
[2026-03-21 13:30:15.900 DBG] OBS Settings :: Time to save 13.554ms
[2026-03-21 13:30:15.910 DBG] MeldStudio Settings :: Time to save 10.3498ms
[2026-03-21 13:30:15.922 DBG] Credits :: Time to save 11.013ms
[2026-03-21 13:30:15.934 DBG] Quotes :: Time to save 12.1251ms
[2026-03-21 13:30:16.028 DBG] Config :: Time to save 18.7531ms
[2026-03-21 13:30:23.953 DBG] ActionDispatcher :: Queueing 'Sub Goal' (361aa588-5f31-4e19-b8a5-099cae52479d, TimedAction) to 'Default' (00000000-0000-0000-0000-000000000000), with 11 arguments
[2026-03-21 13:30:23.953 DBG] ActionQueue :: 'Default' (00000000-0000-0000-0000-000000000000) :: Enqueue action 361aa588-5f31-4e19-b8a5-099cae52479d
[2026-03-21 13:30:23.953 DBG] ActionQueue :: 'Default' (00000000-0000-0000-0000-000000000000) :: Handling queue
[2026-03-21 13:30:23.953 DBG] ActionQueue :: 'Default' (00000000-0000-0000-0000-000000000000) :: Performing non-blocking 'Sub Goal' (361aa588-5f31-4e19-b8a5-099cae52479d, 7bfb0d1a-ba1f-4571-8760-fe7e13e1ff84)
[2026-03-21 13:30:33.394 DBG] ViewerRepo :: UpdatePresence(twitch, 5), 0.0352ms
[2026-03-21 13:30:33.466 DBG] TwitchService :: Presence Timer :: Artificially updated presence with a threshold of 5 minutes (72.9115ms)
[2026-03-21 13:31:33.401 DBG] ViewerRepo :: UpdatePresence(twitch, 5), 0.0506ms
[2026-03-21 13:31:33.457 DBG] TwitchService :: Presence Timer :: Artificially updated presence with a threshold of 5 minutes (56.4529ms)
[2026-03-21 13:32:33.402 DBG] ViewerRepo :: UpdatePresence(twitch, 5), 0.0347ms
[2026-03-21 13:32:33.456 DBG] TwitchService :: Presence Timer :: Artificially updated presence with a threshold of 5 minutes (54.1891ms)
[2026-03-21 13:33:33.417 DBG] ViewerRepo :: UpdatePresence(twitch, 5), 0.0357ms
[2026-03-21 13:33:33.471 DBG] TwitchService :: Presence Timer :: Artificially updated presence with a threshold of 5 minutes (54.3147ms)
[2026-03-21 13:34:15.570 DBG] Credits :: Time to save 16.3809ms
[2026-03-21 13:34:33.423 DBG] ViewerRepo :: UpdatePresence(twitch, 5), 0.0403ms
[2026-03-21 13:34:33.480 DBG] TwitchService :: Presence Timer :: Artificially updated presence with a threshold of 5 minutes (57.7776ms)
[2026-03-21 13:35:16.015 DBG] AutoSave :: Auto saving settings...
[2026-03-21 13:35:16.028 DBG] Users :: Time to save 12.9248ms
[2026-03-21 13:35:16.050 DBG] Actions :: Time to save 21.8841ms
[2026-03-21 13:35:16.067 DBG] Commands :: Time to save 16.8801ms
[2026-03-21 13:35:16.082 DBG] Twitch Rewards :: Time to save 15.6791ms
[2026-03-21 13:35:16.092 DBG] Midi :: Time to save 9.6452ms
[2026-03-21 13:35:16.105 DBG] OBS Settings :: Time to save 13.1508ms
[2026-03-21 13:35:16.118 DBG] MeldStudio Settings :: Time to save 12.3688ms
[2026-03-21 13:35:16.131 DBG] Credits :: Time to save 13.0754ms
[2026-03-21 13:35:16.146 DBG] Quotes :: Time to save 15.6054ms
[2026-03-21 13:35:16.236 DBG] Config :: Time to save 18.3792ms
[2026-03-21 13:35:33.434 DBG] ViewerRepo :: UpdatePresence(twitch, 5), 0.0382ms
[2026-03-21 13:35:33.488 DBG] TwitchService :: Presence Timer :: Artificially updated presence with a threshold of 5 minutes (54.2411ms)
[2026-03-21 13:36:33.442 DBG] ViewerRepo :: UpdatePresence(twitch, 5), 0.0371ms
[2026-03-21 13:36:33.498 DBG] TwitchService :: Presence Timer :: Artificially updated presence with a threshold of 5 minutes (55.7057ms)
[2026-03-21 13:37:33.449 DBG] ViewerRepo :: UpdatePresence(twitch, 5), 0.0348ms
[2026-03-21 13:37:33.504 DBG] TwitchService :: Presence Timer :: Artificially updated presence with a threshold of 5 minutes (54.2893ms)
[2026-03-21 13:38:33.455 DBG] ViewerRepo :: UpdatePresence(twitch, 5), 0.1584ms
[2026-03-21 13:38:33.506 DBG] TwitchService :: Presence Timer :: Artificially updated presence with a threshold of 5 minutes (51.6633ms)
[2026-03-21 13:39:15.570 DBG] Credits :: Time to save 12.1879ms
[2026-03-21 13:39:33.466 DBG] ViewerRepo :: UpdatePresence(twitch, 5), 0.0337ms
[2026-03-21 13:39:33.525 DBG] TwitchService :: Presence Timer :: Artificially updated presence with a threshold of 5 minutes (58.8178ms)
[2026-03-21 13:40:16.205 DBG] AutoSave :: Auto saving settings...
[2026-03-21 13:40:16.224 DBG] Users :: Time to save 20.2232ms
[2026-03-21 13:40:16.250 DBG] Actions :: Time to save 25.2834ms
[2026-03-21 13:40:16.267 DBG] Commands :: Time to save 17.4009ms
[2026-03-21 13:40:16.285 DBG] Twitch Rewards :: Time to save 17.0758ms
[2026-03-21 13:40:16.299 DBG] Midi :: Time to save 14.6943ms
[2026-03-21 13:40:16.314 DBG] OBS Settings :: Time to save 14.8578ms
[2026-03-21 13:40:16.329 DBG] MeldStudio Settings :: Time to save 14.9836ms
[2026-03-21 13:40:16.344 DBG] Credits :: Time to save 14.5069ms
[2026-03-21 13:40:16.362 DBG] Quotes :: Time to save 17.9756ms
[2026-03-21 13:40:16.425 DBG] Config :: Time to save 18.8684ms
[2026-03-21 13:40:24.364 DBG] ActionDispatcher :: Queueing 'Sub Goal' (361aa588-5f31-4e19-b8a5-099cae52479d, TimedAction) to 'Default' (00000000-0000-0000-0000-000000000000), with 11 arguments
[2026-03-21 13:40:24.364 DBG] ActionQueue :: 'Default' (00000000-0000-0000-0000-000000000000) :: Enqueue action 361aa588-5f31-4e19-b8a5-099cae52479d
[2026-03-21 13:40:24.364 DBG] ActionQueue :: 'Default' (00000000-0000-0000-0000-000000000000) :: Handling queue
[2026-03-21 13:40:24.364 DBG] ActionQueue :: 'Default' (00000000-0000-0000-0000-000000000000) :: Performing non-blocking 'Sub Goal' (361aa588-5f31-4e19-b8a5-099cae52479d, c752b5c9-bc16-4f97-bf76-9e6ea3f5dd70)
[2026-03-21 13:40:33.475 DBG] ViewerRepo :: UpdatePresence(twitch, 5), 0.0479ms
[2026-03-21 13:40:33.532 DBG] TwitchService :: Presence Timer :: Artificially updated presence with a threshold of 5 minutes (56.5365ms)
[2026-03-21 13:41:33.485 DBG] ViewerRepo :: UpdatePresence(twitch, 5), 0.0353ms
[2026-03-21 13:41:33.564 DBG] TwitchService :: Presence Timer :: Artificially updated presence with a threshold of 5 minutes (79.0234ms)
[2026-03-21 13:42:33.498 DBG] ViewerRepo :: UpdatePresence(twitch, 5), 0.1058ms
[2026-03-21 13:42:33.555 DBG] TwitchService :: Presence Timer :: Artificially updated presence with a threshold of 5 minutes (57.0636ms)
[2026-03-21 13:43:33.508 DBG] ViewerRepo :: UpdatePresence(twitch, 5), 0.036ms
[2026-03-21 13:43:33.562 DBG] TwitchService :: Presence Timer :: Artificially updated presence with a threshold of 5 minutes (54.7403ms)
[2026-03-21 13:44:15.578 DBG] Credits :: Time to save 18.2328ms
[2026-03-21 13:44:33.512 DBG] ViewerRepo :: UpdatePresence(twitch, 5), 0.0432ms
[2026-03-21 13:44:33.572 DBG] TwitchService :: Presence Timer :: Artificially updated presence with a threshold of 5 minutes (60.0963ms)
[2026-03-21 13:45:16.460 DBG] AutoSave :: Auto saving settings...
[2026-03-21 13:45:16.475 DBG] Users :: Time to save 15.8044ms
[2026-03-21 13:45:16.499 DBG] Actions :: Time to save 22.9481ms
[2026-03-21 13:45:16.513 DBG] Commands :: Time to save 14.2647ms
[2026-03-21 13:45:16.525 DBG] Twitch Rewards :: Time to save 12.2228ms
[2026-03-21 13:45:16.538 DBG] Midi :: Time to save 12.8346ms
[2026-03-21 13:45:16.552 DBG] OBS Settings :: Time to save 14.6054ms
[2026-03-21 13:45:16.567 DBG] MeldStudio Settings :: Time to save 14.6258ms
[2026-03-21 13:45:16.580 DBG] Credits :: Time to save 12.5356ms
[2026-03-21 13:45:16.596 DBG] Quotes :: Time to save 16.5656ms
[2026-03-21 13:45:16.683 DBG] Config :: Time to save 17.9013ms
[2026-03-21 13:45:33.523 DBG] ViewerRepo :: UpdatePresence(twitch, 5), 0.0365ms
[2026-03-21 13:45:33.576 DBG] TwitchService :: Presence Timer :: Artificially updated presence with a threshold of 5 minutes (53.2778ms)
[2026-03-21 13:46:33.536 DBG] ViewerRepo :: UpdatePresence(twitch, 5), 0.0371ms
[2026-03-21 13:46:33.593 DBG] TwitchService :: Presence Timer :: Artificially updated presence with a threshold of 5 minutes (57.7658ms)
[2026-03-21 13:47:33.541 DBG] ViewerRepo :: UpdatePresence(twitch, 5), 0.035ms
[2026-03-21 13:47:33.595 DBG] TwitchService :: Presence Timer :: Artificially updated presence with a threshold of 5 minutes (54.3204ms)
[2026-03-21 13:48:33.555 DBG] ViewerRepo :: UpdatePresence(twitch, 5), 0.0358ms
[2026-03-21 13:48:33.609 DBG] TwitchService :: Presence Timer :: Artificially updated presence with a threshold of 5 minutes (54.5442ms)
[2026-03-21 13:49:15.584 DBG] Credits :: Time to save 11.9701ms
[2026-03-21 13:49:33.559 DBG] ViewerRepo :: UpdatePresence(twitch, 5), 0.034ms
[2026-03-21 13:49:33.615 DBG] TwitchService :: Presence Timer :: Artificially updated presence with a threshold of 5 minutes (55.6995ms)
[2026-03-21 13:50:16.670 DBG] AutoSave :: Auto saving settings...
[2026-03-21 13:50:16.688 DBG] Users :: Time to save 17.8376ms
[2026-03-21 13:50:16.707 DBG] Actions :: Time to save 19.3783ms
[2026-03-21 13:50:16.721 DBG] Commands :: Time to save 13.135ms
[2026-03-21 13:50:16.732 DBG] Twitch Rewards :: Time to save 11.2354ms
[2026-03-21 13:50:16.745 DBG] Midi :: Time to save 13.3932ms
[2026-03-21 13:50:16.758 DBG] OBS Settings :: Time to save 12.5105ms
[2026-03-21 13:50:16.771 DBG] MeldStudio Settings :: Time to save 13.085ms
[2026-03-21 13:50:16.784 DBG] Credits :: Time to save 12.9775ms
[2026-03-21 13:50:16.799 DBG] Quotes :: Time to save 15.3029ms
[2026-03-21 13:50:16.890 DBG] Config :: Time to save 17.5625ms
[2026-03-21 13:50:25.209 DBG] ActionDispatcher :: Queueing 'Sub Goal' (361aa588-5f31-4e19-b8a5-099cae52479d, TimedAction) to 'Default' (00000000-0000-0000-0000-000000000000), with 11 arguments
[2026-03-21 13:50:25.209 DBG] ActionQueue :: 'Default' (00000000-0000-0000-0000-000000000000) :: Enqueue action 361aa588-5f31-4e19-b8a5-099cae52479d
[2026-03-21 13:50:25.209 DBG] ActionQueue :: 'Default' (00000000-0000-0000-0000-000000000000) :: Handling queue
[2026-03-21 13:50:25.209 DBG] ActionQueue :: 'Default' (00000000-0000-0000-0000-000000000000) :: Performing non-blocking 'Sub Goal' (361aa588-5f31-4e19-b8a5-099cae52479d, f56c51fc-30be-444c-88c3-e74663930cc0)
[2026-03-21 13:50:33.562 DBG] ViewerRepo :: UpdatePresence(twitch, 5), 0.0362ms
[2026-03-21 13:50:33.616 DBG] TwitchService :: Presence Timer :: Artificially updated presence with a threshold of 5 minutes (53.9872ms)
[2026-03-21 13:51:33.566 DBG] ViewerRepo :: UpdatePresence(twitch, 5), 0.0341ms
[2026-03-21 13:51:33.622 DBG] TwitchService :: Presence Timer :: Artificially updated presence with a threshold of 5 minutes (56.9335ms)
[2026-03-21 13:52:33.578 DBG] ViewerRepo :: UpdatePresence(twitch, 5), 0.0372ms
[2026-03-21 13:52:33.633 DBG] TwitchService :: Presence Timer :: Artificially updated presence with a threshold of 5 minutes (54.5043ms)
[2026-03-21 13:53:33.592 DBG] ViewerRepo :: UpdatePresence(twitch, 5), 0.036ms
[2026-03-21 13:53:33.650 DBG] TwitchService :: Presence Timer :: Artificially updated presence with a threshold of 5 minutes (58.0325ms)
[2026-03-21 13:54:15.592 DBG] Credits :: Time to save 15.461ms
[2026-03-21 13:54:33.595 DBG] ViewerRepo :: UpdatePresence(twitch, 5), 0.0479ms
[2026-03-21 13:54:33.647 DBG] TwitchService :: Presence Timer :: Artificially updated presence with a threshold of 5 minutes (52.433ms)
[2026-03-21 13:55:16.931 DBG] AutoSave :: Auto saving settings...
[2026-03-21 13:55:16.950 DBG] Users :: Time to save 18.7548ms
[2026-03-21 13:55:16.972 DBG] Actions :: Time to save 22.9109ms
[2026-03-21 13:55:16.988 DBG] Commands :: Time to save 15.6622ms
[2026-03-21 13:55:17.003 DBG] Twitch Rewards :: Time to save 14.8784ms
[2026-03-21 13:55:17.016 DBG] Midi :: Time to save 12.3691ms
[2026-03-21 13:55:17.027 DBG] OBS Settings :: Time to save 11.2049ms
[2026-03-21 13:55:17.040 DBG] MeldStudio Settings :: Time to save 13.5268ms
[2026-03-21 13:55:17.053 DBG] Credits :: Time to save 13.126ms
[2026-03-21 13:55:17.069 DBG] Quotes :: Time to save 15.4037ms
[2026-03-21 13:55:17.151 DBG] Config :: Time to save 17.5381ms
[2026-03-21 13:55:33.618 DBG] ViewerRepo :: UpdatePresence(twitch, 5), 0.0358ms
[2026-03-21 13:55:33.674 DBG] TwitchService :: Presence Timer :: Artificially updated presence with a threshold of 5 minutes (56.4346ms)
[2026-03-21 13:56:33.620 DBG] ViewerRepo :: UpdatePresence(twitch, 5), 0.0388ms
[2026-03-21 13:56:33.672 DBG] TwitchService :: Presence Timer :: Artificially updated presence with a threshold of 5 minutes (52.0415ms)
[2026-03-21 13:57:33.626 DBG] ViewerRepo :: UpdatePresence(twitch, 5), 0.0458ms
[2026-03-21 13:57:33.686 DBG] TwitchService :: Presence Timer :: Artificially updated presence with a threshold of 5 minutes (59.9342ms)
[2026-03-21 13:58:33.631 DBG] ViewerRepo :: UpdatePresence(twitch, 5), 0.0337ms
[2026-03-21 13:58:33.688 DBG] TwitchService :: Presence Timer :: Artificially updated presence with a threshold of 5 minutes (56.3551ms)
[2026-03-21 13:59:15.600 DBG] Credits :: Time to save 16.3878ms
[2026-03-21 13:59:33.647 DBG] ViewerRepo :: UpdatePresence(twitch, 5), 0.0358ms
[2026-03-21 13:59:33.705 DBG] TwitchService :: Presence Timer :: Artificially updated presence with a threshold of 5 minutes (58.4426ms)
[2026-03-21 14:00:17.147 DBG] AutoSave :: Auto saving settings...
[2026-03-21 14:00:17.166 DBG] Users :: Time to save 18.8767ms
[2026-03-21 14:00:17.190 DBG] Actions :: Time to save 23.973ms
[2026-03-21 14:00:17.207 DBG] Commands :: Time to save 17.1095ms
[2026-03-21 14:00:17.226 DBG] Twitch Rewards :: Time to save 18.9045ms
[2026-03-21 14:00:17.241 DBG] Midi :: Time to save 15.3713ms
[2026-03-21 14:00:17.256 DBG] OBS Settings :: Time to save 14.512ms
[2026-03-21 14:00:17.271 DBG] MeldStudio Settings :: Time to save 14.7989ms
[2026-03-21 14:00:17.285 DBG] Credits :: Time to save 14.4623ms
[2026-03-21 14:00:17.302 DBG] Quotes :: Time to save 16.6905ms
[2026-03-21 14:00:17.368 DBG] Config :: Time to save 17.3094ms
[2026-03-21 14:00:25.536 DBG] ActionDispatcher :: Queueing 'Sub Goal' (361aa588-5f31-4e19-b8a5-099cae52479d, TimedAction) to 'Default' (00000000-0000-0000-0000-000000000000), with 11 arguments
[2026-03-21 14:00:25.536 DBG] ActionQueue :: 'Default' (00000000-0000-0000-0000-000000000000) :: Enqueue action 361aa588-5f31-4e19-b8a5-099cae52479d
[2026-03-21 14:00:25.536 DBG] ActionQueue :: 'Default' (00000000-0000-0000-0000-000000000000) :: Handling queue
[2026-03-21 14:00:25.536 DBG] ActionQueue :: 'Default' (00000000-0000-0000-0000-000000000000) :: Performing non-blocking 'Sub Goal' (361aa588-5f31-4e19-b8a5-099cae52479d, 1cd97052-b70d-4601-a9cb-abf5964c10c1)
[2026-03-21 14:00:33.663 DBG] ViewerRepo :: UpdatePresence(twitch, 5), 0.0346ms
[2026-03-21 14:00:33.719 DBG] TwitchService :: Presence Timer :: Artificially updated presence with a threshold of 5 minutes (56.8752ms)
[2026-03-21 14:01:33.675 DBG] ViewerRepo :: UpdatePresence(twitch, 5), 0.0388ms
[2026-03-21 14:01:33.733 DBG] TwitchService :: Presence Timer :: Artificially updated presence with a threshold of 5 minutes (58.8808ms)
[2026-03-21 14:02:33.704 DBG] ViewerRepo :: UpdatePresence(twitch, 5), 0.0468ms
[2026-03-21 14:02:33.759 DBG] TwitchService :: Presence Timer :: Artificially updated presence with a threshold of 5 minutes (55.4241ms)
[2026-03-21 14:03:33.710 DBG] ViewerRepo :: UpdatePresence(twitch, 5), 0.0374ms
[2026-03-21 14:03:33.766 DBG] TwitchService :: Presence Timer :: Artificially updated presence with a threshold of 5 minutes (55.7183ms)
[2026-03-21 14:04:15.598 DBG] Credits :: Time to save 12.6284ms
[2026-03-21 14:04:33.717 DBG] ViewerRepo :: UpdatePresence(twitch, 5), 0.0353ms
[2026-03-21 14:04:33.775 DBG] TwitchService :: Presence Timer :: Artificially updated presence with a threshold of 5 minutes (57.6827ms)
[2026-03-21 14:05:17.422 DBG] AutoSave :: Auto saving settings...
[2026-03-21 14:05:17.441 DBG] Users :: Time to save 18.8179ms
[2026-03-21 14:05:17.463 DBG] Actions :: Time to save 22.3779ms
[2026-03-21 14:05:17.480 DBG] Commands :: Time to save 16.1622ms
[2026-03-21 14:05:17.495 DBG] Twitch Rewards :: Time to save 15.4068ms
[2026-03-21 14:05:17.509 DBG] Midi :: Time to save 13.9742ms
[2026-03-21 14:05:17.519 DBG] OBS Settings :: Time to save 9.8174ms
[2026-03-21 14:05:17.528 DBG] MeldStudio Settings :: Time to save 9.367ms
[2026-03-21 14:05:17.540 DBG] Credits :: Time to save 12.1601ms
[2026-03-21 14:05:17.552 DBG] Quotes :: Time to save 12.6222ms
[2026-03-21 14:05:17.643 DBG] Config :: Time to save 17.8927ms
[2026-03-21 14:05:33.727 DBG] ViewerRepo :: UpdatePresence(twitch, 5), 0.0359ms
[2026-03-21 14:05:33.782 DBG] TwitchService :: Presence Timer :: Artificially updated presence with a threshold of 5 minutes (55.3466ms)
[2026-03-21 14:06:33.735 DBG] ViewerRepo :: UpdatePresence(twitch, 5), 0.0356ms
[2026-03-21 14:06:33.789 DBG] TwitchService :: Presence Timer :: Artificially updated presence with a threshold of 5 minutes (54.5146ms)
[2026-03-21 14:07:33.741 DBG] ViewerRepo :: UpdatePresence(twitch, 5), 0.0348ms
[2026-03-21 14:07:33.796 DBG] TwitchService :: Presence Timer :: Artificially updated presence with a threshold of 5 minutes (54.2098ms)
[2026-03-21 14:08:33.749 DBG] ViewerRepo :: UpdatePresence(twitch, 5), 0.0586ms
[2026-03-21 14:08:33.809 DBG] TwitchService :: Presence Timer :: Artificially updated presence with a threshold of 5 minutes (59.1674ms)
[2026-03-21 14:09:15.606 DBG] Credits :: Time to save 14.5251ms
[2026-03-21 14:09:33.763 DBG] ViewerRepo :: UpdatePresence(twitch, 5), 0.0348ms
[2026-03-21 14:09:33.821 DBG] TwitchService :: Presence Timer :: Artificially updated presence with a threshold of 5 minutes (57.8677ms)
[2026-03-21 14:10:17.633 DBG] AutoSave :: Auto saving settings...
[2026-03-21 14:10:17.647 DBG] Users :: Time to save 14.4798ms
[2026-03-21 14:10:17.666 DBG] Actions :: Time to save 18.3944ms
[2026-03-21 14:10:17.684 DBG] Commands :: Time to save 17.0156ms
[2026-03-21 14:10:17.699 DBG] Twitch Rewards :: Time to save 16.2349ms
[2026-03-21 14:10:17.714 DBG] Midi :: Time to save 14.6308ms
[2026-03-21 14:10:17.725 DBG] OBS Settings :: Time to save 10.3558ms
[2026-03-21 14:10:17.737 DBG] MeldStudio Settings :: Time to save 12.9996ms
[2026-03-21 14:10:17.749 DBG] Credits :: Time to save 11.3036ms
[2026-03-21 14:10:17.761 DBG] Quotes :: Time to save 12.7526ms
[2026-03-21 14:10:17.848 DBG] Config :: Time to save 13.2919ms
[2026-03-21 14:10:26.513 DBG] ActionDispatcher :: Queueing 'Sub Goal' (361aa588-5f31-4e19-b8a5-099cae52479d, TimedAction) to 'Default' (00000000-0000-0000-0000-000000000000), with 11 arguments
[2026-03-21 14:10:26.513 DBG] ActionQueue :: 'Default' (00000000-0000-0000-0000-000000000000) :: Enqueue action 361aa588-5f31-4e19-b8a5-099cae52479d
[2026-03-21 14:10:26.513 DBG] ActionQueue :: 'Default' (00000000-0000-0000-0000-000000000000) :: Handling queue
[2026-03-21 14:10:26.513 DBG] ActionQueue :: 'Default' (00000000-0000-0000-0000-000000000000) :: Performing non-blocking 'Sub Goal' (361aa588-5f31-4e19-b8a5-099cae52479d, 94227f55-dedd-4218-be6b-c88bc5901f8a)
[2026-03-21 14:10:33.774 DBG] ViewerRepo :: UpdatePresence(twitch, 5), 0.0351ms
[2026-03-21 14:10:33.831 DBG] TwitchService :: Presence Timer :: Artificially updated presence with a threshold of 5 minutes (57.3355ms)
[2026-03-21 14:11:33.785 DBG] ViewerRepo :: UpdatePresence(twitch, 5), 0.0361ms
[2026-03-21 14:11:33.837 DBG] TwitchService :: Presence Timer :: Artificially updated presence with a threshold of 5 minutes (52.3221ms)
[2026-03-21 14:12:33.791 DBG] ViewerRepo :: UpdatePresence(twitch, 5), 0.1452ms
[2026-03-21 14:12:33.847 DBG] TwitchService :: Presence Timer :: Artificially updated presence with a threshold of 5 minutes (55.7528ms)
[2026-03-21 14:13:33.799 DBG] ViewerRepo :: UpdatePresence(twitch, 5), 0.0353ms
[2026-03-21 14:13:33.852 DBG] TwitchService :: Presence Timer :: Artificially updated presence with a threshold of 5 minutes (53.2323ms)
[2026-03-21 14:14:15.620 DBG] Credits :: Time to save 15.8323ms
[2026-03-21 14:14:33.803 DBG] ViewerRepo :: UpdatePresence(twitch, 5), 0.0374ms
[2026-03-21 14:14:33.858 DBG] TwitchService :: Presence Timer :: Artificially updated presence with a threshold of 5 minutes (55.1488ms)
[2026-03-21 14:15:17.857 DBG] AutoSave :: Auto saving settings...
[2026-03-21 14:15:17.876 DBG] Users :: Time to save 18.8634ms
[2026-03-21 14:15:17.894 DBG] Actions :: Time to save 17.5977ms
[2026-03-21 14:15:17.910 DBG] Commands :: Time to save 15.781ms
[2026-03-21 14:15:17.926 DBG] Twitch Rewards :: Time to save 16.0891ms
[2026-03-21 14:15:17.939 DBG] Midi :: Time to save 13.566ms
[2026-03-21 14:15:17.952 DBG] OBS Settings :: Time to save 13.0393ms
[2026-03-21 14:15:17.966 DBG] MeldStudio Settings :: Time to save 13.1213ms
[2026-03-21 14:15:17.979 DBG] Credits :: Time to save 13.199ms
[2026-03-21 14:15:17.994 DBG] Quotes :: Time to save 14.8973ms
[2026-03-21 14:15:18.078 DBG] Config :: Time to save 18.1578ms
[2026-03-21 14:15:33.819 DBG] ViewerRepo :: UpdatePresence(twitch, 5), 0.0374ms
[2026-03-21 14:15:33.876 DBG] TwitchService :: Presence Timer :: Artificially updated presence with a threshold of 5 minutes (57.3928ms)
[2026-03-21 14:16:33.833 DBG] ViewerRepo :: UpdatePresence(twitch, 5), 0.0394ms
[2026-03-21 14:16:33.890 DBG] TwitchService :: Presence Timer :: Artificially updated presence with a threshold of 5 minutes (58.3908ms)
[2026-03-21 14:17:33.844 DBG] ViewerRepo :: UpdatePresence(twitch, 5), 0.0361ms
[2026-03-21 14:17:33.900 DBG] TwitchService :: Presence Timer :: Artificially updated presence with a threshold of 5 minutes (56.2221ms)
[2026-03-21 14:18:33.852 DBG] ViewerRepo :: UpdatePresence(twitch, 5), 0.0359ms
[2026-03-21 14:18:33.905 DBG] TwitchService :: Presence Timer :: Artificially updated presence with a threshold of 5 minutes (53.9612ms)
[2026-03-21 14:19:15.633 DBG] Credits :: Time to save 13.5849ms
[2026-03-21 14:19:33.856 DBG] ViewerRepo :: UpdatePresence(twitch, 5), 0.0362ms
[2026-03-21 14:19:33.913 DBG] TwitchService :: Presence Timer :: Artificially updated presence with a threshold of 5 minutes (57.4443ms)
[2026-03-21 14:20:18.066 DBG] AutoSave :: Auto saving settings...
[2026-03-21 14:20:18.083 DBG] Users :: Time to save 16.4838ms
[2026-03-21 14:20:18.102 DBG] Actions :: Time to save 19.1869ms
[2026-03-21 14:20:18.114 DBG] Commands :: Time to save 12.6712ms
[2026-03-21 14:20:18.128 DBG] Twitch Rewards :: Time to save 13.4559ms
[2026-03-21 14:20:18.143 DBG] Midi :: Time to save 14.3909ms
[2026-03-21 14:20:18.154 DBG] OBS Settings :: Time to save 11.8276ms
[2026-03-21 14:20:18.169 DBG] MeldStudio Settings :: Time to save 15.4304ms
[2026-03-21 14:20:18.184 DBG] Credits :: Time to save 14.4483ms
[2026-03-21 14:20:18.230 DBG] Quotes :: Time to save 44.5113ms
[2026-03-21 14:20:18.284 DBG] Config :: Time to save 15.6093ms
[2026-03-21 14:20:26.987 DBG] ActionDispatcher :: Queueing 'Sub Goal' (361aa588-5f31-4e19-b8a5-099cae52479d, TimedAction) to 'Default' (00000000-0000-0000-0000-000000000000), with 11 arguments
[2026-03-21 14:20:26.987 DBG] ActionQueue :: 'Default' (00000000-0000-0000-0000-000000000000) :: Enqueue action 361aa588-5f31-4e19-b8a5-099cae52479d
[2026-03-21 14:20:26.987 DBG] ActionQueue :: 'Default' (00000000-0000-0000-0000-000000000000) :: Handling queue
[2026-03-21 14:20:26.987 DBG] ActionQueue :: 'Default' (00000000-0000-0000-0000-000000000000) :: Performing non-blocking 'Sub Goal' (361aa588-5f31-4e19-b8a5-099cae52479d, 87079e9f-b219-48bd-ab21-6413492c5dd7)
[2026-03-21 14:20:33.857 DBG] ViewerRepo :: UpdatePresence(twitch, 5), 0.0363ms
[2026-03-21 14:20:34.426 DBG] TwitchService :: Presence Timer :: Artificially updated presence with a threshold of 5 minutes (570.5393ms)
[2026-03-21 14:21:33.865 DBG] ViewerRepo :: UpdatePresence(twitch, 5), 0.038ms
[2026-03-21 14:21:33.922 DBG] TwitchService :: Presence Timer :: Artificially updated presence with a threshold of 5 minutes (57.6717ms)
[2026-03-21 14:22:33.879 DBG] ViewerRepo :: UpdatePresence(twitch, 5), 0.0362ms
[2026-03-21 14:22:33.936 DBG] TwitchService :: Presence Timer :: Artificially updated presence with a threshold of 5 minutes (56.8072ms)
[2026-03-21 14:23:33.882 DBG] ViewerRepo :: UpdatePresence(twitch, 5), 0.0363ms
[2026-03-21 14:23:33.934 DBG] TwitchService :: Presence Timer :: Artificially updated presence with a threshold of 5 minutes (52.2074ms)
[2026-03-21 14:24:15.634 DBG] Credits :: Time to save 14.2086ms
[2026-03-21 14:24:33.886 DBG] ViewerRepo :: UpdatePresence(twitch, 5), 0.0338ms
[2026-03-21 14:24:33.944 DBG] TwitchService :: Presence Timer :: Artificially updated presence with a threshold of 5 minutes (57.843ms)
[2026-03-21 14:25:18.338 DBG] AutoSave :: Auto saving settings...
[2026-03-21 14:25:18.355 DBG] Users :: Time to save 16.5698ms
[2026-03-21 14:25:18.377 DBG] Actions :: Time to save 22.1417ms
[2026-03-21 14:25:18.395 DBG] Commands :: Time to save 17.4871ms
[2026-03-21 14:25:18.409 DBG] Twitch Rewards :: Time to save 14.8802ms
[2026-03-21 14:25:18.432 DBG] Midi :: Time to save 22.4457ms
[2026-03-21 14:25:18.450 DBG] OBS Settings :: Time to save 18.2481ms
[2026-03-21 14:25:18.464 DBG] MeldStudio Settings :: Time to save 13.6206ms
[2026-03-21 14:25:18.474 DBG] Credits :: Time to save 9.8188ms
[2026-03-21 14:25:18.490 DBG] Quotes :: Time to save 16.0099ms
[2026-03-21 14:25:18.560 DBG] Config :: Time to save 14.3242ms
[2026-03-21 14:25:33.891 DBG] ViewerRepo :: UpdatePresence(twitch, 5), 0.0358ms
[2026-03-21 14:25:33.950 DBG] TwitchService :: Presence Timer :: Artificially updated presence with a threshold of 5 minutes (59.6734ms)
[2026-03-21 14:26:33.893 DBG] ViewerRepo :: UpdatePresence(twitch, 5), 0.0362ms
[2026-03-21 14:26:33.947 DBG] TwitchService :: Presence Timer :: Artificially updated presence with a threshold of 5 minutes (54.0495ms)
[2026-03-21 14:27:33.895 DBG] ViewerRepo :: UpdatePresence(twitch, 5), 0.0348ms
[2026-03-21 14:27:33.951 DBG] TwitchService :: Presence Timer :: Artificially updated presence with a threshold of 5 minutes (56.8604ms)
[2026-03-21 14:28:33.902 DBG] ViewerRepo :: UpdatePresence(twitch, 5), 0.0362ms
[2026-03-21 14:28:33.956 DBG] TwitchService :: Presence Timer :: Artificially updated presence with a threshold of 5 minutes (55.2728ms)
[2026-03-21 14:29:15.641 DBG] Credits :: Time to save 14.296ms
[2026-03-21 14:29:33.913 DBG] ViewerRepo :: UpdatePresence(twitch, 5), 0.035ms
[2026-03-21 14:29:33.970 DBG] TwitchService :: Presence Timer :: Artificially updated presence with a threshold of 5 minutes (57.7694ms)
[2026-03-21 14:30:18.598 DBG] AutoSave :: Auto saving settings...
[2026-03-21 14:30:18.617 DBG] Users :: Time to save 19.0015ms
[2026-03-21 14:30:18.638 DBG] Actions :: Time to save 21.8367ms
[2026-03-21 14:30:18.656 DBG] Commands :: Time to save 16.4697ms
[2026-03-21 14:30:18.671 DBG] Twitch Rewards :: Time to save 16.0138ms
[2026-03-21 14:30:18.685 DBG] Midi :: Time to save 14.0178ms
[2026-03-21 14:30:18.699 DBG] OBS Settings :: Time to save 14.082ms
[2026-03-21 14:30:18.714 DBG] MeldStudio Settings :: Time to save 14.2961ms
[2026-03-21 14:30:18.728 DBG] Credits :: Time to save 14.4683ms
[2026-03-21 14:30:18.744 DBG] Quotes :: Time to save 16.4915ms
[2026-03-21 14:30:18.815 DBG] Config :: Time to save 13.2038ms
[2026-03-21 14:30:27.343 DBG] ActionDispatcher :: Queueing 'Sub Goal' (361aa588-5f31-4e19-b8a5-099cae52479d, TimedAction) to 'Default' (00000000-0000-0000-0000-000000000000), with 11 arguments
[2026-03-21 14:30:27.343 DBG] ActionQueue :: 'Default' (00000000-0000-0000-0000-000000000000) :: Enqueue action 361aa588-5f31-4e19-b8a5-099cae52479d
[2026-03-21 14:30:27.343 DBG] ActionQueue :: 'Default' (00000000-0000-0000-0000-000000000000) :: Handling queue
[2026-03-21 14:30:27.343 DBG] ActionQueue :: 'Default' (00000000-0000-0000-0000-000000000000) :: Performing non-blocking 'Sub Goal' (361aa588-5f31-4e19-b8a5-099cae52479d, 44d4ec49-e3a0-4603-a7a4-52f7729632b0)
[2026-03-21 14:30:33.924 DBG] ViewerRepo :: UpdatePresence(twitch, 5), 0.0437ms
[2026-03-21 14:30:33.983 DBG] TwitchService :: Presence Timer :: Artificially updated presence with a threshold of 5 minutes (58.8534ms)
[2026-03-21 14:31:33.941 DBG] ViewerRepo :: UpdatePresence(twitch, 5), 0.0342ms
[2026-03-21 14:31:34.000 DBG] TwitchService :: Presence Timer :: Artificially updated presence with a threshold of 5 minutes (60.5102ms)
[2026-03-21 14:32:33.955 DBG] ViewerRepo :: UpdatePresence(twitch, 5), 0.0343ms
[2026-03-21 14:32:34.011 DBG] TwitchService :: Presence Timer :: Artificially updated presence with a threshold of 5 minutes (56.7054ms)
[2026-03-21 14:33:24.281 DBG] ActionDispatcher :: Queueing 'BannedWord_Start' (f53863a9-bef4-4c35-b376-b76a9258e4a7, Test) to 'Default' (00000000-0000-0000-0000-000000000000), with 10 arguments
[2026-03-21 14:33:24.281 DBG] ActionQueue :: 'Default' (00000000-0000-0000-0000-000000000000) :: Enqueue action f53863a9-bef4-4c35-b376-b76a9258e4a7
[2026-03-21 14:33:24.281 DBG] ActionQueue :: 'Default' (00000000-0000-0000-0000-000000000000) :: Handling queue
[2026-03-21 14:33:24.281 DBG] ActionQueue :: 'Default' (00000000-0000-0000-0000-000000000000) :: Performing non-blocking 'BannedWord_Start' (f53863a9-bef4-4c35-b376-b76a9258e4a7, 7e8b924f-a006-4074-bec9-9c0bcd279ad2)
[2026-03-21 14:33:24.297 DBG] InlineCode :: Running default entry point from instance 'fd64c976-6dbd-4d69-9221-39f0f206f507'
[2026-03-21 14:33:25.207 DBG] InlineCode :: Running default entry point from instance 'a01fc65b-3cf1-4141-93b7-6609a66b7ccd'
[2026-03-21 14:33:25.213 INF] BannedWord_LaunchDetector: Wrote words to temp file: C:\Users\littl\AppData\Local\Temp\banned_words_temp.json
[2026-03-21 14:33:25.789 INF] BannedWord_LaunchDetector: Detector started with PID 221180
[2026-03-21 14:33:33.967 DBG] ViewerRepo :: UpdatePresence(twitch, 5), 0.0376ms
[2026-03-21 14:33:34.022 DBG] TwitchService :: Presence Timer :: Artificially updated presence with a threshold of 5 minutes (54.9779ms)
[2026-03-21 14:33:42.369 DBG] Websocket Server :: Connection Opened :: 2c23e06c25d049ac82a1ccf94a3cd60e
[2026-03-21 14:34:15.650 DBG] Credits :: Time to save 14.0812ms
[2026-03-21 14:34:33.972 DBG] ViewerRepo :: UpdatePresence(twitch, 5), 0.0511ms
[2026-03-21 14:34:34.027 DBG] TwitchService :: Presence Timer :: Artificially updated presence with a threshold of 5 minutes (55.6281ms)
[2026-03-21 14:34:49.606 DBG] Websocket Server :: Connection Opened :: e74c7235c41c4367b67f89c3ff730cc0
[2026-03-21 14:34:49.608 DBG] Websocket Server :: Connection Closed :: e74c7235c41c4367b67f89c3ff730cc0
[2026-03-21 14:34:49.610 DBG] Websocket Server :: Connection Closed :: 2c23e06c25d049ac82a1ccf94a3cd60e
[2026-03-21 14:34:53.961 DBG] ActionDispatcher :: Queueing 'BannedWord_End' (1f8af6e5-fdb2-4529-9811-df9c5c8b2e17, Test) to 'Default' (00000000-0000-0000-0000-000000000000), with 9 arguments
[2026-03-21 14:34:53.961 DBG] ActionQueue :: 'Default' (00000000-0000-0000-0000-000000000000) :: Enqueue action 1f8af6e5-fdb2-4529-9811-df9c5c8b2e17
[2026-03-21 14:34:53.961 DBG] ActionQueue :: 'Default' (00000000-0000-0000-0000-000000000000) :: Handling queue
[2026-03-21 14:34:53.961 DBG] ActionQueue :: 'Default' (00000000-0000-0000-0000-000000000000) :: Performing non-blocking 'BannedWord_End' (1f8af6e5-fdb2-4529-9811-df9c5c8b2e17, 953f7e18-4ccd-45c1-a4d5-ddad854b118a)
[2026-03-21 14:34:53.963 DBG] InlineCode :: Running default entry point from instance '73f0768b-6a31-425a-aa5c-af7fb2f3e335'
[2026-03-21 14:34:53.973 INF] BannedWord_End: Finalizing banned word challenge
[2026-03-21 14:34:54.216 INF] BannedWord_End: Challenge reset complete
[2026-03-21 14:35:18.853 DBG] AutoSave :: Auto saving settings...
[2026-03-21 14:35:18.871 DBG] Users :: Time to save 18.7428ms
[2026-03-21 14:35:18.895 DBG] Actions :: Time to save 23.0948ms
[2026-03-21 14:35:18.906 DBG] Commands :: Time to save 11.8466ms
[2026-03-21 14:35:18.923 DBG] Twitch Rewards :: Time to save 16.2904ms
[2026-03-21 14:35:18.935 DBG] Midi :: Time to save 12.2353ms
[2026-03-21 14:35:18.950 DBG] OBS Settings :: Time to save 14.7173ms
[2026-03-21 14:35:18.964 DBG] MeldStudio Settings :: Time to save 13.4947ms
[2026-03-21 14:35:18.977 DBG] Credits :: Time to save 13.7256ms
[2026-03-21 14:35:18.993 DBG] Quotes :: Time to save 16.124ms
[2026-03-21 14:35:19.073 DBG] Config :: Time to save 16.9512ms
[2026-03-21 14:35:33.971 DBG] ViewerRepo :: UpdatePresence(twitch, 5), 0.0392ms
[2026-03-21 14:35:34.028 DBG] TwitchService :: Presence Timer :: Artificially updated presence with a threshold of 5 minutes (57.0164ms)
[2026-03-21 14:36:33.985 DBG] ViewerRepo :: UpdatePresence(twitch, 5), 0.0378ms
[2026-03-21 14:36:34.040 DBG] TwitchService :: Presence Timer :: Artificially updated presence with a threshold of 5 minutes (55.3723ms)
[2026-03-21 14:37:34.001 DBG] ViewerRepo :: UpdatePresence(twitch, 5), 0.0507ms
[2026-03-21 14:37:34.053 DBG] TwitchService :: Presence Timer :: Artificially updated presence with a threshold of 5 minutes (51.4627ms)
[2026-03-21 14:38:34.013 DBG] ViewerRepo :: UpdatePresence(twitch, 5), 0.0405ms
[2026-03-21 14:38:34.070 DBG] TwitchService :: Presence Timer :: Artificially updated presence with a threshold of 5 minutes (57.6409ms)
[2026-03-21 14:39:15.654 DBG] Credits :: Time to save 13.3824ms
[2026-03-21 14:39:34.018 DBG] ViewerRepo :: UpdatePresence(twitch, 5), 0.0361ms
[2026-03-21 14:39:34.076 DBG] TwitchService :: Presence Timer :: Artificially updated presence with a threshold of 5 minutes (57.5725ms)
[2026-03-21 14:40:19.105 DBG] AutoSave :: Auto saving settings...
[2026-03-21 14:40:19.124 DBG] Users :: Time to save 18.8962ms
[2026-03-21 14:40:19.148 DBG] Actions :: Time to save 23.7176ms
[2026-03-21 14:40:19.165 DBG] Commands :: Time to save 17.528ms
[2026-03-21 14:40:19.180 DBG] Twitch Rewards :: Time to save 14.2056ms
[2026-03-21 14:40:19.193 DBG] Midi :: Time to save 12.8138ms
[2026-03-21 14:40:19.203 DBG] OBS Settings :: Time to save 10.5173ms
[2026-03-21 14:40:19.216 DBG] MeldStudio Settings :: Time to save 13.0088ms
[2026-03-21 14:40:19.229 DBG] Credits :: Time to save 12.7028ms
[2026-03-21 14:40:19.244 DBG] Quotes :: Time to save 14.7642ms
[2026-03-21 14:40:19.324 DBG] Config :: Time to save 16.1006ms
[2026-03-21 14:40:27.951 DBG] ActionDispatcher :: Queueing 'Sub Goal' (361aa588-5f31-4e19-b8a5-099cae52479d, TimedAction) to 'Default' (00000000-0000-0000-0000-000000000000), with 11 arguments
[2026-03-21 14:40:27.951 DBG] ActionQueue :: 'Default' (00000000-0000-0000-0000-000000000000) :: Enqueue action 361aa588-5f31-4e19-b8a5-099cae52479d
[2026-03-21 14:40:27.951 DBG] ActionQueue :: 'Default' (00000000-0000-0000-0000-000000000000) :: Handling queue
[2026-03-21 14:40:27.951 DBG] ActionQueue :: 'Default' (00000000-0000-0000-0000-000000000000) :: Performing non-blocking 'Sub Goal' (361aa588-5f31-4e19-b8a5-099cae52479d, 55cb680d-cced-49e9-8c36-a0b10b32a733)
[2026-03-21 14:40:34.025 DBG] ViewerRepo :: UpdatePresence(twitch, 5), 0.0586ms
[2026-03-21 14:40:34.083 DBG] TwitchService :: Presence Timer :: Artificially updated presence with a threshold of 5 minutes (57.8931ms)
[2026-03-21 14:41:06.868 DBG] ActionDispatcher :: Queueing 'Enable Rads' (a6f39ad9-e4df-4cc5-8d10-46e610fa0067, ObsSceneChanged) to 'Default' (00000000-0000-0000-0000-000000000000), with 15 arguments
[2026-03-21 14:41:06.868 DBG] ActionQueue :: 'Default' (00000000-0000-0000-0000-000000000000) :: Enqueue action a6f39ad9-e4df-4cc5-8d10-46e610fa0067
[2026-03-21 14:41:06.868 DBG] ActionQueue :: 'Default' (00000000-0000-0000-0000-000000000000) :: Handling queue
[2026-03-21 14:41:06.868 DBG] ActionQueue :: 'Default' (00000000-0000-0000-0000-000000000000) :: Performing non-blocking 'Enable Rads' (a6f39ad9-e4df-4cc5-8d10-46e610fa0067, c8751aa8-26cb-449e-a493-e51c59bc1203)
[2026-03-21 14:41:34.040 DBG] ViewerRepo :: UpdatePresence(twitch, 5), 0.0344ms
[2026-03-21 14:41:34.093 DBG] TwitchService :: Presence Timer :: Artificially updated presence with a threshold of 5 minutes (53.3396ms)
[2026-03-21 14:42:34.051 DBG] ViewerRepo :: UpdatePresence(twitch, 5), 0.0364ms
[2026-03-21 14:42:34.105 DBG] TwitchService :: Presence Timer :: Artificially updated presence with a threshold of 5 minutes (54.7221ms)
[2026-03-21 14:43:34.064 DBG] ViewerRepo :: UpdatePresence(twitch, 5), 0.0355ms
[2026-03-21 14:43:34.120 DBG] TwitchService :: Presence Timer :: Artificially updated presence with a threshold of 5 minutes (56.1396ms)
[2026-03-21 14:44:15.665 DBG] Credits :: Time to save 17.5926ms
[2026-03-21 14:44:34.080 DBG] ViewerRepo :: UpdatePresence(twitch, 5), 0.0392ms
[2026-03-21 14:44:34.138 DBG] TwitchService :: Presence Timer :: Artificially updated presence with a threshold of 5 minutes (58.07ms)
[2026-03-21 14:45:19.319 DBG] AutoSave :: Auto saving settings...
[2026-03-21 14:45:19.333 DBG] Users :: Time to save 13.4941ms
[2026-03-21 14:45:19.351 DBG] Actions :: Time to save 18.4203ms
[2026-03-21 14:45:19.367 DBG] Commands :: Time to save 16.1891ms
[2026-03-21 14:45:19.385 DBG] Twitch Rewards :: Time to save 17.7344ms
[2026-03-21 14:45:19.398 DBG] Midi :: Time to save 13.0774ms
[2026-03-21 14:45:19.410 DBG] OBS Settings :: Time to save 11.4383ms
[2026-03-21 14:45:19.424 DBG] MeldStudio Settings :: Time to save 13.6487ms
[2026-03-21 14:45:19.438 DBG] Credits :: Time to save 14.5324ms
[2026-03-21 14:45:19.453 DBG] Quotes :: Time to save 15.3802ms
[2026-03-21 14:45:19.539 DBG] Config :: Time to save 17.4587ms
[2026-03-21 14:45:34.087 DBG] ViewerRepo :: UpdatePresence(twitch, 5), 0.0408ms
[2026-03-21 14:45:34.141 DBG] TwitchService :: Presence Timer :: Artificially updated presence with a threshold of 5 minutes (54.9851ms)
[2026-03-21 14:46:34.093 DBG] ViewerRepo :: UpdatePresence(twitch, 5), 0.0358ms
[2026-03-21 14:46:34.149 DBG] TwitchService :: Presence Timer :: Artificially updated presence with a threshold of 5 minutes (55.8651ms)
[2026-03-21 14:47:34.109 DBG] ViewerRepo :: UpdatePresence(twitch, 5), 0.0354ms
[2026-03-21 14:47:34.165 DBG] TwitchService :: Presence Timer :: Artificially updated presence with a threshold of 5 minutes (55.7498ms)
[2026-03-21 14:48:34.112 DBG] ViewerRepo :: UpdatePresence(twitch, 5), 0.0363ms
[2026-03-21 14:48:34.167 DBG] TwitchService :: Presence Timer :: Artificially updated presence with a threshold of 5 minutes (55.2932ms)
[2026-03-21 14:49:15.667 DBG] Credits :: Time to save 14.4057ms
[2026-03-21 14:49:34.126 DBG] ViewerRepo :: UpdatePresence(twitch, 5), 0.0375ms
[2026-03-21 14:49:34.177 DBG] TwitchService :: Presence Timer :: Artificially updated presence with a threshold of 5 minutes (51.6819ms)
[2026-03-21 14:50:19.556 DBG] AutoSave :: Auto saving settings...
[2026-03-21 14:50:19.573 DBG] Users :: Time to save 16.9182ms
[2026-03-21 14:50:19.593 DBG] Actions :: Time to save 19.8116ms
[2026-03-21 14:50:19.604 DBG] Commands :: Time to save 11.1758ms
[2026-03-21 14:50:19.615 DBG] Twitch Rewards :: Time to save 11.2289ms
[2026-03-21 14:50:19.628 DBG] Midi :: Time to save 13.3119ms
[2026-03-21 14:50:19.642 DBG] OBS Settings :: Time to save 13.9337ms
[2026-03-21 14:50:19.656 DBG] MeldStudio Settings :: Time to save 13.7142ms
[2026-03-21 14:50:19.669 DBG] Credits :: Time to save 13.1844ms
[2026-03-21 14:50:19.681 DBG] Quotes :: Time to save 12.1877ms
[2026-03-21 14:50:19.775 DBG] Config :: Time to save 15.3763ms
[2026-03-21 14:50:28.763 DBG] ActionDispatcher :: Queueing 'Sub Goal' (361aa588-5f31-4e19-b8a5-099cae52479d, TimedAction) to 'Default' (00000000-0000-0000-0000-000000000000), with 11 arguments
[2026-03-21 14:50:28.763 DBG] ActionQueue :: 'Default' (00000000-0000-0000-0000-000000000000) :: Enqueue action 361aa588-5f31-4e19-b8a5-099cae52479d
[2026-03-21 14:50:28.763 DBG] ActionQueue :: 'Default' (00000000-0000-0000-0000-000000000000) :: Handling queue
[2026-03-21 14:50:28.763 DBG] ActionQueue :: 'Default' (00000000-0000-0000-0000-000000000000) :: Performing non-blocking 'Sub Goal' (361aa588-5f31-4e19-b8a5-099cae52479d, 9def7857-b883-4633-b94d-553adb940287)
[2026-03-21 14:50:34.130 DBG] ViewerRepo :: UpdatePresence(twitch, 5), 0.0354ms
[2026-03-21 14:50:34.184 DBG] TwitchService :: Presence Timer :: Artificially updated presence with a threshold of 5 minutes (54.5717ms)
[2026-03-21 14:51:34.145 DBG] ViewerRepo :: UpdatePresence(twitch, 5), 0.0489ms
[2026-03-21 14:51:34.199 DBG] TwitchService :: Presence Timer :: Artificially updated presence with a threshold of 5 minutes (53.4558ms)
[2026-03-21 14:52:34.155 DBG] ViewerRepo :: UpdatePresence(twitch, 5), 0.04ms
[2026-03-21 14:52:34.212 DBG] TwitchService :: Presence Timer :: Artificially updated presence with a threshold of 5 minutes (57.5644ms)
[2026-03-21 14:53:34.162 DBG] ViewerRepo :: UpdatePresence(twitch, 5), 0.0368ms
[2026-03-21 14:53:34.221 DBG] TwitchService :: Presence Timer :: Artificially updated presence with a threshold of 5 minutes (58.9722ms)
[2026-03-21 14:54:15.678 DBG] Credits :: Time to save 15.2594ms
[2026-03-21 14:54:34.177 DBG] ViewerRepo :: UpdatePresence(twitch, 5), 0.0485ms
[2026-03-21 14:54:34.231 DBG] TwitchService :: Presence Timer :: Artificially updated presence with a threshold of 5 minutes (54.7492ms)
[2026-03-21 14:55:19.764 DBG] AutoSave :: Auto saving settings...
[2026-03-21 14:55:19.781 DBG] Users :: Time to save 18.3296ms
[2026-03-21 14:55:19.805 DBG] Actions :: Time to save 22.3492ms
[2026-03-21 14:55:19.818 DBG] Commands :: Time to save 13.662ms
[2026-03-21 14:55:19.836 DBG] Twitch Rewards :: Time to save 17.8103ms
[2026-03-21 14:55:19.851 DBG] Midi :: Time to save 14.7156ms
[2026-03-21 14:55:19.865 DBG] OBS Settings :: Time to save 14.3161ms
[2026-03-21 14:55:19.880 DBG] MeldStudio Settings :: Time to save 14.7469ms
[2026-03-21 14:55:19.894 DBG] Credits :: Time to save 13.6265ms
[2026-03-21 14:55:19.909 DBG] Quotes :: Time to save 15.2993ms
[2026-03-21 14:55:19.985 DBG] Config :: Time to save 17.6176ms
[2026-03-21 14:55:34.196 DBG] ViewerRepo :: UpdatePresence(twitch, 5), 0.0347ms
[2026-03-21 14:55:34.258 DBG] TwitchService :: Presence Timer :: Artificially updated presence with a threshold of 5 minutes (62.2423ms)
[2026-03-21 14:56:34.203 DBG] ViewerRepo :: UpdatePresence(twitch, 5), 0.0336ms
[2026-03-21 14:56:34.260 DBG] TwitchService :: Presence Timer :: Artificially updated presence with a threshold of 5 minutes (57.4095ms)
[2026-03-21 14:57:34.206 DBG] ViewerRepo :: UpdatePresence(twitch, 5), 0.0373ms
[2026-03-21 14:57:34.263 DBG] TwitchService :: Presence Timer :: Artificially updated presence with a threshold of 5 minutes (57.4687ms)
[2026-03-21 14:58:34.218 DBG] ViewerRepo :: UpdatePresence(twitch, 5), 0.0389ms
[2026-03-21 14:58:34.274 DBG] TwitchService :: Presence Timer :: Artificially updated presence with a threshold of 5 minutes (56.2025ms)
[2026-03-21 14:59:15.692 DBG] Credits :: Time to save 12.2455ms
[2026-03-21 14:59:34.225 DBG] ViewerRepo :: UpdatePresence(twitch, 5), 0.0509ms
[2026-03-21 14:59:34.295 DBG] TwitchService :: Presence Timer :: Artificially updated presence with a threshold of 5 minutes (70.8769ms)
[2026-03-21 15:00:20.009 DBG] AutoSave :: Auto saving settings...
[2026-03-21 15:00:20.027 DBG] Users :: Time to save 17.8391ms
[2026-03-21 15:00:20.050 DBG] Actions :: Time to save 23.4986ms
[2026-03-21 15:00:20.068 DBG] Commands :: Time to save 17.5192ms
[2026-03-21 15:00:20.084 DBG] Twitch Rewards :: Time to save 16.4506ms
[2026-03-21 15:00:20.099 DBG] Midi :: Time to save 15.0329ms
[2026-03-21 15:00:20.115 DBG] OBS Settings :: Time to save 15.2708ms
[2026-03-21 15:00:20.130 DBG] MeldStudio Settings :: Time to save 15.1229ms
[2026-03-21 15:00:20.144 DBG] Credits :: Time to save 14.4444ms
[2026-03-21 15:00:20.162 DBG] Quotes :: Time to save 16.9694ms
[2026-03-21 15:00:20.231 DBG] Config :: Time to save 18.4204ms
[2026-03-21 15:00:29.558 DBG] ActionDispatcher :: Queueing 'Sub Goal' (361aa588-5f31-4e19-b8a5-099cae52479d, TimedAction) to 'Default' (00000000-0000-0000-0000-000000000000), with 11 arguments
[2026-03-21 15:00:29.558 DBG] ActionQueue :: 'Default' (00000000-0000-0000-0000-000000000000) :: Enqueue action 361aa588-5f31-4e19-b8a5-099cae52479d
[2026-03-21 15:00:29.558 DBG] ActionQueue :: 'Default' (00000000-0000-0000-0000-000000000000) :: Handling queue
[2026-03-21 15:00:29.558 DBG] ActionQueue :: 'Default' (00000000-0000-0000-0000-000000000000) :: Performing non-blocking 'Sub Goal' (361aa588-5f31-4e19-b8a5-099cae52479d, 51551ac0-24eb-4f76-834f-74fd47bc02c7)
[2026-03-21 15:00:34.228 DBG] ViewerRepo :: UpdatePresence(twitch, 5), 0.0373ms
[2026-03-21 15:00:34.287 DBG] TwitchService :: Presence Timer :: Artificially updated presence with a threshold of 5 minutes (59.2475ms)
[2026-03-21 15:01:34.229 DBG] ViewerRepo :: UpdatePresence(twitch, 5), 0.039ms
[2026-03-21 15:01:34.287 DBG] TwitchService :: Presence Timer :: Artificially updated presence with a threshold of 5 minutes (58.1056ms)
[2026-03-21 15:02:34.238 DBG] ViewerRepo :: UpdatePresence(twitch, 5), 0.0354ms
[2026-03-21 15:02:34.296 DBG] TwitchService :: Presence Timer :: Artificially updated presence with a threshold of 5 minutes (58.312ms)
[2026-03-21 15:03:34.246 DBG] ViewerRepo :: UpdatePresence(twitch, 5), 0.0353ms
[2026-03-21 15:03:34.300 DBG] TwitchService :: Presence Timer :: Artificially updated presence with a threshold of 5 minutes (54.4729ms)
[2026-03-21 15:04:15.704 DBG] Credits :: Time to save 14.3644ms
[2026-03-21 15:04:34.248 DBG] ViewerRepo :: UpdatePresence(twitch, 5), 0.0363ms
[2026-03-21 15:04:34.307 DBG] TwitchService :: Presence Timer :: Artificially updated presence with a threshold of 5 minutes (59.4178ms)
[2026-03-21 15:05:20.271 DBG] AutoSave :: Auto saving settings...
[2026-03-21 15:05:20.285 DBG] Users :: Time to save 14.1073ms
[2026-03-21 15:05:20.308 DBG] Actions :: Time to save 23.0043ms
[2026-03-21 15:05:20.325 DBG] Commands :: Time to save 16.4667ms
[2026-03-21 15:05:20.341 DBG] Twitch Rewards :: Time to save 16.2951ms
[2026-03-21 15:05:20.355 DBG] Midi :: Time to save 13.5722ms
[2026-03-21 15:05:20.369 DBG] OBS Settings :: Time to save 14.8174ms
[2026-03-21 15:05:20.383 DBG] MeldStudio Settings :: Time to save 13.9776ms
[2026-03-21 15:05:20.395 DBG] Credits :: Time to save 11.4233ms
[2026-03-21 15:05:20.411 DBG] Quotes :: Time to save 16.3583ms
[2026-03-21 15:05:20.495 DBG] Config :: Time to save 18.1279ms
[2026-03-21 15:05:34.248 DBG] ViewerRepo :: UpdatePresence(twitch, 5), 0.0342ms
[2026-03-21 15:05:34.306 DBG] TwitchService :: Presence Timer :: Artificially updated presence with a threshold of 5 minutes (58.0871ms)
[2026-03-21 15:06:34.264 DBG] ViewerRepo :: UpdatePresence(twitch, 5), 0.0392ms
[2026-03-21 15:06:34.317 DBG] TwitchService :: Presence Timer :: Artificially updated presence with a threshold of 5 minutes (54.1452ms)
[2026-03-21 15:07:34.265 DBG] ViewerRepo :: UpdatePresence(twitch, 5), 0.0345ms
[2026-03-21 15:07:34.323 DBG] TwitchService :: Presence Timer :: Artificially updated presence with a threshold of 5 minutes (58.6568ms)
[2026-03-21 15:08:34.275 DBG] ViewerRepo :: UpdatePresence(twitch, 5), 0.0382ms
[2026-03-21 15:08:34.333 DBG] TwitchService :: Presence Timer :: Artificially updated presence with a threshold of 5 minutes (58.2234ms)
[2026-03-21 15:09:15.716 DBG] Credits :: Time to save 12.6124ms
[2026-03-21 15:09:34.284 DBG] ViewerRepo :: UpdatePresence(twitch, 5), 0.0374ms
[2026-03-21 15:09:34.337 DBG] TwitchService :: Presence Timer :: Artificially updated presence with a threshold of 5 minutes (54.4507ms)
[2026-03-21 15:10:20.502 DBG] AutoSave :: Auto saving settings...
[2026-03-21 15:10:20.520 DBG] Users :: Time to save 17.5054ms
[2026-03-21 15:10:20.544 DBG] Actions :: Time to save 23.9456ms
[2026-03-21 15:10:20.561 DBG] Commands :: Time to save 16.8096ms
[2026-03-21 15:10:20.577 DBG] Twitch Rewards :: Time to save 16.3042ms
[2026-03-21 15:10:20.591 DBG] Midi :: Time to save 13.7307ms
[2026-03-21 15:10:20.605 DBG] OBS Settings :: Time to save 13.8199ms
[2026-03-21 15:10:20.616 DBG] MeldStudio Settings :: Time to save 11.3569ms
[2026-03-21 15:10:20.630 DBG] Credits :: Time to save 14.1636ms
[2026-03-21 15:10:20.646 DBG] Quotes :: Time to save 15.8941ms
[2026-03-21 15:10:20.725 DBG] Config :: Time to save 17.6777ms
[2026-03-21 15:10:30.463 DBG] ActionDispatcher :: Queueing 'Sub Goal' (361aa588-5f31-4e19-b8a5-099cae52479d, TimedAction) to 'Default' (00000000-0000-0000-0000-000000000000), with 11 arguments
[2026-03-21 15:10:30.463 DBG] ActionQueue :: 'Default' (00000000-0000-0000-0000-000000000000) :: Enqueue action 361aa588-5f31-4e19-b8a5-099cae52479d
[2026-03-21 15:10:30.463 DBG] ActionQueue :: 'Default' (00000000-0000-0000-0000-000000000000) :: Handling queue
[2026-03-21 15:10:30.463 DBG] ActionQueue :: 'Default' (00000000-0000-0000-0000-000000000000) :: Performing non-blocking 'Sub Goal' (361aa588-5f31-4e19-b8a5-099cae52479d, 2e928585-0422-49ee-90d4-210809ebcb63)
[2026-03-21 15:10:34.293 DBG] ViewerRepo :: UpdatePresence(twitch, 5), 0.0381ms
[2026-03-21 15:10:34.349 DBG] TwitchService :: Presence Timer :: Artificially updated presence with a threshold of 5 minutes (56.9166ms)
[2026-03-21 15:11:34.298 DBG] ViewerRepo :: UpdatePresence(twitch, 5), 0.0357ms
[2026-03-21 15:11:34.351 DBG] TwitchService :: Presence Timer :: Artificially updated presence with a threshold of 5 minutes (53.5699ms)
[2026-03-21 15:12:34.308 DBG] ViewerRepo :: UpdatePresence(twitch, 5), 0.0368ms
[2026-03-21 15:12:34.384 DBG] TwitchService :: Presence Timer :: Artificially updated presence with a threshold of 5 minutes (75.8237ms)
[2026-03-21 15:13:34.337 DBG] ViewerRepo :: UpdatePresence(twitch, 5), 0.0467ms
[2026-03-21 15:13:34.394 DBG] TwitchService :: Presence Timer :: Artificially updated presence with a threshold of 5 minutes (57.5986ms)
[2026-03-21 15:14:15.724 DBG] Credits :: Time to save 15.7602ms
[2026-03-21 15:14:34.347 DBG] ViewerRepo :: UpdatePresence(twitch, 5), 0.0459ms
[2026-03-21 15:14:34.405 DBG] TwitchService :: Presence Timer :: Artificially updated presence with a threshold of 5 minutes (58.7285ms)
[2026-03-21 15:15:20.745 DBG] AutoSave :: Auto saving settings...
[2026-03-21 15:15:20.764 DBG] Users :: Time to save 18.3767ms
[2026-03-21 15:15:20.788 DBG] Actions :: Time to save 24.6046ms
[2026-03-21 15:15:20.806 DBG] Commands :: Time to save 17.1642ms
[2026-03-21 15:15:20.822 DBG] Twitch Rewards :: Time to save 16.4284ms
[2026-03-21 15:15:20.836 DBG] Midi :: Time to save 14.6451ms
[2026-03-21 15:15:20.850 DBG] OBS Settings :: Time to save 14.2431ms
[2026-03-21 15:15:20.866 DBG] MeldStudio Settings :: Time to save 15.7256ms
[2026-03-21 15:15:20.880 DBG] Credits :: Time to save 14.6306ms
[2026-03-21 15:15:20.897 DBG] Quotes :: Time to save 16.0006ms
[2026-03-21 15:15:20.969 DBG] Config :: Time to save 20.0502ms
[2026-03-21 15:15:34.348 DBG] ViewerRepo :: UpdatePresence(twitch, 5), 0.0359ms
[2026-03-21 15:15:34.403 DBG] TwitchService :: Presence Timer :: Artificially updated presence with a threshold of 5 minutes (54.1869ms)
[2026-03-21 15:16:34.363 DBG] ViewerRepo :: UpdatePresence(twitch, 5), 0.0342ms
[2026-03-21 15:16:34.418 DBG] TwitchService :: Presence Timer :: Artificially updated presence with a threshold of 5 minutes (54.4658ms)
[2026-03-21 15:17:34.373 DBG] ViewerRepo :: UpdatePresence(twitch, 5), 0.0383ms
[2026-03-21 15:17:34.429 DBG] TwitchService :: Presence Timer :: Artificially updated presence with a threshold of 5 minutes (57.1714ms)
[2026-03-21 15:18:34.381 DBG] ViewerRepo :: UpdatePresence(twitch, 5), 0.038ms
[2026-03-21 15:18:34.441 DBG] TwitchService :: Presence Timer :: Artificially updated presence with a threshold of 5 minutes (59.8172ms)
[2026-03-21 15:19:15.733 DBG] Credits :: Time to save 15.2187ms
[2026-03-21 15:19:34.387 DBG] ViewerRepo :: UpdatePresence(twitch, 5), 0.035ms
[2026-03-21 15:19:34.440 DBG] TwitchService :: Presence Timer :: Artificially updated presence with a threshold of 5 minutes (53.7403ms)
[2026-03-21 15:20:21.017 DBG] AutoSave :: Auto saving settings...
[2026-03-21 15:20:21.035 DBG] Users :: Time to save 18.5562ms
[2026-03-21 15:20:21.053 DBG] Actions :: Time to save 18.2804ms
[2026-03-21 15:20:21.069 DBG] Commands :: Time to save 15.5608ms
[2026-03-21 15:20:21.080 DBG] Twitch Rewards :: Time to save 11.4566ms
[2026-03-21 15:20:21.093 DBG] Midi :: Time to save 12.9954ms
[2026-03-21 15:20:21.107 DBG] OBS Settings :: Time to save 14.0831ms
[2026-03-21 15:20:21.121 DBG] MeldStudio Settings :: Time to save 13.2719ms
[2026-03-21 15:20:21.134 DBG] Credits :: Time to save 13.3722ms
[2026-03-21 15:20:21.149 DBG] Quotes :: Time to save 14.7131ms
[2026-03-21 15:20:21.237 DBG] Config :: Time to save 18.2709ms
[2026-03-21 15:20:30.862 DBG] ActionDispatcher :: Queueing 'Sub Goal' (361aa588-5f31-4e19-b8a5-099cae52479d, TimedAction) to 'Default' (00000000-0000-0000-0000-000000000000), with 11 arguments
[2026-03-21 15:20:30.862 DBG] ActionQueue :: 'Default' (00000000-0000-0000-0000-000000000000) :: Enqueue action 361aa588-5f31-4e19-b8a5-099cae52479d
[2026-03-21 15:20:30.862 DBG] ActionQueue :: 'Default' (00000000-0000-0000-0000-000000000000) :: Handling queue
[2026-03-21 15:20:30.862 DBG] ActionQueue :: 'Default' (00000000-0000-0000-0000-000000000000) :: Performing non-blocking 'Sub Goal' (361aa588-5f31-4e19-b8a5-099cae52479d, 38d63dc3-3cb4-4f25-8681-4299cb3f33fa)
[2026-03-21 15:20:34.396 DBG] ViewerRepo :: UpdatePresence(twitch, 5), 0.0379ms
[2026-03-21 15:20:34.943 DBG] TwitchService :: Presence Timer :: Artificially updated presence with a threshold of 5 minutes (547.9028ms)
[2026-03-21 15:21:34.409 DBG] ViewerRepo :: UpdatePresence(twitch, 5), 0.0412ms
[2026-03-21 15:21:34.465 DBG] TwitchService :: Presence Timer :: Artificially updated presence with a threshold of 5 minutes (56.1137ms)
[2026-03-21 15:22:34.422 DBG] ViewerRepo :: UpdatePresence(twitch, 5), 0.0378ms
[2026-03-21 15:22:34.475 DBG] TwitchService :: Presence Timer :: Artificially updated presence with a threshold of 5 minutes (54.0433ms)
[2026-03-21 15:23:34.423 DBG] ViewerRepo :: UpdatePresence(twitch, 5), 0.0578ms
[2026-03-21 15:23:34.476 DBG] TwitchService :: Presence Timer :: Artificially updated presence with a threshold of 5 minutes (53.0105ms)
[2026-03-21 15:24:15.735 DBG] Credits :: Time to save 12.4266ms
[2026-03-21 15:24:34.432 DBG] ViewerRepo :: UpdatePresence(twitch, 5), 0.0356ms
[2026-03-21 15:24:34.488 DBG] TwitchService :: Presence Timer :: Artificially updated presence with a threshold of 5 minutes (56.1208ms)
[2026-03-21 15:25:21.272 DBG] AutoSave :: Auto saving settings...
[2026-03-21 15:25:21.291 DBG] Users :: Time to save 18.7729ms
[2026-03-21 15:25:21.314 DBG] Actions :: Time to save 23.8006ms
[2026-03-21 15:25:21.331 DBG] Commands :: Time to save 16.4858ms
[2026-03-21 15:25:21.348 DBG] Twitch Rewards :: Time to save 16.6453ms
[2026-03-21 15:25:21.363 DBG] Midi :: Time to save 14.7915ms
[2026-03-21 15:25:21.378 DBG] OBS Settings :: Time to save 15.1949ms
[2026-03-21 15:25:21.392 DBG] MeldStudio Settings :: Time to save 13.8508ms
[2026-03-21 15:25:21.404 DBG] Credits :: Time to save 12.8113ms
[2026-03-21 15:25:21.422 DBG] Quotes :: Time to save 17.8011ms
[2026-03-21 15:25:21.491 DBG] Config :: Time to save 17.2683ms
[2026-03-21 15:25:34.435 DBG] ViewerRepo :: UpdatePresence(twitch, 5), 0.0492ms
[2026-03-21 15:25:34.493 DBG] TwitchService :: Presence Timer :: Artificially updated presence with a threshold of 5 minutes (58.5242ms)
[2026-03-21 15:26:34.445 DBG] ViewerRepo :: UpdatePresence(twitch, 5), 0.0375ms
[2026-03-21 15:26:34.503 DBG] TwitchService :: Presence Timer :: Artificially updated presence with a threshold of 5 minutes (58.087ms)
[2026-03-21 15:27:34.457 DBG] ViewerRepo :: UpdatePresence(twitch, 5), 0.0425ms
[2026-03-21 15:27:34.517 DBG] TwitchService :: Presence Timer :: Artificially updated presence with a threshold of 5 minutes (61.058ms)
[2026-03-21 15:28:34.467 DBG] ViewerRepo :: UpdatePresence(twitch, 5), 0.0382ms
[2026-03-21 15:28:34.523 DBG] TwitchService :: Presence Timer :: Artificially updated presence with a threshold of 5 minutes (56.1559ms)
[2026-03-21 15:29:15.747 DBG] Credits :: Time to save 15.3189ms
[2026-03-21 15:29:34.482 DBG] ViewerRepo :: UpdatePresence(twitch, 5), 0.0361ms
[2026-03-21 15:29:34.540 DBG] TwitchService :: Presence Timer :: Artificially updated presence with a threshold of 5 minutes (59.1705ms)
[2026-03-21 15:30:21.507 DBG] AutoSave :: Auto saving settings...
[2026-03-21 15:30:21.525 DBG] Users :: Time to save 18.0378ms
[2026-03-21 15:30:21.547 DBG] Actions :: Time to save 22.5822ms
[2026-03-21 15:30:21.560 DBG] Commands :: Time to save 13.0983ms
[2026-03-21 15:30:21.577 DBG] Twitch Rewards :: Time to save 15.8221ms
[2026-03-21 15:30:21.590 DBG] Midi :: Time to save 13.1721ms
[2026-03-21 15:30:21.603 DBG] OBS Settings :: Time to save 13.4483ms
[2026-03-21 15:30:21.617 DBG] MeldStudio Settings :: Time to save 13.2855ms
[2026-03-21 15:30:21.631 DBG] Credits :: Time to save 13.4075ms
[2026-03-21 15:30:21.646 DBG] Quotes :: Time to save 15.6093ms
[2026-03-21 15:30:21.725 DBG] Config :: Time to save 12.6156ms
[2026-03-21 15:30:31.220 DBG] ActionDispatcher :: Queueing 'Sub Goal' (361aa588-5f31-4e19-b8a5-099cae52479d, TimedAction) to 'Default' (00000000-0000-0000-0000-000000000000), with 11 arguments
[2026-03-21 15:30:31.220 DBG] ActionQueue :: 'Default' (00000000-0000-0000-0000-000000000000) :: Enqueue action 361aa588-5f31-4e19-b8a5-099cae52479d
[2026-03-21 15:30:31.220 DBG] ActionQueue :: 'Default' (00000000-0000-0000-0000-000000000000) :: Handling queue
[2026-03-21 15:30:31.220 DBG] ActionQueue :: 'Default' (00000000-0000-0000-0000-000000000000) :: Performing non-blocking 'Sub Goal' (361aa588-5f31-4e19-b8a5-099cae52479d, 5a1c79a1-b11d-4cba-b0d5-b35a7e55eb44)
[2026-03-21 15:30:34.488 DBG] ViewerRepo :: UpdatePresence(twitch, 5), 0.0369ms
[2026-03-21 15:30:34.542 DBG] TwitchService :: Presence Timer :: Artificially updated presence with a threshold of 5 minutes (54.6017ms)
[2026-03-21 15:31:34.504 DBG] ViewerRepo :: UpdatePresence(twitch, 5), 0.156ms
[2026-03-21 15:31:34.564 DBG] TwitchService :: Presence Timer :: Artificially updated presence with a threshold of 5 minutes (60.1919ms)
[2026-03-21 15:32:34.513 DBG] ViewerRepo :: UpdatePresence(twitch, 5), 0.0388ms
[2026-03-21 15:32:34.570 DBG] TwitchService :: Presence Timer :: Artificially updated presence with a threshold of 5 minutes (56.9758ms)
[2026-03-21 15:33:34.526 DBG] ViewerRepo :: UpdatePresence(twitch, 5), 0.0351ms
[2026-03-21 15:33:34.580 DBG] TwitchService :: Presence Timer :: Artificially updated presence with a threshold of 5 minutes (55.1447ms)
[2026-03-21 15:34:15.756 DBG] Credits :: Time to save 17.6462ms
[2026-03-21 15:34:34.529 DBG] ViewerRepo :: UpdatePresence(twitch, 5), 0.0356ms
[2026-03-21 15:34:34.588 DBG] TwitchService :: Presence Timer :: Artificially updated presence with a threshold of 5 minutes (59.4171ms)
[2026-03-21 15:35:21.733 DBG] AutoSave :: Auto saving settings...
[2026-03-21 15:35:21.746 DBG] Users :: Time to save 13.3474ms
[2026-03-21 15:35:21.770 DBG] Actions :: Time to save 23.6726ms
[2026-03-21 15:35:21.786 DBG] Commands :: Time to save 15.9548ms
[2026-03-21 15:35:21.802 DBG] Twitch Rewards :: Time to save 16.3984ms
[2026-03-21 15:35:21.814 DBG] Midi :: Time to save 11.1053ms
[2026-03-21 15:35:21.828 DBG] OBS Settings :: Time to save 14.0046ms
[2026-03-21 15:35:21.842 DBG] MeldStudio Settings :: Time to save 13.4863ms
[2026-03-21 15:35:21.854 DBG] Credits :: Time to save 13.0173ms
[2026-03-21 15:35:21.869 DBG] Quotes :: Time to save 15.2184ms
[2026-03-21 15:35:21.948 DBG] Config :: Time to save 12.943ms
[2026-03-21 15:35:34.540 DBG] ViewerRepo :: UpdatePresence(twitch, 5), 0.0361ms
[2026-03-21 15:35:34.597 DBG] TwitchService :: Presence Timer :: Artificially updated presence with a threshold of 5 minutes (57.0824ms)
[2026-03-21 15:36:34.547 DBG] ViewerRepo :: UpdatePresence(twitch, 5), 0.0351ms
[2026-03-21 15:36:34.602 DBG] TwitchService :: Presence Timer :: Artificially updated presence with a threshold of 5 minutes (54.8005ms)
[2026-03-21 15:37:34.557 DBG] ViewerRepo :: UpdatePresence(twitch, 5), 0.0346ms
[2026-03-21 15:37:34.615 DBG] TwitchService :: Presence Timer :: Artificially updated presence with a threshold of 5 minutes (57.6351ms)
[2026-03-21 15:38:34.562 DBG] ViewerRepo :: UpdatePresence(twitch, 5), 0.0405ms
[2026-03-21 15:38:34.622 DBG] TwitchService :: Presence Timer :: Artificially updated presence with a threshold of 5 minutes (59.9406ms)
[2026-03-21 15:39:15.766 DBG] Credits :: Time to save 15.3776ms
[2026-03-21 15:39:34.572 DBG] ViewerRepo :: UpdatePresence(twitch, 5), 0.0351ms
[2026-03-21 15:39:34.625 DBG] TwitchService :: Presence Timer :: Artificially updated presence with a threshold of 5 minutes (54.2653ms)
[2026-03-21 15:40:21.952 DBG] AutoSave :: Auto saving settings...
[2026-03-21 15:40:21.969 DBG] Users :: Time to save 17.7642ms
[2026-03-21 15:40:21.992 DBG] Actions :: Time to save 21.8393ms
[2026-03-21 15:40:22.003 DBG] Commands :: Time to save 11.5898ms
[2026-03-21 15:40:22.015 DBG] Twitch Rewards :: Time to save 12.3344ms
[2026-03-21 15:40:22.029 DBG] Midi :: Time to save 13.7577ms
[2026-03-21 15:40:22.042 DBG] OBS Settings :: Time to save 13.3037ms
[2026-03-21 15:40:22.056 DBG] MeldStudio Settings :: Time to save 13.1006ms
[2026-03-21 15:40:22.067 DBG] Credits :: Time to save 10.9603ms
[2026-03-21 15:40:22.077 DBG] Quotes :: Time to save 10.9342ms
[2026-03-21 15:40:22.172 DBG] Config :: Time to save 17.1913ms
[2026-03-21 15:40:31.861 DBG] ActionDispatcher :: Queueing 'Sub Goal' (361aa588-5f31-4e19-b8a5-099cae52479d, TimedAction) to 'Default' (00000000-0000-0000-0000-000000000000), with 11 arguments
[2026-03-21 15:40:31.861 DBG] ActionQueue :: 'Default' (00000000-0000-0000-0000-000000000000) :: Enqueue action 361aa588-5f31-4e19-b8a5-099cae52479d
[2026-03-21 15:40:31.861 DBG] ActionQueue :: 'Default' (00000000-0000-0000-0000-000000000000) :: Handling queue
[2026-03-21 15:40:31.861 DBG] ActionQueue :: 'Default' (00000000-0000-0000-0000-000000000000) :: Performing non-blocking 'Sub Goal' (361aa588-5f31-4e19-b8a5-099cae52479d, 12770d23-f281-4a23-9918-06dd9e980cd8)
[2026-03-21 15:40:34.577 DBG] ViewerRepo :: UpdatePresence(twitch, 5), 0.0352ms
[2026-03-21 15:40:34.633 DBG] TwitchService :: Presence Timer :: Artificially updated presence with a threshold of 5 minutes (55.9545ms)
[2026-03-21 15:41:34.592 DBG] ViewerRepo :: UpdatePresence(twitch, 5), 0.0356ms
[2026-03-21 15:41:34.645 DBG] TwitchService :: Presence Timer :: Artificially updated presence with a threshold of 5 minutes (53.0097ms)
[2026-03-21 15:42:34.602 DBG] ViewerRepo :: UpdatePresence(twitch, 5), 0.0386ms
[2026-03-21 15:42:34.658 DBG] TwitchService :: Presence Timer :: Artificially updated presence with a threshold of 5 minutes (56.2482ms)
[2026-03-21 15:43:34.610 DBG] ViewerRepo :: UpdatePresence(twitch, 5), 0.0383ms
[2026-03-21 15:43:34.668 DBG] TwitchService :: Presence Timer :: Artificially updated presence with a threshold of 5 minutes (57.5597ms)
[2026-03-21 15:44:15.770 DBG] Credits :: Time to save 14.8933ms
[2026-03-21 15:44:34.626 DBG] ViewerRepo :: UpdatePresence(twitch, 5), 0.0491ms
[2026-03-21 15:44:34.685 DBG] TwitchService :: Presence Timer :: Artificially updated presence with a threshold of 5 minutes (59.3812ms)
[2026-03-21 15:45:22.183 DBG] AutoSave :: Auto saving settings...
[2026-03-21 15:45:22.199 DBG] Users :: Time to save 16.6952ms
[2026-03-21 15:45:22.221 DBG] Actions :: Time to save 21.9998ms
[2026-03-21 15:45:22.239 DBG] Commands :: Time to save 17.9109ms
[2026-03-21 15:45:22.251 DBG] Twitch Rewards :: Time to save 11.4867ms
[2026-03-21 15:45:22.265 DBG] Midi :: Time to save 13.6242ms
[2026-03-21 15:45:22.276 DBG] OBS Settings :: Time to save 12.3549ms
[2026-03-21 15:45:22.292 DBG] MeldStudio Settings :: Time to save 15.3084ms
[2026-03-21 15:45:22.306 DBG] Credits :: Time to save 13.3856ms
[2026-03-21 15:45:22.321 DBG] Quotes :: Time to save 15.6205ms
[2026-03-21 15:45:22.419 DBG] Config :: Time to save 19.4891ms
[2026-03-21 15:45:34.636 DBG] ViewerRepo :: UpdatePresence(twitch, 5), 0.0364ms
[2026-03-21 15:45:34.693 DBG] TwitchService :: Presence Timer :: Artificially updated presence with a threshold of 5 minutes (57.524ms)
[2026-03-21 15:46:34.649 DBG] ViewerRepo :: UpdatePresence(twitch, 5), 0.0342ms
[2026-03-21 15:46:34.704 DBG] TwitchService :: Presence Timer :: Artificially updated presence with a threshold of 5 minutes (54.9848ms)
[2026-03-21 15:47:34.657 DBG] ViewerRepo :: UpdatePresence(twitch, 5), 0.0604ms
[2026-03-21 15:47:34.717 DBG] TwitchService :: Presence Timer :: Artificially updated presence with a threshold of 5 minutes (60.164ms)
[2026-03-21 15:48:34.668 DBG] ViewerRepo :: UpdatePresence(twitch, 5), 0.0373ms
[2026-03-21 15:48:34.724 DBG] TwitchService :: Presence Timer :: Artificially updated presence with a threshold of 5 minutes (56.3864ms)
[2026-03-21 15:49:15.783 DBG] Credits :: Time to save 13.0141ms
[2026-03-21 15:49:34.669 DBG] ViewerRepo :: UpdatePresence(twitch, 5), 0.0365ms
[2026-03-21 15:49:34.722 DBG] TwitchService :: Presence Timer :: Artificially updated presence with a threshold of 5 minutes (53.0573ms)
[2026-03-21 15:50:22.413 DBG] AutoSave :: Auto saving settings...
[2026-03-21 15:50:22.430 DBG] Users :: Time to save 17.7805ms
[2026-03-21 15:50:22.455 DBG] Actions :: Time to save 24.2829ms
[2026-03-21 15:50:22.472 DBG] Commands :: Time to save 16.1678ms
[2026-03-21 15:50:22.488 DBG] Twitch Rewards :: Time to save 16.9164ms
[2026-03-21 15:50:22.504 DBG] Midi :: Time to save 16.2413ms
[2026-03-21 15:50:22.519 DBG] OBS Settings :: Time to save 14.3767ms
[2026-03-21 15:50:22.534 DBG] MeldStudio Settings :: Time to save 15.6923ms
[2026-03-21 15:50:22.550 DBG] Credits :: Time to save 14.9493ms
[2026-03-21 15:50:22.567 DBG] Quotes :: Time to save 16.8232ms
[2026-03-21 15:50:22.634 DBG] Config :: Time to save 19.2756ms
[2026-03-21 15:50:32.578 DBG] ActionDispatcher :: Queueing 'Sub Goal' (361aa588-5f31-4e19-b8a5-099cae52479d, TimedAction) to 'Default' (00000000-0000-0000-0000-000000000000), with 11 arguments
[2026-03-21 15:50:32.578 DBG] ActionQueue :: 'Default' (00000000-0000-0000-0000-000000000000) :: Enqueue action 361aa588-5f31-4e19-b8a5-099cae52479d
[2026-03-21 15:50:32.578 DBG] ActionQueue :: 'Default' (00000000-0000-0000-0000-000000000000) :: Handling queue
[2026-03-21 15:50:32.578 DBG] ActionQueue :: 'Default' (00000000-0000-0000-0000-000000000000) :: Performing non-blocking 'Sub Goal' (361aa588-5f31-4e19-b8a5-099cae52479d, 1116e699-b96c-4540-b91c-b9a834f6b1aa)
[2026-03-21 15:50:34.672 DBG] ViewerRepo :: UpdatePresence(twitch, 5), 0.0346ms
[2026-03-21 15:50:34.726 DBG] TwitchService :: Presence Timer :: Artificially updated presence with a threshold of 5 minutes (54.5963ms)
[2026-03-21 15:51:34.675 DBG] ViewerRepo :: UpdatePresence(twitch, 5), 0.0336ms
[2026-03-21 15:51:34.728 DBG] TwitchService :: Presence Timer :: Artificially updated presence with a threshold of 5 minutes (54.299ms)
[2026-03-21 15:52:34.687 DBG] ViewerRepo :: UpdatePresence(twitch, 5), 0.0371ms
[2026-03-21 15:52:34.744 DBG] TwitchService :: Presence Timer :: Artificially updated presence with a threshold of 5 minutes (57.7701ms)
[2026-03-21 15:53:34.690 DBG] ViewerRepo :: UpdatePresence(twitch, 5), 0.038ms
[2026-03-21 15:53:34.749 DBG] TwitchService :: Presence Timer :: Artificially updated presence with a threshold of 5 minutes (59.1279ms)
[2026-03-21 15:54:15.795 DBG] Credits :: Time to save 16.7074ms
[2026-03-21 15:54:34.703 DBG] ViewerRepo :: UpdatePresence(twitch, 5), 0.0627ms
[2026-03-21 15:54:34.761 DBG] TwitchService :: Presence Timer :: Artificially updated presence with a threshold of 5 minutes (58.4636ms)
[2026-03-21 15:55:22.668 DBG] AutoSave :: Auto saving settings...
[2026-03-21 15:55:22.684 DBG] Users :: Time to save 17.077ms
[2026-03-21 15:55:22.711 DBG] Actions :: Time to save 26.3864ms
[2026-03-21 15:55:22.726 DBG] Commands :: Time to save 15.1823ms
[2026-03-21 15:55:22.740 DBG] Twitch Rewards :: Time to save 15.0453ms
[2026-03-21 15:55:22.752 DBG] Midi :: Time to save 10.9421ms
[2026-03-21 15:55:22.764 DBG] OBS Settings :: Time to save 11.9053ms
[2026-03-21 15:55:22.775 DBG] MeldStudio Settings :: Time to save 10.5928ms
[2026-03-21 15:55:22.787 DBG] Credits :: Time to save 12.095ms
[2026-03-21 15:55:22.800 DBG] Quotes :: Time to save 12.9805ms
[2026-03-21 15:55:22.889 DBG] Config :: Time to save 17.1098ms
[2026-03-21 15:55:34.717 DBG] ViewerRepo :: UpdatePresence(twitch, 5), 0.0483ms
[2026-03-21 15:55:34.776 DBG] TwitchService :: Presence Timer :: Artificially updated presence with a threshold of 5 minutes (59.0559ms)
[2026-03-21 15:56:34.724 DBG] ViewerRepo :: UpdatePresence(twitch, 5), 0.0422ms
[2026-03-21 15:56:34.782 DBG] TwitchService :: Presence Timer :: Artificially updated presence with a threshold of 5 minutes (58.2194ms)
[2026-03-21 15:57:34.724 DBG] ViewerRepo :: UpdatePresence(twitch, 5), 0.049ms
[2026-03-21 15:57:34.778 DBG] TwitchService :: Presence Timer :: Artificially updated presence with a threshold of 5 minutes (54.9268ms)
[2026-03-21 15:58:34.736 DBG] ViewerRepo :: UpdatePresence(twitch, 5), 0.0351ms
[2026-03-21 15:58:34.791 DBG] TwitchService :: Presence Timer :: Artificially updated presence with a threshold of 5 minutes (55.4589ms)
[2026-03-21 15:59:15.800 DBG] Credits :: Time to save 14.2376ms
[2026-03-21 15:59:34.749 DBG] ViewerRepo :: UpdatePresence(twitch, 5), 0.0357ms
[2026-03-21 15:59:34.800 DBG] TwitchService :: Presence Timer :: Artificially updated presence with a threshold of 5 minutes (51.8161ms)
[2026-03-21 16:00:22.906 DBG] AutoSave :: Auto saving settings...
[2026-03-21 16:00:22.920 DBG] Users :: Time to save 13.4898ms
[2026-03-21 16:00:22.939 DBG] Actions :: Time to save 20.0336ms
[2026-03-21 16:00:22.956 DBG] Commands :: Time to save 16.5021ms
[2026-03-21 16:00:22.973 DBG] Twitch Rewards :: Time to save 17.0659ms
[2026-03-21 16:00:22.987 DBG] Midi :: Time to save 13.9673ms
[2026-03-21 16:00:23.000 DBG] OBS Settings :: Time to save 13.6294ms
[2026-03-21 16:00:23.016 DBG] MeldStudio Settings :: Time to save 14.3481ms
[2026-03-21 16:00:23.029 DBG] Credits :: Time to save 13.0851ms
[2026-03-21 16:00:23.043 DBG] Quotes :: Time to save 14.5785ms
[2026-03-21 16:00:23.126 DBG] Config :: Time to save 18.1776ms
[2026-03-21 16:00:32.614 DBG] ActionDispatcher :: Queueing 'Sub Goal' (361aa588-5f31-4e19-b8a5-099cae52479d, TimedAction) to 'Default' (00000000-0000-0000-0000-000000000000), with 11 arguments
[2026-03-21 16:00:32.614 DBG] ActionQueue :: 'Default' (00000000-0000-0000-0000-000000000000) :: Enqueue action 361aa588-5f31-4e19-b8a5-099cae52479d
[2026-03-21 16:00:32.614 DBG] ActionQueue :: 'Default' (00000000-0000-0000-0000-000000000000) :: Handling queue
[2026-03-21 16:00:32.614 DBG] ActionQueue :: 'Default' (00000000-0000-0000-0000-000000000000) :: Performing non-blocking 'Sub Goal' (361aa588-5f31-4e19-b8a5-099cae52479d, dbd8958b-3343-4d6a-8cb0-442d8b6b7501)
[2026-03-21 16:00:34.754 DBG] ViewerRepo :: UpdatePresence(twitch, 5), 0.0367ms
[2026-03-21 16:00:34.808 DBG] TwitchService :: Presence Timer :: Artificially updated presence with a threshold of 5 minutes (54.741ms)
[2026-03-21 16:01:34.761 DBG] ViewerRepo :: UpdatePresence(twitch, 5), 0.035ms
[2026-03-21 16:01:34.819 DBG] TwitchService :: Presence Timer :: Artificially updated presence with a threshold of 5 minutes (58.1724ms)
[2026-03-21 16:02:34.767 DBG] ViewerRepo :: UpdatePresence(twitch, 5), 0.0353ms
[2026-03-21 16:02:34.821 DBG] TwitchService :: Presence Timer :: Artificially updated presence with a threshold of 5 minutes (53.7335ms)
[2026-03-21 16:03:34.772 DBG] ViewerRepo :: UpdatePresence(twitch, 5), 0.0368ms
[2026-03-21 16:03:34.826 DBG] TwitchService :: Presence Timer :: Artificially updated presence with a threshold of 5 minutes (54.064ms)
[2026-03-21 16:04:15.809 DBG] Credits :: Time to save 16.237ms
[2026-03-21 16:04:34.773 DBG] ViewerRepo :: UpdatePresence(twitch, 5), 0.0426ms
[2026-03-21 16:04:34.833 DBG] TwitchService :: Presence Timer :: Artificially updated presence with a threshold of 5 minutes (59.7679ms)
[2026-03-21 16:05:23.156 DBG] AutoSave :: Auto saving settings...
[2026-03-21 16:05:23.173 DBG] Users :: Time to save 16.7236ms
[2026-03-21 16:05:23.196 DBG] Actions :: Time to save 23.4342ms
[2026-03-21 16:05:23.212 DBG] Commands :: Time to save 15.8783ms
[2026-03-21 16:05:23.229 DBG] Twitch Rewards :: Time to save 16.374ms
[2026-03-21 16:05:23.242 DBG] Midi :: Time to save 13.7715ms
[2026-03-21 16:05:23.253 DBG] OBS Settings :: Time to save 10.8847ms
[2026-03-21 16:05:23.263 DBG] MeldStudio Settings :: Time to save 9.7738ms
[2026-03-21 16:05:23.275 DBG] Credits :: Time to save 12.4977ms
[2026-03-21 16:05:23.290 DBG] Quotes :: Time to save 15.0345ms
[2026-03-21 16:05:23.373 DBG] Config :: Time to save 13.5413ms
[2026-03-21 16:05:34.775 DBG] ViewerRepo :: UpdatePresence(twitch, 5), 0.0366ms
[2026-03-21 16:05:34.830 DBG] TwitchService :: Presence Timer :: Artificially updated presence with a threshold of 5 minutes (55.7676ms)
[2026-03-21 16:06:34.786 DBG] ViewerRepo :: UpdatePresence(twitch, 5), 0.052ms
[2026-03-21 16:06:34.849 DBG] TwitchService :: Presence Timer :: Artificially updated presence with a threshold of 5 minutes (63.1394ms)
[2026-03-21 16:07:34.800 DBG] ViewerRepo :: UpdatePresence(twitch, 5), 0.0367ms
[2026-03-21 16:07:34.856 DBG] TwitchService :: Presence Timer :: Artificially updated presence with a threshold of 5 minutes (56.8875ms)
[2026-03-21 16:08:34.810 DBG] ViewerRepo :: UpdatePresence(twitch, 5), 0.0371ms
[2026-03-21 16:08:34.866 DBG] TwitchService :: Presence Timer :: Artificially updated presence with a threshold of 5 minutes (55.9706ms)
[2026-03-21 16:09:15.814 DBG] Credits :: Time to save 18.9764ms
[2026-03-21 16:09:34.820 DBG] ViewerRepo :: UpdatePresence(twitch, 5), 0.0371ms
[2026-03-21 16:09:34.875 DBG] TwitchService :: Presence Timer :: Artificially updated presence with a threshold of 5 minutes (54.8478ms)
[2026-03-21 16:10:23.365 DBG] AutoSave :: Auto saving settings...
[2026-03-21 16:10:23.387 DBG] Users :: Time to save 21.8526ms
[2026-03-21 16:10:23.412 DBG] Actions :: Time to save 25.3692ms
[2026-03-21 16:10:23.430 DBG] Commands :: Time to save 17.6ms
[2026-03-21 16:10:23.447 DBG] Twitch Rewards :: Time to save 17.2231ms
[2026-03-21 16:10:23.460 DBG] Midi :: Time to save 13.9123ms
[2026-03-21 16:10:23.476 DBG] OBS Settings :: Time to save 15.2666ms
[2026-03-21 16:10:23.491 DBG] MeldStudio Settings :: Time to save 14.9053ms
[2026-03-21 16:10:23.504 DBG] Credits :: Time to save 13.6232ms
[2026-03-21 16:10:23.521 DBG] Quotes :: Time to save 16.2764ms
[2026-03-21 16:10:23.587 DBG] Config :: Time to save 19.5348ms
[2026-03-21 16:10:32.665 DBG] ActionDispatcher :: Queueing 'Sub Goal' (361aa588-5f31-4e19-b8a5-099cae52479d, TimedAction) to 'Default' (00000000-0000-0000-0000-000000000000), with 11 arguments
[2026-03-21 16:10:32.665 DBG] ActionQueue :: 'Default' (00000000-0000-0000-0000-000000000000) :: Enqueue action 361aa588-5f31-4e19-b8a5-099cae52479d
[2026-03-21 16:10:32.665 DBG] ActionQueue :: 'Default' (00000000-0000-0000-0000-000000000000) :: Handling queue
[2026-03-21 16:10:32.665 DBG] ActionQueue :: 'Default' (00000000-0000-0000-0000-000000000000) :: Performing non-blocking 'Sub Goal' (361aa588-5f31-4e19-b8a5-099cae52479d, 55b9fa0d-bbd7-4fb6-9ba6-53aa4aa66493)
[2026-03-21 16:10:34.833 DBG] ViewerRepo :: UpdatePresence(twitch, 5), 0.0451ms
[2026-03-21 16:10:34.898 DBG] TwitchService :: Presence Timer :: Artificially updated presence with a threshold of 5 minutes (64.8096ms)
[2026-03-21 16:11:34.838 DBG] ViewerRepo :: UpdatePresence(twitch, 5), 0.0428ms
[2026-03-21 16:11:34.895 DBG] TwitchService :: Presence Timer :: Artificially updated presence with a threshold of 5 minutes (56.5391ms)
[2026-03-21 16:12:34.842 DBG] ViewerRepo :: UpdatePresence(twitch, 5), 0.0516ms
[2026-03-21 16:12:34.897 DBG] TwitchService :: Presence Timer :: Artificially updated presence with a threshold of 5 minutes (55.2764ms)
[2026-03-21 16:13:34.847 DBG] ViewerRepo :: UpdatePresence(twitch, 5), 0.0404ms
[2026-03-21 16:13:34.903 DBG] TwitchService :: Presence Timer :: Artificially updated presence with a threshold of 5 minutes (56.0028ms)
[2026-03-21 16:14:15.820 DBG] Credits :: Time to save 17.2638ms
[2026-03-21 16:14:34.848 DBG] ViewerRepo :: UpdatePresence(twitch, 5), 0.0366ms
[2026-03-21 16:14:34.901 DBG] TwitchService :: Presence Timer :: Artificially updated presence with a threshold of 5 minutes (53.7986ms)
[2026-03-21 16:15:23.611 DBG] AutoSave :: Auto saving settings...
[2026-03-21 16:15:23.627 DBG] Users :: Time to save 15.7004ms
[2026-03-21 16:15:23.651 DBG] Actions :: Time to save 24.0653ms
[2026-03-21 16:15:23.669 DBG] Commands :: Time to save 17.0892ms
[2026-03-21 16:15:23.685 DBG] Twitch Rewards :: Time to save 16.9108ms
[2026-03-21 16:15:23.699 DBG] Midi :: Time to save 14.8714ms
[2026-03-21 16:15:23.714 DBG] OBS Settings :: Time to save 14.2362ms
[2026-03-21 16:15:23.728 DBG] MeldStudio Settings :: Time to save 14.2239ms
[2026-03-21 16:15:23.743 DBG] Credits :: Time to save 14.882ms
[2026-03-21 16:15:23.759 DBG] Quotes :: Time to save 16.3418ms
[2026-03-21 16:15:23.835 DBG] Config :: Time to save 19.8351ms
[2026-03-21 16:15:34.857 DBG] ViewerRepo :: UpdatePresence(twitch, 5), 0.0365ms
[2026-03-21 16:15:34.914 DBG] TwitchService :: Presence Timer :: Artificially updated presence with a threshold of 5 minutes (57.6355ms)
[2026-03-21 16:16:34.870 DBG] ViewerRepo :: UpdatePresence(twitch, 5), 0.0368ms
[2026-03-21 16:16:34.931 DBG] TwitchService :: Presence Timer :: Artificially updated presence with a threshold of 5 minutes (61.1883ms)
[2026-03-21 16:17:34.874 DBG] ViewerRepo :: UpdatePresence(twitch, 5), 0.0367ms
[2026-03-21 16:17:34.934 DBG] TwitchService :: Presence Timer :: Artificially updated presence with a threshold of 5 minutes (60.6966ms)
[2026-03-21 16:18:34.889 DBG] ViewerRepo :: UpdatePresence(twitch, 5), 0.0369ms
[2026-03-21 16:18:34.941 DBG] TwitchService :: Presence Timer :: Artificially updated presence with a threshold of 5 minutes (52.337ms)
[2026-03-21 16:19:15.825 DBG] Credits :: Time to save 19.2979ms
[2026-03-21 16:19:34.907 DBG] ViewerRepo :: UpdatePresence(twitch, 5), 0.0372ms
[2026-03-21 16:19:34.965 DBG] TwitchService :: Presence Timer :: Artificially updated presence with a threshold of 5 minutes (58.7116ms)
[2026-03-21 16:20:23.856 DBG] AutoSave :: Auto saving settings...
[2026-03-21 16:20:23.877 DBG] Users :: Time to save 20.1116ms
[2026-03-21 16:20:23.902 DBG] Actions :: Time to save 25.1064ms
[2026-03-21 16:20:23.919 DBG] Commands :: Time to save 17.1763ms
[2026-03-21 16:20:23.936 DBG] Twitch Rewards :: Time to save 17.3612ms
[2026-03-21 16:20:23.950 DBG] Midi :: Time to save 14.0565ms
[2026-03-21 16:20:23.965 DBG] OBS Settings :: Time to save 14.4092ms
[2026-03-21 16:20:23.981 DBG] MeldStudio Settings :: Time to save 16.2951ms
[2026-03-21 16:20:23.996 DBG] Credits :: Time to save 14.9407ms
[2026-03-21 16:20:24.012 DBG] Quotes :: Time to save 15.9273ms
[2026-03-21 16:20:24.081 DBG] Config :: Time to save 20.8744ms
[2026-03-21 16:20:32.675 DBG] ActionDispatcher :: Queueing 'Sub Goal' (361aa588-5f31-4e19-b8a5-099cae52479d, TimedAction) to 'Default' (00000000-0000-0000-0000-000000000000), with 11 arguments
[2026-03-21 16:20:32.675 DBG] ActionQueue :: 'Default' (00000000-0000-0000-0000-000000000000) :: Enqueue action 361aa588-5f31-4e19-b8a5-099cae52479d
[2026-03-21 16:20:32.675 DBG] ActionQueue :: 'Default' (00000000-0000-0000-0000-000000000000) :: Handling queue
[2026-03-21 16:20:32.675 DBG] ActionQueue :: 'Default' (00000000-0000-0000-0000-000000000000) :: Performing non-blocking 'Sub Goal' (361aa588-5f31-4e19-b8a5-099cae52479d, 0cb5346f-6573-4960-b365-c5a6c98de9ee)
[2026-03-21 16:20:34.922 DBG] ViewerRepo :: UpdatePresence(twitch, 5), 0.0371ms
[2026-03-21 16:20:35.467 DBG] TwitchService :: Presence Timer :: Artificially updated presence with a threshold of 5 minutes (545.346ms)
[2026-03-21 16:21:34.932 DBG] ViewerRepo :: UpdatePresence(twitch, 5), 0.0379ms
[2026-03-21 16:21:34.991 DBG] TwitchService :: Presence Timer :: Artificially updated presence with a threshold of 5 minutes (58.6559ms)
[2026-03-21 16:22:34.937 DBG] ViewerRepo :: UpdatePresence(twitch, 5), 0.0374ms
[2026-03-21 16:22:34.992 DBG] TwitchService :: Presence Timer :: Artificially updated presence with a threshold of 5 minutes (55.3011ms)
[2026-03-21 16:23:34.943 DBG] ViewerRepo :: UpdatePresence(twitch, 5), 0.0349ms
[2026-03-21 16:23:35.008 DBG] TwitchService :: Presence Timer :: Artificially updated presence with a threshold of 5 minutes (65.4093ms)
[2026-03-21 16:24:15.829 DBG] Credits :: Time to save 19.0712ms
[2026-03-21 16:24:34.949 DBG] ViewerRepo :: UpdatePresence(twitch, 5), 0.034ms
[2026-03-21 16:24:35.005 DBG] TwitchService :: Presence Timer :: Artificially updated presence with a threshold of 5 minutes (56.0605ms)
[2026-03-21 16:25:24.108 DBG] AutoSave :: Auto saving settings...
[2026-03-21 16:25:24.129 DBG] Users :: Time to save 20.3802ms
[2026-03-21 16:25:24.152 DBG] Actions :: Time to save 23.9845ms
[2026-03-21 16:25:24.171 DBG] Commands :: Time to save 18.0583ms
[2026-03-21 16:25:24.189 DBG] Twitch Rewards :: Time to save 18.1428ms
[2026-03-21 16:25:24.202 DBG] Midi :: Time to save 12.361ms
[2026-03-21 16:25:24.218 DBG] OBS Settings :: Time to save 15.9302ms
[2026-03-21 16:25:24.233 DBG] MeldStudio Settings :: Time to save 14.9446ms
[2026-03-21 16:25:24.247 DBG] Credits :: Time to save 14.6422ms
[2026-03-21 16:25:24.263 DBG] Quotes :: Time to save 15.0804ms
[2026-03-21 16:25:24.332 DBG] Config :: Time to save 19.0539ms
[2026-03-21 16:25:34.964 DBG] ViewerRepo :: UpdatePresence(twitch, 5), 0.0385ms
[2026-03-21 16:25:35.018 DBG] TwitchService :: Presence Timer :: Artificially updated presence with a threshold of 5 minutes (53.9505ms)
[2026-03-21 16:26:34.969 DBG] ViewerRepo :: UpdatePresence(twitch, 5), 0.0691ms
[2026-03-21 16:26:35.025 DBG] TwitchService :: Presence Timer :: Artificially updated presence with a threshold of 5 minutes (55.8357ms)
[2026-03-21 16:27:34.975 DBG] ViewerRepo :: UpdatePresence(twitch, 5), 0.0373ms
[2026-03-21 16:27:35.035 DBG] TwitchService :: Presence Timer :: Artificially updated presence with a threshold of 5 minutes (60.9545ms)
[2026-03-21 16:28:34.983 DBG] ViewerRepo :: UpdatePresence(twitch, 5), 0.037ms
[2026-03-21 16:28:35.039 DBG] TwitchService :: Presence Timer :: Artificially updated presence with a threshold of 5 minutes (55.899ms)
[2026-03-21 16:29:15.840 DBG] Credits :: Time to save 16.524ms
[2026-03-21 16:29:34.984 DBG] ViewerRepo :: UpdatePresence(twitch, 5), 0.0349ms
[2026-03-21 16:29:35.040 DBG] TwitchService :: Presence Timer :: Artificially updated presence with a threshold of 5 minutes (55.8542ms)
[2026-03-21 16:30:24.324 DBG] AutoSave :: Auto saving settings...
[2026-03-21 16:30:24.344 DBG] Users :: Time to save 20.3947ms
[2026-03-21 16:30:24.370 DBG] Actions :: Time to save 25.1082ms
[2026-03-21 16:30:24.386 DBG] Commands :: Time to save 17.0109ms
[2026-03-21 16:30:24.403 DBG] Twitch Rewards :: Time to save 17.0264ms
[2026-03-21 16:30:24.418 DBG] Midi :: Time to save 15.1177ms
[2026-03-21 16:30:24.433 DBG] OBS Settings :: Time to save 14.9681ms
[2026-03-21 16:30:24.449 DBG] MeldStudio Settings :: Time to save 15.4245ms
[2026-03-21 16:30:24.461 DBG] Credits :: Time to save 11.9444ms
[2026-03-21 16:30:24.478 DBG] Quotes :: Time to save 16.4928ms
[2026-03-21 16:30:24.546 DBG] Config :: Time to save 19.5158ms
[2026-03-21 16:30:33.314 DBG] ActionDispatcher :: Queueing 'Sub Goal' (361aa588-5f31-4e19-b8a5-099cae52479d, TimedAction) to 'Default' (00000000-0000-0000-0000-000000000000), with 11 arguments
[2026-03-21 16:30:33.314 DBG] ActionQueue :: 'Default' (00000000-0000-0000-0000-000000000000) :: Enqueue action 361aa588-5f31-4e19-b8a5-099cae52479d
[2026-03-21 16:30:33.314 DBG] ActionQueue :: 'Default' (00000000-0000-0000-0000-000000000000) :: Handling queue
[2026-03-21 16:30:33.314 DBG] ActionQueue :: 'Default' (00000000-0000-0000-0000-000000000000) :: Performing non-blocking 'Sub Goal' (361aa588-5f31-4e19-b8a5-099cae52479d, e390c2d6-9f9f-4f1c-a89f-105c1fcc1ac5)
[2026-03-21 16:30:34.986 DBG] ViewerRepo :: UpdatePresence(twitch, 5), 0.0431ms
[2026-03-21 16:30:35.041 DBG] TwitchService :: Presence Timer :: Artificially updated presence with a threshold of 5 minutes (55.0598ms)
[2026-03-21 16:31:34.999 DBG] ViewerRepo :: UpdatePresence(twitch, 5), 0.0368ms
[2026-03-21 16:31:35.054 DBG] TwitchService :: Presence Timer :: Artificially updated presence with a threshold of 5 minutes (56.463ms)
[2026-03-21 16:32:35.008 DBG] ViewerRepo :: UpdatePresence(twitch, 5), 0.065ms
[2026-03-21 16:32:35.068 DBG] TwitchService :: Presence Timer :: Artificially updated presence with a threshold of 5 minutes (60.2677ms)
[2026-03-21 16:33:35.023 DBG] ViewerRepo :: UpdatePresence(twitch, 5), 0.0623ms
[2026-03-21 16:33:35.083 DBG] TwitchService :: Presence Timer :: Artificially updated presence with a threshold of 5 minutes (60.3394ms)
[2026-03-21 16:34:15.855 DBG] Credits :: Time to save 16.0609ms
[2026-03-21 16:34:35.029 DBG] ViewerRepo :: UpdatePresence(twitch, 5), 0.0388ms
[2026-03-21 16:34:35.084 DBG] TwitchService :: Presence Timer :: Artificially updated presence with a threshold of 5 minutes (55.4704ms)
[2026-03-21 16:35:24.563 DBG] AutoSave :: Auto saving settings...
[2026-03-21 16:35:24.588 DBG] Users :: Time to save 24.9055ms
[2026-03-21 16:35:24.617 DBG] Actions :: Time to save 28.1914ms
[2026-03-21 16:35:24.635 DBG] Commands :: Time to save 18.6471ms
[2026-03-21 16:35:24.654 DBG] Twitch Rewards :: Time to save 19.2044ms
[2026-03-21 16:35:24.671 DBG] Midi :: Time to save 15.9582ms
[2026-03-21 16:35:24.684 DBG] OBS Settings :: Time to save 14.0795ms
[2026-03-21 16:35:24.699 DBG] MeldStudio Settings :: Time to save 14.6839ms
[2026-03-21 16:35:24.713 DBG] Credits :: Time to save 14.3629ms
[2026-03-21 16:35:24.730 DBG] Quotes :: Time to save 16.6607ms
[2026-03-21 16:35:24.786 DBG] Config :: Time to save 19.595ms
[2026-03-21 16:35:35.034 DBG] ViewerRepo :: UpdatePresence(twitch, 5), 0.0449ms
[2026-03-21 16:35:35.092 DBG] TwitchService :: Presence Timer :: Artificially updated presence with a threshold of 5 minutes (57.9199ms)
[2026-03-21 16:36:35.046 DBG] ViewerRepo :: UpdatePresence(twitch, 5), 0.0347ms
[2026-03-21 16:36:35.108 DBG] TwitchService :: Presence Timer :: Artificially updated presence with a threshold of 5 minutes (62.3278ms)
[2026-03-21 16:37:35.048 DBG] ViewerRepo :: UpdatePresence(twitch, 5), 0.0348ms
[2026-03-21 16:37:35.106 DBG] TwitchService :: Presence Timer :: Artificially updated presence with a threshold of 5 minutes (57.5317ms)
[2026-03-21 16:38:35.053 DBG] ViewerRepo :: UpdatePresence(twitch, 5), 0.035ms
[2026-03-21 16:38:35.106 DBG] TwitchService :: Presence Timer :: Artificially updated presence with a threshold of 5 minutes (52.6186ms)
[2026-03-21 16:39:15.853 DBG] Credits :: Time to save 11.8883ms
[2026-03-21 16:39:35.061 DBG] ViewerRepo :: UpdatePresence(twitch, 5), 0.0475ms
[2026-03-21 16:39:35.117 DBG] TwitchService :: Presence Timer :: Artificially updated presence with a threshold of 5 minutes (57.4287ms)
[2026-03-21 16:40:24.819 DBG] AutoSave :: Auto saving settings...
[2026-03-21 16:40:24.838 DBG] Users :: Time to save 18.9959ms
[2026-03-21 16:40:24.861 DBG] Actions :: Time to save 23.3094ms
[2026-03-21 16:40:24.878 DBG] Commands :: Time to save 17.3364ms
[2026-03-21 16:40:24.894 DBG] Twitch Rewards :: Time to save 15.395ms
[2026-03-21 16:40:24.909 DBG] Midi :: Time to save 14.6972ms
[2026-03-21 16:40:24.923 DBG] OBS Settings :: Time to save 14.5682ms
[2026-03-21 16:40:24.939 DBG] MeldStudio Settings :: Time to save 15.0523ms
[2026-03-21 16:40:24.950 DBG] Credits :: Time to save 10.8011ms
[2026-03-21 16:40:24.967 DBG] Quotes :: Time to save 17.4105ms
[2026-03-21 16:40:25.047 DBG] Config :: Time to save 24.0162ms
[2026-03-21 16:40:34.049 DBG] ActionDispatcher :: Queueing 'Sub Goal' (361aa588-5f31-4e19-b8a5-099cae52479d, TimedAction) to 'Default' (00000000-0000-0000-0000-000000000000), with 11 arguments
[2026-03-21 16:40:34.049 DBG] ActionQueue :: 'Default' (00000000-0000-0000-0000-000000000000) :: Enqueue action 361aa588-5f31-4e19-b8a5-099cae52479d
[2026-03-21 16:40:34.049 DBG] ActionQueue :: 'Default' (00000000-0000-0000-0000-000000000000) :: Handling queue
[2026-03-21 16:40:34.049 DBG] ActionQueue :: 'Default' (00000000-0000-0000-0000-000000000000) :: Performing non-blocking 'Sub Goal' (361aa588-5f31-4e19-b8a5-099cae52479d, d45eafda-5186-41ae-9217-c866d63b4d69)
[2026-03-21 16:40:35.074 DBG] ViewerRepo :: UpdatePresence(twitch, 5), 0.0503ms
[2026-03-21 16:40:35.134 DBG] TwitchService :: Presence Timer :: Artificially updated presence with a threshold of 5 minutes (60.4862ms)
[2026-03-21 16:41:35.102 DBG] ViewerRepo :: UpdatePresence(twitch, 5), 0.0526ms
[2026-03-21 16:41:35.163 DBG] TwitchService :: Presence Timer :: Artificially updated presence with a threshold of 5 minutes (61.5099ms)
[2026-03-21 16:42:35.112 DBG] ViewerRepo :: UpdatePresence(twitch, 5), 0.0362ms
[2026-03-21 16:42:35.245 DBG] TwitchService :: Presence Timer :: Artificially updated presence with a threshold of 5 minutes (133.6197ms)
[2026-03-21 16:43:35.116 DBG] ViewerRepo :: UpdatePresence(twitch, 5), 0.0415ms
[2026-03-21 16:43:35.214 DBG] TwitchService :: Presence Timer :: Artificially updated presence with a threshold of 5 minutes (97.6392ms)
[2026-03-21 16:44:15.867 DBG] Credits :: Time to save 19.4589ms
[2026-03-21 16:44:35.131 DBG] ViewerRepo :: UpdatePresence(twitch, 5), 0.0389ms
[2026-03-21 16:44:35.224 DBG] TwitchService :: Presence Timer :: Artificially updated presence with a threshold of 5 minutes (93.8783ms)
[2026-03-21 16:45:25.071 DBG] AutoSave :: Auto saving settings...
[2026-03-21 16:45:25.091 DBG] Users :: Time to save 19.5596ms
[2026-03-21 16:45:25.114 DBG] Actions :: Time to save 22.969ms
[2026-03-21 16:45:25.131 DBG] Commands :: Time to save 17.6968ms
[2026-03-21 16:45:25.149 DBG] Twitch Rewards :: Time to save 17.0204ms
[2026-03-21 16:45:25.162 DBG] Midi :: Time to save 14.4936ms
[2026-03-21 16:45:25.177 DBG] OBS Settings :: Time to save 14.3064ms
[2026-03-21 16:45:25.192 DBG] MeldStudio Settings :: Time to save 14.655ms
[2026-03-21 16:45:25.207 DBG] Credits :: Time to save 15.3607ms
[2026-03-21 16:45:25.226 DBG] Quotes :: Time to save 18.799ms
[2026-03-21 16:45:25.287 DBG] Config :: Time to save 14.9576ms
[2026-03-21 16:45:35.151 DBG] ViewerRepo :: UpdatePresence(twitch, 5), 0.0362ms
[2026-03-21 16:45:35.246 DBG] TwitchService :: Presence Timer :: Artificially updated presence with a threshold of 5 minutes (95.436ms)
[2026-03-21 16:46:35.162 DBG] ViewerRepo :: UpdatePresence(twitch, 5), 0.036ms
[2026-03-21 16:46:35.259 DBG] TwitchService :: Presence Timer :: Artificially updated presence with a threshold of 5 minutes (96.581ms)
[2026-03-21 16:47:35.177 DBG] ViewerRepo :: UpdatePresence(twitch, 5), 0.0378ms
[2026-03-21 16:47:35.272 DBG] TwitchService :: Presence Timer :: Artificially updated presence with a threshold of 5 minutes (95.2548ms)
[2026-03-21 16:48:35.184 DBG] ViewerRepo :: UpdatePresence(twitch, 5), 0.038ms
[2026-03-21 16:48:35.281 DBG] TwitchService :: Presence Timer :: Artificially updated presence with a threshold of 5 minutes (96.7958ms)
[2026-03-21 16:49:15.870 DBG] Credits :: Time to save 19.0306ms
[2026-03-21 16:49:35.189 DBG] ViewerRepo :: UpdatePresence(twitch, 5), 0.0362ms
[2026-03-21 16:49:35.283 DBG] TwitchService :: Presence Timer :: Artificially updated presence with a threshold of 5 minutes (94.1911ms)
[2026-03-21 16:50:25.326 DBG] AutoSave :: Auto saving settings...
[2026-03-21 16:50:25.344 DBG] Users :: Time to save 18.5864ms
[2026-03-21 16:50:25.368 DBG] Actions :: Time to save 23.7129ms
[2026-03-21 16:50:25.385 DBG] Commands :: Time to save 16.4113ms
[2026-03-21 16:50:25.401 DBG] Twitch Rewards :: Time to save 16.4945ms
[2026-03-21 16:50:25.416 DBG] Midi :: Time to save 14.4909ms
[2026-03-21 16:50:25.431 DBG] OBS Settings :: Time to save 15.4715ms
[2026-03-21 16:50:25.445 DBG] MeldStudio Settings :: Time to save 14.3468ms
[2026-03-21 16:50:25.459 DBG] Credits :: Time to save 13.7579ms
[2026-03-21 16:50:25.475 DBG] Quotes :: Time to save 16.1712ms
[2026-03-21 16:50:25.548 DBG] Config :: Time to save 19.5911ms
[2026-03-21 16:50:34.568 DBG] ActionDispatcher :: Queueing 'Sub Goal' (361aa588-5f31-4e19-b8a5-099cae52479d, TimedAction) to 'Default' (00000000-0000-0000-0000-000000000000), with 11 arguments
[2026-03-21 16:50:34.568 DBG] ActionQueue :: 'Default' (00000000-0000-0000-0000-000000000000) :: Enqueue action 361aa588-5f31-4e19-b8a5-099cae52479d
[2026-03-21 16:50:34.568 DBG] ActionQueue :: 'Default' (00000000-0000-0000-0000-000000000000) :: Handling queue
[2026-03-21 16:50:34.568 DBG] ActionQueue :: 'Default' (00000000-0000-0000-0000-000000000000) :: Performing non-blocking 'Sub Goal' (361aa588-5f31-4e19-b8a5-099cae52479d, dba9fadb-1573-4b6b-beb4-44228ad59c06)
[2026-03-21 16:50:35.194 DBG] ViewerRepo :: UpdatePresence(twitch, 5), 0.0407ms
[2026-03-21 16:50:35.289 DBG] TwitchService :: Presence Timer :: Artificially updated presence with a threshold of 5 minutes (95.4508ms)
[2026-03-21 16:51:35.199 DBG] ViewerRepo :: UpdatePresence(twitch, 5), 0.0358ms
[2026-03-21 16:51:35.297 DBG] TwitchService :: Presence Timer :: Artificially updated presence with a threshold of 5 minutes (98.938ms)
[2026-03-21 16:52:35.211 DBG] ViewerRepo :: UpdatePresence(twitch, 5), 0.0378ms
[2026-03-21 16:52:35.305 DBG] TwitchService :: Presence Timer :: Artificially updated presence with a threshold of 5 minutes (94.1027ms)
[2026-03-21 16:53:35.218 DBG] ViewerRepo :: UpdatePresence(twitch, 5), 0.0376ms
[2026-03-21 16:53:35.318 DBG] TwitchService :: Presence Timer :: Artificially updated presence with a threshold of 5 minutes (100.6284ms)
[2026-03-21 16:54:15.884 DBG] Credits :: Time to save 15.0044ms
[2026-03-21 16:54:35.242 DBG] ViewerRepo :: UpdatePresence(twitch, 5), 0.0369ms
[2026-03-21 16:54:35.340 DBG] TwitchService :: Presence Timer :: Artificially updated presence with a threshold of 5 minutes (98.2688ms)
[2026-03-21 16:55:25.580 DBG] AutoSave :: Auto saving settings...
[2026-03-21 16:55:25.599 DBG] Users :: Time to save 20.1572ms
[2026-03-21 16:55:25.625 DBG] Actions :: Time to save 25.0183ms
[2026-03-21 16:55:25.644 DBG] Commands :: Time to save 18.1057ms
[2026-03-21 16:55:25.662 DBG] Twitch Rewards :: Time to save 17.869ms
[2026-03-21 16:55:25.677 DBG] Midi :: Time to save 15.1484ms
[2026-03-21 16:55:25.693 DBG] OBS Settings :: Time to save 16.0822ms
[2026-03-21 16:55:25.709 DBG] MeldStudio Settings :: Time to save 15.9931ms
[2026-03-21 16:55:25.728 DBG] Credits :: Time to save 19.0227ms
[2026-03-21 16:55:25.745 DBG] Quotes :: Time to save 16.9589ms
[2026-03-21 16:55:25.801 DBG] Config :: Time to save 20.2878ms
[2026-03-21 16:55:35.259 DBG] ViewerRepo :: UpdatePresence(twitch, 5), 0.0407ms
[2026-03-21 16:55:35.356 DBG] TwitchService :: Presence Timer :: Artificially updated presence with a threshold of 5 minutes (97.4813ms)
[2026-03-21 16:56:35.271 DBG] ViewerRepo :: UpdatePresence(twitch, 5), 0.0392ms
[2026-03-21 16:56:35.384 DBG] TwitchService :: Presence Timer :: Artificially updated presence with a threshold of 5 minutes (113.9425ms)
[2026-03-21 16:57:35.285 DBG] ViewerRepo :: UpdatePresence(twitch, 5), 0.0357ms
[2026-03-21 16:57:35.393 DBG] TwitchService :: Presence Timer :: Artificially updated presence with a threshold of 5 minutes (108.5858ms)
[2026-03-21 16:58:35.285 DBG] ViewerRepo :: UpdatePresence(twitch, 5), 0.0362ms
[2026-03-21 16:58:35.385 DBG] TwitchService :: Presence Timer :: Artificially updated presence with a threshold of 5 minutes (100.0102ms)
[2026-03-21 16:59:15.898 DBG] Credits :: Time to save 17.5126ms
[2026-03-21 16:59:35.290 DBG] ViewerRepo :: UpdatePresence(twitch, 5), 0.0365ms
[2026-03-21 16:59:35.387 DBG] TwitchService :: Presence Timer :: Artificially updated presence with a threshold of 5 minutes (96.5315ms)
[2026-03-21 17:00:25.828 DBG] AutoSave :: Auto saving settings...
[2026-03-21 17:00:25.849 DBG] Users :: Time to save 21.4688ms
[2026-03-21 17:00:25.873 DBG] Actions :: Time to save 23.6151ms
[2026-03-21 17:00:25.888 DBG] Commands :: Time to save 15.5305ms
[2026-03-21 17:00:25.908 DBG] Twitch Rewards :: Time to save 19.7131ms
[2026-03-21 17:00:25.923 DBG] Midi :: Time to save 14.6738ms
[2026-03-21 17:00:25.937 DBG] OBS Settings :: Time to save 14.4182ms
[2026-03-21 17:00:25.951 DBG] MeldStudio Settings :: Time to save 14.3825ms
[2026-03-21 17:00:25.965 DBG] Credits :: Time to save 13.2511ms
[2026-03-21 17:00:25.981 DBG] Quotes :: Time to save 15.9907ms
[2026-03-21 17:00:26.049 DBG] Config :: Time to save 18.4263ms
[2026-03-21 17:00:35.066 DBG] ActionDispatcher :: Queueing 'Sub Goal' (361aa588-5f31-4e19-b8a5-099cae52479d, TimedAction) to 'Default' (00000000-0000-0000-0000-000000000000), with 11 arguments
[2026-03-21 17:00:35.066 DBG] ActionQueue :: 'Default' (00000000-0000-0000-0000-000000000000) :: Enqueue action 361aa588-5f31-4e19-b8a5-099cae52479d
[2026-03-21 17:00:35.066 DBG] ActionQueue :: 'Default' (00000000-0000-0000-0000-000000000000) :: Handling queue
[2026-03-21 17:00:35.066 DBG] ActionQueue :: 'Default' (00000000-0000-0000-0000-000000000000) :: Performing non-blocking 'Sub Goal' (361aa588-5f31-4e19-b8a5-099cae52479d, 1575c2f1-236d-4919-bded-1cdfebb7c1c1)
[2026-03-21 17:00:35.299 DBG] ViewerRepo :: UpdatePresence(twitch, 5), 0.0351ms
[2026-03-21 17:00:35.427 DBG] TwitchService :: Presence Timer :: Artificially updated presence with a threshold of 5 minutes (128.0745ms)
[2026-03-21 17:01:35.304 DBG] ViewerRepo :: UpdatePresence(twitch, 5), 0.0342ms
[2026-03-21 17:01:35.399 DBG] TwitchService :: Presence Timer :: Artificially updated presence with a threshold of 5 minutes (96.1559ms)
[2026-03-21 17:02:35.307 DBG] ViewerRepo :: UpdatePresence(twitch, 5), 0.0395ms
[2026-03-21 17:02:35.419 DBG] TwitchService :: Presence Timer :: Artificially updated presence with a threshold of 5 minutes (112.4494ms)
[2026-03-21 17:03:35.309 DBG] ViewerRepo :: UpdatePresence(twitch, 5), 0.0352ms
[2026-03-21 17:03:35.401 DBG] TwitchService :: Presence Timer :: Artificially updated presence with a threshold of 5 minutes (91.8676ms)
[2026-03-21 17:04:15.902 DBG] Credits :: Time to save 16.1203ms
[2026-03-21 17:04:35.311 DBG] ViewerRepo :: UpdatePresence(twitch, 5), 0.0353ms
[2026-03-21 17:04:35.406 DBG] TwitchService :: Presence Timer :: Artificially updated presence with a threshold of 5 minutes (95.2399ms)
[2026-03-21 17:05:26.053 DBG] AutoSave :: Auto saving settings...
[2026-03-21 17:05:26.072 DBG] Users :: Time to save 18.9095ms
[2026-03-21 17:05:26.095 DBG] Actions :: Time to save 23.2886ms
[2026-03-21 17:05:26.112 DBG] Commands :: Time to save 16.653ms
[2026-03-21 17:05:26.128 DBG] Twitch Rewards :: Time to save 16.3424ms
[2026-03-21 17:05:26.143 DBG] Midi :: Time to save 14.5638ms
[2026-03-21 17:05:26.154 DBG] OBS Settings :: Time to save 11.479ms
[2026-03-21 17:05:26.168 DBG] MeldStudio Settings :: Time to save 14.377ms
[2026-03-21 17:05:26.182 DBG] Credits :: Time to save 13.8614ms
[2026-03-21 17:05:26.198 DBG] Quotes :: Time to save 15.6329ms
[2026-03-21 17:05:26.274 DBG] Config :: Time to save 17.8332ms
[2026-03-21 17:05:35.322 DBG] ViewerRepo :: UpdatePresence(twitch, 5), 0.0363ms
[2026-03-21 17:05:35.417 DBG] TwitchService :: Presence Timer :: Artificially updated presence with a threshold of 5 minutes (95.409ms)
[2026-03-21 17:06:35.333 DBG] ViewerRepo :: UpdatePresence(twitch, 5), 0.038ms
[2026-03-21 17:06:35.429 DBG] TwitchService :: Presence Timer :: Artificially updated presence with a threshold of 5 minutes (96.4194ms)
[2026-03-21 17:07:35.344 DBG] ViewerRepo :: UpdatePresence(twitch, 5), 0.0402ms
[2026-03-21 17:07:35.439 DBG] TwitchService :: Presence Timer :: Artificially updated presence with a threshold of 5 minutes (95.9693ms)
[2026-03-21 17:08:35.346 DBG] ViewerRepo :: UpdatePresence(twitch, 5), 0.0371ms
[2026-03-21 17:08:35.438 DBG] TwitchService :: Presence Timer :: Artificially updated presence with a threshold of 5 minutes (92.1648ms)
[2026-03-21 17:09:15.914 DBG] Credits :: Time to save 17.7914ms
[2026-03-21 17:09:35.348 DBG] ViewerRepo :: UpdatePresence(twitch, 5), 0.0375ms
[2026-03-21 17:09:35.443 DBG] TwitchService :: Presence Timer :: Artificially updated presence with a threshold of 5 minutes (95.7669ms)
[2026-03-21 17:10:26.310 DBG] AutoSave :: Auto saving settings...
[2026-03-21 17:10:26.330 DBG] Users :: Time to save 19.939ms
[2026-03-21 17:10:26.356 DBG] Actions :: Time to save 25.4194ms
[2026-03-21 17:10:26.370 DBG] Commands :: Time to save 14.6715ms
[2026-03-21 17:10:26.387 DBG] Twitch Rewards :: Time to save 16.3221ms
[2026-03-21 17:10:26.399 DBG] Midi :: Time to save 14.116ms
[2026-03-21 17:10:26.415 DBG] OBS Settings :: Time to save 14.4138ms
[2026-03-21 17:10:26.430 DBG] MeldStudio Settings :: Time to save 14.7616ms
[2026-03-21 17:10:26.448 DBG] Credits :: Time to save 18.1129ms
[2026-03-21 17:10:26.467 DBG] Quotes :: Time to save 18.8856ms
[2026-03-21 17:10:26.539 DBG] Config :: Time to save 24.7259ms
[2026-03-21 17:10:35.355 DBG] ViewerRepo :: UpdatePresence(twitch, 5), 0.0422ms
[2026-03-21 17:10:35.454 DBG] TwitchService :: Presence Timer :: Artificially updated presence with a threshold of 5 minutes (99.2865ms)
[2026-03-21 17:10:35.795 DBG] ActionDispatcher :: Queueing 'Sub Goal' (361aa588-5f31-4e19-b8a5-099cae52479d, TimedAction) to 'Default' (00000000-0000-0000-0000-000000000000), with 11 arguments
[2026-03-21 17:10:35.795 DBG] ActionQueue :: 'Default' (00000000-0000-0000-0000-000000000000) :: Enqueue action 361aa588-5f31-4e19-b8a5-099cae52479d
[2026-03-21 17:10:35.795 DBG] ActionQueue :: 'Default' (00000000-0000-0000-0000-000000000000) :: Handling queue
[2026-03-21 17:10:35.795 DBG] ActionQueue :: 'Default' (00000000-0000-0000-0000-000000000000) :: Performing non-blocking 'Sub Goal' (361aa588-5f31-4e19-b8a5-099cae52479d, 7bbf48da-0c6b-4d88-8c74-6deb126ea517)
[2026-03-21 17:11:35.367 DBG] ViewerRepo :: UpdatePresence(twitch, 5), 0.0458ms
[2026-03-21 17:11:35.463 DBG] TwitchService :: Presence Timer :: Artificially updated presence with a threshold of 5 minutes (96.4306ms)
[2026-03-21 17:12:35.376 DBG] ViewerRepo :: UpdatePresence(twitch, 5), 0.0348ms
[2026-03-21 17:12:35.469 DBG] TwitchService :: Presence Timer :: Artificially updated presence with a threshold of 5 minutes (92.9518ms)
[2026-03-21 17:13:35.389 DBG] ViewerRepo :: UpdatePresence(twitch, 5), 0.0418ms
[2026-03-21 17:13:35.484 DBG] TwitchService :: Presence Timer :: Artificially updated presence with a threshold of 5 minutes (96.0202ms)
[2026-03-21 17:14:15.917 DBG] Credits :: Time to save 15.8641ms
[2026-03-21 17:14:35.394 DBG] ViewerRepo :: UpdatePresence(twitch, 5), 0.0518ms
[2026-03-21 17:14:35.489 DBG] TwitchService :: Presence Timer :: Artificially updated presence with a threshold of 5 minutes (94.8515ms)
[2026-03-21 17:15:26.576 DBG] AutoSave :: Auto saving settings...
[2026-03-21 17:15:26.597 DBG] Users :: Time to save 21.2436ms
[2026-03-21 17:15:26.619 DBG] Actions :: Time to save 22.9141ms
[2026-03-21 17:15:26.636 DBG] Commands :: Time to save 16.5117ms
[2026-03-21 17:15:26.654 DBG] Twitch Rewards :: Time to save 17.6449ms
[2026-03-21 17:15:26.669 DBG] Midi :: Time to save 14.525ms
[2026-03-21 17:15:26.684 DBG] OBS Settings :: Time to save 14.9609ms
[2026-03-21 17:15:26.698 DBG] MeldStudio Settings :: Time to save 14.5958ms
[2026-03-21 17:15:26.709 DBG] Credits :: Time to save 11.1101ms
[2026-03-21 17:15:26.726 DBG] Quotes :: Time to save 16.9628ms
[2026-03-21 17:15:26.799 DBG] Config :: Time to save 19.4115ms
[2026-03-21 17:15:35.396 DBG] ViewerRepo :: UpdatePresence(twitch, 5), 0.0325ms
[2026-03-21 17:15:35.489 DBG] TwitchService :: Presence Timer :: Artificially updated presence with a threshold of 5 minutes (92.528ms)
[2026-03-21 17:16:35.398 DBG] ViewerRepo :: UpdatePresence(twitch, 5), 0.0356ms
[2026-03-21 17:16:35.494 DBG] TwitchService :: Presence Timer :: Artificially updated presence with a threshold of 5 minutes (95.1289ms)
[2026-03-21 17:17:35.410 DBG] ViewerRepo :: UpdatePresence(twitch, 5), 0.0373ms
[2026-03-21 17:17:35.505 DBG] TwitchService :: Presence Timer :: Artificially updated presence with a threshold of 5 minutes (95.1104ms)
[2026-03-21 17:18:35.425 DBG] ViewerRepo :: UpdatePresence(twitch, 5), 0.0358ms
[2026-03-21 17:18:35.521 DBG] TwitchService :: Presence Timer :: Artificially updated presence with a threshold of 5 minutes (95.9577ms)
[2026-03-21 17:19:15.936 DBG] Credits :: Time to save 20.2582ms
[2026-03-21 17:19:35.427 DBG] ViewerRepo :: UpdatePresence(twitch, 5), 0.0351ms
[2026-03-21 17:19:35.532 DBG] TwitchService :: Presence Timer :: Artificially updated presence with a threshold of 5 minutes (105.6004ms)
[2026-03-21 17:20:26.840 DBG] AutoSave :: Auto saving settings...
[2026-03-21 17:20:26.863 DBG] Users :: Time to save 22.5554ms
[2026-03-21 17:20:26.881 DBG] Actions :: Time to save 17.9281ms
[2026-03-21 17:20:26.898 DBG] Commands :: Time to save 17.0582ms
[2026-03-21 17:20:26.915 DBG] Twitch Rewards :: Time to save 16.7955ms
[2026-03-21 17:20:26.929 DBG] Midi :: Time to save 14.5922ms
[2026-03-21 17:20:26.944 DBG] OBS Settings :: Time to save 14.9993ms
[2026-03-21 17:20:26.958 DBG] MeldStudio Settings :: Time to save 14.819ms
[2026-03-21 17:20:26.973 DBG] Credits :: Time to save 14.5793ms
[2026-03-21 17:20:26.990 DBG] Quotes :: Time to save 16.1912ms
[2026-03-21 17:20:27.065 DBG] Config :: Time to save 19.32ms
[2026-03-21 17:20:35.442 DBG] ViewerRepo :: UpdatePresence(twitch, 5), 0.0363ms
[2026-03-21 17:20:36.019 DBG] TwitchService :: Presence Timer :: Artificially updated presence with a threshold of 5 minutes (577.6989ms)
[2026-03-21 17:20:36.071 DBG] ActionDispatcher :: Queueing 'Sub Goal' (361aa588-5f31-4e19-b8a5-099cae52479d, TimedAction) to 'Default' (00000000-0000-0000-0000-000000000000), with 11 arguments
[2026-03-21 17:20:36.071 DBG] ActionQueue :: 'Default' (00000000-0000-0000-0000-000000000000) :: Enqueue action 361aa588-5f31-4e19-b8a5-099cae52479d
[2026-03-21 17:20:36.071 DBG] ActionQueue :: 'Default' (00000000-0000-0000-0000-000000000000) :: Handling queue
[2026-03-21 17:20:36.071 DBG] ActionQueue :: 'Default' (00000000-0000-0000-0000-000000000000) :: Performing non-blocking 'Sub Goal' (361aa588-5f31-4e19-b8a5-099cae52479d, 545754a3-d4e5-47f4-83a0-cf3514671cf2)
[2026-03-21 17:21:35.446 DBG] ViewerRepo :: UpdatePresence(twitch, 5), 0.0351ms
[2026-03-21 17:21:35.541 DBG] TwitchService :: Presence Timer :: Artificially updated presence with a threshold of 5 minutes (96.2816ms)
[2026-03-21 17:22:35.446 DBG] ViewerRepo :: UpdatePresence(twitch, 5), 0.0373ms
[2026-03-21 17:22:35.538 DBG] TwitchService :: Presence Timer :: Artificially updated presence with a threshold of 5 minutes (92.2104ms)
[2026-03-21 17:23:35.462 DBG] ViewerRepo :: UpdatePresence(twitch, 5), 0.0358ms
[2026-03-21 17:23:35.552 DBG] TwitchService :: Presence Timer :: Artificially updated presence with a threshold of 5 minutes (90.7517ms)
[2026-03-21 17:24:15.942 DBG] Credits :: Time to save 17.1035ms
[2026-03-21 17:24:35.473 DBG] ViewerRepo :: UpdatePresence(twitch, 5), 0.0394ms
[2026-03-21 17:24:35.568 DBG] TwitchService :: Presence Timer :: Artificially updated presence with a threshold of 5 minutes (95.7726ms)
[2026-03-21 17:25:27.087 DBG] AutoSave :: Auto saving settings...
[2026-03-21 17:25:27.111 DBG] Users :: Time to save 23.0533ms
[2026-03-21 17:25:27.134 DBG] Actions :: Time to save 23.4747ms
[2026-03-21 17:25:27.147 DBG] Commands :: Time to save 13.003ms
[2026-03-21 17:25:27.165 DBG] Twitch Rewards :: Time to save 17.6404ms
[2026-03-21 17:25:27.179 DBG] Midi :: Time to save 14.2376ms
[2026-03-21 17:25:27.193 DBG] OBS Settings :: Time to save 14.5255ms
[2026-03-21 17:25:27.209 DBG] MeldStudio Settings :: Time to save 15.9768ms
[2026-03-21 17:25:27.224 DBG] Credits :: Time to save 14.0415ms
[2026-03-21 17:25:27.240 DBG] Quotes :: Time to save 16.8569ms
[2026-03-21 17:25:27.308 DBG] Config :: Time to save 18.7864ms
[2026-03-21 17:25:35.482 DBG] ViewerRepo :: UpdatePresence(twitch, 5), 0.0346ms
[2026-03-21 17:25:35.576 DBG] TwitchService :: Presence Timer :: Artificially updated presence with a threshold of 5 minutes (93.9839ms)
[2026-03-21 17:26:35.488 DBG] ViewerRepo :: UpdatePresence(twitch, 5), 0.0383ms
[2026-03-21 17:26:35.585 DBG] TwitchService :: Presence Timer :: Artificially updated presence with a threshold of 5 minutes (96.9499ms)
[2026-03-21 17:27:35.489 DBG] ViewerRepo :: UpdatePresence(twitch, 5), 0.0346ms
[2026-03-21 17:27:35.587 DBG] TwitchService :: Presence Timer :: Artificially updated presence with a threshold of 5 minutes (97.539ms)
[2026-03-21 17:28:35.491 DBG] ViewerRepo :: UpdatePresence(twitch, 5), 0.0341ms
[2026-03-21 17:28:35.588 DBG] TwitchService :: Presence Timer :: Artificially updated presence with a threshold of 5 minutes (98.4369ms)
[2026-03-21 17:29:15.946 DBG] Credits :: Time to save 17.8981ms
[2026-03-21 17:29:35.500 DBG] ViewerRepo :: UpdatePresence(twitch, 5), 0.0374ms
[2026-03-21 17:29:35.594 DBG] TwitchService :: Presence Timer :: Artificially updated presence with a threshold of 5 minutes (94.5431ms)
[2026-03-21 17:30:27.349 DBG] AutoSave :: Auto saving settings...
[2026-03-21 17:30:27.368 DBG] Users :: Time to save 18.2184ms
[2026-03-21 17:30:27.392 DBG] Actions :: Time to save 24.5194ms
[2026-03-21 17:30:27.409 DBG] Commands :: Time to save 17.6496ms
[2026-03-21 17:30:27.428 DBG] Twitch Rewards :: Time to save 18.202ms
[2026-03-21 17:30:27.443 DBG] Midi :: Time to save 15.1391ms
[2026-03-21 17:30:27.458 DBG] OBS Settings :: Time to save 15.2011ms
[2026-03-21 17:30:27.473 DBG] MeldStudio Settings :: Time to save 14.7677ms
[2026-03-21 17:30:27.486 DBG] Credits :: Time to save 12.5811ms
[2026-03-21 17:30:27.503 DBG] Quotes :: Time to save 17.7462ms
[2026-03-21 17:30:27.571 DBG] Config :: Time to save 19.1442ms
[2026-03-21 17:30:35.515 DBG] ViewerRepo :: UpdatePresence(twitch, 5), 0.0353ms
[2026-03-21 17:30:35.607 DBG] TwitchService :: Presence Timer :: Artificially updated presence with a threshold of 5 minutes (92.5374ms)
[2026-03-21 17:30:36.468 DBG] ActionDispatcher :: Queueing 'Sub Goal' (361aa588-5f31-4e19-b8a5-099cae52479d, TimedAction) to 'Default' (00000000-0000-0000-0000-000000000000), with 11 arguments
[2026-03-21 17:30:36.468 DBG] ActionQueue :: 'Default' (00000000-0000-0000-0000-000000000000) :: Enqueue action 361aa588-5f31-4e19-b8a5-099cae52479d
[2026-03-21 17:30:36.468 DBG] ActionQueue :: 'Default' (00000000-0000-0000-0000-000000000000) :: Handling queue
[2026-03-21 17:30:36.468 DBG] ActionQueue :: 'Default' (00000000-0000-0000-0000-000000000000) :: Performing non-blocking 'Sub Goal' (361aa588-5f31-4e19-b8a5-099cae52479d, 45ef896f-7b5a-4490-b27e-a35123cc3901)
[2026-03-21 17:31:35.539 DBG] ViewerRepo :: UpdatePresence(twitch, 5), 0.0353ms
[2026-03-21 17:31:35.632 DBG] TwitchService :: Presence Timer :: Artificially updated presence with a threshold of 5 minutes (93.0484ms)
[2026-03-21 17:32:35.544 DBG] ViewerRepo :: UpdatePresence(twitch, 5), 0.039ms
[2026-03-21 17:32:35.640 DBG] TwitchService :: Presence Timer :: Artificially updated presence with a threshold of 5 minutes (95.6657ms)
[2026-03-21 17:33:35.560 DBG] ViewerRepo :: UpdatePresence(twitch, 5), 0.037ms
[2026-03-21 17:33:35.654 DBG] TwitchService :: Presence Timer :: Artificially updated presence with a threshold of 5 minutes (94.9098ms)
[2026-03-21 17:34:15.964 DBG] Credits :: Time to save 18.2542ms
[2026-03-21 17:34:35.570 DBG] ViewerRepo :: UpdatePresence(twitch, 5), 0.034ms
[2026-03-21 17:34:35.665 DBG] TwitchService :: Presence Timer :: Artificially updated presence with a threshold of 5 minutes (94.2121ms)
[2026-03-21 17:35:27.578 DBG] AutoSave :: Auto saving settings...
[2026-03-21 17:35:27.596 DBG] Users :: Time to save 17.2795ms
[2026-03-21 17:35:27.615 DBG] Actions :: Time to save 18.6357ms
[2026-03-21 17:35:27.632 DBG] Commands :: Time to save 17.2138ms
[2026-03-21 17:35:27.648 DBG] Twitch Rewards :: Time to save 16.1032ms
[2026-03-21 17:35:27.664 DBG] Midi :: Time to save 16.1836ms
[2026-03-21 17:35:27.678 DBG] OBS Settings :: Time to save 15.1343ms
[2026-03-21 17:35:27.693 DBG] MeldStudio Settings :: Time to save 14.264ms
[2026-03-21 17:35:27.704 DBG] Credits :: Time to save 11.2285ms
[2026-03-21 17:35:27.721 DBG] Quotes :: Time to save 16.8496ms
[2026-03-21 17:35:27.803 DBG] Config :: Time to save 18.3709ms
[2026-03-21 17:35:35.580 DBG] ViewerRepo :: UpdatePresence(twitch, 5), 0.0373ms
[2026-03-21 17:35:35.677 DBG] TwitchService :: Presence Timer :: Artificially updated presence with a threshold of 5 minutes (97.4136ms)
[2026-03-21 17:36:35.588 DBG] ViewerRepo :: UpdatePresence(twitch, 5), 0.0354ms
[2026-03-21 17:36:35.684 DBG] TwitchService :: Presence Timer :: Artificially updated presence with a threshold of 5 minutes (96.3282ms)
[2026-03-21 17:37:35.598 DBG] ViewerRepo :: UpdatePresence(twitch, 5), 0.0392ms
[2026-03-21 17:37:35.692 DBG] TwitchService :: Presence Timer :: Artificially updated presence with a threshold of 5 minutes (94.4922ms)
[2026-03-21 17:38:35.600 DBG] ViewerRepo :: UpdatePresence(twitch, 5), 0.0346ms
[2026-03-21 17:38:35.710 DBG] TwitchService :: Presence Timer :: Artificially updated presence with a threshold of 5 minutes (110.2435ms)
[2026-03-21 17:39:15.967 DBG] Credits :: Time to save 17.2009ms
[2026-03-21 17:39:35.601 DBG] ViewerRepo :: UpdatePresence(twitch, 5), 0.0386ms
[2026-03-21 17:39:35.693 DBG] TwitchService :: Presence Timer :: Artificially updated presence with a threshold of 5 minutes (92.2974ms)
[2026-03-21 17:40:27.831 DBG] AutoSave :: Auto saving settings...
[2026-03-21 17:40:27.855 DBG] Users :: Time to save 24.5033ms
[2026-03-21 17:40:27.880 DBG] Actions :: Time to save 25.0136ms
[2026-03-21 17:40:27.898 DBG] Commands :: Time to save 18.031ms
[2026-03-21 17:40:27.917 DBG] Twitch Rewards :: Time to save 19.1621ms
[2026-03-21 17:40:27.932 DBG] Midi :: Time to save 15.0776ms
[2026-03-21 17:40:27.947 DBG] OBS Settings :: Time to save 14.9323ms
[2026-03-21 17:40:27.963 DBG] MeldStudio Settings :: Time to save 15.3086ms
[2026-03-21 17:40:27.977 DBG] Credits :: Time to save 14.2284ms
[2026-03-21 17:40:27.994 DBG] Quotes :: Time to save 16.6052ms
[2026-03-21 17:40:28.057 DBG] Config :: Time to save 19.5481ms
[2026-03-21 17:40:35.618 DBG] ViewerRepo :: UpdatePresence(twitch, 5), 0.037ms
[2026-03-21 17:40:35.714 DBG] TwitchService :: Presence Timer :: Artificially updated presence with a threshold of 5 minutes (96.5696ms)
[2026-03-21 17:40:36.766 DBG] ActionDispatcher :: Queueing 'Sub Goal' (361aa588-5f31-4e19-b8a5-099cae52479d, TimedAction) to 'Default' (00000000-0000-0000-0000-000000000000), with 11 arguments
[2026-03-21 17:40:36.766 DBG] ActionQueue :: 'Default' (00000000-0000-0000-0000-000000000000) :: Enqueue action 361aa588-5f31-4e19-b8a5-099cae52479d
[2026-03-21 17:40:36.766 DBG] ActionQueue :: 'Default' (00000000-0000-0000-0000-000000000000) :: Handling queue
[2026-03-21 17:40:36.766 DBG] ActionQueue :: 'Default' (00000000-0000-0000-0000-000000000000) :: Performing non-blocking 'Sub Goal' (361aa588-5f31-4e19-b8a5-099cae52479d, 810b9a15-df15-4068-9dc3-b6b141230883)
[2026-03-21 17:41:35.622 DBG] ViewerRepo :: UpdatePresence(twitch, 5), 0.0409ms
[2026-03-21 17:41:35.717 DBG] TwitchService :: Presence Timer :: Artificially updated presence with a threshold of 5 minutes (95.3641ms)
[2026-03-21 17:42:35.642 DBG] ViewerRepo :: UpdatePresence(twitch, 5), 0.0464ms
[2026-03-21 17:42:35.739 DBG] TwitchService :: Presence Timer :: Artificially updated presence with a threshold of 5 minutes (97.0991ms)
[2026-03-21 17:43:35.665 DBG] ViewerRepo :: UpdatePresence(twitch, 5), 0.0433ms
[2026-03-21 17:43:35.762 DBG] TwitchService :: Presence Timer :: Artificially updated presence with a threshold of 5 minutes (96.9171ms)
[2026-03-21 17:44:15.979 DBG] Credits :: Time to save 18.329ms
[2026-03-21 17:44:35.680 DBG] ViewerRepo :: UpdatePresence(twitch, 5), 0.0389ms
[2026-03-21 17:44:35.773 DBG] TwitchService :: Presence Timer :: Artificially updated presence with a threshold of 5 minutes (94.0097ms)
[2026-03-21 17:45:28.100 DBG] AutoSave :: Auto saving settings...
[2026-03-21 17:45:28.122 DBG] Users :: Time to save 22.9379ms
[2026-03-21 17:45:28.147 DBG] Actions :: Time to save 24.2822ms
[2026-03-21 17:45:28.165 DBG] Commands :: Time to save 17.4763ms
[2026-03-21 17:45:28.182 DBG] Twitch Rewards :: Time to save 17.3175ms
[2026-03-21 17:45:28.197 DBG] Midi :: Time to save 14.9313ms
[2026-03-21 17:45:28.212 DBG] OBS Settings :: Time to save 15.0555ms
[2026-03-21 17:45:28.226 DBG] MeldStudio Settings :: Time to save 13.8872ms
[2026-03-21 17:45:28.241 DBG] Credits :: Time to save 15.6744ms
[2026-03-21 17:45:28.259 DBG] Quotes :: Time to save 17.0532ms
[2026-03-21 17:45:28.320 DBG] Config :: Time to save 19.2131ms
[2026-03-21 17:45:35.692 DBG] ViewerRepo :: UpdatePresence(twitch, 5), 0.0369ms
[2026-03-21 17:45:35.785 DBG] TwitchService :: Presence Timer :: Artificially updated presence with a threshold of 5 minutes (93.1283ms)
[2026-03-21 17:46:35.707 DBG] ViewerRepo :: UpdatePresence(twitch, 5), 0.0389ms
[2026-03-21 17:46:35.800 DBG] TwitchService :: Presence Timer :: Artificially updated presence with a threshold of 5 minutes (92.1417ms)
[2026-03-21 17:47:35.719 DBG] ViewerRepo :: UpdatePresence(twitch, 5), 0.0472ms
[2026-03-21 17:47:35.816 DBG] TwitchService :: Presence Timer :: Artificially updated presence with a threshold of 5 minutes (97.2319ms)
[2026-03-21 17:48:35.727 DBG] ViewerRepo :: UpdatePresence(twitch, 5), 0.0367ms
[2026-03-21 17:48:35.821 DBG] TwitchService :: Presence Timer :: Artificially updated presence with a threshold of 5 minutes (94.3154ms)
[2026-03-21 17:49:15.989 DBG] Credits :: Time to save 18.0581ms
[2026-03-21 17:49:35.730 DBG] ViewerRepo :: UpdatePresence(twitch, 5), 0.0406ms
[2026-03-21 17:49:35.824 DBG] TwitchService :: Presence Timer :: Artificially updated presence with a threshold of 5 minutes (93.8229ms)
[2026-03-21 17:50:28.345 DBG] AutoSave :: Auto saving settings...
[2026-03-21 17:50:28.366 DBG] Users :: Time to save 21.238ms
[2026-03-21 17:50:28.390 DBG] Actions :: Time to save 23.5135ms
[2026-03-21 17:50:28.406 DBG] Commands :: Time to save 15.9086ms
[2026-03-21 17:50:28.424 DBG] Twitch Rewards :: Time to save 17.9733ms
[2026-03-21 17:50:28.438 DBG] Midi :: Time to save 14.4539ms
[2026-03-21 17:50:28.452 DBG] OBS Settings :: Time to save 14.2236ms
[2026-03-21 17:50:28.468 DBG] MeldStudio Settings :: Time to save 15.4362ms
[2026-03-21 17:50:28.481 DBG] Credits :: Time to save 13.4347ms
[2026-03-21 17:50:28.498 DBG] Quotes :: Time to save 16.4465ms
[2026-03-21 17:50:28.564 DBG] Config :: Time to save 16.2551ms
[2026-03-21 17:50:35.733 DBG] ViewerRepo :: UpdatePresence(twitch, 5), 0.0363ms
[2026-03-21 17:50:35.826 DBG] TwitchService :: Presence Timer :: Artificially updated presence with a threshold of 5 minutes (92.8191ms)
[2026-03-21 17:50:37.110 DBG] ActionDispatcher :: Queueing 'Sub Goal' (361aa588-5f31-4e19-b8a5-099cae52479d, TimedAction) to 'Default' (00000000-0000-0000-0000-000000000000), with 11 arguments
[2026-03-21 17:50:37.110 DBG] ActionQueue :: 'Default' (00000000-0000-0000-0000-000000000000) :: Enqueue action 361aa588-5f31-4e19-b8a5-099cae52479d
[2026-03-21 17:50:37.110 DBG] ActionQueue :: 'Default' (00000000-0000-0000-0000-000000000000) :: Handling queue
[2026-03-21 17:50:37.110 DBG] ActionQueue :: 'Default' (00000000-0000-0000-0000-000000000000) :: Performing non-blocking 'Sub Goal' (361aa588-5f31-4e19-b8a5-099cae52479d, 3e939040-cb5a-46ff-a4e3-112bebc4b898)
[2026-03-21 17:51:35.748 DBG] ViewerRepo :: UpdatePresence(twitch, 5), 0.0354ms
[2026-03-21 17:51:35.843 DBG] TwitchService :: Presence Timer :: Artificially updated presence with a threshold of 5 minutes (95.1301ms)
[2026-03-21 17:52:35.761 DBG] ViewerRepo :: UpdatePresence(twitch, 5), 0.0435ms
[2026-03-21 17:52:35.853 DBG] TwitchService :: Presence Timer :: Artificially updated presence with a threshold of 5 minutes (92.6514ms)
[2026-03-21 17:53:35.775 DBG] ViewerRepo :: UpdatePresence(twitch, 5), 0.0354ms
[2026-03-21 17:53:35.874 DBG] TwitchService :: Presence Timer :: Artificially updated presence with a threshold of 5 minutes (99.1743ms)
[2026-03-21 17:54:15.998 DBG] Credits :: Time to save 16.309ms
[2026-03-21 17:54:35.777 DBG] ViewerRepo :: UpdatePresence(twitch, 5), 0.1166ms
[2026-03-21 17:54:35.872 DBG] TwitchService :: Presence Timer :: Artificially updated presence with a threshold of 5 minutes (95.0466ms)
[2026-03-21 17:55:28.602 DBG] AutoSave :: Auto saving settings...
[2026-03-21 17:55:28.618 DBG] Users :: Time to save 16.2131ms
[2026-03-21 17:55:28.643 DBG] Actions :: Time to save 24.686ms
[2026-03-21 17:55:28.660 DBG] Commands :: Time to save 17.052ms
[2026-03-21 17:55:28.676 DBG] Twitch Rewards :: Time to save 16.7691ms
[2026-03-21 17:55:28.691 DBG] Midi :: Time to save 14.2968ms
[2026-03-21 17:55:28.705 DBG] OBS Settings :: Time to save 14.721ms
[2026-03-21 17:55:28.721 DBG] MeldStudio Settings :: Time to save 14.7876ms
[2026-03-21 17:55:28.735 DBG] Credits :: Time to save 14.1687ms
[2026-03-21 17:55:28.749 DBG] Quotes :: Time to save 13.524ms
[2026-03-21 17:55:28.828 DBG] Config :: Time to save 21.1622ms
[2026-03-21 17:55:35.790 DBG] ViewerRepo :: UpdatePresence(twitch, 5), 0.0374ms
[2026-03-21 17:55:35.887 DBG] TwitchService :: Presence Timer :: Artificially updated presence with a threshold of 5 minutes (97.2878ms)
[2026-03-21 17:56:35.802 DBG] ViewerRepo :: UpdatePresence(twitch, 5), 0.0381ms
[2026-03-21 17:56:35.898 DBG] TwitchService :: Presence Timer :: Artificially updated presence with a threshold of 5 minutes (96.8798ms)
[2026-03-21 17:57:35.812 DBG] ViewerRepo :: UpdatePresence(twitch, 5), 0.0347ms
[2026-03-21 17:57:35.904 DBG] TwitchService :: Presence Timer :: Artificially updated presence with a threshold of 5 minutes (93.1926ms)
[2026-03-21 17:58:35.815 DBG] ViewerRepo :: UpdatePresence(twitch, 5), 0.0368ms
[2026-03-21 17:58:35.917 DBG] TwitchService :: Presence Timer :: Artificially updated presence with a threshold of 5 minutes (102.111ms)
[2026-03-21 17:59:16.014 DBG] Credits :: Time to save 16.6383ms
[2026-03-21 17:59:35.819 DBG] ViewerRepo :: UpdatePresence(twitch, 5), 0.0368ms
[2026-03-21 17:59:35.913 DBG] TwitchService :: Presence Timer :: Artificially updated presence with a threshold of 5 minutes (94.1038ms)
[2026-03-21 18:00:28.848 DBG] AutoSave :: Auto saving settings...
[2026-03-21 18:00:28.867 DBG] Users :: Time to save 19.5971ms
[2026-03-21 18:00:28.894 DBG] Actions :: Time to save 25.9698ms
[2026-03-21 18:00:28.912 DBG] Commands :: Time to save 18.0941ms
[2026-03-21 18:00:28.929 DBG] Twitch Rewards :: Time to save 16.8746ms
[2026-03-21 18:00:28.943 DBG] Midi :: Time to save 14.428ms
[2026-03-21 18:00:28.957 DBG] OBS Settings :: Time to save 13.8999ms
[2026-03-21 18:00:28.973 DBG] MeldStudio Settings :: Time to save 16.1982ms
[2026-03-21 18:00:28.985 DBG] Credits :: Time to save 11.333ms
[2026-03-21 18:00:29.001 DBG] Quotes :: Time to save 16.4602ms
[2026-03-21 18:00:29.070 DBG] Config :: Time to save 18.5742ms
[2026-03-21 18:00:35.826 DBG] ViewerRepo :: UpdatePresence(twitch, 5), 0.0357ms
[2026-03-21 18:00:35.922 DBG] TwitchService :: Presence Timer :: Artificially updated presence with a threshold of 5 minutes (96.5023ms)
[2026-03-21 18:00:37.985 DBG] ActionDispatcher :: Queueing 'Sub Goal' (361aa588-5f31-4e19-b8a5-099cae52479d, TimedAction) to 'Default' (00000000-0000-0000-0000-000000000000), with 11 arguments
[2026-03-21 18:00:37.985 DBG] ActionQueue :: 'Default' (00000000-0000-0000-0000-000000000000) :: Enqueue action 361aa588-5f31-4e19-b8a5-099cae52479d
[2026-03-21 18:00:37.985 DBG] ActionQueue :: 'Default' (00000000-0000-0000-0000-000000000000) :: Handling queue
[2026-03-21 18:00:37.985 DBG] ActionQueue :: 'Default' (00000000-0000-0000-0000-000000000000) :: Performing non-blocking 'Sub Goal' (361aa588-5f31-4e19-b8a5-099cae52479d, 9ad2b956-ef93-4652-bbb2-cde6b1d7a49f)
[2026-03-21 18:01:35.836 DBG] ViewerRepo :: UpdatePresence(twitch, 5), 0.0459ms
[2026-03-21 18:01:35.935 DBG] TwitchService :: Presence Timer :: Artificially updated presence with a threshold of 5 minutes (99.3471ms)
[2026-03-21 18:02:35.854 DBG] ViewerRepo :: UpdatePresence(twitch, 5), 0.0361ms
[2026-03-21 18:02:35.945 DBG] TwitchService :: Presence Timer :: Artificially updated presence with a threshold of 5 minutes (91.822ms)
[2026-03-21 18:03:35.861 DBG] ViewerRepo :: UpdatePresence(twitch, 5), 0.0505ms
[2026-03-21 18:03:35.960 DBG] TwitchService :: Presence Timer :: Artificially updated presence with a threshold of 5 minutes (98.2868ms)
[2026-03-21 18:04:16.022 DBG] Credits :: Time to save 17.0521ms
[2026-03-21 18:04:35.872 DBG] ViewerRepo :: UpdatePresence(twitch, 5), 0.0383ms
[2026-03-21 18:04:35.971 DBG] TwitchService :: Presence Timer :: Artificially updated presence with a threshold of 5 minutes (99.05ms)
[2026-03-21 18:05:29.110 DBG] AutoSave :: Auto saving settings...
[2026-03-21 18:05:29.132 DBG] Users :: Time to save 22.5137ms
[2026-03-21 18:05:29.158 DBG] Actions :: Time to save 26.1469ms
[2026-03-21 18:05:29.175 DBG] Commands :: Time to save 16.9594ms
[2026-03-21 18:05:29.194 DBG] Twitch Rewards :: Time to save 18.1823ms
[2026-03-21 18:05:29.208 DBG] Midi :: Time to save 14.7114ms
[2026-03-21 18:05:29.223 DBG] OBS Settings :: Time to save 14.4212ms
[2026-03-21 18:05:29.237 DBG] MeldStudio Settings :: Time to save 14.374ms
[2026-03-21 18:05:29.251 DBG] Credits :: Time to save 14.3803ms
[2026-03-21 18:05:29.270 DBG] Quotes :: Time to save 17.65ms
[2026-03-21 18:05:29.334 DBG] Config :: Time to save 19.0489ms
[2026-03-21 18:05:35.879 DBG] ViewerRepo :: UpdatePresence(twitch, 5), 0.0352ms
[2026-03-21 18:05:35.970 DBG] TwitchService :: Presence Timer :: Artificially updated presence with a threshold of 5 minutes (91.4362ms)
[2026-03-21 18:06:35.882 DBG] ViewerRepo :: UpdatePresence(twitch, 5), 0.0408ms
[2026-03-21 18:06:35.978 DBG] TwitchService :: Presence Timer :: Artificially updated presence with a threshold of 5 minutes (96.0624ms)
[2026-03-21 18:07:35.893 DBG] ViewerRepo :: UpdatePresence(twitch, 5), 0.0383ms
[2026-03-21 18:07:35.984 DBG] TwitchService :: Presence Timer :: Artificially updated presence with a threshold of 5 minutes (91.4282ms)
[2026-03-21 18:08:35.907 DBG] ViewerRepo :: UpdatePresence(twitch, 5), 0.0528ms
[2026-03-21 18:08:36.000 DBG] TwitchService :: Presence Timer :: Artificially updated presence with a threshold of 5 minutes (93.6613ms)
[2026-03-21 18:09:16.025 DBG] Credits :: Time to save 17.2727ms
[2026-03-21 18:09:35.921 DBG] ViewerRepo :: UpdatePresence(twitch, 5), 0.0426ms
[2026-03-21 18:09:36.015 DBG] TwitchService :: Presence Timer :: Artificially updated presence with a threshold of 5 minutes (94.4315ms)
[2026-03-21 18:10:29.375 DBG] AutoSave :: Auto saving settings...
[2026-03-21 18:10:29.396 DBG] Users :: Time to save 21.0184ms
[2026-03-21 18:10:29.420 DBG] Actions :: Time to save 24.2312ms
[2026-03-21 18:10:29.437 DBG] Commands :: Time to save 17.1886ms
[2026-03-21 18:10:29.453 DBG] Twitch Rewards :: Time to save 16.6394ms
[2026-03-21 18:10:29.468 DBG] Midi :: Time to save 14.7865ms
[2026-03-21 18:10:29.485 DBG] OBS Settings :: Time to save 16.309ms
[2026-03-21 18:10:29.500 DBG] MeldStudio Settings :: Time to save 14.5488ms
[2026-03-21 18:10:29.515 DBG] Credits :: Time to save 14.7001ms
[2026-03-21 18:10:29.531 DBG] Quotes :: Time to save 16.3235ms
[2026-03-21 18:10:29.596 DBG] Config :: Time to save 20.3396ms
[2026-03-21 18:10:35.926 DBG] ViewerRepo :: UpdatePresence(twitch, 5), 0.0359ms
[2026-03-21 18:10:36.021 DBG] TwitchService :: Presence Timer :: Artificially updated presence with a threshold of 5 minutes (95.5487ms)
[2026-03-21 18:10:38.678 DBG] ActionDispatcher :: Queueing 'Sub Goal' (361aa588-5f31-4e19-b8a5-099cae52479d, TimedAction) to 'Default' (00000000-0000-0000-0000-000000000000), with 11 arguments
[2026-03-21 18:10:38.678 DBG] ActionQueue :: 'Default' (00000000-0000-0000-0000-000000000000) :: Enqueue action 361aa588-5f31-4e19-b8a5-099cae52479d
[2026-03-21 18:10:38.678 DBG] ActionQueue :: 'Default' (00000000-0000-0000-0000-000000000000) :: Handling queue
[2026-03-21 18:10:38.678 DBG] ActionQueue :: 'Default' (00000000-0000-0000-0000-000000000000) :: Performing non-blocking 'Sub Goal' (361aa588-5f31-4e19-b8a5-099cae52479d, 7c7e285a-aae4-4a73-8fdf-419ae3ab410a)
[2026-03-21 18:11:35.933 DBG] ViewerRepo :: UpdatePresence(twitch, 5), 0.0368ms
[2026-03-21 18:11:36.028 DBG] TwitchService :: Presence Timer :: Artificially updated presence with a threshold of 5 minutes (96.1135ms)
[2026-03-21 18:12:35.936 DBG] ViewerRepo :: UpdatePresence(twitch, 5), 0.0418ms
[2026-03-21 18:12:36.028 DBG] TwitchService :: Presence Timer :: Artificially updated presence with a threshold of 5 minutes (92.7853ms)
[2026-03-21 18:13:35.945 DBG] ViewerRepo :: UpdatePresence(twitch, 5), 0.045ms
[2026-03-21 18:13:36.041 DBG] TwitchService :: Presence Timer :: Artificially updated presence with a threshold of 5 minutes (95.7009ms)
[2026-03-21 18:14:16.029 DBG] Credits :: Time to save 17.0399ms
[2026-03-21 18:14:35.958 DBG] ViewerRepo :: UpdatePresence(twitch, 5), 0.0377ms
[2026-03-21 18:14:36.052 DBG] TwitchService :: Presence Timer :: Artificially updated presence with a threshold of 5 minutes (94.4681ms)
[2026-03-21 18:15:29.591 DBG] AutoSave :: Auto saving settings...
[2026-03-21 18:15:29.613 DBG] Users :: Time to save 22.8726ms
[2026-03-21 18:15:29.638 DBG] Actions :: Time to save 24.2254ms
[2026-03-21 18:15:29.655 DBG] Commands :: Time to save 16.7645ms
[2026-03-21 18:15:29.672 DBG] Twitch Rewards :: Time to save 16.7215ms
[2026-03-21 18:15:29.687 DBG] Midi :: Time to save 14.5991ms
[2026-03-21 18:15:29.701 DBG] OBS Settings :: Time to save 14.0389ms
[2026-03-21 18:15:29.715 DBG] MeldStudio Settings :: Time to save 14.2207ms
[2026-03-21 18:15:29.728 DBG] Credits :: Time to save 13.2607ms
[2026-03-21 18:15:29.745 DBG] Quotes :: Time to save 16.9527ms
[2026-03-21 18:15:29.815 DBG] Config :: Time to save 20.1277ms
[2026-03-21 18:15:35.959 DBG] ViewerRepo :: UpdatePresence(twitch, 5), 0.0345ms
[2026-03-21 18:15:36.053 DBG] TwitchService :: Presence Timer :: Artificially updated presence with a threshold of 5 minutes (92.925ms)
[2026-03-21 18:16:35.972 DBG] ViewerRepo :: UpdatePresence(twitch, 5), 0.0358ms
[2026-03-21 18:16:36.072 DBG] TwitchService :: Presence Timer :: Artificially updated presence with a threshold of 5 minutes (99.7262ms)
[2026-03-21 18:17:35.984 DBG] ViewerRepo :: UpdatePresence(twitch, 5), 0.0387ms
[2026-03-21 18:17:36.078 DBG] TwitchService :: Presence Timer :: Artificially updated presence with a threshold of 5 minutes (94.7841ms)
[2026-03-21 18:18:36.009 DBG] ViewerRepo :: UpdatePresence(twitch, 5), 0.0371ms
[2026-03-21 18:18:36.110 DBG] TwitchService :: Presence Timer :: Artificially updated presence with a threshold of 5 minutes (101.0743ms)
[2026-03-21 18:19:16.034 DBG] Credits :: Time to save 17.7765ms
[2026-03-21 18:19:36.022 DBG] ViewerRepo :: UpdatePresence(twitch, 5), 0.0354ms
[2026-03-21 18:19:36.114 DBG] TwitchService :: Presence Timer :: Artificially updated presence with a threshold of 5 minutes (91.8263ms)
[2026-03-21 18:20:29.825 DBG] AutoSave :: Auto saving settings...
[2026-03-21 18:20:29.848 DBG] Users :: Time to save 23.4082ms
[2026-03-21 18:20:29.873 DBG] Actions :: Time to save 25.0059ms
[2026-03-21 18:20:29.890 DBG] Commands :: Time to save 16.7945ms
[2026-03-21 18:20:29.906 DBG] Twitch Rewards :: Time to save 16.1453ms
[2026-03-21 18:20:29.920 DBG] Midi :: Time to save 14.0026ms
[2026-03-21 18:20:29.934 DBG] OBS Settings :: Time to save 14.366ms
[2026-03-21 18:20:29.949 DBG] MeldStudio Settings :: Time to save 14.4983ms
[2026-03-21 18:20:29.962 DBG] Credits :: Time to save 13.7496ms
[2026-03-21 18:20:29.980 DBG] Quotes :: Time to save 16.5022ms
[2026-03-21 18:20:30.045 DBG] Config :: Time to save 19.0122ms
[2026-03-21 18:20:36.038 DBG] ViewerRepo :: UpdatePresence(twitch, 5), 0.0389ms
[2026-03-21 18:20:36.577 DBG] TwitchService :: Presence Timer :: Artificially updated presence with a threshold of 5 minutes (540.1505ms)
[2026-03-21 18:20:39.675 DBG] ActionDispatcher :: Queueing 'Sub Goal' (361aa588-5f31-4e19-b8a5-099cae52479d, TimedAction) to 'Default' (00000000-0000-0000-0000-000000000000), with 11 arguments
[2026-03-21 18:20:39.675 DBG] ActionQueue :: 'Default' (00000000-0000-0000-0000-000000000000) :: Enqueue action 361aa588-5f31-4e19-b8a5-099cae52479d
[2026-03-21 18:20:39.675 DBG] ActionQueue :: 'Default' (00000000-0000-0000-0000-000000000000) :: Handling queue
[2026-03-21 18:20:39.675 DBG] ActionQueue :: 'Default' (00000000-0000-0000-0000-000000000000) :: Performing non-blocking 'Sub Goal' (361aa588-5f31-4e19-b8a5-099cae52479d, 45b4537b-ee5c-4d84-88ba-7ed3f814b3dc)
[2026-03-21 18:21:36.040 DBG] ViewerRepo :: UpdatePresence(twitch, 5), 0.0344ms
[2026-03-21 18:21:36.126 DBG] TwitchService :: Presence Timer :: Artificially updated presence with a threshold of 5 minutes (86.7877ms)
[2026-03-21 18:22:36.042 DBG] ViewerRepo :: UpdatePresence(twitch, 5), 0.0374ms
[2026-03-21 18:22:36.132 DBG] TwitchService :: Presence Timer :: Artificially updated presence with a threshold of 5 minutes (90.497ms)
[2026-03-21 18:23:36.051 DBG] ViewerRepo :: UpdatePresence(twitch, 5), 0.0362ms
[2026-03-21 18:23:36.146 DBG] TwitchService :: Presence Timer :: Artificially updated presence with a threshold of 5 minutes (95.1229ms)
[2026-03-21 18:24:16.048 DBG] Credits :: Time to save 15.825ms
[2026-03-21 18:24:36.065 DBG] ViewerRepo :: UpdatePresence(twitch, 5), 0.0348ms
[2026-03-21 18:24:36.163 DBG] TwitchService :: Presence Timer :: Artificially updated presence with a threshold of 5 minutes (98.7539ms)
[2026-03-21 18:25:30.059 DBG] AutoSave :: Auto saving settings...
[2026-03-21 18:25:30.082 DBG] Users :: Time to save 22.5584ms
[2026-03-21 18:25:30.107 DBG] Actions :: Time to save 25.0486ms
[2026-03-21 18:25:30.124 DBG] Commands :: Time to save 17.4468ms
[2026-03-21 18:25:30.142 DBG] Twitch Rewards :: Time to save 17.2113ms
[2026-03-21 18:25:30.157 DBG] Midi :: Time to save 15.3117ms
[2026-03-21 18:25:30.173 DBG] OBS Settings :: Time to save 16.1058ms
[2026-03-21 18:25:30.189 DBG] MeldStudio Settings :: Time to save 16.5532ms
[2026-03-21 18:25:30.206 DBG] Credits :: Time to save 15.6403ms
[2026-03-21 18:25:30.222 DBG] Quotes :: Time to save 16.653ms
[2026-03-21 18:25:30.280 DBG] Config :: Time to save 18.6431ms
[2026-03-21 18:25:36.088 DBG] ViewerRepo :: UpdatePresence(twitch, 5), 0.0359ms
[2026-03-21 18:25:36.186 DBG] TwitchService :: Presence Timer :: Artificially updated presence with a threshold of 5 minutes (98.2938ms)
[2026-03-21 18:26:36.096 DBG] ViewerRepo :: UpdatePresence(twitch, 5), 0.0361ms
[2026-03-21 18:26:36.188 DBG] TwitchService :: Presence Timer :: Artificially updated presence with a threshold of 5 minutes (92.1761ms)
[2026-03-21 18:27:36.109 DBG] ViewerRepo :: UpdatePresence(twitch, 5), 0.0352ms
[2026-03-21 18:27:36.208 DBG] TwitchService :: Presence Timer :: Artificially updated presence with a threshold of 5 minutes (98.8478ms)
[2026-03-21 18:28:36.120 DBG] ViewerRepo :: UpdatePresence(twitch, 5), 0.0356ms
[2026-03-21 18:28:36.213 DBG] TwitchService :: Presence Timer :: Artificially updated presence with a threshold of 5 minutes (93.1866ms)
[2026-03-21 18:29:16.061 DBG] Credits :: Time to save 17.7143ms
[2026-03-21 18:29:36.136 DBG] ViewerRepo :: UpdatePresence(twitch, 5), 0.0424ms
[2026-03-21 18:29:36.229 DBG] TwitchService :: Presence Timer :: Artificially updated presence with a threshold of 5 minutes (93.5262ms)
[2026-03-21 18:30:30.315 DBG] AutoSave :: Auto saving settings...
[2026-03-21 18:30:30.333 DBG] Users :: Time to save 18.0218ms
[2026-03-21 18:30:30.357 DBG] Actions :: Time to save 24.4326ms
[2026-03-21 18:30:30.374 DBG] Commands :: Time to save 16.7846ms
[2026-03-21 18:30:30.391 DBG] Twitch Rewards :: Time to save 16.6002ms
[2026-03-21 18:30:30.406 DBG] Midi :: Time to save 14.5796ms
[2026-03-21 18:30:30.421 DBG] OBS Settings :: Time to save 15.0223ms
[2026-03-21 18:30:30.435 DBG] MeldStudio Settings :: Time to save 14.5453ms
[2026-03-21 18:30:30.450 DBG] Credits :: Time to save 14.8881ms
[2026-03-21 18:30:30.467 DBG] Quotes :: Time to save 17.3538ms
[2026-03-21 18:30:30.536 DBG] Config :: Time to save 19.0463ms
[2026-03-21 18:30:36.149 DBG] ViewerRepo :: UpdatePresence(twitch, 5), 0.0352ms
[2026-03-21 18:30:36.259 DBG] TwitchService :: Presence Timer :: Artificially updated presence with a threshold of 5 minutes (110.1677ms)
[2026-03-21 18:30:39.782 DBG] ActionDispatcher :: Queueing 'Sub Goal' (361aa588-5f31-4e19-b8a5-099cae52479d, TimedAction) to 'Default' (00000000-0000-0000-0000-000000000000), with 11 arguments
[2026-03-21 18:30:39.782 DBG] ActionQueue :: 'Default' (00000000-0000-0000-0000-000000000000) :: Enqueue action 361aa588-5f31-4e19-b8a5-099cae52479d
[2026-03-21 18:30:39.782 DBG] ActionQueue :: 'Default' (00000000-0000-0000-0000-000000000000) :: Handling queue
[2026-03-21 18:30:39.782 DBG] ActionQueue :: 'Default' (00000000-0000-0000-0000-000000000000) :: Performing non-blocking 'Sub Goal' (361aa588-5f31-4e19-b8a5-099cae52479d, 2f25b246-1081-422b-ae7b-68de339e0c66)
[2026-03-21 18:31:36.165 DBG] ViewerRepo :: UpdatePresence(twitch, 5), 0.0346ms
[2026-03-21 18:31:36.263 DBG] TwitchService :: Presence Timer :: Artificially updated presence with a threshold of 5 minutes (98.3224ms)
[2026-03-21 18:32:36.175 DBG] ViewerRepo :: UpdatePresence(twitch, 5), 0.0343ms
[2026-03-21 18:32:36.269 DBG] TwitchService :: Presence Timer :: Artificially updated presence with a threshold of 5 minutes (93.4615ms)
[2026-03-21 18:33:36.192 DBG] ViewerRepo :: UpdatePresence(twitch, 5), 0.0443ms
[2026-03-21 18:33:36.290 DBG] TwitchService :: Presence Timer :: Artificially updated presence with a threshold of 5 minutes (98.5478ms)
[2026-03-21 18:34:16.070 DBG] Credits :: Time to save 12.4476ms
[2026-03-21 18:34:36.205 DBG] ViewerRepo :: UpdatePresence(twitch, 5), 0.0371ms
[2026-03-21 18:34:36.297 DBG] TwitchService :: Presence Timer :: Artificially updated presence with a threshold of 5 minutes (93.2002ms)
[2026-03-21 18:35:30.567 DBG] AutoSave :: Auto saving settings...
[2026-03-21 18:35:30.592 DBG] Users :: Time to save 25.3879ms
[2026-03-21 18:35:30.619 DBG] Actions :: Time to save 27.1299ms
[2026-03-21 18:35:30.637 DBG] Commands :: Time to save 17.5707ms
[2026-03-21 18:35:30.656 DBG] Twitch Rewards :: Time to save 18.7079ms
[2026-03-21 18:35:30.671 DBG] Midi :: Time to save 14.5462ms
[2026-03-21 18:35:30.687 DBG] OBS Settings :: Time to save 15.5186ms
[2026-03-21 18:35:30.701 DBG] MeldStudio Settings :: Time to save 14.6839ms
[2026-03-21 18:35:30.716 DBG] Credits :: Time to save 14.659ms
[2026-03-21 18:35:30.733 DBG] Quotes :: Time to save 17.4286ms
[2026-03-21 18:35:30.791 DBG] Config :: Time to save 20.2811ms
[2026-03-21 18:35:36.207 DBG] ViewerRepo :: UpdatePresence(twitch, 5), 0.0353ms
[2026-03-21 18:35:36.305 DBG] TwitchService :: Presence Timer :: Artificially updated presence with a threshold of 5 minutes (97.8817ms)
[2026-03-21 18:36:36.213 DBG] ViewerRepo :: UpdatePresence(twitch, 5), 0.0476ms
[2026-03-21 18:36:36.312 DBG] TwitchService :: Presence Timer :: Artificially updated presence with a threshold of 5 minutes (98.66ms)
[2026-03-21 18:37:36.216 DBG] ViewerRepo :: UpdatePresence(twitch, 5), 0.0365ms
[2026-03-21 18:37:36.308 DBG] TwitchService :: Presence Timer :: Artificially updated presence with a threshold of 5 minutes (92.6065ms)
[2026-03-21 18:38:36.225 DBG] ViewerRepo :: UpdatePresence(twitch, 5), 0.0344ms
[2026-03-21 18:38:36.325 DBG] TwitchService :: Presence Timer :: Artificially updated presence with a threshold of 5 minutes (99.6985ms)
[2026-03-21 18:39:16.080 DBG] Credits :: Time to save 15.5801ms
[2026-03-21 18:39:36.237 DBG] ViewerRepo :: UpdatePresence(twitch, 5), 0.0426ms
[2026-03-21 18:39:36.333 DBG] TwitchService :: Presence Timer :: Artificially updated presence with a threshold of 5 minutes (95.6969ms)
[2026-03-21 18:40:30.861 DBG] AutoSave :: Auto saving settings...
[2026-03-21 18:40:30.883 DBG] Users :: Time to save 21.9483ms
[2026-03-21 18:40:30.907 DBG] Actions :: Time to save 24.9928ms
[2026-03-21 18:40:30.925 DBG] Commands :: Time to save 16.993ms
[2026-03-21 18:40:30.941 DBG] Twitch Rewards :: Time to save 15.943ms
[2026-03-21 18:40:30.956 DBG] Midi :: Time to save 15.1442ms
[2026-03-21 18:40:30.972 DBG] OBS Settings :: Time to save 15.6844ms
[2026-03-21 18:40:30.987 DBG] MeldStudio Settings :: Time to save 15.1412ms
[2026-03-21 18:40:31.001 DBG] Credits :: Time to save 14.1382ms
[2026-03-21 18:40:31.019 DBG] Quotes :: Time to save 18.1473ms
[2026-03-21 18:40:31.083 DBG] Config :: Time to save 19.2189ms
[2026-03-21 18:40:36.246 DBG] ViewerRepo :: UpdatePresence(twitch, 5), 0.0377ms
[2026-03-21 18:40:36.347 DBG] TwitchService :: Presence Timer :: Artificially updated presence with a threshold of 5 minutes (101.3381ms)
[2026-03-21 18:40:40.496 DBG] ActionDispatcher :: Queueing 'Sub Goal' (361aa588-5f31-4e19-b8a5-099cae52479d, TimedAction) to 'Default' (00000000-0000-0000-0000-000000000000), with 11 arguments
[2026-03-21 18:40:40.496 DBG] ActionQueue :: 'Default' (00000000-0000-0000-0000-000000000000) :: Enqueue action 361aa588-5f31-4e19-b8a5-099cae52479d
[2026-03-21 18:40:40.496 DBG] ActionQueue :: 'Default' (00000000-0000-0000-0000-000000000000) :: Handling queue
[2026-03-21 18:40:40.496 DBG] ActionQueue :: 'Default' (00000000-0000-0000-0000-000000000000) :: Performing non-blocking 'Sub Goal' (361aa588-5f31-4e19-b8a5-099cae52479d, 82d50a7d-b22c-4b75-80c1-220c1da42cbe)
[2026-03-21 18:41:36.275 DBG] ViewerRepo :: UpdatePresence(twitch, 5), 0.0364ms
[2026-03-21 18:41:36.369 DBG] TwitchService :: Presence Timer :: Artificially updated presence with a threshold of 5 minutes (94.4927ms)
[2026-03-21 18:42:36.287 DBG] ViewerRepo :: UpdatePresence(twitch, 5), 0.036ms
[2026-03-21 18:42:36.399 DBG] TwitchService :: Presence Timer :: Artificially updated presence with a threshold of 5 minutes (112.0445ms)
[2026-03-21 18:43:36.296 DBG] ViewerRepo :: UpdatePresence(twitch, 5), 0.0513ms
[2026-03-21 18:43:36.389 DBG] TwitchService :: Presence Timer :: Artificially updated presence with a threshold of 5 minutes (93.7564ms)
[2026-03-21 18:44:16.098 DBG] Credits :: Time to save 15.7746ms
[2026-03-21 18:44:36.313 DBG] ViewerRepo :: UpdatePresence(twitch, 5), 0.0362ms
[2026-03-21 18:44:36.406 DBG] TwitchService :: Presence Timer :: Artificially updated presence with a threshold of 5 minutes (92.6161ms)
[2026-03-21 18:45:31.094 DBG] AutoSave :: Auto saving settings...
[2026-03-21 18:45:31.115 DBG] Users :: Time to save 20.6878ms
[2026-03-21 18:45:31.139 DBG] Actions :: Time to save 24.3865ms
[2026-03-21 18:45:31.158 DBG] Commands :: Time to save 18.7775ms
[2026-03-21 18:45:31.175 DBG] Twitch Rewards :: Time to save 17.0753ms
[2026-03-21 18:45:31.192 DBG] Midi :: Time to save 16.6337ms
[2026-03-21 18:45:31.207 DBG] OBS Settings :: Time to save 14.8869ms
[2026-03-21 18:45:31.222 DBG] MeldStudio Settings :: Time to save 14.9964ms
[2026-03-21 18:45:31.235 DBG] Credits :: Time to save 12.8998ms
[2026-03-21 18:45:31.252 DBG] Quotes :: Time to save 17.0986ms
[2026-03-21 18:45:31.317 DBG] Config :: Time to save 19.9924ms
[2026-03-21 18:45:36.319 DBG] ViewerRepo :: UpdatePresence(twitch, 5), 0.0392ms
[2026-03-21 18:45:36.417 DBG] TwitchService :: Presence Timer :: Artificially updated presence with a threshold of 5 minutes (97.2303ms)
[2026-03-21 18:46:36.334 DBG] ViewerRepo :: UpdatePresence(twitch, 5), 0.0381ms
[2026-03-21 18:46:36.434 DBG] TwitchService :: Presence Timer :: Artificially updated presence with a threshold of 5 minutes (100.0135ms)
[2026-03-21 18:47:36.344 DBG] ViewerRepo :: UpdatePresence(twitch, 5), 0.0372ms
[2026-03-21 18:47:36.439 DBG] TwitchService :: Presence Timer :: Artificially updated presence with a threshold of 5 minutes (94.3626ms)
[2026-03-21 18:48:36.353 DBG] ViewerRepo :: UpdatePresence(twitch, 5), 0.0367ms
[2026-03-21 18:48:36.449 DBG] TwitchService :: Presence Timer :: Artificially updated presence with a threshold of 5 minutes (95.6266ms)
[2026-03-21 18:49:16.111 DBG] Credits :: Time to save 18.9437ms
[2026-03-21 18:49:36.359 DBG] ViewerRepo :: UpdatePresence(twitch, 5), 0.0361ms
[2026-03-21 18:49:36.449 DBG] TwitchService :: Presence Timer :: Artificially updated presence with a threshold of 5 minutes (90.6841ms)
[2026-03-21 18:50:31.340 DBG] AutoSave :: Auto saving settings...
[2026-03-21 18:50:31.361 DBG] Users :: Time to save 21.1345ms
[2026-03-21 18:50:31.380 DBG] Actions :: Time to save 18.9947ms
[2026-03-21 18:50:31.399 DBG] Commands :: Time to save 17.6952ms
[2026-03-21 18:50:31.415 DBG] Twitch Rewards :: Time to save 16.6432ms
[2026-03-21 18:50:31.430 DBG] Midi :: Time to save 15.6535ms
[2026-03-21 18:50:31.445 DBG] OBS Settings :: Time to save 14.8477ms
[2026-03-21 18:50:31.461 DBG] MeldStudio Settings :: Time to save 14.8888ms
[2026-03-21 18:50:31.476 DBG] Credits :: Time to save 15.4545ms
[2026-03-21 18:50:31.494 DBG] Quotes :: Time to save 17.887ms
[2026-03-21 18:50:31.562 DBG] Config :: Time to save 19.2801ms
[2026-03-21 18:50:36.360 DBG] ViewerRepo :: UpdatePresence(twitch, 5), 0.0391ms
[2026-03-21 18:50:36.453 DBG] TwitchService :: Presence Timer :: Artificially updated presence with a threshold of 5 minutes (93.6413ms)
[2026-03-21 18:50:41.124 DBG] ActionDispatcher :: Queueing 'Sub Goal' (361aa588-5f31-4e19-b8a5-099cae52479d, TimedAction) to 'Default' (00000000-0000-0000-0000-000000000000), with 11 arguments
[2026-03-21 18:50:41.124 DBG] ActionQueue :: 'Default' (00000000-0000-0000-0000-000000000000) :: Enqueue action 361aa588-5f31-4e19-b8a5-099cae52479d
[2026-03-21 18:50:41.124 DBG] ActionQueue :: 'Default' (00000000-0000-0000-0000-000000000000) :: Handling queue
[2026-03-21 18:50:41.125 DBG] ActionQueue :: 'Default' (00000000-0000-0000-0000-000000000000) :: Performing non-blocking 'Sub Goal' (361aa588-5f31-4e19-b8a5-099cae52479d, 6096438c-fc40-4510-9442-6942e49a7ed5)
[2026-03-21 18:51:36.364 DBG] ViewerRepo :: UpdatePresence(twitch, 5), 0.0416ms
[2026-03-21 18:51:36.458 DBG] TwitchService :: Presence Timer :: Artificially updated presence with a threshold of 5 minutes (93.9615ms)
[2026-03-21 18:52:36.374 DBG] ViewerRepo :: UpdatePresence(twitch, 5), 0.0385ms
[2026-03-21 18:52:36.469 DBG] TwitchService :: Presence Timer :: Artificially updated presence with a threshold of 5 minutes (96.0076ms)
[2026-03-21 18:53:36.381 DBG] ViewerRepo :: UpdatePresence(twitch, 5), 0.0356ms
[2026-03-21 18:53:36.482 DBG] TwitchService :: Presence Timer :: Artificially updated presence with a threshold of 5 minutes (101.4585ms)
[2026-03-21 18:54:16.114 DBG] Credits :: Time to save 16.0485ms
[2026-03-21 18:54:36.396 DBG] ViewerRepo :: UpdatePresence(twitch, 5), 0.0404ms
[2026-03-21 18:54:36.491 DBG] TwitchService :: Presence Timer :: Artificially updated presence with a threshold of 5 minutes (95.4887ms)
[2026-03-21 18:55:31.619 DBG] AutoSave :: Auto saving settings...
[2026-03-21 18:55:31.640 DBG] Users :: Time to save 21.234ms
[2026-03-21 18:55:31.664 DBG] Actions :: Time to save 24.2941ms
[2026-03-21 18:55:31.680 DBG] Commands :: Time to save 15.9292ms
[2026-03-21 18:55:31.697 DBG] Twitch Rewards :: Time to save 17.8421ms
[2026-03-21 18:55:31.714 DBG] Midi :: Time to save 15.1925ms
[2026-03-21 18:55:31.727 DBG] OBS Settings :: Time to save 14.5427ms
[2026-03-21 18:55:31.742 DBG] MeldStudio Settings :: Time to save 14.5646ms
[2026-03-21 18:55:31.757 DBG] Credits :: Time to save 14.7307ms
[2026-03-21 18:55:31.775 DBG] Quotes :: Time to save 17.8466ms
[2026-03-21 18:55:31.843 DBG] Config :: Time to save 19.5729ms
[2026-03-21 18:55:36.411 DBG] ViewerRepo :: UpdatePresence(twitch, 5), 0.0488ms
[2026-03-21 18:55:36.502 DBG] TwitchService :: Presence Timer :: Artificially updated presence with a threshold of 5 minutes (91.817ms)
[2026-03-21 18:56:36.426 DBG] ViewerRepo :: UpdatePresence(twitch, 5), 0.0381ms
[2026-03-21 18:56:36.525 DBG] TwitchService :: Presence Timer :: Artificially updated presence with a threshold of 5 minutes (99.1963ms)
[2026-03-21 18:57:36.433 DBG] ViewerRepo :: UpdatePresence(twitch, 5), 0.0389ms
[2026-03-21 18:57:36.526 DBG] TwitchService :: Presence Timer :: Artificially updated presence with a threshold of 5 minutes (93.0002ms)
[2026-03-21 18:58:36.445 DBG] ViewerRepo :: UpdatePresence(twitch, 5), 0.0367ms
[2026-03-21 18:58:36.539 DBG] TwitchService :: Presence Timer :: Artificially updated presence with a threshold of 5 minutes (94.5924ms)
[2026-03-21 18:59:16.123 DBG] Credits :: Time to save 13.7763ms
[2026-03-21 18:59:36.447 DBG] ViewerRepo :: UpdatePresence(twitch, 5), 0.0356ms
[2026-03-21 18:59:36.546 DBG] TwitchService :: Presence Timer :: Artificially updated presence with a threshold of 5 minutes (98.894ms)
[2026-03-21 19:00:31.860 DBG] AutoSave :: Auto saving settings...
[2026-03-21 19:00:31.881 DBG] Users :: Time to save 21.3633ms
[2026-03-21 19:00:31.906 DBG] Actions :: Time to save 24.8743ms
[2026-03-21 19:00:31.924 DBG] Commands :: Time to save 17.2269ms
[2026-03-21 19:00:31.941 DBG] Twitch Rewards :: Time to save 17.0869ms
[2026-03-21 19:00:31.956 DBG] Midi :: Time to save 15.0293ms
[2026-03-21 19:00:31.970 DBG] OBS Settings :: Time to save 14.4885ms
[2026-03-21 19:00:31.985 DBG] MeldStudio Settings :: Time to save 14.3753ms
[2026-03-21 19:00:32.000 DBG] Credits :: Time to save 15.0646ms
[2026-03-21 19:00:32.019 DBG] Quotes :: Time to save 18.7418ms
[2026-03-21 19:00:32.083 DBG] Config :: Time to save 20.3515ms
[2026-03-21 19:00:36.451 DBG] ViewerRepo :: UpdatePresence(twitch, 5), 0.0353ms
[2026-03-21 19:00:36.542 DBG] TwitchService :: Presence Timer :: Artificially updated presence with a threshold of 5 minutes (91.4593ms)
[2026-03-21 19:00:41.210 DBG] ActionDispatcher :: Queueing 'Sub Goal' (361aa588-5f31-4e19-b8a5-099cae52479d, TimedAction) to 'Default' (00000000-0000-0000-0000-000000000000), with 11 arguments
[2026-03-21 19:00:41.210 DBG] ActionQueue :: 'Default' (00000000-0000-0000-0000-000000000000) :: Enqueue action 361aa588-5f31-4e19-b8a5-099cae52479d
[2026-03-21 19:00:41.210 DBG] ActionQueue :: 'Default' (00000000-0000-0000-0000-000000000000) :: Handling queue
[2026-03-21 19:00:41.210 DBG] ActionQueue :: 'Default' (00000000-0000-0000-0000-000000000000) :: Performing non-blocking 'Sub Goal' (361aa588-5f31-4e19-b8a5-099cae52479d, 6ac66c96-742a-4d0f-97ee-e032f5fa0051)
[2026-03-21 19:01:36.456 DBG] ViewerRepo :: UpdatePresence(twitch, 5), 0.0487ms
[2026-03-21 19:01:36.552 DBG] TwitchService :: Presence Timer :: Artificially updated presence with a threshold of 5 minutes (96.0668ms)
[2026-03-21 19:02:36.470 DBG] ViewerRepo :: UpdatePresence(twitch, 5), 0.0507ms
[2026-03-21 19:02:36.562 DBG] TwitchService :: Presence Timer :: Artificially updated presence with a threshold of 5 minutes (92.7131ms)
[2026-03-21 19:03:36.474 DBG] ViewerRepo :: UpdatePresence(twitch, 5), 0.0381ms
[2026-03-21 19:03:36.569 DBG] TwitchService :: Presence Timer :: Artificially updated presence with a threshold of 5 minutes (95.0694ms)
[2026-03-21 19:04:16.147 DBG] Credits :: Time to save 14.6904ms
[2026-03-21 19:04:36.482 DBG] ViewerRepo :: UpdatePresence(twitch, 5), 0.0365ms
[2026-03-21 19:04:36.575 DBG] TwitchService :: Presence Timer :: Artificially updated presence with a threshold of 5 minutes (93.1964ms)
[2026-03-21 19:05:32.112 DBG] AutoSave :: Auto saving settings...
[2026-03-21 19:05:32.133 DBG] Users :: Time to save 20.6741ms
[2026-03-21 19:05:32.158 DBG] Actions :: Time to save 24.4583ms
[2026-03-21 19:05:32.177 DBG] Commands :: Time to save 19.435ms
[2026-03-21 19:05:32.196 DBG] Twitch Rewards :: Time to save 18.9978ms
[2026-03-21 19:05:32.212 DBG] Midi :: Time to save 16.0394ms
[2026-03-21 19:05:32.227 DBG] OBS Settings :: Time to save 15.3173ms
[2026-03-21 19:05:32.243 DBG] MeldStudio Settings :: Time to save 15.3451ms
[2026-03-21 19:05:32.255 DBG] Credits :: Time to save 11.4801ms
[2026-03-21 19:05:32.271 DBG] Quotes :: Time to save 16.6788ms
[2026-03-21 19:05:32.335 DBG] Config :: Time to save 18.9251ms
[2026-03-21 19:05:36.489 DBG] ViewerRepo :: UpdatePresence(twitch, 5), 0.0754ms
[2026-03-21 19:05:36.587 DBG] TwitchService :: Presence Timer :: Artificially updated presence with a threshold of 5 minutes (98.3681ms)
[2026-03-21 19:06:36.491 DBG] ViewerRepo :: UpdatePresence(twitch, 5), 0.036ms
[2026-03-21 19:06:36.591 DBG] TwitchService :: Presence Timer :: Artificially updated presence with a threshold of 5 minutes (100.202ms)
[2026-03-21 19:07:36.499 DBG] ViewerRepo :: UpdatePresence(twitch, 5), 0.0359ms
[2026-03-21 19:07:36.590 DBG] TwitchService :: Presence Timer :: Artificially updated presence with a threshold of 5 minutes (91.1265ms)
[2026-03-21 19:08:36.502 DBG] ViewerRepo :: UpdatePresence(twitch, 5), 0.0359ms
[2026-03-21 19:08:36.597 DBG] TwitchService :: Presence Timer :: Artificially updated presence with a threshold of 5 minutes (94.7618ms)
[2026-03-21 19:09:16.166 DBG] Credits :: Time to save 15.9768ms
[2026-03-21 19:09:36.520 DBG] ViewerRepo :: UpdatePresence(twitch, 5), 0.0369ms
[2026-03-21 19:09:36.614 DBG] TwitchService :: Presence Timer :: Artificially updated presence with a threshold of 5 minutes (93.8038ms)
[2026-03-21 19:10:32.353 DBG] AutoSave :: Auto saving settings...
[2026-03-21 19:10:32.375 DBG] Users :: Time to save 21.3254ms
[2026-03-21 19:10:32.402 DBG] Actions :: Time to save 27.3824ms
[2026-03-21 19:10:32.421 DBG] Commands :: Time to save 18.947ms
[2026-03-21 19:10:32.439 DBG] Twitch Rewards :: Time to save 18.2951ms
[2026-03-21 19:10:32.455 DBG] Midi :: Time to save 15.6791ms
[2026-03-21 19:10:32.471 DBG] OBS Settings :: Time to save 16.1207ms
[2026-03-21 19:10:32.487 DBG] MeldStudio Settings :: Time to save 16.0279ms
[2026-03-21 19:10:32.500 DBG] Credits :: Time to save 12.9428ms
[2026-03-21 19:10:32.519 DBG] Quotes :: Time to save 18.5263ms
[2026-03-21 19:10:32.576 DBG] Config :: Time to save 20.7518ms
[2026-03-21 19:10:36.523 DBG] ViewerRepo :: UpdatePresence(twitch, 5), 0.0372ms
[2026-03-21 19:10:36.616 DBG] TwitchService :: Presence Timer :: Artificially updated presence with a threshold of 5 minutes (93ms)
[2026-03-21 19:10:41.214 DBG] ActionDispatcher :: Queueing 'Sub Goal' (361aa588-5f31-4e19-b8a5-099cae52479d, TimedAction) to 'Default' (00000000-0000-0000-0000-000000000000), with 11 arguments
[2026-03-21 19:10:41.214 DBG] ActionQueue :: 'Default' (00000000-0000-0000-0000-000000000000) :: Enqueue action 361aa588-5f31-4e19-b8a5-099cae52479d
[2026-03-21 19:10:41.214 DBG] ActionQueue :: 'Default' (00000000-0000-0000-0000-000000000000) :: Handling queue
[2026-03-21 19:10:41.214 DBG] ActionQueue :: 'Default' (00000000-0000-0000-0000-000000000000) :: Performing non-blocking 'Sub Goal' (361aa588-5f31-4e19-b8a5-099cae52479d, 7ef62d91-79ec-4aff-9964-72b9967405bb)
[2026-03-21 19:11:36.538 DBG] ViewerRepo :: UpdatePresence(twitch, 5), 0.0502ms
[2026-03-21 19:11:36.638 DBG] TwitchService :: Presence Timer :: Artificially updated presence with a threshold of 5 minutes (99.7743ms)
[2026-03-21 19:12:36.544 DBG] ViewerRepo :: UpdatePresence(twitch, 5), 0.0362ms
[2026-03-21 19:12:36.638 DBG] TwitchService :: Presence Timer :: Artificially updated presence with a threshold of 5 minutes (94.0109ms)
[2026-03-21 19:13:36.551 DBG] ViewerRepo :: UpdatePresence(twitch, 5), 0.0369ms
[2026-03-21 19:13:36.643 DBG] TwitchService :: Presence Timer :: Artificially updated presence with a threshold of 5 minutes (92.1851ms)
[2026-03-21 19:14:16.176 DBG] Credits :: Time to save 17.4271ms
[2026-03-21 19:14:36.563 DBG] ViewerRepo :: UpdatePresence(twitch, 5), 0.0357ms
[2026-03-21 19:14:36.656 DBG] TwitchService :: Presence Timer :: Artificially updated presence with a threshold of 5 minutes (93.8808ms)
[2026-03-21 19:15:32.614 DBG] AutoSave :: Auto saving settings...
[2026-03-21 19:15:32.636 DBG] Users :: Time to save 22.0482ms
[2026-03-21 19:15:32.659 DBG] Actions :: Time to save 23.2763ms
[2026-03-21 19:15:32.675 DBG] Commands :: Time to save 16.8132ms
[2026-03-21 19:15:32.693 DBG] Twitch Rewards :: Time to save 16.5666ms
[2026-03-21 19:15:32.707 DBG] Midi :: Time to save 14.5988ms
[2026-03-21 19:15:32.722 DBG] OBS Settings :: Time to save 15.2112ms
[2026-03-21 19:15:32.737 DBG] MeldStudio Settings :: Time to save 14.5759ms
[2026-03-21 19:15:32.752 DBG] Credits :: Time to save 14.6103ms
[2026-03-21 19:15:32.768 DBG] Quotes :: Time to save 16.3004ms
[2026-03-21 19:15:32.840 DBG] Config :: Time to save 21.1639ms
[2026-03-21 19:15:36.569 DBG] ViewerRepo :: UpdatePresence(twitch, 5), 0.0354ms
[2026-03-21 19:15:36.661 DBG] TwitchService :: Presence Timer :: Artificially updated presence with a threshold of 5 minutes (92.3587ms)
[2026-03-21 19:16:36.574 DBG] ViewerRepo :: UpdatePresence(twitch, 5), 0.0348ms
[2026-03-21 19:16:36.672 DBG] TwitchService :: Presence Timer :: Artificially updated presence with a threshold of 5 minutes (98.1978ms)
[2026-03-21 19:17:36.577 DBG] ViewerRepo :: UpdatePresence(twitch, 5), 0.0354ms
[2026-03-21 19:17:36.676 DBG] TwitchService :: Presence Timer :: Artificially updated presence with a threshold of 5 minutes (99.1775ms)
[2026-03-21 19:18:36.602 DBG] ViewerRepo :: UpdatePresence(twitch, 5), 0.0458ms
[2026-03-21 19:18:36.696 DBG] TwitchService :: Presence Timer :: Artificially updated presence with a threshold of 5 minutes (94.2301ms)
[2026-03-21 19:19:16.185 DBG] Credits :: Time to save 16.7108ms
[2026-03-21 19:19:36.606 DBG] ViewerRepo :: UpdatePresence(twitch, 5), 0.0365ms
[2026-03-21 19:19:36.700 DBG] TwitchService :: Presence Timer :: Artificially updated presence with a threshold of 5 minutes (93.9103ms)
[2026-03-21 19:20:32.857 DBG] AutoSave :: Auto saving settings...
[2026-03-21 19:20:32.877 DBG] Users :: Time to save 20.2535ms
[2026-03-21 19:20:32.901 DBG] Actions :: Time to save 24.39ms
[2026-03-21 19:20:32.920 DBG] Commands :: Time to save 18.7884ms
[2026-03-21 19:20:32.938 DBG] Twitch Rewards :: Time to save 17.9133ms
[2026-03-21 19:20:32.954 DBG] Midi :: Time to save 15.3629ms
[2026-03-21 19:20:32.969 DBG] OBS Settings :: Time to save 15.3107ms
[2026-03-21 19:20:32.986 DBG] MeldStudio Settings :: Time to save 16.6067ms
[2026-03-21 19:20:33.001 DBG] Credits :: Time to save 15.1919ms
[2026-03-21 19:20:33.018 DBG] Quotes :: Time to save 17.4763ms
[2026-03-21 19:20:33.082 DBG] Config :: Time to save 21.0199ms
[2026-03-21 19:20:36.619 DBG] ViewerRepo :: UpdatePresence(twitch, 5), 0.0519ms
[2026-03-21 19:20:37.189 DBG] TwitchService :: Presence Timer :: Artificially updated presence with a threshold of 5 minutes (568.9879ms)
[2026-03-21 19:20:41.709 DBG] ActionDispatcher :: Queueing 'Sub Goal' (361aa588-5f31-4e19-b8a5-099cae52479d, TimedAction) to 'Default' (00000000-0000-0000-0000-000000000000), with 11 arguments
[2026-03-21 19:20:41.709 DBG] ActionQueue :: 'Default' (00000000-0000-0000-0000-000000000000) :: Enqueue action 361aa588-5f31-4e19-b8a5-099cae52479d
[2026-03-21 19:20:41.709 DBG] ActionQueue :: 'Default' (00000000-0000-0000-0000-000000000000) :: Handling queue
[2026-03-21 19:20:41.709 DBG] ActionQueue :: 'Default' (00000000-0000-0000-0000-000000000000) :: Performing non-blocking 'Sub Goal' (361aa588-5f31-4e19-b8a5-099cae52479d, f1b4d302-8028-4775-b4c1-4a37d0668e66)
[2026-03-21 19:21:36.628 DBG] ViewerRepo :: UpdatePresence(twitch, 5), 0.0365ms
[2026-03-21 19:21:36.719 DBG] TwitchService :: Presence Timer :: Artificially updated presence with a threshold of 5 minutes (90.1855ms)
[2026-03-21 19:22:36.638 DBG] ViewerRepo :: UpdatePresence(twitch, 5), 0.0519ms
[2026-03-21 19:22:36.734 DBG] TwitchService :: Presence Timer :: Artificially updated presence with a threshold of 5 minutes (96.1301ms)
[2026-03-21 19:23:36.651 DBG] ViewerRepo :: UpdatePresence(twitch, 5), 0.0406ms
[2026-03-21 19:23:36.751 DBG] TwitchService :: Presence Timer :: Artificially updated presence with a threshold of 5 minutes (100.1495ms)
[2026-03-21 19:24:16.201 DBG] Credits :: Time to save 17.3422ms
[2026-03-21 19:24:36.663 DBG] ViewerRepo :: UpdatePresence(twitch, 5), 0.0357ms
[2026-03-21 19:24:36.759 DBG] TwitchService :: Presence Timer :: Artificially updated presence with a threshold of 5 minutes (96.4469ms)
[2026-03-21 19:25:33.097 DBG] AutoSave :: Auto saving settings...
[2026-03-21 19:25:33.119 DBG] Users :: Time to save 22.4957ms
[2026-03-21 19:25:33.143 DBG] Actions :: Time to save 23.7055ms
[2026-03-21 19:25:33.160 DBG] Commands :: Time to save 17.441ms
[2026-03-21 19:25:33.179 DBG] Twitch Rewards :: Time to save 18.5011ms
[2026-03-21 19:25:33.196 DBG] Midi :: Time to save 16.2666ms
[2026-03-21 19:25:33.212 DBG] OBS Settings :: Time to save 16.956ms
[2026-03-21 19:25:33.228 DBG] MeldStudio Settings :: Time to save 15.8423ms
[2026-03-21 19:25:33.244 DBG] Credits :: Time to save 15.9122ms
[2026-03-21 19:25:33.262 DBG] Quotes :: Time to save 18.6155ms
[2026-03-21 19:25:33.322 DBG] Config :: Time to save 19.9205ms
[2026-03-21 19:25:36.667 DBG] ViewerRepo :: UpdatePresence(twitch, 5), 0.0357ms
[2026-03-21 19:25:36.767 DBG] TwitchService :: Presence Timer :: Artificially updated presence with a threshold of 5 minutes (100.1595ms)
[2026-03-21 19:26:36.668 DBG] ViewerRepo :: UpdatePresence(twitch, 5), 0.0471ms
[2026-03-21 19:26:36.763 DBG] TwitchService :: Presence Timer :: Artificially updated presence with a threshold of 5 minutes (95.1773ms)
[2026-03-21 19:27:36.671 DBG] ViewerRepo :: UpdatePresence(twitch, 5), 0.0361ms
[2026-03-21 19:27:36.767 DBG] TwitchService :: Presence Timer :: Artificially updated presence with a threshold of 5 minutes (96.6774ms)
[2026-03-21 19:28:36.698 DBG] ViewerRepo :: UpdatePresence(twitch, 5), 0.0348ms
[2026-03-21 19:28:36.796 DBG] TwitchService :: Presence Timer :: Artificially updated presence with a threshold of 5 minutes (97.6339ms)
[2026-03-21 19:29:16.217 DBG] Credits :: Time to save 15.94ms
[2026-03-21 19:29:36.706 DBG] ViewerRepo :: UpdatePresence(twitch, 5), 0.0374ms
[2026-03-21 19:29:36.798 DBG] TwitchService :: Presence Timer :: Artificially updated presence with a threshold of 5 minutes (92.6191ms)
[2026-03-21 19:30:33.357 DBG] AutoSave :: Auto saving settings...
[2026-03-21 19:30:33.378 DBG] Users :: Time to save 21.0769ms
[2026-03-21 19:30:33.405 DBG] Actions :: Time to save 27.2512ms
[2026-03-21 19:30:33.424 DBG] Commands :: Time to save 19.4824ms
[2026-03-21 19:30:33.445 DBG] Twitch Rewards :: Time to save 19.7912ms
[2026-03-21 19:30:33.461 DBG] Midi :: Time to save 16.0818ms
[2026-03-21 19:30:33.477 DBG] OBS Settings :: Time to save 16.6089ms
[2026-03-21 19:30:33.494 DBG] MeldStudio Settings :: Time to save 16.5268ms
[2026-03-21 19:30:33.511 DBG] Credits :: Time to save 16.7747ms
[2026-03-21 19:30:33.530 DBG] Quotes :: Time to save 18.3542ms
[2026-03-21 19:30:33.579 DBG] Config :: Time to save 20.0455ms
[2026-03-21 19:30:36.718 DBG] ViewerRepo :: UpdatePresence(twitch, 5), 0.0417ms
[2026-03-21 19:30:36.838 DBG] TwitchService :: Presence Timer :: Artificially updated presence with a threshold of 5 minutes (119.9802ms)
[2026-03-21 19:30:42.542 DBG] ActionDispatcher :: Queueing 'Sub Goal' (361aa588-5f31-4e19-b8a5-099cae52479d, TimedAction) to 'Default' (00000000-0000-0000-0000-000000000000), with 11 arguments
[2026-03-21 19:30:42.542 DBG] ActionQueue :: 'Default' (00000000-0000-0000-0000-000000000000) :: Enqueue action 361aa588-5f31-4e19-b8a5-099cae52479d
[2026-03-21 19:30:42.542 DBG] ActionQueue :: 'Default' (00000000-0000-0000-0000-000000000000) :: Handling queue
[2026-03-21 19:30:42.542 DBG] ActionQueue :: 'Default' (00000000-0000-0000-0000-000000000000) :: Performing non-blocking 'Sub Goal' (361aa588-5f31-4e19-b8a5-099cae52479d, 1ef1a142-465a-4218-b1b4-798cba59f293)
[2026-03-21 19:31:36.733 DBG] ViewerRepo :: UpdatePresence(twitch, 5), 0.0367ms
[2026-03-21 19:31:36.831 DBG] TwitchService :: Presence Timer :: Artificially updated presence with a threshold of 5 minutes (97.2577ms)
[2026-03-21 19:32:36.739 DBG] ViewerRepo :: UpdatePresence(twitch, 5), 0.0358ms
[2026-03-21 19:32:36.834 DBG] TwitchService :: Presence Timer :: Artificially updated presence with a threshold of 5 minutes (95.6792ms)
[2026-03-21 19:33:36.756 DBG] ViewerRepo :: UpdatePresence(twitch, 5), 0.0609ms
[2026-03-21 19:33:36.847 DBG] TwitchService :: Presence Timer :: Artificially updated presence with a threshold of 5 minutes (91.4507ms)
[2026-03-21 19:34:16.234 DBG] Credits :: Time to save 19.7294ms
[2026-03-21 19:34:36.758 DBG] ViewerRepo :: UpdatePresence(twitch, 5), 0.0505ms
[2026-03-21 19:34:36.865 DBG] TwitchService :: Presence Timer :: Artificially updated presence with a threshold of 5 minutes (106.7737ms)
[2026-03-21 19:35:33.600 DBG] AutoSave :: Auto saving settings...
[2026-03-21 19:35:33.620 DBG] Users :: Time to save 20.512ms
[2026-03-21 19:35:33.649 DBG] Actions :: Time to save 28.6137ms
[2026-03-21 19:35:33.669 DBG] Commands :: Time to save 19.6992ms
[2026-03-21 19:35:33.701 DBG] Twitch Rewards :: Time to save 31.1826ms
[2026-03-21 19:35:33.717 DBG] Midi :: Time to save 17.2379ms
[2026-03-21 19:35:33.735 DBG] OBS Settings :: Time to save 17.4249ms
[2026-03-21 19:35:33.751 DBG] MeldStudio Settings :: Time to save 16.5508ms
[2026-03-21 19:35:33.772 DBG] Credits :: Time to save 20.3967ms
[2026-03-21 19:35:33.792 DBG] Quotes :: Time to save 20.2642ms
[2026-03-21 19:35:33.826 DBG] Config :: Time to save 20.7293ms
[2026-03-21 19:35:36.767 DBG] ViewerRepo :: UpdatePresence(twitch, 5), 0.0353ms
[2026-03-21 19:35:36.859 DBG] TwitchService :: Presence Timer :: Artificially updated presence with a threshold of 5 minutes (92.6811ms)
[2026-03-21 19:36:36.771 DBG] ViewerRepo :: UpdatePresence(twitch, 5), 0.0364ms
[2026-03-21 19:36:36.864 DBG] TwitchService :: Presence Timer :: Artificially updated presence with a threshold of 5 minutes (92.5907ms)
[2026-03-21 19:37:36.772 DBG] ViewerRepo :: UpdatePresence(twitch, 5), 0.0373ms
[2026-03-21 19:37:36.874 DBG] TwitchService :: Presence Timer :: Artificially updated presence with a threshold of 5 minutes (101.7568ms)
[2026-03-21 19:38:36.787 DBG] ViewerRepo :: UpdatePresence(twitch, 5), 0.0426ms
[2026-03-21 19:38:36.878 DBG] TwitchService :: Presence Timer :: Artificially updated presence with a threshold of 5 minutes (91.8567ms)
[2026-03-21 19:39:16.242 DBG] Credits :: Time to save 17.0671ms
[2026-03-21 19:39:36.799 DBG] ViewerRepo :: UpdatePresence(twitch, 5), 0.0359ms
[2026-03-21 19:39:36.891 DBG] TwitchService :: Presence Timer :: Artificially updated presence with a threshold of 5 minutes (92.8205ms)
[2026-03-21 19:40:33.892 DBG] AutoSave :: Auto saving settings...
[2026-03-21 19:40:33.911 DBG] Users :: Time to save 18.9204ms
[2026-03-21 19:40:33.938 DBG] Actions :: Time to save 26.6767ms
[2026-03-21 19:40:33.959 DBG] Commands :: Time to save 20.7921ms
[2026-03-21 19:40:33.977 DBG] Twitch Rewards :: Time to save 18.4056ms
[2026-03-21 19:40:33.993 DBG] Midi :: Time to save 15.8731ms
[2026-03-21 19:40:34.010 DBG] OBS Settings :: Time to save 16.1572ms
[2026-03-21 19:40:34.027 DBG] MeldStudio Settings :: Time to save 17.2128ms
[2026-03-21 19:40:34.042 DBG] Credits :: Time to save 16.1109ms
[2026-03-21 19:40:34.062 DBG] Quotes :: Time to save 18.7108ms
[2026-03-21 19:40:34.112 DBG] Config :: Time to save 15.3486ms
[2026-03-21 19:40:36.804 DBG] ViewerRepo :: UpdatePresence(twitch, 5), 0.0374ms
[2026-03-21 19:40:36.901 DBG] TwitchService :: Presence Timer :: Artificially updated presence with a threshold of 5 minutes (97.3383ms)
[2026-03-21 19:40:43.219 DBG] ActionDispatcher :: Queueing 'Sub Goal' (361aa588-5f31-4e19-b8a5-099cae52479d, TimedAction) to 'Default' (00000000-0000-0000-0000-000000000000), with 11 arguments
[2026-03-21 19:40:43.219 DBG] ActionQueue :: 'Default' (00000000-0000-0000-0000-000000000000) :: Enqueue action 361aa588-5f31-4e19-b8a5-099cae52479d
[2026-03-21 19:40:43.219 DBG] ActionQueue :: 'Default' (00000000-0000-0000-0000-000000000000) :: Handling queue
[2026-03-21 19:40:43.219 DBG] ActionQueue :: 'Default' (00000000-0000-0000-0000-000000000000) :: Performing non-blocking 'Sub Goal' (361aa588-5f31-4e19-b8a5-099cae52479d, 969d4ea9-77be-412f-97e3-61b9dd6c7c19)
[2026-03-21 19:41:36.813 DBG] ViewerRepo :: UpdatePresence(twitch, 5), 0.0352ms
[2026-03-21 19:41:36.901 DBG] TwitchService :: Presence Timer :: Artificially updated presence with a threshold of 5 minutes (87.4281ms)
[2026-03-21 19:42:36.835 DBG] ViewerRepo :: UpdatePresence(twitch, 5), 0.036ms
[2026-03-21 19:42:36.930 DBG] TwitchService :: Presence Timer :: Artificially updated presence with a threshold of 5 minutes (96.3729ms)
[2026-03-21 19:43:36.839 DBG] ViewerRepo :: UpdatePresence(twitch, 5), 0.0368ms
[2026-03-21 19:43:36.912 DBG] TwitchService :: Presence Timer :: Artificially updated presence with a threshold of 5 minutes (73.009ms)
[2026-03-21 19:44:16.255 DBG] Credits :: Time to save 17.6109ms
[2026-03-21 19:44:36.843 DBG] ViewerRepo :: UpdatePresence(twitch, 5), 0.0417ms
[2026-03-21 19:44:36.896 DBG] TwitchService :: Presence Timer :: Artificially updated presence with a threshold of 5 minutes (53.8143ms)
[2026-03-21 19:45:34.161 DBG] AutoSave :: Auto saving settings...
[2026-03-21 19:45:34.174 DBG] Users :: Time to save 12.7824ms
[2026-03-21 19:45:34.196 DBG] Actions :: Time to save 22.3476ms
[2026-03-21 19:45:34.213 DBG] Commands :: Time to save 17.4788ms
[2026-03-21 19:45:34.226 DBG] Twitch Rewards :: Time to save 13.3918ms
[2026-03-21 19:45:34.243 DBG] Midi :: Time to save 16.3397ms
[2026-03-21 19:45:34.257 DBG] OBS Settings :: Time to save 13.4622ms
[2026-03-21 19:45:34.272 DBG] MeldStudio Settings :: Time to save 15.0375ms
[2026-03-21 19:45:34.284 DBG] Credits :: Time to save 11.9878ms
[2026-03-21 19:45:34.298 DBG] Quotes :: Time to save 14.0423ms
[2026-03-21 19:45:34.383 DBG] Config :: Time to save 19.6512ms
[2026-03-21 19:45:36.858 DBG] ViewerRepo :: UpdatePresence(twitch, 5), 0.0357ms
[2026-03-21 19:45:36.912 DBG] TwitchService :: Presence Timer :: Artificially updated presence with a threshold of 5 minutes (53.9905ms)
[2026-03-21 19:46:36.865 DBG] ViewerRepo :: UpdatePresence(twitch, 5), 0.0387ms
[2026-03-21 19:46:36.916 DBG] TwitchService :: Presence Timer :: Artificially updated presence with a threshold of 5 minutes (51.6794ms)
[2026-03-21 19:47:36.866 DBG] ViewerRepo :: UpdatePresence(twitch, 5), 0.0389ms
[2026-03-21 19:47:36.924 DBG] TwitchService :: Presence Timer :: Artificially updated presence with a threshold of 5 minutes (57.9557ms)
[2026-03-21 19:48:36.868 DBG] ViewerRepo :: UpdatePresence(twitch, 5), 0.0367ms
[2026-03-21 19:48:36.921 DBG] TwitchService :: Presence Timer :: Artificially updated presence with a threshold of 5 minutes (53.9058ms)
[2026-03-21 19:49:16.265 DBG] Credits :: Time to save 16.2009ms
[2026-03-21 19:49:36.883 DBG] ViewerRepo :: UpdatePresence(twitch, 5), 0.0341ms
[2026-03-21 19:49:36.943 DBG] TwitchService :: Presence Timer :: Artificially updated presence with a threshold of 5 minutes (60.092ms)
[2026-03-21 19:50:34.374 DBG] AutoSave :: Auto saving settings...
[2026-03-21 19:50:34.388 DBG] Users :: Time to save 14.1077ms
[2026-03-21 19:50:34.415 DBG] Actions :: Time to save 25.9989ms
[2026-03-21 19:50:34.432 DBG] Commands :: Time to save 18.2187ms
[2026-03-21 19:50:34.450 DBG] Twitch Rewards :: Time to save 18.2795ms
[2026-03-21 19:50:34.467 DBG] Midi :: Time to save 15.9731ms
[2026-03-21 19:50:34.484 DBG] OBS Settings :: Time to save 17.3786ms
[2026-03-21 19:50:34.500 DBG] MeldStudio Settings :: Time to save 15.7336ms
[2026-03-21 19:50:34.516 DBG] Credits :: Time to save 16.2346ms
[2026-03-21 19:50:34.534 DBG] Quotes :: Time to save 17.8593ms
[2026-03-21 19:50:34.599 DBG] Config :: Time to save 20.8548ms
[2026-03-21 19:50:36.888 DBG] ViewerRepo :: UpdatePresence(twitch, 5), 0.0394ms
[2026-03-21 19:50:36.942 DBG] TwitchService :: Presence Timer :: Artificially updated presence with a threshold of 5 minutes (54.8943ms)
[2026-03-21 19:50:43.953 DBG] ActionDispatcher :: Queueing 'Sub Goal' (361aa588-5f31-4e19-b8a5-099cae52479d, TimedAction) to 'Default' (00000000-0000-0000-0000-000000000000), with 11 arguments
[2026-03-21 19:50:43.953 DBG] ActionQueue :: 'Default' (00000000-0000-0000-0000-000000000000) :: Enqueue action 361aa588-5f31-4e19-b8a5-099cae52479d
[2026-03-21 19:50:43.953 DBG] ActionQueue :: 'Default' (00000000-0000-0000-0000-000000000000) :: Handling queue
[2026-03-21 19:50:43.953 DBG] ActionQueue :: 'Default' (00000000-0000-0000-0000-000000000000) :: Performing non-blocking 'Sub Goal' (361aa588-5f31-4e19-b8a5-099cae52479d, 1c7a2d5e-b2e4-4e42-a592-f6cc4692b288)
[2026-03-21 19:51:36.892 DBG] ViewerRepo :: UpdatePresence(twitch, 5), 0.0448ms
[2026-03-21 19:51:36.945 DBG] TwitchService :: Presence Timer :: Artificially updated presence with a threshold of 5 minutes (53.6447ms)
[2026-03-21 19:52:36.896 DBG] ViewerRepo :: UpdatePresence(twitch, 5), 0.0371ms
[2026-03-21 19:52:36.951 DBG] TwitchService :: Presence Timer :: Artificially updated presence with a threshold of 5 minutes (55.3376ms)
[2026-03-21 19:53:36.897 DBG] ViewerRepo :: UpdatePresence(twitch, 5), 0.0359ms
[2026-03-21 19:53:36.953 DBG] TwitchService :: Presence Timer :: Artificially updated presence with a threshold of 5 minutes (56.7524ms)
[2026-03-21 19:54:16.267 DBG] Credits :: Time to save 16.1313ms
[2026-03-21 19:54:36.899 DBG] ViewerRepo :: UpdatePresence(twitch, 5), 0.0404ms
[2026-03-21 19:54:36.953 DBG] TwitchService :: Presence Timer :: Artificially updated presence with a threshold of 5 minutes (54.0923ms)
[2026-03-21 19:55:34.633 DBG] AutoSave :: Auto saving settings...
[2026-03-21 19:55:34.651 DBG] Users :: Time to save 18.0249ms
[2026-03-21 19:55:34.674 DBG] Actions :: Time to save 23.3003ms
[2026-03-21 19:55:34.691 DBG] Commands :: Time to save 16.6894ms
[2026-03-21 19:55:34.708 DBG] Twitch Rewards :: Time to save 16.6745ms
[2026-03-21 19:55:34.722 DBG] Midi :: Time to save 14.276ms
[2026-03-21 19:55:34.738 DBG] OBS Settings :: Time to save 15.5924ms
[2026-03-21 19:55:34.752 DBG] MeldStudio Settings :: Time to save 14.9808ms
[2026-03-21 19:55:34.766 DBG] Credits :: Time to save 13.8137ms
[2026-03-21 19:55:34.783 DBG] Quotes :: Time to save 15.8011ms
[2026-03-21 19:55:34.855 DBG] Config :: Time to save 19.2343ms
[2026-03-21 19:55:36.908 DBG] ViewerRepo :: UpdatePresence(twitch, 5), 0.0392ms
[2026-03-21 19:55:36.962 DBG] TwitchService :: Presence Timer :: Artificially updated presence with a threshold of 5 minutes (54.965ms)
[2026-03-21 19:56:36.921 DBG] ViewerRepo :: UpdatePresence(twitch, 5), 0.0364ms
[2026-03-21 19:56:36.972 DBG] TwitchService :: Presence Timer :: Artificially updated presence with a threshold of 5 minutes (51.2581ms)
[2026-03-21 19:57:36.936 DBG] ViewerRepo :: UpdatePresence(twitch, 5), 0.0382ms
[2026-03-21 19:57:36.989 DBG] TwitchService :: Presence Timer :: Artificially updated presence with a threshold of 5 minutes (53.2331ms)
[2026-03-21 19:58:36.938 DBG] ViewerRepo :: UpdatePresence(twitch, 5), 0.0375ms
[2026-03-21 19:58:36.992 DBG] TwitchService :: Presence Timer :: Artificially updated presence with a threshold of 5 minutes (54.5319ms)
[2026-03-21 19:59:16.276 DBG] Credits :: Time to save 15.4112ms
[2026-03-21 19:59:36.939 DBG] ViewerRepo :: UpdatePresence(twitch, 5), 0.0415ms
[2026-03-21 19:59:36.999 DBG] TwitchService :: Presence Timer :: Artificially updated presence with a threshold of 5 minutes (60.0797ms)
[2026-03-21 20:00:34.873 DBG] AutoSave :: Auto saving settings...
[2026-03-21 20:00:34.892 DBG] Users :: Time to save 19.4665ms
[2026-03-21 20:00:34.910 DBG] Actions :: Time to save 18.2188ms
[2026-03-21 20:00:34.928 DBG] Commands :: Time to save 17.4691ms
[2026-03-21 20:00:34.945 DBG] Twitch Rewards :: Time to save 16.9058ms
[2026-03-21 20:00:34.960 DBG] Midi :: Time to save 14.5644ms
[2026-03-21 20:00:34.975 DBG] OBS Settings :: Time to save 15.7914ms
[2026-03-21 20:00:34.990 DBG] MeldStudio Settings :: Time to save 14.7563ms
[2026-03-21 20:00:35.004 DBG] Credits :: Time to save 14.0603ms
[2026-03-21 20:00:35.016 DBG] Quotes :: Time to save 12.6894ms
[2026-03-21 20:00:35.086 DBG] Config :: Time to save 12.6351ms
[2026-03-21 20:00:36.951 DBG] ViewerRepo :: UpdatePresence(twitch, 5), 0.0374ms
[2026-03-21 20:00:37.006 DBG] TwitchService :: Presence Timer :: Artificially updated presence with a threshold of 5 minutes (55.5752ms)
[2026-03-21 20:00:44.465 DBG] ActionDispatcher :: Queueing 'Sub Goal' (361aa588-5f31-4e19-b8a5-099cae52479d, TimedAction) to 'Default' (00000000-0000-0000-0000-000000000000), with 11 arguments
[2026-03-21 20:00:44.465 DBG] ActionQueue :: 'Default' (00000000-0000-0000-0000-000000000000) :: Enqueue action 361aa588-5f31-4e19-b8a5-099cae52479d
[2026-03-21 20:00:44.465 DBG] ActionQueue :: 'Default' (00000000-0000-0000-0000-000000000000) :: Handling queue
[2026-03-21 20:00:44.465 DBG] ActionQueue :: 'Default' (00000000-0000-0000-0000-000000000000) :: Performing non-blocking 'Sub Goal' (361aa588-5f31-4e19-b8a5-099cae52479d, cf3fc319-b8e1-4efb-b3cd-5a71750ca6f0)
[2026-03-21 20:01:36.960 DBG] ViewerRepo :: UpdatePresence(twitch, 5), 0.0368ms
[2026-03-21 20:01:37.018 DBG] TwitchService :: Presence Timer :: Artificially updated presence with a threshold of 5 minutes (58.0216ms)
[2026-03-21 20:02:36.965 DBG] ViewerRepo :: UpdatePresence(twitch, 5), 0.0363ms
[2026-03-21 20:02:37.018 DBG] TwitchService :: Presence Timer :: Artificially updated presence with a threshold of 5 minutes (53.5619ms)
[2026-03-21 20:03:36.965 DBG] ViewerRepo :: UpdatePresence(twitch, 5), 0.0385ms
[2026-03-21 20:03:37.019 DBG] TwitchService :: Presence Timer :: Artificially updated presence with a threshold of 5 minutes (54.2197ms)
[2026-03-21 20:04:16.285 DBG] Credits :: Time to save 20.1812ms
[2026-03-21 20:04:36.974 DBG] ViewerRepo :: UpdatePresence(twitch, 5), 0.0367ms
[2026-03-21 20:04:37.035 DBG] TwitchService :: Presence Timer :: Artificially updated presence with a threshold of 5 minutes (61.3963ms)
[2026-03-21 20:05:35.101 DBG] AutoSave :: Auto saving settings...
[2026-03-21 20:05:35.121 DBG] Users :: Time to save 19.9753ms
[2026-03-21 20:05:35.150 DBG] Actions :: Time to save 28.7853ms
[2026-03-21 20:05:35.170 DBG] Commands :: Time to save 19.6298ms
[2026-03-21 20:05:35.189 DBG] Twitch Rewards :: Time to save 19.0911ms
[2026-03-21 20:05:35.206 DBG] Midi :: Time to save 17.754ms
[2026-03-21 20:05:35.219 DBG] OBS Settings :: Time to save 12.7361ms
[2026-03-21 20:05:35.235 DBG] MeldStudio Settings :: Time to save 15.6221ms
[2026-03-21 20:05:35.251 DBG] Credits :: Time to save 16.3092ms
[2026-03-21 20:05:35.271 DBG] Quotes :: Time to save 19.0956ms
[2026-03-21 20:05:35.326 DBG] Config :: Time to save 22.9555ms
[2026-03-21 20:05:36.979 DBG] ViewerRepo :: UpdatePresence(twitch, 5), 0.0357ms
[2026-03-21 20:05:37.033 DBG] TwitchService :: Presence Timer :: Artificially updated presence with a threshold of 5 minutes (53.9833ms)
[2026-03-21 20:06:36.984 DBG] ViewerRepo :: UpdatePresence(twitch, 5), 0.0493ms
[2026-03-21 20:06:37.040 DBG] TwitchService :: Presence Timer :: Artificially updated presence with a threshold of 5 minutes (56.5352ms)
[2026-03-21 20:07:36.999 DBG] ViewerRepo :: UpdatePresence(twitch, 5), 0.0408ms
[2026-03-21 20:07:37.056 DBG] TwitchService :: Presence Timer :: Artificially updated presence with a threshold of 5 minutes (58.0663ms)
[2026-03-21 20:08:37.008 DBG] ViewerRepo :: UpdatePresence(twitch, 5), 0.0348ms
[2026-03-21 20:08:37.065 DBG] TwitchService :: Presence Timer :: Artificially updated presence with a threshold of 5 minutes (57.2022ms)
[2026-03-21 20:09:16.282 DBG] Credits :: Time to save 16.4499ms
[2026-03-21 20:09:37.015 DBG] ViewerRepo :: UpdatePresence(twitch, 5), 0.0366ms
[2026-03-21 20:09:37.072 DBG] TwitchService :: Presence Timer :: Artificially updated presence with a threshold of 5 minutes (57.6907ms)
[2026-03-21 20:10:35.328 DBG] AutoSave :: Auto saving settings...
[2026-03-21 20:10:35.346 DBG] Users :: Time to save 19.1737ms
[2026-03-21 20:10:35.373 DBG] Actions :: Time to save 25.5441ms
[2026-03-21 20:10:35.386 DBG] Commands :: Time to save 13.2523ms
[2026-03-21 20:10:35.405 DBG] Twitch Rewards :: Time to save 18.9344ms
[2026-03-21 20:10:35.421 DBG] Midi :: Time to save 16.1984ms
[2026-03-21 20:10:35.438 DBG] OBS Settings :: Time to save 16.8338ms
[2026-03-21 20:10:35.455 DBG] MeldStudio Settings :: Time to save 17.1851ms
[2026-03-21 20:10:35.472 DBG] Credits :: Time to save 16.224ms
[2026-03-21 20:10:35.492 DBG] Quotes :: Time to save 19.9701ms
[2026-03-21 20:10:35.554 DBG] Config :: Time to save 20.5519ms
[2026-03-21 20:10:37.026 DBG] ViewerRepo :: UpdatePresence(twitch, 5), 0.0381ms
[2026-03-21 20:10:37.078 DBG] TwitchService :: Presence Timer :: Artificially updated presence with a threshold of 5 minutes (52.8091ms)
[2026-03-21 20:10:44.984 DBG] ActionDispatcher :: Queueing 'Sub Goal' (361aa588-5f31-4e19-b8a5-099cae52479d, TimedAction) to 'Default' (00000000-0000-0000-0000-000000000000), with 11 arguments
[2026-03-21 20:10:44.984 DBG] ActionQueue :: 'Default' (00000000-0000-0000-0000-000000000000) :: Enqueue action 361aa588-5f31-4e19-b8a5-099cae52479d
[2026-03-21 20:10:44.984 DBG] ActionQueue :: 'Default' (00000000-0000-0000-0000-000000000000) :: Handling queue
[2026-03-21 20:10:44.984 DBG] ActionQueue :: 'Default' (00000000-0000-0000-0000-000000000000) :: Performing non-blocking 'Sub Goal' (361aa588-5f31-4e19-b8a5-099cae52479d, 5e584fd1-b237-4498-bc4a-6e7311b6ae88)
[2026-03-21 20:11:37.030 DBG] ViewerRepo :: UpdatePresence(twitch, 5), 0.0479ms
[2026-03-21 20:11:37.082 DBG] TwitchService :: Presence Timer :: Artificially updated presence with a threshold of 5 minutes (51.925ms)
[2026-03-21 20:12:37.043 DBG] ViewerRepo :: UpdatePresence(twitch, 5), 0.0391ms
[2026-03-21 20:12:37.101 DBG] TwitchService :: Presence Timer :: Artificially updated presence with a threshold of 5 minutes (58.4451ms)
[2026-03-21 20:13:37.049 DBG] ViewerRepo :: UpdatePresence(twitch, 5), 0.0354ms
[2026-03-21 20:13:37.106 DBG] TwitchService :: Presence Timer :: Artificially updated presence with a threshold of 5 minutes (56.5493ms)
[2026-03-21 20:14:16.298 DBG] Credits :: Time to save 18.2687ms
[2026-03-21 20:14:37.051 DBG] ViewerRepo :: UpdatePresence(twitch, 5), 0.0492ms
[2026-03-21 20:14:37.110 DBG] TwitchService :: Presence Timer :: Artificially updated presence with a threshold of 5 minutes (58.8674ms)
[2026-03-21 20:15:35.573 DBG] AutoSave :: Auto saving settings...
[2026-03-21 20:15:35.595 DBG] Users :: Time to save 22.0652ms
[2026-03-21 20:15:35.618 DBG] Actions :: Time to save 23.4926ms
[2026-03-21 20:15:35.635 DBG] Commands :: Time to save 17.0713ms
[2026-03-21 20:15:35.654 DBG] Twitch Rewards :: Time to save 18.2845ms
[2026-03-21 20:15:35.669 DBG] Midi :: Time to save 15.1812ms
[2026-03-21 20:15:35.683 DBG] OBS Settings :: Time to save 14.1176ms
[2026-03-21 20:15:35.696 DBG] MeldStudio Settings :: Time to save 13.7862ms
[2026-03-21 20:15:35.710 DBG] Credits :: Time to save 12.7315ms
[2026-03-21 20:15:35.726 DBG] Quotes :: Time to save 16.6059ms
[2026-03-21 20:15:35.794 DBG] Config :: Time to save 17.905ms
[2026-03-21 20:15:37.059 DBG] ViewerRepo :: UpdatePresence(twitch, 5), 0.0356ms
[2026-03-21 20:15:37.116 DBG] TwitchService :: Presence Timer :: Artificially updated presence with a threshold of 5 minutes (57.3114ms)
[2026-03-21 20:16:37.073 DBG] ViewerRepo :: UpdatePresence(twitch, 5), 0.0393ms
[2026-03-21 20:16:37.131 DBG] TwitchService :: Presence Timer :: Artificially updated presence with a threshold of 5 minutes (58.1041ms)
[2026-03-21 20:17:37.080 DBG] ViewerRepo :: UpdatePresence(twitch, 5), 0.0376ms
[2026-03-21 20:17:37.146 DBG] TwitchService :: Presence Timer :: Artificially updated presence with a threshold of 5 minutes (67.2735ms)
[2026-03-21 20:18:37.083 DBG] ViewerRepo :: UpdatePresence(twitch, 5), 0.0362ms
[2026-03-21 20:18:37.139 DBG] TwitchService :: Presence Timer :: Artificially updated presence with a threshold of 5 minutes (55.761ms)
[2026-03-21 20:19:16.304 DBG] Credits :: Time to save 13.8632ms
[2026-03-21 20:19:37.094 DBG] ViewerRepo :: UpdatePresence(twitch, 5), 0.0355ms
[2026-03-21 20:19:37.149 DBG] TwitchService :: Presence Timer :: Artificially updated presence with a threshold of 5 minutes (55.5766ms)
[2026-03-21 20:20:35.809 DBG] AutoSave :: Auto saving settings...
[2026-03-21 20:20:35.828 DBG] Users :: Time to save 19.3218ms
[2026-03-21 20:20:35.853 DBG] Actions :: Time to save 24.6892ms
[2026-03-21 20:20:35.872 DBG] Commands :: Time to save 18.9172ms
[2026-03-21 20:20:35.892 DBG] Twitch Rewards :: Time to save 19.6512ms
[2026-03-21 20:20:35.907 DBG] Midi :: Time to save 15.5009ms
[2026-03-21 20:20:35.924 DBG] OBS Settings :: Time to save 16.5882ms
[2026-03-21 20:20:35.939 DBG] MeldStudio Settings :: Time to save 15.5918ms
[2026-03-21 20:20:35.956 DBG] Credits :: Time to save 15.9011ms
[2026-03-21 20:20:35.974 DBG] Quotes :: Time to save 18.411ms
[2026-03-21 20:20:36.030 DBG] Config :: Time to save 20.0259ms
[2026-03-21 20:20:37.107 DBG] ViewerRepo :: UpdatePresence(twitch, 5), 0.0619ms
[2026-03-21 20:20:37.665 DBG] TwitchService :: Presence Timer :: Artificially updated presence with a threshold of 5 minutes (557.9716ms)
[2026-03-21 20:20:45.656 DBG] ActionDispatcher :: Queueing 'Sub Goal' (361aa588-5f31-4e19-b8a5-099cae52479d, TimedAction) to 'Default' (00000000-0000-0000-0000-000000000000), with 11 arguments
[2026-03-21 20:20:45.656 DBG] ActionQueue :: 'Default' (00000000-0000-0000-0000-000000000000) :: Enqueue action 361aa588-5f31-4e19-b8a5-099cae52479d
[2026-03-21 20:20:45.656 DBG] ActionQueue :: 'Default' (00000000-0000-0000-0000-000000000000) :: Handling queue
[2026-03-21 20:20:45.656 DBG] ActionQueue :: 'Default' (00000000-0000-0000-0000-000000000000) :: Performing non-blocking 'Sub Goal' (361aa588-5f31-4e19-b8a5-099cae52479d, 55926895-dfed-4aba-96ff-15adecee5bdd)
[2026-03-21 20:21:37.114 DBG] ViewerRepo :: UpdatePresence(twitch, 5), 0.0398ms
[2026-03-21 20:21:37.171 DBG] TwitchService :: Presence Timer :: Artificially updated presence with a threshold of 5 minutes (56.8207ms)
[2026-03-21 20:22:37.118 DBG] ViewerRepo :: UpdatePresence(twitch, 5), 0.0358ms
[2026-03-21 20:22:37.169 DBG] TwitchService :: Presence Timer :: Artificially updated presence with a threshold of 5 minutes (50.8889ms)
[2026-03-21 20:23:37.129 DBG] ViewerRepo :: UpdatePresence(twitch, 5), 0.0355ms
[2026-03-21 20:23:37.185 DBG] TwitchService :: Presence Timer :: Artificially updated presence with a threshold of 5 minutes (56.561ms)
[2026-03-21 20:24:16.318 DBG] Credits :: Time to save 17.1064ms
[2026-03-21 20:24:37.131 DBG] ViewerRepo :: UpdatePresence(twitch, 5), 0.0352ms
[2026-03-21 20:24:37.188 DBG] TwitchService :: Presence Timer :: Artificially updated presence with a threshold of 5 minutes (57.3434ms)
[2026-03-21 20:25:36.051 DBG] AutoSave :: Auto saving settings...
[2026-03-21 20:25:36.071 DBG] Users :: Time to save 20.8617ms
[2026-03-21 20:25:36.099 DBG] Actions :: Time to save 27.1763ms
[2026-03-21 20:25:36.117 DBG] Commands :: Time to save 18.7787ms
[2026-03-21 20:25:36.134 DBG] Twitch Rewards :: Time to save 16.8073ms
[2026-03-21 20:25:36.151 DBG] Midi :: Time to save 16.6834ms
[2026-03-21 20:25:36.166 DBG] OBS Settings :: Time to save 15.5688ms
[2026-03-21 20:25:36.183 DBG] MeldStudio Settings :: Time to save 16.0932ms
[2026-03-21 20:25:36.198 DBG] Credits :: Time to save 15.0701ms
[2026-03-21 20:25:36.214 DBG] Quotes :: Time to save 15.8408ms
[2026-03-21 20:25:36.271 DBG] Config :: Time to save 18.1854ms
[2026-03-21 20:25:37.143 DBG] ViewerRepo :: UpdatePresence(twitch, 5), 0.0353ms
[2026-03-21 20:25:37.195 DBG] TwitchService :: Presence Timer :: Artificially updated presence with a threshold of 5 minutes (52.6479ms)
[2026-03-21 20:26:37.151 DBG] ViewerRepo :: UpdatePresence(twitch, 5), 0.0346ms
[2026-03-21 20:26:37.207 DBG] TwitchService :: Presence Timer :: Artificially updated presence with a threshold of 5 minutes (56.76ms)
[2026-03-21 20:27:37.166 DBG] ViewerRepo :: UpdatePresence(twitch, 5), 0.0356ms
[2026-03-21 20:27:37.222 DBG] TwitchService :: Presence Timer :: Artificially updated presence with a threshold of 5 minutes (56.7357ms)
[2026-03-21 20:28:37.177 DBG] ViewerRepo :: UpdatePresence(twitch, 5), 0.0372ms
[2026-03-21 20:28:37.230 DBG] TwitchService :: Presence Timer :: Artificially updated presence with a threshold of 5 minutes (52.9934ms)
[2026-03-21 20:29:16.322 DBG] Credits :: Time to save 14.692ms
[2026-03-21 20:29:37.186 DBG] ViewerRepo :: UpdatePresence(twitch, 5), 0.0552ms
[2026-03-21 20:29:37.239 DBG] TwitchService :: Presence Timer :: Artificially updated presence with a threshold of 5 minutes (53.4226ms)
[2026-03-21 20:30:36.330 DBG] AutoSave :: Auto saving settings...
[2026-03-21 20:30:36.348 DBG] Users :: Time to save 17.8939ms
[2026-03-21 20:30:36.371 DBG] Actions :: Time to save 23.2182ms
[2026-03-21 20:30:36.388 DBG] Commands :: Time to save 16.8045ms
[2026-03-21 20:30:36.404 DBG] Twitch Rewards :: Time to save 16.5061ms
[2026-03-21 20:30:36.419 DBG] Midi :: Time to save 14.4962ms
[2026-03-21 20:30:36.433 DBG] OBS Settings :: Time to save 13.7493ms
[2026-03-21 20:30:36.447 DBG] MeldStudio Settings :: Time to save 14.5263ms
[2026-03-21 20:30:36.463 DBG] Credits :: Time to save 15.976ms
[2026-03-21 20:30:36.480 DBG] Quotes :: Time to save 17.2644ms
[2026-03-21 20:30:36.553 DBG] Config :: Time to save 19.0762ms
[2026-03-21 20:30:37.198 DBG] ViewerRepo :: UpdatePresence(twitch, 5), 0.0354ms
[2026-03-21 20:30:37.252 DBG] TwitchService :: Presence Timer :: Artificially updated presence with a threshold of 5 minutes (54.5016ms)
[2026-03-21 20:30:46.388 DBG] ActionDispatcher :: Queueing 'Sub Goal' (361aa588-5f31-4e19-b8a5-099cae52479d, TimedAction) to 'Default' (00000000-0000-0000-0000-000000000000), with 11 arguments
[2026-03-21 20:30:46.388 DBG] ActionQueue :: 'Default' (00000000-0000-0000-0000-000000000000) :: Enqueue action 361aa588-5f31-4e19-b8a5-099cae52479d
[2026-03-21 20:30:46.388 DBG] ActionQueue :: 'Default' (00000000-0000-0000-0000-000000000000) :: Handling queue
[2026-03-21 20:30:46.388 DBG] ActionQueue :: 'Default' (00000000-0000-0000-0000-000000000000) :: Performing non-blocking 'Sub Goal' (361aa588-5f31-4e19-b8a5-099cae52479d, 8b0fade4-2f3d-4f97-b4fc-b15693039d4c)
[2026-03-21 20:31:37.206 DBG] ViewerRepo :: UpdatePresence(twitch, 5), 0.0375ms
[2026-03-21 20:31:37.259 DBG] TwitchService :: Presence Timer :: Artificially updated presence with a threshold of 5 minutes (54.4469ms)
[2026-03-21 20:32:37.226 DBG] ViewerRepo :: UpdatePresence(twitch, 5), 0.0359ms
[2026-03-21 20:32:37.281 DBG] TwitchService :: Presence Timer :: Artificially updated presence with a threshold of 5 minutes (55.0203ms)
[2026-03-21 20:33:37.237 DBG] ViewerRepo :: UpdatePresence(twitch, 5), 0.0379ms
[2026-03-21 20:33:37.299 DBG] TwitchService :: Presence Timer :: Artificially updated presence with a threshold of 5 minutes (62.5608ms)
[2026-03-21 20:34:16.330 DBG] Credits :: Time to save 18.3781ms
[2026-03-21 20:34:37.253 DBG] ViewerRepo :: UpdatePresence(twitch, 5), 0.036ms
[2026-03-21 20:34:37.307 DBG] TwitchService :: Presence Timer :: Artificially updated presence with a threshold of 5 minutes (54.4817ms)
[2026-03-21 20:35:36.563 DBG] AutoSave :: Auto saving settings...
[2026-03-21 20:35:36.582 DBG] Users :: Time to save 19.612ms
[2026-03-21 20:35:36.609 DBG] Actions :: Time to save 25.6697ms
[2026-03-21 20:35:36.626 DBG] Commands :: Time to save 17.8141ms
[2026-03-21 20:35:36.644 DBG] Twitch Rewards :: Time to save 16.9389ms
[2026-03-21 20:35:36.659 DBG] Midi :: Time to save 15.0295ms
[2026-03-21 20:35:36.674 DBG] OBS Settings :: Time to save 15.5119ms
[2026-03-21 20:35:36.688 DBG] MeldStudio Settings :: Time to save 13.8901ms
[2026-03-21 20:35:36.701 DBG] Credits :: Time to save 13.8526ms
[2026-03-21 20:35:36.718 DBG] Quotes :: Time to save 15.9302ms
[2026-03-21 20:35:36.786 DBG] Config :: Time to save 18.6894ms
[2026-03-21 20:35:37.267 DBG] ViewerRepo :: UpdatePresence(twitch, 5), 0.036ms
[2026-03-21 20:35:37.320 DBG] TwitchService :: Presence Timer :: Artificially updated presence with a threshold of 5 minutes (52.6173ms)
[2026-03-21 20:36:37.291 DBG] ViewerRepo :: UpdatePresence(twitch, 5), 0.0439ms
[2026-03-21 20:36:37.352 DBG] TwitchService :: Presence Timer :: Artificially updated presence with a threshold of 5 minutes (60.5171ms)
[2026-03-21 20:37:37.299 DBG] ViewerRepo :: UpdatePresence(twitch, 5), 0.0357ms
[2026-03-21 20:37:37.376 DBG] TwitchService :: Presence Timer :: Artificially updated presence with a threshold of 5 minutes (78.0613ms)
[2026-03-21 20:38:37.308 DBG] ViewerRepo :: UpdatePresence(twitch, 5), 0.1853ms
[2026-03-21 20:38:37.366 DBG] TwitchService :: Presence Timer :: Artificially updated presence with a threshold of 5 minutes (57.8141ms)
[2026-03-21 20:39:16.336 DBG] Credits :: Time to save 16.1205ms
[2026-03-21 20:39:37.318 DBG] ViewerRepo :: UpdatePresence(twitch, 5), 0.0369ms
[2026-03-21 20:39:37.372 DBG] TwitchService :: Presence Timer :: Artificially updated presence with a threshold of 5 minutes (54.061ms)
[2026-03-21 20:40:36.808 DBG] AutoSave :: Auto saving settings...
[2026-03-21 20:40:36.828 DBG] Users :: Time to save 21.045ms
[2026-03-21 20:40:36.852 DBG] Actions :: Time to save 23.8852ms
[2026-03-21 20:40:36.869 DBG] Commands :: Time to save 16.5925ms
[2026-03-21 20:40:36.886 DBG] Twitch Rewards :: Time to save 17.2227ms
[2026-03-21 20:40:36.901 DBG] Midi :: Time to save 14.3481ms
[2026-03-21 20:40:36.917 DBG] OBS Settings :: Time to save 16.3846ms
[2026-03-21 20:40:36.933 DBG] MeldStudio Settings :: Time to save 15.6335ms
[2026-03-21 20:40:36.947 DBG] Credits :: Time to save 15.2586ms
[2026-03-21 20:40:36.965 DBG] Quotes :: Time to save 17.4107ms
[2026-03-21 20:40:37.044 DBG] Config :: Time to save 19.5167ms
[2026-03-21 20:40:37.320 DBG] ViewerRepo :: UpdatePresence(twitch, 5), 0.0351ms
[2026-03-21 20:40:37.378 DBG] TwitchService :: Presence Timer :: Artificially updated presence with a threshold of 5 minutes (59.0405ms)
[2026-03-21 20:40:46.873 DBG] ActionDispatcher :: Queueing 'Sub Goal' (361aa588-5f31-4e19-b8a5-099cae52479d, TimedAction) to 'Default' (00000000-0000-0000-0000-000000000000), with 11 arguments
[2026-03-21 20:40:46.873 DBG] ActionQueue :: 'Default' (00000000-0000-0000-0000-000000000000) :: Enqueue action 361aa588-5f31-4e19-b8a5-099cae52479d
[2026-03-21 20:40:46.873 DBG] ActionQueue :: 'Default' (00000000-0000-0000-0000-000000000000) :: Handling queue
[2026-03-21 20:40:46.873 DBG] ActionQueue :: 'Default' (00000000-0000-0000-0000-000000000000) :: Performing non-blocking 'Sub Goal' (361aa588-5f31-4e19-b8a5-099cae52479d, 51436cb7-fd86-4176-b1ec-629d95dad4dc)
[2026-03-21 20:41:37.331 DBG] ViewerRepo :: UpdatePresence(twitch, 5), 0.0387ms
[2026-03-21 20:41:37.386 DBG] TwitchService :: Presence Timer :: Artificially updated presence with a threshold of 5 minutes (55.0351ms)
[2026-03-21 20:42:37.344 DBG] ViewerRepo :: UpdatePresence(twitch, 5), 0.0394ms
[2026-03-21 20:42:37.405 DBG] TwitchService :: Presence Timer :: Artificially updated presence with a threshold of 5 minutes (60.522ms)
[2026-03-21 20:43:37.354 DBG] ViewerRepo :: UpdatePresence(twitch, 5), 0.041ms
[2026-03-21 20:43:37.410 DBG] TwitchService :: Presence Timer :: Artificially updated presence with a threshold of 5 minutes (55.5656ms)
[2026-03-21 20:44:16.354 DBG] Credits :: Time to save 19.2978ms
[2026-03-21 20:44:37.368 DBG] ViewerRepo :: UpdatePresence(twitch, 5), 0.0358ms
[2026-03-21 20:44:37.427 DBG] TwitchService :: Presence Timer :: Artificially updated presence with a threshold of 5 minutes (59.2664ms)
[2026-03-21 20:45:37.064 DBG] AutoSave :: Auto saving settings...
[2026-03-21 20:45:37.082 DBG] Users :: Time to save 17.7486ms
[2026-03-21 20:45:37.106 DBG] Actions :: Time to save 23.8074ms
[2026-03-21 20:45:37.123 DBG] Commands :: Time to save 17.0288ms
[2026-03-21 20:45:37.140 DBG] Twitch Rewards :: Time to save 17.1186ms
[2026-03-21 20:45:37.154 DBG] Midi :: Time to save 14.2421ms
[2026-03-21 20:45:37.169 DBG] OBS Settings :: Time to save 14.9841ms
[2026-03-21 20:45:37.184 DBG] MeldStudio Settings :: Time to save 14.6181ms
[2026-03-21 20:45:37.198 DBG] Credits :: Time to save 14.5398ms
[2026-03-21 20:45:37.213 DBG] Quotes :: Time to save 14.1466ms
[2026-03-21 20:45:37.287 DBG] Config :: Time to save 18.4304ms
[2026-03-21 20:45:37.378 DBG] ViewerRepo :: UpdatePresence(twitch, 5), 0.0436ms
[2026-03-21 20:45:37.436 DBG] TwitchService :: Presence Timer :: Artificially updated presence with a threshold of 5 minutes (59.1653ms)
[2026-03-21 20:46:37.387 DBG] ViewerRepo :: UpdatePresence(twitch, 5), 0.0359ms
[2026-03-21 20:46:37.444 DBG] TwitchService :: Presence Timer :: Artificially updated presence with a threshold of 5 minutes (56.4457ms)
[2026-03-21 20:47:37.396 DBG] ViewerRepo :: UpdatePresence(twitch, 5), 0.0602ms
[2026-03-21 20:47:37.449 DBG] TwitchService :: Presence Timer :: Artificially updated presence with a threshold of 5 minutes (54.2497ms)
[2026-03-21 20:48:37.411 DBG] ViewerRepo :: UpdatePresence(twitch, 5), 0.0365ms
[2026-03-21 20:48:37.467 DBG] TwitchService :: Presence Timer :: Artificially updated presence with a threshold of 5 minutes (56.5646ms)
[2026-03-21 20:49:16.358 DBG] Credits :: Time to save 17.2079ms
[2026-03-21 20:49:37.417 DBG] ViewerRepo :: UpdatePresence(twitch, 5), 0.0383ms
[2026-03-21 20:49:37.479 DBG] TwitchService :: Presence Timer :: Artificially updated presence with a threshold of 5 minutes (62.9736ms)
[2026-03-21 20:50:37.327 DBG] AutoSave :: Auto saving settings...
[2026-03-21 20:50:37.346 DBG] Users :: Time to save 19.1873ms
[2026-03-21 20:50:37.369 DBG] Actions :: Time to save 23.0051ms
[2026-03-21 20:50:37.386 DBG] Commands :: Time to save 16.7517ms
[2026-03-21 20:50:37.403 DBG] Twitch Rewards :: Time to save 16.3816ms
[2026-03-21 20:50:37.417 DBG] Midi :: Time to save 14.442ms
[2026-03-21 20:50:37.421 DBG] ViewerRepo :: UpdatePresence(twitch, 5), 0.0359ms
[2026-03-21 20:50:37.432 DBG] OBS Settings :: Time to save 14.3231ms
[2026-03-21 20:50:37.445 DBG] MeldStudio Settings :: Time to save 13.5832ms
[2026-03-21 20:50:37.459 DBG] Credits :: Time to save 14.5061ms
[2026-03-21 20:50:37.475 DBG] TwitchService :: Presence Timer :: Artificially updated presence with a threshold of 5 minutes (54.9627ms)
[2026-03-21 20:50:37.475 DBG] Quotes :: Time to save 16.2922ms
[2026-03-21 20:50:37.563 DBG] Config :: Time to save 19.7577ms
[2026-03-21 20:50:47.712 DBG] ActionDispatcher :: Queueing 'Sub Goal' (361aa588-5f31-4e19-b8a5-099cae52479d, TimedAction) to 'Default' (00000000-0000-0000-0000-000000000000), with 11 arguments
[2026-03-21 20:50:47.712 DBG] ActionQueue :: 'Default' (00000000-0000-0000-0000-000000000000) :: Enqueue action 361aa588-5f31-4e19-b8a5-099cae52479d
[2026-03-21 20:50:47.712 DBG] ActionQueue :: 'Default' (00000000-0000-0000-0000-000000000000) :: Handling queue
[2026-03-21 20:50:47.712 DBG] ActionQueue :: 'Default' (00000000-0000-0000-0000-000000000000) :: Performing non-blocking 'Sub Goal' (361aa588-5f31-4e19-b8a5-099cae52479d, 5adfa567-de36-473e-b2bd-cd8d88d93bc6)
[2026-03-21 20:51:37.422 DBG] ViewerRepo :: UpdatePresence(twitch, 5), 0.0376ms
[2026-03-21 20:51:37.474 DBG] TwitchService :: Presence Timer :: Artificially updated presence with a threshold of 5 minutes (51.7298ms)
[2026-03-21 20:52:37.435 DBG] ViewerRepo :: UpdatePresence(twitch, 5), 0.1104ms
[2026-03-21 20:52:37.493 DBG] TwitchService :: Presence Timer :: Artificially updated presence with a threshold of 5 minutes (57.6788ms)
[2026-03-21 20:53:37.439 DBG] ViewerRepo :: UpdatePresence(twitch, 5), 0.0364ms
[2026-03-21 20:53:37.493 DBG] TwitchService :: Presence Timer :: Artificially updated presence with a threshold of 5 minutes (53.5954ms)
[2026-03-21 20:54:16.369 DBG] Credits :: Time to save 16.4092ms
[2026-03-21 20:54:37.454 DBG] ViewerRepo :: UpdatePresence(twitch, 5), 0.0348ms
[2026-03-21 20:54:37.510 DBG] TwitchService :: Presence Timer :: Artificially updated presence with a threshold of 5 minutes (55.5233ms)
[2026-03-21 20:55:37.457 DBG] ViewerRepo :: UpdatePresence(twitch, 5), 0.036ms
[2026-03-21 20:55:37.513 DBG] TwitchService :: Presence Timer :: Artificially updated presence with a threshold of 5 minutes (56.4101ms)
[2026-03-21 20:55:37.566 DBG] AutoSave :: Auto saving settings...
[2026-03-21 20:55:37.585 DBG] Users :: Time to save 19.3509ms
[2026-03-21 20:55:37.610 DBG] Actions :: Time to save 24.7286ms
[2026-03-21 20:55:37.627 DBG] Commands :: Time to save 16.5726ms
[2026-03-21 20:55:37.643 DBG] Twitch Rewards :: Time to save 16.4014ms
[2026-03-21 20:55:37.658 DBG] Midi :: Time to save 15.2649ms
[2026-03-21 20:55:37.673 DBG] OBS Settings :: Time to save 14.596ms
[2026-03-21 20:55:37.687 DBG] MeldStudio Settings :: Time to save 14.7996ms
[2026-03-21 20:55:37.702 DBG] Credits :: Time to save 14.2911ms
[2026-03-21 20:55:37.719 DBG] Quotes :: Time to save 16.9121ms
[2026-03-21 20:55:37.788 DBG] Config :: Time to save 19.3595ms
[2026-03-21 20:56:37.478 DBG] ViewerRepo :: UpdatePresence(twitch, 5), 0.0359ms
[2026-03-21 20:56:37.531 DBG] TwitchService :: Presence Timer :: Artificially updated presence with a threshold of 5 minutes (53.637ms)
[2026-03-21 20:57:37.482 DBG] ViewerRepo :: UpdatePresence(twitch, 5), 0.0362ms
[2026-03-21 20:57:37.539 DBG] TwitchService :: Presence Timer :: Artificially updated presence with a threshold of 5 minutes (57.1327ms)
[2026-03-21 20:58:37.495 DBG] ViewerRepo :: UpdatePresence(twitch, 5), 0.0363ms
[2026-03-21 20:58:37.553 DBG] TwitchService :: Presence Timer :: Artificially updated presence with a threshold of 5 minutes (58.4959ms)
[2026-03-21 20:59:16.371 DBG] Credits :: Time to save 14.8343ms
[2026-03-21 20:59:37.498 DBG] ViewerRepo :: UpdatePresence(twitch, 5), 0.0352ms
[2026-03-21 20:59:37.555 DBG] TwitchService :: Presence Timer :: Artificially updated presence with a threshold of 5 minutes (57.5197ms)
[2026-03-21 21:00:37.510 DBG] ViewerRepo :: UpdatePresence(twitch, 5), 0.0463ms
[2026-03-21 21:00:37.563 DBG] TwitchService :: Presence Timer :: Artificially updated presence with a threshold of 5 minutes (53.534ms)
[2026-03-21 21:00:37.826 DBG] AutoSave :: Auto saving settings...
[2026-03-21 21:00:37.845 DBG] Users :: Time to save 19.2066ms
[2026-03-21 21:00:37.871 DBG] Actions :: Time to save 26.1269ms
[2026-03-21 21:00:37.888 DBG] Commands :: Time to save 17.0585ms
[2026-03-21 21:00:37.906 DBG] Twitch Rewards :: Time to save 17.4988ms
[2026-03-21 21:00:37.921 DBG] Midi :: Time to save 15.0427ms
[2026-03-21 21:00:37.936 DBG] OBS Settings :: Time to save 15.0815ms
[2026-03-21 21:00:37.951 DBG] MeldStudio Settings :: Time to save 15.5687ms
[2026-03-21 21:00:37.966 DBG] Credits :: Time to save 14.4715ms
[2026-03-21 21:00:37.983 DBG] Quotes :: Time to save 17.0843ms
[2026-03-21 21:00:38.047 DBG] Config :: Time to save 19.2056ms
[2026-03-21 21:00:48.481 DBG] ActionDispatcher :: Queueing 'Sub Goal' (361aa588-5f31-4e19-b8a5-099cae52479d, TimedAction) to 'Default' (00000000-0000-0000-0000-000000000000), with 11 arguments
[2026-03-21 21:00:48.481 DBG] ActionQueue :: 'Default' (00000000-0000-0000-0000-000000000000) :: Enqueue action 361aa588-5f31-4e19-b8a5-099cae52479d
[2026-03-21 21:00:48.481 DBG] ActionQueue :: 'Default' (00000000-0000-0000-0000-000000000000) :: Handling queue
[2026-03-21 21:00:48.481 DBG] ActionQueue :: 'Default' (00000000-0000-0000-0000-000000000000) :: Performing non-blocking 'Sub Goal' (361aa588-5f31-4e19-b8a5-099cae52479d, 66b0bfe5-371a-40dd-bcf8-a7fcd354f1e9)
[2026-03-21 21:01:37.526 DBG] ViewerRepo :: UpdatePresence(twitch, 5), 0.0482ms
[2026-03-21 21:01:37.579 DBG] TwitchService :: Presence Timer :: Artificially updated presence with a threshold of 5 minutes (53.7702ms)
[2026-03-21 21:02:37.540 DBG] ViewerRepo :: UpdatePresence(twitch, 5), 0.0376ms
[2026-03-21 21:02:37.595 DBG] TwitchService :: Presence Timer :: Artificially updated presence with a threshold of 5 minutes (55.8135ms)
[2026-03-21 21:03:37.545 DBG] ViewerRepo :: UpdatePresence(twitch, 5), 0.0365ms
[2026-03-21 21:03:37.599 DBG] TwitchService :: Presence Timer :: Artificially updated presence with a threshold of 5 minutes (54.2141ms)
[2026-03-21 21:04:16.380 DBG] Credits :: Time to save 17.7674ms
[2026-03-21 21:04:37.564 DBG] ViewerRepo :: UpdatePresence(twitch, 5), 0.0429ms
[2026-03-21 21:04:37.622 DBG] TwitchService :: Presence Timer :: Artificially updated presence with a threshold of 5 minutes (58.274ms)
[2026-03-21 21:05:37.566 DBG] ViewerRepo :: UpdatePresence(twitch, 5), 0.0353ms
[2026-03-21 21:05:37.618 DBG] TwitchService :: Presence Timer :: Artificially updated presence with a threshold of 5 minutes (51.9073ms)
[2026-03-21 21:05:38.067 DBG] AutoSave :: Auto saving settings...
[2026-03-21 21:05:38.085 DBG] Users :: Time to save 18.7057ms
[2026-03-21 21:05:38.110 DBG] Actions :: Time to save 25.1944ms
[2026-03-21 21:05:38.127 DBG] Commands :: Time to save 16.8295ms
[2026-03-21 21:05:38.144 DBG] Twitch Rewards :: Time to save 17.3893ms
[2026-03-21 21:05:38.160 DBG] Midi :: Time to save 15.5804ms
[2026-03-21 21:05:38.175 DBG] OBS Settings :: Time to save 15.5276ms
[2026-03-21 21:05:38.191 DBG] MeldStudio Settings :: Time to save 15.0015ms
[2026-03-21 21:05:38.207 DBG] Credits :: Time to save 15.8581ms
[2026-03-21 21:05:38.224 DBG] Quotes :: Time to save 16.7038ms
[2026-03-21 21:05:38.289 DBG] Config :: Time to save 20.3952ms
[2026-03-21 21:06:37.572 DBG] ViewerRepo :: UpdatePresence(twitch, 5), 0.0367ms
[2026-03-21 21:06:37.630 DBG] TwitchService :: Presence Timer :: Artificially updated presence with a threshold of 5 minutes (58.8259ms)
[2026-03-21 21:07:37.573 DBG] ViewerRepo :: UpdatePresence(twitch, 5), 0.0407ms
[2026-03-21 21:07:37.628 DBG] TwitchService :: Presence Timer :: Artificially updated presence with a threshold of 5 minutes (55.2036ms)
[2026-03-21 21:08:37.578 DBG] ViewerRepo :: UpdatePresence(twitch, 5), 0.0369ms
[2026-03-21 21:08:37.640 DBG] TwitchService :: Presence Timer :: Artificially updated presence with a threshold of 5 minutes (62.2088ms)
[2026-03-21 21:09:16.391 DBG] Credits :: Time to save 17.7613ms
[2026-03-21 21:09:37.587 DBG] ViewerRepo :: UpdatePresence(twitch, 5), 0.0433ms
[2026-03-21 21:09:37.642 DBG] TwitchService :: Presence Timer :: Artificially updated presence with a threshold of 5 minutes (55.0848ms)
[2026-03-21 21:10:37.604 DBG] ViewerRepo :: UpdatePresence(twitch, 5), 0.0355ms
[2026-03-21 21:10:37.661 DBG] TwitchService :: Presence Timer :: Artificially updated presence with a threshold of 5 minutes (57.8173ms)
[2026-03-21 21:10:38.308 DBG] AutoSave :: Auto saving settings...
[2026-03-21 21:10:38.329 DBG] Users :: Time to save 20.1774ms
[2026-03-21 21:10:38.352 DBG] Actions :: Time to save 23.2295ms
[2026-03-21 21:10:38.369 DBG] Commands :: Time to save 17.1395ms
[2026-03-21 21:10:38.385 DBG] Twitch Rewards :: Time to save 17.1058ms
[2026-03-21 21:10:38.401 DBG] Midi :: Time to save 14.4796ms
[2026-03-21 21:10:38.415 DBG] OBS Settings :: Time to save 14.0243ms
[2026-03-21 21:10:38.427 DBG] MeldStudio Settings :: Time to save 12.6575ms
[2026-03-21 21:10:38.441 DBG] Credits :: Time to save 13.7455ms
[2026-03-21 21:10:38.458 DBG] Quotes :: Time to save 16.4621ms
[2026-03-21 21:10:38.547 DBG] Config :: Time to save 20.3064ms
[2026-03-21 21:10:49.361 DBG] ActionDispatcher :: Queueing 'Sub Goal' (361aa588-5f31-4e19-b8a5-099cae52479d, TimedAction) to 'Default' (00000000-0000-0000-0000-000000000000), with 11 arguments
[2026-03-21 21:10:49.361 DBG] ActionQueue :: 'Default' (00000000-0000-0000-0000-000000000000) :: Enqueue action 361aa588-5f31-4e19-b8a5-099cae52479d
[2026-03-21 21:10:49.361 DBG] ActionQueue :: 'Default' (00000000-0000-0000-0000-000000000000) :: Handling queue
[2026-03-21 21:10:49.361 DBG] ActionQueue :: 'Default' (00000000-0000-0000-0000-000000000000) :: Performing non-blocking 'Sub Goal' (361aa588-5f31-4e19-b8a5-099cae52479d, a5d7509c-3fa7-4c4d-89ba-60f34cbdd820)
[2026-03-21 21:11:37.618 DBG] ViewerRepo :: UpdatePresence(twitch, 5), 0.0362ms
[2026-03-21 21:11:37.675 DBG] TwitchService :: Presence Timer :: Artificially updated presence with a threshold of 5 minutes (57.8866ms)
[2026-03-21 21:12:37.627 DBG] ViewerRepo :: UpdatePresence(twitch, 5), 0.0368ms
[2026-03-21 21:12:37.679 DBG] TwitchService :: Presence Timer :: Artificially updated presence with a threshold of 5 minutes (52.1028ms)
[2026-03-21 21:13:37.642 DBG] ViewerRepo :: UpdatePresence(twitch, 5), 0.0375ms
[2026-03-21 21:13:37.695 DBG] TwitchService :: Presence Timer :: Artificially updated presence with a threshold of 5 minutes (52.9418ms)
[2026-03-21 21:14:16.394 DBG] Credits :: Time to save 17.0083ms
[2026-03-21 21:14:37.647 DBG] ViewerRepo :: UpdatePresence(twitch, 5), 0.0416ms
[2026-03-21 21:14:37.702 DBG] TwitchService :: Presence Timer :: Artificially updated presence with a threshold of 5 minutes (55.2795ms)
[2026-03-21 21:15:37.658 DBG] ViewerRepo :: UpdatePresence(twitch, 5), 0.0418ms
[2026-03-21 21:15:37.715 DBG] TwitchService :: Presence Timer :: Artificially updated presence with a threshold of 5 minutes (58.1961ms)
[2026-03-21 21:15:38.579 DBG] AutoSave :: Auto saving settings...
[2026-03-21 21:15:38.598 DBG] Users :: Time to save 19.9548ms
[2026-03-21 21:15:38.623 DBG] Actions :: Time to save 23.8585ms
[2026-03-21 21:15:38.640 DBG] Commands :: Time to save 16.6807ms
[2026-03-21 21:15:38.655 DBG] Twitch Rewards :: Time to save 15.3653ms
[2026-03-21 21:15:38.669 DBG] Midi :: Time to save 14.3456ms
[2026-03-21 21:15:38.684 DBG] OBS Settings :: Time to save 14.7824ms
[2026-03-21 21:15:38.700 DBG] MeldStudio Settings :: Time to save 15.6133ms
[2026-03-21 21:15:38.712 DBG] Credits :: Time to save 12.2586ms
[2026-03-21 21:15:38.727 DBG] Quotes :: Time to save 15.2251ms
[2026-03-21 21:15:38.804 DBG] Config :: Time to save 21.4456ms
[2026-03-21 21:16:37.663 DBG] ViewerRepo :: UpdatePresence(twitch, 5), 0.0406ms
[2026-03-21 21:16:37.717 DBG] TwitchService :: Presence Timer :: Artificially updated presence with a threshold of 5 minutes (54.03ms)
[2026-03-21 21:17:37.667 DBG] ViewerRepo :: UpdatePresence(twitch, 5), 0.0356ms
[2026-03-21 21:17:37.724 DBG] TwitchService :: Presence Timer :: Artificially updated presence with a threshold of 5 minutes (57.5153ms)
[2026-03-21 21:18:37.669 DBG] ViewerRepo :: UpdatePresence(twitch, 5), 0.0625ms
[2026-03-21 21:18:37.727 DBG] TwitchService :: Presence Timer :: Artificially updated presence with a threshold of 5 minutes (58.2036ms)
[2026-03-21 21:19:16.403 DBG] Credits :: Time to save 16.4967ms
[2026-03-21 21:19:37.672 DBG] ViewerRepo :: UpdatePresence(twitch, 5), 0.0418ms
[2026-03-21 21:19:37.726 DBG] TwitchService :: Presence Timer :: Artificially updated presence with a threshold of 5 minutes (53.5196ms)
[2026-03-21 21:20:37.678 DBG] ViewerRepo :: UpdatePresence(twitch, 5), 0.0478ms
[2026-03-21 21:20:38.211 DBG] TwitchService :: Presence Timer :: Artificially updated presence with a threshold of 5 minutes (533.1462ms)
[2026-03-21 21:20:38.807 DBG] AutoSave :: Auto saving settings...
[2026-03-21 21:20:38.827 DBG] Users :: Time to save 19.7191ms
[2026-03-21 21:20:38.851 DBG] Actions :: Time to save 23.8615ms
[2026-03-21 21:20:38.867 DBG] Commands :: Time to save 16.7284ms
[2026-03-21 21:20:38.884 DBG] Twitch Rewards :: Time to save 16.8461ms
[2026-03-21 21:20:38.899 DBG] Midi :: Time to save 14.5974ms
[2026-03-21 21:20:38.914 DBG] OBS Settings :: Time to save 14.7682ms
[2026-03-21 21:20:38.929 DBG] MeldStudio Settings :: Time to save 15.3645ms
[2026-03-21 21:20:38.944 DBG] Credits :: Time to save 14.9045ms
[2026-03-21 21:20:38.961 DBG] Quotes :: Time to save 16.5281ms
[2026-03-21 21:20:39.030 DBG] Config :: Time to save 19.3004ms
[2026-03-21 21:20:50.349 DBG] ActionDispatcher :: Queueing 'Sub Goal' (361aa588-5f31-4e19-b8a5-099cae52479d, TimedAction) to 'Default' (00000000-0000-0000-0000-000000000000), with 11 arguments
[2026-03-21 21:20:50.349 DBG] ActionQueue :: 'Default' (00000000-0000-0000-0000-000000000000) :: Enqueue action 361aa588-5f31-4e19-b8a5-099cae52479d
[2026-03-21 21:20:50.349 DBG] ActionQueue :: 'Default' (00000000-0000-0000-0000-000000000000) :: Handling queue
[2026-03-21 21:20:50.349 DBG] ActionQueue :: 'Default' (00000000-0000-0000-0000-000000000000) :: Performing non-blocking 'Sub Goal' (361aa588-5f31-4e19-b8a5-099cae52479d, 9979c9d8-cb1d-4824-9065-13726599e7d3)
[2026-03-21 21:21:37.687 DBG] ViewerRepo :: UpdatePresence(twitch, 5), 0.0496ms
[2026-03-21 21:21:37.742 DBG] TwitchService :: Presence Timer :: Artificially updated presence with a threshold of 5 minutes (55.4833ms)
[2026-03-21 21:22:37.690 DBG] ViewerRepo :: UpdatePresence(twitch, 5), 0.0333ms
[2026-03-21 21:22:37.757 DBG] TwitchService :: Presence Timer :: Artificially updated presence with a threshold of 5 minutes (66.4735ms)
[2026-03-21 21:23:37.694 DBG] ViewerRepo :: UpdatePresence(twitch, 5), 0.038ms
[2026-03-21 21:23:37.751 DBG] TwitchService :: Presence Timer :: Artificially updated presence with a threshold of 5 minutes (57.7181ms)
[2026-03-21 21:24:16.407 DBG] Credits :: Time to save 11.7923ms
[2026-03-21 21:24:37.701 DBG] ViewerRepo :: UpdatePresence(twitch, 5), 0.0414ms
[2026-03-21 21:24:37.761 DBG] TwitchService :: Presence Timer :: Artificially updated presence with a threshold of 5 minutes (59.8498ms)
[2026-03-21 21:25:37.717 DBG] ViewerRepo :: UpdatePresence(twitch, 5), 0.0432ms
[2026-03-21 21:25:37.775 DBG] TwitchService :: Presence Timer :: Artificially updated presence with a threshold of 5 minutes (58.8648ms)
[2026-03-21 21:25:39.045 DBG] AutoSave :: Auto saving settings...
[2026-03-21 21:25:39.065 DBG] Users :: Time to save 20.1545ms
[2026-03-21 21:25:39.089 DBG] Actions :: Time to save 24.5134ms
[2026-03-21 21:25:39.108 DBG] Commands :: Time to save 18.3016ms
[2026-03-21 21:25:39.127 DBG] Twitch Rewards :: Time to save 18.5192ms
[2026-03-21 21:25:39.142 DBG] Midi :: Time to save 15.4635ms
[2026-03-21 21:25:39.158 DBG] OBS Settings :: Time to save 15.777ms
[2026-03-21 21:25:39.174 DBG] MeldStudio Settings :: Time to save 15.9059ms
[2026-03-21 21:25:39.190 DBG] Credits :: Time to save 15.9099ms
[2026-03-21 21:25:39.209 DBG] Quotes :: Time to save 18.9256ms
[2026-03-21 21:25:39.268 DBG] Config :: Time to save 20.4377ms
[2026-03-21 21:26:37.744 DBG] ViewerRepo :: UpdatePresence(twitch, 5), 0.0401ms
[2026-03-21 21:26:37.805 DBG] TwitchService :: Presence Timer :: Artificially updated presence with a threshold of 5 minutes (61.2944ms)
[2026-03-21 21:27:37.752 DBG] ViewerRepo :: UpdatePresence(twitch, 5), 0.0352ms
[2026-03-21 21:27:37.807 DBG] TwitchService :: Presence Timer :: Artificially updated presence with a threshold of 5 minutes (55.0788ms)
[2026-03-21 21:28:37.766 DBG] ViewerRepo :: UpdatePresence(twitch, 5), 0.0375ms
[2026-03-21 21:28:37.825 DBG] TwitchService :: Presence Timer :: Artificially updated presence with a threshold of 5 minutes (58.7031ms)
[2026-03-21 21:29:16.428 DBG] Credits :: Time to save 18.1393ms
[2026-03-21 21:29:37.769 DBG] ViewerRepo :: UpdatePresence(twitch, 5), 0.0529ms
[2026-03-21 21:29:37.819 DBG] TwitchService :: Presence Timer :: Artificially updated presence with a threshold of 5 minutes (50.8559ms)
[2026-03-21 21:30:37.783 DBG] ViewerRepo :: UpdatePresence(twitch, 5), 0.0382ms
[2026-03-21 21:30:37.839 DBG] TwitchService :: Presence Timer :: Artificially updated presence with a threshold of 5 minutes (56.4287ms)
[2026-03-21 21:30:39.281 DBG] AutoSave :: Auto saving settings...
[2026-03-21 21:30:39.301 DBG] Users :: Time to save 20.2761ms
[2026-03-21 21:30:39.327 DBG] Actions :: Time to save 26.1738ms
[2026-03-21 21:30:39.346 DBG] Commands :: Time to save 19.0354ms
[2026-03-21 21:30:39.361 DBG] Twitch Rewards :: Time to save 14.7676ms
[2026-03-21 21:30:39.378 DBG] Midi :: Time to save 17.134ms
[2026-03-21 21:30:39.396 DBG] OBS Settings :: Time to save 17.0819ms
[2026-03-21 21:30:39.414 DBG] MeldStudio Settings :: Time to save 17.9291ms
[2026-03-21 21:30:39.431 DBG] Credits :: Time to save 17.5712ms
[2026-03-21 21:30:39.450 DBG] Quotes :: Time to save 19.046ms
[2026-03-21 21:30:39.504 DBG] Config :: Time to save 22.047ms
[2026-03-21 21:30:50.522 DBG] ActionDispatcher :: Queueing 'Sub Goal' (361aa588-5f31-4e19-b8a5-099cae52479d, TimedAction) to 'Default' (00000000-0000-0000-0000-000000000000), with 11 arguments
[2026-03-21 21:30:50.522 DBG] ActionQueue :: 'Default' (00000000-0000-0000-0000-000000000000) :: Enqueue action 361aa588-5f31-4e19-b8a5-099cae52479d
[2026-03-21 21:30:50.522 DBG] ActionQueue :: 'Default' (00000000-0000-0000-0000-000000000000) :: Handling queue
[2026-03-21 21:30:50.522 DBG] ActionQueue :: 'Default' (00000000-0000-0000-0000-000000000000) :: Performing non-blocking 'Sub Goal' (361aa588-5f31-4e19-b8a5-099cae52479d, 002d0f9f-cd53-4066-b807-dcf5426b5af5)
[2026-03-21 21:31:37.792 DBG] ViewerRepo :: UpdatePresence(twitch, 5), 0.0373ms
[2026-03-21 21:31:37.850 DBG] TwitchService :: Presence Timer :: Artificially updated presence with a threshold of 5 minutes (58.7398ms)
[2026-03-21 21:32:37.805 DBG] ViewerRepo :: UpdatePresence(twitch, 5), 0.04ms
[2026-03-21 21:32:37.862 DBG] TwitchService :: Presence Timer :: Artificially updated presence with a threshold of 5 minutes (58.14ms)
[2026-03-21 21:33:37.812 DBG] ViewerRepo :: UpdatePresence(twitch, 5), 0.0381ms
[2026-03-21 21:33:37.867 DBG] TwitchService :: Presence Timer :: Artificially updated presence with a threshold of 5 minutes (55.2574ms)
[2026-03-21 21:34:16.435 DBG] Credits :: Time to save 17.4863ms
[2026-03-21 21:34:37.827 DBG] ViewerRepo :: UpdatePresence(twitch, 5), 0.0339ms
[2026-03-21 21:34:37.881 DBG] TwitchService :: Presence Timer :: Artificially updated presence with a threshold of 5 minutes (54.5224ms)
[2026-03-21 21:35:37.835 DBG] ViewerRepo :: UpdatePresence(twitch, 5), 0.0437ms
[2026-03-21 21:35:37.890 DBG] TwitchService :: Presence Timer :: Artificially updated presence with a threshold of 5 minutes (55.6684ms)
[2026-03-21 21:35:39.535 DBG] AutoSave :: Auto saving settings...
[2026-03-21 21:35:39.555 DBG] Users :: Time to save 19.6614ms
[2026-03-21 21:35:39.578 DBG] Actions :: Time to save 23.1413ms
[2026-03-21 21:35:39.595 DBG] Commands :: Time to save 17.5009ms
[2026-03-21 21:35:39.614 DBG] Twitch Rewards :: Time to save 17.8945ms
[2026-03-21 21:35:39.629 DBG] Midi :: Time to save 15.5445ms
[2026-03-21 21:35:39.645 DBG] OBS Settings :: Time to save 16.0235ms
[2026-03-21 21:35:39.661 DBG] MeldStudio Settings :: Time to save 15.6775ms
[2026-03-21 21:35:39.678 DBG] Credits :: Time to save 17.6024ms
[2026-03-21 21:35:39.693 DBG] Quotes :: Time to save 15.1021ms
[2026-03-21 21:35:39.757 DBG] Config :: Time to save 20.2826ms
[2026-03-21 21:36:37.845 DBG] ViewerRepo :: UpdatePresence(twitch, 5), 0.0581ms
[2026-03-21 21:36:37.900 DBG] TwitchService :: Presence Timer :: Artificially updated presence with a threshold of 5 minutes (55.0131ms)
[2026-03-21 21:37:37.858 DBG] ViewerRepo :: UpdatePresence(twitch, 5), 0.0409ms
[2026-03-21 21:37:37.916 DBG] TwitchService :: Presence Timer :: Artificially updated presence with a threshold of 5 minutes (57.6767ms)
[2026-03-21 21:38:37.867 DBG] ViewerRepo :: UpdatePresence(twitch, 5), 0.0362ms
[2026-03-21 21:38:37.921 DBG] TwitchService :: Presence Timer :: Artificially updated presence with a threshold of 5 minutes (54.6245ms)
[2026-03-21 21:39:16.437 DBG] Credits :: Time to save 16.0046ms
[2026-03-21 21:39:37.877 DBG] ViewerRepo :: UpdatePresence(twitch, 5), 0.0369ms
[2026-03-21 21:39:37.931 DBG] TwitchService :: Presence Timer :: Artificially updated presence with a threshold of 5 minutes (53.9058ms)
[2026-03-21 21:40:37.887 DBG] ViewerRepo :: UpdatePresence(twitch, 5), 0.038ms
[2026-03-21 21:40:37.943 DBG] TwitchService :: Presence Timer :: Artificially updated presence with a threshold of 5 minutes (56.6243ms)
[2026-03-21 21:40:39.806 DBG] AutoSave :: Auto saving settings...
[2026-03-21 21:40:39.825 DBG] Users :: Time to save 19.4157ms
[2026-03-21 21:40:39.849 DBG] Actions :: Time to save 23.5196ms
[2026-03-21 21:40:39.866 DBG] Commands :: Time to save 17.2352ms
[2026-03-21 21:40:39.884 DBG] Twitch Rewards :: Time to save 18.1903ms
[2026-03-21 21:40:39.899 DBG] Midi :: Time to save 14.9779ms
[2026-03-21 21:40:39.915 DBG] OBS Settings :: Time to save 15.183ms
[2026-03-21 21:40:39.929 DBG] MeldStudio Settings :: Time to save 14.0185ms
[2026-03-21 21:40:39.943 DBG] Credits :: Time to save 13.6816ms
[2026-03-21 21:40:39.959 DBG] Quotes :: Time to save 16.3889ms
[2026-03-21 21:40:40.032 DBG] Config :: Time to save 19.1607ms
[2026-03-21 21:40:51.291 DBG] ActionDispatcher :: Queueing 'Sub Goal' (361aa588-5f31-4e19-b8a5-099cae52479d, TimedAction) to 'Default' (00000000-0000-0000-0000-000000000000), with 11 arguments
[2026-03-21 21:40:51.291 DBG] ActionQueue :: 'Default' (00000000-0000-0000-0000-000000000000) :: Enqueue action 361aa588-5f31-4e19-b8a5-099cae52479d
[2026-03-21 21:40:51.291 DBG] ActionQueue :: 'Default' (00000000-0000-0000-0000-000000000000) :: Handling queue
[2026-03-21 21:40:51.291 DBG] ActionQueue :: 'Default' (00000000-0000-0000-0000-000000000000) :: Performing non-blocking 'Sub Goal' (361aa588-5f31-4e19-b8a5-099cae52479d, 9a3d2f1b-7d06-42d9-b723-8b41a517c4d4)
[2026-03-21 21:41:37.888 DBG] ViewerRepo :: UpdatePresence(twitch, 5), 0.0468ms
[2026-03-21 21:41:37.945 DBG] TwitchService :: Presence Timer :: Artificially updated presence with a threshold of 5 minutes (57.3118ms)
[2026-03-21 21:42:37.894 DBG] ViewerRepo :: UpdatePresence(twitch, 5), 0.0362ms
[2026-03-21 21:42:37.952 DBG] TwitchService :: Presence Timer :: Artificially updated presence with a threshold of 5 minutes (58.4563ms)
[2026-03-21 21:43:37.901 DBG] ViewerRepo :: UpdatePresence(twitch, 5), 0.0376ms
[2026-03-21 21:43:37.956 DBG] TwitchService :: Presence Timer :: Artificially updated presence with a threshold of 5 minutes (54.7814ms)
[2026-03-21 21:44:16.446 DBG] Credits :: Time to save 17.7013ms
[2026-03-21 21:44:37.912 DBG] ViewerRepo :: UpdatePresence(twitch, 5), 0.0407ms
[2026-03-21 21:44:37.966 DBG] TwitchService :: Presence Timer :: Artificially updated presence with a threshold of 5 minutes (54.5324ms)
[2026-03-21 21:45:37.917 DBG] ViewerRepo :: UpdatePresence(twitch, 5), 0.0363ms
[2026-03-21 21:45:37.975 DBG] TwitchService :: Presence Timer :: Artificially updated presence with a threshold of 5 minutes (58.4845ms)
[2026-03-21 21:45:40.037 DBG] AutoSave :: Auto saving settings...
[2026-03-21 21:45:40.056 DBG] Users :: Time to save 19.2176ms
[2026-03-21 21:45:40.079 DBG] Actions :: Time to save 23.6409ms
[2026-03-21 21:45:40.098 DBG] Commands :: Time to save 18.6334ms
[2026-03-21 21:45:40.115 DBG] Twitch Rewards :: Time to save 16.9317ms
[2026-03-21 21:45:40.130 DBG] Midi :: Time to save 14.4939ms
[2026-03-21 21:45:40.143 DBG] OBS Settings :: Time to save 14.2518ms
[2026-03-21 21:45:40.158 DBG] MeldStudio Settings :: Time to save 14.774ms
[2026-03-21 21:45:40.172 DBG] Credits :: Time to save 13.9119ms
[2026-03-21 21:45:40.188 DBG] Quotes :: Time to save 16.2671ms
[2026-03-21 21:45:40.261 DBG] Config :: Time to save 19.4849ms
[2026-03-21 21:46:37.923 DBG] ViewerRepo :: UpdatePresence(twitch, 5), 0.0407ms
[2026-03-21 21:46:37.981 DBG] TwitchService :: Presence Timer :: Artificially updated presence with a threshold of 5 minutes (58.6475ms)
[2026-03-21 21:47:37.925 DBG] ViewerRepo :: UpdatePresence(twitch, 5), 0.0787ms
[2026-03-21 21:47:37.983 DBG] TwitchService :: Presence Timer :: Artificially updated presence with a threshold of 5 minutes (58.1019ms)
[2026-03-21 21:48:37.938 DBG] ViewerRepo :: UpdatePresence(twitch, 5), 0.0365ms
[2026-03-21 21:48:37.998 DBG] TwitchService :: Presence Timer :: Artificially updated presence with a threshold of 5 minutes (59.5093ms)
[2026-03-21 21:49:16.449 DBG] Credits :: Time to save 16.4825ms
[2026-03-21 21:49:37.942 DBG] ViewerRepo :: UpdatePresence(twitch, 5), 0.0375ms
[2026-03-21 21:49:37.996 DBG] TwitchService :: Presence Timer :: Artificially updated presence with a threshold of 5 minutes (54.1496ms)
[2026-03-21 21:50:37.944 DBG] ViewerRepo :: UpdatePresence(twitch, 5), 0.0343ms
[2026-03-21 21:50:38.003 DBG] TwitchService :: Presence Timer :: Artificially updated presence with a threshold of 5 minutes (58.4959ms)
[2026-03-21 21:50:40.303 DBG] AutoSave :: Auto saving settings...
[2026-03-21 21:50:40.324 DBG] Users :: Time to save 20.3787ms
[2026-03-21 21:50:40.348 DBG] Actions :: Time to save 24.1097ms
[2026-03-21 21:50:40.365 DBG] Commands :: Time to save 17.4318ms
[2026-03-21 21:50:40.383 DBG] Twitch Rewards :: Time to save 18.0717ms
[2026-03-21 21:50:40.395 DBG] Midi :: Time to save 11.9374ms
[2026-03-21 21:50:40.411 DBG] OBS Settings :: Time to save 15.8298ms
[2026-03-21 21:50:40.424 DBG] MeldStudio Settings :: Time to save 13.7684ms
[2026-03-21 21:50:40.439 DBG] Credits :: Time to save 14.0141ms
[2026-03-21 21:50:40.456 DBG] Quotes :: Time to save 16.6615ms
[2026-03-21 21:50:40.517 DBG] Config :: Time to save 13.3546ms
[2026-03-21 21:50:51.826 DBG] ActionDispatcher :: Queueing 'Sub Goal' (361aa588-5f31-4e19-b8a5-099cae52479d, TimedAction) to 'Default' (00000000-0000-0000-0000-000000000000), with 11 arguments
[2026-03-21 21:50:51.827 DBG] ActionQueue :: 'Default' (00000000-0000-0000-0000-000000000000) :: Enqueue action 361aa588-5f31-4e19-b8a5-099cae52479d
[2026-03-21 21:50:51.827 DBG] ActionQueue :: 'Default' (00000000-0000-0000-0000-000000000000) :: Handling queue
[2026-03-21 21:50:51.827 DBG] ActionQueue :: 'Default' (00000000-0000-0000-0000-000000000000) :: Performing non-blocking 'Sub Goal' (361aa588-5f31-4e19-b8a5-099cae52479d, 616f4deb-9a95-48d1-80b2-32fbed5f0fd7)
[2026-03-21 21:51:37.960 DBG] ViewerRepo :: UpdatePresence(twitch, 5), 0.0423ms
[2026-03-21 21:51:38.020 DBG] TwitchService :: Presence Timer :: Artificially updated presence with a threshold of 5 minutes (59.1818ms)
[2026-03-21 21:52:37.976 DBG] ViewerRepo :: UpdatePresence(twitch, 5), 0.0371ms
[2026-03-21 21:52:38.032 DBG] TwitchService :: Presence Timer :: Artificially updated presence with a threshold of 5 minutes (56.2739ms)
[2026-03-21 21:53:37.978 DBG] ViewerRepo :: UpdatePresence(twitch, 5), 0.0515ms
[2026-03-21 21:53:38.033 DBG] TwitchService :: Presence Timer :: Artificially updated presence with a threshold of 5 minutes (54.9611ms)
[2026-03-21 21:54:16.462 DBG] Credits :: Time to save 14.5648ms
[2026-03-21 21:54:37.989 DBG] ViewerRepo :: UpdatePresence(twitch, 5), 0.0379ms
[2026-03-21 21:54:38.041 DBG] TwitchService :: Presence Timer :: Artificially updated presence with a threshold of 5 minutes (52.9866ms)
[2026-03-21 21:55:37.989 DBG] ViewerRepo :: UpdatePresence(twitch, 5), 0.0373ms
[2026-03-21 21:55:38.047 DBG] TwitchService :: Presence Timer :: Artificially updated presence with a threshold of 5 minutes (58.2557ms)
[2026-03-21 21:55:40.533 DBG] AutoSave :: Auto saving settings...
[2026-03-21 21:55:40.552 DBG] Users :: Time to save 19.7024ms
[2026-03-21 21:55:40.578 DBG] Actions :: Time to save 24.3355ms
[2026-03-21 21:55:40.592 DBG] Commands :: Time to save 14.3291ms
[2026-03-21 21:55:40.607 DBG] Twitch Rewards :: Time to save 15.2294ms
[2026-03-21 21:55:40.622 DBG] Midi :: Time to save 14.6935ms
[2026-03-21 21:55:40.634 DBG] OBS Settings :: Time to save 12.3682ms
[2026-03-21 21:55:40.649 DBG] MeldStudio Settings :: Time to save 14.5893ms
[2026-03-21 21:55:40.663 DBG] Credits :: Time to save 14.3869ms
[2026-03-21 21:55:40.680 DBG] Quotes :: Time to save 16.2074ms
[2026-03-21 21:55:40.755 DBG] Config :: Time to save 18.3354ms
[2026-03-21 21:56:38.003 DBG] ViewerRepo :: UpdatePresence(twitch, 5), 0.0352ms
[2026-03-21 21:56:38.060 DBG] TwitchService :: Presence Timer :: Artificially updated presence with a threshold of 5 minutes (57.9591ms)
[2026-03-21 21:57:38.012 DBG] ViewerRepo :: UpdatePresence(twitch, 5), 0.0375ms
[2026-03-21 21:57:38.067 DBG] TwitchService :: Presence Timer :: Artificially updated presence with a threshold of 5 minutes (55.6546ms)
[2026-03-21 21:58:38.016 DBG] ViewerRepo :: UpdatePresence(twitch, 5), 0.0355ms
[2026-03-21 21:58:38.072 DBG] TwitchService :: Presence Timer :: Artificially updated presence with a threshold of 5 minutes (55.6249ms)
[2026-03-21 21:59:16.460 DBG] Credits :: Time to save 11.3885ms
[2026-03-21 21:59:38.022 DBG] ViewerRepo :: UpdatePresence(twitch, 5), 0.0357ms
[2026-03-21 21:59:38.076 DBG] TwitchService :: Presence Timer :: Artificially updated presence with a threshold of 5 minutes (53.3745ms)
[2026-03-21 22:00:38.041 DBG] ViewerRepo :: UpdatePresence(twitch, 5), 0.0361ms
[2026-03-21 22:00:38.099 DBG] TwitchService :: Presence Timer :: Artificially updated presence with a threshold of 5 minutes (57.9906ms)
[2026-03-21 22:00:40.746 DBG] AutoSave :: Auto saving settings...
[2026-03-21 22:00:40.767 DBG] Users :: Time to save 20.5068ms
[2026-03-21 22:00:40.789 DBG] Actions :: Time to save 22.3263ms
[2026-03-21 22:00:40.807 DBG] Commands :: Time to save 17.98ms
[2026-03-21 22:00:40.824 DBG] Twitch Rewards :: Time to save 17.5825ms
[2026-03-21 22:00:40.839 DBG] Midi :: Time to save 14.5126ms
[2026-03-21 22:00:40.854 DBG] OBS Settings :: Time to save 14.5702ms
[2026-03-21 22:00:40.869 DBG] MeldStudio Settings :: Time to save 15.6819ms
[2026-03-21 22:00:40.886 DBG] Credits :: Time to save 15.7851ms
[2026-03-21 22:00:40.902 DBG] Quotes :: Time to save 17.0474ms
[2026-03-21 22:00:40.969 DBG] Config :: Time to save 20.0538ms
[2026-03-21 22:00:52.400 DBG] ActionDispatcher :: Queueing 'Sub Goal' (361aa588-5f31-4e19-b8a5-099cae52479d, TimedAction) to 'Default' (00000000-0000-0000-0000-000000000000), with 11 arguments
[2026-03-21 22:00:52.400 DBG] ActionQueue :: 'Default' (00000000-0000-0000-0000-000000000000) :: Enqueue action 361aa588-5f31-4e19-b8a5-099cae52479d
[2026-03-21 22:00:52.400 DBG] ActionQueue :: 'Default' (00000000-0000-0000-0000-000000000000) :: Handling queue
[2026-03-21 22:00:52.400 DBG] ActionQueue :: 'Default' (00000000-0000-0000-0000-000000000000) :: Performing non-blocking 'Sub Goal' (361aa588-5f31-4e19-b8a5-099cae52479d, 7853ca29-3ff9-4c66-8291-5074fdaf5ad0)
[2026-03-21 22:01:38.050 DBG] ViewerRepo :: UpdatePresence(twitch, 5), 0.0391ms
[2026-03-21 22:01:38.107 DBG] TwitchService :: Presence Timer :: Artificially updated presence with a threshold of 5 minutes (58.3583ms)
[2026-03-21 22:02:38.056 DBG] ViewerRepo :: UpdatePresence(twitch, 5), 0.0385ms
[2026-03-21 22:02:38.109 DBG] TwitchService :: Presence Timer :: Artificially updated presence with a threshold of 5 minutes (54.0802ms)
[2026-03-21 22:03:38.064 DBG] ViewerRepo :: UpdatePresence(twitch, 5), 0.0417ms
[2026-03-21 22:03:38.117 DBG] TwitchService :: Presence Timer :: Artificially updated presence with a threshold of 5 minutes (53.6482ms)
[2026-03-21 22:04:16.480 DBG] Credits :: Time to save 16.3301ms
[2026-03-21 22:04:38.064 DBG] ViewerRepo :: UpdatePresence(twitch, 5), 0.0462ms
[2026-03-21 22:04:38.119 DBG] TwitchService :: Presence Timer :: Artificially updated presence with a threshold of 5 minutes (54.6636ms)
[2026-03-21 22:05:38.088 DBG] ViewerRepo :: UpdatePresence(twitch, 5), 0.0386ms
[2026-03-21 22:05:38.144 DBG] TwitchService :: Presence Timer :: Artificially updated presence with a threshold of 5 minutes (56.4514ms)
[2026-03-21 22:05:40.983 DBG] AutoSave :: Auto saving settings...
[2026-03-21 22:05:41.001 DBG] Users :: Time to save 18.3269ms
[2026-03-21 22:05:41.024 DBG] Actions :: Time to save 23.3651ms
[2026-03-21 22:05:41.036 DBG] Commands :: Time to save 11.7556ms
[2026-03-21 22:05:41.050 DBG] Twitch Rewards :: Time to save 13.7357ms
[2026-03-21 22:05:41.064 DBG] Midi :: Time to save 14.4082ms
[2026-03-21 22:05:41.079 DBG] OBS Settings :: Time to save 14.6164ms
[2026-03-21 22:05:41.094 DBG] MeldStudio Settings :: Time to save 14.9761ms
[2026-03-21 22:05:41.110 DBG] Credits :: Time to save 15.722ms
[2026-03-21 22:05:41.128 DBG] Quotes :: Time to save 18.0292ms
[2026-03-21 22:05:41.206 DBG] Config :: Time to save 21.1107ms
[2026-03-21 22:06:38.097 DBG] ViewerRepo :: UpdatePresence(twitch, 5), 0.0369ms
[2026-03-21 22:06:38.151 DBG] TwitchService :: Presence Timer :: Artificially updated presence with a threshold of 5 minutes (54.3607ms)
[2026-03-21 22:07:38.100 DBG] ViewerRepo :: UpdatePresence(twitch, 5), 0.0427ms
[2026-03-21 22:07:38.153 DBG] TwitchService :: Presence Timer :: Artificially updated presence with a threshold of 5 minutes (52.8656ms)
[2026-03-21 22:08:38.119 DBG] ViewerRepo :: UpdatePresence(twitch, 5), 0.0497ms
[2026-03-21 22:08:38.179 DBG] TwitchService :: Presence Timer :: Artificially updated presence with a threshold of 5 minutes (60.3536ms)
[2026-03-21 22:09:16.484 DBG] Credits :: Time to save 16.684ms
[2026-03-21 22:09:38.134 DBG] ViewerRepo :: UpdatePresence(twitch, 5), 0.0497ms
[2026-03-21 22:09:38.189 DBG] TwitchService :: Presence Timer :: Artificially updated presence with a threshold of 5 minutes (55.0737ms)
[2026-03-21 22:10:38.140 DBG] ViewerRepo :: UpdatePresence(twitch, 5), 0.0367ms
[2026-03-21 22:10:38.195 DBG] TwitchService :: Presence Timer :: Artificially updated presence with a threshold of 5 minutes (55.397ms)
[2026-03-21 22:10:41.202 DBG] AutoSave :: Auto saving settings...
[2026-03-21 22:10:41.221 DBG] Users :: Time to save 19.1748ms
[2026-03-21 22:10:41.244 DBG] Actions :: Time to save 23.6878ms
[2026-03-21 22:10:41.262 DBG] Commands :: Time to save 17.6ms
[2026-03-21 22:10:41.280 DBG] Twitch Rewards :: Time to save 17.6803ms
[2026-03-21 22:10:41.294 DBG] Midi :: Time to save 14.7542ms
[2026-03-21 22:10:41.310 DBG] OBS Settings :: Time to save 15.1445ms
[2026-03-21 22:10:41.326 DBG] MeldStudio Settings :: Time to save 15.4749ms
[2026-03-21 22:10:41.337 DBG] Credits :: Time to save 11.7872ms
[2026-03-21 22:10:41.354 DBG] Quotes :: Time to save 17.0519ms
[2026-03-21 22:10:41.424 DBG] Config :: Time to save 18.8652ms
[2026-03-21 22:10:53.239 DBG] ActionDispatcher :: Queueing 'Sub Goal' (361aa588-5f31-4e19-b8a5-099cae52479d, TimedAction) to 'Default' (00000000-0000-0000-0000-000000000000), with 11 arguments
[2026-03-21 22:10:53.239 DBG] ActionQueue :: 'Default' (00000000-0000-0000-0000-000000000000) :: Enqueue action 361aa588-5f31-4e19-b8a5-099cae52479d
[2026-03-21 22:10:53.239 DBG] ActionQueue :: 'Default' (00000000-0000-0000-0000-000000000000) :: Handling queue
[2026-03-21 22:10:53.239 DBG] ActionQueue :: 'Default' (00000000-0000-0000-0000-000000000000) :: Performing non-blocking 'Sub Goal' (361aa588-5f31-4e19-b8a5-099cae52479d, 24f8ea70-94bd-4e2d-abb5-1ee8494da4af)
[2026-03-21 22:11:38.156 DBG] ViewerRepo :: UpdatePresence(twitch, 5), 0.0525ms
[2026-03-21 22:11:38.208 DBG] TwitchService :: Presence Timer :: Artificially updated presence with a threshold of 5 minutes (52.5566ms)
[2026-03-21 22:12:38.159 DBG] ViewerRepo :: UpdatePresence(twitch, 5), 0.0356ms
[2026-03-21 22:12:38.220 DBG] TwitchService :: Presence Timer :: Artificially updated presence with a threshold of 5 minutes (61.1189ms)
[2026-03-21 22:13:38.167 DBG] ViewerRepo :: UpdatePresence(twitch, 5), 0.0354ms
[2026-03-21 22:13:38.222 DBG] TwitchService :: Presence Timer :: Artificially updated presence with a threshold of 5 minutes (55.1263ms)
[2026-03-21 22:14:16.484 DBG] Credits :: Time to save 15.8819ms
[2026-03-21 22:14:38.172 DBG] ViewerRepo :: UpdatePresence(twitch, 5), 0.0343ms
[2026-03-21 22:14:38.226 DBG] TwitchService :: Presence Timer :: Artificially updated presence with a threshold of 5 minutes (54.2872ms)
[2026-03-21 22:15:38.183 DBG] ViewerRepo :: UpdatePresence(twitch, 5), 0.0376ms
[2026-03-21 22:15:38.241 DBG] TwitchService :: Presence Timer :: Artificially updated presence with a threshold of 5 minutes (58.0855ms)
[2026-03-21 22:15:41.431 DBG] AutoSave :: Auto saving settings...
[2026-03-21 22:15:41.451 DBG] Users :: Time to save 20.4327ms
[2026-03-21 22:15:41.475 DBG] Actions :: Time to save 23.9029ms
[2026-03-21 22:15:41.491 DBG] Commands :: Time to save 16.2013ms
[2026-03-21 22:15:41.505 DBG] Twitch Rewards :: Time to save 14.0469ms
[2026-03-21 22:15:41.520 DBG] Midi :: Time to save 14.6871ms
[2026-03-21 22:15:41.534 DBG] OBS Settings :: Time to save 14.5045ms
[2026-03-21 22:15:41.549 DBG] MeldStudio Settings :: Time to save 13.6146ms
[2026-03-21 22:15:41.563 DBG] Credits :: Time to save 14.8095ms
[2026-03-21 22:15:41.579 DBG] Quotes :: Time to save 15.7169ms
[2026-03-21 22:15:41.651 DBG] Config :: Time to save 13.1488ms
[2026-03-21 22:16:38.189 DBG] ViewerRepo :: UpdatePresence(twitch, 5), 0.0406ms
[2026-03-21 22:16:38.242 DBG] TwitchService :: Presence Timer :: Artificially updated presence with a threshold of 5 minutes (53.5613ms)
[2026-03-21 22:17:38.201 DBG] ViewerRepo :: UpdatePresence(twitch, 5), 0.0362ms
[2026-03-21 22:17:38.258 DBG] TwitchService :: Presence Timer :: Artificially updated presence with a threshold of 5 minutes (56.9407ms)
[2026-03-21 22:18:38.212 DBG] ViewerRepo :: UpdatePresence(twitch, 5), 0.0388ms
[2026-03-21 22:18:38.267 DBG] TwitchService :: Presence Timer :: Artificially updated presence with a threshold of 5 minutes (55.5622ms)
[2026-03-21 22:19:16.491 DBG] Credits :: Time to save 17.6396ms
[2026-03-21 22:19:38.221 DBG] ViewerRepo :: UpdatePresence(twitch, 5), 0.0376ms
[2026-03-21 22:19:38.282 DBG] TwitchService :: Presence Timer :: Artificially updated presence with a threshold of 5 minutes (61.3736ms)
[2026-03-21 22:20:38.235 DBG] ViewerRepo :: UpdatePresence(twitch, 5), 0.0408ms
[2026-03-21 22:20:38.793 DBG] TwitchService :: Presence Timer :: Artificially updated presence with a threshold of 5 minutes (558.2544ms)
[2026-03-21 22:20:41.651 DBG] AutoSave :: Auto saving settings...
[2026-03-21 22:20:41.674 DBG] Users :: Time to save 22.8695ms
[2026-03-21 22:20:41.698 DBG] Actions :: Time to save 24.1694ms
[2026-03-21 22:20:41.714 DBG] Commands :: Time to save 16.5891ms
[2026-03-21 22:20:41.732 DBG] Twitch Rewards :: Time to save 17.2259ms
[2026-03-21 22:20:41.746 DBG] Midi :: Time to save 14.1311ms
[2026-03-21 22:20:41.761 DBG] OBS Settings :: Time to save 14.6054ms
[2026-03-21 22:20:41.776 DBG] MeldStudio Settings :: Time to save 15.7754ms
[2026-03-21 22:20:41.792 DBG] Credits :: Time to save 15.7983ms
[2026-03-21 22:20:41.810 DBG] Quotes :: Time to save 17.373ms
[2026-03-21 22:20:41.876 DBG] Config :: Time to save 18.3261ms
[2026-03-21 22:20:54.129 DBG] ActionDispatcher :: Queueing 'Sub Goal' (361aa588-5f31-4e19-b8a5-099cae52479d, TimedAction) to 'Default' (00000000-0000-0000-0000-000000000000), with 11 arguments
[2026-03-21 22:20:54.129 DBG] ActionQueue :: 'Default' (00000000-0000-0000-0000-000000000000) :: Enqueue action 361aa588-5f31-4e19-b8a5-099cae52479d
[2026-03-21 22:20:54.129 DBG] ActionQueue :: 'Default' (00000000-0000-0000-0000-000000000000) :: Handling queue
[2026-03-21 22:20:54.129 DBG] ActionQueue :: 'Default' (00000000-0000-0000-0000-000000000000) :: Performing non-blocking 'Sub Goal' (361aa588-5f31-4e19-b8a5-099cae52479d, 62679901-1ff2-4de0-95b6-3e034f87ce75)
[2026-03-21 22:21:38.239 DBG] ViewerRepo :: UpdatePresence(twitch, 5), 0.036ms
[2026-03-21 22:21:38.301 DBG] TwitchService :: Presence Timer :: Artificially updated presence with a threshold of 5 minutes (62.6111ms)
[2026-03-21 22:22:38.254 DBG] ViewerRepo :: UpdatePresence(twitch, 5), 0.0347ms
[2026-03-21 22:22:38.311 DBG] TwitchService :: Presence Timer :: Artificially updated presence with a threshold of 5 minutes (57.279ms)
[2026-03-21 22:23:38.263 DBG] ViewerRepo :: UpdatePresence(twitch, 5), 0.0376ms
[2026-03-21 22:23:38.318 DBG] TwitchService :: Presence Timer :: Artificially updated presence with a threshold of 5 minutes (55.2501ms)
[2026-03-21 22:24:16.503 DBG] Credits :: Time to save 17.8809ms
[2026-03-21 22:24:38.273 DBG] ViewerRepo :: UpdatePresence(twitch, 5), 0.0386ms
[2026-03-21 22:24:38.324 DBG] TwitchService :: Presence Timer :: Artificially updated presence with a threshold of 5 minutes (51.9532ms)
[2026-03-21 22:25:38.277 DBG] ViewerRepo :: UpdatePresence(twitch, 5), 0.0401ms
[2026-03-21 22:25:38.336 DBG] TwitchService :: Presence Timer :: Artificially updated presence with a threshold of 5 minutes (59.1399ms)
[2026-03-21 22:25:41.888 DBG] AutoSave :: Auto saving settings...
[2026-03-21 22:25:41.907 DBG] Users :: Time to save 19.0562ms
[2026-03-21 22:25:41.930 DBG] Actions :: Time to save 23.3142ms
[2026-03-21 22:25:41.947 DBG] Commands :: Time to save 16.7493ms
[2026-03-21 22:25:41.963 DBG] Twitch Rewards :: Time to save 16.2302ms
[2026-03-21 22:25:41.977 DBG] Midi :: Time to save 13.8281ms
[2026-03-21 22:25:41.992 DBG] OBS Settings :: Time to save 15.2008ms
[2026-03-21 22:25:42.007 DBG] MeldStudio Settings :: Time to save 14.3189ms
[2026-03-21 22:25:42.021 DBG] Credits :: Time to save 14.9368ms
[2026-03-21 22:25:42.038 DBG] Quotes :: Time to save 16.6977ms
[2026-03-21 22:25:42.110 DBG] Config :: Time to save 17.7588ms
[2026-03-21 22:26:38.291 DBG] ViewerRepo :: UpdatePresence(twitch, 5), 0.0477ms
[2026-03-21 22:26:38.352 DBG] TwitchService :: Presence Timer :: Artificially updated presence with a threshold of 5 minutes (60.847ms)
[2026-03-21 22:27:38.293 DBG] ViewerRepo :: UpdatePresence(twitch, 5), 0.0355ms
[2026-03-21 22:27:38.353 DBG] TwitchService :: Presence Timer :: Artificially updated presence with a threshold of 5 minutes (60.4416ms)
[2026-03-21 22:28:38.302 DBG] ViewerRepo :: UpdatePresence(twitch, 5), 0.0359ms
[2026-03-21 22:28:38.373 DBG] TwitchService :: Presence Timer :: Artificially updated presence with a threshold of 5 minutes (71.211ms)
[2026-03-21 22:29:16.502 DBG] Credits :: Time to save 13.7972ms
[2026-03-21 22:29:38.304 DBG] ViewerRepo :: UpdatePresence(twitch, 5), 0.054ms
[2026-03-21 22:29:38.361 DBG] TwitchService :: Presence Timer :: Artificially updated presence with a threshold of 5 minutes (57.4284ms)
[2026-03-21 22:30:38.319 DBG] ViewerRepo :: UpdatePresence(twitch, 5), 0.0471ms
[2026-03-21 22:30:38.385 DBG] TwitchService :: Presence Timer :: Artificially updated presence with a threshold of 5 minutes (66.3046ms)
[2026-03-21 22:30:42.113 DBG] AutoSave :: Auto saving settings...
[2026-03-21 22:30:42.132 DBG] Users :: Time to save 19.4142ms
[2026-03-21 22:30:42.157 DBG] Actions :: Time to save 24.5377ms
[2026-03-21 22:30:42.174 DBG] Commands :: Time to save 17.8188ms
[2026-03-21 22:30:42.192 DBG] Twitch Rewards :: Time to save 17.7891ms
[2026-03-21 22:30:42.207 DBG] Midi :: Time to save 15.1421ms
[2026-03-21 22:30:42.224 DBG] OBS Settings :: Time to save 15.5831ms
[2026-03-21 22:30:42.239 DBG] MeldStudio Settings :: Time to save 15.3694ms
[2026-03-21 22:30:42.253 DBG] Credits :: Time to save 13.9668ms
[2026-03-21 22:30:42.270 DBG] Quotes :: Time to save 17.5275ms
[2026-03-21 22:30:42.338 DBG] Config :: Time to save 20.8826ms
[2026-03-21 22:30:54.996 DBG] ActionDispatcher :: Queueing 'Sub Goal' (361aa588-5f31-4e19-b8a5-099cae52479d, TimedAction) to 'Default' (00000000-0000-0000-0000-000000000000), with 11 arguments
[2026-03-21 22:30:54.996 DBG] ActionQueue :: 'Default' (00000000-0000-0000-0000-000000000000) :: Enqueue action 361aa588-5f31-4e19-b8a5-099cae52479d
[2026-03-21 22:30:54.996 DBG] ActionQueue :: 'Default' (00000000-0000-0000-0000-000000000000) :: Handling queue
[2026-03-21 22:30:54.996 DBG] ActionQueue :: 'Default' (00000000-0000-0000-0000-000000000000) :: Performing non-blocking 'Sub Goal' (361aa588-5f31-4e19-b8a5-099cae52479d, 94b1dda1-1efe-47bc-bad7-48b7e816805a)
[2026-03-21 22:31:38.320 DBG] ViewerRepo :: UpdatePresence(twitch, 5), 0.0338ms
[2026-03-21 22:31:38.377 DBG] TwitchService :: Presence Timer :: Artificially updated presence with a threshold of 5 minutes (57.7996ms)
[2026-03-21 22:32:38.328 DBG] ViewerRepo :: UpdatePresence(twitch, 5), 0.0396ms
[2026-03-21 22:32:38.384 DBG] TwitchService :: Presence Timer :: Artificially updated presence with a threshold of 5 minutes (56.8832ms)
[2026-03-21 22:33:38.342 DBG] ViewerRepo :: UpdatePresence(twitch, 5), 0.0445ms
[2026-03-21 22:33:38.399 DBG] TwitchService :: Presence Timer :: Artificially updated presence with a threshold of 5 minutes (56.2404ms)
[2026-03-21 22:34:16.514 DBG] Credits :: Time to save 16.7288ms
[2026-03-21 22:34:38.351 DBG] ViewerRepo :: UpdatePresence(twitch, 5), 0.0695ms
[2026-03-21 22:34:38.406 DBG] TwitchService :: Presence Timer :: Artificially updated presence with a threshold of 5 minutes (55.2223ms)
[2026-03-21 22:35:38.361 DBG] ViewerRepo :: UpdatePresence(twitch, 5), 0.0385ms
[2026-03-21 22:35:38.417 DBG] TwitchService :: Presence Timer :: Artificially updated presence with a threshold of 5 minutes (56.155ms)
[2026-03-21 22:35:42.358 DBG] AutoSave :: Auto saving settings...
[2026-03-21 22:35:42.377 DBG] Users :: Time to save 18.6745ms
[2026-03-21 22:35:42.401 DBG] Actions :: Time to save 23.6336ms
[2026-03-21 22:35:42.419 DBG] Commands :: Time to save 18.3057ms
[2026-03-21 22:35:42.437 DBG] Twitch Rewards :: Time to save 17.3619ms
[2026-03-21 22:35:42.451 DBG] Midi :: Time to save 14.4394ms
[2026-03-21 22:35:42.464 DBG] OBS Settings :: Time to save 13.5095ms
[2026-03-21 22:35:42.478 DBG] MeldStudio Settings :: Time to save 14.1545ms
[2026-03-21 22:35:42.490 DBG] Credits :: Time to save 11.5433ms
[2026-03-21 22:35:42.507 DBG] Quotes :: Time to save 16.7314ms
[2026-03-21 22:35:42.579 DBG] Config :: Time to save 18.3036ms
[2026-03-21 22:36:38.382 DBG] ViewerRepo :: UpdatePresence(twitch, 5), 0.0345ms
[2026-03-21 22:36:38.440 DBG] TwitchService :: Presence Timer :: Artificially updated presence with a threshold of 5 minutes (57.3495ms)
[2026-03-21 22:37:38.396 DBG] ViewerRepo :: UpdatePresence(twitch, 5), 0.0352ms
[2026-03-21 22:37:38.453 DBG] TwitchService :: Presence Timer :: Artificially updated presence with a threshold of 5 minutes (58.1518ms)
[2026-03-21 22:38:38.402 DBG] ViewerRepo :: UpdatePresence(twitch, 5), 0.0384ms
[2026-03-21 22:38:38.458 DBG] TwitchService :: Presence Timer :: Artificially updated presence with a threshold of 5 minutes (56.2953ms)
[2026-03-21 22:39:16.519 DBG] Credits :: Time to save 15.4348ms
[2026-03-21 22:39:38.404 DBG] ViewerRepo :: UpdatePresence(twitch, 5), 0.0428ms
[2026-03-21 22:39:38.460 DBG] TwitchService :: Presence Timer :: Artificially updated presence with a threshold of 5 minutes (56.322ms)
[2026-03-21 22:40:38.404 DBG] ViewerRepo :: UpdatePresence(twitch, 5), 0.0615ms
[2026-03-21 22:40:38.462 DBG] TwitchService :: Presence Timer :: Artificially updated presence with a threshold of 5 minutes (57.0595ms)
[2026-03-21 22:40:42.597 DBG] AutoSave :: Auto saving settings...
[2026-03-21 22:40:42.617 DBG] Users :: Time to save 20.156ms
[2026-03-21 22:40:42.640 DBG] Actions :: Time to save 23.0313ms
[2026-03-21 22:40:42.656 DBG] Commands :: Time to save 15.8168ms
[2026-03-21 22:40:42.673 DBG] Twitch Rewards :: Time to save 17.5051ms
[2026-03-21 22:40:42.688 DBG] Midi :: Time to save 15.0017ms
[2026-03-21 22:40:42.703 DBG] OBS Settings :: Time to save 15.0669ms
[2026-03-21 22:40:42.719 DBG] MeldStudio Settings :: Time to save 15.3441ms
[2026-03-21 22:40:42.732 DBG] Credits :: Time to save 13.6323ms
[2026-03-21 22:40:42.749 DBG] Quotes :: Time to save 16.844ms
[2026-03-21 22:40:42.821 DBG] Config :: Time to save 19.9349ms
[2026-03-21 22:40:55.862 DBG] ActionDispatcher :: Queueing 'Sub Goal' (361aa588-5f31-4e19-b8a5-099cae52479d, TimedAction) to 'Default' (00000000-0000-0000-0000-000000000000), with 11 arguments
[2026-03-21 22:40:55.862 DBG] ActionQueue :: 'Default' (00000000-0000-0000-0000-000000000000) :: Enqueue action 361aa588-5f31-4e19-b8a5-099cae52479d
[2026-03-21 22:40:55.862 DBG] ActionQueue :: 'Default' (00000000-0000-0000-0000-000000000000) :: Handling queue
[2026-03-21 22:40:55.862 DBG] ActionQueue :: 'Default' (00000000-0000-0000-0000-000000000000) :: Performing non-blocking 'Sub Goal' (361aa588-5f31-4e19-b8a5-099cae52479d, 81c8816c-1083-404a-9b72-9a7880eacaf9)
[2026-03-21 22:41:38.405 DBG] ViewerRepo :: UpdatePresence(twitch, 5), 0.0355ms
[2026-03-21 22:41:38.465 DBG] TwitchService :: Presence Timer :: Artificially updated presence with a threshold of 5 minutes (59.1543ms)
[2026-03-21 22:42:38.412 DBG] ViewerRepo :: UpdatePresence(twitch, 5), 0.0353ms
[2026-03-21 22:42:38.465 DBG] TwitchService :: Presence Timer :: Artificially updated presence with a threshold of 5 minutes (52.8295ms)
[2026-03-21 22:43:38.417 DBG] ViewerRepo :: UpdatePresence(twitch, 5), 0.0372ms
[2026-03-21 22:43:38.473 DBG] TwitchService :: Presence Timer :: Artificially updated presence with a threshold of 5 minutes (55.9345ms)
[2026-03-21 22:44:16.529 DBG] Credits :: Time to save 16.034ms
[2026-03-21 22:44:38.429 DBG] ViewerRepo :: UpdatePresence(twitch, 5), 0.0363ms
[2026-03-21 22:44:38.561 DBG] TwitchService :: Presence Timer :: Artificially updated presence with a threshold of 5 minutes (132.1421ms)
[2026-03-21 22:45:38.442 DBG] ViewerRepo :: UpdatePresence(twitch, 5), 0.0377ms
[2026-03-21 22:45:38.543 DBG] TwitchService :: Presence Timer :: Artificially updated presence with a threshold of 5 minutes (101.4358ms)
[2026-03-21 22:45:42.831 DBG] AutoSave :: Auto saving settings...
[2026-03-21 22:45:42.850 DBG] Users :: Time to save 18.9689ms
[2026-03-21 22:45:42.873 DBG] Actions :: Time to save 23.5673ms
[2026-03-21 22:45:42.890 DBG] Commands :: Time to save 17.5198ms
[2026-03-21 22:45:42.909 DBG] Twitch Rewards :: Time to save 17.3782ms
[2026-03-21 22:45:42.924 DBG] Midi :: Time to save 16.134ms
[2026-03-21 22:45:42.941 DBG] OBS Settings :: Time to save 16.5273ms
[2026-03-21 22:45:42.956 DBG] MeldStudio Settings :: Time to save 14.9197ms
[2026-03-21 22:45:42.966 DBG] Credits :: Time to save 10.6061ms
[2026-03-21 22:45:42.979 DBG] Quotes :: Time to save 11.8305ms
[2026-03-21 22:45:43.052 DBG] Config :: Time to save 18.7486ms
[2026-03-21 22:46:38.450 DBG] ViewerRepo :: UpdatePresence(twitch, 5), 0.0364ms
[2026-03-21 22:46:38.546 DBG] TwitchService :: Presence Timer :: Artificially updated presence with a threshold of 5 minutes (97.6286ms)
[2026-03-21 22:47:38.462 DBG] ViewerRepo :: UpdatePresence(twitch, 5), 0.0358ms
[2026-03-21 22:47:38.557 DBG] TwitchService :: Presence Timer :: Artificially updated presence with a threshold of 5 minutes (95.7888ms)
[2026-03-21 22:48:38.491 DBG] ViewerRepo :: UpdatePresence(twitch, 5), 0.0453ms
[2026-03-21 22:48:38.584 DBG] TwitchService :: Presence Timer :: Artificially updated presence with a threshold of 5 minutes (93.4358ms)
[2026-03-21 22:49:16.542 DBG] Credits :: Time to save 14.3689ms
[2026-03-21 22:49:38.502 DBG] ViewerRepo :: UpdatePresence(twitch, 5), 0.037ms
[2026-03-21 22:49:38.596 DBG] TwitchService :: Presence Timer :: Artificially updated presence with a threshold of 5 minutes (94.2191ms)
[2026-03-21 22:50:38.505 DBG] ViewerRepo :: UpdatePresence(twitch, 5), 0.0377ms
[2026-03-21 22:50:38.596 DBG] TwitchService :: Presence Timer :: Artificially updated presence with a threshold of 5 minutes (90.6837ms)
[2026-03-21 22:50:43.067 DBG] AutoSave :: Auto saving settings...
[2026-03-21 22:50:43.086 DBG] Users :: Time to save 18.8379ms
[2026-03-21 22:50:43.110 DBG] Actions :: Time to save 24.2253ms
[2026-03-21 22:50:43.124 DBG] Commands :: Time to save 15.2252ms
[2026-03-21 22:50:43.142 DBG] Twitch Rewards :: Time to save 16.6349ms
[2026-03-21 22:50:43.152 DBG] Midi :: Time to save 9.9354ms
[2026-03-21 22:50:43.169 DBG] OBS Settings :: Time to save 17.3103ms
[2026-03-21 22:50:43.184 DBG] MeldStudio Settings :: Time to save 15.7226ms
[2026-03-21 22:50:43.198 DBG] Credits :: Time to save 13.761ms
[2026-03-21 22:50:43.215 DBG] Quotes :: Time to save 16.41ms
[2026-03-21 22:50:43.290 DBG] Config :: Time to save 19.5805ms
[2026-03-21 22:50:56.443 DBG] ActionDispatcher :: Queueing 'Sub Goal' (361aa588-5f31-4e19-b8a5-099cae52479d, TimedAction) to 'Default' (00000000-0000-0000-0000-000000000000), with 11 arguments
[2026-03-21 22:50:56.443 DBG] ActionQueue :: 'Default' (00000000-0000-0000-0000-000000000000) :: Enqueue action 361aa588-5f31-4e19-b8a5-099cae52479d
[2026-03-21 22:50:56.443 DBG] ActionQueue :: 'Default' (00000000-0000-0000-0000-000000000000) :: Handling queue
[2026-03-21 22:50:56.443 DBG] ActionQueue :: 'Default' (00000000-0000-0000-0000-000000000000) :: Performing non-blocking 'Sub Goal' (361aa588-5f31-4e19-b8a5-099cae52479d, c3e50881-607b-40fa-a728-4eb30e7a8bc8)
[2026-03-21 22:51:38.507 DBG] ViewerRepo :: UpdatePresence(twitch, 5), 0.0387ms
[2026-03-21 22:51:38.606 DBG] TwitchService :: Presence Timer :: Artificially updated presence with a threshold of 5 minutes (98.8713ms)
[2026-03-21 22:52:38.519 DBG] ViewerRepo :: UpdatePresence(twitch, 5), 0.0364ms
[2026-03-21 22:52:38.616 DBG] TwitchService :: Presence Timer :: Artificially updated presence with a threshold of 5 minutes (96.8376ms)
[2026-03-21 22:53:38.522 DBG] ViewerRepo :: UpdatePresence(twitch, 5), 0.0356ms
[2026-03-21 22:53:38.622 DBG] TwitchService :: Presence Timer :: Artificially updated presence with a threshold of 5 minutes (100.4523ms)
[2026-03-21 22:54:16.548 DBG] Credits :: Time to save 12.7941ms
[2026-03-21 22:54:38.526 DBG] ViewerRepo :: UpdatePresence(twitch, 5), 0.0366ms
[2026-03-21 22:54:38.750 DBG] TwitchService :: Presence Timer :: Artificially updated presence with a threshold of 5 minutes (224.5958ms)
[2026-03-21 22:55:38.542 DBG] ViewerRepo :: UpdatePresence(twitch, 5), 0.0372ms
[2026-03-21 22:55:38.637 DBG] TwitchService :: Presence Timer :: Artificially updated presence with a threshold of 5 minutes (95.7818ms)
[2026-03-21 22:55:43.301 DBG] AutoSave :: Auto saving settings...
[2026-03-21 22:55:43.321 DBG] Users :: Time to save 19.2837ms
[2026-03-21 22:55:43.346 DBG] Actions :: Time to save 24.654ms
[2026-03-21 22:55:43.362 DBG] Commands :: Time to save 16.763ms
[2026-03-21 22:55:43.375 DBG] Twitch Rewards :: Time to save 13.0598ms
[2026-03-21 22:55:43.389 DBG] Midi :: Time to save 14.3838ms
[2026-03-21 22:55:43.403 DBG] OBS Settings :: Time to save 14.6476ms
[2026-03-21 22:55:43.419 DBG] MeldStudio Settings :: Time to save 14.2324ms
[2026-03-21 22:55:43.433 DBG] Credits :: Time to save 14.1377ms
[2026-03-21 22:55:43.450 DBG] Quotes :: Time to save 17.1768ms
[2026-03-21 22:55:43.525 DBG] Config :: Time to save 20.0566ms
[2026-03-21 22:56:38.545 DBG] ViewerRepo :: UpdatePresence(twitch, 5), 0.0395ms
[2026-03-21 22:56:38.635 DBG] TwitchService :: Presence Timer :: Artificially updated presence with a threshold of 5 minutes (90.3835ms)
[2026-03-21 22:57:38.556 DBG] ViewerRepo :: UpdatePresence(twitch, 5), 0.0442ms
[2026-03-21 22:57:38.645 DBG] TwitchService :: Presence Timer :: Artificially updated presence with a threshold of 5 minutes (89.9291ms)
[2026-03-21 22:58:38.573 DBG] ViewerRepo :: UpdatePresence(twitch, 5), 0.0385ms
[2026-03-21 22:58:38.672 DBG] TwitchService :: Presence Timer :: Artificially updated presence with a threshold of 5 minutes (98.3758ms)
[2026-03-21 22:59:16.562 DBG] Credits :: Time to save 16.4263ms
[2026-03-21 22:59:38.585 DBG] ViewerRepo :: UpdatePresence(twitch, 5), 0.0368ms
[2026-03-21 22:59:38.677 DBG] TwitchService :: Presence Timer :: Artificially updated presence with a threshold of 5 minutes (92.6312ms)
[2026-03-21 23:00:38.590 DBG] ViewerRepo :: UpdatePresence(twitch, 5), 0.045ms
[2026-03-21 23:00:38.693 DBG] TwitchService :: Presence Timer :: Artificially updated presence with a threshold of 5 minutes (102.5187ms)
[2026-03-21 23:00:43.531 DBG] AutoSave :: Auto saving settings...
[2026-03-21 23:00:43.551 DBG] Users :: Time to save 19.6775ms
[2026-03-21 23:00:43.575 DBG] Actions :: Time to save 24.0643ms
[2026-03-21 23:00:43.591 DBG] Commands :: Time to save 15.8506ms
[2026-03-21 23:00:43.608 DBG] Twitch Rewards :: Time to save 16.8378ms
[2026-03-21 23:00:43.623 DBG] Midi :: Time to save 16.0586ms
[2026-03-21 23:00:43.638 DBG] OBS Settings :: Time to save 14.5507ms
[2026-03-21 23:00:43.653 DBG] MeldStudio Settings :: Time to save 14.7425ms
[2026-03-21 23:00:43.669 DBG] Credits :: Time to save 15.5071ms
[2026-03-21 23:00:43.687 DBG] Quotes :: Time to save 17.3536ms
[2026-03-21 23:00:43.755 DBG] Config :: Time to save 19.4258ms
[2026-03-21 23:00:57.228 DBG] ActionDispatcher :: Queueing 'Sub Goal' (361aa588-5f31-4e19-b8a5-099cae52479d, TimedAction) to 'Default' (00000000-0000-0000-0000-000000000000), with 11 arguments
[2026-03-21 23:00:57.228 DBG] ActionQueue :: 'Default' (00000000-0000-0000-0000-000000000000) :: Enqueue action 361aa588-5f31-4e19-b8a5-099cae52479d
[2026-03-21 23:00:57.228 DBG] ActionQueue :: 'Default' (00000000-0000-0000-0000-000000000000) :: Handling queue
[2026-03-21 23:00:57.228 DBG] ActionQueue :: 'Default' (00000000-0000-0000-0000-000000000000) :: Performing non-blocking 'Sub Goal' (361aa588-5f31-4e19-b8a5-099cae52479d, c66bd165-8b10-4a48-80b8-65321121a3ef)
[2026-03-21 23:01:38.605 DBG] ViewerRepo :: UpdatePresence(twitch, 5), 0.0382ms
[2026-03-21 23:01:38.695 DBG] TwitchService :: Presence Timer :: Artificially updated presence with a threshold of 5 minutes (90.5607ms)
[2026-03-21 23:02:38.607 DBG] ViewerRepo :: UpdatePresence(twitch, 5), 0.0357ms
[2026-03-21 23:02:38.701 DBG] TwitchService :: Presence Timer :: Artificially updated presence with a threshold of 5 minutes (94.6872ms)
[2026-03-21 23:03:38.612 DBG] ViewerRepo :: UpdatePresence(twitch, 5), 0.0372ms
[2026-03-21 23:03:38.709 DBG] TwitchService :: Presence Timer :: Artificially updated presence with a threshold of 5 minutes (98.0304ms)
[2026-03-21 23:04:16.574 DBG] Credits :: Time to save 18.2166ms
[2026-03-21 23:04:38.613 DBG] ViewerRepo :: UpdatePresence(twitch, 5), 0.0356ms
[2026-03-21 23:04:38.707 DBG] TwitchService :: Presence Timer :: Artificially updated presence with a threshold of 5 minutes (93.4562ms)
[2026-03-21 23:05:38.623 DBG] ViewerRepo :: UpdatePresence(twitch, 5), 0.0361ms
[2026-03-21 23:05:38.718 DBG] TwitchService :: Presence Timer :: Artificially updated presence with a threshold of 5 minutes (95.093ms)
[2026-03-21 23:05:43.769 DBG] AutoSave :: Auto saving settings...
[2026-03-21 23:05:43.789 DBG] Users :: Time to save 19.789ms
[2026-03-21 23:05:43.812 DBG] Actions :: Time to save 23.2821ms
[2026-03-21 23:05:43.830 DBG] Commands :: Time to save 16.9467ms
[2026-03-21 23:05:43.845 DBG] Twitch Rewards :: Time to save 16.1343ms
[2026-03-21 23:05:43.860 DBG] Midi :: Time to save 13.9157ms
[2026-03-21 23:05:43.873 DBG] OBS Settings :: Time to save 13.6034ms
[2026-03-21 23:05:43.887 DBG] MeldStudio Settings :: Time to save 14.1247ms
[2026-03-21 23:05:43.902 DBG] Credits :: Time to save 14.7665ms
[2026-03-21 23:05:43.919 DBG] Quotes :: Time to save 16.6685ms
[2026-03-21 23:05:43.992 DBG] Config :: Time to save 19.546ms
[2026-03-21 23:06:38.624 DBG] ViewerRepo :: UpdatePresence(twitch, 5), 0.0363ms
[2026-03-21 23:06:38.716 DBG] TwitchService :: Presence Timer :: Artificially updated presence with a threshold of 5 minutes (93.0121ms)
[2026-03-21 23:07:38.628 DBG] ViewerRepo :: UpdatePresence(twitch, 5), 0.0392ms
[2026-03-21 23:07:38.721 DBG] TwitchService :: Presence Timer :: Artificially updated presence with a threshold of 5 minutes (93.0235ms)
[2026-03-21 23:08:38.640 DBG] ViewerRepo :: UpdatePresence(twitch, 5), 0.0499ms
[2026-03-21 23:08:38.734 DBG] TwitchService :: Presence Timer :: Artificially updated presence with a threshold of 5 minutes (94.1665ms)
[2026-03-21 23:09:16.586 DBG] Credits :: Time to save 17.6617ms
[2026-03-21 23:09:38.652 DBG] ViewerRepo :: UpdatePresence(twitch, 5), 0.0381ms
[2026-03-21 23:09:38.749 DBG] TwitchService :: Presence Timer :: Artificially updated presence with a threshold of 5 minutes (97.1221ms)
[2026-03-21 23:10:38.667 DBG] ViewerRepo :: UpdatePresence(twitch, 5), 0.0342ms
[2026-03-21 23:10:38.760 DBG] TwitchService :: Presence Timer :: Artificially updated presence with a threshold of 5 minutes (93.3652ms)
[2026-03-21 23:10:44.016 DBG] AutoSave :: Auto saving settings...
[2026-03-21 23:10:44.031 DBG] Users :: Time to save 15.0643ms
[2026-03-21 23:10:44.053 DBG] Actions :: Time to save 22.7146ms
[2026-03-21 23:10:44.070 DBG] Commands :: Time to save 16.4699ms
[2026-03-21 23:10:44.087 DBG] Twitch Rewards :: Time to save 16.5629ms
[2026-03-21 23:10:44.099 DBG] Midi :: Time to save 11.3897ms
[2026-03-21 23:10:44.113 DBG] OBS Settings :: Time to save 15.4565ms
[2026-03-21 23:10:44.125 DBG] MeldStudio Settings :: Time to save 11.2285ms
[2026-03-21 23:10:44.139 DBG] Credits :: Time to save 13.4378ms
[2026-03-21 23:10:44.155 DBG] Quotes :: Time to save 16.3068ms
[2026-03-21 23:10:44.239 DBG] Config :: Time to save 18.5568ms
[2026-03-21 23:10:58.101 DBG] ActionDispatcher :: Queueing 'Sub Goal' (361aa588-5f31-4e19-b8a5-099cae52479d, TimedAction) to 'Default' (00000000-0000-0000-0000-000000000000), with 11 arguments
[2026-03-21 23:10:58.101 DBG] ActionQueue :: 'Default' (00000000-0000-0000-0000-000000000000) :: Enqueue action 361aa588-5f31-4e19-b8a5-099cae52479d
[2026-03-21 23:10:58.101 DBG] ActionQueue :: 'Default' (00000000-0000-0000-0000-000000000000) :: Handling queue
[2026-03-21 23:10:58.101 DBG] ActionQueue :: 'Default' (00000000-0000-0000-0000-000000000000) :: Performing non-blocking 'Sub Goal' (361aa588-5f31-4e19-b8a5-099cae52479d, 2ed6cc08-7300-40ca-9de4-35c8e9812056)
[2026-03-21 23:11:38.673 DBG] ViewerRepo :: UpdatePresence(twitch, 5), 0.0404ms
[2026-03-21 23:11:38.770 DBG] TwitchService :: Presence Timer :: Artificially updated presence with a threshold of 5 minutes (96.7108ms)
[2026-03-21 23:12:38.685 DBG] ViewerRepo :: UpdatePresence(twitch, 5), 0.037ms
[2026-03-21 23:12:38.778 DBG] TwitchService :: Presence Timer :: Artificially updated presence with a threshold of 5 minutes (93.0336ms)
[2026-03-21 23:13:38.692 DBG] ViewerRepo :: UpdatePresence(twitch, 5), 0.0361ms
[2026-03-21 23:13:38.782 DBG] TwitchService :: Presence Timer :: Artificially updated presence with a threshold of 5 minutes (90.4991ms)
[2026-03-21 23:14:16.595 DBG] Credits :: Time to save 17.0078ms
[2026-03-21 23:14:38.696 DBG] ViewerRepo :: UpdatePresence(twitch, 5), 0.0361ms
[2026-03-21 23:14:38.793 DBG] TwitchService :: Presence Timer :: Artificially updated presence with a threshold of 5 minutes (96.7501ms)
[2026-03-21 23:15:38.708 DBG] ViewerRepo :: UpdatePresence(twitch, 5), 0.0474ms
[2026-03-21 23:15:38.803 DBG] TwitchService :: Presence Timer :: Artificially updated presence with a threshold of 5 minutes (94.8226ms)
[2026-03-21 23:15:44.227 DBG] AutoSave :: Auto saving settings...
[2026-03-21 23:15:44.247 DBG] Users :: Time to save 20.0086ms
[2026-03-21 23:15:44.272 DBG] Actions :: Time to save 24.765ms
[2026-03-21 23:15:44.287 DBG] Commands :: Time to save 15.3569ms
[2026-03-21 23:15:44.300 DBG] Twitch Rewards :: Time to save 13.5982ms
[2026-03-21 23:15:44.316 DBG] Midi :: Time to save 15.6719ms
[2026-03-21 23:15:44.332 DBG] OBS Settings :: Time to save 15.4808ms
[2026-03-21 23:15:44.348 DBG] MeldStudio Settings :: Time to save 15.6873ms
[2026-03-21 23:15:44.363 DBG] Credits :: Time to save 15.4774ms
[2026-03-21 23:15:44.378 DBG] Quotes :: Time to save 15.3054ms
[2026-03-21 23:15:44.448 DBG] Config :: Time to save 17.4598ms
[2026-03-21 23:16:38.718 DBG] ViewerRepo :: UpdatePresence(twitch, 5), 0.0373ms
[2026-03-21 23:16:38.813 DBG] TwitchService :: Presence Timer :: Artificially updated presence with a threshold of 5 minutes (95.1148ms)
[2026-03-21 23:17:38.731 DBG] ViewerRepo :: UpdatePresence(twitch, 5), 0.0374ms
[2026-03-21 23:17:38.824 DBG] TwitchService :: Presence Timer :: Artificially updated presence with a threshold of 5 minutes (93.1878ms)
[2026-03-21 23:18:38.734 DBG] ViewerRepo :: UpdatePresence(twitch, 5), 0.0389ms
[2026-03-21 23:18:38.838 DBG] TwitchService :: Presence Timer :: Artificially updated presence with a threshold of 5 minutes (102.9547ms)
[2026-03-21 23:19:16.607 DBG] Credits :: Time to save 16.7487ms
[2026-03-21 23:19:38.737 DBG] ViewerRepo :: UpdatePresence(twitch, 5), 0.0353ms
[2026-03-21 23:19:38.835 DBG] TwitchService :: Presence Timer :: Artificially updated presence with a threshold of 5 minutes (98.5973ms)
[2026-03-21 23:20:38.740 DBG] ViewerRepo :: UpdatePresence(twitch, 5), 0.0359ms
[2026-03-21 23:20:39.322 DBG] TwitchService :: Presence Timer :: Artificially updated presence with a threshold of 5 minutes (582.821ms)
[2026-03-21 23:20:44.496 DBG] AutoSave :: Auto saving settings...
[2026-03-21 23:20:44.515 DBG] Users :: Time to save 19.4484ms
[2026-03-21 23:20:44.540 DBG] Actions :: Time to save 24.6989ms
[2026-03-21 23:20:44.558 DBG] Commands :: Time to save 17.5193ms
[2026-03-21 23:20:44.573 DBG] Twitch Rewards :: Time to save 16.3552ms
[2026-03-21 23:20:44.589 DBG] Midi :: Time to save 14.9754ms
[2026-03-21 23:20:44.604 DBG] OBS Settings :: Time to save 14.6919ms
[2026-03-21 23:20:44.617 DBG] MeldStudio Settings :: Time to save 13.5516ms
[2026-03-21 23:20:44.632 DBG] Credits :: Time to save 14.5273ms
[2026-03-21 23:20:44.648 DBG] Quotes :: Time to save 16.1601ms
[2026-03-21 23:20:44.717 DBG] Config :: Time to save 17.1128ms
[2026-03-21 23:20:58.602 DBG] ActionDispatcher :: Queueing 'Sub Goal' (361aa588-5f31-4e19-b8a5-099cae52479d, TimedAction) to 'Default' (00000000-0000-0000-0000-000000000000), with 11 arguments
[2026-03-21 23:20:58.602 DBG] ActionQueue :: 'Default' (00000000-0000-0000-0000-000000000000) :: Enqueue action 361aa588-5f31-4e19-b8a5-099cae52479d
[2026-03-21 23:20:58.602 DBG] ActionQueue :: 'Default' (00000000-0000-0000-0000-000000000000) :: Handling queue
[2026-03-21 23:20:58.603 DBG] ActionQueue :: 'Default' (00000000-0000-0000-0000-000000000000) :: Performing non-blocking 'Sub Goal' (361aa588-5f31-4e19-b8a5-099cae52479d, 7218ee3b-f25e-4b9f-8b6b-c39625ffc9d6)
[2026-03-21 23:21:38.751 DBG] ViewerRepo :: UpdatePresence(twitch, 5), 0.0359ms
[2026-03-21 23:21:38.845 DBG] TwitchService :: Presence Timer :: Artificially updated presence with a threshold of 5 minutes (93.6919ms)
[2026-03-21 23:22:38.759 DBG] ViewerRepo :: UpdatePresence(twitch, 5), 0.0355ms
[2026-03-21 23:22:38.849 DBG] TwitchService :: Presence Timer :: Artificially updated presence with a threshold of 5 minutes (90.6499ms)
[2026-03-21 23:23:38.774 DBG] ViewerRepo :: UpdatePresence(twitch, 5), 0.038ms
[2026-03-21 23:23:38.866 DBG] TwitchService :: Presence Timer :: Artificially updated presence with a threshold of 5 minutes (92.796ms)
[2026-03-21 23:24:16.618 DBG] Credits :: Time to save 19.1918ms
[2026-03-21 23:24:38.786 DBG] ViewerRepo :: UpdatePresence(twitch, 5), 0.0517ms
[2026-03-21 23:24:38.876 DBG] TwitchService :: Presence Timer :: Artificially updated presence with a threshold of 5 minutes (90.2575ms)
[2026-03-21 23:25:38.796 DBG] ViewerRepo :: UpdatePresence(twitch, 5), 0.04ms
[2026-03-21 23:25:38.891 DBG] TwitchService :: Presence Timer :: Artificially updated presence with a threshold of 5 minutes (96.086ms)
[2026-03-21 23:25:44.737 DBG] AutoSave :: Auto saving settings...
[2026-03-21 23:25:44.756 DBG] Users :: Time to save 19.3331ms
[2026-03-21 23:25:44.780 DBG] Actions :: Time to save 24.3639ms
[2026-03-21 23:25:44.798 DBG] Commands :: Time to save 17.1267ms
[2026-03-21 23:25:44.815 DBG] Twitch Rewards :: Time to save 16.8379ms
[2026-03-21 23:25:44.830 DBG] Midi :: Time to save 15.5455ms
[2026-03-21 23:25:44.842 DBG] OBS Settings :: Time to save 12.113ms
[2026-03-21 23:25:44.857 DBG] MeldStudio Settings :: Time to save 14.6368ms
[2026-03-21 23:25:44.872 DBG] Credits :: Time to save 14.9074ms
[2026-03-21 23:25:44.889 DBG] Quotes :: Time to save 16.6092ms
[2026-03-21 23:25:44.961 DBG] Config :: Time to save 19.9627ms
[2026-03-21 23:26:38.800 DBG] ViewerRepo :: UpdatePresence(twitch, 5), 0.0359ms
[2026-03-21 23:26:38.893 DBG] TwitchService :: Presence Timer :: Artificially updated presence with a threshold of 5 minutes (93.3044ms)
[2026-03-21 23:27:38.815 DBG] ViewerRepo :: UpdatePresence(twitch, 5), 0.0461ms
[2026-03-21 23:27:38.909 DBG] TwitchService :: Presence Timer :: Artificially updated presence with a threshold of 5 minutes (94.5878ms)
[2026-03-21 23:28:38.830 DBG] ViewerRepo :: UpdatePresence(twitch, 5), 0.0348ms
[2026-03-21 23:28:38.921 DBG] TwitchService :: Presence Timer :: Artificially updated presence with a threshold of 5 minutes (91.3656ms)
[2026-03-21 23:29:16.615 DBG] Credits :: Time to save 12.6562ms
[2026-03-21 23:29:38.830 DBG] ViewerRepo :: UpdatePresence(twitch, 5), 0.0376ms
[2026-03-21 23:29:38.926 DBG] TwitchService :: Presence Timer :: Artificially updated presence with a threshold of 5 minutes (96.511ms)
[2026-03-21 23:30:38.838 DBG] ViewerRepo :: UpdatePresence(twitch, 5), 0.0354ms
[2026-03-21 23:30:38.933 DBG] TwitchService :: Presence Timer :: Artificially updated presence with a threshold of 5 minutes (95.0782ms)
[2026-03-21 23:30:44.969 DBG] AutoSave :: Auto saving settings...
[2026-03-21 23:30:44.988 DBG] Users :: Time to save 19.4877ms
[2026-03-21 23:30:45.011 DBG] Actions :: Time to save 23.0497ms
[2026-03-21 23:30:45.028 DBG] Commands :: Time to save 16.6824ms
[2026-03-21 23:30:45.043 DBG] Twitch Rewards :: Time to save 16.2167ms
[2026-03-21 23:30:45.056 DBG] Midi :: Time to save 11.5141ms
[2026-03-21 23:30:45.069 DBG] OBS Settings :: Time to save 12.5696ms
[2026-03-21 23:30:45.083 DBG] MeldStudio Settings :: Time to save 14.1648ms
[2026-03-21 23:30:45.097 DBG] Credits :: Time to save 14.3304ms
[2026-03-21 23:30:45.111 DBG] Quotes :: Time to save 13.6335ms
[2026-03-21 23:30:45.192 DBG] Config :: Time to save 19.4343ms
[2026-03-21 23:30:59.138 DBG] ActionDispatcher :: Queueing 'Sub Goal' (361aa588-5f31-4e19-b8a5-099cae52479d, TimedAction) to 'Default' (00000000-0000-0000-0000-000000000000), with 11 arguments
[2026-03-21 23:30:59.138 DBG] ActionQueue :: 'Default' (00000000-0000-0000-0000-000000000000) :: Enqueue action 361aa588-5f31-4e19-b8a5-099cae52479d
[2026-03-21 23:30:59.138 DBG] ActionQueue :: 'Default' (00000000-0000-0000-0000-000000000000) :: Handling queue
[2026-03-21 23:30:59.138 DBG] ActionQueue :: 'Default' (00000000-0000-0000-0000-000000000000) :: Performing non-blocking 'Sub Goal' (361aa588-5f31-4e19-b8a5-099cae52479d, b2289b44-eadb-4757-8d26-6eaacc286924)
[2026-03-21 23:31:38.848 DBG] ViewerRepo :: UpdatePresence(twitch, 5), 0.035ms
[2026-03-21 23:31:38.942 DBG] TwitchService :: Presence Timer :: Artificially updated presence with a threshold of 5 minutes (94.096ms)
[2026-03-21 23:32:38.852 DBG] ViewerRepo :: UpdatePresence(twitch, 5), 0.0371ms
[2026-03-21 23:32:38.947 DBG] TwitchService :: Presence Timer :: Artificially updated presence with a threshold of 5 minutes (94.1257ms)
[2026-03-21 23:33:38.856 DBG] ViewerRepo :: UpdatePresence(twitch, 5), 0.0362ms
[2026-03-21 23:33:38.949 DBG] TwitchService :: Presence Timer :: Artificially updated presence with a threshold of 5 minutes (93.3115ms)
[2026-03-21 23:34:16.623 DBG] Credits :: Time to save 15.0405ms
[2026-03-21 23:34:38.870 DBG] ViewerRepo :: UpdatePresence(twitch, 5), 0.0363ms
[2026-03-21 23:34:38.962 DBG] TwitchService :: Presence Timer :: Artificially updated presence with a threshold of 5 minutes (92.7702ms)
[2026-03-21 23:35:38.876 DBG] ViewerRepo :: UpdatePresence(twitch, 5), 0.0482ms
[2026-03-21 23:35:38.969 DBG] TwitchService :: Presence Timer :: Artificially updated presence with a threshold of 5 minutes (93.8033ms)
[2026-03-21 23:35:45.184 DBG] AutoSave :: Auto saving settings...
[2026-03-21 23:35:45.203 DBG] Users :: Time to save 19.784ms
[2026-03-21 23:35:45.230 DBG] Actions :: Time to save 25.7062ms
[2026-03-21 23:35:45.248 DBG] Commands :: Time to save 17.9735ms
[2026-03-21 23:35:45.265 DBG] Twitch Rewards :: Time to save 17.7333ms
[2026-03-21 23:35:45.281 DBG] Midi :: Time to save 15.1293ms
[2026-03-21 23:35:45.296 DBG] OBS Settings :: Time to save 15.3696ms
[2026-03-21 23:35:45.311 DBG] MeldStudio Settings :: Time to save 15.3532ms
[2026-03-21 23:35:45.327 DBG] Credits :: Time to save 15.0319ms
[2026-03-21 23:35:45.345 DBG] Quotes :: Time to save 17.8811ms
[2026-03-21 23:35:45.408 DBG] Config :: Time to save 19.1838ms
[2026-03-21 23:36:38.886 DBG] ViewerRepo :: UpdatePresence(twitch, 5), 0.0394ms
[2026-03-21 23:36:38.983 DBG] TwitchService :: Presence Timer :: Artificially updated presence with a threshold of 5 minutes (98.3298ms)
[2026-03-21 23:37:38.890 DBG] ViewerRepo :: UpdatePresence(twitch, 5), 0.0361ms
[2026-03-21 23:37:38.981 DBG] TwitchService :: Presence Timer :: Artificially updated presence with a threshold of 5 minutes (91.9505ms)
[2026-03-21 23:38:38.902 DBG] ViewerRepo :: UpdatePresence(twitch, 5), 0.0388ms
[2026-03-21 23:38:39.000 DBG] TwitchService :: Presence Timer :: Artificially updated presence with a threshold of 5 minutes (98.6671ms)
[2026-03-21 23:39:16.634 DBG] Credits :: Time to save 13.9029ms
[2026-03-21 23:39:38.918 DBG] ViewerRepo :: UpdatePresence(twitch, 5), 0.0384ms
[2026-03-21 23:39:39.008 DBG] TwitchService :: Presence Timer :: Artificially updated presence with a threshold of 5 minutes (89.8439ms)
[2026-03-21 23:40:38.931 DBG] ViewerRepo :: UpdatePresence(twitch, 5), 0.0418ms
[2026-03-21 23:40:39.025 DBG] TwitchService :: Presence Timer :: Artificially updated presence with a threshold of 5 minutes (95.1244ms)
[2026-03-21 23:40:45.450 DBG] AutoSave :: Auto saving settings...
[2026-03-21 23:40:45.473 DBG] Users :: Time to save 21.9794ms
[2026-03-21 23:40:45.497 DBG] Actions :: Time to save 23.942ms
[2026-03-21 23:40:45.515 DBG] Commands :: Time to save 18.4694ms
[2026-03-21 23:40:45.532 DBG] Twitch Rewards :: Time to save 17.4194ms
[2026-03-21 23:40:45.548 DBG] Midi :: Time to save 14.981ms
[2026-03-21 23:40:45.563 DBG] OBS Settings :: Time to save 14.7994ms
[2026-03-21 23:40:45.577 DBG] MeldStudio Settings :: Time to save 14.5197ms
[2026-03-21 23:40:45.588 DBG] Credits :: Time to save 10.5306ms
[2026-03-21 23:40:45.603 DBG] Quotes :: Time to save 15.8512ms
[2026-03-21 23:40:45.670 DBG] Config :: Time to save 18.6239ms
[2026-03-21 23:40:59.770 DBG] ActionDispatcher :: Queueing 'Sub Goal' (361aa588-5f31-4e19-b8a5-099cae52479d, TimedAction) to 'Default' (00000000-0000-0000-0000-000000000000), with 11 arguments
[2026-03-21 23:40:59.770 DBG] ActionQueue :: 'Default' (00000000-0000-0000-0000-000000000000) :: Enqueue action 361aa588-5f31-4e19-b8a5-099cae52479d
[2026-03-21 23:40:59.770 DBG] ActionQueue :: 'Default' (00000000-0000-0000-0000-000000000000) :: Handling queue
[2026-03-21 23:40:59.770 DBG] ActionQueue :: 'Default' (00000000-0000-0000-0000-000000000000) :: Performing non-blocking 'Sub Goal' (361aa588-5f31-4e19-b8a5-099cae52479d, cc7cf823-b374-4ab1-a592-1956fc1d4bd8)
[2026-03-21 23:41:38.934 DBG] ViewerRepo :: UpdatePresence(twitch, 5), 0.0359ms
[2026-03-21 23:41:39.026 DBG] TwitchService :: Presence Timer :: Artificially updated presence with a threshold of 5 minutes (91.4504ms)
[2026-03-21 23:42:38.943 DBG] ViewerRepo :: UpdatePresence(twitch, 5), 0.0479ms
[2026-03-21 23:42:39.061 DBG] TwitchService :: Presence Timer :: Artificially updated presence with a threshold of 5 minutes (118.0727ms)
[2026-03-21 23:43:38.954 DBG] ViewerRepo :: UpdatePresence(twitch, 5), 0.0373ms
[2026-03-21 23:43:39.047 DBG] TwitchService :: Presence Timer :: Artificially updated presence with a threshold of 5 minutes (92.8287ms)
[2026-03-21 23:44:16.642 DBG] Credits :: Time to save 16.4514ms
[2026-03-21 23:44:38.964 DBG] ViewerRepo :: UpdatePresence(twitch, 5), 0.0579ms
[2026-03-21 23:44:39.064 DBG] TwitchService :: Presence Timer :: Artificially updated presence with a threshold of 5 minutes (100.6242ms)
[2026-03-21 23:45:38.971 DBG] ViewerRepo :: UpdatePresence(twitch, 5), 0.0348ms
[2026-03-21 23:45:39.071 DBG] TwitchService :: Presence Timer :: Artificially updated presence with a threshold of 5 minutes (99.6719ms)
[2026-03-21 23:45:45.686 DBG] AutoSave :: Auto saving settings...
[2026-03-21 23:45:45.704 DBG] Users :: Time to save 18.1294ms
[2026-03-21 23:45:45.729 DBG] Actions :: Time to save 23.7364ms
[2026-03-21 23:45:45.743 DBG] Commands :: Time to save 16.776ms
[2026-03-21 23:45:45.761 DBG] Twitch Rewards :: Time to save 15.8116ms
[2026-03-21 23:45:45.775 DBG] Midi :: Time to save 13.9446ms
[2026-03-21 23:45:45.789 DBG] OBS Settings :: Time to save 14.054ms
[2026-03-21 23:45:45.803 DBG] MeldStudio Settings :: Time to save 14.625ms
[2026-03-21 23:45:45.819 DBG] Credits :: Time to save 15.5983ms
[2026-03-21 23:45:45.835 DBG] Quotes :: Time to save 15.7407ms
[2026-03-21 23:45:45.907 DBG] Config :: Time to save 17.7631ms
[2026-03-21 23:46:38.982 DBG] ViewerRepo :: UpdatePresence(twitch, 5), 0.0479ms
[2026-03-21 23:46:39.077 DBG] TwitchService :: Presence Timer :: Artificially updated presence with a threshold of 5 minutes (95.766ms)
[2026-03-21 23:47:38.992 DBG] ViewerRepo :: UpdatePresence(twitch, 5), 0.0375ms
[2026-03-21 23:47:39.087 DBG] TwitchService :: Presence Timer :: Artificially updated presence with a threshold of 5 minutes (95.1276ms)
[2026-03-21 23:48:39.002 DBG] ViewerRepo :: UpdatePresence(twitch, 5), 0.0414ms
[2026-03-21 23:48:39.094 DBG] TwitchService :: Presence Timer :: Artificially updated presence with a threshold of 5 minutes (93.2604ms)
[2026-03-21 23:49:16.656 DBG] Credits :: Time to save 19.8854ms
[2026-03-21 23:49:39.016 DBG] ViewerRepo :: UpdatePresence(twitch, 5), 0.043ms
[2026-03-21 23:49:39.110 DBG] TwitchService :: Presence Timer :: Artificially updated presence with a threshold of 5 minutes (93.3476ms)
[2026-03-21 23:50:39.024 DBG] ViewerRepo :: UpdatePresence(twitch, 5), 0.043ms
[2026-03-21 23:50:39.123 DBG] TwitchService :: Presence Timer :: Artificially updated presence with a threshold of 5 minutes (99.6702ms)
[2026-03-21 23:50:45.937 DBG] AutoSave :: Auto saving settings...
[2026-03-21 23:50:45.953 DBG] Users :: Time to save 16.5445ms
[2026-03-21 23:50:45.977 DBG] Actions :: Time to save 23.5075ms
[2026-03-21 23:50:45.993 DBG] Commands :: Time to save 16.6169ms
[2026-03-21 23:50:46.011 DBG] Twitch Rewards :: Time to save 17.6937ms
[2026-03-21 23:50:46.026 DBG] Midi :: Time to save 14.3805ms
[2026-03-21 23:50:46.040 DBG] OBS Settings :: Time to save 14.1045ms
[2026-03-21 23:50:46.054 DBG] MeldStudio Settings :: Time to save 14.9711ms
[2026-03-21 23:50:46.069 DBG] Credits :: Time to save 14.3339ms
[2026-03-21 23:50:46.086 DBG] Quotes :: Time to save 16.5236ms
[2026-03-21 23:50:46.158 DBG] Config :: Time to save 18.9247ms
[2026-03-21 23:51:00.539 DBG] ActionDispatcher :: Queueing 'Sub Goal' (361aa588-5f31-4e19-b8a5-099cae52479d, TimedAction) to 'Default' (00000000-0000-0000-0000-000000000000), with 11 arguments
[2026-03-21 23:51:00.539 DBG] ActionQueue :: 'Default' (00000000-0000-0000-0000-000000000000) :: Enqueue action 361aa588-5f31-4e19-b8a5-099cae52479d
[2026-03-21 23:51:00.539 DBG] ActionQueue :: 'Default' (00000000-0000-0000-0000-000000000000) :: Handling queue
[2026-03-21 23:51:00.539 DBG] ActionQueue :: 'Default' (00000000-0000-0000-0000-000000000000) :: Performing non-blocking 'Sub Goal' (361aa588-5f31-4e19-b8a5-099cae52479d, 5687f7ab-a59e-400b-8347-16589a30f806)
[2026-03-21 23:51:39.026 DBG] ViewerRepo :: UpdatePresence(twitch, 5), 0.0367ms
[2026-03-21 23:51:39.116 DBG] TwitchService :: Presence Timer :: Artificially updated presence with a threshold of 5 minutes (90.6148ms)
[2026-03-21 23:52:39.028 DBG] ViewerRepo :: UpdatePresence(twitch, 5), 0.0353ms
[2026-03-21 23:52:39.123 DBG] TwitchService :: Presence Timer :: Artificially updated presence with a threshold of 5 minutes (94.4952ms)
[2026-03-21 23:53:39.042 DBG] ViewerRepo :: UpdatePresence(twitch, 5), 0.055ms
[2026-03-21 23:53:39.137 DBG] TwitchService :: Presence Timer :: Artificially updated presence with a threshold of 5 minutes (96.1837ms)
[2026-03-21 23:54:16.670 DBG] Credits :: Time to save 20.9005ms
[2026-03-21 23:54:39.058 DBG] ViewerRepo :: UpdatePresence(twitch, 5), 0.0364ms
[2026-03-21 23:54:39.154 DBG] TwitchService :: Presence Timer :: Artificially updated presence with a threshold of 5 minutes (96.5396ms)
[2026-03-21 23:55:39.072 DBG] ViewerRepo :: UpdatePresence(twitch, 5), 0.0404ms
[2026-03-21 23:55:39.163 DBG] TwitchService :: Presence Timer :: Artificially updated presence with a threshold of 5 minutes (91.4855ms)
[2026-03-21 23:55:46.192 DBG] AutoSave :: Auto saving settings...
[2026-03-21 23:55:46.213 DBG] Users :: Time to save 20.2247ms
[2026-03-21 23:55:46.237 DBG] Actions :: Time to save 25.183ms
[2026-03-21 23:55:46.256 DBG] Commands :: Time to save 18.5662ms
[2026-03-21 23:55:46.274 DBG] Twitch Rewards :: Time to save 18.1403ms
[2026-03-21 23:55:46.288 DBG] Midi :: Time to save 13.9963ms
[2026-03-21 23:55:46.303 DBG] OBS Settings :: Time to save 14.029ms
[2026-03-21 23:55:46.317 DBG] MeldStudio Settings :: Time to save 14.0437ms
[2026-03-21 23:55:46.331 DBG] Credits :: Time to save 13.8582ms
[2026-03-21 23:55:46.347 DBG] Quotes :: Time to save 15.9501ms
[2026-03-21 23:55:46.415 DBG] Config :: Time to save 18.4081ms
[2026-03-21 23:56:39.075 DBG] ViewerRepo :: UpdatePresence(twitch, 5), 0.0367ms
[2026-03-21 23:56:39.172 DBG] TwitchService :: Presence Timer :: Artificially updated presence with a threshold of 5 minutes (97.1841ms)
[2026-03-21 23:57:39.080 DBG] ViewerRepo :: UpdatePresence(twitch, 5), 0.0377ms
[2026-03-21 23:57:39.173 DBG] TwitchService :: Presence Timer :: Artificially updated presence with a threshold of 5 minutes (94.2988ms)
[2026-03-21 23:58:39.089 DBG] ViewerRepo :: UpdatePresence(twitch, 5), 0.0358ms
[2026-03-21 23:58:39.186 DBG] TwitchService :: Presence Timer :: Artificially updated presence with a threshold of 5 minutes (98.604ms)
[2026-03-21 23:59:16.673 DBG] Credits :: Time to save 19.1304ms
[2026-03-21 23:59:39.092 DBG] ViewerRepo :: UpdatePresence(twitch, 5), 0.0365ms
[2026-03-21 23:59:39.185 DBG] TwitchService :: Presence Timer :: Artificially updated presence with a threshold of 5 minutes (93.2161ms)
