[2026-03-22 00:00:39.108 DBG] ViewerRepo :: UpdatePresence(twitch, 5), 0.0358ms
[2026-03-22 00:00:39.202 DBG] TwitchService :: Presence Timer :: Artificially updated presence with a threshold of 5 minutes (93.3127ms)
[2026-03-22 00:00:46.442 DBG] AutoSave :: Auto saving settings...
[2026-03-22 00:00:46.458 DBG] Users :: Time to save 16.5596ms
[2026-03-22 00:00:46.481 DBG] Actions :: Time to save 22.8875ms
[2026-03-22 00:00:46.497 DBG] Commands :: Time to save 16.8966ms
[2026-03-22 00:00:46.515 DBG] Twitch Rewards :: Time to save 17.2259ms
[2026-03-22 00:00:46.530 DBG] Midi :: Time to save 14.5057ms
[2026-03-22 00:00:46.544 DBG] OBS Settings :: Time to save 14.8184ms
[2026-03-22 00:00:46.559 DBG] MeldStudio Settings :: Time to save 14.9282ms
[2026-03-22 00:00:46.574 DBG] Credits :: Time to save 15.0379ms
[2026-03-22 00:00:46.591 DBG] Quotes :: Time to save 16.0706ms
[2026-03-22 00:00:46.664 DBG] Config :: Time to save 18.9616ms
[2026-03-22 00:01:01.000 DBG] ActionDispatcher :: Queueing 'Sub Goal' (361aa588-5f31-4e19-b8a5-099cae52479d, TimedAction) to 'Default' (00000000-0000-0000-0000-000000000000), with 11 arguments
[2026-03-22 00:01:01.000 DBG] ActionQueue :: 'Default' (00000000-0000-0000-0000-000000000000) :: Enqueue action 361aa588-5f31-4e19-b8a5-099cae52479d
[2026-03-22 00:01:01.000 DBG] ActionQueue :: 'Default' (00000000-0000-0000-0000-000000000000) :: Handling queue
[2026-03-22 00:01:01.000 DBG] ActionQueue :: 'Default' (00000000-0000-0000-0000-000000000000) :: Performing non-blocking 'Sub Goal' (361aa588-5f31-4e19-b8a5-099cae52479d, 198a07bf-ec07-4fa3-b115-24997b0d99cc)
[2026-03-22 00:01:39.111 DBG] ViewerRepo :: UpdatePresence(twitch, 5), 0.0356ms
[2026-03-22 00:01:39.212 DBG] TwitchService :: Presence Timer :: Artificially updated presence with a threshold of 5 minutes (102.1045ms)
[2026-03-22 00:02:39.116 DBG] ViewerRepo :: UpdatePresence(twitch, 5), 0.0495ms
[2026-03-22 00:02:39.214 DBG] TwitchService :: Presence Timer :: Artificially updated presence with a threshold of 5 minutes (97.7937ms)
[2026-03-22 00:03:39.129 DBG] ViewerRepo :: UpdatePresence(twitch, 5), 0.0461ms
[2026-03-22 00:03:39.224 DBG] TwitchService :: Presence Timer :: Artificially updated presence with a threshold of 5 minutes (95.2543ms)
[2026-03-22 00:04:16.689 DBG] Credits :: Time to save 19.4566ms
[2026-03-22 00:04:39.135 DBG] ViewerRepo :: UpdatePresence(twitch, 5), 0.0551ms
[2026-03-22 00:04:39.224 DBG] TwitchService :: Presence Timer :: Artificially updated presence with a threshold of 5 minutes (90.4793ms)
[2026-03-22 00:05:39.147 DBG] ViewerRepo :: UpdatePresence(twitch, 5), 0.0372ms
[2026-03-22 00:05:39.244 DBG] TwitchService :: Presence Timer :: Artificially updated presence with a threshold of 5 minutes (97.9426ms)
[2026-03-22 00:05:46.662 DBG] AutoSave :: Auto saving settings...
[2026-03-22 00:05:46.682 DBG] Users :: Time to save 20.7167ms
[2026-03-22 00:05:46.706 DBG] Actions :: Time to save 23.3897ms
[2026-03-22 00:05:46.723 DBG] Commands :: Time to save 16.5412ms
[2026-03-22 00:05:46.740 DBG] Twitch Rewards :: Time to save 17.4539ms
[2026-03-22 00:05:46.754 DBG] Midi :: Time to save 14.4324ms
[2026-03-22 00:05:46.769 DBG] OBS Settings :: Time to save 14.6938ms
[2026-03-22 00:05:46.784 DBG] MeldStudio Settings :: Time to save 14.2567ms
[2026-03-22 00:05:46.797 DBG] Credits :: Time to save 14.0573ms
[2026-03-22 00:05:46.814 DBG] Quotes :: Time to save 15.7264ms
[2026-03-22 00:05:46.882 DBG] Config :: Time to save 18.5463ms
[2026-03-22 00:06:39.155 DBG] ViewerRepo :: UpdatePresence(twitch, 5), 0.0384ms
[2026-03-22 00:06:39.253 DBG] TwitchService :: Presence Timer :: Artificially updated presence with a threshold of 5 minutes (98.0743ms)
[2026-03-22 00:07:39.161 DBG] ViewerRepo :: UpdatePresence(twitch, 5), 0.037ms
[2026-03-22 00:07:39.255 DBG] TwitchService :: Presence Timer :: Artificially updated presence with a threshold of 5 minutes (94.4099ms)
[2026-03-22 00:08:39.170 DBG] ViewerRepo :: UpdatePresence(twitch, 5), 0.0479ms
[2026-03-22 00:08:39.260 DBG] TwitchService :: Presence Timer :: Artificially updated presence with a threshold of 5 minutes (90.5772ms)
[2026-03-22 00:09:16.690 DBG] Credits :: Time to save 18.255ms
[2026-03-22 00:09:39.177 DBG] ViewerRepo :: UpdatePresence(twitch, 5), 0.0354ms
[2026-03-22 00:09:39.269 DBG] TwitchService :: Presence Timer :: Artificially updated presence with a threshold of 5 minutes (92.0791ms)
[2026-03-22 00:10:39.192 DBG] ViewerRepo :: UpdatePresence(twitch, 5), 0.0382ms
[2026-03-22 00:10:39.287 DBG] TwitchService :: Presence Timer :: Artificially updated presence with a threshold of 5 minutes (95.3897ms)
[2026-03-22 00:10:46.909 DBG] AutoSave :: Auto saving settings...
[2026-03-22 00:10:46.930 DBG] Users :: Time to save 20.7341ms
[2026-03-22 00:10:46.953 DBG] Actions :: Time to save 22.8964ms
[2026-03-22 00:10:46.970 DBG] Commands :: Time to save 17.6222ms
[2026-03-22 00:10:46.987 DBG] Twitch Rewards :: Time to save 16.8171ms
[2026-03-22 00:10:47.003 DBG] Midi :: Time to save 14.9362ms
[2026-03-22 00:10:47.014 DBG] OBS Settings :: Time to save 11.3632ms
[2026-03-22 00:10:47.028 DBG] MeldStudio Settings :: Time to save 14.4648ms
[2026-03-22 00:10:47.043 DBG] Credits :: Time to save 14.3241ms
[2026-03-22 00:10:47.059 DBG] Quotes :: Time to save 16.3457ms
[2026-03-22 00:10:47.131 DBG] Config :: Time to save 18.9125ms
[2026-03-22 00:11:01.614 DBG] ActionDispatcher :: Queueing 'Sub Goal' (361aa588-5f31-4e19-b8a5-099cae52479d, TimedAction) to 'Default' (00000000-0000-0000-0000-000000000000), with 11 arguments
[2026-03-22 00:11:01.614 DBG] ActionQueue :: 'Default' (00000000-0000-0000-0000-000000000000) :: Enqueue action 361aa588-5f31-4e19-b8a5-099cae52479d
[2026-03-22 00:11:01.614 DBG] ActionQueue :: 'Default' (00000000-0000-0000-0000-000000000000) :: Handling queue
[2026-03-22 00:11:01.614 DBG] ActionQueue :: 'Default' (00000000-0000-0000-0000-000000000000) :: Performing non-blocking 'Sub Goal' (361aa588-5f31-4e19-b8a5-099cae52479d, 45d6d033-4c16-45e2-9e7f-470a1e65f9fd)
[2026-03-22 00:11:39.204 DBG] ViewerRepo :: UpdatePresence(twitch, 5), 0.0373ms
[2026-03-22 00:11:39.299 DBG] TwitchService :: Presence Timer :: Artificially updated presence with a threshold of 5 minutes (95.7404ms)
[2026-03-22 00:12:39.208 DBG] ViewerRepo :: UpdatePresence(twitch, 5), 0.048ms
[2026-03-22 00:12:39.306 DBG] TwitchService :: Presence Timer :: Artificially updated presence with a threshold of 5 minutes (98.481ms)
[2026-03-22 00:13:39.215 DBG] ViewerRepo :: UpdatePresence(twitch, 5), 0.0374ms
[2026-03-22 00:13:39.306 DBG] TwitchService :: Presence Timer :: Artificially updated presence with a threshold of 5 minutes (90.8697ms)
[2026-03-22 00:14:16.697 DBG] Credits :: Time to save 16.7018ms
[2026-03-22 00:14:39.225 DBG] ViewerRepo :: UpdatePresence(twitch, 5), 0.0474ms
[2026-03-22 00:14:39.319 DBG] TwitchService :: Presence Timer :: Artificially updated presence with a threshold of 5 minutes (94.5222ms)
[2026-03-22 00:15:39.237 DBG] ViewerRepo :: UpdatePresence(twitch, 5), 0.0562ms
[2026-03-22 00:15:39.339 DBG] TwitchService :: Presence Timer :: Artificially updated presence with a threshold of 5 minutes (103.0913ms)
[2026-03-22 00:15:47.145 DBG] AutoSave :: Auto saving settings...
[2026-03-22 00:15:47.164 DBG] Users :: Time to save 18.8778ms
[2026-03-22 00:15:47.188 DBG] Actions :: Time to save 23.4774ms
[2026-03-22 00:15:47.205 DBG] Commands :: Time to save 16.9968ms
[2026-03-22 00:15:47.222 DBG] Twitch Rewards :: Time to save 17.1999ms
[2026-03-22 00:15:47.236 DBG] Midi :: Time to save 14.8905ms
[2026-03-22 00:15:47.251 DBG] OBS Settings :: Time to save 14.4371ms
[2026-03-22 00:15:47.266 DBG] MeldStudio Settings :: Time to save 15.2972ms
[2026-03-22 00:15:47.281 DBG] Credits :: Time to save 14.6092ms
[2026-03-22 00:15:47.298 DBG] Quotes :: Time to save 16.7554ms
[2026-03-22 00:15:47.368 DBG] Config :: Time to save 18.9894ms
[2026-03-22 00:16:39.246 DBG] ViewerRepo :: UpdatePresence(twitch, 5), 0.0356ms
[2026-03-22 00:16:39.340 DBG] TwitchService :: Presence Timer :: Artificially updated presence with a threshold of 5 minutes (94.9261ms)
[2026-03-22 00:17:39.247 DBG] ViewerRepo :: UpdatePresence(twitch, 5), 0.0356ms
[2026-03-22 00:17:39.349 DBG] TwitchService :: Presence Timer :: Artificially updated presence with a threshold of 5 minutes (102.4137ms)
[2026-03-22 00:18:39.253 DBG] ViewerRepo :: UpdatePresence(twitch, 5), 0.0354ms
[2026-03-22 00:18:39.350 DBG] TwitchService :: Presence Timer :: Artificially updated presence with a threshold of 5 minutes (97.6785ms)
[2026-03-22 00:19:16.702 DBG] Credits :: Time to save 16.6794ms
[2026-03-22 00:19:39.265 DBG] ViewerRepo :: UpdatePresence(twitch, 5), 0.0359ms
[2026-03-22 00:19:39.358 DBG] TwitchService :: Presence Timer :: Artificially updated presence with a threshold of 5 minutes (93.7457ms)
[2026-03-22 00:20:39.267 DBG] ViewerRepo :: UpdatePresence(twitch, 5), 0.0367ms
[2026-03-22 00:20:39.855 DBG] TwitchService :: Presence Timer :: Artificially updated presence with a threshold of 5 minutes (587.7007ms)
[2026-03-22 00:20:47.369 DBG] AutoSave :: Auto saving settings...
[2026-03-22 00:20:47.388 DBG] Users :: Time to save 19.6161ms
[2026-03-22 00:20:47.414 DBG] Actions :: Time to save 24.949ms
[2026-03-22 00:20:47.431 DBG] Commands :: Time to save 16.9977ms
[2026-03-22 00:20:47.447 DBG] Twitch Rewards :: Time to save 16.3099ms
[2026-03-22 00:20:47.457 DBG] Midi :: Time to save 10.564ms
[2026-03-22 00:20:47.472 DBG] OBS Settings :: Time to save 14.417ms
[2026-03-22 00:20:47.488 DBG] MeldStudio Settings :: Time to save 15.1138ms
[2026-03-22 00:20:47.502 DBG] Credits :: Time to save 14.7617ms
[2026-03-22 00:20:47.518 DBG] Quotes :: Time to save 15.8332ms
[2026-03-22 00:20:47.589 DBG] Config :: Time to save 18.4022ms
[2026-03-22 00:21:02.014 DBG] ActionDispatcher :: Queueing 'Sub Goal' (361aa588-5f31-4e19-b8a5-099cae52479d, TimedAction) to 'Default' (00000000-0000-0000-0000-000000000000), with 11 arguments
[2026-03-22 00:21:02.014 DBG] ActionQueue :: 'Default' (00000000-0000-0000-0000-000000000000) :: Enqueue action 361aa588-5f31-4e19-b8a5-099cae52479d
[2026-03-22 00:21:02.014 DBG] ActionQueue :: 'Default' (00000000-0000-0000-0000-000000000000) :: Handling queue
[2026-03-22 00:21:02.014 DBG] ActionQueue :: 'Default' (00000000-0000-0000-0000-000000000000) :: Performing non-blocking 'Sub Goal' (361aa588-5f31-4e19-b8a5-099cae52479d, 344c4c1c-df7b-44bf-ada1-6360288b861f)
[2026-03-22 00:21:39.274 DBG] ViewerRepo :: UpdatePresence(twitch, 5), 0.0373ms
[2026-03-22 00:21:39.364 DBG] TwitchService :: Presence Timer :: Artificially updated presence with a threshold of 5 minutes (90.631ms)
[2026-03-22 00:22:39.274 DBG] ViewerRepo :: UpdatePresence(twitch, 5), 0.0355ms
[2026-03-22 00:22:39.370 DBG] TwitchService :: Presence Timer :: Artificially updated presence with a threshold of 5 minutes (96.9612ms)
[2026-03-22 00:23:39.282 DBG] ViewerRepo :: UpdatePresence(twitch, 5), 0.0373ms
[2026-03-22 00:23:39.377 DBG] TwitchService :: Presence Timer :: Artificially updated presence with a threshold of 5 minutes (94.9095ms)
[2026-03-22 00:24:16.712 DBG] Credits :: Time to save 16.6881ms
[2026-03-22 00:24:39.294 DBG] ViewerRepo :: UpdatePresence(twitch, 5), 0.045ms
[2026-03-22 00:24:39.392 DBG] TwitchService :: Presence Timer :: Artificially updated presence with a threshold of 5 minutes (98.1318ms)
[2026-03-22 00:25:39.309 DBG] ViewerRepo :: UpdatePresence(twitch, 5), 0.0363ms
[2026-03-22 00:25:39.402 DBG] TwitchService :: Presence Timer :: Artificially updated presence with a threshold of 5 minutes (93.6002ms)
[2026-03-22 00:25:47.617 DBG] AutoSave :: Auto saving settings...
[2026-03-22 00:25:47.637 DBG] Users :: Time to save 20.0965ms
[2026-03-22 00:25:47.660 DBG] Actions :: Time to save 23.5056ms
[2026-03-22 00:25:47.677 DBG] Commands :: Time to save 16.8139ms
[2026-03-22 00:25:47.694 DBG] Twitch Rewards :: Time to save 16.183ms
[2026-03-22 00:25:47.708 DBG] Midi :: Time to save 14.3443ms
[2026-03-22 00:25:47.722 DBG] OBS Settings :: Time to save 14.7729ms
[2026-03-22 00:25:47.738 DBG] MeldStudio Settings :: Time to save 14.7024ms
[2026-03-22 00:25:47.752 DBG] Credits :: Time to save 14.6367ms
[2026-03-22 00:25:47.769 DBG] Quotes :: Time to save 16.6448ms
[2026-03-22 00:25:47.840 DBG] Config :: Time to save 18.6982ms
[2026-03-22 00:26:39.321 DBG] ViewerRepo :: UpdatePresence(twitch, 5), 0.038ms
[2026-03-22 00:26:39.416 DBG] TwitchService :: Presence Timer :: Artificially updated presence with a threshold of 5 minutes (96.0112ms)
[2026-03-22 00:27:39.331 DBG] ViewerRepo :: UpdatePresence(twitch, 5), 0.0378ms
[2026-03-22 00:27:39.422 DBG] TwitchService :: Presence Timer :: Artificially updated presence with a threshold of 5 minutes (91.247ms)
[2026-03-22 00:28:39.337 DBG] ViewerRepo :: UpdatePresence(twitch, 5), 0.0489ms
[2026-03-22 00:28:39.430 DBG] TwitchService :: Presence Timer :: Artificially updated presence with a threshold of 5 minutes (94.2932ms)
[2026-03-22 00:29:16.718 DBG] Credits :: Time to save 15.4335ms
[2026-03-22 00:29:39.337 DBG] ViewerRepo :: UpdatePresence(twitch, 5), 0.0352ms
[2026-03-22 00:29:39.435 DBG] TwitchService :: Presence Timer :: Artificially updated presence with a threshold of 5 minutes (97.9401ms)
[2026-03-22 00:30:39.344 DBG] ViewerRepo :: UpdatePresence(twitch, 5), 0.0344ms
[2026-03-22 00:30:39.437 DBG] TwitchService :: Presence Timer :: Artificially updated presence with a threshold of 5 minutes (93.5939ms)
[2026-03-22 00:30:47.857 DBG] AutoSave :: Auto saving settings...
[2026-03-22 00:30:47.875 DBG] Users :: Time to save 18.0378ms
[2026-03-22 00:30:47.899 DBG] Actions :: Time to save 23.4401ms
[2026-03-22 00:30:47.911 DBG] Commands :: Time to save 12.3656ms
[2026-03-22 00:30:47.929 DBG] Twitch Rewards :: Time to save 17.2108ms
[2026-03-22 00:30:47.939 DBG] Midi :: Time to save 11.0313ms
[2026-03-22 00:30:47.951 DBG] OBS Settings :: Time to save 11.5439ms
[2026-03-22 00:30:47.966 DBG] MeldStudio Settings :: Time to save 14.398ms
[2026-03-22 00:30:47.979 DBG] Credits :: Time to save 13.9858ms
[2026-03-22 00:30:47.996 DBG] Quotes :: Time to save 16.3412ms
[2026-03-22 00:30:48.078 DBG] Config :: Time to save 17.9422ms
[2026-03-22 00:31:02.890 DBG] ActionDispatcher :: Queueing 'Sub Goal' (361aa588-5f31-4e19-b8a5-099cae52479d, TimedAction) to 'Default' (00000000-0000-0000-0000-000000000000), with 11 arguments
[2026-03-22 00:31:02.890 DBG] ActionQueue :: 'Default' (00000000-0000-0000-0000-000000000000) :: Enqueue action 361aa588-5f31-4e19-b8a5-099cae52479d
[2026-03-22 00:31:02.890 DBG] ActionQueue :: 'Default' (00000000-0000-0000-0000-000000000000) :: Handling queue
[2026-03-22 00:31:02.890 DBG] ActionQueue :: 'Default' (00000000-0000-0000-0000-000000000000) :: Performing non-blocking 'Sub Goal' (361aa588-5f31-4e19-b8a5-099cae52479d, 35a0d697-1e28-40ab-beae-4a71477fa111)
[2026-03-22 00:31:39.352 DBG] ViewerRepo :: UpdatePresence(twitch, 5), 0.0471ms
[2026-03-22 00:31:39.442 DBG] TwitchService :: Presence Timer :: Artificially updated presence with a threshold of 5 minutes (90.2068ms)
[2026-03-22 00:32:39.355 DBG] ViewerRepo :: UpdatePresence(twitch, 5), 0.0363ms
[2026-03-22 00:32:39.450 DBG] TwitchService :: Presence Timer :: Artificially updated presence with a threshold of 5 minutes (95.4423ms)
[2026-03-22 00:33:39.356 DBG] ViewerRepo :: UpdatePresence(twitch, 5), 0.0382ms
[2026-03-22 00:33:39.454 DBG] TwitchService :: Presence Timer :: Artificially updated presence with a threshold of 5 minutes (97.9496ms)
[2026-03-22 00:34:16.737 DBG] Credits :: Time to save 18.4026ms
[2026-03-22 00:34:39.365 DBG] ViewerRepo :: UpdatePresence(twitch, 5), 0.0385ms
[2026-03-22 00:34:39.458 DBG] TwitchService :: Presence Timer :: Artificially updated presence with a threshold of 5 minutes (92.9656ms)
[2026-03-22 00:35:39.366 DBG] ViewerRepo :: UpdatePresence(twitch, 5), 0.0361ms
[2026-03-22 00:35:39.461 DBG] TwitchService :: Presence Timer :: Artificially updated presence with a threshold of 5 minutes (95.1737ms)
[2026-03-22 00:35:48.092 DBG] AutoSave :: Auto saving settings...
[2026-03-22 00:35:48.111 DBG] Users :: Time to save 19.0938ms
[2026-03-22 00:35:48.134 DBG] Actions :: Time to save 23.1736ms
[2026-03-22 00:35:48.151 DBG] Commands :: Time to save 16.6992ms
[2026-03-22 00:35:48.168 DBG] Twitch Rewards :: Time to save 17.0777ms
[2026-03-22 00:35:48.182 DBG] Midi :: Time to save 14.6777ms
[2026-03-22 00:35:48.198 DBG] OBS Settings :: Time to save 15.4161ms
[2026-03-22 00:35:48.214 DBG] MeldStudio Settings :: Time to save 15.1314ms
[2026-03-22 00:35:48.228 DBG] Credits :: Time to save 14.8451ms
[2026-03-22 00:35:48.245 DBG] Quotes :: Time to save 17.113ms
[2026-03-22 00:35:48.315 DBG] Config :: Time to save 20.4209ms
[2026-03-22 00:36:39.375 DBG] ViewerRepo :: UpdatePresence(twitch, 5), 0.0365ms
[2026-03-22 00:36:39.468 DBG] TwitchService :: Presence Timer :: Artificially updated presence with a threshold of 5 minutes (92.3933ms)
[2026-03-22 00:37:39.378 DBG] ViewerRepo :: UpdatePresence(twitch, 5), 0.0351ms
[2026-03-22 00:37:39.475 DBG] TwitchService :: Presence Timer :: Artificially updated presence with a threshold of 5 minutes (97.1172ms)
[2026-03-22 00:38:39.387 DBG] ViewerRepo :: UpdatePresence(twitch, 5), 0.0407ms
[2026-03-22 00:38:39.479 DBG] TwitchService :: Presence Timer :: Artificially updated presence with a threshold of 5 minutes (91.7383ms)
[2026-03-22 00:39:16.744 DBG] Credits :: Time to save 17.9409ms
[2026-03-22 00:39:39.389 DBG] ViewerRepo :: UpdatePresence(twitch, 5), 0.037ms
[2026-03-22 00:39:39.483 DBG] TwitchService :: Presence Timer :: Artificially updated presence with a threshold of 5 minutes (94.4078ms)
[2026-03-22 00:40:39.396 DBG] ViewerRepo :: UpdatePresence(twitch, 5), 0.0355ms
[2026-03-22 00:40:39.485 DBG] TwitchService :: Presence Timer :: Artificially updated presence with a threshold of 5 minutes (89.1194ms)
[2026-03-22 00:40:48.345 DBG] AutoSave :: Auto saving settings...
[2026-03-22 00:40:48.364 DBG] Users :: Time to save 20.0907ms
[2026-03-22 00:40:48.390 DBG] Actions :: Time to save 24.5236ms
[2026-03-22 00:40:48.409 DBG] Commands :: Time to save 19.3716ms
[2026-03-22 00:40:48.427 DBG] Twitch Rewards :: Time to save 17.5208ms
[2026-03-22 00:40:48.441 DBG] Midi :: Time to save 14.9294ms
[2026-03-22 00:40:48.456 DBG] OBS Settings :: Time to save 15.2887ms
[2026-03-22 00:40:48.471 DBG] MeldStudio Settings :: Time to save 14.4182ms
[2026-03-22 00:40:48.488 DBG] Credits :: Time to save 16.8061ms
[2026-03-22 00:40:48.508 DBG] Quotes :: Time to save 19.6688ms
[2026-03-22 00:40:48.565 DBG] Config :: Time to save 17.5037ms
[2026-03-22 00:41:02.911 DBG] ActionDispatcher :: Queueing 'Sub Goal' (361aa588-5f31-4e19-b8a5-099cae52479d, TimedAction) to 'Default' (00000000-0000-0000-0000-000000000000), with 11 arguments
[2026-03-22 00:41:02.911 DBG] ActionQueue :: 'Default' (00000000-0000-0000-0000-000000000000) :: Enqueue action 361aa588-5f31-4e19-b8a5-099cae52479d
[2026-03-22 00:41:02.911 DBG] ActionQueue :: 'Default' (00000000-0000-0000-0000-000000000000) :: Handling queue
[2026-03-22 00:41:02.911 DBG] ActionQueue :: 'Default' (00000000-0000-0000-0000-000000000000) :: Performing non-blocking 'Sub Goal' (361aa588-5f31-4e19-b8a5-099cae52479d, b063d969-f05f-4192-b2da-02bf80cf60a3)
[2026-03-22 00:41:39.400 DBG] ViewerRepo :: UpdatePresence(twitch, 5), 0.0347ms
[2026-03-22 00:41:39.497 DBG] TwitchService :: Presence Timer :: Artificially updated presence with a threshold of 5 minutes (97.893ms)
[2026-03-22 00:42:39.412 DBG] ViewerRepo :: UpdatePresence(twitch, 5), 0.0384ms
[2026-03-22 00:42:39.506 DBG] TwitchService :: Presence Timer :: Artificially updated presence with a threshold of 5 minutes (94.3843ms)
[2026-03-22 00:43:39.422 DBG] ViewerRepo :: UpdatePresence(twitch, 5), 0.0411ms
[2026-03-22 00:43:39.514 DBG] TwitchService :: Presence Timer :: Artificially updated presence with a threshold of 5 minutes (92.3277ms)
[2026-03-22 00:44:16.750 DBG] Credits :: Time to save 16.8866ms
[2026-03-22 00:44:39.447 DBG] ViewerRepo :: UpdatePresence(twitch, 5), 0.0363ms
[2026-03-22 00:44:39.539 DBG] TwitchService :: Presence Timer :: Artificially updated presence with a threshold of 5 minutes (92.0337ms)
[2026-03-22 00:45:39.453 DBG] ViewerRepo :: UpdatePresence(twitch, 5), 0.0342ms
[2026-03-22 00:45:39.551 DBG] TwitchService :: Presence Timer :: Artificially updated presence with a threshold of 5 minutes (97.1391ms)
[2026-03-22 00:45:48.607 DBG] AutoSave :: Auto saving settings...
[2026-03-22 00:45:48.626 DBG] Users :: Time to save 19.1531ms
[2026-03-22 00:45:48.651 DBG] Actions :: Time to save 24.2348ms
[2026-03-22 00:45:48.667 DBG] Commands :: Time to save 16.9576ms
[2026-03-22 00:45:48.682 DBG] Twitch Rewards :: Time to save 16.0989ms
[2026-03-22 00:45:48.698 DBG] Midi :: Time to save 14.3397ms
[2026-03-22 00:45:48.712 DBG] OBS Settings :: Time to save 13.7912ms
[2026-03-22 00:45:48.726 DBG] MeldStudio Settings :: Time to save 14.6807ms
[2026-03-22 00:45:48.740 DBG] Credits :: Time to save 13.7465ms
[2026-03-22 00:45:48.757 DBG] Quotes :: Time to save 16.696ms
[2026-03-22 00:45:48.830 DBG] Config :: Time to save 19.8063ms
[2026-03-22 00:46:39.456 DBG] ViewerRepo :: UpdatePresence(twitch, 5), 0.0394ms
[2026-03-22 00:46:39.546 DBG] TwitchService :: Presence Timer :: Artificially updated presence with a threshold of 5 minutes (90.3979ms)
[2026-03-22 00:47:39.472 DBG] ViewerRepo :: UpdatePresence(twitch, 5), 0.036ms
[2026-03-22 00:47:39.567 DBG] TwitchService :: Presence Timer :: Artificially updated presence with a threshold of 5 minutes (94.3745ms)
[2026-03-22 00:48:39.477 DBG] ViewerRepo :: UpdatePresence(twitch, 5), 0.0406ms
[2026-03-22 00:48:39.566 DBG] TwitchService :: Presence Timer :: Artificially updated presence with a threshold of 5 minutes (89.0437ms)
[2026-03-22 00:49:16.762 DBG] Credits :: Time to save 17.2757ms
[2026-03-22 00:49:39.483 DBG] ViewerRepo :: UpdatePresence(twitch, 5), 0.0367ms
[2026-03-22 00:49:39.578 DBG] TwitchService :: Presence Timer :: Artificially updated presence with a threshold of 5 minutes (94.945ms)
[2026-03-22 00:50:39.485 DBG] ViewerRepo :: UpdatePresence(twitch, 5), 0.0364ms
[2026-03-22 00:50:39.578 DBG] TwitchService :: Presence Timer :: Artificially updated presence with a threshold of 5 minutes (93.5568ms)
[2026-03-22 00:50:48.843 DBG] AutoSave :: Auto saving settings...
[2026-03-22 00:50:48.862 DBG] Users :: Time to save 19.5553ms
[2026-03-22 00:50:48.886 DBG] Actions :: Time to save 23.3627ms
[2026-03-22 00:50:48.903 DBG] Commands :: Time to save 17.7401ms
[2026-03-22 00:50:48.920 DBG] Twitch Rewards :: Time to save 16.6414ms
[2026-03-22 00:50:48.935 DBG] Midi :: Time to save 14.5322ms
[2026-03-22 00:50:48.950 DBG] OBS Settings :: Time to save 14.8197ms
[2026-03-22 00:50:48.963 DBG] MeldStudio Settings :: Time to save 13.7494ms
[2026-03-22 00:50:48.975 DBG] Credits :: Time to save 11.2481ms
[2026-03-22 00:50:48.992 DBG] Quotes :: Time to save 17.5132ms
[2026-03-22 00:50:49.066 DBG] Config :: Time to save 20.3064ms
[2026-03-22 00:51:03.860 DBG] ActionDispatcher :: Queueing 'Sub Goal' (361aa588-5f31-4e19-b8a5-099cae52479d, TimedAction) to 'Default' (00000000-0000-0000-0000-000000000000), with 11 arguments
[2026-03-22 00:51:03.860 DBG] ActionQueue :: 'Default' (00000000-0000-0000-0000-000000000000) :: Enqueue action 361aa588-5f31-4e19-b8a5-099cae52479d
[2026-03-22 00:51:03.860 DBG] ActionQueue :: 'Default' (00000000-0000-0000-0000-000000000000) :: Handling queue
[2026-03-22 00:51:03.860 DBG] ActionQueue :: 'Default' (00000000-0000-0000-0000-000000000000) :: Performing non-blocking 'Sub Goal' (361aa588-5f31-4e19-b8a5-099cae52479d, c4ef3ceb-97d2-409c-8243-f2a34cc2aca7)
[2026-03-22 00:51:39.497 DBG] ViewerRepo :: UpdatePresence(twitch, 5), 0.0352ms
[2026-03-22 00:51:39.587 DBG] TwitchService :: Presence Timer :: Artificially updated presence with a threshold of 5 minutes (90.3569ms)
[2026-03-22 00:52:39.503 DBG] ViewerRepo :: UpdatePresence(twitch, 5), 0.0362ms
[2026-03-22 00:52:39.597 DBG] TwitchService :: Presence Timer :: Artificially updated presence with a threshold of 5 minutes (93.7903ms)
[2026-03-22 00:53:39.509 DBG] ViewerRepo :: UpdatePresence(twitch, 5), 0.0379ms
[2026-03-22 00:53:39.601 DBG] TwitchService :: Presence Timer :: Artificially updated presence with a threshold of 5 minutes (92.9822ms)
[2026-03-22 00:54:16.768 DBG] Credits :: Time to save 17.0195ms
[2026-03-22 00:54:39.510 DBG] ViewerRepo :: UpdatePresence(twitch, 5), 0.0381ms
[2026-03-22 00:54:39.605 DBG] TwitchService :: Presence Timer :: Artificially updated presence with a threshold of 5 minutes (95.9094ms)
[2026-03-22 00:55:39.515 DBG] ViewerRepo :: UpdatePresence(twitch, 5), 0.0382ms
[2026-03-22 00:55:39.609 DBG] TwitchService :: Presence Timer :: Artificially updated presence with a threshold of 5 minutes (93.5563ms)
[2026-03-22 00:55:49.061 DBG] AutoSave :: Auto saving settings...
[2026-03-22 00:55:49.080 DBG] Users :: Time to save 19.0546ms
[2026-03-22 00:55:49.103 DBG] Actions :: Time to save 23.4819ms
[2026-03-22 00:55:49.120 DBG] Commands :: Time to save 16.5377ms
[2026-03-22 00:55:49.137 DBG] Twitch Rewards :: Time to save 17.0952ms
[2026-03-22 00:55:49.152 DBG] Midi :: Time to save 15.0949ms
[2026-03-22 00:55:49.167 DBG] OBS Settings :: Time to save 14.69ms
[2026-03-22 00:55:49.181 DBG] MeldStudio Settings :: Time to save 14.4935ms
[2026-03-22 00:55:49.195 DBG] Credits :: Time to save 14.5554ms
[2026-03-22 00:55:49.213 DBG] Quotes :: Time to save 17.1472ms
[2026-03-22 00:55:49.286 DBG] Config :: Time to save 19.19ms
[2026-03-22 00:56:39.522 DBG] ViewerRepo :: UpdatePresence(twitch, 5), 0.0375ms
[2026-03-22 00:56:39.621 DBG] TwitchService :: Presence Timer :: Artificially updated presence with a threshold of 5 minutes (99.933ms)
[2026-03-22 00:57:39.523 DBG] ViewerRepo :: UpdatePresence(twitch, 5), 0.0355ms
[2026-03-22 00:57:39.617 DBG] TwitchService :: Presence Timer :: Artificially updated presence with a threshold of 5 minutes (94.0088ms)
[2026-03-22 00:58:39.537 DBG] ViewerRepo :: UpdatePresence(twitch, 5), 0.0551ms
[2026-03-22 00:58:39.631 DBG] TwitchService :: Presence Timer :: Artificially updated presence with a threshold of 5 minutes (94.4535ms)
[2026-03-22 00:59:16.769 DBG] Credits :: Time to save 15.7682ms
[2026-03-22 00:59:39.548 DBG] ViewerRepo :: UpdatePresence(twitch, 5), 0.0362ms
[2026-03-22 00:59:39.646 DBG] TwitchService :: Presence Timer :: Artificially updated presence with a threshold of 5 minutes (99.5769ms)
[2026-03-22 01:00:39.561 DBG] ViewerRepo :: UpdatePresence(twitch, 5), 0.0357ms
[2026-03-22 01:00:39.660 DBG] TwitchService :: Presence Timer :: Artificially updated presence with a threshold of 5 minutes (98.5769ms)
[2026-03-22 01:00:49.294 DBG] AutoSave :: Auto saving settings...
[2026-03-22 01:00:49.313 DBG] Users :: Time to save 19.7592ms
[2026-03-22 01:00:49.339 DBG] Actions :: Time to save 24.3067ms
[2026-03-22 01:00:49.357 DBG] Commands :: Time to save 17.8802ms
[2026-03-22 01:00:49.375 DBG] Twitch Rewards :: Time to save 17.9901ms
[2026-03-22 01:00:49.388 DBG] Midi :: Time to save 13.9214ms
[2026-03-22 01:00:49.403 DBG] OBS Settings :: Time to save 14.9187ms
[2026-03-22 01:00:49.419 DBG] MeldStudio Settings :: Time to save 15.6879ms
[2026-03-22 01:00:49.430 DBG] Credits :: Time to save 11.426ms
[2026-03-22 01:00:49.448 DBG] Quotes :: Time to save 17.7782ms
[2026-03-22 01:00:49.516 DBG] Config :: Time to save 19.6549ms
[2026-03-22 01:01:04.479 DBG] ActionDispatcher :: Queueing 'Sub Goal' (361aa588-5f31-4e19-b8a5-099cae52479d, TimedAction) to 'Default' (00000000-0000-0000-0000-000000000000), with 11 arguments
[2026-03-22 01:01:04.479 DBG] ActionQueue :: 'Default' (00000000-0000-0000-0000-000000000000) :: Enqueue action 361aa588-5f31-4e19-b8a5-099cae52479d
[2026-03-22 01:01:04.479 DBG] ActionQueue :: 'Default' (00000000-0000-0000-0000-000000000000) :: Handling queue
[2026-03-22 01:01:04.479 DBG] ActionQueue :: 'Default' (00000000-0000-0000-0000-000000000000) :: Performing non-blocking 'Sub Goal' (361aa588-5f31-4e19-b8a5-099cae52479d, 69d00fcd-7b8a-4fdc-aa43-17c73af143b1)
[2026-03-22 01:01:39.575 DBG] ViewerRepo :: UpdatePresence(twitch, 5), 0.0531ms
[2026-03-22 01:01:39.666 DBG] TwitchService :: Presence Timer :: Artificially updated presence with a threshold of 5 minutes (91.3134ms)
[2026-03-22 01:02:39.588 DBG] ViewerRepo :: UpdatePresence(twitch, 5), 0.0499ms
[2026-03-22 01:02:39.685 DBG] TwitchService :: Presence Timer :: Artificially updated presence with a threshold of 5 minutes (97.0518ms)
[2026-03-22 01:03:39.599 DBG] ViewerRepo :: UpdatePresence(twitch, 5), 0.038ms
[2026-03-22 01:03:39.692 DBG] TwitchService :: Presence Timer :: Artificially updated presence with a threshold of 5 minutes (92.9412ms)
[2026-03-22 01:04:16.781 DBG] Credits :: Time to save 16.4291ms
[2026-03-22 01:04:39.606 DBG] ViewerRepo :: UpdatePresence(twitch, 5), 0.0347ms
[2026-03-22 01:04:39.697 DBG] TwitchService :: Presence Timer :: Artificially updated presence with a threshold of 5 minutes (91.3411ms)
[2026-03-22 01:05:39.613 DBG] ViewerRepo :: UpdatePresence(twitch, 5), 0.0363ms
[2026-03-22 01:05:39.705 DBG] TwitchService :: Presence Timer :: Artificially updated presence with a threshold of 5 minutes (92.0913ms)
[2026-03-22 01:05:49.549 DBG] AutoSave :: Auto saving settings...
[2026-03-22 01:05:49.567 DBG] Users :: Time to save 18.7546ms
[2026-03-22 01:05:49.593 DBG] Actions :: Time to save 26.214ms
[2026-03-22 01:05:49.611 DBG] Commands :: Time to save 17.0822ms
[2026-03-22 01:05:49.628 DBG] Twitch Rewards :: Time to save 17.2312ms
[2026-03-22 01:05:49.642 DBG] Midi :: Time to save 14.6346ms
[2026-03-22 01:05:49.658 DBG] OBS Settings :: Time to save 16.0049ms
[2026-03-22 01:05:49.673 DBG] MeldStudio Settings :: Time to save 14.5341ms
[2026-03-22 01:05:49.687 DBG] Credits :: Time to save 14.5992ms
[2026-03-22 01:05:49.704 DBG] Quotes :: Time to save 16.5027ms
[2026-03-22 01:05:49.770 DBG] Config :: Time to save 20.4567ms
[2026-03-22 01:06:39.614 DBG] ViewerRepo :: UpdatePresence(twitch, 5), 0.0351ms
[2026-03-22 01:06:39.703 DBG] TwitchService :: Presence Timer :: Artificially updated presence with a threshold of 5 minutes (89.9821ms)
[2026-03-22 01:07:39.620 DBG] ViewerRepo :: UpdatePresence(twitch, 5), 0.0375ms
[2026-03-22 01:07:39.711 DBG] TwitchService :: Presence Timer :: Artificially updated presence with a threshold of 5 minutes (90.6037ms)
[2026-03-22 01:08:39.633 DBG] ViewerRepo :: UpdatePresence(twitch, 5), 0.036ms
[2026-03-22 01:08:39.726 DBG] TwitchService :: Presence Timer :: Artificially updated presence with a threshold of 5 minutes (94.2392ms)
[2026-03-22 01:09:16.792 DBG] Credits :: Time to save 16.2561ms
[2026-03-22 01:09:39.646 DBG] ViewerRepo :: UpdatePresence(twitch, 5), 0.0372ms
[2026-03-22 01:09:39.740 DBG] TwitchService :: Presence Timer :: Artificially updated presence with a threshold of 5 minutes (93.9525ms)
[2026-03-22 01:10:39.649 DBG] ViewerRepo :: UpdatePresence(twitch, 5), 0.0368ms
[2026-03-22 01:10:39.747 DBG] TwitchService :: Presence Timer :: Artificially updated presence with a threshold of 5 minutes (97.6141ms)
[2026-03-22 01:10:49.807 DBG] AutoSave :: Auto saving settings...
[2026-03-22 01:10:49.828 DBG] Users :: Time to save 19.898ms
[2026-03-22 01:10:49.852 DBG] Actions :: Time to save 24.171ms
[2026-03-22 01:10:49.869 DBG] Commands :: Time to save 16.9338ms
[2026-03-22 01:10:49.886 DBG] Twitch Rewards :: Time to save 17.7093ms
[2026-03-22 01:10:49.901 DBG] Midi :: Time to save 15.0809ms
[2026-03-22 01:10:49.916 DBG] OBS Settings :: Time to save 14.9589ms
[2026-03-22 01:10:49.929 DBG] MeldStudio Settings :: Time to save 12.951ms
[2026-03-22 01:10:49.943 DBG] Credits :: Time to save 14.2377ms
[2026-03-22 01:10:49.958 DBG] Quotes :: Time to save 14.2247ms
[2026-03-22 01:10:50.029 DBG] Config :: Time to save 18.6819ms
[2026-03-22 01:11:05.200 DBG] ActionDispatcher :: Queueing 'Sub Goal' (361aa588-5f31-4e19-b8a5-099cae52479d, TimedAction) to 'Default' (00000000-0000-0000-0000-000000000000), with 11 arguments
[2026-03-22 01:11:05.200 DBG] ActionQueue :: 'Default' (00000000-0000-0000-0000-000000000000) :: Enqueue action 361aa588-5f31-4e19-b8a5-099cae52479d
[2026-03-22 01:11:05.200 DBG] ActionQueue :: 'Default' (00000000-0000-0000-0000-000000000000) :: Handling queue
[2026-03-22 01:11:05.200 DBG] ActionQueue :: 'Default' (00000000-0000-0000-0000-000000000000) :: Performing non-blocking 'Sub Goal' (361aa588-5f31-4e19-b8a5-099cae52479d, 1de73f1d-4efc-4885-83e2-40f68e483639)
[2026-03-22 01:11:39.659 DBG] ViewerRepo :: UpdatePresence(twitch, 5), 0.0344ms
[2026-03-22 01:11:39.755 DBG] TwitchService :: Presence Timer :: Artificially updated presence with a threshold of 5 minutes (96.5002ms)
[2026-03-22 01:12:39.666 DBG] ViewerRepo :: UpdatePresence(twitch, 5), 0.0372ms
[2026-03-22 01:12:39.771 DBG] TwitchService :: Presence Timer :: Artificially updated presence with a threshold of 5 minutes (105.1931ms)
[2026-03-22 01:13:39.667 DBG] ViewerRepo :: UpdatePresence(twitch, 5), 0.0358ms
[2026-03-22 01:13:39.759 DBG] TwitchService :: Presence Timer :: Artificially updated presence with a threshold of 5 minutes (92.184ms)
[2026-03-22 01:14:16.798 DBG] Credits :: Time to save 14.0197ms
[2026-03-22 01:14:39.669 DBG] ViewerRepo :: UpdatePresence(twitch, 5), 0.0549ms
[2026-03-22 01:14:39.762 DBG] TwitchService :: Presence Timer :: Artificially updated presence with a threshold of 5 minutes (94.2576ms)
[2026-03-22 01:15:39.685 DBG] ViewerRepo :: UpdatePresence(twitch, 5), 0.0419ms
[2026-03-22 01:15:39.779 DBG] TwitchService :: Presence Timer :: Artificially updated presence with a threshold of 5 minutes (95.1069ms)
[2026-03-22 01:15:50.042 DBG] AutoSave :: Auto saving settings...
[2026-03-22 01:15:50.063 DBG] Users :: Time to save 20.8066ms
[2026-03-22 01:15:50.085 DBG] Actions :: Time to save 22.919ms
[2026-03-22 01:15:50.097 DBG] Commands :: Time to save 12.2727ms
[2026-03-22 01:15:50.114 DBG] Twitch Rewards :: Time to save 16.8085ms
[2026-03-22 01:15:50.129 DBG] Midi :: Time to save 14.7833ms
[2026-03-22 01:15:50.143 DBG] OBS Settings :: Time to save 14.4435ms
[2026-03-22 01:15:50.157 DBG] MeldStudio Settings :: Time to save 14.0027ms
[2026-03-22 01:15:50.171 DBG] Credits :: Time to save 14.1748ms
[2026-03-22 01:15:50.188 DBG] Quotes :: Time to save 17.0128ms
[2026-03-22 01:15:50.279 DBG] Config :: Time to save 18.852ms
[2026-03-22 01:16:39.694 DBG] ViewerRepo :: UpdatePresence(twitch, 5), 0.0396ms
[2026-03-22 01:16:39.789 DBG] TwitchService :: Presence Timer :: Artificially updated presence with a threshold of 5 minutes (95.8695ms)
[2026-03-22 01:17:39.708 DBG] ViewerRepo :: UpdatePresence(twitch, 5), 0.035ms
[2026-03-22 01:17:39.799 DBG] TwitchService :: Presence Timer :: Artificially updated presence with a threshold of 5 minutes (91.2056ms)
[2026-03-22 01:18:39.716 DBG] ViewerRepo :: UpdatePresence(twitch, 5), 0.0561ms
[2026-03-22 01:18:39.809 DBG] TwitchService :: Presence Timer :: Artificially updated presence with a threshold of 5 minutes (93.5911ms)
[2026-03-22 01:19:16.816 DBG] Credits :: Time to save 16.9421ms
[2026-03-22 01:19:39.726 DBG] ViewerRepo :: UpdatePresence(twitch, 5), 0.0358ms
[2026-03-22 01:19:39.820 DBG] TwitchService :: Presence Timer :: Artificially updated presence with a threshold of 5 minutes (94.4634ms)
[2026-03-22 01:20:39.736 DBG] ViewerRepo :: UpdatePresence(twitch, 5), 0.0371ms
[2026-03-22 01:20:39.831 DBG] TwitchService :: Presence Timer :: Artificially updated presence with a threshold of 5 minutes (95.5747ms)
[2026-03-22 01:20:50.261 DBG] AutoSave :: Auto saving settings...
[2026-03-22 01:20:50.280 DBG] Users :: Time to save 18.7517ms
[2026-03-22 01:20:50.303 DBG] Actions :: Time to save 23.123ms
[2026-03-22 01:20:50.320 DBG] Commands :: Time to save 16.8545ms
[2026-03-22 01:20:50.334 DBG] Twitch Rewards :: Time to save 14.207ms
[2026-03-22 01:20:50.347 DBG] Midi :: Time to save 13.1565ms
[2026-03-22 01:20:50.361 DBG] OBS Settings :: Time to save 14.7153ms
[2026-03-22 01:20:50.377 DBG] MeldStudio Settings :: Time to save 15.2565ms
[2026-03-22 01:20:50.391 DBG] Credits :: Time to save 14.2554ms
[2026-03-22 01:20:50.407 DBG] Quotes :: Time to save 15.764ms
[2026-03-22 01:20:50.481 DBG] Config :: Time to save 17.8792ms
[2026-03-22 01:21:05.817 DBG] ActionDispatcher :: Queueing 'Sub Goal' (361aa588-5f31-4e19-b8a5-099cae52479d, TimedAction) to 'Default' (00000000-0000-0000-0000-000000000000), with 11 arguments
[2026-03-22 01:21:05.817 DBG] ActionQueue :: 'Default' (00000000-0000-0000-0000-000000000000) :: Enqueue action 361aa588-5f31-4e19-b8a5-099cae52479d
[2026-03-22 01:21:05.817 DBG] ActionQueue :: 'Default' (00000000-0000-0000-0000-000000000000) :: Handling queue
[2026-03-22 01:21:05.817 DBG] ActionQueue :: 'Default' (00000000-0000-0000-0000-000000000000) :: Performing non-blocking 'Sub Goal' (361aa588-5f31-4e19-b8a5-099cae52479d, 4646aff2-bfc2-4f10-b7c4-89313ab65dbd)
[2026-03-22 01:21:39.749 DBG] ViewerRepo :: UpdatePresence(twitch, 5), 0.0363ms
[2026-03-22 01:21:40.309 DBG] TwitchService :: Presence Timer :: Artificially updated presence with a threshold of 5 minutes (560.7301ms)
[2026-03-22 01:22:39.761 DBG] ViewerRepo :: UpdatePresence(twitch, 5), 0.039ms
[2026-03-22 01:22:39.853 DBG] TwitchService :: Presence Timer :: Artificially updated presence with a threshold of 5 minutes (91.7857ms)
[2026-03-22 01:23:39.771 DBG] ViewerRepo :: UpdatePresence(twitch, 5), 0.04ms
[2026-03-22 01:23:39.866 DBG] TwitchService :: Presence Timer :: Artificially updated presence with a threshold of 5 minutes (95.1274ms)
[2026-03-22 01:24:16.821 DBG] Credits :: Time to save 16.4075ms
[2026-03-22 01:24:39.786 DBG] ViewerRepo :: UpdatePresence(twitch, 5), 0.0368ms
[2026-03-22 01:24:39.884 DBG] TwitchService :: Presence Timer :: Artificially updated presence with a threshold of 5 minutes (98.5675ms)
[2026-03-22 01:25:39.791 DBG] ViewerRepo :: UpdatePresence(twitch, 5), 0.0392ms
[2026-03-22 01:25:39.885 DBG] TwitchService :: Presence Timer :: Artificially updated presence with a threshold of 5 minutes (94.8695ms)
[2026-03-22 01:25:50.474 DBG] AutoSave :: Auto saving settings...
[2026-03-22 01:25:50.494 DBG] Users :: Time to save 20.7679ms
[2026-03-22 01:25:50.520 DBG] Actions :: Time to save 25.4621ms
[2026-03-22 01:25:50.537 DBG] Commands :: Time to save 16.9165ms
[2026-03-22 01:25:50.555 DBG] Twitch Rewards :: Time to save 17.9032ms
[2026-03-22 01:25:50.569 DBG] Midi :: Time to save 14.2267ms
[2026-03-22 01:25:50.584 DBG] OBS Settings :: Time to save 14.771ms
[2026-03-22 01:25:50.599 DBG] MeldStudio Settings :: Time to save 14.7344ms
[2026-03-22 01:25:50.614 DBG] Credits :: Time to save 15.0029ms
[2026-03-22 01:25:50.630 DBG] Quotes :: Time to save 16.083ms
[2026-03-22 01:25:50.699 DBG] Config :: Time to save 21.2434ms
[2026-03-22 01:26:39.801 DBG] ViewerRepo :: UpdatePresence(twitch, 5), 0.0381ms
[2026-03-22 01:26:39.895 DBG] TwitchService :: Presence Timer :: Artificially updated presence with a threshold of 5 minutes (94.3103ms)
[2026-03-22 01:27:39.810 DBG] ViewerRepo :: UpdatePresence(twitch, 5), 0.0423ms
[2026-03-22 01:27:39.906 DBG] TwitchService :: Presence Timer :: Artificially updated presence with a threshold of 5 minutes (96.3247ms)
[2026-03-22 01:28:39.813 DBG] ViewerRepo :: UpdatePresence(twitch, 5), 0.0371ms
[2026-03-22 01:28:39.902 DBG] TwitchService :: Presence Timer :: Artificially updated presence with a threshold of 5 minutes (89.1382ms)
[2026-03-22 01:29:16.822 DBG] Credits :: Time to save 16.3508ms
[2026-03-22 01:29:39.813 DBG] ViewerRepo :: UpdatePresence(twitch, 5), 0.0388ms
[2026-03-22 01:29:39.902 DBG] TwitchService :: Presence Timer :: Artificially updated presence with a threshold of 5 minutes (89.1948ms)
[2026-03-22 01:30:39.813 DBG] ViewerRepo :: UpdatePresence(twitch, 5), 0.042ms
[2026-03-22 01:30:39.908 DBG] TwitchService :: Presence Timer :: Artificially updated presence with a threshold of 5 minutes (94.3948ms)
[2026-03-22 01:30:50.727 DBG] AutoSave :: Auto saving settings...
[2026-03-22 01:30:50.741 DBG] Users :: Time to save 14.8102ms
[2026-03-22 01:30:50.766 DBG] Actions :: Time to save 23.5685ms
[2026-03-22 01:30:50.781 DBG] Commands :: Time to save 15.5023ms
[2026-03-22 01:30:50.797 DBG] Twitch Rewards :: Time to save 16.1979ms
[2026-03-22 01:30:50.811 DBG] Midi :: Time to save 14.67ms
[2026-03-22 01:30:50.827 DBG] OBS Settings :: Time to save 14.9647ms
[2026-03-22 01:30:50.843 DBG] MeldStudio Settings :: Time to save 15.38ms
[2026-03-22 01:30:50.857 DBG] Credits :: Time to save 14.4264ms
[2026-03-22 01:30:50.872 DBG] Quotes :: Time to save 14.8438ms
[2026-03-22 01:30:50.948 DBG] Config :: Time to save 19.7386ms
[2026-03-22 01:31:06.480 DBG] ActionDispatcher :: Queueing 'Sub Goal' (361aa588-5f31-4e19-b8a5-099cae52479d, TimedAction) to 'Default' (00000000-0000-0000-0000-000000000000), with 11 arguments
[2026-03-22 01:31:06.480 DBG] ActionQueue :: 'Default' (00000000-0000-0000-0000-000000000000) :: Enqueue action 361aa588-5f31-4e19-b8a5-099cae52479d
[2026-03-22 01:31:06.480 DBG] ActionQueue :: 'Default' (00000000-0000-0000-0000-000000000000) :: Handling queue
[2026-03-22 01:31:06.480 DBG] ActionQueue :: 'Default' (00000000-0000-0000-0000-000000000000) :: Performing non-blocking 'Sub Goal' (361aa588-5f31-4e19-b8a5-099cae52479d, b120f53c-80c3-43b4-9a66-aa09a1284fa2)
[2026-03-22 01:31:39.815 DBG] ViewerRepo :: UpdatePresence(twitch, 5), 0.037ms
[2026-03-22 01:31:39.910 DBG] TwitchService :: Presence Timer :: Artificially updated presence with a threshold of 5 minutes (94.9013ms)
[2026-03-22 01:32:39.825 DBG] ViewerRepo :: UpdatePresence(twitch, 5), 0.0484ms
[2026-03-22 01:32:39.919 DBG] TwitchService :: Presence Timer :: Artificially updated presence with a threshold of 5 minutes (94.341ms)
[2026-03-22 01:33:39.840 DBG] ViewerRepo :: UpdatePresence(twitch, 5), 0.0363ms
[2026-03-22 01:33:39.931 DBG] TwitchService :: Presence Timer :: Artificially updated presence with a threshold of 5 minutes (92.2354ms)
[2026-03-22 01:34:16.825 DBG] Credits :: Time to save 12.009ms
[2026-03-22 01:34:39.841 DBG] ViewerRepo :: UpdatePresence(twitch, 5), 0.0384ms
[2026-03-22 01:34:39.930 DBG] TwitchService :: Presence Timer :: Artificially updated presence with a threshold of 5 minutes (89.1901ms)
[2026-03-22 01:35:39.842 DBG] ViewerRepo :: UpdatePresence(twitch, 5), 0.0721ms
[2026-03-22 01:35:39.938 DBG] TwitchService :: Presence Timer :: Artificially updated presence with a threshold of 5 minutes (95.9024ms)
[2026-03-22 01:35:50.960 DBG] AutoSave :: Auto saving settings...
[2026-03-22 01:35:50.980 DBG] Users :: Time to save 20.1938ms
[2026-03-22 01:35:51.003 DBG] Actions :: Time to save 22.7868ms
[2026-03-22 01:35:51.019 DBG] Commands :: Time to save 16.7415ms
[2026-03-22 01:35:51.036 DBG] Twitch Rewards :: Time to save 15.9442ms
[2026-03-22 01:35:51.051 DBG] Midi :: Time to save 14.8806ms
[2026-03-22 01:35:51.065 DBG] OBS Settings :: Time to save 14.7799ms
[2026-03-22 01:35:51.080 DBG] MeldStudio Settings :: Time to save 14.1697ms
[2026-03-22 01:35:51.094 DBG] Credits :: Time to save 14.0757ms
[2026-03-22 01:35:51.110 DBG] Quotes :: Time to save 15.8591ms
[2026-03-22 01:35:51.184 DBG] Config :: Time to save 17.9985ms
[2026-03-22 01:36:39.846 DBG] ViewerRepo :: UpdatePresence(twitch, 5), 0.0354ms
[2026-03-22 01:36:39.940 DBG] TwitchService :: Presence Timer :: Artificially updated presence with a threshold of 5 minutes (94.7928ms)
[2026-03-22 01:37:39.856 DBG] ViewerRepo :: UpdatePresence(twitch, 5), 0.0363ms
[2026-03-22 01:37:39.948 DBG] TwitchService :: Presence Timer :: Artificially updated presence with a threshold of 5 minutes (92.1324ms)
[2026-03-22 01:38:39.860 DBG] ViewerRepo :: UpdatePresence(twitch, 5), 0.0389ms
[2026-03-22 01:38:39.956 DBG] TwitchService :: Presence Timer :: Artificially updated presence with a threshold of 5 minutes (96.4984ms)
[2026-03-22 01:39:16.846 DBG] Credits :: Time to save 17.8885ms
[2026-03-22 01:39:39.866 DBG] ViewerRepo :: UpdatePresence(twitch, 5), 0.0486ms
[2026-03-22 01:39:39.957 DBG] TwitchService :: Presence Timer :: Artificially updated presence with a threshold of 5 minutes (90.7288ms)
[2026-03-22 01:40:39.874 DBG] ViewerRepo :: UpdatePresence(twitch, 5), 0.0363ms
[2026-03-22 01:40:39.969 DBG] TwitchService :: Presence Timer :: Artificially updated presence with a threshold of 5 minutes (95.6663ms)
[2026-03-22 01:40:51.191 DBG] AutoSave :: Auto saving settings...
[2026-03-22 01:40:51.215 DBG] Users :: Time to save 23.8441ms
[2026-03-22 01:40:51.240 DBG] Actions :: Time to save 25.1424ms
[2026-03-22 01:40:51.258 DBG] Commands :: Time to save 18.2178ms
[2026-03-22 01:40:51.276 DBG] Twitch Rewards :: Time to save 17.3464ms
[2026-03-22 01:40:51.291 DBG] Midi :: Time to save 15.0027ms
[2026-03-22 01:40:51.306 DBG] OBS Settings :: Time to save 14.6839ms
[2026-03-22 01:40:51.321 DBG] MeldStudio Settings :: Time to save 15.0305ms
[2026-03-22 01:40:51.334 DBG] Credits :: Time to save 13.3212ms
[2026-03-22 01:40:51.348 DBG] Quotes :: Time to save 13.9192ms
[2026-03-22 01:40:51.414 DBG] Config :: Time to save 19.229ms
[2026-03-22 01:41:07.067 DBG] ActionDispatcher :: Queueing 'Sub Goal' (361aa588-5f31-4e19-b8a5-099cae52479d, TimedAction) to 'Default' (00000000-0000-0000-0000-000000000000), with 11 arguments
[2026-03-22 01:41:07.067 DBG] ActionQueue :: 'Default' (00000000-0000-0000-0000-000000000000) :: Enqueue action 361aa588-5f31-4e19-b8a5-099cae52479d
[2026-03-22 01:41:07.067 DBG] ActionQueue :: 'Default' (00000000-0000-0000-0000-000000000000) :: Handling queue
[2026-03-22 01:41:07.067 DBG] ActionQueue :: 'Default' (00000000-0000-0000-0000-000000000000) :: Performing non-blocking 'Sub Goal' (361aa588-5f31-4e19-b8a5-099cae52479d, d0210882-044d-414c-9d4f-414bf0129c8f)
[2026-03-22 01:41:39.885 DBG] ViewerRepo :: UpdatePresence(twitch, 5), 0.0421ms
[2026-03-22 01:41:39.974 DBG] TwitchService :: Presence Timer :: Artificially updated presence with a threshold of 5 minutes (88.6235ms)
[2026-03-22 01:42:39.901 DBG] ViewerRepo :: UpdatePresence(twitch, 5), 0.0349ms
[2026-03-22 01:42:39.995 DBG] TwitchService :: Presence Timer :: Artificially updated presence with a threshold of 5 minutes (93.7307ms)
[2026-03-22 01:43:39.909 DBG] ViewerRepo :: UpdatePresence(twitch, 5), 0.0368ms
[2026-03-22 01:43:39.999 DBG] TwitchService :: Presence Timer :: Artificially updated presence with a threshold of 5 minutes (90.183ms)
[2026-03-22 01:44:16.849 DBG] Credits :: Time to save 16.5003ms
[2026-03-22 01:44:39.912 DBG] ViewerRepo :: UpdatePresence(twitch, 5), 0.0355ms
[2026-03-22 01:44:40.006 DBG] TwitchService :: Presence Timer :: Artificially updated presence with a threshold of 5 minutes (94.0417ms)
[2026-03-22 01:45:39.928 DBG] ViewerRepo :: UpdatePresence(twitch, 5), 0.0372ms
[2026-03-22 01:45:40.060 DBG] TwitchService :: Presence Timer :: Artificially updated presence with a threshold of 5 minutes (131.7837ms)
[2026-03-22 01:45:51.431 DBG] AutoSave :: Auto saving settings...
[2026-03-22 01:45:51.451 DBG] Users :: Time to save 21.0395ms
[2026-03-22 01:45:51.475 DBG] Actions :: Time to save 23.1464ms
[2026-03-22 01:45:51.493 DBG] Commands :: Time to save 17.3544ms
[2026-03-22 01:45:51.510 DBG] Twitch Rewards :: Time to save 17.204ms
[2026-03-22 01:45:51.524 DBG] Midi :: Time to save 14.322ms
[2026-03-22 01:45:51.538 DBG] OBS Settings :: Time to save 14.2381ms
[2026-03-22 01:45:51.553 DBG] MeldStudio Settings :: Time to save 14.5408ms
[2026-03-22 01:45:51.568 DBG] Credits :: Time to save 14.8094ms
[2026-03-22 01:45:51.586 DBG] Quotes :: Time to save 17.502ms
[2026-03-22 01:45:51.654 DBG] Config :: Time to save 19.5242ms
[2026-03-22 01:46:39.936 DBG] ViewerRepo :: UpdatePresence(twitch, 5), 0.0386ms
[2026-03-22 01:46:40.026 DBG] TwitchService :: Presence Timer :: Artificially updated presence with a threshold of 5 minutes (90.9681ms)
[2026-03-22 01:47:39.938 DBG] ViewerRepo :: UpdatePresence(twitch, 5), 0.0357ms
[2026-03-22 01:47:40.037 DBG] TwitchService :: Presence Timer :: Artificially updated presence with a threshold of 5 minutes (98.5558ms)
[2026-03-22 01:48:39.952 DBG] ViewerRepo :: UpdatePresence(twitch, 5), 0.0367ms
[2026-03-22 01:48:40.045 DBG] TwitchService :: Presence Timer :: Artificially updated presence with a threshold of 5 minutes (92.5526ms)
[2026-03-22 01:49:16.851 DBG] Credits :: Time to save 16.2732ms
[2026-03-22 01:49:39.968 DBG] ViewerRepo :: UpdatePresence(twitch, 5), 0.0372ms
[2026-03-22 01:49:40.063 DBG] TwitchService :: Presence Timer :: Artificially updated presence with a threshold of 5 minutes (95.0837ms)
[2026-03-22 01:50:39.970 DBG] ViewerRepo :: UpdatePresence(twitch, 5), 0.0377ms
[2026-03-22 01:50:40.060 DBG] TwitchService :: Presence Timer :: Artificially updated presence with a threshold of 5 minutes (90.1195ms)
[2026-03-22 01:50:51.680 DBG] AutoSave :: Auto saving settings...
[2026-03-22 01:50:51.696 DBG] Users :: Time to save 15.6567ms
[2026-03-22 01:50:51.721 DBG] Actions :: Time to save 24.8079ms
[2026-03-22 01:50:51.739 DBG] Commands :: Time to save 18.3073ms
[2026-03-22 01:50:51.756 DBG] Twitch Rewards :: Time to save 16.8962ms
[2026-03-22 01:50:51.770 DBG] Midi :: Time to save 14.6404ms
[2026-03-22 01:50:51.783 DBG] OBS Settings :: Time to save 12.9454ms
[2026-03-22 01:50:51.795 DBG] MeldStudio Settings :: Time to save 11.9678ms
[2026-03-22 01:50:51.810 DBG] Credits :: Time to save 15.0301ms
[2026-03-22 01:50:51.828 DBG] Quotes :: Time to save 17.2941ms
[2026-03-22 01:50:51.904 DBG] Config :: Time to save 19.6646ms
[2026-03-22 01:51:07.691 DBG] ActionDispatcher :: Queueing 'Sub Goal' (361aa588-5f31-4e19-b8a5-099cae52479d, TimedAction) to 'Default' (00000000-0000-0000-0000-000000000000), with 11 arguments
[2026-03-22 01:51:07.691 DBG] ActionQueue :: 'Default' (00000000-0000-0000-0000-000000000000) :: Enqueue action 361aa588-5f31-4e19-b8a5-099cae52479d
[2026-03-22 01:51:07.691 DBG] ActionQueue :: 'Default' (00000000-0000-0000-0000-000000000000) :: Handling queue
[2026-03-22 01:51:07.691 DBG] ActionQueue :: 'Default' (00000000-0000-0000-0000-000000000000) :: Performing non-blocking 'Sub Goal' (361aa588-5f31-4e19-b8a5-099cae52479d, e176c4b2-71f6-44b2-a8b0-0d36c80be6b5)
[2026-03-22 01:51:39.980 DBG] ViewerRepo :: UpdatePresence(twitch, 5), 0.0355ms
[2026-03-22 01:51:40.073 DBG] TwitchService :: Presence Timer :: Artificially updated presence with a threshold of 5 minutes (93.2623ms)
[2026-03-22 01:52:39.991 DBG] ViewerRepo :: UpdatePresence(twitch, 5), 0.0337ms
[2026-03-22 01:52:40.089 DBG] TwitchService :: Presence Timer :: Artificially updated presence with a threshold of 5 minutes (98.5063ms)
[2026-03-22 01:53:40.004 DBG] ViewerRepo :: UpdatePresence(twitch, 5), 0.0358ms
[2026-03-22 01:53:40.097 DBG] TwitchService :: Presence Timer :: Artificially updated presence with a threshold of 5 minutes (92.7573ms)
[2026-03-22 01:54:16.866 DBG] Credits :: Time to save 16.1084ms
[2026-03-22 01:54:40.021 DBG] ViewerRepo :: UpdatePresence(twitch, 5), 0.036ms
[2026-03-22 01:54:40.115 DBG] TwitchService :: Presence Timer :: Artificially updated presence with a threshold of 5 minutes (94.3715ms)
[2026-03-22 01:55:40.036 DBG] ViewerRepo :: UpdatePresence(twitch, 5), 0.0373ms
[2026-03-22 01:55:40.131 DBG] TwitchService :: Presence Timer :: Artificially updated presence with a threshold of 5 minutes (95.7511ms)
[2026-03-22 01:55:51.924 DBG] AutoSave :: Auto saving settings...
[2026-03-22 01:55:51.944 DBG] Users :: Time to save 20.1727ms
[2026-03-22 01:55:51.969 DBG] Actions :: Time to save 25.1364ms
[2026-03-22 01:55:51.988 DBG] Commands :: Time to save 18.2512ms
[2026-03-22 01:55:52.004 DBG] Twitch Rewards :: Time to save 16.3733ms
[2026-03-22 01:55:52.020 DBG] Midi :: Time to save 15.3501ms
[2026-03-22 01:55:52.033 DBG] OBS Settings :: Time to save 14.0216ms
[2026-03-22 01:55:52.050 DBG] MeldStudio Settings :: Time to save 16.4429ms
[2026-03-22 01:55:52.064 DBG] Credits :: Time to save 14.1692ms
[2026-03-22 01:55:52.080 DBG] Quotes :: Time to save 16.3699ms
[2026-03-22 01:55:52.144 DBG] Config :: Time to save 18.5199ms
[2026-03-22 01:56:40.056 DBG] ViewerRepo :: UpdatePresence(twitch, 5), 0.0389ms
[2026-03-22 01:56:40.150 DBG] TwitchService :: Presence Timer :: Artificially updated presence with a threshold of 5 minutes (94.0615ms)
[2026-03-22 01:57:40.071 DBG] ViewerRepo :: UpdatePresence(twitch, 5), 0.0353ms
[2026-03-22 01:57:40.168 DBG] TwitchService :: Presence Timer :: Artificially updated presence with a threshold of 5 minutes (95.8261ms)
[2026-03-22 01:58:40.085 DBG] ViewerRepo :: UpdatePresence(twitch, 5), 0.0384ms
[2026-03-22 01:58:40.178 DBG] TwitchService :: Presence Timer :: Artificially updated presence with a threshold of 5 minutes (93.9226ms)
[2026-03-22 01:59:16.873 DBG] Credits :: Time to save 14.7077ms
[2026-03-22 01:59:40.103 DBG] ViewerRepo :: UpdatePresence(twitch, 5), 0.0348ms
[2026-03-22 01:59:40.208 DBG] TwitchService :: Presence Timer :: Artificially updated presence with a threshold of 5 minutes (106.0196ms)
[2026-03-22 02:00:40.118 DBG] ViewerRepo :: UpdatePresence(twitch, 5), 0.0396ms
[2026-03-22 02:00:40.209 DBG] TwitchService :: Presence Timer :: Artificially updated presence with a threshold of 5 minutes (91.6577ms)
[2026-03-22 02:00:52.169 DBG] AutoSave :: Auto saving settings...
[2026-03-22 02:00:52.188 DBG] Users :: Time to save 18.8249ms
[2026-03-22 02:00:52.211 DBG] Actions :: Time to save 23.3403ms
[2026-03-22 02:00:52.227 DBG] Commands :: Time to save 16.6414ms
[2026-03-22 02:00:52.243 DBG] Twitch Rewards :: Time to save 15.3816ms
[2026-03-22 02:00:52.254 DBG] Midi :: Time to save 11.4727ms
[2026-03-22 02:00:52.269 DBG] OBS Settings :: Time to save 14.5856ms
[2026-03-22 02:00:52.282 DBG] MeldStudio Settings :: Time to save 13.3694ms
[2026-03-22 02:00:52.297 DBG] Credits :: Time to save 14.4403ms
[2026-03-22 02:00:52.313 DBG] Quotes :: Time to save 16.2667ms
[2026-03-22 02:00:52.390 DBG] Config :: Time to save 18.8581ms
[2026-03-22 02:01:08.234 DBG] ActionDispatcher :: Queueing 'Sub Goal' (361aa588-5f31-4e19-b8a5-099cae52479d, TimedAction) to 'Default' (00000000-0000-0000-0000-000000000000), with 11 arguments
[2026-03-22 02:01:08.234 DBG] ActionQueue :: 'Default' (00000000-0000-0000-0000-000000000000) :: Enqueue action 361aa588-5f31-4e19-b8a5-099cae52479d
[2026-03-22 02:01:08.234 DBG] ActionQueue :: 'Default' (00000000-0000-0000-0000-000000000000) :: Handling queue
[2026-03-22 02:01:08.234 DBG] ActionQueue :: 'Default' (00000000-0000-0000-0000-000000000000) :: Performing non-blocking 'Sub Goal' (361aa588-5f31-4e19-b8a5-099cae52479d, 2124018c-7e3b-48d1-83b4-94ab276bd5f6)
[2026-03-22 02:01:40.124 DBG] ViewerRepo :: UpdatePresence(twitch, 5), 0.0337ms
[2026-03-22 02:01:40.219 DBG] TwitchService :: Presence Timer :: Artificially updated presence with a threshold of 5 minutes (95.6809ms)
[2026-03-22 02:02:40.129 DBG] ViewerRepo :: UpdatePresence(twitch, 5), 0.035ms
[2026-03-22 02:02:40.227 DBG] TwitchService :: Presence Timer :: Artificially updated presence with a threshold of 5 minutes (97.7825ms)
[2026-03-22 02:03:40.130 DBG] ViewerRepo :: UpdatePresence(twitch, 5), 0.035ms
[2026-03-22 02:03:40.223 DBG] TwitchService :: Presence Timer :: Artificially updated presence with a threshold of 5 minutes (92.9139ms)
[2026-03-22 02:04:16.883 DBG] Credits :: Time to save 14.1333ms
[2026-03-22 02:04:40.142 DBG] ViewerRepo :: UpdatePresence(twitch, 5), 0.0394ms
[2026-03-22 02:04:40.236 DBG] TwitchService :: Presence Timer :: Artificially updated presence with a threshold of 5 minutes (94.4023ms)
[2026-03-22 02:05:40.154 DBG] ViewerRepo :: UpdatePresence(twitch, 5), 0.0354ms
[2026-03-22 02:05:40.244 DBG] TwitchService :: Presence Timer :: Artificially updated presence with a threshold of 5 minutes (91.0568ms)
[2026-03-22 02:05:52.398 DBG] AutoSave :: Auto saving settings...
[2026-03-22 02:05:52.419 DBG] Users :: Time to save 19.8697ms
[2026-03-22 02:05:52.444 DBG] Actions :: Time to save 25.3797ms
[2026-03-22 02:05:52.461 DBG] Commands :: Time to save 16.6268ms
[2026-03-22 02:05:52.477 DBG] Twitch Rewards :: Time to save 17.1518ms
[2026-03-22 02:05:52.489 DBG] Midi :: Time to save 11.5743ms
[2026-03-22 02:05:52.504 DBG] OBS Settings :: Time to save 13.8906ms
[2026-03-22 02:05:52.518 DBG] MeldStudio Settings :: Time to save 14.8715ms
[2026-03-22 02:05:52.532 DBG] Credits :: Time to save 14.356ms
[2026-03-22 02:05:52.550 DBG] Quotes :: Time to save 16.9552ms
[2026-03-22 02:05:52.623 DBG] Config :: Time to save 18.9993ms
[2026-03-22 02:06:40.157 DBG] ViewerRepo :: UpdatePresence(twitch, 5), 0.0429ms
[2026-03-22 02:06:40.249 DBG] TwitchService :: Presence Timer :: Artificially updated presence with a threshold of 5 minutes (91.9415ms)
[2026-03-22 02:07:40.173 DBG] ViewerRepo :: UpdatePresence(twitch, 5), 0.0388ms
[2026-03-22 02:07:40.263 DBG] TwitchService :: Presence Timer :: Artificially updated presence with a threshold of 5 minutes (90.9278ms)
[2026-03-22 02:08:40.187 DBG] ViewerRepo :: UpdatePresence(twitch, 5), 0.0531ms
[2026-03-22 02:08:40.284 DBG] TwitchService :: Presence Timer :: Artificially updated presence with a threshold of 5 minutes (96.4243ms)
[2026-03-22 02:09:16.890 DBG] Credits :: Time to save 17.5237ms
[2026-03-22 02:09:40.200 DBG] ViewerRepo :: UpdatePresence(twitch, 5), 0.0368ms
[2026-03-22 02:09:40.290 DBG] TwitchService :: Presence Timer :: Artificially updated presence with a threshold of 5 minutes (91.4578ms)
[2026-03-22 02:10:40.210 DBG] ViewerRepo :: UpdatePresence(twitch, 5), 0.0357ms
[2026-03-22 02:10:40.305 DBG] TwitchService :: Presence Timer :: Artificially updated presence with a threshold of 5 minutes (96.1891ms)
[2026-03-22 02:10:52.648 DBG] AutoSave :: Auto saving settings...
[2026-03-22 02:10:52.667 DBG] Users :: Time to save 19.5407ms
[2026-03-22 02:10:52.690 DBG] Actions :: Time to save 23.5911ms
[2026-03-22 02:10:52.708 DBG] Commands :: Time to save 17.1474ms
[2026-03-22 02:10:52.726 DBG] Twitch Rewards :: Time to save 18.3845ms
[2026-03-22 02:10:52.741 DBG] Midi :: Time to save 14.0108ms
[2026-03-22 02:10:52.757 DBG] OBS Settings :: Time to save 15.8842ms
[2026-03-22 02:10:52.773 DBG] MeldStudio Settings :: Time to save 15.7173ms
[2026-03-22 02:10:52.788 DBG] Credits :: Time to save 15.1567ms
[2026-03-22 02:10:52.804 DBG] Quotes :: Time to save 16.646ms
[2026-03-22 02:10:52.869 DBG] Config :: Time to save 18.8608ms
[2026-03-22 02:11:08.892 DBG] ActionDispatcher :: Queueing 'Sub Goal' (361aa588-5f31-4e19-b8a5-099cae52479d, TimedAction) to 'Default' (00000000-0000-0000-0000-000000000000), with 11 arguments
[2026-03-22 02:11:08.892 DBG] ActionQueue :: 'Default' (00000000-0000-0000-0000-000000000000) :: Enqueue action 361aa588-5f31-4e19-b8a5-099cae52479d
[2026-03-22 02:11:08.892 DBG] ActionQueue :: 'Default' (00000000-0000-0000-0000-000000000000) :: Handling queue
[2026-03-22 02:11:08.892 DBG] ActionQueue :: 'Default' (00000000-0000-0000-0000-000000000000) :: Performing non-blocking 'Sub Goal' (361aa588-5f31-4e19-b8a5-099cae52479d, 581975f1-20dc-420c-b7a2-7c4234f569d5)
[2026-03-22 02:11:40.212 DBG] ViewerRepo :: UpdatePresence(twitch, 5), 0.0363ms
[2026-03-22 02:11:40.304 DBG] TwitchService :: Presence Timer :: Artificially updated presence with a threshold of 5 minutes (92.3417ms)
[2026-03-22 02:12:40.214 DBG] ViewerRepo :: UpdatePresence(twitch, 5), 0.0356ms
[2026-03-22 02:12:40.309 DBG] TwitchService :: Presence Timer :: Artificially updated presence with a threshold of 5 minutes (96.2812ms)
[2026-03-22 02:13:40.222 DBG] ViewerRepo :: UpdatePresence(twitch, 5), 0.0373ms
[2026-03-22 02:13:40.315 DBG] TwitchService :: Presence Timer :: Artificially updated presence with a threshold of 5 minutes (94.3439ms)
[2026-03-22 02:14:16.891 DBG] Credits :: Time to save 16.574ms
[2026-03-22 02:14:40.224 DBG] ViewerRepo :: UpdatePresence(twitch, 5), 0.0369ms
[2026-03-22 02:14:40.317 DBG] TwitchService :: Presence Timer :: Artificially updated presence with a threshold of 5 minutes (93.5845ms)
[2026-03-22 02:15:40.237 DBG] ViewerRepo :: UpdatePresence(twitch, 5), 0.0372ms
[2026-03-22 02:15:40.332 DBG] TwitchService :: Presence Timer :: Artificially updated presence with a threshold of 5 minutes (95.0645ms)
[2026-03-22 02:15:52.887 DBG] AutoSave :: Auto saving settings...
[2026-03-22 02:15:52.907 DBG] Users :: Time to save 19.154ms
[2026-03-22 02:15:52.928 DBG] Actions :: Time to save 21.2175ms
[2026-03-22 02:15:52.944 DBG] Commands :: Time to save 16.362ms
[2026-03-22 02:15:52.960 DBG] Twitch Rewards :: Time to save 16.5147ms
[2026-03-22 02:15:52.975 DBG] Midi :: Time to save 14.4992ms
[2026-03-22 02:15:52.989 DBG] OBS Settings :: Time to save 14.4807ms
[2026-03-22 02:15:53.005 DBG] MeldStudio Settings :: Time to save 15.0469ms
[2026-03-22 02:15:53.020 DBG] Credits :: Time to save 14.736ms
[2026-03-22 02:15:53.033 DBG] Quotes :: Time to save 13.3111ms
[2026-03-22 02:15:53.110 DBG] Config :: Time to save 19.34ms
[2026-03-22 02:16:40.239 DBG] ViewerRepo :: UpdatePresence(twitch, 5), 0.0385ms
[2026-03-22 02:16:40.336 DBG] TwitchService :: Presence Timer :: Artificially updated presence with a threshold of 5 minutes (97.5836ms)
[2026-03-22 02:17:40.246 DBG] ViewerRepo :: UpdatePresence(twitch, 5), 0.0397ms
[2026-03-22 02:17:40.339 DBG] TwitchService :: Presence Timer :: Artificially updated presence with a threshold of 5 minutes (93.5668ms)
[2026-03-22 02:18:40.254 DBG] ViewerRepo :: UpdatePresence(twitch, 5), 0.0399ms
[2026-03-22 02:18:40.353 DBG] TwitchService :: Presence Timer :: Artificially updated presence with a threshold of 5 minutes (98.9748ms)
[2026-03-22 02:19:16.894 DBG] Credits :: Time to save 17.6032ms
[2026-03-22 02:19:40.265 DBG] ViewerRepo :: UpdatePresence(twitch, 5), 0.0362ms
[2026-03-22 02:19:40.355 DBG] TwitchService :: Presence Timer :: Artificially updated presence with a threshold of 5 minutes (89.9045ms)
[2026-03-22 02:20:40.277 DBG] ViewerRepo :: UpdatePresence(twitch, 5), 0.0402ms
[2026-03-22 02:20:40.367 DBG] TwitchService :: Presence Timer :: Artificially updated presence with a threshold of 5 minutes (90.1225ms)
[2026-03-22 02:20:53.131 DBG] AutoSave :: Auto saving settings...
[2026-03-22 02:20:53.152 DBG] Users :: Time to save 20.6575ms
[2026-03-22 02:20:53.176 DBG] Actions :: Time to save 24.5619ms
[2026-03-22 02:20:53.192 DBG] Commands :: Time to save 16.209ms
[2026-03-22 02:20:53.210 DBG] Twitch Rewards :: Time to save 17.1077ms
[2026-03-22 02:20:53.225 DBG] Midi :: Time to save 15.5783ms
[2026-03-22 02:20:53.242 DBG] OBS Settings :: Time to save 16.5033ms
[2026-03-22 02:20:53.256 DBG] MeldStudio Settings :: Time to save 14.8158ms
[2026-03-22 02:20:53.271 DBG] Credits :: Time to save 13.8641ms
[2026-03-22 02:20:53.286 DBG] Quotes :: Time to save 15.9227ms
[2026-03-22 02:20:53.354 DBG] Config :: Time to save 19.0709ms
[2026-03-22 02:21:09.720 DBG] ActionDispatcher :: Queueing 'Sub Goal' (361aa588-5f31-4e19-b8a5-099cae52479d, TimedAction) to 'Default' (00000000-0000-0000-0000-000000000000), with 11 arguments
[2026-03-22 02:21:09.720 DBG] ActionQueue :: 'Default' (00000000-0000-0000-0000-000000000000) :: Enqueue action 361aa588-5f31-4e19-b8a5-099cae52479d
[2026-03-22 02:21:09.720 DBG] ActionQueue :: 'Default' (00000000-0000-0000-0000-000000000000) :: Handling queue
[2026-03-22 02:21:09.720 DBG] ActionQueue :: 'Default' (00000000-0000-0000-0000-000000000000) :: Performing non-blocking 'Sub Goal' (361aa588-5f31-4e19-b8a5-099cae52479d, 826a0b48-92cd-43d2-aa18-ceefc9170873)
[2026-03-22 02:21:40.288 DBG] ViewerRepo :: UpdatePresence(twitch, 5), 0.0357ms
[2026-03-22 02:21:40.819 DBG] TwitchService :: Presence Timer :: Artificially updated presence with a threshold of 5 minutes (531.3823ms)
[2026-03-22 02:22:40.301 DBG] ViewerRepo :: UpdatePresence(twitch, 5), 0.0348ms
[2026-03-22 02:22:40.396 DBG] TwitchService :: Presence Timer :: Artificially updated presence with a threshold of 5 minutes (95.052ms)
[2026-03-22 02:23:40.312 DBG] ViewerRepo :: UpdatePresence(twitch, 5), 0.0367ms
[2026-03-22 02:23:40.407 DBG] TwitchService :: Presence Timer :: Artificially updated presence with a threshold of 5 minutes (96.2571ms)
[2026-03-22 02:24:16.905 DBG] Credits :: Time to save 16.1402ms
[2026-03-22 02:24:40.330 DBG] ViewerRepo :: UpdatePresence(twitch, 5), 0.0373ms
[2026-03-22 02:24:40.427 DBG] TwitchService :: Presence Timer :: Artificially updated presence with a threshold of 5 minutes (97.1415ms)
[2026-03-22 02:25:40.344 DBG] ViewerRepo :: UpdatePresence(twitch, 5), 0.0352ms
[2026-03-22 02:25:40.435 DBG] TwitchService :: Presence Timer :: Artificially updated presence with a threshold of 5 minutes (90.996ms)
[2026-03-22 02:25:53.390 DBG] AutoSave :: Auto saving settings...
[2026-03-22 02:25:53.409 DBG] Users :: Time to save 19.3046ms
[2026-03-22 02:25:53.433 DBG] Actions :: Time to save 24.0264ms
[2026-03-22 02:25:53.450 DBG] Commands :: Time to save 16.3597ms
[2026-03-22 02:25:53.467 DBG] Twitch Rewards :: Time to save 17.0143ms
[2026-03-22 02:25:53.482 DBG] Midi :: Time to save 14.546ms
[2026-03-22 02:25:53.495 DBG] OBS Settings :: Time to save 14.1ms
[2026-03-22 02:25:53.509 DBG] MeldStudio Settings :: Time to save 14.0976ms
[2026-03-22 02:25:53.523 DBG] Credits :: Time to save 13.8182ms
[2026-03-22 02:25:53.539 DBG] Quotes :: Time to save 15.8893ms
[2026-03-22 02:25:53.610 DBG] Config :: Time to save 18.0567ms
[2026-03-22 02:26:40.349 DBG] ViewerRepo :: UpdatePresence(twitch, 5), 0.0346ms
[2026-03-22 02:26:40.446 DBG] TwitchService :: Presence Timer :: Artificially updated presence with a threshold of 5 minutes (97.0988ms)
[2026-03-22 02:27:40.365 DBG] ViewerRepo :: UpdatePresence(twitch, 5), 0.0354ms
[2026-03-22 02:27:40.454 DBG] TwitchService :: Presence Timer :: Artificially updated presence with a threshold of 5 minutes (89.8325ms)
[2026-03-22 02:28:40.378 DBG] ViewerRepo :: UpdatePresence(twitch, 5), 0.0376ms
[2026-03-22 02:28:40.466 DBG] TwitchService :: Presence Timer :: Artificially updated presence with a threshold of 5 minutes (88.0133ms)
[2026-03-22 02:29:16.919 DBG] Credits :: Time to save 15.8546ms
[2026-03-22 02:29:40.385 DBG] ViewerRepo :: UpdatePresence(twitch, 5), 0.0394ms
[2026-03-22 02:29:40.479 DBG] TwitchService :: Presence Timer :: Artificially updated presence with a threshold of 5 minutes (93.1318ms)
[2026-03-22 02:30:40.394 DBG] ViewerRepo :: UpdatePresence(twitch, 5), 0.0381ms
[2026-03-22 02:30:40.489 DBG] TwitchService :: Presence Timer :: Artificially updated presence with a threshold of 5 minutes (94.6869ms)
[2026-03-22 02:30:53.651 DBG] AutoSave :: Auto saving settings...
[2026-03-22 02:30:53.670 DBG] Users :: Time to save 20.4824ms
[2026-03-22 02:30:53.694 DBG] Actions :: Time to save 23.5076ms
[2026-03-22 02:30:53.708 DBG] Commands :: Time to save 13.1491ms
[2026-03-22 02:30:53.725 DBG] Twitch Rewards :: Time to save 17.6711ms
[2026-03-22 02:30:53.740 DBG] Midi :: Time to save 14.6801ms
[2026-03-22 02:30:53.754 DBG] OBS Settings :: Time to save 14.4755ms
[2026-03-22 02:30:53.769 DBG] MeldStudio Settings :: Time to save 14.2953ms
[2026-03-22 02:30:53.784 DBG] Credits :: Time to save 15.0401ms
[2026-03-22 02:30:53.800 DBG] Quotes :: Time to save 15.469ms
[2026-03-22 02:30:53.874 DBG] Config :: Time to save 18.7501ms
[2026-03-22 02:31:10.631 DBG] ActionDispatcher :: Queueing 'Sub Goal' (361aa588-5f31-4e19-b8a5-099cae52479d, TimedAction) to 'Default' (00000000-0000-0000-0000-000000000000), with 11 arguments
[2026-03-22 02:31:10.632 DBG] ActionQueue :: 'Default' (00000000-0000-0000-0000-000000000000) :: Enqueue action 361aa588-5f31-4e19-b8a5-099cae52479d
[2026-03-22 02:31:10.632 DBG] ActionQueue :: 'Default' (00000000-0000-0000-0000-000000000000) :: Handling queue
[2026-03-22 02:31:10.632 DBG] ActionQueue :: 'Default' (00000000-0000-0000-0000-000000000000) :: Performing non-blocking 'Sub Goal' (361aa588-5f31-4e19-b8a5-099cae52479d, a4119944-1df0-4f04-a1b4-98d32cddbabd)
[2026-03-22 02:31:40.399 DBG] ViewerRepo :: UpdatePresence(twitch, 5), 0.0375ms
[2026-03-22 02:31:40.497 DBG] TwitchService :: Presence Timer :: Artificially updated presence with a threshold of 5 minutes (98.6956ms)
[2026-03-22 02:32:40.412 DBG] ViewerRepo :: UpdatePresence(twitch, 5), 0.0383ms
[2026-03-22 02:32:40.506 DBG] TwitchService :: Presence Timer :: Artificially updated presence with a threshold of 5 minutes (94.9293ms)
[2026-03-22 02:33:40.416 DBG] ViewerRepo :: UpdatePresence(twitch, 5), 0.0357ms
[2026-03-22 02:33:40.510 DBG] TwitchService :: Presence Timer :: Artificially updated presence with a threshold of 5 minutes (94.9135ms)
[2026-03-22 02:34:16.924 DBG] Credits :: Time to save 16.5616ms
[2026-03-22 02:34:40.420 DBG] ViewerRepo :: UpdatePresence(twitch, 5), 0.0358ms
[2026-03-22 02:34:40.521 DBG] TwitchService :: Presence Timer :: Artificially updated presence with a threshold of 5 minutes (100.693ms)
[2026-03-22 02:35:40.429 DBG] ViewerRepo :: UpdatePresence(twitch, 5), 0.035ms
[2026-03-22 02:35:40.523 DBG] TwitchService :: Presence Timer :: Artificially updated presence with a threshold of 5 minutes (94.4774ms)
[2026-03-22 02:35:53.907 DBG] AutoSave :: Auto saving settings...
[2026-03-22 02:35:53.926 DBG] Users :: Time to save 19.0422ms
[2026-03-22 02:35:53.951 DBG] Actions :: Time to save 24.338ms
[2026-03-22 02:35:53.967 DBG] Commands :: Time to save 16.421ms
[2026-03-22 02:35:53.983 DBG] Twitch Rewards :: Time to save 15.7192ms
[2026-03-22 02:35:53.997 DBG] Midi :: Time to save 14.6623ms
[2026-03-22 02:35:54.012 DBG] OBS Settings :: Time to save 14.6036ms
[2026-03-22 02:35:54.027 DBG] MeldStudio Settings :: Time to save 14.6951ms
[2026-03-22 02:35:54.041 DBG] Credits :: Time to save 14.377ms
[2026-03-22 02:35:54.058 DBG] Quotes :: Time to save 16.6582ms
[2026-03-22 02:35:54.130 DBG] Config :: Time to save 18.7008ms
[2026-03-22 02:36:40.445 DBG] ViewerRepo :: UpdatePresence(twitch, 5), 0.037ms
[2026-03-22 02:36:40.542 DBG] TwitchService :: Presence Timer :: Artificially updated presence with a threshold of 5 minutes (97.8024ms)
[2026-03-22 02:37:40.459 DBG] ViewerRepo :: UpdatePresence(twitch, 5), 0.0377ms
[2026-03-22 02:37:40.552 DBG] TwitchService :: Presence Timer :: Artificially updated presence with a threshold of 5 minutes (92.9394ms)
[2026-03-22 02:38:40.471 DBG] ViewerRepo :: UpdatePresence(twitch, 5), 0.0418ms
[2026-03-22 02:38:40.570 DBG] TwitchService :: Presence Timer :: Artificially updated presence with a threshold of 5 minutes (98.8028ms)
[2026-03-22 02:39:16.936 DBG] Credits :: Time to save 17.6282ms
[2026-03-22 02:39:40.478 DBG] ViewerRepo :: UpdatePresence(twitch, 5), 0.0362ms
[2026-03-22 02:39:40.570 DBG] TwitchService :: Presence Timer :: Artificially updated presence with a threshold of 5 minutes (92.1396ms)
[2026-03-22 02:40:40.483 DBG] ViewerRepo :: UpdatePresence(twitch, 5), 0.0361ms
[2026-03-22 02:40:40.584 DBG] TwitchService :: Presence Timer :: Artificially updated presence with a threshold of 5 minutes (100.8468ms)
[2026-03-22 02:40:54.143 DBG] AutoSave :: Auto saving settings...
[2026-03-22 02:40:54.161 DBG] Users :: Time to save 18.0642ms
[2026-03-22 02:40:54.180 DBG] Actions :: Time to save 20.0242ms
[2026-03-22 02:40:54.199 DBG] Commands :: Time to save 17.9311ms
[2026-03-22 02:40:54.213 DBG] Twitch Rewards :: Time to save 13.3748ms
[2026-03-22 02:40:54.224 DBG] Midi :: Time to save 12.0043ms
[2026-03-22 02:40:54.239 DBG] OBS Settings :: Time to save 14.7199ms
[2026-03-22 02:40:54.253 DBG] MeldStudio Settings :: Time to save 13.6833ms
[2026-03-22 02:40:54.267 DBG] Credits :: Time to save 14.1753ms
[2026-03-22 02:40:54.283 DBG] Quotes :: Time to save 16.1669ms
[2026-03-22 02:40:54.364 DBG] Config :: Time to save 18.9183ms
[2026-03-22 02:41:11.398 DBG] ActionDispatcher :: Queueing 'Sub Goal' (361aa588-5f31-4e19-b8a5-099cae52479d, TimedAction) to 'Default' (00000000-0000-0000-0000-000000000000), with 11 arguments
[2026-03-22 02:41:11.398 DBG] ActionQueue :: 'Default' (00000000-0000-0000-0000-000000000000) :: Enqueue action 361aa588-5f31-4e19-b8a5-099cae52479d
[2026-03-22 02:41:11.398 DBG] ActionQueue :: 'Default' (00000000-0000-0000-0000-000000000000) :: Handling queue
[2026-03-22 02:41:11.398 DBG] ActionQueue :: 'Default' (00000000-0000-0000-0000-000000000000) :: Performing non-blocking 'Sub Goal' (361aa588-5f31-4e19-b8a5-099cae52479d, c5095f43-f43f-441d-a50f-d3fdc3e0849c)
[2026-03-22 02:41:40.491 DBG] ViewerRepo :: UpdatePresence(twitch, 5), 0.0609ms
[2026-03-22 02:41:40.586 DBG] TwitchService :: Presence Timer :: Artificially updated presence with a threshold of 5 minutes (95.0531ms)
[2026-03-22 02:42:40.493 DBG] ViewerRepo :: UpdatePresence(twitch, 5), 0.035ms
[2026-03-22 02:42:40.595 DBG] TwitchService :: Presence Timer :: Artificially updated presence with a threshold of 5 minutes (102.8281ms)
[2026-03-22 02:43:40.495 DBG] ViewerRepo :: UpdatePresence(twitch, 5), 0.034ms
[2026-03-22 02:43:40.587 DBG] TwitchService :: Presence Timer :: Artificially updated presence with a threshold of 5 minutes (92.1716ms)
[2026-03-22 02:44:16.943 DBG] Credits :: Time to save 15.8645ms
[2026-03-22 02:44:40.510 DBG] ViewerRepo :: UpdatePresence(twitch, 5), 0.0391ms
[2026-03-22 02:44:40.600 DBG] TwitchService :: Presence Timer :: Artificially updated presence with a threshold of 5 minutes (90.7632ms)
[2026-03-22 02:45:40.517 DBG] ViewerRepo :: UpdatePresence(twitch, 5), 0.0347ms
[2026-03-22 02:45:40.614 DBG] TwitchService :: Presence Timer :: Artificially updated presence with a threshold of 5 minutes (97.2017ms)
[2026-03-22 02:45:54.383 DBG] AutoSave :: Auto saving settings...
[2026-03-22 02:45:54.402 DBG] Users :: Time to save 18.997ms
[2026-03-22 02:45:54.425 DBG] Actions :: Time to save 23.0073ms
[2026-03-22 02:45:54.442 DBG] Commands :: Time to save 17.3801ms
[2026-03-22 02:45:54.459 DBG] Twitch Rewards :: Time to save 16.3889ms
[2026-03-22 02:45:54.473 DBG] Midi :: Time to save 14.9088ms
[2026-03-22 02:45:54.489 DBG] OBS Settings :: Time to save 14.7499ms
[2026-03-22 02:45:54.503 DBG] MeldStudio Settings :: Time to save 14.94ms
[2026-03-22 02:45:54.519 DBG] Credits :: Time to save 15.2436ms
[2026-03-22 02:45:54.536 DBG] Quotes :: Time to save 17.0274ms
[2026-03-22 02:45:54.603 DBG] Config :: Time to save 19.1818ms
[2026-03-22 02:46:40.521 DBG] ViewerRepo :: UpdatePresence(twitch, 5), 0.0358ms
[2026-03-22 02:46:40.617 DBG] TwitchService :: Presence Timer :: Artificially updated presence with a threshold of 5 minutes (95.4941ms)
[2026-03-22 02:47:40.535 DBG] ViewerRepo :: UpdatePresence(twitch, 5), 0.0415ms
[2026-03-22 02:47:40.635 DBG] TwitchService :: Presence Timer :: Artificially updated presence with a threshold of 5 minutes (100.2063ms)
[2026-03-22 02:48:40.538 DBG] ViewerRepo :: UpdatePresence(twitch, 5), 0.0352ms
[2026-03-22 02:48:40.635 DBG] TwitchService :: Presence Timer :: Artificially updated presence with a threshold of 5 minutes (96.543ms)
[2026-03-22 02:49:16.951 DBG] Credits :: Time to save 16.5723ms
[2026-03-22 02:49:40.550 DBG] ViewerRepo :: UpdatePresence(twitch, 5), 0.0387ms
[2026-03-22 02:49:40.644 DBG] TwitchService :: Presence Timer :: Artificially updated presence with a threshold of 5 minutes (94.5543ms)
[2026-03-22 02:50:40.564 DBG] ViewerRepo :: UpdatePresence(twitch, 5), 0.0368ms
[2026-03-22 02:50:40.656 DBG] TwitchService :: Presence Timer :: Artificially updated presence with a threshold of 5 minutes (92.6163ms)
[2026-03-22 02:50:54.621 DBG] AutoSave :: Auto saving settings...
[2026-03-22 02:50:54.641 DBG] Users :: Time to save 20.0872ms
[2026-03-22 02:50:54.666 DBG] Actions :: Time to save 25.4995ms
[2026-03-22 02:50:54.686 DBG] Commands :: Time to save 18.6487ms
[2026-03-22 02:50:54.705 DBG] Twitch Rewards :: Time to save 18.5631ms
[2026-03-22 02:50:54.720 DBG] Midi :: Time to save 15.9564ms
[2026-03-22 02:50:54.736 DBG] OBS Settings :: Time to save 15.9435ms
[2026-03-22 02:50:54.748 DBG] MeldStudio Settings :: Time to save 11.7798ms
[2026-03-22 02:50:54.763 DBG] Credits :: Time to save 15.4026ms
[2026-03-22 02:50:54.781 DBG] Quotes :: Time to save 17.6042ms
[2026-03-22 02:50:54.845 DBG] Config :: Time to save 19.2824ms
[2026-03-22 02:51:11.657 DBG] ActionDispatcher :: Queueing 'Sub Goal' (361aa588-5f31-4e19-b8a5-099cae52479d, TimedAction) to 'Default' (00000000-0000-0000-0000-000000000000), with 11 arguments
[2026-03-22 02:51:11.657 DBG] ActionQueue :: 'Default' (00000000-0000-0000-0000-000000000000) :: Enqueue action 361aa588-5f31-4e19-b8a5-099cae52479d
[2026-03-22 02:51:11.657 DBG] ActionQueue :: 'Default' (00000000-0000-0000-0000-000000000000) :: Handling queue
[2026-03-22 02:51:11.657 DBG] ActionQueue :: 'Default' (00000000-0000-0000-0000-000000000000) :: Performing non-blocking 'Sub Goal' (361aa588-5f31-4e19-b8a5-099cae52479d, 1c638ab5-d563-45c7-9a83-d6998a13ca74)
[2026-03-22 02:51:40.574 DBG] ViewerRepo :: UpdatePresence(twitch, 5), 0.0348ms
[2026-03-22 02:51:40.669 DBG] TwitchService :: Presence Timer :: Artificially updated presence with a threshold of 5 minutes (95.4839ms)
[2026-03-22 02:52:40.604 DBG] ViewerRepo :: UpdatePresence(twitch, 5), 0.0375ms
[2026-03-22 02:52:40.697 DBG] TwitchService :: Presence Timer :: Artificially updated presence with a threshold of 5 minutes (93.2486ms)
[2026-03-22 02:53:40.611 DBG] ViewerRepo :: UpdatePresence(twitch, 5), 0.0357ms
[2026-03-22 02:53:40.709 DBG] TwitchService :: Presence Timer :: Artificially updated presence with a threshold of 5 minutes (97.4768ms)
[2026-03-22 02:54:16.967 DBG] Credits :: Time to save 17.5947ms
[2026-03-22 02:54:40.627 DBG] ViewerRepo :: UpdatePresence(twitch, 5), 0.0381ms
[2026-03-22 02:54:40.725 DBG] TwitchService :: Presence Timer :: Artificially updated presence with a threshold of 5 minutes (98.6834ms)
[2026-03-22 02:55:40.631 DBG] ViewerRepo :: UpdatePresence(twitch, 5), 0.037ms
[2026-03-22 02:55:40.721 DBG] TwitchService :: Presence Timer :: Artificially updated presence with a threshold of 5 minutes (90.7327ms)
[2026-03-22 02:55:54.844 DBG] AutoSave :: Auto saving settings...
[2026-03-22 02:55:54.864 DBG] Users :: Time to save 19.834ms
[2026-03-22 02:55:54.888 DBG] Actions :: Time to save 24.4111ms
[2026-03-22 02:55:54.904 DBG] Commands :: Time to save 15.7427ms
[2026-03-22 02:55:54.920 DBG] Twitch Rewards :: Time to save 16.6375ms
[2026-03-22 02:55:54.935 DBG] Midi :: Time to save 14.7851ms
[2026-03-22 02:55:54.947 DBG] OBS Settings :: Time to save 11.7483ms
[2026-03-22 02:55:54.960 DBG] MeldStudio Settings :: Time to save 14.1858ms
[2026-03-22 02:55:54.975 DBG] Credits :: Time to save 14.147ms
[2026-03-22 02:55:54.988 DBG] Quotes :: Time to save 13.0464ms
[2026-03-22 02:55:55.065 DBG] Config :: Time to save 19.105ms
[2026-03-22 02:56:40.643 DBG] ViewerRepo :: UpdatePresence(twitch, 5), 0.045ms
[2026-03-22 02:56:40.734 DBG] TwitchService :: Presence Timer :: Artificially updated presence with a threshold of 5 minutes (91.0596ms)
[2026-03-22 02:57:40.658 DBG] ViewerRepo :: UpdatePresence(twitch, 5), 0.0366ms
[2026-03-22 02:57:40.756 DBG] TwitchService :: Presence Timer :: Artificially updated presence with a threshold of 5 minutes (97.9001ms)
[2026-03-22 02:58:40.659 DBG] ViewerRepo :: UpdatePresence(twitch, 5), 0.0372ms
[2026-03-22 02:58:40.757 DBG] TwitchService :: Presence Timer :: Artificially updated presence with a threshold of 5 minutes (98.2083ms)
[2026-03-22 02:59:16.967 DBG] Credits :: Time to save 15.5582ms
[2026-03-22 02:59:40.664 DBG] ViewerRepo :: UpdatePresence(twitch, 5), 0.0366ms
[2026-03-22 02:59:40.755 DBG] TwitchService :: Presence Timer :: Artificially updated presence with a threshold of 5 minutes (92.0848ms)
[2026-03-22 03:00:40.673 DBG] ViewerRepo :: UpdatePresence(twitch, 5), 0.0401ms
[2026-03-22 03:00:40.765 DBG] TwitchService :: Presence Timer :: Artificially updated presence with a threshold of 5 minutes (91.5079ms)
[2026-03-22 03:00:55.079 DBG] AutoSave :: Auto saving settings...
[2026-03-22 03:00:55.099 DBG] Users :: Time to save 19.7972ms
[2026-03-22 03:00:55.123 DBG] Actions :: Time to save 24.5371ms
[2026-03-22 03:00:55.141 DBG] Commands :: Time to save 17.5056ms
[2026-03-22 03:00:55.158 DBG] Twitch Rewards :: Time to save 16.4856ms
[2026-03-22 03:00:55.171 DBG] Midi :: Time to save 13.5398ms
[2026-03-22 03:00:55.187 DBG] OBS Settings :: Time to save 15.0198ms
[2026-03-22 03:00:55.201 DBG] MeldStudio Settings :: Time to save 14.4663ms
[2026-03-22 03:00:55.215 DBG] Credits :: Time to save 14.3284ms
[2026-03-22 03:00:55.232 DBG] Quotes :: Time to save 17.4023ms
[2026-03-22 03:00:55.300 DBG] Config :: Time to save 18.1805ms
[2026-03-22 03:01:11.753 DBG] ActionDispatcher :: Queueing 'Sub Goal' (361aa588-5f31-4e19-b8a5-099cae52479d, TimedAction) to 'Default' (00000000-0000-0000-0000-000000000000), with 11 arguments
[2026-03-22 03:01:11.753 DBG] ActionQueue :: 'Default' (00000000-0000-0000-0000-000000000000) :: Enqueue action 361aa588-5f31-4e19-b8a5-099cae52479d
[2026-03-22 03:01:11.753 DBG] ActionQueue :: 'Default' (00000000-0000-0000-0000-000000000000) :: Handling queue
[2026-03-22 03:01:11.753 DBG] ActionQueue :: 'Default' (00000000-0000-0000-0000-000000000000) :: Performing non-blocking 'Sub Goal' (361aa588-5f31-4e19-b8a5-099cae52479d, 2dc42acf-b2e7-4ec8-86f5-f4c2a0fc6239)
[2026-03-22 03:01:40.687 DBG] ViewerRepo :: UpdatePresence(twitch, 5), 0.0644ms
[2026-03-22 03:01:40.780 DBG] TwitchService :: Presence Timer :: Artificially updated presence with a threshold of 5 minutes (92.8642ms)
[2026-03-22 03:02:40.699 DBG] ViewerRepo :: UpdatePresence(twitch, 5), 0.0474ms
[2026-03-22 03:02:40.793 DBG] TwitchService :: Presence Timer :: Artificially updated presence with a threshold of 5 minutes (94.5598ms)
[2026-03-22 03:03:40.713 DBG] ViewerRepo :: UpdatePresence(twitch, 5), 0.0394ms
[2026-03-22 03:03:40.808 DBG] TwitchService :: Presence Timer :: Artificially updated presence with a threshold of 5 minutes (95.3656ms)
[2026-03-22 03:04:16.976 DBG] Credits :: Time to save 17.3897ms
[2026-03-22 03:04:40.718 DBG] ViewerRepo :: UpdatePresence(twitch, 5), 0.035ms
[2026-03-22 03:04:40.808 DBG] TwitchService :: Presence Timer :: Artificially updated presence with a threshold of 5 minutes (90.1135ms)
[2026-03-22 03:05:40.732 DBG] ViewerRepo :: UpdatePresence(twitch, 5), 0.0395ms
[2026-03-22 03:05:40.826 DBG] TwitchService :: Presence Timer :: Artificially updated presence with a threshold of 5 minutes (93.994ms)
[2026-03-22 03:05:55.329 DBG] AutoSave :: Auto saving settings...
[2026-03-22 03:05:55.342 DBG] Users :: Time to save 13.3627ms
[2026-03-22 03:05:55.365 DBG] Actions :: Time to save 23.6153ms
[2026-03-22 03:05:55.383 DBG] Commands :: Time to save 17.4749ms
[2026-03-22 03:05:55.399 DBG] Twitch Rewards :: Time to save 16.2924ms
[2026-03-22 03:05:55.410 DBG] Midi :: Time to save 11.3629ms
[2026-03-22 03:05:55.425 DBG] OBS Settings :: Time to save 13.7302ms
[2026-03-22 03:05:55.439 DBG] MeldStudio Settings :: Time to save 14.1646ms
[2026-03-22 03:05:55.453 DBG] Credits :: Time to save 14.026ms
[2026-03-22 03:05:55.470 DBG] Quotes :: Time to save 17.3724ms
[2026-03-22 03:05:55.553 DBG] Config :: Time to save 18.7933ms
[2026-03-22 03:06:40.738 DBG] ViewerRepo :: UpdatePresence(twitch, 5), 0.057ms
[2026-03-22 03:06:40.834 DBG] TwitchService :: Presence Timer :: Artificially updated presence with a threshold of 5 minutes (96.1119ms)
[2026-03-22 03:07:40.739 DBG] ViewerRepo :: UpdatePresence(twitch, 5), 0.0352ms
[2026-03-22 03:07:40.835 DBG] TwitchService :: Presence Timer :: Artificially updated presence with a threshold of 5 minutes (95.7055ms)
[2026-03-22 03:08:40.754 DBG] ViewerRepo :: UpdatePresence(twitch, 5), 0.0376ms
[2026-03-22 03:08:40.849 DBG] TwitchService :: Presence Timer :: Artificially updated presence with a threshold of 5 minutes (96.8683ms)
[2026-03-22 03:09:16.993 DBG] Credits :: Time to save 17.0986ms
[2026-03-22 03:09:40.761 DBG] ViewerRepo :: UpdatePresence(twitch, 5), 0.0521ms
[2026-03-22 03:09:40.851 DBG] TwitchService :: Presence Timer :: Artificially updated presence with a threshold of 5 minutes (90.5323ms)
[2026-03-22 03:10:40.765 DBG] ViewerRepo :: UpdatePresence(twitch, 5), 0.0355ms
[2026-03-22 03:10:40.862 DBG] TwitchService :: Presence Timer :: Artificially updated presence with a threshold of 5 minutes (97.6056ms)
[2026-03-22 03:10:55.567 DBG] AutoSave :: Auto saving settings...
[2026-03-22 03:10:55.587 DBG] Users :: Time to save 19.9576ms
[2026-03-22 03:10:55.610 DBG] Actions :: Time to save 22.8091ms
[2026-03-22 03:10:55.626 DBG] Commands :: Time to save 16.831ms
[2026-03-22 03:10:55.643 DBG] Twitch Rewards :: Time to save 17.2395ms
[2026-03-22 03:10:55.659 DBG] Midi :: Time to save 15.8689ms
[2026-03-22 03:10:55.673 DBG] OBS Settings :: Time to save 14.1276ms
[2026-03-22 03:10:55.688 DBG] MeldStudio Settings :: Time to save 14.4069ms
[2026-03-22 03:10:55.701 DBG] Credits :: Time to save 13.5527ms
[2026-03-22 03:10:55.718 DBG] Quotes :: Time to save 16.1128ms
[2026-03-22 03:10:55.790 DBG] Config :: Time to save 18.8749ms
[2026-03-22 03:11:12.417 DBG] ActionDispatcher :: Queueing 'Sub Goal' (361aa588-5f31-4e19-b8a5-099cae52479d, TimedAction) to 'Default' (00000000-0000-0000-0000-000000000000), with 11 arguments
[2026-03-22 03:11:12.417 DBG] ActionQueue :: 'Default' (00000000-0000-0000-0000-000000000000) :: Enqueue action 361aa588-5f31-4e19-b8a5-099cae52479d
[2026-03-22 03:11:12.417 DBG] ActionQueue :: 'Default' (00000000-0000-0000-0000-000000000000) :: Handling queue
[2026-03-22 03:11:12.417 DBG] ActionQueue :: 'Default' (00000000-0000-0000-0000-000000000000) :: Performing non-blocking 'Sub Goal' (361aa588-5f31-4e19-b8a5-099cae52479d, a59f56e1-e4ce-4c07-8279-5bc00b878f55)
[2026-03-22 03:11:40.770 DBG] ViewerRepo :: UpdatePresence(twitch, 5), 0.0352ms
[2026-03-22 03:11:40.863 DBG] TwitchService :: Presence Timer :: Artificially updated presence with a threshold of 5 minutes (93.6532ms)
[2026-03-22 03:12:40.771 DBG] ViewerRepo :: UpdatePresence(twitch, 5), 0.0358ms
[2026-03-22 03:12:40.861 DBG] TwitchService :: Presence Timer :: Artificially updated presence with a threshold of 5 minutes (90.0901ms)
[2026-03-22 03:13:40.782 DBG] ViewerRepo :: UpdatePresence(twitch, 5), 0.0366ms
[2026-03-22 03:13:40.879 DBG] TwitchService :: Presence Timer :: Artificially updated presence with a threshold of 5 minutes (96.3187ms)
[2026-03-22 03:14:17.005 DBG] Credits :: Time to save 16.6005ms
[2026-03-22 03:14:40.791 DBG] ViewerRepo :: UpdatePresence(twitch, 5), 0.0447ms
[2026-03-22 03:14:40.883 DBG] TwitchService :: Presence Timer :: Artificially updated presence with a threshold of 5 minutes (93.1657ms)
[2026-03-22 03:15:40.793 DBG] ViewerRepo :: UpdatePresence(twitch, 5), 0.0348ms
[2026-03-22 03:15:40.884 DBG] TwitchService :: Presence Timer :: Artificially updated presence with a threshold of 5 minutes (92.4625ms)
[2026-03-22 03:15:55.835 DBG] AutoSave :: Auto saving settings...
[2026-03-22 03:15:55.853 DBG] Users :: Time to save 18.0703ms
[2026-03-22 03:15:55.877 DBG] Actions :: Time to save 24.2014ms
[2026-03-22 03:15:55.895 DBG] Commands :: Time to save 16.6278ms
[2026-03-22 03:15:55.912 DBG] Twitch Rewards :: Time to save 17.3494ms
[2026-03-22 03:15:55.927 DBG] Midi :: Time to save 15.2391ms
[2026-03-22 03:15:55.940 DBG] OBS Settings :: Time to save 13.4493ms
[2026-03-22 03:15:55.955 DBG] MeldStudio Settings :: Time to save 13.7467ms
[2026-03-22 03:15:55.968 DBG] Credits :: Time to save 13.7274ms
[2026-03-22 03:15:55.984 DBG] Quotes :: Time to save 16.2828ms
[2026-03-22 03:15:56.057 DBG] Config :: Time to save 18.6509ms
[2026-03-22 03:16:40.794 DBG] ViewerRepo :: UpdatePresence(twitch, 5), 0.0359ms
[2026-03-22 03:16:40.888 DBG] TwitchService :: Presence Timer :: Artificially updated presence with a threshold of 5 minutes (93.6262ms)
[2026-03-22 03:17:40.801 DBG] ViewerRepo :: UpdatePresence(twitch, 5), 0.0358ms
[2026-03-22 03:17:40.895 DBG] TwitchService :: Presence Timer :: Artificially updated presence with a threshold of 5 minutes (93.9202ms)
[2026-03-22 03:18:40.801 DBG] ViewerRepo :: UpdatePresence(twitch, 5), 0.0346ms
[2026-03-22 03:18:40.901 DBG] TwitchService :: Presence Timer :: Artificially updated presence with a threshold of 5 minutes (100.2798ms)
[2026-03-22 03:19:17.017 DBG] Credits :: Time to save 17.3447ms
[2026-03-22 03:19:40.813 DBG] ViewerRepo :: UpdatePresence(twitch, 5), 0.0422ms
[2026-03-22 03:19:40.904 DBG] TwitchService :: Presence Timer :: Artificially updated presence with a threshold of 5 minutes (91.3286ms)
[2026-03-22 03:20:40.822 DBG] ViewerRepo :: UpdatePresence(twitch, 5), 0.035ms
[2026-03-22 03:20:40.911 DBG] TwitchService :: Presence Timer :: Artificially updated presence with a threshold of 5 minutes (88.3421ms)
[2026-03-22 03:20:56.076 DBG] AutoSave :: Auto saving settings...
[2026-03-22 03:20:56.096 DBG] Users :: Time to save 19.3501ms
[2026-03-22 03:20:56.120 DBG] Actions :: Time to save 24.3978ms
[2026-03-22 03:20:56.137 DBG] Commands :: Time to save 17.3414ms
[2026-03-22 03:20:56.154 DBG] Twitch Rewards :: Time to save 16.5265ms
[2026-03-22 03:20:56.165 DBG] Midi :: Time to save 10.7929ms
[2026-03-22 03:20:56.179 DBG] OBS Settings :: Time to save 14.4414ms
[2026-03-22 03:20:56.193 DBG] MeldStudio Settings :: Time to save 13.8082ms
[2026-03-22 03:20:56.204 DBG] Credits :: Time to save 10.9168ms
[2026-03-22 03:20:56.220 DBG] Quotes :: Time to save 15.2735ms
[2026-03-22 03:20:56.300 DBG] Config :: Time to save 18.3312ms
[2026-03-22 03:21:13.131 DBG] ActionDispatcher :: Queueing 'Sub Goal' (361aa588-5f31-4e19-b8a5-099cae52479d, TimedAction) to 'Default' (00000000-0000-0000-0000-000000000000), with 11 arguments
[2026-03-22 03:21:13.131 DBG] ActionQueue :: 'Default' (00000000-0000-0000-0000-000000000000) :: Enqueue action 361aa588-5f31-4e19-b8a5-099cae52479d
[2026-03-22 03:21:13.131 DBG] ActionQueue :: 'Default' (00000000-0000-0000-0000-000000000000) :: Handling queue
[2026-03-22 03:21:13.131 DBG] ActionQueue :: 'Default' (00000000-0000-0000-0000-000000000000) :: Performing non-blocking 'Sub Goal' (361aa588-5f31-4e19-b8a5-099cae52479d, 1ee9ba65-a3d7-4b18-9ce4-40ef09aa7f07)
[2026-03-22 03:21:40.834 DBG] ViewerRepo :: UpdatePresence(twitch, 5), 0.0362ms
[2026-03-22 03:21:41.420 DBG] TwitchService :: Presence Timer :: Artificially updated presence with a threshold of 5 minutes (585.9952ms)
[2026-03-22 03:22:40.849 DBG] ViewerRepo :: UpdatePresence(twitch, 5), 0.0345ms
[2026-03-22 03:22:40.945 DBG] TwitchService :: Presence Timer :: Artificially updated presence with a threshold of 5 minutes (96.5305ms)
[2026-03-22 03:23:40.858 DBG] ViewerRepo :: UpdatePresence(twitch, 5), 0.0364ms
[2026-03-22 03:23:40.958 DBG] TwitchService :: Presence Timer :: Artificially updated presence with a threshold of 5 minutes (100.9165ms)
[2026-03-22 03:24:17.016 DBG] Credits :: Time to save 16.4209ms
[2026-03-22 03:24:40.864 DBG] ViewerRepo :: UpdatePresence(twitch, 5), 0.0343ms
[2026-03-22 03:24:40.960 DBG] TwitchService :: Presence Timer :: Artificially updated presence with a threshold of 5 minutes (96.3249ms)
[2026-03-22 03:25:40.876 DBG] ViewerRepo :: UpdatePresence(twitch, 5), 0.0344ms
[2026-03-22 03:25:40.969 DBG] TwitchService :: Presence Timer :: Artificially updated presence with a threshold of 5 minutes (93.9197ms)
[2026-03-22 03:25:56.312 DBG] AutoSave :: Auto saving settings...
[2026-03-22 03:25:56.331 DBG] Users :: Time to save 18.6144ms
[2026-03-22 03:25:56.354 DBG] Actions :: Time to save 23.242ms
[2026-03-22 03:25:56.366 DBG] Commands :: Time to save 12.0183ms
[2026-03-22 03:25:56.383 DBG] Twitch Rewards :: Time to save 16.9172ms
[2026-03-22 03:25:56.394 DBG] Midi :: Time to save 11.771ms
[2026-03-22 03:25:56.409 DBG] OBS Settings :: Time to save 14.0558ms
[2026-03-22 03:25:56.423 DBG] MeldStudio Settings :: Time to save 14.5762ms
[2026-03-22 03:25:56.438 DBG] Credits :: Time to save 14.0944ms
[2026-03-22 03:25:56.455 DBG] Quotes :: Time to save 17.3375ms
[2026-03-22 03:25:56.532 DBG] Config :: Time to save 18.4304ms
[2026-03-22 03:26:40.891 DBG] ViewerRepo :: UpdatePresence(twitch, 5), 0.0383ms
[2026-03-22 03:26:40.983 DBG] TwitchService :: Presence Timer :: Artificially updated presence with a threshold of 5 minutes (92.7317ms)
[2026-03-22 03:27:40.899 DBG] ViewerRepo :: UpdatePresence(twitch, 5), 0.0363ms
[2026-03-22 03:27:40.988 DBG] TwitchService :: Presence Timer :: Artificially updated presence with a threshold of 5 minutes (89.5399ms)
[2026-03-22 03:28:40.909 DBG] ViewerRepo :: UpdatePresence(twitch, 5), 0.0372ms
[2026-03-22 03:28:41.001 DBG] TwitchService :: Presence Timer :: Artificially updated presence with a threshold of 5 minutes (91.7669ms)
[2026-03-22 03:29:17.029 DBG] Credits :: Time to save 17.5534ms
[2026-03-22 03:29:40.914 DBG] ViewerRepo :: UpdatePresence(twitch, 5), 0.0428ms
[2026-03-22 03:29:41.005 DBG] TwitchService :: Presence Timer :: Artificially updated presence with a threshold of 5 minutes (91.5775ms)
[2026-03-22 03:30:40.922 DBG] ViewerRepo :: UpdatePresence(twitch, 5), 0.0482ms
[2026-03-22 03:30:41.016 DBG] TwitchService :: Presence Timer :: Artificially updated presence with a threshold of 5 minutes (93.7448ms)
[2026-03-22 03:30:56.519 DBG] AutoSave :: Auto saving settings...
[2026-03-22 03:30:56.538 DBG] Users :: Time to save 19.6646ms
[2026-03-22 03:30:56.563 DBG] Actions :: Time to save 24.6202ms
[2026-03-22 03:30:56.581 DBG] Commands :: Time to save 17.2756ms
[2026-03-22 03:30:56.597 DBG] Twitch Rewards :: Time to save 16.4602ms
[2026-03-22 03:30:56.611 DBG] Midi :: Time to save 14.2687ms
[2026-03-22 03:30:56.626 DBG] OBS Settings :: Time to save 14.5881ms
[2026-03-22 03:30:56.636 DBG] MeldStudio Settings :: Time to save 10.7778ms
[2026-03-22 03:30:56.651 DBG] Credits :: Time to save 14.0057ms
[2026-03-22 03:30:56.667 DBG] Quotes :: Time to save 16.1912ms
[2026-03-22 03:30:56.739 DBG] Config :: Time to save 19.1029ms
[2026-03-22 03:31:13.737 DBG] ActionDispatcher :: Queueing 'Sub Goal' (361aa588-5f31-4e19-b8a5-099cae52479d, TimedAction) to 'Default' (00000000-0000-0000-0000-000000000000), with 11 arguments
[2026-03-22 03:31:13.737 DBG] ActionQueue :: 'Default' (00000000-0000-0000-0000-000000000000) :: Enqueue action 361aa588-5f31-4e19-b8a5-099cae52479d
[2026-03-22 03:31:13.737 DBG] ActionQueue :: 'Default' (00000000-0000-0000-0000-000000000000) :: Handling queue
[2026-03-22 03:31:13.737 DBG] ActionQueue :: 'Default' (00000000-0000-0000-0000-000000000000) :: Performing non-blocking 'Sub Goal' (361aa588-5f31-4e19-b8a5-099cae52479d, c7af6c8f-10bc-48e7-bab3-e0704865ca0b)
[2026-03-22 03:31:40.937 DBG] ViewerRepo :: UpdatePresence(twitch, 5), 0.0358ms
[2026-03-22 03:31:41.033 DBG] TwitchService :: Presence Timer :: Artificially updated presence with a threshold of 5 minutes (96.5445ms)
[2026-03-22 03:32:40.952 DBG] ViewerRepo :: UpdatePresence(twitch, 5), 0.0412ms
[2026-03-22 03:32:41.052 DBG] TwitchService :: Presence Timer :: Artificially updated presence with a threshold of 5 minutes (100.6858ms)
[2026-03-22 03:33:40.969 DBG] ViewerRepo :: UpdatePresence(twitch, 5), 0.0355ms
[2026-03-22 03:33:41.064 DBG] TwitchService :: Presence Timer :: Artificially updated presence with a threshold of 5 minutes (94.1196ms)
[2026-03-22 03:34:17.033 DBG] Credits :: Time to save 15.9447ms
[2026-03-22 03:34:40.970 DBG] ViewerRepo :: UpdatePresence(twitch, 5), 0.0374ms
[2026-03-22 03:34:41.064 DBG] TwitchService :: Presence Timer :: Artificially updated presence with a threshold of 5 minutes (94.0838ms)
[2026-03-22 03:35:40.982 DBG] ViewerRepo :: UpdatePresence(twitch, 5), 0.0369ms
[2026-03-22 03:35:41.077 DBG] TwitchService :: Presence Timer :: Artificially updated presence with a threshold of 5 minutes (95.3627ms)
[2026-03-22 03:35:56.752 DBG] AutoSave :: Auto saving settings...
[2026-03-22 03:35:56.770 DBG] Users :: Time to save 18.7072ms
[2026-03-22 03:35:56.793 DBG] Actions :: Time to save 23.1097ms
[2026-03-22 03:35:56.811 DBG] Commands :: Time to save 17.1484ms
[2026-03-22 03:35:56.827 DBG] Twitch Rewards :: Time to save 16.5844ms
[2026-03-22 03:35:56.841 DBG] Midi :: Time to save 14.0797ms
[2026-03-22 03:35:56.856 DBG] OBS Settings :: Time to save 14.5086ms
[2026-03-22 03:35:56.871 DBG] MeldStudio Settings :: Time to save 14.639ms
[2026-03-22 03:35:56.885 DBG] Credits :: Time to save 14.0812ms
[2026-03-22 03:35:56.902 DBG] Quotes :: Time to save 17.3873ms
[2026-03-22 03:35:56.971 DBG] Config :: Time to save 16.7432ms
[2026-03-22 03:36:40.997 DBG] ViewerRepo :: UpdatePresence(twitch, 5), 0.0503ms
[2026-03-22 03:36:41.088 DBG] TwitchService :: Presence Timer :: Artificially updated presence with a threshold of 5 minutes (90.8399ms)
[2026-03-22 03:37:41.012 DBG] ViewerRepo :: UpdatePresence(twitch, 5), 0.0357ms
[2026-03-22 03:37:41.104 DBG] TwitchService :: Presence Timer :: Artificially updated presence with a threshold of 5 minutes (92.4366ms)
[2026-03-22 03:38:41.023 DBG] ViewerRepo :: UpdatePresence(twitch, 5), 0.0353ms
[2026-03-22 03:38:41.117 DBG] TwitchService :: Presence Timer :: Artificially updated presence with a threshold of 5 minutes (93.8542ms)
[2026-03-22 03:39:17.048 DBG] Credits :: Time to save 15.9226ms
[2026-03-22 03:39:41.038 DBG] ViewerRepo :: UpdatePresence(twitch, 5), 0.0387ms
[2026-03-22 03:39:41.131 DBG] TwitchService :: Presence Timer :: Artificially updated presence with a threshold of 5 minutes (93.3937ms)
[2026-03-22 03:40:41.048 DBG] ViewerRepo :: UpdatePresence(twitch, 5), 0.0352ms
[2026-03-22 03:40:41.149 DBG] TwitchService :: Presence Timer :: Artificially updated presence with a threshold of 5 minutes (101.5666ms)
[2026-03-22 03:40:56.969 DBG] AutoSave :: Auto saving settings...
[2026-03-22 03:40:56.988 DBG] Users :: Time to save 18.997ms
[2026-03-22 03:40:57.012 DBG] Actions :: Time to save 24.4314ms
[2026-03-22 03:40:57.029 DBG] Commands :: Time to save 17.2924ms
[2026-03-22 03:40:57.046 DBG] Twitch Rewards :: Time to save 16.3078ms
[2026-03-22 03:40:57.059 DBG] Midi :: Time to save 14.0255ms
[2026-03-22 03:40:57.071 DBG] OBS Settings :: Time to save 10.9179ms
[2026-03-22 03:40:57.083 DBG] MeldStudio Settings :: Time to save 11.9764ms
[2026-03-22 03:40:57.098 DBG] Credits :: Time to save 14.6451ms
[2026-03-22 03:40:57.114 DBG] Quotes :: Time to save 16.216ms
[2026-03-22 03:40:57.192 DBG] Config :: Time to save 18.6876ms
[2026-03-22 03:41:14.169 DBG] ActionDispatcher :: Queueing 'Sub Goal' (361aa588-5f31-4e19-b8a5-099cae52479d, TimedAction) to 'Default' (00000000-0000-0000-0000-000000000000), with 11 arguments
[2026-03-22 03:41:14.169 DBG] ActionQueue :: 'Default' (00000000-0000-0000-0000-000000000000) :: Enqueue action 361aa588-5f31-4e19-b8a5-099cae52479d
[2026-03-22 03:41:14.169 DBG] ActionQueue :: 'Default' (00000000-0000-0000-0000-000000000000) :: Handling queue
[2026-03-22 03:41:14.169 DBG] ActionQueue :: 'Default' (00000000-0000-0000-0000-000000000000) :: Performing non-blocking 'Sub Goal' (361aa588-5f31-4e19-b8a5-099cae52479d, 9fe9cf77-3578-48bc-989f-8c8351ba12ac)
[2026-03-22 03:41:41.065 DBG] ViewerRepo :: UpdatePresence(twitch, 5), 0.0418ms
[2026-03-22 03:41:41.158 DBG] TwitchService :: Presence Timer :: Artificially updated presence with a threshold of 5 minutes (93.1968ms)
[2026-03-22 03:42:41.081 DBG] ViewerRepo :: UpdatePresence(twitch, 5), 0.0352ms
[2026-03-22 03:42:41.177 DBG] TwitchService :: Presence Timer :: Artificially updated presence with a threshold of 5 minutes (96.7376ms)
[2026-03-22 03:43:41.085 DBG] ViewerRepo :: UpdatePresence(twitch, 5), 0.0399ms
[2026-03-22 03:43:41.178 DBG] TwitchService :: Presence Timer :: Artificially updated presence with a threshold of 5 minutes (92.9123ms)
[2026-03-22 03:44:17.052 DBG] Credits :: Time to save 16.5306ms
[2026-03-22 03:44:41.097 DBG] ViewerRepo :: UpdatePresence(twitch, 5), 0.034ms
[2026-03-22 03:44:41.193 DBG] TwitchService :: Presence Timer :: Artificially updated presence with a threshold of 5 minutes (95.4063ms)
[2026-03-22 03:45:41.101 DBG] ViewerRepo :: UpdatePresence(twitch, 5), 0.037ms
[2026-03-22 03:45:41.196 DBG] TwitchService :: Presence Timer :: Artificially updated presence with a threshold of 5 minutes (95.2153ms)
[2026-03-22 03:45:57.224 DBG] AutoSave :: Auto saving settings...
[2026-03-22 03:45:57.245 DBG] Users :: Time to save 21.2689ms
[2026-03-22 03:45:57.269 DBG] Actions :: Time to save 23.9051ms
[2026-03-22 03:45:57.286 DBG] Commands :: Time to save 17.0909ms
[2026-03-22 03:45:57.302 DBG] Twitch Rewards :: Time to save 16.0381ms
[2026-03-22 03:45:57.315 DBG] Midi :: Time to save 13.3854ms
[2026-03-22 03:45:57.329 DBG] OBS Settings :: Time to save 13.9054ms
[2026-03-22 03:45:57.344 DBG] MeldStudio Settings :: Time to save 14.9128ms
[2026-03-22 03:45:57.359 DBG] Credits :: Time to save 15.1797ms
[2026-03-22 03:45:57.378 DBG] Quotes :: Time to save 17.6238ms
[2026-03-22 03:45:57.451 DBG] Config :: Time to save 18.6623ms
[2026-03-22 03:46:41.112 DBG] ViewerRepo :: UpdatePresence(twitch, 5), 0.0367ms
[2026-03-22 03:46:41.201 DBG] TwitchService :: Presence Timer :: Artificially updated presence with a threshold of 5 minutes (90.0657ms)
[2026-03-22 03:47:41.121 DBG] ViewerRepo :: UpdatePresence(twitch, 5), 0.0371ms
[2026-03-22 03:47:41.222 DBG] TwitchService :: Presence Timer :: Artificially updated presence with a threshold of 5 minutes (100.6282ms)
[2026-03-22 03:48:41.127 DBG] ViewerRepo :: UpdatePresence(twitch, 5), 0.0351ms
[2026-03-22 03:48:41.225 DBG] TwitchService :: Presence Timer :: Artificially updated presence with a threshold of 5 minutes (97.7617ms)
[2026-03-22 03:49:17.067 DBG] Credits :: Time to save 16.8975ms
[2026-03-22 03:49:41.129 DBG] ViewerRepo :: UpdatePresence(twitch, 5), 0.0373ms
[2026-03-22 03:49:41.223 DBG] TwitchService :: Presence Timer :: Artificially updated presence with a threshold of 5 minutes (93.5715ms)
[2026-03-22 03:50:41.144 DBG] ViewerRepo :: UpdatePresence(twitch, 5), 0.0362ms
[2026-03-22 03:50:41.237 DBG] TwitchService :: Presence Timer :: Artificially updated presence with a threshold of 5 minutes (93.1176ms)
[2026-03-22 03:50:57.478 DBG] AutoSave :: Auto saving settings...
[2026-03-22 03:50:57.491 DBG] Users :: Time to save 12.6672ms
[2026-03-22 03:50:57.514 DBG] Actions :: Time to save 23.8598ms
[2026-03-22 03:50:57.530 DBG] Commands :: Time to save 15.6942ms
[2026-03-22 03:50:57.547 DBG] Twitch Rewards :: Time to save 17.3043ms
[2026-03-22 03:50:57.562 DBG] Midi :: Time to save 14.7818ms
[2026-03-22 03:50:57.575 DBG] OBS Settings :: Time to save 13.0591ms
[2026-03-22 03:50:57.586 DBG] MeldStudio Settings :: Time to save 11.1635ms
[2026-03-22 03:50:57.601 DBG] Credits :: Time to save 13.6035ms
[2026-03-22 03:50:57.618 DBG] Quotes :: Time to save 17.4099ms
[2026-03-22 03:50:57.703 DBG] Config :: Time to save 19.9912ms
[2026-03-22 03:51:14.574 DBG] ActionDispatcher :: Queueing 'Sub Goal' (361aa588-5f31-4e19-b8a5-099cae52479d, TimedAction) to 'Default' (00000000-0000-0000-0000-000000000000), with 11 arguments
[2026-03-22 03:51:14.574 DBG] ActionQueue :: 'Default' (00000000-0000-0000-0000-000000000000) :: Enqueue action 361aa588-5f31-4e19-b8a5-099cae52479d
[2026-03-22 03:51:14.574 DBG] ActionQueue :: 'Default' (00000000-0000-0000-0000-000000000000) :: Handling queue
[2026-03-22 03:51:14.574 DBG] ActionQueue :: 'Default' (00000000-0000-0000-0000-000000000000) :: Performing non-blocking 'Sub Goal' (361aa588-5f31-4e19-b8a5-099cae52479d, 7a33d618-70f3-4885-8728-da24e3b0b6a6)
[2026-03-22 03:51:41.157 DBG] ViewerRepo :: UpdatePresence(twitch, 5), 0.0358ms
[2026-03-22 03:51:41.254 DBG] TwitchService :: Presence Timer :: Artificially updated presence with a threshold of 5 minutes (96.5473ms)
[2026-03-22 03:52:41.160 DBG] ViewerRepo :: UpdatePresence(twitch, 5), 0.0414ms
[2026-03-22 03:52:41.256 DBG] TwitchService :: Presence Timer :: Artificially updated presence with a threshold of 5 minutes (96.2184ms)
[2026-03-22 03:53:41.170 DBG] ViewerRepo :: UpdatePresence(twitch, 5), 0.0363ms
[2026-03-22 03:53:41.267 DBG] TwitchService :: Presence Timer :: Artificially updated presence with a threshold of 5 minutes (96.1291ms)
[2026-03-22 03:54:17.088 DBG] Credits :: Time to save 17.2403ms
[2026-03-22 03:54:41.181 DBG] ViewerRepo :: UpdatePresence(twitch, 5), 0.0359ms
[2026-03-22 03:54:41.274 DBG] TwitchService :: Presence Timer :: Artificially updated presence with a threshold of 5 minutes (93.1095ms)
[2026-03-22 03:55:41.194 DBG] ViewerRepo :: UpdatePresence(twitch, 5), 0.0376ms
[2026-03-22 03:55:41.287 DBG] TwitchService :: Presence Timer :: Artificially updated presence with a threshold of 5 minutes (93.0664ms)
[2026-03-22 03:55:57.719 DBG] AutoSave :: Auto saving settings...
[2026-03-22 03:55:57.739 DBG] Users :: Time to save 20.3163ms
[2026-03-22 03:55:57.764 DBG] Actions :: Time to save 24.3349ms
[2026-03-22 03:55:57.781 DBG] Commands :: Time to save 17.9036ms
[2026-03-22 03:55:57.799 DBG] Twitch Rewards :: Time to save 18.1131ms
[2026-03-22 03:55:57.815 DBG] Midi :: Time to save 15.5024ms
[2026-03-22 03:55:57.830 DBG] OBS Settings :: Time to save 15.1533ms
[2026-03-22 03:55:57.846 DBG] MeldStudio Settings :: Time to save 15.1777ms
[2026-03-22 03:55:57.860 DBG] Credits :: Time to save 15.1753ms
[2026-03-22 03:55:57.878 DBG] Quotes :: Time to save 16.7553ms
[2026-03-22 03:55:57.939 DBG] Config :: Time to save 15.8826ms
[2026-03-22 03:56:41.202 DBG] ViewerRepo :: UpdatePresence(twitch, 5), 0.0385ms
[2026-03-22 03:56:41.299 DBG] TwitchService :: Presence Timer :: Artificially updated presence with a threshold of 5 minutes (98.5359ms)
[2026-03-22 03:57:41.207 DBG] ViewerRepo :: UpdatePresence(twitch, 5), 0.0373ms
[2026-03-22 03:57:41.302 DBG] TwitchService :: Presence Timer :: Artificially updated presence with a threshold of 5 minutes (95.5459ms)
[2026-03-22 03:58:41.211 DBG] ViewerRepo :: UpdatePresence(twitch, 5), 0.0372ms
[2026-03-22 03:58:41.309 DBG] TwitchService :: Presence Timer :: Artificially updated presence with a threshold of 5 minutes (99.1308ms)
[2026-03-22 03:59:17.102 DBG] Credits :: Time to save 17.0108ms
[2026-03-22 03:59:41.213 DBG] ViewerRepo :: UpdatePresence(twitch, 5), 0.0353ms
[2026-03-22 03:59:41.308 DBG] TwitchService :: Presence Timer :: Artificially updated presence with a threshold of 5 minutes (94.6655ms)
[2026-03-22 04:00:41.227 DBG] ViewerRepo :: UpdatePresence(twitch, 5), 0.0354ms
[2026-03-22 04:00:41.325 DBG] TwitchService :: Presence Timer :: Artificially updated presence with a threshold of 5 minutes (98.5404ms)
[2026-03-22 04:00:57.963 DBG] AutoSave :: Auto saving settings...
[2026-03-22 04:00:57.984 DBG] Users :: Time to save 20.804ms
[2026-03-22 04:00:58.009 DBG] Actions :: Time to save 25.0523ms
[2026-03-22 04:00:58.028 DBG] Commands :: Time to save 18.4654ms
[2026-03-22 04:00:58.046 DBG] Twitch Rewards :: Time to save 17.7213ms
[2026-03-22 04:00:58.061 DBG] Midi :: Time to save 15.9619ms
[2026-03-22 04:00:58.077 DBG] OBS Settings :: Time to save 15.4174ms
[2026-03-22 04:00:58.092 DBG] MeldStudio Settings :: Time to save 14.8404ms
[2026-03-22 04:00:58.107 DBG] Credits :: Time to save 15.4204ms
[2026-03-22 04:00:58.124 DBG] Quotes :: Time to save 16.9666ms
[2026-03-22 04:00:58.188 DBG] Config :: Time to save 19.5791ms
[2026-03-22 04:01:14.968 DBG] ActionDispatcher :: Queueing 'Sub Goal' (361aa588-5f31-4e19-b8a5-099cae52479d, TimedAction) to 'Default' (00000000-0000-0000-0000-000000000000), with 11 arguments
[2026-03-22 04:01:14.969 DBG] ActionQueue :: 'Default' (00000000-0000-0000-0000-000000000000) :: Enqueue action 361aa588-5f31-4e19-b8a5-099cae52479d
[2026-03-22 04:01:14.969 DBG] ActionQueue :: 'Default' (00000000-0000-0000-0000-000000000000) :: Handling queue
[2026-03-22 04:01:14.969 DBG] ActionQueue :: 'Default' (00000000-0000-0000-0000-000000000000) :: Performing non-blocking 'Sub Goal' (361aa588-5f31-4e19-b8a5-099cae52479d, a766647d-b819-45bd-b1e2-d7bd9abfc9bc)
[2026-03-22 04:01:41.241 DBG] ViewerRepo :: UpdatePresence(twitch, 5), 0.0396ms
[2026-03-22 04:01:41.341 DBG] TwitchService :: Presence Timer :: Artificially updated presence with a threshold of 5 minutes (99.0215ms)
[2026-03-22 04:02:41.247 DBG] ViewerRepo :: UpdatePresence(twitch, 5), 0.0491ms
[2026-03-22 04:02:41.342 DBG] TwitchService :: Presence Timer :: Artificially updated presence with a threshold of 5 minutes (95.4969ms)
[2026-03-22 04:03:41.249 DBG] ViewerRepo :: UpdatePresence(twitch, 5), 0.0355ms
[2026-03-22 04:03:41.345 DBG] TwitchService :: Presence Timer :: Artificially updated presence with a threshold of 5 minutes (96.7767ms)
[2026-03-22 04:04:17.112 DBG] Credits :: Time to save 17.3507ms
[2026-03-22 04:04:41.263 DBG] ViewerRepo :: UpdatePresence(twitch, 5), 0.0369ms
[2026-03-22 04:04:41.359 DBG] TwitchService :: Presence Timer :: Artificially updated presence with a threshold of 5 minutes (96.026ms)
[2026-03-22 04:05:41.272 DBG] ViewerRepo :: UpdatePresence(twitch, 5), 0.0367ms
[2026-03-22 04:05:41.371 DBG] TwitchService :: Presence Timer :: Artificially updated presence with a threshold of 5 minutes (98.6388ms)
[2026-03-22 04:05:58.223 DBG] AutoSave :: Auto saving settings...
[2026-03-22 04:05:58.241 DBG] Users :: Time to save 18.529ms
[2026-03-22 04:05:58.265 DBG] Actions :: Time to save 23.5448ms
[2026-03-22 04:05:58.281 DBG] Commands :: Time to save 16.3732ms
[2026-03-22 04:05:58.297 DBG] Twitch Rewards :: Time to save 16.3636ms
[2026-03-22 04:05:58.313 DBG] Midi :: Time to save 15.2003ms
[2026-03-22 04:05:58.328 DBG] OBS Settings :: Time to save 15.0922ms
[2026-03-22 04:05:58.342 DBG] MeldStudio Settings :: Time to save 14.9047ms
[2026-03-22 04:05:58.357 DBG] Credits :: Time to save 14.2541ms
[2026-03-22 04:05:58.373 DBG] Quotes :: Time to save 16.4078ms
[2026-03-22 04:05:58.444 DBG] Config :: Time to save 18.7074ms
[2026-03-22 04:06:41.275 DBG] ViewerRepo :: UpdatePresence(twitch, 5), 0.0377ms
[2026-03-22 04:06:41.368 DBG] TwitchService :: Presence Timer :: Artificially updated presence with a threshold of 5 minutes (92.5221ms)
[2026-03-22 04:07:41.287 DBG] ViewerRepo :: UpdatePresence(twitch, 5), 0.0365ms
[2026-03-22 04:07:41.388 DBG] TwitchService :: Presence Timer :: Artificially updated presence with a threshold of 5 minutes (100.4335ms)
[2026-03-22 04:08:41.298 DBG] ViewerRepo :: UpdatePresence(twitch, 5), 0.0347ms
[2026-03-22 04:08:41.392 DBG] TwitchService :: Presence Timer :: Artificially updated presence with a threshold of 5 minutes (95.3554ms)
[2026-03-22 04:09:17.119 DBG] Credits :: Time to save 15.9976ms
[2026-03-22 04:09:41.298 DBG] ViewerRepo :: UpdatePresence(twitch, 5), 0.0347ms
[2026-03-22 04:09:41.392 DBG] TwitchService :: Presence Timer :: Artificially updated presence with a threshold of 5 minutes (93.6586ms)
[2026-03-22 04:10:41.308 DBG] ViewerRepo :: UpdatePresence(twitch, 5), 0.0367ms
[2026-03-22 04:10:41.401 DBG] TwitchService :: Presence Timer :: Artificially updated presence with a threshold of 5 minutes (93.6694ms)
[2026-03-22 04:10:58.464 DBG] AutoSave :: Auto saving settings...
[2026-03-22 04:10:58.483 DBG] Users :: Time to save 19.4451ms
[2026-03-22 04:10:58.507 DBG] Actions :: Time to save 24.4922ms
[2026-03-22 04:10:58.525 DBG] Commands :: Time to save 16.2244ms
[2026-03-22 04:10:58.541 DBG] Twitch Rewards :: Time to save 16.64ms
[2026-03-22 04:10:58.556 DBG] Midi :: Time to save 14.826ms
[2026-03-22 04:10:58.570 DBG] OBS Settings :: Time to save 13.8521ms
[2026-03-22 04:10:58.584 DBG] MeldStudio Settings :: Time to save 14.1944ms
[2026-03-22 04:10:58.598 DBG] Credits :: Time to save 13.9758ms
[2026-03-22 04:10:58.614 DBG] Quotes :: Time to save 16.7871ms
[2026-03-22 04:10:58.686 DBG] Config :: Time to save 19.677ms
[2026-03-22 04:11:15.423 DBG] ActionDispatcher :: Queueing 'Sub Goal' (361aa588-5f31-4e19-b8a5-099cae52479d, TimedAction) to 'Default' (00000000-0000-0000-0000-000000000000), with 11 arguments
[2026-03-22 04:11:15.423 DBG] ActionQueue :: 'Default' (00000000-0000-0000-0000-000000000000) :: Enqueue action 361aa588-5f31-4e19-b8a5-099cae52479d
[2026-03-22 04:11:15.423 DBG] ActionQueue :: 'Default' (00000000-0000-0000-0000-000000000000) :: Handling queue
[2026-03-22 04:11:15.423 DBG] ActionQueue :: 'Default' (00000000-0000-0000-0000-000000000000) :: Performing non-blocking 'Sub Goal' (361aa588-5f31-4e19-b8a5-099cae52479d, ad792934-d78d-4981-be6b-9b5c2b33ffc9)
[2026-03-22 04:11:41.321 DBG] ViewerRepo :: UpdatePresence(twitch, 5), 0.0386ms
[2026-03-22 04:11:41.418 DBG] TwitchService :: Presence Timer :: Artificially updated presence with a threshold of 5 minutes (97.1372ms)
[2026-03-22 04:12:41.328 DBG] ViewerRepo :: UpdatePresence(twitch, 5), 0.0372ms
[2026-03-22 04:12:41.426 DBG] TwitchService :: Presence Timer :: Artificially updated presence with a threshold of 5 minutes (97.0439ms)
[2026-03-22 04:13:41.341 DBG] ViewerRepo :: UpdatePresence(twitch, 5), 0.0405ms
[2026-03-22 04:13:41.438 DBG] TwitchService :: Presence Timer :: Artificially updated presence with a threshold of 5 minutes (97.4099ms)
[2026-03-22 04:14:17.120 DBG] Credits :: Time to save 16.4344ms
[2026-03-22 04:14:41.350 DBG] ViewerRepo :: UpdatePresence(twitch, 5), 0.0343ms
[2026-03-22 04:14:41.444 DBG] TwitchService :: Presence Timer :: Artificially updated presence with a threshold of 5 minutes (94.6435ms)
[2026-03-22 04:15:41.357 DBG] ViewerRepo :: UpdatePresence(twitch, 5), 0.1572ms
[2026-03-22 04:15:41.450 DBG] TwitchService :: Presence Timer :: Artificially updated presence with a threshold of 5 minutes (93.5461ms)
[2026-03-22 04:15:58.702 DBG] AutoSave :: Auto saving settings...
[2026-03-22 04:15:58.721 DBG] Users :: Time to save 19.0806ms
[2026-03-22 04:15:58.743 DBG] Actions :: Time to save 23.2097ms
[2026-03-22 04:15:58.761 DBG] Commands :: Time to save 15.8716ms
[2026-03-22 04:15:58.773 DBG] Twitch Rewards :: Time to save 11.9214ms
[2026-03-22 04:15:58.787 DBG] Midi :: Time to save 14.9668ms
[2026-03-22 04:15:58.803 DBG] OBS Settings :: Time to save 15.502ms
[2026-03-22 04:15:58.817 DBG] MeldStudio Settings :: Time to save 14.577ms
[2026-03-22 04:15:58.832 DBG] Credits :: Time to save 14.4746ms
[2026-03-22 04:15:58.849 DBG] Quotes :: Time to save 16.3515ms
[2026-03-22 04:15:58.923 DBG] Config :: Time to save 18.6816ms
[2026-03-22 04:16:41.368 DBG] ViewerRepo :: UpdatePresence(twitch, 5), 0.0361ms
[2026-03-22 04:16:41.459 DBG] TwitchService :: Presence Timer :: Artificially updated presence with a threshold of 5 minutes (91.6981ms)
[2026-03-22 04:17:41.377 DBG] ViewerRepo :: UpdatePresence(twitch, 5), 0.0398ms
[2026-03-22 04:17:41.473 DBG] TwitchService :: Presence Timer :: Artificially updated presence with a threshold of 5 minutes (95.8967ms)
[2026-03-22 04:18:41.395 DBG] ViewerRepo :: UpdatePresence(twitch, 5), 0.039ms
[2026-03-22 04:18:41.490 DBG] TwitchService :: Presence Timer :: Artificially updated presence with a threshold of 5 minutes (95.7112ms)
[2026-03-22 04:19:17.131 DBG] Credits :: Time to save 16.1659ms
[2026-03-22 04:19:41.401 DBG] ViewerRepo :: UpdatePresence(twitch, 5), 0.037ms
[2026-03-22 04:19:41.501 DBG] TwitchService :: Presence Timer :: Artificially updated presence with a threshold of 5 minutes (99.5984ms)
[2026-03-22 04:20:41.410 DBG] ViewerRepo :: UpdatePresence(twitch, 5), 0.0479ms
[2026-03-22 04:20:41.504 DBG] TwitchService :: Presence Timer :: Artificially updated presence with a threshold of 5 minutes (94.9477ms)
[2026-03-22 04:20:58.912 DBG] AutoSave :: Auto saving settings...
[2026-03-22 04:20:58.931 DBG] Users :: Time to save 19.7524ms
[2026-03-22 04:20:58.955 DBG] Actions :: Time to save 23.6713ms
[2026-03-22 04:20:58.973 DBG] Commands :: Time to save 17.9127ms
[2026-03-22 04:20:58.989 DBG] Twitch Rewards :: Time to save 17.2734ms
[2026-03-22 04:20:59.005 DBG] Midi :: Time to save 14.6856ms
[2026-03-22 04:20:59.021 DBG] OBS Settings :: Time to save 15.2159ms
[2026-03-22 04:20:59.035 DBG] MeldStudio Settings :: Time to save 14.6169ms
[2026-03-22 04:20:59.049 DBG] Credits :: Time to save 14.7101ms
[2026-03-22 04:20:59.065 DBG] Quotes :: Time to save 15.8248ms
[2026-03-22 04:20:59.133 DBG] Config :: Time to save 17.6038ms
[2026-03-22 04:21:15.922 DBG] ActionDispatcher :: Queueing 'Sub Goal' (361aa588-5f31-4e19-b8a5-099cae52479d, TimedAction) to 'Default' (00000000-0000-0000-0000-000000000000), with 11 arguments
[2026-03-22 04:21:15.922 DBG] ActionQueue :: 'Default' (00000000-0000-0000-0000-000000000000) :: Enqueue action 361aa588-5f31-4e19-b8a5-099cae52479d
[2026-03-22 04:21:15.922 DBG] ActionQueue :: 'Default' (00000000-0000-0000-0000-000000000000) :: Handling queue
[2026-03-22 04:21:15.922 DBG] ActionQueue :: 'Default' (00000000-0000-0000-0000-000000000000) :: Performing non-blocking 'Sub Goal' (361aa588-5f31-4e19-b8a5-099cae52479d, ff883643-25aa-4e19-8dec-81fee623dcf9)
[2026-03-22 04:21:41.421 DBG] ViewerRepo :: UpdatePresence(twitch, 5), 0.0374ms
[2026-03-22 04:21:42.004 DBG] TwitchService :: Presence Timer :: Artificially updated presence with a threshold of 5 minutes (582.3809ms)
[2026-03-22 04:22:41.423 DBG] ViewerRepo :: UpdatePresence(twitch, 5), 0.0366ms
[2026-03-22 04:22:41.514 DBG] TwitchService :: Presence Timer :: Artificially updated presence with a threshold of 5 minutes (92.261ms)
[2026-03-22 04:23:41.430 DBG] ViewerRepo :: UpdatePresence(twitch, 5), 0.0374ms
[2026-03-22 04:23:41.526 DBG] TwitchService :: Presence Timer :: Artificially updated presence with a threshold of 5 minutes (96.9459ms)
[2026-03-22 04:24:17.150 DBG] Credits :: Time to save 16.8572ms
[2026-03-22 04:24:41.447 DBG] ViewerRepo :: UpdatePresence(twitch, 5), 0.0359ms
[2026-03-22 04:24:41.538 DBG] TwitchService :: Presence Timer :: Artificially updated presence with a threshold of 5 minutes (91.5973ms)
[2026-03-22 04:25:41.452 DBG] ViewerRepo :: UpdatePresence(twitch, 5), 0.0347ms
[2026-03-22 04:25:41.546 DBG] TwitchService :: Presence Timer :: Artificially updated presence with a threshold of 5 minutes (93.7913ms)
[2026-03-22 04:25:59.127 DBG] AutoSave :: Auto saving settings...
[2026-03-22 04:25:59.147 DBG] Users :: Time to save 19.2568ms
[2026-03-22 04:25:59.171 DBG] Actions :: Time to save 24.4387ms
[2026-03-22 04:25:59.188 DBG] Commands :: Time to save 16.7738ms
[2026-03-22 04:25:59.204 DBG] Twitch Rewards :: Time to save 16.4617ms
[2026-03-22 04:25:59.218 DBG] Midi :: Time to save 14.4154ms
[2026-03-22 04:25:59.234 DBG] OBS Settings :: Time to save 15.3596ms
[2026-03-22 04:25:59.249 DBG] MeldStudio Settings :: Time to save 14.5666ms
[2026-03-22 04:25:59.263 DBG] Credits :: Time to save 14.1578ms
[2026-03-22 04:25:59.280 DBG] Quotes :: Time to save 17.3214ms
[2026-03-22 04:25:59.350 DBG] Config :: Time to save 18.2206ms
[2026-03-22 04:26:41.463 DBG] ViewerRepo :: UpdatePresence(twitch, 5), 0.0385ms
[2026-03-22 04:26:41.560 DBG] TwitchService :: Presence Timer :: Artificially updated presence with a threshold of 5 minutes (97.4496ms)
[2026-03-22 04:27:41.465 DBG] ViewerRepo :: UpdatePresence(twitch, 5), 0.0361ms
[2026-03-22 04:27:41.556 DBG] TwitchService :: Presence Timer :: Artificially updated presence with a threshold of 5 minutes (91.1998ms)
[2026-03-22 04:28:41.475 DBG] ViewerRepo :: UpdatePresence(twitch, 5), 0.0347ms
[2026-03-22 04:28:41.568 DBG] TwitchService :: Presence Timer :: Artificially updated presence with a threshold of 5 minutes (92.5772ms)
[2026-03-22 04:29:17.156 DBG] Credits :: Time to save 15.8759ms
[2026-03-22 04:29:41.486 DBG] ViewerRepo :: UpdatePresence(twitch, 5), 0.0383ms
[2026-03-22 04:29:41.577 DBG] TwitchService :: Presence Timer :: Artificially updated presence with a threshold of 5 minutes (91.4362ms)
[2026-03-22 04:30:41.490 DBG] ViewerRepo :: UpdatePresence(twitch, 5), 0.0351ms
[2026-03-22 04:30:41.583 DBG] TwitchService :: Presence Timer :: Artificially updated presence with a threshold of 5 minutes (93.7114ms)
[2026-03-22 04:30:59.391 DBG] AutoSave :: Auto saving settings...
[2026-03-22 04:30:59.409 DBG] Users :: Time to save 17.7821ms
[2026-03-22 04:30:59.432 DBG] Actions :: Time to save 23.3604ms
[2026-03-22 04:30:59.449 DBG] Commands :: Time to save 17.3104ms
[2026-03-22 04:30:59.467 DBG] Twitch Rewards :: Time to save 17.8819ms
[2026-03-22 04:30:59.481 DBG] Midi :: Time to save 13.8402ms
[2026-03-22 04:30:59.496 DBG] OBS Settings :: Time to save 14.2388ms
[2026-03-22 04:30:59.509 DBG] MeldStudio Settings :: Time to save 14.6462ms
[2026-03-22 04:30:59.524 DBG] Credits :: Time to save 14.2067ms
[2026-03-22 04:30:59.540 DBG] Quotes :: Time to save 15.4976ms
[2026-03-22 04:30:59.612 DBG] Config :: Time to save 18.9509ms
[2026-03-22 04:31:16.500 DBG] ActionDispatcher :: Queueing 'Sub Goal' (361aa588-5f31-4e19-b8a5-099cae52479d, TimedAction) to 'Default' (00000000-0000-0000-0000-000000000000), with 11 arguments
[2026-03-22 04:31:16.500 DBG] ActionQueue :: 'Default' (00000000-0000-0000-0000-000000000000) :: Enqueue action 361aa588-5f31-4e19-b8a5-099cae52479d
[2026-03-22 04:31:16.500 DBG] ActionQueue :: 'Default' (00000000-0000-0000-0000-000000000000) :: Handling queue
[2026-03-22 04:31:16.500 DBG] ActionQueue :: 'Default' (00000000-0000-0000-0000-000000000000) :: Performing non-blocking 'Sub Goal' (361aa588-5f31-4e19-b8a5-099cae52479d, 85b0e605-7b49-40cd-a682-bffb1cae8b55)
[2026-03-22 04:31:41.500 DBG] ViewerRepo :: UpdatePresence(twitch, 5), 0.041ms
[2026-03-22 04:31:41.597 DBG] TwitchService :: Presence Timer :: Artificially updated presence with a threshold of 5 minutes (97.1635ms)
[2026-03-22 04:32:41.503 DBG] ViewerRepo :: UpdatePresence(twitch, 5), 0.0354ms
[2026-03-22 04:32:41.598 DBG] TwitchService :: Presence Timer :: Artificially updated presence with a threshold of 5 minutes (95.6851ms)
[2026-03-22 04:33:41.511 DBG] ViewerRepo :: UpdatePresence(twitch, 5), 0.0368ms
[2026-03-22 04:33:41.604 DBG] TwitchService :: Presence Timer :: Artificially updated presence with a threshold of 5 minutes (92.8832ms)
[2026-03-22 04:34:10.865 DBG] Streamer.bot Website Socket :: Disconnected
[2026-03-22 04:34:10.865 INF] Streamer.bot Service :: Disconnected from Website Client
[2026-03-22 04:34:12.877 DBG] Streamer.bot Service :: Retrying website client connection
[2026-03-22 04:34:12.877 INF] Streamer.bot Service :: Connecting to Website Client
[2026-03-22 04:34:12.877 DBG] Streamer.bot Website Socket :: Opening connection
[2026-03-22 04:34:13.115 INF] Streamer.bot Service :: Website Client authenticated
[2026-03-22 04:34:13.115 INF] Streamer.bot Service :: Connected to Website Client
[2026-03-22 04:34:17.168 DBG] Credits :: Time to save 16.5456ms
[2026-03-22 04:34:41.517 DBG] ViewerRepo :: UpdatePresence(twitch, 5), 0.0348ms
[2026-03-22 04:34:41.612 DBG] TwitchService :: Presence Timer :: Artificially updated presence with a threshold of 5 minutes (95.0426ms)
[2026-03-22 04:35:41.533 DBG] ViewerRepo :: UpdatePresence(twitch, 5), 0.0372ms
[2026-03-22 04:35:41.626 DBG] TwitchService :: Presence Timer :: Artificially updated presence with a threshold of 5 minutes (93.3509ms)
[2026-03-22 04:35:59.608 DBG] AutoSave :: Auto saving settings...
[2026-03-22 04:35:59.628 DBG] Users :: Time to save 19.746ms
[2026-03-22 04:35:59.651 DBG] Actions :: Time to save 23.608ms
[2026-03-22 04:35:59.668 DBG] Commands :: Time to save 16.382ms
[2026-03-22 04:35:59.682 DBG] Twitch Rewards :: Time to save 14.7661ms
[2026-03-22 04:35:59.697 DBG] Midi :: Time to save 14.2925ms
[2026-03-22 04:35:59.712 DBG] OBS Settings :: Time to save 14.7932ms
[2026-03-22 04:35:59.728 DBG] MeldStudio Settings :: Time to save 15.785ms
[2026-03-22 04:35:59.745 DBG] Credits :: Time to save 16.6159ms
[2026-03-22 04:35:59.763 DBG] Quotes :: Time to save 18.4643ms
[2026-03-22 04:35:59.832 DBG] Config :: Time to save 18.9891ms
[2026-03-22 04:36:41.538 DBG] ViewerRepo :: UpdatePresence(twitch, 5), 0.0371ms
[2026-03-22 04:36:41.636 DBG] TwitchService :: Presence Timer :: Artificially updated presence with a threshold of 5 minutes (97.7223ms)
[2026-03-22 04:37:41.550 DBG] ViewerRepo :: UpdatePresence(twitch, 5), 0.0414ms
[2026-03-22 04:37:41.642 DBG] TwitchService :: Presence Timer :: Artificially updated presence with a threshold of 5 minutes (93.1935ms)
[2026-03-22 04:38:41.564 DBG] ViewerRepo :: UpdatePresence(twitch, 5), 0.0367ms
[2026-03-22 04:38:41.656 DBG] TwitchService :: Presence Timer :: Artificially updated presence with a threshold of 5 minutes (92.1939ms)
[2026-03-22 04:39:17.168 DBG] Credits :: Time to save 14.4676ms
[2026-03-22 04:39:41.568 DBG] ViewerRepo :: UpdatePresence(twitch, 5), 0.0462ms
[2026-03-22 04:39:41.661 DBG] TwitchService :: Presence Timer :: Artificially updated presence with a threshold of 5 minutes (93.6173ms)
[2026-03-22 04:40:41.578 DBG] ViewerRepo :: UpdatePresence(twitch, 5), 0.0381ms
[2026-03-22 04:40:41.673 DBG] TwitchService :: Presence Timer :: Artificially updated presence with a threshold of 5 minutes (94.9773ms)
[2026-03-22 04:40:59.858 DBG] AutoSave :: Auto saving settings...
[2026-03-22 04:40:59.878 DBG] Users :: Time to save 20.3497ms
[2026-03-22 04:40:59.902 DBG] Actions :: Time to save 23.5662ms
[2026-03-22 04:40:59.919 DBG] Commands :: Time to save 16.779ms
[2026-03-22 04:40:59.935 DBG] Twitch Rewards :: Time to save 16.2243ms
[2026-03-22 04:40:59.946 DBG] Midi :: Time to save 10.9753ms
[2026-03-22 04:40:59.962 DBG] OBS Settings :: Time to save 16.0206ms
[2026-03-22 04:40:59.977 DBG] MeldStudio Settings :: Time to save 14.9342ms
[2026-03-22 04:40:59.991 DBG] Credits :: Time to save 14.4766ms
[2026-03-22 04:41:00.008 DBG] Quotes :: Time to save 16.5236ms
[2026-03-22 04:41:00.080 DBG] Config :: Time to save 20.5889ms
[2026-03-22 04:41:16.931 DBG] ActionDispatcher :: Queueing 'Sub Goal' (361aa588-5f31-4e19-b8a5-099cae52479d, TimedAction) to 'Default' (00000000-0000-0000-0000-000000000000), with 11 arguments
[2026-03-22 04:41:16.931 DBG] ActionQueue :: 'Default' (00000000-0000-0000-0000-000000000000) :: Enqueue action 361aa588-5f31-4e19-b8a5-099cae52479d
[2026-03-22 04:41:16.931 DBG] ActionQueue :: 'Default' (00000000-0000-0000-0000-000000000000) :: Handling queue
[2026-03-22 04:41:16.931 DBG] ActionQueue :: 'Default' (00000000-0000-0000-0000-000000000000) :: Performing non-blocking 'Sub Goal' (361aa588-5f31-4e19-b8a5-099cae52479d, cc2f0fae-d4eb-48a1-b781-51f0f46edd97)
[2026-03-22 04:41:41.594 DBG] ViewerRepo :: UpdatePresence(twitch, 5), 0.0381ms
[2026-03-22 04:41:41.693 DBG] TwitchService :: Presence Timer :: Artificially updated presence with a threshold of 5 minutes (98.7763ms)
[2026-03-22 04:42:41.598 DBG] ViewerRepo :: UpdatePresence(twitch, 5), 0.045ms
[2026-03-22 04:42:41.695 DBG] TwitchService :: Presence Timer :: Artificially updated presence with a threshold of 5 minutes (96.5286ms)
[2026-03-22 04:43:41.607 DBG] ViewerRepo :: UpdatePresence(twitch, 5), 0.0668ms
[2026-03-22 04:43:41.698 DBG] TwitchService :: Presence Timer :: Artificially updated presence with a threshold of 5 minutes (91.138ms)
[2026-03-22 04:44:17.178 DBG] Credits :: Time to save 15.732ms
[2026-03-22 04:44:41.621 DBG] ViewerRepo :: UpdatePresence(twitch, 5), 0.0497ms
[2026-03-22 04:44:41.718 DBG] TwitchService :: Presence Timer :: Artificially updated presence with a threshold of 5 minutes (97.8351ms)
[2026-03-22 04:45:41.650 DBG] ViewerRepo :: UpdatePresence(twitch, 5), 0.0349ms
[2026-03-22 04:45:41.743 DBG] TwitchService :: Presence Timer :: Artificially updated presence with a threshold of 5 minutes (93.5894ms)
[2026-03-22 04:46:00.077 DBG] AutoSave :: Auto saving settings...
[2026-03-22 04:46:00.098 DBG] Users :: Time to save 20.9087ms
[2026-03-22 04:46:00.123 DBG] Actions :: Time to save 25.7735ms
[2026-03-22 04:46:00.140 DBG] Commands :: Time to save 16.3436ms
[2026-03-22 04:46:00.156 DBG] Twitch Rewards :: Time to save 15.8181ms
[2026-03-22 04:46:00.170 DBG] Midi :: Time to save 14.0986ms
[2026-03-22 04:46:00.184 DBG] OBS Settings :: Time to save 14.0967ms
[2026-03-22 04:46:00.196 DBG] MeldStudio Settings :: Time to save 11.7165ms
[2026-03-22 04:46:00.210 DBG] Credits :: Time to save 14.7006ms
[2026-03-22 04:46:00.227 DBG] Quotes :: Time to save 16.6184ms
[2026-03-22 04:46:00.300 DBG] Config :: Time to save 18.7202ms
[2026-03-22 04:46:41.663 DBG] ViewerRepo :: UpdatePresence(twitch, 5), 0.0513ms
[2026-03-22 04:46:41.736 DBG] TwitchService :: Presence Timer :: Artificially updated presence with a threshold of 5 minutes (73.0452ms)
[2026-03-22 04:47:41.666 DBG] ViewerRepo :: UpdatePresence(twitch, 5), 0.0335ms
[2026-03-22 04:47:41.720 DBG] TwitchService :: Presence Timer :: Artificially updated presence with a threshold of 5 minutes (55.0528ms)
[2026-03-22 04:48:41.681 DBG] ViewerRepo :: UpdatePresence(twitch, 5), 0.0373ms
[2026-03-22 04:48:41.732 DBG] TwitchService :: Presence Timer :: Artificially updated presence with a threshold of 5 minutes (51.5534ms)
[2026-03-22 04:49:17.194 DBG] Credits :: Time to save 16.4019ms
[2026-03-22 04:49:41.690 DBG] ViewerRepo :: UpdatePresence(twitch, 5), 0.0372ms
[2026-03-22 04:49:41.748 DBG] TwitchService :: Presence Timer :: Artificially updated presence with a threshold of 5 minutes (59.2386ms)
[2026-03-22 04:50:41.701 DBG] ViewerRepo :: UpdatePresence(twitch, 5), 0.0399ms
[2026-03-22 04:50:41.752 DBG] TwitchService :: Presence Timer :: Artificially updated presence with a threshold of 5 minutes (51.3937ms)
[2026-03-22 04:51:00.325 DBG] AutoSave :: Auto saving settings...
[2026-03-22 04:51:00.344 DBG] Users :: Time to save 18.8917ms
[2026-03-22 04:51:00.367 DBG] Actions :: Time to save 22.6825ms
[2026-03-22 04:51:00.383 DBG] Commands :: Time to save 16.2574ms
[2026-03-22 04:51:00.400 DBG] Twitch Rewards :: Time to save 17.3801ms
[2026-03-22 04:51:00.415 DBG] Midi :: Time to save 14.5575ms
[2026-03-22 04:51:00.429 DBG] OBS Settings :: Time to save 14.2768ms
[2026-03-22 04:51:00.444 DBG] MeldStudio Settings :: Time to save 14.2898ms
[2026-03-22 04:51:00.458 DBG] Credits :: Time to save 14.6216ms
[2026-03-22 04:51:00.475 DBG] Quotes :: Time to save 16.2754ms
[2026-03-22 04:51:00.549 DBG] Config :: Time to save 19.7707ms
[2026-03-22 04:51:17.795 DBG] ActionDispatcher :: Queueing 'Sub Goal' (361aa588-5f31-4e19-b8a5-099cae52479d, TimedAction) to 'Default' (00000000-0000-0000-0000-000000000000), with 11 arguments
[2026-03-22 04:51:17.795 DBG] ActionQueue :: 'Default' (00000000-0000-0000-0000-000000000000) :: Enqueue action 361aa588-5f31-4e19-b8a5-099cae52479d
[2026-03-22 04:51:17.795 DBG] ActionQueue :: 'Default' (00000000-0000-0000-0000-000000000000) :: Handling queue
[2026-03-22 04:51:17.795 DBG] ActionQueue :: 'Default' (00000000-0000-0000-0000-000000000000) :: Performing non-blocking 'Sub Goal' (361aa588-5f31-4e19-b8a5-099cae52479d, 149454c7-1075-427a-9ca1-edbfd889a77c)
[2026-03-22 04:51:41.712 DBG] ViewerRepo :: UpdatePresence(twitch, 5), 0.043ms
[2026-03-22 04:51:41.764 DBG] TwitchService :: Presence Timer :: Artificially updated presence with a threshold of 5 minutes (51.0175ms)
[2026-03-22 04:52:41.721 DBG] ViewerRepo :: UpdatePresence(twitch, 5), 0.0414ms
[2026-03-22 04:52:41.772 DBG] TwitchService :: Presence Timer :: Artificially updated presence with a threshold of 5 minutes (52.0088ms)
[2026-03-22 04:53:41.723 DBG] ViewerRepo :: UpdatePresence(twitch, 5), 0.0357ms
[2026-03-22 04:53:41.775 DBG] TwitchService :: Presence Timer :: Artificially updated presence with a threshold of 5 minutes (52.6088ms)
[2026-03-22 04:54:17.205 DBG] Credits :: Time to save 16.5078ms
[2026-03-22 04:54:41.732 DBG] ViewerRepo :: UpdatePresence(twitch, 5), 0.0354ms
[2026-03-22 04:54:41.787 DBG] TwitchService :: Presence Timer :: Artificially updated presence with a threshold of 5 minutes (55.3837ms)
[2026-03-22 04:55:41.734 DBG] ViewerRepo :: UpdatePresence(twitch, 5), 0.0358ms
[2026-03-22 04:55:41.789 DBG] TwitchService :: Presence Timer :: Artificially updated presence with a threshold of 5 minutes (55.1827ms)
[2026-03-22 04:56:00.536 DBG] AutoSave :: Auto saving settings...
[2026-03-22 04:56:00.554 DBG] Users :: Time to save 18.8383ms
[2026-03-22 04:56:00.578 DBG] Actions :: Time to save 23.7708ms
[2026-03-22 04:56:00.597 DBG] Commands :: Time to save 17.9149ms
[2026-03-22 04:56:00.614 DBG] Twitch Rewards :: Time to save 17.5911ms
[2026-03-22 04:56:00.630 DBG] Midi :: Time to save 15.812ms
[2026-03-22 04:56:00.646 DBG] OBS Settings :: Time to save 16.6197ms
[2026-03-22 04:56:00.661 DBG] MeldStudio Settings :: Time to save 14.4511ms
[2026-03-22 04:56:00.677 DBG] Credits :: Time to save 15.7336ms
[2026-03-22 04:56:00.694 DBG] Quotes :: Time to save 16.9631ms
[2026-03-22 04:56:00.758 DBG] Config :: Time to save 18.615ms
[2026-03-22 04:56:41.745 DBG] ViewerRepo :: UpdatePresence(twitch, 5), 0.0375ms
[2026-03-22 04:56:41.801 DBG] TwitchService :: Presence Timer :: Artificially updated presence with a threshold of 5 minutes (56.2542ms)
[2026-03-22 04:57:41.753 DBG] ViewerRepo :: UpdatePresence(twitch, 5), 0.0368ms
[2026-03-22 04:57:41.812 DBG] TwitchService :: Presence Timer :: Artificially updated presence with a threshold of 5 minutes (59.1464ms)
[2026-03-22 04:58:41.763 DBG] ViewerRepo :: UpdatePresence(twitch, 5), 0.037ms
[2026-03-22 04:58:41.818 DBG] TwitchService :: Presence Timer :: Artificially updated presence with a threshold of 5 minutes (55.8848ms)
[2026-03-22 04:59:17.218 DBG] Credits :: Time to save 16.341ms
[2026-03-22 04:59:41.777 DBG] ViewerRepo :: UpdatePresence(twitch, 5), 0.0412ms
[2026-03-22 04:59:41.834 DBG] TwitchService :: Presence Timer :: Artificially updated presence with a threshold of 5 minutes (56.8847ms)
[2026-03-22 05:00:41.782 DBG] ViewerRepo :: UpdatePresence(twitch, 5), 0.0435ms
[2026-03-22 05:00:41.835 DBG] TwitchService :: Presence Timer :: Artificially updated presence with a threshold of 5 minutes (52.9973ms)
[2026-03-22 05:01:00.777 DBG] AutoSave :: Auto saving settings...
[2026-03-22 05:01:00.798 DBG] Users :: Time to save 21.1437ms
[2026-03-22 05:01:00.821 DBG] Actions :: Time to save 23.296ms
[2026-03-22 05:01:00.838 DBG] Commands :: Time to save 16.7871ms
[2026-03-22 05:01:00.855 DBG] Twitch Rewards :: Time to save 17.3141ms
[2026-03-22 05:01:00.869 DBG] Midi :: Time to save 13.8701ms
[2026-03-22 05:01:00.883 DBG] OBS Settings :: Time to save 14.1897ms
[2026-03-22 05:01:00.898 DBG] MeldStudio Settings :: Time to save 14.4898ms
[2026-03-22 05:01:00.913 DBG] Credits :: Time to save 14.7868ms
[2026-03-22 05:01:00.930 DBG] Quotes :: Time to save 16.4964ms
[2026-03-22 05:01:01.000 DBG] Config :: Time to save 19.3394ms
[2026-03-22 05:01:18.716 DBG] ActionDispatcher :: Queueing 'Sub Goal' (361aa588-5f31-4e19-b8a5-099cae52479d, TimedAction) to 'Default' (00000000-0000-0000-0000-000000000000), with 11 arguments
[2026-03-22 05:01:18.716 DBG] ActionQueue :: 'Default' (00000000-0000-0000-0000-000000000000) :: Enqueue action 361aa588-5f31-4e19-b8a5-099cae52479d
[2026-03-22 05:01:18.716 DBG] ActionQueue :: 'Default' (00000000-0000-0000-0000-000000000000) :: Handling queue
[2026-03-22 05:01:18.716 DBG] ActionQueue :: 'Default' (00000000-0000-0000-0000-000000000000) :: Performing non-blocking 'Sub Goal' (361aa588-5f31-4e19-b8a5-099cae52479d, cdd27581-6f72-405e-90c1-cdb0f72bf603)
[2026-03-22 05:01:41.796 DBG] ViewerRepo :: UpdatePresence(twitch, 5), 0.0615ms
[2026-03-22 05:01:41.850 DBG] TwitchService :: Presence Timer :: Artificially updated presence with a threshold of 5 minutes (53.775ms)
[2026-03-22 05:02:41.812 DBG] ViewerRepo :: UpdatePresence(twitch, 5), 0.043ms
[2026-03-22 05:02:41.864 DBG] TwitchService :: Presence Timer :: Artificially updated presence with a threshold of 5 minutes (51.9314ms)
[2026-03-22 05:03:41.815 DBG] ViewerRepo :: UpdatePresence(twitch, 5), 0.0364ms
[2026-03-22 05:03:41.873 DBG] TwitchService :: Presence Timer :: Artificially updated presence with a threshold of 5 minutes (57.6057ms)
[2026-03-22 05:04:17.231 DBG] Credits :: Time to save 15.1568ms
[2026-03-22 05:04:41.817 DBG] ViewerRepo :: UpdatePresence(twitch, 5), 0.0336ms
[2026-03-22 05:04:41.868 DBG] TwitchService :: Presence Timer :: Artificially updated presence with a threshold of 5 minutes (51.9654ms)
[2026-03-22 05:05:41.828 DBG] ViewerRepo :: UpdatePresence(twitch, 5), 0.039ms
[2026-03-22 05:05:41.883 DBG] TwitchService :: Presence Timer :: Artificially updated presence with a threshold of 5 minutes (55.1688ms)
[2026-03-22 05:06:01.047 DBG] AutoSave :: Auto saving settings...
[2026-03-22 05:06:01.069 DBG] Users :: Time to save 22.3323ms
[2026-03-22 05:06:01.096 DBG] Actions :: Time to save 26.7247ms
[2026-03-22 05:06:01.114 DBG] Commands :: Time to save 18.4237ms
[2026-03-22 05:06:01.133 DBG] Twitch Rewards :: Time to save 18.7603ms
[2026-03-22 05:06:01.150 DBG] Midi :: Time to save 16.9767ms
[2026-03-22 05:06:01.167 DBG] OBS Settings :: Time to save 17.0405ms
[2026-03-22 05:06:01.183 DBG] MeldStudio Settings :: Time to save 15.6279ms
[2026-03-22 05:06:01.200 DBG] Credits :: Time to save 16.0051ms
[2026-03-22 05:06:01.217 DBG] Quotes :: Time to save 17.927ms
[2026-03-22 05:06:01.271 DBG] Config :: Time to save 20.8036ms
[2026-03-22 05:06:41.834 DBG] ViewerRepo :: UpdatePresence(twitch, 5), 0.0389ms
[2026-03-22 05:06:41.889 DBG] TwitchService :: Presence Timer :: Artificially updated presence with a threshold of 5 minutes (56.4431ms)
[2026-03-22 05:07:41.837 DBG] ViewerRepo :: UpdatePresence(twitch, 5), 0.0364ms
[2026-03-22 05:07:41.897 DBG] TwitchService :: Presence Timer :: Artificially updated presence with a threshold of 5 minutes (58.9005ms)
[2026-03-22 05:08:41.842 DBG] ViewerRepo :: UpdatePresence(twitch, 5), 0.0353ms
[2026-03-22 05:08:41.900 DBG] TwitchService :: Presence Timer :: Artificially updated presence with a threshold of 5 minutes (58.4068ms)
[2026-03-22 05:09:17.238 DBG] Credits :: Time to save 14.7003ms
[2026-03-22 05:09:41.845 DBG] ViewerRepo :: UpdatePresence(twitch, 5), 0.0356ms
[2026-03-22 05:09:41.902 DBG] TwitchService :: Presence Timer :: Artificially updated presence with a threshold of 5 minutes (57.2659ms)
[2026-03-22 05:10:41.851 DBG] ViewerRepo :: UpdatePresence(twitch, 5), 0.039ms
[2026-03-22 05:10:41.903 DBG] TwitchService :: Presence Timer :: Artificially updated presence with a threshold of 5 minutes (51.8797ms)
[2026-03-22 05:11:01.319 DBG] AutoSave :: Auto saving settings...
[2026-03-22 05:11:01.338 DBG] Users :: Time to save 19.341ms
[2026-03-22 05:11:01.362 DBG] Actions :: Time to save 23.6102ms
[2026-03-22 05:11:01.379 DBG] Commands :: Time to save 17.2724ms
[2026-03-22 05:11:01.396 DBG] Twitch Rewards :: Time to save 16.9516ms
[2026-03-22 05:11:01.408 DBG] Midi :: Time to save 10.9595ms
[2026-03-22 05:11:01.418 DBG] OBS Settings :: Time to save 10.8778ms
[2026-03-22 05:11:01.433 DBG] MeldStudio Settings :: Time to save 14.7114ms
[2026-03-22 05:11:01.448 DBG] Credits :: Time to save 14.4545ms
[2026-03-22 05:11:01.464 DBG] Quotes :: Time to save 16.5372ms
[2026-03-22 05:11:01.537 DBG] Config :: Time to save 14.4544ms
[2026-03-22 05:11:18.837 DBG] ActionDispatcher :: Queueing 'Sub Goal' (361aa588-5f31-4e19-b8a5-099cae52479d, TimedAction) to 'Default' (00000000-0000-0000-0000-000000000000), with 11 arguments
[2026-03-22 05:11:18.837 DBG] ActionQueue :: 'Default' (00000000-0000-0000-0000-000000000000) :: Enqueue action 361aa588-5f31-4e19-b8a5-099cae52479d
[2026-03-22 05:11:18.837 DBG] ActionQueue :: 'Default' (00000000-0000-0000-0000-000000000000) :: Handling queue
[2026-03-22 05:11:18.837 DBG] ActionQueue :: 'Default' (00000000-0000-0000-0000-000000000000) :: Performing non-blocking 'Sub Goal' (361aa588-5f31-4e19-b8a5-099cae52479d, 28505171-0e67-4eba-92f1-235cf37ac24c)
[2026-03-22 05:11:41.855 DBG] ViewerRepo :: UpdatePresence(twitch, 5), 0.0372ms
[2026-03-22 05:11:41.912 DBG] TwitchService :: Presence Timer :: Artificially updated presence with a threshold of 5 minutes (57.648ms)
[2026-03-22 05:12:41.858 DBG] ViewerRepo :: UpdatePresence(twitch, 5), 0.0396ms
[2026-03-22 05:12:41.910 DBG] TwitchService :: Presence Timer :: Artificially updated presence with a threshold of 5 minutes (52.8243ms)
[2026-03-22 05:13:41.864 DBG] ViewerRepo :: UpdatePresence(twitch, 5), 0.0364ms
[2026-03-22 05:13:41.923 DBG] TwitchService :: Presence Timer :: Artificially updated presence with a threshold of 5 minutes (58.2809ms)
[2026-03-22 05:14:17.250 DBG] Credits :: Time to save 16.7001ms
[2026-03-22 05:14:41.878 DBG] ViewerRepo :: UpdatePresence(twitch, 5), 0.0705ms
[2026-03-22 05:14:41.932 DBG] TwitchService :: Presence Timer :: Artificially updated presence with a threshold of 5 minutes (54.7219ms)
[2026-03-22 05:15:41.893 DBG] ViewerRepo :: UpdatePresence(twitch, 5), 0.0414ms
[2026-03-22 05:15:41.950 DBG] TwitchService :: Presence Timer :: Artificially updated presence with a threshold of 5 minutes (57.5239ms)
[2026-03-22 05:16:01.553 DBG] AutoSave :: Auto saving settings...
[2026-03-22 05:16:01.569 DBG] Users :: Time to save 15.3375ms
[2026-03-22 05:16:01.592 DBG] Actions :: Time to save 23.9594ms
[2026-03-22 05:16:01.610 DBG] Commands :: Time to save 17.4851ms
[2026-03-22 05:16:01.627 DBG] Twitch Rewards :: Time to save 16.5345ms
[2026-03-22 05:16:01.643 DBG] Midi :: Time to save 15.9506ms
[2026-03-22 05:16:01.657 DBG] OBS Settings :: Time to save 14.4289ms
[2026-03-22 05:16:01.672 DBG] MeldStudio Settings :: Time to save 14.7553ms
[2026-03-22 05:16:01.686 DBG] Credits :: Time to save 13.8865ms
[2026-03-22 05:16:01.703 DBG] Quotes :: Time to save 17.1467ms
[2026-03-22 05:16:01.775 DBG] Config :: Time to save 19.9875ms
[2026-03-22 05:16:41.912 DBG] ViewerRepo :: UpdatePresence(twitch, 5), 0.0398ms
[2026-03-22 05:16:41.970 DBG] TwitchService :: Presence Timer :: Artificially updated presence with a threshold of 5 minutes (57.8392ms)
[2026-03-22 05:17:41.923 DBG] ViewerRepo :: UpdatePresence(twitch, 5), 0.0369ms
[2026-03-22 05:17:41.979 DBG] TwitchService :: Presence Timer :: Artificially updated presence with a threshold of 5 minutes (56.5764ms)
[2026-03-22 05:18:41.929 DBG] ViewerRepo :: UpdatePresence(twitch, 5), 0.039ms
[2026-03-22 05:18:41.981 DBG] TwitchService :: Presence Timer :: Artificially updated presence with a threshold of 5 minutes (52.8623ms)
[2026-03-22 05:19:17.257 DBG] Credits :: Time to save 11.3139ms
[2026-03-22 05:19:41.939 DBG] ViewerRepo :: UpdatePresence(twitch, 5), 0.0441ms
[2026-03-22 05:19:41.993 DBG] TwitchService :: Presence Timer :: Artificially updated presence with a threshold of 5 minutes (54.3026ms)
[2026-03-22 05:20:41.949 DBG] ViewerRepo :: UpdatePresence(twitch, 5), 0.0452ms
[2026-03-22 05:20:42.002 DBG] TwitchService :: Presence Timer :: Artificially updated presence with a threshold of 5 minutes (53.3583ms)
[2026-03-22 05:21:01.800 DBG] AutoSave :: Auto saving settings...
[2026-03-22 05:21:01.819 DBG] Users :: Time to save 18.8421ms
[2026-03-22 05:21:01.844 DBG] Actions :: Time to save 25.3011ms
[2026-03-22 05:21:01.862 DBG] Commands :: Time to save 17.3016ms
[2026-03-22 05:21:01.874 DBG] Twitch Rewards :: Time to save 12.2903ms
[2026-03-22 05:21:01.888 DBG] Midi :: Time to save 14.2592ms
[2026-03-22 05:21:01.903 DBG] OBS Settings :: Time to save 14.2715ms
[2026-03-22 05:21:01.918 DBG] MeldStudio Settings :: Time to save 14.7367ms
[2026-03-22 05:21:01.932 DBG] Credits :: Time to save 14.6734ms
[2026-03-22 05:21:01.949 DBG] Quotes :: Time to save 16.303ms
[2026-03-22 05:21:02.023 DBG] Config :: Time to save 18.6386ms
[2026-03-22 05:21:19.563 DBG] ActionDispatcher :: Queueing 'Sub Goal' (361aa588-5f31-4e19-b8a5-099cae52479d, TimedAction) to 'Default' (00000000-0000-0000-0000-000000000000), with 11 arguments
[2026-03-22 05:21:19.563 DBG] ActionQueue :: 'Default' (00000000-0000-0000-0000-000000000000) :: Enqueue action 361aa588-5f31-4e19-b8a5-099cae52479d
[2026-03-22 05:21:19.563 DBG] ActionQueue :: 'Default' (00000000-0000-0000-0000-000000000000) :: Handling queue
[2026-03-22 05:21:19.563 DBG] ActionQueue :: 'Default' (00000000-0000-0000-0000-000000000000) :: Performing non-blocking 'Sub Goal' (361aa588-5f31-4e19-b8a5-099cae52479d, dac61d97-874a-4b13-b157-6f47980d139a)
[2026-03-22 05:21:41.952 DBG] ViewerRepo :: UpdatePresence(twitch, 5), 0.0382ms
[2026-03-22 05:21:42.503 DBG] TwitchService :: Presence Timer :: Artificially updated presence with a threshold of 5 minutes (551.4666ms)
[2026-03-22 05:22:41.957 DBG] ViewerRepo :: UpdatePresence(twitch, 5), 0.0373ms
[2026-03-22 05:22:42.013 DBG] TwitchService :: Presence Timer :: Artificially updated presence with a threshold of 5 minutes (55.2027ms)
[2026-03-22 05:23:41.960 DBG] ViewerRepo :: UpdatePresence(twitch, 5), 0.0343ms
[2026-03-22 05:23:42.012 DBG] TwitchService :: Presence Timer :: Artificially updated presence with a threshold of 5 minutes (53.3881ms)
[2026-03-22 05:24:17.277 DBG] Credits :: Time to save 16.8083ms
[2026-03-22 05:24:41.973 DBG] ViewerRepo :: UpdatePresence(twitch, 5), 0.0359ms
[2026-03-22 05:24:42.026 DBG] TwitchService :: Presence Timer :: Artificially updated presence with a threshold of 5 minutes (52.271ms)
[2026-03-22 05:25:41.981 DBG] ViewerRepo :: UpdatePresence(twitch, 5), 0.0368ms
[2026-03-22 05:25:42.036 DBG] TwitchService :: Presence Timer :: Artificially updated presence with a threshold of 5 minutes (55.2596ms)
[2026-03-22 05:26:02.013 DBG] AutoSave :: Auto saving settings...
[2026-03-22 05:26:02.031 DBG] Users :: Time to save 17.6419ms
[2026-03-22 05:26:02.056 DBG] Actions :: Time to save 24.9187ms
[2026-03-22 05:26:02.074 DBG] Commands :: Time to save 17.4917ms
[2026-03-22 05:26:02.089 DBG] Twitch Rewards :: Time to save 16.394ms
[2026-03-22 05:26:02.104 DBG] Midi :: Time to save 14.5797ms
[2026-03-22 05:26:02.119 DBG] OBS Settings :: Time to save 15.4917ms
[2026-03-22 05:26:02.134 DBG] MeldStudio Settings :: Time to save 14.2545ms
[2026-03-22 05:26:02.147 DBG] Credits :: Time to save 14.0653ms
[2026-03-22 05:26:02.166 DBG] Quotes :: Time to save 16.9236ms
[2026-03-22 05:26:02.235 DBG] Config :: Time to save 18.4427ms
[2026-03-22 05:26:41.986 DBG] ViewerRepo :: UpdatePresence(twitch, 5), 0.0377ms
[2026-03-22 05:26:42.044 DBG] TwitchService :: Presence Timer :: Artificially updated presence with a threshold of 5 minutes (58.1197ms)
[2026-03-22 05:27:41.989 DBG] ViewerRepo :: UpdatePresence(twitch, 5), 0.0379ms
[2026-03-22 05:27:42.041 DBG] TwitchService :: Presence Timer :: Artificially updated presence with a threshold of 5 minutes (52.743ms)
[2026-03-22 05:28:42.009 DBG] ViewerRepo :: UpdatePresence(twitch, 5), 0.036ms
[2026-03-22 05:28:42.063 DBG] TwitchService :: Presence Timer :: Artificially updated presence with a threshold of 5 minutes (53.5961ms)
[2026-03-22 05:29:17.280 DBG] Credits :: Time to save 17.7496ms
[2026-03-22 05:29:42.019 DBG] ViewerRepo :: UpdatePresence(twitch, 5), 0.0361ms
[2026-03-22 05:29:42.074 DBG] TwitchService :: Presence Timer :: Artificially updated presence with a threshold of 5 minutes (55.9041ms)
[2026-03-22 05:30:42.021 DBG] ViewerRepo :: UpdatePresence(twitch, 5), 0.0361ms
[2026-03-22 05:30:42.075 DBG] TwitchService :: Presence Timer :: Artificially updated presence with a threshold of 5 minutes (54.0821ms)
[2026-03-22 05:31:02.269 DBG] AutoSave :: Auto saving settings...
[2026-03-22 05:31:02.290 DBG] Users :: Time to save 21.2727ms
[2026-03-22 05:31:02.314 DBG] Actions :: Time to save 22.8534ms
[2026-03-22 05:31:02.329 DBG] Commands :: Time to save 15.9666ms
[2026-03-22 05:31:02.345 DBG] Twitch Rewards :: Time to save 16.209ms
[2026-03-22 05:31:02.361 DBG] Midi :: Time to save 14.7763ms
[2026-03-22 05:31:02.375 DBG] OBS Settings :: Time to save 14.2914ms
[2026-03-22 05:31:02.391 DBG] MeldStudio Settings :: Time to save 16.4331ms
[2026-03-22 05:31:02.402 DBG] Credits :: Time to save 10.4503ms
[2026-03-22 05:31:02.419 DBG] Quotes :: Time to save 17.0529ms
[2026-03-22 05:31:02.490 DBG] Config :: Time to save 18.8705ms
[2026-03-22 05:31:20.109 DBG] ActionDispatcher :: Queueing 'Sub Goal' (361aa588-5f31-4e19-b8a5-099cae52479d, TimedAction) to 'Default' (00000000-0000-0000-0000-000000000000), with 11 arguments
[2026-03-22 05:31:20.109 DBG] ActionQueue :: 'Default' (00000000-0000-0000-0000-000000000000) :: Enqueue action 361aa588-5f31-4e19-b8a5-099cae52479d
[2026-03-22 05:31:20.109 DBG] ActionQueue :: 'Default' (00000000-0000-0000-0000-000000000000) :: Handling queue
[2026-03-22 05:31:20.109 DBG] ActionQueue :: 'Default' (00000000-0000-0000-0000-000000000000) :: Performing non-blocking 'Sub Goal' (361aa588-5f31-4e19-b8a5-099cae52479d, 3c24d1ec-0598-4b5b-a456-608f7c2d6e8b)
[2026-03-22 05:31:42.040 DBG] ViewerRepo :: UpdatePresence(twitch, 5), 0.0359ms
[2026-03-22 05:31:42.096 DBG] TwitchService :: Presence Timer :: Artificially updated presence with a threshold of 5 minutes (56.5494ms)
[2026-03-22 05:32:42.054 DBG] ViewerRepo :: UpdatePresence(twitch, 5), 0.0499ms
[2026-03-22 05:32:42.112 DBG] TwitchService :: Presence Timer :: Artificially updated presence with a threshold of 5 minutes (58.5299ms)
[2026-03-22 05:33:42.064 DBG] ViewerRepo :: UpdatePresence(twitch, 5), 0.0397ms
[2026-03-22 05:33:42.119 DBG] TwitchService :: Presence Timer :: Artificially updated presence with a threshold of 5 minutes (55.0745ms)
[2026-03-22 05:34:17.310 DBG] Credits :: Time to save 19.0573ms
[2026-03-22 05:34:42.066 DBG] ViewerRepo :: UpdatePresence(twitch, 5), 0.0358ms
[2026-03-22 05:34:42.124 DBG] TwitchService :: Presence Timer :: Artificially updated presence with a threshold of 5 minutes (57.6767ms)
[2026-03-22 05:35:42.073 DBG] ViewerRepo :: UpdatePresence(twitch, 5), 0.0499ms
[2026-03-22 05:35:42.125 DBG] TwitchService :: Presence Timer :: Artificially updated presence with a threshold of 5 minutes (52.6158ms)
[2026-03-22 05:36:02.513 DBG] AutoSave :: Auto saving settings...
[2026-03-22 05:36:02.534 DBG] Users :: Time to save 20.9635ms
[2026-03-22 05:36:02.557 DBG] Actions :: Time to save 23.0853ms
[2026-03-22 05:36:02.574 DBG] Commands :: Time to save 16.6639ms
[2026-03-22 05:36:02.591 DBG] Twitch Rewards :: Time to save 17.2816ms
[2026-03-22 05:36:02.605 DBG] Midi :: Time to save 14.0096ms
[2026-03-22 05:36:02.617 DBG] OBS Settings :: Time to save 11.7693ms
[2026-03-22 05:36:02.632 DBG] MeldStudio Settings :: Time to save 14.4958ms
[2026-03-22 05:36:02.646 DBG] Credits :: Time to save 13.9041ms
[2026-03-22 05:36:02.662 DBG] Quotes :: Time to save 16.2898ms
[2026-03-22 05:36:02.736 DBG] Config :: Time to save 21.7621ms
[2026-03-22 05:36:42.079 DBG] ViewerRepo :: UpdatePresence(twitch, 5), 0.0337ms
[2026-03-22 05:36:42.136 DBG] TwitchService :: Presence Timer :: Artificially updated presence with a threshold of 5 minutes (58.2473ms)
[2026-03-22 05:37:42.093 DBG] ViewerRepo :: UpdatePresence(twitch, 5), 0.0353ms
[2026-03-22 05:37:42.150 DBG] TwitchService :: Presence Timer :: Artificially updated presence with a threshold of 5 minutes (58.0206ms)
[2026-03-22 05:38:42.099 DBG] ViewerRepo :: UpdatePresence(twitch, 5), 0.0366ms
[2026-03-22 05:38:42.153 DBG] TwitchService :: Presence Timer :: Artificially updated presence with a threshold of 5 minutes (54.7318ms)
[2026-03-22 05:39:17.313 DBG] Credits :: Time to save 16.6789ms
[2026-03-22 05:39:42.100 DBG] ViewerRepo :: UpdatePresence(twitch, 5), 0.0352ms
[2026-03-22 05:39:42.153 DBG] TwitchService :: Presence Timer :: Artificially updated presence with a threshold of 5 minutes (53.5811ms)
[2026-03-22 05:40:42.111 DBG] ViewerRepo :: UpdatePresence(twitch, 5), 0.0448ms
[2026-03-22 05:40:42.166 DBG] TwitchService :: Presence Timer :: Artificially updated presence with a threshold of 5 minutes (55.4112ms)
[2026-03-22 05:41:02.762 DBG] AutoSave :: Auto saving settings...
[2026-03-22 05:41:02.779 DBG] Users :: Time to save 17.1879ms
[2026-03-22 05:41:02.803 DBG] Actions :: Time to save 23.8217ms
[2026-03-22 05:41:02.815 DBG] Commands :: Time to save 12.6437ms
[2026-03-22 05:41:02.832 DBG] Twitch Rewards :: Time to save 16.9199ms
[2026-03-22 05:41:02.846 DBG] Midi :: Time to save 14.4674ms
[2026-03-22 05:41:02.860 DBG] OBS Settings :: Time to save 13.012ms
[2026-03-22 05:41:02.874 DBG] MeldStudio Settings :: Time to save 14.4135ms
[2026-03-22 05:41:02.889 DBG] Credits :: Time to save 14.6761ms
[2026-03-22 05:41:02.907 DBG] Quotes :: Time to save 18.5756ms
[2026-03-22 05:41:02.983 DBG] Config :: Time to save 19.421ms
[2026-03-22 05:41:20.713 DBG] ActionDispatcher :: Queueing 'Sub Goal' (361aa588-5f31-4e19-b8a5-099cae52479d, TimedAction) to 'Default' (00000000-0000-0000-0000-000000000000), with 11 arguments
[2026-03-22 05:41:20.713 DBG] ActionQueue :: 'Default' (00000000-0000-0000-0000-000000000000) :: Enqueue action 361aa588-5f31-4e19-b8a5-099cae52479d
[2026-03-22 05:41:20.713 DBG] ActionQueue :: 'Default' (00000000-0000-0000-0000-000000000000) :: Handling queue
[2026-03-22 05:41:20.713 DBG] ActionQueue :: 'Default' (00000000-0000-0000-0000-000000000000) :: Performing non-blocking 'Sub Goal' (361aa588-5f31-4e19-b8a5-099cae52479d, ba0a9b8a-99f2-408c-b8f9-9e14ec09c005)
[2026-03-22 05:41:42.124 DBG] ViewerRepo :: UpdatePresence(twitch, 5), 0.0364ms
[2026-03-22 05:41:42.177 DBG] TwitchService :: Presence Timer :: Artificially updated presence with a threshold of 5 minutes (53.6749ms)
[2026-03-22 05:42:42.129 DBG] ViewerRepo :: UpdatePresence(twitch, 5), 0.0348ms
[2026-03-22 05:42:42.181 DBG] TwitchService :: Presence Timer :: Artificially updated presence with a threshold of 5 minutes (52.6173ms)
[2026-03-22 05:43:42.143 DBG] ViewerRepo :: UpdatePresence(twitch, 5), 0.035ms
[2026-03-22 05:43:42.201 DBG] TwitchService :: Presence Timer :: Artificially updated presence with a threshold of 5 minutes (58.2622ms)
[2026-03-22 05:44:17.323 DBG] Credits :: Time to save 16.7912ms
[2026-03-22 05:44:42.145 DBG] ViewerRepo :: UpdatePresence(twitch, 5), 0.0363ms
[2026-03-22 05:44:42.199 DBG] TwitchService :: Presence Timer :: Artificially updated presence with a threshold of 5 minutes (55.0621ms)
[2026-03-22 05:45:42.154 DBG] ViewerRepo :: UpdatePresence(twitch, 5), 0.0375ms
[2026-03-22 05:45:42.211 DBG] TwitchService :: Presence Timer :: Artificially updated presence with a threshold of 5 minutes (57.1924ms)
[2026-03-22 05:46:03.022 DBG] AutoSave :: Auto saving settings...
[2026-03-22 05:46:03.042 DBG] Users :: Time to save 20.0279ms
[2026-03-22 05:46:03.062 DBG] Actions :: Time to save 20.1081ms
[2026-03-22 05:46:03.079 DBG] Commands :: Time to save 16.5161ms
[2026-03-22 05:46:03.095 DBG] Twitch Rewards :: Time to save 16.4792ms
[2026-03-22 05:46:03.110 DBG] Midi :: Time to save 14.7895ms
[2026-03-22 05:46:03.125 DBG] OBS Settings :: Time to save 14.4664ms
[2026-03-22 05:46:03.140 DBG] MeldStudio Settings :: Time to save 14.863ms
[2026-03-22 05:46:03.154 DBG] Credits :: Time to save 14.5774ms
[2026-03-22 05:46:03.166 DBG] Quotes :: Time to save 12.6787ms
[2026-03-22 05:46:03.243 DBG] Config :: Time to save 18.185ms
[2026-03-22 05:46:42.162 DBG] ViewerRepo :: UpdatePresence(twitch, 5), 0.0355ms
[2026-03-22 05:46:42.217 DBG] TwitchService :: Presence Timer :: Artificially updated presence with a threshold of 5 minutes (55.4287ms)
[2026-03-22 05:47:42.164 DBG] ViewerRepo :: UpdatePresence(twitch, 5), 0.0438ms
[2026-03-22 05:47:42.219 DBG] TwitchService :: Presence Timer :: Artificially updated presence with a threshold of 5 minutes (54.7742ms)
[2026-03-22 05:48:42.169 DBG] ViewerRepo :: UpdatePresence(twitch, 5), 0.0349ms
[2026-03-22 05:48:42.221 DBG] TwitchService :: Presence Timer :: Artificially updated presence with a threshold of 5 minutes (51.8224ms)
[2026-03-22 05:49:17.326 DBG] Credits :: Time to save 17.7668ms
[2026-03-22 05:49:42.181 DBG] ViewerRepo :: UpdatePresence(twitch, 5), 0.0372ms
[2026-03-22 05:49:42.237 DBG] TwitchService :: Presence Timer :: Artificially updated presence with a threshold of 5 minutes (57.1985ms)
[2026-03-22 05:50:42.195 DBG] ViewerRepo :: UpdatePresence(twitch, 5), 0.0363ms
[2026-03-22 05:50:42.253 DBG] TwitchService :: Presence Timer :: Artificially updated presence with a threshold of 5 minutes (57.9863ms)
[2026-03-22 05:51:03.244 DBG] AutoSave :: Auto saving settings...
[2026-03-22 05:51:03.265 DBG] Users :: Time to save 21.1036ms
[2026-03-22 05:51:03.288 DBG] Actions :: Time to save 23.456ms
[2026-03-22 05:51:03.305 DBG] Commands :: Time to save 16.9664ms
[2026-03-22 05:51:03.323 DBG] Twitch Rewards :: Time to save 17.3119ms
[2026-03-22 05:51:03.338 DBG] Midi :: Time to save 15.2253ms
[2026-03-22 05:51:03.351 DBG] OBS Settings :: Time to save 12.8983ms
[2026-03-22 05:51:03.366 DBG] MeldStudio Settings :: Time to save 15.0056ms
[2026-03-22 05:51:03.380 DBG] Credits :: Time to save 13.9947ms
[2026-03-22 05:51:03.397 DBG] Quotes :: Time to save 16.7265ms
[2026-03-22 05:51:03.466 DBG] Config :: Time to save 19.47ms
[2026-03-22 05:51:21.286 DBG] ActionDispatcher :: Queueing 'Sub Goal' (361aa588-5f31-4e19-b8a5-099cae52479d, TimedAction) to 'Default' (00000000-0000-0000-0000-000000000000), with 11 arguments
[2026-03-22 05:51:21.286 DBG] ActionQueue :: 'Default' (00000000-0000-0000-0000-000000000000) :: Enqueue action 361aa588-5f31-4e19-b8a5-099cae52479d
[2026-03-22 05:51:21.286 DBG] ActionQueue :: 'Default' (00000000-0000-0000-0000-000000000000) :: Handling queue
[2026-03-22 05:51:21.286 DBG] ActionQueue :: 'Default' (00000000-0000-0000-0000-000000000000) :: Performing non-blocking 'Sub Goal' (361aa588-5f31-4e19-b8a5-099cae52479d, f55ae097-8355-453f-b1ff-1a43b616e62b)
[2026-03-22 05:51:42.210 DBG] ViewerRepo :: UpdatePresence(twitch, 5), 0.0462ms
[2026-03-22 05:51:42.267 DBG] TwitchService :: Presence Timer :: Artificially updated presence with a threshold of 5 minutes (58.706ms)
[2026-03-22 05:52:42.219 DBG] ViewerRepo :: UpdatePresence(twitch, 5), 0.0479ms
[2026-03-22 05:52:42.275 DBG] TwitchService :: Presence Timer :: Artificially updated presence with a threshold of 5 minutes (55.8786ms)
[2026-03-22 05:53:42.233 DBG] ViewerRepo :: UpdatePresence(twitch, 5), 0.0428ms
[2026-03-22 05:53:42.286 DBG] TwitchService :: Presence Timer :: Artificially updated presence with a threshold of 5 minutes (53.4107ms)
[2026-03-22 05:54:17.334 DBG] Credits :: Time to save 17.3584ms
[2026-03-22 05:54:42.239 DBG] ViewerRepo :: UpdatePresence(twitch, 5), 0.0363ms
[2026-03-22 05:54:42.297 DBG] TwitchService :: Presence Timer :: Artificially updated presence with a threshold of 5 minutes (58.1724ms)
[2026-03-22 05:55:42.258 DBG] ViewerRepo :: UpdatePresence(twitch, 5), 0.0501ms
[2026-03-22 05:55:42.313 DBG] TwitchService :: Presence Timer :: Artificially updated presence with a threshold of 5 minutes (55.9221ms)
[2026-03-22 05:56:03.500 DBG] AutoSave :: Auto saving settings...
[2026-03-22 05:56:03.519 DBG] Users :: Time to save 19.624ms
[2026-03-22 05:56:03.544 DBG] Actions :: Time to save 24.1345ms
[2026-03-22 05:56:03.560 DBG] Commands :: Time to save 16.7449ms
[2026-03-22 05:56:03.577 DBG] Twitch Rewards :: Time to save 16.6918ms
[2026-03-22 05:56:03.592 DBG] Midi :: Time to save 14.6531ms
[2026-03-22 05:56:03.606 DBG] OBS Settings :: Time to save 14.8407ms
[2026-03-22 05:56:03.621 DBG] MeldStudio Settings :: Time to save 14.224ms
[2026-03-22 05:56:03.635 DBG] Credits :: Time to save 13.6199ms
[2026-03-22 05:56:03.651 DBG] Quotes :: Time to save 16.0624ms
[2026-03-22 05:56:03.722 DBG] Config :: Time to save 19.7385ms
[2026-03-22 05:56:42.260 DBG] ViewerRepo :: UpdatePresence(twitch, 5), 0.0362ms
[2026-03-22 05:56:42.315 DBG] TwitchService :: Presence Timer :: Artificially updated presence with a threshold of 5 minutes (54.8583ms)
[2026-03-22 05:57:42.263 DBG] ViewerRepo :: UpdatePresence(twitch, 5), 0.0352ms
[2026-03-22 05:57:42.317 DBG] TwitchService :: Presence Timer :: Artificially updated presence with a threshold of 5 minutes (55.5056ms)
[2026-03-22 05:58:42.278 DBG] ViewerRepo :: UpdatePresence(twitch, 5), 0.0353ms
[2026-03-22 05:58:42.335 DBG] TwitchService :: Presence Timer :: Artificially updated presence with a threshold of 5 minutes (56.4954ms)
[2026-03-22 05:59:17.343 DBG] Credits :: Time to save 17.9997ms
[2026-03-22 05:59:42.290 DBG] ViewerRepo :: UpdatePresence(twitch, 5), 0.0641ms
[2026-03-22 05:59:42.344 DBG] TwitchService :: Presence Timer :: Artificially updated presence with a threshold of 5 minutes (54.9885ms)
[2026-03-22 06:00:42.302 DBG] ViewerRepo :: UpdatePresence(twitch, 5), 0.0357ms
[2026-03-22 06:00:42.356 DBG] TwitchService :: Presence Timer :: Artificially updated presence with a threshold of 5 minutes (53.5711ms)
[2026-03-22 06:01:03.751 DBG] AutoSave :: Auto saving settings...
[2026-03-22 06:01:03.769 DBG] Users :: Time to save 18.7086ms
[2026-03-22 06:01:03.792 DBG] Actions :: Time to save 22.8411ms
[2026-03-22 06:01:03.809 DBG] Commands :: Time to save 17.0054ms
[2026-03-22 06:01:03.827 DBG] Twitch Rewards :: Time to save 17.1537ms
[2026-03-22 06:01:03.841 DBG] Midi :: Time to save 14.6858ms
[2026-03-22 06:01:03.855 DBG] OBS Settings :: Time to save 14.0778ms
[2026-03-22 06:01:03.870 DBG] MeldStudio Settings :: Time to save 14.8449ms
[2026-03-22 06:01:03.885 DBG] Credits :: Time to save 14.312ms
[2026-03-22 06:01:03.901 DBG] Quotes :: Time to save 16.4419ms
[2026-03-22 06:01:03.972 DBG] Config :: Time to save 19.2693ms
[2026-03-22 06:01:21.895 DBG] ActionDispatcher :: Queueing 'Sub Goal' (361aa588-5f31-4e19-b8a5-099cae52479d, TimedAction) to 'Default' (00000000-0000-0000-0000-000000000000), with 11 arguments
[2026-03-22 06:01:21.895 DBG] ActionQueue :: 'Default' (00000000-0000-0000-0000-000000000000) :: Enqueue action 361aa588-5f31-4e19-b8a5-099cae52479d
[2026-03-22 06:01:21.895 DBG] ActionQueue :: 'Default' (00000000-0000-0000-0000-000000000000) :: Handling queue
[2026-03-22 06:01:21.895 DBG] ActionQueue :: 'Default' (00000000-0000-0000-0000-000000000000) :: Performing non-blocking 'Sub Goal' (361aa588-5f31-4e19-b8a5-099cae52479d, 0d89bf85-2449-4062-9b6e-4b70dbc666b4)
[2026-03-22 06:01:42.306 DBG] ViewerRepo :: UpdatePresence(twitch, 5), 0.0396ms
[2026-03-22 06:01:42.360 DBG] TwitchService :: Presence Timer :: Artificially updated presence with a threshold of 5 minutes (54.3864ms)
[2026-03-22 06:02:42.320 DBG] ViewerRepo :: UpdatePresence(twitch, 5), 0.0503ms
[2026-03-22 06:02:42.374 DBG] TwitchService :: Presence Timer :: Artificially updated presence with a threshold of 5 minutes (54.6743ms)
[2026-03-22 06:03:42.336 DBG] ViewerRepo :: UpdatePresence(twitch, 5), 0.0364ms
[2026-03-22 06:03:42.393 DBG] TwitchService :: Presence Timer :: Artificially updated presence with a threshold of 5 minutes (57.7346ms)
[2026-03-22 06:04:17.355 DBG] Credits :: Time to save 15.8886ms
[2026-03-22 06:04:42.345 DBG] ViewerRepo :: UpdatePresence(twitch, 5), 0.0345ms
[2026-03-22 06:04:42.402 DBG] TwitchService :: Presence Timer :: Artificially updated presence with a threshold of 5 minutes (56.2797ms)
[2026-03-22 06:05:42.359 DBG] ViewerRepo :: UpdatePresence(twitch, 5), 0.0488ms
[2026-03-22 06:05:42.410 DBG] TwitchService :: Presence Timer :: Artificially updated presence with a threshold of 5 minutes (51.4035ms)
[2026-03-22 06:06:03.990 DBG] AutoSave :: Auto saving settings...
[2026-03-22 06:06:04.010 DBG] Users :: Time to save 20.7034ms
[2026-03-22 06:06:04.034 DBG] Actions :: Time to save 23.636ms
[2026-03-22 06:06:04.051 DBG] Commands :: Time to save 17.1986ms
[2026-03-22 06:06:04.069 DBG] Twitch Rewards :: Time to save 17.1241ms
[2026-03-22 06:06:04.084 DBG] Midi :: Time to save 15.0497ms
[2026-03-22 06:06:04.099 DBG] OBS Settings :: Time to save 14.8698ms
[2026-03-22 06:06:04.113 DBG] MeldStudio Settings :: Time to save 14.242ms
[2026-03-22 06:06:04.129 DBG] Credits :: Time to save 16.204ms
[2026-03-22 06:06:04.145 DBG] Quotes :: Time to save 16.7717ms
[2026-03-22 06:06:04.213 DBG] Config :: Time to save 21.5205ms
[2026-03-22 06:06:42.366 DBG] ViewerRepo :: UpdatePresence(twitch, 5), 0.0363ms
[2026-03-22 06:06:42.425 DBG] TwitchService :: Presence Timer :: Artificially updated presence with a threshold of 5 minutes (59.0586ms)
[2026-03-22 06:07:42.377 DBG] ViewerRepo :: UpdatePresence(twitch, 5), 0.0356ms
[2026-03-22 06:07:42.429 DBG] TwitchService :: Presence Timer :: Artificially updated presence with a threshold of 5 minutes (52.5277ms)
[2026-03-22 06:08:42.384 DBG] ViewerRepo :: UpdatePresence(twitch, 5), 0.0373ms
[2026-03-22 06:08:42.438 DBG] TwitchService :: Presence Timer :: Artificially updated presence with a threshold of 5 minutes (55.2744ms)
[2026-03-22 06:09:17.364 DBG] Credits :: Time to save 14.917ms
[2026-03-22 06:09:42.398 DBG] ViewerRepo :: UpdatePresence(twitch, 5), 0.037ms
[2026-03-22 06:09:42.454 DBG] TwitchService :: Presence Timer :: Artificially updated presence with a threshold of 5 minutes (56.4503ms)
[2026-03-22 06:10:42.409 DBG] ViewerRepo :: UpdatePresence(twitch, 5), 0.0449ms
[2026-03-22 06:10:42.463 DBG] TwitchService :: Presence Timer :: Artificially updated presence with a threshold of 5 minutes (54.5766ms)
[2026-03-22 06:11:04.215 DBG] AutoSave :: Auto saving settings...
[2026-03-22 06:11:04.236 DBG] Users :: Time to save 20.5117ms
[2026-03-22 06:11:04.262 DBG] Actions :: Time to save 26.0299ms
[2026-03-22 06:11:04.281 DBG] Commands :: Time to save 18.7802ms
[2026-03-22 06:11:04.300 DBG] Twitch Rewards :: Time to save 19.0025ms
[2026-03-22 06:11:04.317 DBG] Midi :: Time to save 16.8304ms
[2026-03-22 06:11:04.332 DBG] OBS Settings :: Time to save 15.059ms
[2026-03-22 06:11:04.347 DBG] MeldStudio Settings :: Time to save 14.8009ms
[2026-03-22 06:11:04.357 DBG] Credits :: Time to save 11.4739ms
[2026-03-22 06:11:04.374 DBG] Quotes :: Time to save 16.6779ms
[2026-03-22 06:11:04.440 DBG] Config :: Time to save 18.7245ms
[2026-03-22 06:11:22.576 DBG] ActionDispatcher :: Queueing 'Sub Goal' (361aa588-5f31-4e19-b8a5-099cae52479d, TimedAction) to 'Default' (00000000-0000-0000-0000-000000000000), with 11 arguments
[2026-03-22 06:11:22.576 DBG] ActionQueue :: 'Default' (00000000-0000-0000-0000-000000000000) :: Enqueue action 361aa588-5f31-4e19-b8a5-099cae52479d
[2026-03-22 06:11:22.576 DBG] ActionQueue :: 'Default' (00000000-0000-0000-0000-000000000000) :: Handling queue
[2026-03-22 06:11:22.576 DBG] ActionQueue :: 'Default' (00000000-0000-0000-0000-000000000000) :: Performing non-blocking 'Sub Goal' (361aa588-5f31-4e19-b8a5-099cae52479d, cee68972-7550-42fc-94bc-04e8a08cd412)
[2026-03-22 06:11:42.410 DBG] ViewerRepo :: UpdatePresence(twitch, 5), 0.0364ms
[2026-03-22 06:11:42.463 DBG] TwitchService :: Presence Timer :: Artificially updated presence with a threshold of 5 minutes (53.9996ms)
[2026-03-22 06:12:42.412 DBG] ViewerRepo :: UpdatePresence(twitch, 5), 0.038ms
[2026-03-22 06:12:42.468 DBG] TwitchService :: Presence Timer :: Artificially updated presence with a threshold of 5 minutes (56.4998ms)
[2026-03-22 06:13:42.428 DBG] ViewerRepo :: UpdatePresence(twitch, 5), 0.0387ms
[2026-03-22 06:13:42.480 DBG] TwitchService :: Presence Timer :: Artificially updated presence with a threshold of 5 minutes (52.7218ms)
[2026-03-22 06:14:17.372 DBG] Credits :: Time to save 15.9126ms
[2026-03-22 06:14:42.444 DBG] ViewerRepo :: UpdatePresence(twitch, 5), 0.0353ms
[2026-03-22 06:14:42.500 DBG] TwitchService :: Presence Timer :: Artificially updated presence with a threshold of 5 minutes (55.7984ms)
[2026-03-22 06:15:42.448 DBG] ViewerRepo :: UpdatePresence(twitch, 5), 0.0357ms
[2026-03-22 06:15:42.501 DBG] TwitchService :: Presence Timer :: Artificially updated presence with a threshold of 5 minutes (53.4576ms)
[2026-03-22 06:16:04.452 DBG] AutoSave :: Auto saving settings...
[2026-03-22 06:16:04.474 DBG] Users :: Time to save 20.9019ms
[2026-03-22 06:16:04.497 DBG] Actions :: Time to save 24.3223ms
[2026-03-22 06:16:04.514 DBG] Commands :: Time to save 16.4023ms
[2026-03-22 06:16:04.530 DBG] Twitch Rewards :: Time to save 16.2673ms
[2026-03-22 06:16:04.545 DBG] Midi :: Time to save 14.7422ms
[2026-03-22 06:16:04.561 DBG] OBS Settings :: Time to save 14.9773ms
[2026-03-22 06:16:04.575 DBG] MeldStudio Settings :: Time to save 14.2945ms
[2026-03-22 06:16:04.589 DBG] Credits :: Time to save 13.9298ms
[2026-03-22 06:16:04.603 DBG] Quotes :: Time to save 14.4119ms
[2026-03-22 06:16:04.674 DBG] Config :: Time to save 20.2578ms
[2026-03-22 06:16:42.456 DBG] ViewerRepo :: UpdatePresence(twitch, 5), 0.0402ms
[2026-03-22 06:16:42.509 DBG] TwitchService :: Presence Timer :: Artificially updated presence with a threshold of 5 minutes (53.356ms)
[2026-03-22 06:17:42.460 DBG] ViewerRepo :: UpdatePresence(twitch, 5), 0.0347ms
[2026-03-22 06:17:42.515 DBG] TwitchService :: Presence Timer :: Artificially updated presence with a threshold of 5 minutes (54.9082ms)
[2026-03-22 06:18:42.471 DBG] ViewerRepo :: UpdatePresence(twitch, 5), 0.0542ms
[2026-03-22 06:18:42.532 DBG] TwitchService :: Presence Timer :: Artificially updated presence with a threshold of 5 minutes (61.8056ms)
[2026-03-22 06:19:17.386 DBG] Credits :: Time to save 16.5592ms
[2026-03-22 06:19:42.486 DBG] ViewerRepo :: UpdatePresence(twitch, 5), 0.0359ms
[2026-03-22 06:19:42.541 DBG] TwitchService :: Presence Timer :: Artificially updated presence with a threshold of 5 minutes (55.4463ms)
[2026-03-22 06:20:42.499 DBG] ViewerRepo :: UpdatePresence(twitch, 5), 0.0388ms
[2026-03-22 06:20:42.555 DBG] TwitchService :: Presence Timer :: Artificially updated presence with a threshold of 5 minutes (55.8979ms)
[2026-03-22 06:21:04.665 DBG] AutoSave :: Auto saving settings...
[2026-03-22 06:21:04.686 DBG] Users :: Time to save 20.5479ms
[2026-03-22 06:21:04.710 DBG] Actions :: Time to save 24.653ms
[2026-03-22 06:21:04.729 DBG] Commands :: Time to save 18.9567ms
[2026-03-22 06:21:04.748 DBG] Twitch Rewards :: Time to save 18.3132ms
[2026-03-22 06:21:04.764 DBG] Midi :: Time to save 16.1163ms
[2026-03-22 06:21:04.779 DBG] OBS Settings :: Time to save 15.0373ms
[2026-03-22 06:21:04.795 DBG] MeldStudio Settings :: Time to save 15.7233ms
[2026-03-22 06:21:04.811 DBG] Credits :: Time to save 16.0238ms
[2026-03-22 06:21:04.827 DBG] Quotes :: Time to save 16.6523ms
[2026-03-22 06:21:04.884 DBG] Config :: Time to save 18.0688ms
[2026-03-22 06:21:23.175 DBG] ActionDispatcher :: Queueing 'Sub Goal' (361aa588-5f31-4e19-b8a5-099cae52479d, TimedAction) to 'Default' (00000000-0000-0000-0000-000000000000), with 11 arguments
[2026-03-22 06:21:23.175 DBG] ActionQueue :: 'Default' (00000000-0000-0000-0000-000000000000) :: Enqueue action 361aa588-5f31-4e19-b8a5-099cae52479d
[2026-03-22 06:21:23.175 DBG] ActionQueue :: 'Default' (00000000-0000-0000-0000-000000000000) :: Handling queue
[2026-03-22 06:21:23.175 DBG] ActionQueue :: 'Default' (00000000-0000-0000-0000-000000000000) :: Performing non-blocking 'Sub Goal' (361aa588-5f31-4e19-b8a5-099cae52479d, d8c589c4-eada-4971-84cf-d4b6444fce8b)
[2026-03-22 06:21:42.517 DBG] ViewerRepo :: UpdatePresence(twitch, 5), 0.0392ms
[2026-03-22 06:21:43.071 DBG] TwitchService :: Presence Timer :: Artificially updated presence with a threshold of 5 minutes (553.9292ms)
[2026-03-22 06:22:42.540 DBG] ViewerRepo :: UpdatePresence(twitch, 5), 0.0403ms
[2026-03-22 06:22:42.595 DBG] TwitchService :: Presence Timer :: Artificially updated presence with a threshold of 5 minutes (54.7118ms)
[2026-03-22 06:23:42.542 DBG] ViewerRepo :: UpdatePresence(twitch, 5), 0.0359ms
[2026-03-22 06:23:42.594 DBG] TwitchService :: Presence Timer :: Artificially updated presence with a threshold of 5 minutes (52.7246ms)
[2026-03-22 06:24:17.391 DBG] Credits :: Time to save 17.9212ms
[2026-03-22 06:24:42.555 DBG] ViewerRepo :: UpdatePresence(twitch, 5), 0.0377ms
[2026-03-22 06:24:42.612 DBG] TwitchService :: Presence Timer :: Artificially updated presence with a threshold of 5 minutes (56.6646ms)
[2026-03-22 06:25:42.560 DBG] ViewerRepo :: UpdatePresence(twitch, 5), 0.0407ms
[2026-03-22 06:25:42.615 DBG] TwitchService :: Presence Timer :: Artificially updated presence with a threshold of 5 minutes (54.9638ms)
[2026-03-22 06:26:04.918 DBG] AutoSave :: Auto saving settings...
[2026-03-22 06:26:04.934 DBG] Users :: Time to save 16.9423ms
[2026-03-22 06:26:04.958 DBG] Actions :: Time to save 23.3261ms
[2026-03-22 06:26:04.975 DBG] Commands :: Time to save 16.6267ms
[2026-03-22 06:26:04.990 DBG] Twitch Rewards :: Time to save 15.9366ms
[2026-03-22 06:26:05.005 DBG] Midi :: Time to save 14.3266ms
[2026-03-22 06:26:05.019 DBG] OBS Settings :: Time to save 14.2344ms
[2026-03-22 06:26:05.033 DBG] MeldStudio Settings :: Time to save 13.7969ms
[2026-03-22 06:26:05.044 DBG] Credits :: Time to save 11.5803ms
[2026-03-22 06:26:05.063 DBG] Quotes :: Time to save 17.9097ms
[2026-03-22 06:26:05.136 DBG] Config :: Time to save 18.848ms
[2026-03-22 06:26:42.566 DBG] ViewerRepo :: UpdatePresence(twitch, 5), 0.0366ms
[2026-03-22 06:26:42.622 DBG] TwitchService :: Presence Timer :: Artificially updated presence with a threshold of 5 minutes (56.2728ms)
[2026-03-22 06:27:42.577 DBG] ViewerRepo :: UpdatePresence(twitch, 5), 0.0374ms
[2026-03-22 06:27:42.633 DBG] TwitchService :: Presence Timer :: Artificially updated presence with a threshold of 5 minutes (56.4447ms)
[2026-03-22 06:28:42.584 DBG] ViewerRepo :: UpdatePresence(twitch, 5), 0.0387ms
[2026-03-22 06:28:42.637 DBG] TwitchService :: Presence Timer :: Artificially updated presence with a threshold of 5 minutes (53.8954ms)
[2026-03-22 06:29:17.395 DBG] Credits :: Time to save 16.4351ms
[2026-03-22 06:29:42.587 DBG] ViewerRepo :: UpdatePresence(twitch, 5), 0.0429ms
[2026-03-22 06:29:42.643 DBG] TwitchService :: Presence Timer :: Artificially updated presence with a threshold of 5 minutes (55.7398ms)
[2026-03-22 06:30:42.593 DBG] ViewerRepo :: UpdatePresence(twitch, 5), 0.0414ms
[2026-03-22 06:30:42.646 DBG] TwitchService :: Presence Timer :: Artificially updated presence with a threshold of 5 minutes (53.6833ms)
[2026-03-22 06:31:05.158 DBG] AutoSave :: Auto saving settings...
[2026-03-22 06:31:05.179 DBG] Users :: Time to save 20.7538ms
[2026-03-22 06:31:05.203 DBG] Actions :: Time to save 24.8917ms
[2026-03-22 06:31:05.220 DBG] Commands :: Time to save 16.4ms
[2026-03-22 06:31:05.237 DBG] Twitch Rewards :: Time to save 17.5064ms
[2026-03-22 06:31:05.252 DBG] Midi :: Time to save 14.327ms
[2026-03-22 06:31:05.266 DBG] OBS Settings :: Time to save 14.5142ms
[2026-03-22 06:31:05.280 DBG] MeldStudio Settings :: Time to save 14.6854ms
[2026-03-22 06:31:05.295 DBG] Credits :: Time to save 14.8532ms
[2026-03-22 06:31:05.314 DBG] Quotes :: Time to save 17.986ms
[2026-03-22 06:31:05.377 DBG] Config :: Time to save 18.4343ms
[2026-03-22 06:31:23.518 DBG] ActionDispatcher :: Queueing 'Sub Goal' (361aa588-5f31-4e19-b8a5-099cae52479d, TimedAction) to 'Default' (00000000-0000-0000-0000-000000000000), with 11 arguments
[2026-03-22 06:31:23.518 DBG] ActionQueue :: 'Default' (00000000-0000-0000-0000-000000000000) :: Enqueue action 361aa588-5f31-4e19-b8a5-099cae52479d
[2026-03-22 06:31:23.518 DBG] ActionQueue :: 'Default' (00000000-0000-0000-0000-000000000000) :: Handling queue
[2026-03-22 06:31:23.518 DBG] ActionQueue :: 'Default' (00000000-0000-0000-0000-000000000000) :: Performing non-blocking 'Sub Goal' (361aa588-5f31-4e19-b8a5-099cae52479d, 236c243a-9096-4d3e-84b4-2b065bf1b496)
[2026-03-22 06:31:42.596 DBG] ViewerRepo :: UpdatePresence(twitch, 5), 0.0381ms
[2026-03-22 06:31:42.652 DBG] TwitchService :: Presence Timer :: Artificially updated presence with a threshold of 5 minutes (56.9496ms)
[2026-03-22 06:32:42.608 DBG] ViewerRepo :: UpdatePresence(twitch, 5), 0.0402ms
[2026-03-22 06:32:42.661 DBG] TwitchService :: Presence Timer :: Artificially updated presence with a threshold of 5 minutes (53.7818ms)
[2026-03-22 06:33:42.614 DBG] ViewerRepo :: UpdatePresence(twitch, 5), 0.0379ms
[2026-03-22 06:33:42.666 DBG] TwitchService :: Presence Timer :: Artificially updated presence with a threshold of 5 minutes (53.054ms)
[2026-03-22 06:34:17.410 DBG] Credits :: Time to save 16.8089ms
[2026-03-22 06:34:42.620 DBG] ViewerRepo :: UpdatePresence(twitch, 5), 0.0383ms
[2026-03-22 06:34:42.679 DBG] TwitchService :: Presence Timer :: Artificially updated presence with a threshold of 5 minutes (59.0323ms)
[2026-03-22 06:35:42.623 DBG] ViewerRepo :: UpdatePresence(twitch, 5), 0.0364ms
[2026-03-22 06:35:42.678 DBG] TwitchService :: Presence Timer :: Artificially updated presence with a threshold of 5 minutes (54.7152ms)
[2026-03-22 06:36:05.401 DBG] AutoSave :: Auto saving settings...
[2026-03-22 06:36:05.419 DBG] Users :: Time to save 18.4216ms
[2026-03-22 06:36:05.443 DBG] Actions :: Time to save 24.395ms
[2026-03-22 06:36:05.461 DBG] Commands :: Time to save 18.3749ms
[2026-03-22 06:36:05.480 DBG] Twitch Rewards :: Time to save 17.4918ms
[2026-03-22 06:36:05.493 DBG] Midi :: Time to save 13.6383ms
[2026-03-22 06:36:05.507 DBG] OBS Settings :: Time to save 14.0961ms
[2026-03-22 06:36:05.523 DBG] MeldStudio Settings :: Time to save 15.0932ms
[2026-03-22 06:36:05.533 DBG] Credits :: Time to save 10.3076ms
[2026-03-22 06:36:05.547 DBG] Quotes :: Time to save 13.7763ms
[2026-03-22 06:36:05.623 DBG] Config :: Time to save 18.5296ms
[2026-03-22 06:36:42.629 DBG] ViewerRepo :: UpdatePresence(twitch, 5), 0.0389ms
[2026-03-22 06:36:42.685 DBG] TwitchService :: Presence Timer :: Artificially updated presence with a threshold of 5 minutes (56.21ms)
[2026-03-22 06:37:42.641 DBG] ViewerRepo :: UpdatePresence(twitch, 5), 0.0364ms
[2026-03-22 06:37:42.694 DBG] TwitchService :: Presence Timer :: Artificially updated presence with a threshold of 5 minutes (53.4017ms)
[2026-03-22 06:38:42.644 DBG] ViewerRepo :: UpdatePresence(twitch, 5), 0.0379ms
[2026-03-22 06:38:42.701 DBG] TwitchService :: Presence Timer :: Artificially updated presence with a threshold of 5 minutes (57.3919ms)
[2026-03-22 06:39:17.420 DBG] Credits :: Time to save 15.7753ms
[2026-03-22 06:39:42.651 DBG] ViewerRepo :: UpdatePresence(twitch, 5), 0.0366ms
[2026-03-22 06:39:42.705 DBG] TwitchService :: Presence Timer :: Artificially updated presence with a threshold of 5 minutes (54.4879ms)
[2026-03-22 06:40:42.658 DBG] ViewerRepo :: UpdatePresence(twitch, 5), 0.0356ms
[2026-03-22 06:40:42.709 DBG] TwitchService :: Presence Timer :: Artificially updated presence with a threshold of 5 minutes (51.9481ms)
[2026-03-22 06:41:05.679 DBG] AutoSave :: Auto saving settings...
[2026-03-22 06:41:05.698 DBG] Users :: Time to save 19.2592ms
[2026-03-22 06:41:05.722 DBG] Actions :: Time to save 24.4491ms
[2026-03-22 06:41:05.735 DBG] Commands :: Time to save 12.5914ms
[2026-03-22 06:41:05.752 DBG] Twitch Rewards :: Time to save 17.318ms
[2026-03-22 06:41:05.768 DBG] Midi :: Time to save 14.938ms
[2026-03-22 06:41:05.783 DBG] OBS Settings :: Time to save 15.3706ms
[2026-03-22 06:41:05.798 DBG] MeldStudio Settings :: Time to save 15.1225ms
[2026-03-22 06:41:05.812 DBG] Credits :: Time to save 13.883ms
[2026-03-22 06:41:05.829 DBG] Quotes :: Time to save 17.5165ms
[2026-03-22 06:41:05.899 DBG] Config :: Time to save 18.1545ms
[2026-03-22 06:41:23.957 DBG] ActionDispatcher :: Queueing 'Sub Goal' (361aa588-5f31-4e19-b8a5-099cae52479d, TimedAction) to 'Default' (00000000-0000-0000-0000-000000000000), with 11 arguments
[2026-03-22 06:41:23.957 DBG] ActionQueue :: 'Default' (00000000-0000-0000-0000-000000000000) :: Enqueue action 361aa588-5f31-4e19-b8a5-099cae52479d
[2026-03-22 06:41:23.957 DBG] ActionQueue :: 'Default' (00000000-0000-0000-0000-000000000000) :: Handling queue
[2026-03-22 06:41:23.957 DBG] ActionQueue :: 'Default' (00000000-0000-0000-0000-000000000000) :: Performing non-blocking 'Sub Goal' (361aa588-5f31-4e19-b8a5-099cae52479d, d59800e9-7f26-4632-8c52-4ee744e29de8)
[2026-03-22 06:41:42.668 DBG] ViewerRepo :: UpdatePresence(twitch, 5), 0.04ms
[2026-03-22 06:41:42.725 DBG] TwitchService :: Presence Timer :: Artificially updated presence with a threshold of 5 minutes (57.2145ms)
[2026-03-22 06:42:42.683 DBG] ViewerRepo :: UpdatePresence(twitch, 5), 0.0362ms
[2026-03-22 06:42:42.740 DBG] TwitchService :: Presence Timer :: Artificially updated presence with a threshold of 5 minutes (57.263ms)
[2026-03-22 06:43:42.691 DBG] ViewerRepo :: UpdatePresence(twitch, 5), 0.0352ms
[2026-03-22 06:43:42.745 DBG] TwitchService :: Presence Timer :: Artificially updated presence with a threshold of 5 minutes (53.9828ms)
[2026-03-22 06:44:17.427 DBG] Credits :: Time to save 16.5547ms
[2026-03-22 06:44:42.694 DBG] ViewerRepo :: UpdatePresence(twitch, 5), 0.036ms
[2026-03-22 06:44:42.745 DBG] TwitchService :: Presence Timer :: Artificially updated presence with a threshold of 5 minutes (51.8917ms)
[2026-03-22 06:45:42.704 DBG] ViewerRepo :: UpdatePresence(twitch, 5), 0.0382ms
[2026-03-22 06:45:42.759 DBG] TwitchService :: Presence Timer :: Artificially updated presence with a threshold of 5 minutes (55.677ms)
[2026-03-22 06:46:05.938 DBG] AutoSave :: Auto saving settings...
[2026-03-22 06:46:05.956 DBG] Users :: Time to save 19.7106ms
[2026-03-22 06:46:05.981 DBG] Actions :: Time to save 24.0274ms
[2026-03-22 06:46:05.995 DBG] Commands :: Time to save 13.1783ms
[2026-03-22 06:46:06.011 DBG] Twitch Rewards :: Time to save 16.7328ms
[2026-03-22 06:46:06.025 DBG] Midi :: Time to save 14.503ms
[2026-03-22 06:46:06.041 DBG] OBS Settings :: Time to save 14.8461ms
[2026-03-22 06:46:06.056 DBG] MeldStudio Settings :: Time to save 14.6056ms
[2026-03-22 06:46:06.070 DBG] Credits :: Time to save 14.8205ms
[2026-03-22 06:46:06.086 DBG] Quotes :: Time to save 16.396ms
[2026-03-22 06:46:06.161 DBG] Config :: Time to save 18.9221ms
[2026-03-22 06:46:42.714 DBG] ViewerRepo :: UpdatePresence(twitch, 5), 0.0348ms
[2026-03-22 06:46:42.770 DBG] TwitchService :: Presence Timer :: Artificially updated presence with a threshold of 5 minutes (56.3521ms)
[2026-03-22 06:47:42.721 DBG] ViewerRepo :: UpdatePresence(twitch, 5), 0.0376ms
[2026-03-22 06:47:42.776 DBG] TwitchService :: Presence Timer :: Artificially updated presence with a threshold of 5 minutes (55.3289ms)
[2026-03-22 06:48:42.728 DBG] ViewerRepo :: UpdatePresence(twitch, 5), 0.0448ms
[2026-03-22 06:48:42.784 DBG] TwitchService :: Presence Timer :: Artificially updated presence with a threshold of 5 minutes (56.3373ms)
[2026-03-22 06:49:17.435 DBG] Credits :: Time to save 16.1273ms
[2026-03-22 06:49:42.738 DBG] ViewerRepo :: UpdatePresence(twitch, 5), 0.0357ms
[2026-03-22 06:49:42.792 DBG] TwitchService :: Presence Timer :: Artificially updated presence with a threshold of 5 minutes (55.1734ms)
[2026-03-22 06:50:42.747 DBG] ViewerRepo :: UpdatePresence(twitch, 5), 0.0378ms
[2026-03-22 06:50:42.805 DBG] TwitchService :: Presence Timer :: Artificially updated presence with a threshold of 5 minutes (58.266ms)
[2026-03-22 06:51:06.192 DBG] AutoSave :: Auto saving settings...
[2026-03-22 06:51:06.211 DBG] Users :: Time to save 18.5975ms
[2026-03-22 06:51:06.228 DBG] Actions :: Time to save 17.569ms
[2026-03-22 06:51:06.245 DBG] Commands :: Time to save 16.6259ms
[2026-03-22 06:51:06.262 DBG] Twitch Rewards :: Time to save 17.0375ms
[2026-03-22 06:51:06.276 DBG] Midi :: Time to save 14.0909ms
[2026-03-22 06:51:06.292 DBG] OBS Settings :: Time to save 15.6335ms
[2026-03-22 06:51:06.306 DBG] MeldStudio Settings :: Time to save 15.1704ms
[2026-03-22 06:51:06.321 DBG] Credits :: Time to save 13.9377ms
[2026-03-22 06:51:06.336 DBG] Quotes :: Time to save 15.1373ms
[2026-03-22 06:51:06.418 DBG] Config :: Time to save 19.1258ms
[2026-03-22 06:51:24.260 DBG] ActionDispatcher :: Queueing 'Sub Goal' (361aa588-5f31-4e19-b8a5-099cae52479d, TimedAction) to 'Default' (00000000-0000-0000-0000-000000000000), with 11 arguments
[2026-03-22 06:51:24.260 DBG] ActionQueue :: 'Default' (00000000-0000-0000-0000-000000000000) :: Enqueue action 361aa588-5f31-4e19-b8a5-099cae52479d
[2026-03-22 06:51:24.260 DBG] ActionQueue :: 'Default' (00000000-0000-0000-0000-000000000000) :: Handling queue
[2026-03-22 06:51:24.260 DBG] ActionQueue :: 'Default' (00000000-0000-0000-0000-000000000000) :: Performing non-blocking 'Sub Goal' (361aa588-5f31-4e19-b8a5-099cae52479d, 69609ef6-1e78-4d2a-b264-b12ab82c86f9)
[2026-03-22 06:51:42.749 DBG] ViewerRepo :: UpdatePresence(twitch, 5), 0.0369ms
[2026-03-22 06:51:42.805 DBG] TwitchService :: Presence Timer :: Artificially updated presence with a threshold of 5 minutes (56.7546ms)
[2026-03-22 06:52:42.762 DBG] ViewerRepo :: UpdatePresence(twitch, 5), 0.0368ms
[2026-03-22 06:52:42.814 DBG] TwitchService :: Presence Timer :: Artificially updated presence with a threshold of 5 minutes (52.6511ms)
[2026-03-22 06:53:42.767 DBG] ViewerRepo :: UpdatePresence(twitch, 5), 0.0376ms
[2026-03-22 06:53:42.822 DBG] TwitchService :: Presence Timer :: Artificially updated presence with a threshold of 5 minutes (54.9261ms)
[2026-03-22 06:54:17.447 DBG] Credits :: Time to save 16.4154ms
[2026-03-22 06:54:42.773 DBG] ViewerRepo :: UpdatePresence(twitch, 5), 0.0479ms
[2026-03-22 06:54:42.831 DBG] TwitchService :: Presence Timer :: Artificially updated presence with a threshold of 5 minutes (58.1308ms)
[2026-03-22 06:55:42.784 DBG] ViewerRepo :: UpdatePresence(twitch, 5), 0.044ms
[2026-03-22 06:55:42.842 DBG] TwitchService :: Presence Timer :: Artificially updated presence with a threshold of 5 minutes (57.9564ms)
[2026-03-22 06:56:06.416 DBG] AutoSave :: Auto saving settings...
[2026-03-22 06:56:06.433 DBG] Users :: Time to save 17.4995ms
[2026-03-22 06:56:06.456 DBG] Actions :: Time to save 23.1572ms
[2026-03-22 06:56:06.473 DBG] Commands :: Time to save 16.4939ms
[2026-03-22 06:56:06.490 DBG] Twitch Rewards :: Time to save 17.0205ms
[2026-03-22 06:56:06.504 DBG] Midi :: Time to save 14.7021ms
[2026-03-22 06:56:06.520 DBG] OBS Settings :: Time to save 14.9198ms
[2026-03-22 06:56:06.533 DBG] MeldStudio Settings :: Time to save 14.119ms
[2026-03-22 06:56:06.549 DBG] Credits :: Time to save 14.5389ms
[2026-03-22 06:56:06.565 DBG] Quotes :: Time to save 16.5522ms
[2026-03-22 06:56:06.638 DBG] Config :: Time to save 18.869ms
[2026-03-22 06:56:42.795 DBG] ViewerRepo :: UpdatePresence(twitch, 5), 0.0381ms
[2026-03-22 06:56:42.847 DBG] TwitchService :: Presence Timer :: Artificially updated presence with a threshold of 5 minutes (52.7344ms)
[2026-03-22 06:57:42.798 DBG] ViewerRepo :: UpdatePresence(twitch, 5), 0.0341ms
[2026-03-22 06:57:42.849 DBG] TwitchService :: Presence Timer :: Artificially updated presence with a threshold of 5 minutes (51.5341ms)
[2026-03-22 06:58:42.807 DBG] ViewerRepo :: UpdatePresence(twitch, 5), 0.0506ms
[2026-03-22 06:58:42.868 DBG] TwitchService :: Presence Timer :: Artificially updated presence with a threshold of 5 minutes (60.043ms)
[2026-03-22 06:59:17.446 DBG] Credits :: Time to save 15.8124ms
[2026-03-22 06:59:42.811 DBG] ViewerRepo :: UpdatePresence(twitch, 5), 0.0536ms
[2026-03-22 06:59:42.868 DBG] TwitchService :: Presence Timer :: Artificially updated presence with a threshold of 5 minutes (56.5446ms)
[2026-03-22 06:59:43.098 DBG] StreamElements Socket :: Disconnected
[2026-03-22 06:59:43.099 INF] StreamElements Service :: Disconnected from Client
[2026-03-22 06:59:45.112 DBG] StreamElements Service :: Retrying client connection
[2026-03-22 06:59:45.112 INF] StreamElements Service :: Connecting to Client
[2026-03-22 06:59:45.112 DBG] StreamElements Socket :: Opening connection
[2026-03-22 06:59:45.369 INF] StreamElements Service :: Connected to Client
[2026-03-22 07:00:42.818 DBG] ViewerRepo :: UpdatePresence(twitch, 5), 0.0352ms
[2026-03-22 07:00:42.872 DBG] TwitchService :: Presence Timer :: Artificially updated presence with a threshold of 5 minutes (54.4531ms)
[2026-03-22 07:01:06.639 DBG] AutoSave :: Auto saving settings...
[2026-03-22 07:01:06.658 DBG] Users :: Time to save 19.0713ms
[2026-03-22 07:01:06.682 DBG] Actions :: Time to save 24.2732ms
[2026-03-22 07:01:06.700 DBG] Commands :: Time to save 17.7143ms
[2026-03-22 07:01:06.718 DBG] Twitch Rewards :: Time to save 17.4083ms
[2026-03-22 07:01:06.732 DBG] Midi :: Time to save 14.6663ms
[2026-03-22 07:01:06.744 DBG] OBS Settings :: Time to save 12.0096ms
[2026-03-22 07:01:06.759 DBG] MeldStudio Settings :: Time to save 14.9883ms
[2026-03-22 07:01:06.774 DBG] Credits :: Time to save 14.8691ms
[2026-03-22 07:01:06.790 DBG] Quotes :: Time to save 16.3252ms
[2026-03-22 07:01:06.860 DBG] Config :: Time to save 19.4697ms
[2026-03-22 07:01:24.786 DBG] ActionDispatcher :: Queueing 'Sub Goal' (361aa588-5f31-4e19-b8a5-099cae52479d, TimedAction) to 'Default' (00000000-0000-0000-0000-000000000000), with 11 arguments
[2026-03-22 07:01:24.786 DBG] ActionQueue :: 'Default' (00000000-0000-0000-0000-000000000000) :: Enqueue action 361aa588-5f31-4e19-b8a5-099cae52479d
[2026-03-22 07:01:24.786 DBG] ActionQueue :: 'Default' (00000000-0000-0000-0000-000000000000) :: Handling queue
[2026-03-22 07:01:24.786 DBG] ActionQueue :: 'Default' (00000000-0000-0000-0000-000000000000) :: Performing non-blocking 'Sub Goal' (361aa588-5f31-4e19-b8a5-099cae52479d, 3b168277-705b-49e0-9c04-b9a1a2f89369)
[2026-03-22 07:01:42.827 DBG] ViewerRepo :: UpdatePresence(twitch, 5), 0.037ms
[2026-03-22 07:01:42.882 DBG] TwitchService :: Presence Timer :: Artificially updated presence with a threshold of 5 minutes (55.5899ms)
[2026-03-22 07:02:42.835 DBG] ViewerRepo :: UpdatePresence(twitch, 5), 0.0366ms
[2026-03-22 07:02:42.888 DBG] TwitchService :: Presence Timer :: Artificially updated presence with a threshold of 5 minutes (52.6707ms)
[2026-03-22 07:03:42.844 DBG] ViewerRepo :: UpdatePresence(twitch, 5), 0.0376ms
[2026-03-22 07:03:42.898 DBG] TwitchService :: Presence Timer :: Artificially updated presence with a threshold of 5 minutes (54.7484ms)
[2026-03-22 07:04:17.456 DBG] Credits :: Time to save 15.6331ms
[2026-03-22 07:04:42.849 DBG] ViewerRepo :: UpdatePresence(twitch, 5), 0.0361ms
[2026-03-22 07:04:42.904 DBG] TwitchService :: Presence Timer :: Artificially updated presence with a threshold of 5 minutes (55.7006ms)
[2026-03-22 07:05:42.854 DBG] ViewerRepo :: UpdatePresence(twitch, 5), 0.0379ms
[2026-03-22 07:05:42.907 DBG] TwitchService :: Presence Timer :: Artificially updated presence with a threshold of 5 minutes (53.7542ms)
[2026-03-22 07:06:06.884 DBG] AutoSave :: Auto saving settings...
[2026-03-22 07:06:06.904 DBG] Users :: Time to save 20.0944ms
[2026-03-22 07:06:06.928 DBG] Actions :: Time to save 23.6901ms
[2026-03-22 07:06:06.944 DBG] Commands :: Time to save 17.3013ms
[2026-03-22 07:06:06.963 DBG] Twitch Rewards :: Time to save 18.259ms
[2026-03-22 07:06:06.978 DBG] Midi :: Time to save 14.9422ms
[2026-03-22 07:06:06.994 DBG] OBS Settings :: Time to save 15.3373ms
[2026-03-22 07:06:07.008 DBG] MeldStudio Settings :: Time to save 14.7671ms
[2026-03-22 07:06:07.024 DBG] Credits :: Time to save 14.8425ms
[2026-03-22 07:06:07.035 DBG] Quotes :: Time to save 11.9741ms
[2026-03-22 07:06:07.109 DBG] Config :: Time to save 18.9417ms
[2026-03-22 07:06:42.868 DBG] ViewerRepo :: UpdatePresence(twitch, 5), 0.0364ms
[2026-03-22 07:06:42.924 DBG] TwitchService :: Presence Timer :: Artificially updated presence with a threshold of 5 minutes (56.3695ms)
[2026-03-22 07:07:42.878 DBG] ViewerRepo :: UpdatePresence(twitch, 5), 0.0413ms
[2026-03-22 07:07:42.928 DBG] TwitchService :: Presence Timer :: Artificially updated presence with a threshold of 5 minutes (50.8126ms)
[2026-03-22 07:08:42.883 DBG] ViewerRepo :: UpdatePresence(twitch, 5), 0.0458ms
[2026-03-22 07:08:42.943 DBG] TwitchService :: Presence Timer :: Artificially updated presence with a threshold of 5 minutes (59.6614ms)
[2026-03-22 07:09:17.473 DBG] Credits :: Time to save 17.0284ms
[2026-03-22 07:09:42.895 DBG] ViewerRepo :: UpdatePresence(twitch, 5), 0.0363ms
[2026-03-22 07:09:42.947 DBG] TwitchService :: Presence Timer :: Artificially updated presence with a threshold of 5 minutes (52.7287ms)
[2026-03-22 07:10:42.899 DBG] ViewerRepo :: UpdatePresence(twitch, 5), 0.0364ms
[2026-03-22 07:10:42.954 DBG] TwitchService :: Presence Timer :: Artificially updated presence with a threshold of 5 minutes (54.6338ms)
[2026-03-22 07:11:07.132 DBG] AutoSave :: Auto saving settings...
[2026-03-22 07:11:07.152 DBG] Users :: Time to save 20.1885ms
[2026-03-22 07:11:07.175 DBG] Actions :: Time to save 23.6408ms
[2026-03-22 07:11:07.194 DBG] Commands :: Time to save 17.6423ms
[2026-03-22 07:11:07.211 DBG] Twitch Rewards :: Time to save 17.7691ms
[2026-03-22 07:11:07.226 DBG] Midi :: Time to save 15.3479ms
[2026-03-22 07:11:07.241 DBG] OBS Settings :: Time to save 14.7195ms
[2026-03-22 07:11:07.256 DBG] MeldStudio Settings :: Time to save 14.9607ms
[2026-03-22 07:11:07.271 DBG] Credits :: Time to save 14.5377ms
[2026-03-22 07:11:07.289 DBG] Quotes :: Time to save 17.8291ms
[2026-03-22 07:11:07.353 DBG] Config :: Time to save 18.7047ms
[2026-03-22 07:11:25.603 DBG] ActionDispatcher :: Queueing 'Sub Goal' (361aa588-5f31-4e19-b8a5-099cae52479d, TimedAction) to 'Default' (00000000-0000-0000-0000-000000000000), with 11 arguments
[2026-03-22 07:11:25.603 DBG] ActionQueue :: 'Default' (00000000-0000-0000-0000-000000000000) :: Enqueue action 361aa588-5f31-4e19-b8a5-099cae52479d
[2026-03-22 07:11:25.603 DBG] ActionQueue :: 'Default' (00000000-0000-0000-0000-000000000000) :: Handling queue
[2026-03-22 07:11:25.603 DBG] ActionQueue :: 'Default' (00000000-0000-0000-0000-000000000000) :: Performing non-blocking 'Sub Goal' (361aa588-5f31-4e19-b8a5-099cae52479d, 1c5c680b-a92d-4839-ada0-cde895dbe1f0)
[2026-03-22 07:11:42.915 DBG] ViewerRepo :: UpdatePresence(twitch, 5), 0.0369ms
[2026-03-22 07:11:42.968 DBG] TwitchService :: Presence Timer :: Artificially updated presence with a threshold of 5 minutes (52.8585ms)
[2026-03-22 07:12:42.931 DBG] ViewerRepo :: UpdatePresence(twitch, 5), 0.0345ms
[2026-03-22 07:12:42.981 DBG] TwitchService :: Presence Timer :: Artificially updated presence with a threshold of 5 minutes (50.6664ms)
[2026-03-22 07:13:42.937 DBG] ViewerRepo :: UpdatePresence(twitch, 5), 0.0606ms
[2026-03-22 07:13:42.995 DBG] TwitchService :: Presence Timer :: Artificially updated presence with a threshold of 5 minutes (57.3254ms)
[2026-03-22 07:14:17.481 DBG] Credits :: Time to save 16.1497ms
[2026-03-22 07:14:42.945 DBG] ViewerRepo :: UpdatePresence(twitch, 5), 0.0352ms
[2026-03-22 07:14:42.998 DBG] TwitchService :: Presence Timer :: Artificially updated presence with a threshold of 5 minutes (53.9241ms)
[2026-03-22 07:15:42.955 DBG] ViewerRepo :: UpdatePresence(twitch, 5), 0.0407ms
[2026-03-22 07:15:43.008 DBG] TwitchService :: Presence Timer :: Artificially updated presence with a threshold of 5 minutes (53.6177ms)
[2026-03-22 07:16:07.351 DBG] AutoSave :: Auto saving settings...
[2026-03-22 07:16:07.370 DBG] Users :: Time to save 19.1916ms
[2026-03-22 07:16:07.395 DBG] Actions :: Time to save 25.5092ms
[2026-03-22 07:16:07.412 DBG] Commands :: Time to save 16.7602ms
[2026-03-22 07:16:07.430 DBG] Twitch Rewards :: Time to save 17.107ms
[2026-03-22 07:16:07.444 DBG] Midi :: Time to save 13.9449ms
[2026-03-22 07:16:07.459 DBG] OBS Settings :: Time to save 15.0362ms
[2026-03-22 07:16:07.474 DBG] MeldStudio Settings :: Time to save 14.9771ms
[2026-03-22 07:16:07.488 DBG] Credits :: Time to save 15.2076ms
[2026-03-22 07:16:07.505 DBG] Quotes :: Time to save 16.3539ms
[2026-03-22 07:16:07.574 DBG] Config :: Time to save 19.8673ms
[2026-03-22 07:16:42.956 DBG] ViewerRepo :: UpdatePresence(twitch, 5), 0.0363ms
[2026-03-22 07:16:43.011 DBG] TwitchService :: Presence Timer :: Artificially updated presence with a threshold of 5 minutes (54.9896ms)
[2026-03-22 07:17:42.968 DBG] ViewerRepo :: UpdatePresence(twitch, 5), 0.059ms
[2026-03-22 07:17:43.026 DBG] TwitchService :: Presence Timer :: Artificially updated presence with a threshold of 5 minutes (57.5578ms)
[2026-03-22 07:18:42.969 DBG] ViewerRepo :: UpdatePresence(twitch, 5), 0.0355ms
[2026-03-22 07:18:43.025 DBG] TwitchService :: Presence Timer :: Artificially updated presence with a threshold of 5 minutes (56.3861ms)
[2026-03-22 07:19:17.484 DBG] Credits :: Time to save 17.0305ms
[2026-03-22 07:19:42.976 DBG] ViewerRepo :: UpdatePresence(twitch, 5), 0.0424ms
[2026-03-22 07:19:43.040 DBG] TwitchService :: Presence Timer :: Artificially updated presence with a threshold of 5 minutes (63.6706ms)
[2026-03-22 07:20:42.980 DBG] ViewerRepo :: UpdatePresence(twitch, 5), 0.0393ms
[2026-03-22 07:20:43.036 DBG] TwitchService :: Presence Timer :: Artificially updated presence with a threshold of 5 minutes (56.0541ms)
[2026-03-22 07:21:07.582 DBG] AutoSave :: Auto saving settings...
[2026-03-22 07:21:07.600 DBG] Users :: Time to save 18.4832ms
[2026-03-22 07:21:07.626 DBG] Actions :: Time to save 26.0229ms
[2026-03-22 07:21:07.644 DBG] Commands :: Time to save 17.2125ms
[2026-03-22 07:21:07.661 DBG] Twitch Rewards :: Time to save 17.4014ms
[2026-03-22 07:21:07.676 DBG] Midi :: Time to save 15.9766ms
[2026-03-22 07:21:07.692 DBG] OBS Settings :: Time to save 15.7686ms
[2026-03-22 07:21:07.708 DBG] MeldStudio Settings :: Time to save 15.8327ms
[2026-03-22 07:21:07.723 DBG] Credits :: Time to save 14.8427ms
[2026-03-22 07:21:07.740 DBG] Quotes :: Time to save 16.4532ms
[2026-03-22 07:21:07.804 DBG] Config :: Time to save 20.2325ms
[2026-03-22 07:21:26.346 DBG] ActionDispatcher :: Queueing 'Sub Goal' (361aa588-5f31-4e19-b8a5-099cae52479d, TimedAction) to 'Default' (00000000-0000-0000-0000-000000000000), with 11 arguments
[2026-03-22 07:21:26.346 DBG] ActionQueue :: 'Default' (00000000-0000-0000-0000-000000000000) :: Enqueue action 361aa588-5f31-4e19-b8a5-099cae52479d
[2026-03-22 07:21:26.346 DBG] ActionQueue :: 'Default' (00000000-0000-0000-0000-000000000000) :: Handling queue
[2026-03-22 07:21:26.346 DBG] ActionQueue :: 'Default' (00000000-0000-0000-0000-000000000000) :: Performing non-blocking 'Sub Goal' (361aa588-5f31-4e19-b8a5-099cae52479d, 3dd567f0-0d6c-4f1f-88e3-2536cdbf3da2)
[2026-03-22 07:21:42.989 DBG] ViewerRepo :: UpdatePresence(twitch, 5), 0.0359ms
[2026-03-22 07:21:43.046 DBG] TwitchService :: Presence Timer :: Artificially updated presence with a threshold of 5 minutes (57.0449ms)
[2026-03-22 07:22:42.990 DBG] ViewerRepo :: UpdatePresence(twitch, 5), 0.0331ms
[2026-03-22 07:22:43.549 DBG] TwitchService :: Presence Timer :: Artificially updated presence with a threshold of 5 minutes (558.7329ms)
[2026-03-22 07:23:42.991 DBG] ViewerRepo :: UpdatePresence(twitch, 5), 0.0344ms
[2026-03-22 07:23:43.045 DBG] TwitchService :: Presence Timer :: Artificially updated presence with a threshold of 5 minutes (54.8697ms)
[2026-03-22 07:24:17.484 DBG] Credits :: Time to save 13.375ms
[2026-03-22 07:24:43.003 DBG] ViewerRepo :: UpdatePresence(twitch, 5), 0.0349ms
[2026-03-22 07:24:43.061 DBG] TwitchService :: Presence Timer :: Artificially updated presence with a threshold of 5 minutes (57.1992ms)
[2026-03-22 07:25:43.004 DBG] ViewerRepo :: UpdatePresence(twitch, 5), 0.0583ms
[2026-03-22 07:25:43.066 DBG] TwitchService :: Presence Timer :: Artificially updated presence with a threshold of 5 minutes (61.9073ms)
[2026-03-22 07:26:07.833 DBG] AutoSave :: Auto saving settings...
[2026-03-22 07:26:07.850 DBG] Users :: Time to save 17.5312ms
[2026-03-22 07:26:07.875 DBG] Actions :: Time to save 24.5646ms
[2026-03-22 07:26:07.892 DBG] Commands :: Time to save 16.6282ms
[2026-03-22 07:26:07.908 DBG] Twitch Rewards :: Time to save 16.0199ms
[2026-03-22 07:26:07.922 DBG] Midi :: Time to save 14.1214ms
[2026-03-22 07:26:07.936 DBG] OBS Settings :: Time to save 14.4693ms
[2026-03-22 07:26:07.951 DBG] MeldStudio Settings :: Time to save 14.7693ms
[2026-03-22 07:26:07.965 DBG] Credits :: Time to save 14.7504ms
[2026-03-22 07:26:07.982 DBG] Quotes :: Time to save 16.6212ms
[2026-03-22 07:26:08.056 DBG] Config :: Time to save 18.775ms
[2026-03-22 07:26:43.012 DBG] ViewerRepo :: UpdatePresence(twitch, 5), 0.0375ms
[2026-03-22 07:26:43.069 DBG] TwitchService :: Presence Timer :: Artificially updated presence with a threshold of 5 minutes (56.8323ms)
[2026-03-22 07:27:43.023 DBG] ViewerRepo :: UpdatePresence(twitch, 5), 0.0361ms
[2026-03-22 07:27:43.078 DBG] TwitchService :: Presence Timer :: Artificially updated presence with a threshold of 5 minutes (55.2928ms)
[2026-03-22 07:28:43.032 DBG] ViewerRepo :: UpdatePresence(twitch, 5), 0.0379ms
[2026-03-22 07:28:43.086 DBG] TwitchService :: Presence Timer :: Artificially updated presence with a threshold of 5 minutes (53.3808ms)
[2026-03-22 07:29:17.494 DBG] Credits :: Time to save 18.623ms
[2026-03-22 07:29:43.042 DBG] ViewerRepo :: UpdatePresence(twitch, 5), 0.0372ms
[2026-03-22 07:29:43.099 DBG] TwitchService :: Presence Timer :: Artificially updated presence with a threshold of 5 minutes (56.3341ms)
[2026-03-22 07:30:43.048 DBG] ViewerRepo :: UpdatePresence(twitch, 5), 0.0362ms
[2026-03-22 07:30:43.107 DBG] TwitchService :: Presence Timer :: Artificially updated presence with a threshold of 5 minutes (58.7365ms)
[2026-03-22 07:31:08.069 DBG] AutoSave :: Auto saving settings...
[2026-03-22 07:31:08.086 DBG] Users :: Time to save 18.3111ms
[2026-03-22 07:31:08.110 DBG] Actions :: Time to save 23.6911ms
[2026-03-22 07:31:08.127 DBG] Commands :: Time to save 16.5285ms
[2026-03-22 07:31:08.140 DBG] Twitch Rewards :: Time to save 13.5549ms
[2026-03-22 07:31:08.154 DBG] Midi :: Time to save 13.4512ms
[2026-03-22 07:31:08.169 DBG] OBS Settings :: Time to save 14.7372ms
[2026-03-22 07:31:08.184 DBG] MeldStudio Settings :: Time to save 14.273ms
[2026-03-22 07:31:08.198 DBG] Credits :: Time to save 14.4144ms
[2026-03-22 07:31:08.214 DBG] Quotes :: Time to save 16.9221ms
[2026-03-22 07:31:08.289 DBG] Config :: Time to save 19.34ms
[2026-03-22 07:31:26.964 DBG] ActionDispatcher :: Queueing 'Sub Goal' (361aa588-5f31-4e19-b8a5-099cae52479d, TimedAction) to 'Default' (00000000-0000-0000-0000-000000000000), with 11 arguments
[2026-03-22 07:31:26.964 DBG] ActionQueue :: 'Default' (00000000-0000-0000-0000-000000000000) :: Enqueue action 361aa588-5f31-4e19-b8a5-099cae52479d
[2026-03-22 07:31:26.964 DBG] ActionQueue :: 'Default' (00000000-0000-0000-0000-000000000000) :: Handling queue
[2026-03-22 07:31:26.964 DBG] ActionQueue :: 'Default' (00000000-0000-0000-0000-000000000000) :: Performing non-blocking 'Sub Goal' (361aa588-5f31-4e19-b8a5-099cae52479d, 695449bd-9b75-411a-a9b8-5b6c62d11fd9)
[2026-03-22 07:31:43.060 DBG] ViewerRepo :: UpdatePresence(twitch, 5), 0.0359ms
[2026-03-22 07:31:43.121 DBG] TwitchService :: Presence Timer :: Artificially updated presence with a threshold of 5 minutes (61.6199ms)
[2026-03-22 07:32:43.075 DBG] ViewerRepo :: UpdatePresence(twitch, 5), 0.0409ms
[2026-03-22 07:32:43.127 DBG] TwitchService :: Presence Timer :: Artificially updated presence with a threshold of 5 minutes (52.1753ms)
[2026-03-22 07:33:43.082 DBG] ViewerRepo :: UpdatePresence(twitch, 5), 0.0655ms
[2026-03-22 07:33:43.138 DBG] TwitchService :: Presence Timer :: Artificially updated presence with a threshold of 5 minutes (56.0897ms)
[2026-03-22 07:34:17.501 DBG] Credits :: Time to save 19.6227ms
[2026-03-22 07:34:43.088 DBG] ViewerRepo :: UpdatePresence(twitch, 5), 0.0446ms
[2026-03-22 07:34:43.144 DBG] TwitchService :: Presence Timer :: Artificially updated presence with a threshold of 5 minutes (56.0577ms)
[2026-03-22 07:35:43.101 DBG] ViewerRepo :: UpdatePresence(twitch, 5), 0.0372ms
[2026-03-22 07:35:43.155 DBG] TwitchService :: Presence Timer :: Artificially updated presence with a threshold of 5 minutes (53.7374ms)
[2026-03-22 07:36:08.298 DBG] AutoSave :: Auto saving settings...
[2026-03-22 07:36:08.317 DBG] Users :: Time to save 18.9455ms
[2026-03-22 07:36:08.341 DBG] Actions :: Time to save 23.1967ms
[2026-03-22 07:36:08.358 DBG] Commands :: Time to save 17.3618ms
[2026-03-22 07:36:08.375 DBG] Twitch Rewards :: Time to save 16.9857ms
[2026-03-22 07:36:08.390 DBG] Midi :: Time to save 14.6764ms
[2026-03-22 07:36:08.404 DBG] OBS Settings :: Time to save 14.5458ms
[2026-03-22 07:36:08.417 DBG] MeldStudio Settings :: Time to save 13.1973ms
[2026-03-22 07:36:08.432 DBG] Credits :: Time to save 15.0848ms
[2026-03-22 07:36:08.450 DBG] Quotes :: Time to save 17.8313ms
[2026-03-22 07:36:08.522 DBG] Config :: Time to save 19.117ms
[2026-03-22 07:36:43.117 DBG] ViewerRepo :: UpdatePresence(twitch, 5), 0.0358ms
[2026-03-22 07:36:43.173 DBG] TwitchService :: Presence Timer :: Artificially updated presence with a threshold of 5 minutes (57.1394ms)
[2026-03-22 07:37:43.134 DBG] ViewerRepo :: UpdatePresence(twitch, 5), 0.0365ms
[2026-03-22 07:37:43.188 DBG] TwitchService :: Presence Timer :: Artificially updated presence with a threshold of 5 minutes (53.3985ms)
[2026-03-22 07:38:43.148 DBG] ViewerRepo :: UpdatePresence(twitch, 5), 0.0463ms
[2026-03-22 07:38:43.206 DBG] TwitchService :: Presence Timer :: Artificially updated presence with a threshold of 5 minutes (57.5774ms)
[2026-03-22 07:39:17.508 DBG] Credits :: Time to save 16.8481ms
[2026-03-22 07:39:43.155 DBG] ViewerRepo :: UpdatePresence(twitch, 5), 0.0359ms
[2026-03-22 07:39:43.205 DBG] TwitchService :: Presence Timer :: Artificially updated presence with a threshold of 5 minutes (51.8994ms)
[2026-03-22 07:40:43.162 DBG] ViewerRepo :: UpdatePresence(twitch, 5), 0.0363ms
[2026-03-22 07:40:43.213 DBG] TwitchService :: Presence Timer :: Artificially updated presence with a threshold of 5 minutes (51.5782ms)
[2026-03-22 07:41:08.571 DBG] AutoSave :: Auto saving settings...
[2026-03-22 07:41:08.584 DBG] Users :: Time to save 13.6246ms
[2026-03-22 07:41:08.609 DBG] Actions :: Time to save 24.7931ms
[2026-03-22 07:41:08.627 DBG] Commands :: Time to save 17.7374ms
[2026-03-22 07:41:08.644 DBG] Twitch Rewards :: Time to save 17.6413ms
[2026-03-22 07:41:08.659 DBG] Midi :: Time to save 14.5079ms
[2026-03-22 07:41:08.674 DBG] OBS Settings :: Time to save 15.4291ms
[2026-03-22 07:41:08.689 DBG] MeldStudio Settings :: Time to save 14.944ms
[2026-03-22 07:41:08.704 DBG] Credits :: Time to save 14.5601ms
[2026-03-22 07:41:08.721 DBG] Quotes :: Time to save 17.5798ms
[2026-03-22 07:41:08.791 DBG] Config :: Time to save 19.2751ms
[2026-03-22 07:41:27.849 DBG] ActionDispatcher :: Queueing 'Sub Goal' (361aa588-5f31-4e19-b8a5-099cae52479d, TimedAction) to 'Default' (00000000-0000-0000-0000-000000000000), with 11 arguments
[2026-03-22 07:41:27.849 DBG] ActionQueue :: 'Default' (00000000-0000-0000-0000-000000000000) :: Enqueue action 361aa588-5f31-4e19-b8a5-099cae52479d
[2026-03-22 07:41:27.849 DBG] ActionQueue :: 'Default' (00000000-0000-0000-0000-000000000000) :: Handling queue
[2026-03-22 07:41:27.849 DBG] ActionQueue :: 'Default' (00000000-0000-0000-0000-000000000000) :: Performing non-blocking 'Sub Goal' (361aa588-5f31-4e19-b8a5-099cae52479d, 2caaa4a6-2cf2-41ff-a58c-b670e0f0c12e)
[2026-03-22 07:41:43.175 DBG] ViewerRepo :: UpdatePresence(twitch, 5), 0.0354ms
[2026-03-22 07:41:43.230 DBG] TwitchService :: Presence Timer :: Artificially updated presence with a threshold of 5 minutes (55.8939ms)
[2026-03-22 07:42:43.188 DBG] ViewerRepo :: UpdatePresence(twitch, 5), 0.0354ms
[2026-03-22 07:42:43.241 DBG] TwitchService :: Presence Timer :: Artificially updated presence with a threshold of 5 minutes (53.0985ms)
[2026-03-22 07:43:43.194 DBG] ViewerRepo :: UpdatePresence(twitch, 5), 0.0348ms
[2026-03-22 07:43:43.250 DBG] TwitchService :: Presence Timer :: Artificially updated presence with a threshold of 5 minutes (56.1203ms)
[2026-03-22 07:44:17.520 DBG] Credits :: Time to save 17.0152ms
[2026-03-22 07:44:43.202 DBG] ViewerRepo :: UpdatePresence(twitch, 5), 0.0351ms
[2026-03-22 07:44:43.255 DBG] TwitchService :: Presence Timer :: Artificially updated presence with a threshold of 5 minutes (54.5489ms)
[2026-03-22 07:45:43.216 DBG] ViewerRepo :: UpdatePresence(twitch, 5), 0.0509ms
[2026-03-22 07:45:43.267 DBG] TwitchService :: Presence Timer :: Artificially updated presence with a threshold of 5 minutes (51.3022ms)
[2026-03-22 07:46:08.817 DBG] AutoSave :: Auto saving settings...
[2026-03-22 07:46:08.836 DBG] Users :: Time to save 19.7569ms
[2026-03-22 07:46:08.860 DBG] Actions :: Time to save 23.3511ms
[2026-03-22 07:46:08.877 DBG] Commands :: Time to save 16.2748ms
[2026-03-22 07:46:08.896 DBG] Twitch Rewards :: Time to save 19.2316ms
[2026-03-22 07:46:08.910 DBG] Midi :: Time to save 14.9325ms
[2026-03-22 07:46:08.926 DBG] OBS Settings :: Time to save 14.5031ms
[2026-03-22 07:46:08.940 DBG] MeldStudio Settings :: Time to save 14.4322ms
[2026-03-22 07:46:08.954 DBG] Credits :: Time to save 14.0418ms
[2026-03-22 07:46:08.970 DBG] Quotes :: Time to save 16.7745ms
[2026-03-22 07:46:09.041 DBG] Config :: Time to save 20.5915ms
[2026-03-22 07:46:43.225 DBG] ViewerRepo :: UpdatePresence(twitch, 5), 0.0396ms
[2026-03-22 07:46:43.281 DBG] TwitchService :: Presence Timer :: Artificially updated presence with a threshold of 5 minutes (56.4943ms)
[2026-03-22 07:47:43.231 DBG] ViewerRepo :: UpdatePresence(twitch, 5), 0.0832ms
[2026-03-22 07:47:43.368 DBG] TwitchService :: Presence Timer :: Artificially updated presence with a threshold of 5 minutes (137.1676ms)
[2026-03-22 07:48:43.241 DBG] ViewerRepo :: UpdatePresence(twitch, 5), 0.0481ms
[2026-03-22 07:48:43.338 DBG] TwitchService :: Presence Timer :: Artificially updated presence with a threshold of 5 minutes (97.4886ms)
[2026-03-22 07:49:17.522 DBG] Credits :: Time to save 17.0336ms
[2026-03-22 07:49:43.257 DBG] ViewerRepo :: UpdatePresence(twitch, 5), 0.0392ms
[2026-03-22 07:49:43.350 DBG] TwitchService :: Presence Timer :: Artificially updated presence with a threshold of 5 minutes (93.3051ms)
[2026-03-22 07:50:43.270 DBG] ViewerRepo :: UpdatePresence(twitch, 5), 0.0366ms
[2026-03-22 07:50:43.367 DBG] TwitchService :: Presence Timer :: Artificially updated presence with a threshold of 5 minutes (97.0769ms)
[2026-03-22 07:51:09.077 DBG] AutoSave :: Auto saving settings...
[2026-03-22 07:51:09.094 DBG] Users :: Time to save 18.0491ms
[2026-03-22 07:51:09.119 DBG] Actions :: Time to save 24.0324ms
[2026-03-22 07:51:09.135 DBG] Commands :: Time to save 16.4954ms
[2026-03-22 07:51:09.151 DBG] Twitch Rewards :: Time to save 16.5704ms
[2026-03-22 07:51:09.166 DBG] Midi :: Time to save 14.4965ms
[2026-03-22 07:51:09.181 DBG] OBS Settings :: Time to save 14.7671ms
[2026-03-22 07:51:09.196 DBG] MeldStudio Settings :: Time to save 14.4633ms
[2026-03-22 07:51:09.210 DBG] Credits :: Time to save 14.6458ms
[2026-03-22 07:51:09.228 DBG] Quotes :: Time to save 17.3231ms
[2026-03-22 07:51:09.301 DBG] Config :: Time to save 20.4028ms
[2026-03-22 07:51:28.762 DBG] ActionDispatcher :: Queueing 'Sub Goal' (361aa588-5f31-4e19-b8a5-099cae52479d, TimedAction) to 'Default' (00000000-0000-0000-0000-000000000000), with 11 arguments
[2026-03-22 07:51:28.762 DBG] ActionQueue :: 'Default' (00000000-0000-0000-0000-000000000000) :: Enqueue action 361aa588-5f31-4e19-b8a5-099cae52479d
[2026-03-22 07:51:28.762 DBG] ActionQueue :: 'Default' (00000000-0000-0000-0000-000000000000) :: Handling queue
[2026-03-22 07:51:28.762 DBG] ActionQueue :: 'Default' (00000000-0000-0000-0000-000000000000) :: Performing non-blocking 'Sub Goal' (361aa588-5f31-4e19-b8a5-099cae52479d, e850a7c4-a73b-45b4-af9d-5385c54e08e7)
[2026-03-22 07:51:43.280 DBG] ViewerRepo :: UpdatePresence(twitch, 5), 0.0364ms
[2026-03-22 07:51:43.377 DBG] TwitchService :: Presence Timer :: Artificially updated presence with a threshold of 5 minutes (97.0498ms)
[2026-03-22 07:52:43.282 DBG] ViewerRepo :: UpdatePresence(twitch, 5), 0.0373ms
[2026-03-22 07:52:43.380 DBG] TwitchService :: Presence Timer :: Artificially updated presence with a threshold of 5 minutes (97.976ms)
[2026-03-22 07:53:43.300 DBG] ViewerRepo :: UpdatePresence(twitch, 5), 0.0396ms
[2026-03-22 07:53:43.392 DBG] TwitchService :: Presence Timer :: Artificially updated presence with a threshold of 5 minutes (92.4952ms)
[2026-03-22 07:54:17.535 DBG] Credits :: Time to save 16.1892ms
[2026-03-22 07:54:43.302 DBG] ViewerRepo :: UpdatePresence(twitch, 5), 0.0365ms
[2026-03-22 07:54:43.396 DBG] TwitchService :: Presence Timer :: Artificially updated presence with a threshold of 5 minutes (94.5714ms)
[2026-03-22 07:55:43.315 DBG] ViewerRepo :: UpdatePresence(twitch, 5), 0.038ms
[2026-03-22 07:55:43.412 DBG] TwitchService :: Presence Timer :: Artificially updated presence with a threshold of 5 minutes (97.3489ms)
[2026-03-22 07:56:09.297 DBG] AutoSave :: Auto saving settings...
[2026-03-22 07:56:09.315 DBG] Users :: Time to save 19.619ms
[2026-03-22 07:56:09.342 DBG] Actions :: Time to save 25.9651ms
[2026-03-22 07:56:09.360 DBG] Commands :: Time to save 18.1896ms
[2026-03-22 07:56:09.377 DBG] Twitch Rewards :: Time to save 16.8041ms
[2026-03-22 07:56:09.391 DBG] Midi :: Time to save 13.9823ms
[2026-03-22 07:56:09.406 DBG] OBS Settings :: Time to save 14.3847ms
[2026-03-22 07:56:09.422 DBG] MeldStudio Settings :: Time to save 15.6752ms
[2026-03-22 07:56:09.438 DBG] Credits :: Time to save 15.8048ms
[2026-03-22 07:56:09.455 DBG] Quotes :: Time to save 17.1638ms
[2026-03-22 07:56:09.518 DBG] Config :: Time to save 19.0498ms
[2026-03-22 07:56:43.330 DBG] ViewerRepo :: UpdatePresence(twitch, 5), 0.0362ms
[2026-03-22 07:56:43.420 DBG] TwitchService :: Presence Timer :: Artificially updated presence with a threshold of 5 minutes (90.0975ms)
[2026-03-22 07:57:43.342 DBG] ViewerRepo :: UpdatePresence(twitch, 5), 0.0333ms
[2026-03-22 07:57:43.439 DBG] TwitchService :: Presence Timer :: Artificially updated presence with a threshold of 5 minutes (96.6352ms)
[2026-03-22 07:58:43.348 DBG] ViewerRepo :: UpdatePresence(twitch, 5), 0.038ms
[2026-03-22 07:58:43.444 DBG] TwitchService :: Presence Timer :: Artificially updated presence with a threshold of 5 minutes (96.435ms)
[2026-03-22 07:59:17.547 DBG] Credits :: Time to save 18.2477ms
[2026-03-22 07:59:43.352 DBG] ViewerRepo :: UpdatePresence(twitch, 5), 0.0346ms
[2026-03-22 07:59:43.444 DBG] TwitchService :: Presence Timer :: Artificially updated presence with a threshold of 5 minutes (92.2266ms)
[2026-03-22 08:00:43.360 DBG] ViewerRepo :: UpdatePresence(twitch, 5), 0.0366ms
[2026-03-22 08:00:43.456 DBG] TwitchService :: Presence Timer :: Artificially updated presence with a threshold of 5 minutes (95.9825ms)
[2026-03-22 08:01:09.568 DBG] AutoSave :: Auto saving settings...
[2026-03-22 08:01:09.584 DBG] Users :: Time to save 16.5356ms
[2026-03-22 08:01:09.608 DBG] Actions :: Time to save 23.4051ms
[2026-03-22 08:01:09.624 DBG] Commands :: Time to save 16.7072ms
[2026-03-22 08:01:09.641 DBG] Twitch Rewards :: Time to save 16.9977ms
[2026-03-22 08:01:09.655 DBG] Midi :: Time to save 13.8071ms
[2026-03-22 08:01:09.670 DBG] OBS Settings :: Time to save 14.1486ms
[2026-03-22 08:01:09.684 DBG] MeldStudio Settings :: Time to save 14.5005ms
[2026-03-22 08:01:09.699 DBG] Credits :: Time to save 14.8114ms
[2026-03-22 08:01:09.715 DBG] Quotes :: Time to save 16.65ms
[2026-03-22 08:01:09.793 DBG] Config :: Time to save 18.6856ms
[2026-03-22 08:01:29.643 DBG] ActionDispatcher :: Queueing 'Sub Goal' (361aa588-5f31-4e19-b8a5-099cae52479d, TimedAction) to 'Default' (00000000-0000-0000-0000-000000000000), with 11 arguments
[2026-03-22 08:01:29.643 DBG] ActionQueue :: 'Default' (00000000-0000-0000-0000-000000000000) :: Enqueue action 361aa588-5f31-4e19-b8a5-099cae52479d
[2026-03-22 08:01:29.643 DBG] ActionQueue :: 'Default' (00000000-0000-0000-0000-000000000000) :: Handling queue
[2026-03-22 08:01:29.643 DBG] ActionQueue :: 'Default' (00000000-0000-0000-0000-000000000000) :: Performing non-blocking 'Sub Goal' (361aa588-5f31-4e19-b8a5-099cae52479d, 140876de-0883-4d46-b4f4-2b63e220d62f)
[2026-03-22 08:01:43.372 DBG] ViewerRepo :: UpdatePresence(twitch, 5), 0.0383ms
[2026-03-22 08:01:43.470 DBG] TwitchService :: Presence Timer :: Artificially updated presence with a threshold of 5 minutes (98.7448ms)
[2026-03-22 08:02:43.378 DBG] ViewerRepo :: UpdatePresence(twitch, 5), 0.0357ms
[2026-03-22 08:02:43.478 DBG] TwitchService :: Presence Timer :: Artificially updated presence with a threshold of 5 minutes (99.8344ms)
[2026-03-22 08:03:43.395 DBG] ViewerRepo :: UpdatePresence(twitch, 5), 0.0373ms
[2026-03-22 08:03:43.487 DBG] TwitchService :: Presence Timer :: Artificially updated presence with a threshold of 5 minutes (91.9478ms)
[2026-03-22 08:04:17.545 DBG] Credits :: Time to save 16.0546ms
[2026-03-22 08:04:43.397 DBG] ViewerRepo :: UpdatePresence(twitch, 5), 0.0359ms
[2026-03-22 08:04:43.494 DBG] TwitchService :: Presence Timer :: Artificially updated presence with a threshold of 5 minutes (97.8691ms)
[2026-03-22 08:05:43.407 DBG] ViewerRepo :: UpdatePresence(twitch, 5), 0.0354ms
[2026-03-22 08:05:43.499 DBG] TwitchService :: Presence Timer :: Artificially updated presence with a threshold of 5 minutes (92.0793ms)
[2026-03-22 08:06:09.839 DBG] AutoSave :: Auto saving settings...
[2026-03-22 08:06:09.859 DBG] Users :: Time to save 20.6747ms
[2026-03-22 08:06:09.884 DBG] Actions :: Time to save 24.808ms
[2026-03-22 08:06:09.901 DBG] Commands :: Time to save 16.7018ms
[2026-03-22 08:06:09.917 DBG] Twitch Rewards :: Time to save 16.1137ms
[2026-03-22 08:06:09.932 DBG] Midi :: Time to save 14.3603ms
[2026-03-22 08:06:09.946 DBG] OBS Settings :: Time to save 14.288ms
[2026-03-22 08:06:09.961 DBG] MeldStudio Settings :: Time to save 14.3896ms
[2026-03-22 08:06:09.975 DBG] Credits :: Time to save 14.1135ms
[2026-03-22 08:06:09.991 DBG] Quotes :: Time to save 16.6451ms
[2026-03-22 08:06:10.062 DBG] Config :: Time to save 17.9261ms
[2026-03-22 08:06:43.419 DBG] ViewerRepo :: UpdatePresence(twitch, 5), 0.0354ms
[2026-03-22 08:06:43.510 DBG] TwitchService :: Presence Timer :: Artificially updated presence with a threshold of 5 minutes (91.9765ms)
[2026-03-22 08:07:43.433 DBG] ViewerRepo :: UpdatePresence(twitch, 5), 0.0356ms
[2026-03-22 08:07:43.533 DBG] TwitchService :: Presence Timer :: Artificially updated presence with a threshold of 5 minutes (100.7125ms)
[2026-03-22 08:08:43.444 DBG] ViewerRepo :: UpdatePresence(twitch, 5), 0.043ms
[2026-03-22 08:08:43.538 DBG] TwitchService :: Presence Timer :: Artificially updated presence with a threshold of 5 minutes (93.9936ms)
[2026-03-22 08:09:17.554 DBG] Credits :: Time to save 16.5992ms
[2026-03-22 08:09:43.451 DBG] ViewerRepo :: UpdatePresence(twitch, 5), 0.0425ms
[2026-03-22 08:09:43.542 DBG] TwitchService :: Presence Timer :: Artificially updated presence with a threshold of 5 minutes (91.6752ms)
[2026-03-22 08:10:43.464 DBG] ViewerRepo :: UpdatePresence(twitch, 5), 0.0516ms
[2026-03-22 08:10:43.555 DBG] TwitchService :: Presence Timer :: Artificially updated presence with a threshold of 5 minutes (92.0466ms)
[2026-03-22 08:11:10.102 DBG] AutoSave :: Auto saving settings...
[2026-03-22 08:11:10.121 DBG] Users :: Time to save 18.823ms
[2026-03-22 08:11:10.147 DBG] Actions :: Time to save 26.3445ms
[2026-03-22 08:11:10.164 DBG] Commands :: Time to save 17.0019ms
[2026-03-22 08:11:10.180 DBG] Twitch Rewards :: Time to save 16.5238ms
[2026-03-22 08:11:10.195 DBG] Midi :: Time to save 14.5063ms
[2026-03-22 08:11:10.210 DBG] OBS Settings :: Time to save 14.9019ms
[2026-03-22 08:11:10.225 DBG] MeldStudio Settings :: Time to save 15.142ms
[2026-03-22 08:11:10.240 DBG] Credits :: Time to save 15.2123ms
[2026-03-22 08:11:10.258 DBG] Quotes :: Time to save 17.3134ms
[2026-03-22 08:11:10.325 DBG] Config :: Time to save 18.5658ms
[2026-03-22 08:11:29.746 DBG] ActionDispatcher :: Queueing 'Sub Goal' (361aa588-5f31-4e19-b8a5-099cae52479d, TimedAction) to 'Default' (00000000-0000-0000-0000-000000000000), with 11 arguments
[2026-03-22 08:11:29.747 DBG] ActionQueue :: 'Default' (00000000-0000-0000-0000-000000000000) :: Enqueue action 361aa588-5f31-4e19-b8a5-099cae52479d
[2026-03-22 08:11:29.747 DBG] ActionQueue :: 'Default' (00000000-0000-0000-0000-000000000000) :: Handling queue
[2026-03-22 08:11:29.747 DBG] ActionQueue :: 'Default' (00000000-0000-0000-0000-000000000000) :: Performing non-blocking 'Sub Goal' (361aa588-5f31-4e19-b8a5-099cae52479d, 333520a1-ee79-4ab4-8862-e3f56b98ee5f)
[2026-03-22 08:11:43.469 DBG] ViewerRepo :: UpdatePresence(twitch, 5), 0.036ms
[2026-03-22 08:11:43.561 DBG] TwitchService :: Presence Timer :: Artificially updated presence with a threshold of 5 minutes (92.3131ms)
[2026-03-22 08:12:43.481 DBG] ViewerRepo :: UpdatePresence(twitch, 5), 0.0476ms
[2026-03-22 08:12:43.575 DBG] TwitchService :: Presence Timer :: Artificially updated presence with a threshold of 5 minutes (94.5089ms)
[2026-03-22 08:13:43.484 DBG] ViewerRepo :: UpdatePresence(twitch, 5), 0.0409ms
[2026-03-22 08:13:43.581 DBG] TwitchService :: Presence Timer :: Artificially updated presence with a threshold of 5 minutes (96.9025ms)
[2026-03-22 08:14:17.559 DBG] Credits :: Time to save 15.8985ms
[2026-03-22 08:14:43.487 DBG] ViewerRepo :: UpdatePresence(twitch, 5), 0.0383ms
[2026-03-22 08:14:43.576 DBG] TwitchService :: Presence Timer :: Artificially updated presence with a threshold of 5 minutes (88.5445ms)
[2026-03-22 08:15:43.492 DBG] ViewerRepo :: UpdatePresence(twitch, 5), 0.0353ms
[2026-03-22 08:15:43.587 DBG] TwitchService :: Presence Timer :: Artificially updated presence with a threshold of 5 minutes (94.8094ms)
[2026-03-22 08:16:10.353 DBG] AutoSave :: Auto saving settings...
[2026-03-22 08:16:10.371 DBG] Users :: Time to save 17.4398ms
[2026-03-22 08:16:10.393 DBG] Actions :: Time to save 22.3252ms
[2026-03-22 08:16:10.409 DBG] Commands :: Time to save 16.2253ms
[2026-03-22 08:16:10.425 DBG] Twitch Rewards :: Time to save 16.5758ms
[2026-03-22 08:16:10.440 DBG] Midi :: Time to save 14.543ms
[2026-03-22 08:16:10.455 DBG] OBS Settings :: Time to save 14.81ms
[2026-03-22 08:16:10.471 DBG] MeldStudio Settings :: Time to save 15.7786ms
[2026-03-22 08:16:10.483 DBG] Credits :: Time to save 11.8018ms
[2026-03-22 08:16:10.499 DBG] Quotes :: Time to save 16.2618ms
[2026-03-22 08:16:10.575 DBG] Config :: Time to save 18.2294ms
[2026-03-22 08:16:43.495 DBG] ViewerRepo :: UpdatePresence(twitch, 5), 0.0362ms
[2026-03-22 08:16:43.588 DBG] TwitchService :: Presence Timer :: Artificially updated presence with a threshold of 5 minutes (92.7352ms)
[2026-03-22 08:17:43.507 DBG] ViewerRepo :: UpdatePresence(twitch, 5), 0.0343ms
[2026-03-22 08:17:43.601 DBG] TwitchService :: Presence Timer :: Artificially updated presence with a threshold of 5 minutes (93.8008ms)
[2026-03-22 08:18:43.512 DBG] ViewerRepo :: UpdatePresence(twitch, 5), 0.0365ms
[2026-03-22 08:18:43.600 DBG] TwitchService :: Presence Timer :: Artificially updated presence with a threshold of 5 minutes (88.7709ms)
[2026-03-22 08:19:17.573 DBG] Credits :: Time to save 16.4155ms
[2026-03-22 08:19:43.522 DBG] ViewerRepo :: UpdatePresence(twitch, 5), 0.039ms
[2026-03-22 08:19:43.615 DBG] TwitchService :: Presence Timer :: Artificially updated presence with a threshold of 5 minutes (93.6796ms)
[2026-03-22 08:20:43.527 DBG] ViewerRepo :: UpdatePresence(twitch, 5), 0.0343ms
[2026-03-22 08:20:43.622 DBG] TwitchService :: Presence Timer :: Artificially updated presence with a threshold of 5 minutes (94.1738ms)
[2026-03-22 08:21:10.581 DBG] AutoSave :: Auto saving settings...
[2026-03-22 08:21:10.600 DBG] Users :: Time to save 18.675ms
[2026-03-22 08:21:10.624 DBG] Actions :: Time to save 24.2025ms
[2026-03-22 08:21:10.642 DBG] Commands :: Time to save 17.4158ms
[2026-03-22 08:21:10.661 DBG] Twitch Rewards :: Time to save 18.7516ms
[2026-03-22 08:21:10.675 DBG] Midi :: Time to save 14.5486ms
[2026-03-22 08:21:10.689 DBG] OBS Settings :: Time to save 14.0126ms
[2026-03-22 08:21:10.704 DBG] MeldStudio Settings :: Time to save 14.6494ms
[2026-03-22 08:21:10.719 DBG] Credits :: Time to save 15.4222ms
[2026-03-22 08:21:10.736 DBG] Quotes :: Time to save 16.6432ms
[2026-03-22 08:21:10.802 DBG] Config :: Time to save 18.5689ms
[2026-03-22 08:21:30.560 DBG] ActionDispatcher :: Queueing 'Sub Goal' (361aa588-5f31-4e19-b8a5-099cae52479d, TimedAction) to 'Default' (00000000-0000-0000-0000-000000000000), with 11 arguments
[2026-03-22 08:21:30.560 DBG] ActionQueue :: 'Default' (00000000-0000-0000-0000-000000000000) :: Enqueue action 361aa588-5f31-4e19-b8a5-099cae52479d
[2026-03-22 08:21:30.560 DBG] ActionQueue :: 'Default' (00000000-0000-0000-0000-000000000000) :: Handling queue
[2026-03-22 08:21:30.560 DBG] ActionQueue :: 'Default' (00000000-0000-0000-0000-000000000000) :: Performing non-blocking 'Sub Goal' (361aa588-5f31-4e19-b8a5-099cae52479d, aeefd307-f10b-4658-8e81-bc046ccade90)
[2026-03-22 08:21:43.542 DBG] ViewerRepo :: UpdatePresence(twitch, 5), 0.0372ms
[2026-03-22 08:21:43.634 DBG] TwitchService :: Presence Timer :: Artificially updated presence with a threshold of 5 minutes (91.438ms)
[2026-03-22 08:22:43.546 DBG] ViewerRepo :: UpdatePresence(twitch, 5), 0.0382ms
[2026-03-22 08:22:44.077 DBG] TwitchService :: Presence Timer :: Artificially updated presence with a threshold of 5 minutes (531.039ms)
[2026-03-22 08:23:43.558 DBG] ViewerRepo :: UpdatePresence(twitch, 5), 0.0367ms
[2026-03-22 08:23:43.648 DBG] TwitchService :: Presence Timer :: Artificially updated presence with a threshold of 5 minutes (90.4857ms)
[2026-03-22 08:24:17.579 DBG] Credits :: Time to save 16.9187ms
[2026-03-22 08:24:43.564 DBG] ViewerRepo :: UpdatePresence(twitch, 5), 0.036ms
[2026-03-22 08:24:43.654 DBG] TwitchService :: Presence Timer :: Artificially updated presence with a threshold of 5 minutes (90.3285ms)
[2026-03-22 08:25:43.568 DBG] ViewerRepo :: UpdatePresence(twitch, 5), 0.0367ms
[2026-03-22 08:25:43.658 DBG] TwitchService :: Presence Timer :: Artificially updated presence with a threshold of 5 minutes (89.7931ms)
[2026-03-22 08:26:10.812 DBG] AutoSave :: Auto saving settings...
[2026-03-22 08:26:10.830 DBG] Users :: Time to save 18.149ms
[2026-03-22 08:26:10.855 DBG] Actions :: Time to save 24.4796ms
[2026-03-22 08:26:10.872 DBG] Commands :: Time to save 17.4657ms
[2026-03-22 08:26:10.888 DBG] Twitch Rewards :: Time to save 16.7965ms
[2026-03-22 08:26:10.903 DBG] Midi :: Time to save 13.9216ms
[2026-03-22 08:26:10.917 DBG] OBS Settings :: Time to save 14.1658ms
[2026-03-22 08:26:10.931 DBG] MeldStudio Settings :: Time to save 14.3435ms
[2026-03-22 08:26:10.945 DBG] Credits :: Time to save 14.3166ms
[2026-03-22 08:26:10.961 DBG] Quotes :: Time to save 15.5561ms
[2026-03-22 08:26:11.033 DBG] Config :: Time to save 19.4946ms
[2026-03-22 08:26:43.571 DBG] ViewerRepo :: UpdatePresence(twitch, 5), 0.0772ms
[2026-03-22 08:26:43.664 DBG] TwitchService :: Presence Timer :: Artificially updated presence with a threshold of 5 minutes (93.1865ms)
[2026-03-22 08:27:43.582 DBG] ViewerRepo :: UpdatePresence(twitch, 5), 0.0365ms
[2026-03-22 08:27:43.676 DBG] TwitchService :: Presence Timer :: Artificially updated presence with a threshold of 5 minutes (94.4643ms)
[2026-03-22 08:28:43.585 DBG] ViewerRepo :: UpdatePresence(twitch, 5), 0.0475ms
[2026-03-22 08:28:43.681 DBG] TwitchService :: Presence Timer :: Artificially updated presence with a threshold of 5 minutes (95.2327ms)
[2026-03-22 08:29:17.587 DBG] Credits :: Time to save 15.8348ms
[2026-03-22 08:29:43.598 DBG] ViewerRepo :: UpdatePresence(twitch, 5), 0.0397ms
[2026-03-22 08:29:43.695 DBG] TwitchService :: Presence Timer :: Artificially updated presence with a threshold of 5 minutes (97.6616ms)
[2026-03-22 08:30:43.606 DBG] ViewerRepo :: UpdatePresence(twitch, 5), 0.0355ms
[2026-03-22 08:30:43.705 DBG] TwitchService :: Presence Timer :: Artificially updated presence with a threshold of 5 minutes (98.2936ms)
[2026-03-22 08:31:11.043 DBG] AutoSave :: Auto saving settings...
[2026-03-22 08:31:11.063 DBG] Users :: Time to save 20.1061ms
[2026-03-22 08:31:11.088 DBG] Actions :: Time to save 25.1969ms
[2026-03-22 08:31:11.106 DBG] Commands :: Time to save 18.9141ms
[2026-03-22 08:31:11.124 DBG] Twitch Rewards :: Time to save 17.2597ms
[2026-03-22 08:31:11.139 DBG] Midi :: Time to save 15.1786ms
[2026-03-22 08:31:11.154 DBG] OBS Settings :: Time to save 15.3259ms
[2026-03-22 08:31:11.169 DBG] MeldStudio Settings :: Time to save 14.7711ms
[2026-03-22 08:31:11.185 DBG] Credits :: Time to save 15.7372ms
[2026-03-22 08:31:11.205 DBG] Quotes :: Time to save 19.0727ms
[2026-03-22 08:31:11.268 DBG] Config :: Time to save 23.1397ms
[2026-03-22 08:31:30.662 DBG] ActionDispatcher :: Queueing 'Sub Goal' (361aa588-5f31-4e19-b8a5-099cae52479d, TimedAction) to 'Default' (00000000-0000-0000-0000-000000000000), with 11 arguments
[2026-03-22 08:31:30.662 DBG] ActionQueue :: 'Default' (00000000-0000-0000-0000-000000000000) :: Enqueue action 361aa588-5f31-4e19-b8a5-099cae52479d
[2026-03-22 08:31:30.662 DBG] ActionQueue :: 'Default' (00000000-0000-0000-0000-000000000000) :: Handling queue
[2026-03-22 08:31:30.662 DBG] ActionQueue :: 'Default' (00000000-0000-0000-0000-000000000000) :: Performing non-blocking 'Sub Goal' (361aa588-5f31-4e19-b8a5-099cae52479d, b4188930-318b-459a-94b1-0442cdf02ede)
[2026-03-22 08:31:43.616 DBG] ViewerRepo :: UpdatePresence(twitch, 5), 0.0919ms
[2026-03-22 08:31:43.705 DBG] TwitchService :: Presence Timer :: Artificially updated presence with a threshold of 5 minutes (89.5157ms)
[2026-03-22 08:32:43.620 DBG] ViewerRepo :: UpdatePresence(twitch, 5), 0.0345ms
[2026-03-22 08:32:43.709 DBG] TwitchService :: Presence Timer :: Artificially updated presence with a threshold of 5 minutes (89.2259ms)
[2026-03-22 08:33:43.623 DBG] ViewerRepo :: UpdatePresence(twitch, 5), 0.0508ms
[2026-03-22 08:33:43.713 DBG] TwitchService :: Presence Timer :: Artificially updated presence with a threshold of 5 minutes (89.92ms)
[2026-03-22 08:34:17.589 DBG] Credits :: Time to save 15.9128ms
[2026-03-22 08:34:43.629 DBG] ViewerRepo :: UpdatePresence(twitch, 5), 0.0344ms
[2026-03-22 08:34:43.719 DBG] TwitchService :: Presence Timer :: Artificially updated presence with a threshold of 5 minutes (91.4407ms)
[2026-03-22 08:35:43.639 DBG] ViewerRepo :: UpdatePresence(twitch, 5), 0.0352ms
[2026-03-22 08:35:43.731 DBG] TwitchService :: Presence Timer :: Artificially updated presence with a threshold of 5 minutes (92.3501ms)
[2026-03-22 08:36:11.289 DBG] AutoSave :: Auto saving settings...
[2026-03-22 08:36:11.306 DBG] Users :: Time to save 17.6049ms
[2026-03-22 08:36:11.329 DBG] Actions :: Time to save 22.6434ms
[2026-03-22 08:36:11.346 DBG] Commands :: Time to save 16.9545ms
[2026-03-22 08:36:11.362 DBG] Twitch Rewards :: Time to save 16.2368ms
[2026-03-22 08:36:11.377 DBG] Midi :: Time to save 14.4903ms
[2026-03-22 08:36:11.390 DBG] OBS Settings :: Time to save 12.7609ms
[2026-03-22 08:36:11.402 DBG] MeldStudio Settings :: Time to save 11.7105ms
[2026-03-22 08:36:11.417 DBG] Credits :: Time to save 14.5324ms
[2026-03-22 08:36:11.430 DBG] Quotes :: Time to save 12.8793ms
[2026-03-22 08:36:11.509 DBG] Config :: Time to save 18.3578ms
[2026-03-22 08:36:43.643 DBG] ViewerRepo :: UpdatePresence(twitch, 5), 0.0374ms
[2026-03-22 08:36:43.736 DBG] TwitchService :: Presence Timer :: Artificially updated presence with a threshold of 5 minutes (93.0898ms)
[2026-03-22 08:37:43.650 DBG] ViewerRepo :: UpdatePresence(twitch, 5), 0.0385ms
[2026-03-22 08:37:43.750 DBG] TwitchService :: Presence Timer :: Artificially updated presence with a threshold of 5 minutes (100.2882ms)
[2026-03-22 08:38:43.664 DBG] ViewerRepo :: UpdatePresence(twitch, 5), 0.0465ms
[2026-03-22 08:38:43.757 DBG] TwitchService :: Presence Timer :: Artificially updated presence with a threshold of 5 minutes (93.1781ms)
[2026-03-22 08:39:17.603 DBG] Credits :: Time to save 16.2234ms
[2026-03-22 08:39:43.672 DBG] ViewerRepo :: UpdatePresence(twitch, 5), 0.0645ms
[2026-03-22 08:39:43.762 DBG] TwitchService :: Presence Timer :: Artificially updated presence with a threshold of 5 minutes (89.9324ms)
[2026-03-22 08:40:43.686 DBG] ViewerRepo :: UpdatePresence(twitch, 5), 0.0361ms
[2026-03-22 08:40:43.780 DBG] TwitchService :: Presence Timer :: Artificially updated presence with a threshold of 5 minutes (94.1464ms)
[2026-03-22 08:41:11.565 DBG] AutoSave :: Auto saving settings...
[2026-03-22 08:41:11.584 DBG] Users :: Time to save 19.7645ms
[2026-03-22 08:41:11.607 DBG] Actions :: Time to save 22.9346ms
[2026-03-22 08:41:11.625 DBG] Commands :: Time to save 17.1768ms
[2026-03-22 08:41:11.642 DBG] Twitch Rewards :: Time to save 16.3475ms
[2026-03-22 08:41:11.655 DBG] Midi :: Time to save 14.0662ms
[2026-03-22 08:41:11.670 DBG] OBS Settings :: Time to save 14.8858ms
[2026-03-22 08:41:11.685 DBG] MeldStudio Settings :: Time to save 14.0547ms
[2026-03-22 08:41:11.698 DBG] Credits :: Time to save 14.195ms
[2026-03-22 08:41:11.715 DBG] Quotes :: Time to save 15.979ms
[2026-03-22 08:41:11.786 DBG] Config :: Time to save 19.0234ms
[2026-03-22 08:41:31.595 DBG] ActionDispatcher :: Queueing 'Sub Goal' (361aa588-5f31-4e19-b8a5-099cae52479d, TimedAction) to 'Default' (00000000-0000-0000-0000-000000000000), with 11 arguments
[2026-03-22 08:41:31.595 DBG] ActionQueue :: 'Default' (00000000-0000-0000-0000-000000000000) :: Enqueue action 361aa588-5f31-4e19-b8a5-099cae52479d
[2026-03-22 08:41:31.595 DBG] ActionQueue :: 'Default' (00000000-0000-0000-0000-000000000000) :: Handling queue
[2026-03-22 08:41:31.595 DBG] ActionQueue :: 'Default' (00000000-0000-0000-0000-000000000000) :: Performing non-blocking 'Sub Goal' (361aa588-5f31-4e19-b8a5-099cae52479d, 5d5b0c99-6e27-46c4-8d01-60a5ebb30d68)
[2026-03-22 08:41:43.711 DBG] ViewerRepo :: UpdatePresence(twitch, 5), 0.042ms
[2026-03-22 08:41:43.801 DBG] TwitchService :: Presence Timer :: Artificially updated presence with a threshold of 5 minutes (89.9547ms)
[2026-03-22 08:42:43.720 DBG] ViewerRepo :: UpdatePresence(twitch, 5), 0.046ms
[2026-03-22 08:42:43.811 DBG] TwitchService :: Presence Timer :: Artificially updated presence with a threshold of 5 minutes (91.7745ms)
[2026-03-22 08:43:43.732 DBG] ViewerRepo :: UpdatePresence(twitch, 5), 0.0416ms
[2026-03-22 08:43:43.830 DBG] TwitchService :: Presence Timer :: Artificially updated presence with a threshold of 5 minutes (98.2608ms)
[2026-03-22 08:44:17.613 DBG] Credits :: Time to save 16.8062ms
[2026-03-22 08:44:43.746 DBG] ViewerRepo :: UpdatePresence(twitch, 5), 0.0408ms
[2026-03-22 08:44:43.836 DBG] TwitchService :: Presence Timer :: Artificially updated presence with a threshold of 5 minutes (89.9439ms)
[2026-03-22 08:45:43.766 DBG] ViewerRepo :: UpdatePresence(twitch, 5), 0.0383ms
[2026-03-22 08:45:43.857 DBG] TwitchService :: Presence Timer :: Artificially updated presence with a threshold of 5 minutes (92.4271ms)
[2026-03-22 08:46:11.795 DBG] AutoSave :: Auto saving settings...
[2026-03-22 08:46:11.814 DBG] Users :: Time to save 18.5421ms
[2026-03-22 08:46:11.838 DBG] Actions :: Time to save 24.0355ms
[2026-03-22 08:46:11.856 DBG] Commands :: Time to save 17.9673ms
[2026-03-22 08:46:11.872 DBG] Twitch Rewards :: Time to save 16.8506ms
[2026-03-22 08:46:11.888 DBG] Midi :: Time to save 15.1289ms
[2026-03-22 08:46:11.903 DBG] OBS Settings :: Time to save 15.2258ms
[2026-03-22 08:46:11.918 DBG] MeldStudio Settings :: Time to save 14.7698ms
[2026-03-22 08:46:11.933 DBG] Credits :: Time to save 15.1964ms
[2026-03-22 08:46:11.950 DBG] Quotes :: Time to save 16.7815ms
[2026-03-22 08:46:12.019 DBG] Config :: Time to save 18.3938ms
[2026-03-22 08:46:43.776 DBG] ViewerRepo :: UpdatePresence(twitch, 5), 0.0361ms
[2026-03-22 08:46:43.868 DBG] TwitchService :: Presence Timer :: Artificially updated presence with a threshold of 5 minutes (92.284ms)
[2026-03-22 08:47:43.789 DBG] ViewerRepo :: UpdatePresence(twitch, 5), 0.0358ms
[2026-03-22 08:47:43.885 DBG] TwitchService :: Presence Timer :: Artificially updated presence with a threshold of 5 minutes (95.3381ms)
[2026-03-22 08:48:43.796 DBG] ViewerRepo :: UpdatePresence(twitch, 5), 0.0395ms
[2026-03-22 08:48:43.894 DBG] TwitchService :: Presence Timer :: Artificially updated presence with a threshold of 5 minutes (98.4462ms)
[2026-03-22 08:49:17.633 DBG] Credits :: Time to save 19.6037ms
[2026-03-22 08:49:43.801 DBG] ViewerRepo :: UpdatePresence(twitch, 5), 0.0361ms
[2026-03-22 08:49:43.888 DBG] TwitchService :: Presence Timer :: Artificially updated presence with a threshold of 5 minutes (87.6143ms)
[2026-03-22 08:50:43.808 DBG] ViewerRepo :: UpdatePresence(twitch, 5), 0.0545ms
[2026-03-22 08:50:43.904 DBG] TwitchService :: Presence Timer :: Artificially updated presence with a threshold of 5 minutes (95.8841ms)
[2026-03-22 08:51:12.057 DBG] AutoSave :: Auto saving settings...
[2026-03-22 08:51:12.076 DBG] Users :: Time to save 19.0894ms
[2026-03-22 08:51:12.098 DBG] Actions :: Time to save 22.6172ms
[2026-03-22 08:51:12.115 DBG] Commands :: Time to save 16.4191ms
[2026-03-22 08:51:12.132 DBG] Twitch Rewards :: Time to save 16.4152ms
[2026-03-22 08:51:12.146 DBG] Midi :: Time to save 14.7398ms
[2026-03-22 08:51:12.159 DBG] OBS Settings :: Time to save 12.4104ms
[2026-03-22 08:51:12.172 DBG] MeldStudio Settings :: Time to save 13.2309ms
[2026-03-22 08:51:12.189 DBG] Credits :: Time to save 16.552ms
[2026-03-22 08:51:12.204 DBG] Quotes :: Time to save 15.9144ms
[2026-03-22 08:51:12.292 DBG] Config :: Time to save 18.3241ms
[2026-03-22 08:51:32.158 DBG] ActionDispatcher :: Queueing 'Sub Goal' (361aa588-5f31-4e19-b8a5-099cae52479d, TimedAction) to 'Default' (00000000-0000-0000-0000-000000000000), with 11 arguments
[2026-03-22 08:51:32.158 DBG] ActionQueue :: 'Default' (00000000-0000-0000-0000-000000000000) :: Enqueue action 361aa588-5f31-4e19-b8a5-099cae52479d
[2026-03-22 08:51:32.158 DBG] ActionQueue :: 'Default' (00000000-0000-0000-0000-000000000000) :: Handling queue
[2026-03-22 08:51:32.158 DBG] ActionQueue :: 'Default' (00000000-0000-0000-0000-000000000000) :: Performing non-blocking 'Sub Goal' (361aa588-5f31-4e19-b8a5-099cae52479d, d18d05d3-b427-41be-b6f0-857f1e24878f)
[2026-03-22 08:51:43.818 DBG] ViewerRepo :: UpdatePresence(twitch, 5), 0.0368ms
[2026-03-22 08:51:43.912 DBG] TwitchService :: Presence Timer :: Artificially updated presence with a threshold of 5 minutes (93.8548ms)
[2026-03-22 08:52:43.818 DBG] ViewerRepo :: UpdatePresence(twitch, 5), 0.0442ms
[2026-03-22 08:52:43.913 DBG] TwitchService :: Presence Timer :: Artificially updated presence with a threshold of 5 minutes (94.8353ms)
[2026-03-22 08:53:43.824 DBG] ViewerRepo :: UpdatePresence(twitch, 5), 0.0396ms
[2026-03-22 08:53:43.916 DBG] TwitchService :: Presence Timer :: Artificially updated presence with a threshold of 5 minutes (92.5007ms)
[2026-03-22 08:54:17.642 DBG] Credits :: Time to save 16.1285ms
[2026-03-22 08:54:43.830 DBG] ViewerRepo :: UpdatePresence(twitch, 5), 0.0612ms
[2026-03-22 08:54:43.924 DBG] TwitchService :: Presence Timer :: Artificially updated presence with a threshold of 5 minutes (94.2688ms)
[2026-03-22 08:55:43.842 DBG] ViewerRepo :: UpdatePresence(twitch, 5), 0.0656ms
[2026-03-22 08:55:43.939 DBG] TwitchService :: Presence Timer :: Artificially updated presence with a threshold of 5 minutes (96.9264ms)
[2026-03-22 08:56:12.284 DBG] AutoSave :: Auto saving settings...
[2026-03-22 08:56:12.304 DBG] Users :: Time to save 20.4879ms
[2026-03-22 08:56:12.326 DBG] Actions :: Time to save 22.0928ms
[2026-03-22 08:56:12.344 DBG] Commands :: Time to save 17.1474ms
[2026-03-22 08:56:12.361 DBG] Twitch Rewards :: Time to save 16.8204ms
[2026-03-22 08:56:12.375 DBG] Midi :: Time to save 14.4883ms
[2026-03-22 08:56:12.391 DBG] OBS Settings :: Time to save 15.3599ms
[2026-03-22 08:56:12.404 DBG] MeldStudio Settings :: Time to save 13.8577ms
[2026-03-22 08:56:12.419 DBG] Credits :: Time to save 14.4087ms
[2026-03-22 08:56:12.436 DBG] Quotes :: Time to save 17.139ms
[2026-03-22 08:56:12.506 DBG] Config :: Time to save 18.923ms
[2026-03-22 08:56:43.855 DBG] ViewerRepo :: UpdatePresence(twitch, 5), 0.0355ms
[2026-03-22 08:56:43.950 DBG] TwitchService :: Presence Timer :: Artificially updated presence with a threshold of 5 minutes (95.699ms)
[2026-03-22 08:57:43.870 DBG] ViewerRepo :: UpdatePresence(twitch, 5), 0.0359ms
[2026-03-22 08:57:43.966 DBG] TwitchService :: Presence Timer :: Artificially updated presence with a threshold of 5 minutes (96.0343ms)
[2026-03-22 08:58:43.881 DBG] ViewerRepo :: UpdatePresence(twitch, 5), 0.0371ms
[2026-03-22 08:58:43.979 DBG] TwitchService :: Presence Timer :: Artificially updated presence with a threshold of 5 minutes (98.6824ms)
[2026-03-22 08:59:17.658 DBG] Credits :: Time to save 16.5684ms
[2026-03-22 08:59:43.894 DBG] ViewerRepo :: UpdatePresence(twitch, 5), 0.034ms
[2026-03-22 08:59:43.989 DBG] TwitchService :: Presence Timer :: Artificially updated presence with a threshold of 5 minutes (95.0472ms)
[2026-03-22 09:00:43.904 DBG] ViewerRepo :: UpdatePresence(twitch, 5), 0.0384ms
[2026-03-22 09:00:43.995 DBG] TwitchService :: Presence Timer :: Artificially updated presence with a threshold of 5 minutes (91.6419ms)
[2026-03-22 09:01:12.538 DBG] AutoSave :: Auto saving settings...
[2026-03-22 09:01:12.557 DBG] Users :: Time to save 19.5056ms
[2026-03-22 09:01:12.582 DBG] Actions :: Time to save 25.0695ms
[2026-03-22 09:01:12.599 DBG] Commands :: Time to save 16.9879ms
[2026-03-22 09:01:12.617 DBG] Twitch Rewards :: Time to save 17.2875ms
[2026-03-22 09:01:12.631 DBG] Midi :: Time to save 13.9451ms
[2026-03-22 09:01:12.646 DBG] OBS Settings :: Time to save 14.604ms
[2026-03-22 09:01:12.659 DBG] MeldStudio Settings :: Time to save 14.1202ms
[2026-03-22 09:01:12.675 DBG] Credits :: Time to save 15.6593ms
[2026-03-22 09:01:12.691 DBG] Quotes :: Time to save 15.8149ms
[2026-03-22 09:01:12.759 DBG] Config :: Time to save 18.3247ms
[2026-03-22 09:01:32.672 DBG] ActionDispatcher :: Queueing 'Sub Goal' (361aa588-5f31-4e19-b8a5-099cae52479d, TimedAction) to 'Default' (00000000-0000-0000-0000-000000000000), with 11 arguments
[2026-03-22 09:01:32.672 DBG] ActionQueue :: 'Default' (00000000-0000-0000-0000-000000000000) :: Enqueue action 361aa588-5f31-4e19-b8a5-099cae52479d
[2026-03-22 09:01:32.672 DBG] ActionQueue :: 'Default' (00000000-0000-0000-0000-000000000000) :: Handling queue
[2026-03-22 09:01:32.672 DBG] ActionQueue :: 'Default' (00000000-0000-0000-0000-000000000000) :: Performing non-blocking 'Sub Goal' (361aa588-5f31-4e19-b8a5-099cae52479d, 480f6942-0e6c-4a2f-af3c-2e8feed612e6)
[2026-03-22 09:01:43.910 DBG] ViewerRepo :: UpdatePresence(twitch, 5), 0.0351ms
[2026-03-22 09:01:44.007 DBG] TwitchService :: Presence Timer :: Artificially updated presence with a threshold of 5 minutes (97.7875ms)
[2026-03-22 09:02:43.921 DBG] ViewerRepo :: UpdatePresence(twitch, 5), 0.0649ms
[2026-03-22 09:02:44.019 DBG] TwitchService :: Presence Timer :: Artificially updated presence with a threshold of 5 minutes (97.8334ms)
[2026-03-22 09:03:43.929 DBG] ViewerRepo :: UpdatePresence(twitch, 5), 0.0419ms
[2026-03-22 09:03:44.024 DBG] TwitchService :: Presence Timer :: Artificially updated presence with a threshold of 5 minutes (96.3362ms)
[2026-03-22 09:04:17.659 DBG] Credits :: Time to save 16.8693ms
[2026-03-22 09:04:43.934 DBG] ViewerRepo :: UpdatePresence(twitch, 5), 0.048ms
[2026-03-22 09:04:44.029 DBG] TwitchService :: Presence Timer :: Artificially updated presence with a threshold of 5 minutes (95.5539ms)
[2026-03-22 09:05:43.937 DBG] ViewerRepo :: UpdatePresence(twitch, 5), 0.0479ms
[2026-03-22 09:05:44.028 DBG] TwitchService :: Presence Timer :: Artificially updated presence with a threshold of 5 minutes (91.3027ms)
[2026-03-22 09:06:12.776 DBG] AutoSave :: Auto saving settings...
[2026-03-22 09:06:12.796 DBG] Users :: Time to save 20.5015ms
[2026-03-22 09:06:12.821 DBG] Actions :: Time to save 24.5159ms
[2026-03-22 09:06:12.837 DBG] Commands :: Time to save 16.7876ms
[2026-03-22 09:06:12.853 DBG] Twitch Rewards :: Time to save 14.8179ms
[2026-03-22 09:06:12.867 DBG] Midi :: Time to save 14.3499ms
[2026-03-22 09:06:12.880 DBG] OBS Settings :: Time to save 13.8936ms
[2026-03-22 09:06:12.895 DBG] MeldStudio Settings :: Time to save 14.1507ms
[2026-03-22 09:06:12.909 DBG] Credits :: Time to save 14.3537ms
[2026-03-22 09:06:12.926 DBG] Quotes :: Time to save 16.0818ms
[2026-03-22 09:06:12.999 DBG] Config :: Time to save 19.8645ms
[2026-03-22 09:06:43.949 DBG] ViewerRepo :: UpdatePresence(twitch, 5), 0.0378ms
[2026-03-22 09:06:44.044 DBG] TwitchService :: Presence Timer :: Artificially updated presence with a threshold of 5 minutes (95.3602ms)
[2026-03-22 09:07:43.968 DBG] ViewerRepo :: UpdatePresence(twitch, 5), 0.0376ms
[2026-03-22 09:07:44.058 DBG] TwitchService :: Presence Timer :: Artificially updated presence with a threshold of 5 minutes (89.7874ms)
[2026-03-22 09:08:43.974 DBG] ViewerRepo :: UpdatePresence(twitch, 5), 0.0381ms
[2026-03-22 09:08:44.070 DBG] TwitchService :: Presence Timer :: Artificially updated presence with a threshold of 5 minutes (95.7415ms)
[2026-03-22 09:09:17.663 DBG] Credits :: Time to save 16.2358ms
[2026-03-22 09:09:43.985 DBG] ViewerRepo :: UpdatePresence(twitch, 5), 0.0354ms
[2026-03-22 09:09:44.080 DBG] TwitchService :: Presence Timer :: Artificially updated presence with a threshold of 5 minutes (94.7966ms)
[2026-03-22 09:10:43.989 DBG] ViewerRepo :: UpdatePresence(twitch, 5), 0.0357ms
[2026-03-22 09:10:44.080 DBG] TwitchService :: Presence Timer :: Artificially updated presence with a threshold of 5 minutes (90.9125ms)
[2026-03-22 09:11:13.034 DBG] AutoSave :: Auto saving settings...
[2026-03-22 09:11:13.054 DBG] Users :: Time to save 19.5959ms
[2026-03-22 09:11:13.078 DBG] Actions :: Time to save 23.8944ms
[2026-03-22 09:11:13.096 DBG] Commands :: Time to save 17.6175ms
[2026-03-22 09:11:13.113 DBG] Twitch Rewards :: Time to save 17.3141ms
[2026-03-22 09:11:13.128 DBG] Midi :: Time to save 14.7362ms
[2026-03-22 09:11:13.142 DBG] OBS Settings :: Time to save 14.05ms
[2026-03-22 09:11:13.157 DBG] MeldStudio Settings :: Time to save 14.8323ms
[2026-03-22 09:11:13.172 DBG] Credits :: Time to save 14.7273ms
[2026-03-22 09:11:13.189 DBG] Quotes :: Time to save 17.6725ms
[2026-03-22 09:11:13.257 DBG] Config :: Time to save 20.5069ms
[2026-03-22 09:11:33.413 DBG] ActionDispatcher :: Queueing 'Sub Goal' (361aa588-5f31-4e19-b8a5-099cae52479d, TimedAction) to 'Default' (00000000-0000-0000-0000-000000000000), with 11 arguments
[2026-03-22 09:11:33.413 DBG] ActionQueue :: 'Default' (00000000-0000-0000-0000-000000000000) :: Enqueue action 361aa588-5f31-4e19-b8a5-099cae52479d
[2026-03-22 09:11:33.413 DBG] ActionQueue :: 'Default' (00000000-0000-0000-0000-000000000000) :: Handling queue
[2026-03-22 09:11:33.413 DBG] ActionQueue :: 'Default' (00000000-0000-0000-0000-000000000000) :: Performing non-blocking 'Sub Goal' (361aa588-5f31-4e19-b8a5-099cae52479d, 7e02885f-0a78-4f57-a033-a7297229f3f9)
[2026-03-22 09:11:43.997 DBG] ViewerRepo :: UpdatePresence(twitch, 5), 0.0391ms
[2026-03-22 09:11:44.087 DBG] TwitchService :: Presence Timer :: Artificially updated presence with a threshold of 5 minutes (90.3608ms)
[2026-03-22 09:12:44.004 DBG] ViewerRepo :: UpdatePresence(twitch, 5), 0.0394ms
[2026-03-22 09:12:44.101 DBG] TwitchService :: Presence Timer :: Artificially updated presence with a threshold of 5 minutes (97.0777ms)
[2026-03-22 09:13:44.020 DBG] ViewerRepo :: UpdatePresence(twitch, 5), 0.0361ms
[2026-03-22 09:13:44.118 DBG] TwitchService :: Presence Timer :: Artificially updated presence with a threshold of 5 minutes (98.0572ms)
[2026-03-22 09:14:17.678 DBG] Credits :: Time to save 15.2573ms
[2026-03-22 09:14:44.029 DBG] ViewerRepo :: UpdatePresence(twitch, 5), 0.0664ms
[2026-03-22 09:14:44.127 DBG] TwitchService :: Presence Timer :: Artificially updated presence with a threshold of 5 minutes (97.6402ms)
[2026-03-22 09:15:44.046 DBG] ViewerRepo :: UpdatePresence(twitch, 5), 0.0389ms
[2026-03-22 09:15:44.141 DBG] TwitchService :: Presence Timer :: Artificially updated presence with a threshold of 5 minutes (94.6166ms)
[2026-03-22 09:16:13.281 DBG] AutoSave :: Auto saving settings...
[2026-03-22 09:16:13.301 DBG] Users :: Time to save 19.3384ms
[2026-03-22 09:16:13.326 DBG] Actions :: Time to save 24.5779ms
[2026-03-22 09:16:13.343 DBG] Commands :: Time to save 17.4501ms
[2026-03-22 09:16:13.360 DBG] Twitch Rewards :: Time to save 17.0149ms
[2026-03-22 09:16:13.374 DBG] Midi :: Time to save 14.1709ms
[2026-03-22 09:16:13.388 DBG] OBS Settings :: Time to save 13.9917ms
[2026-03-22 09:16:13.403 DBG] MeldStudio Settings :: Time to save 14.7202ms
[2026-03-22 09:16:13.417 DBG] Credits :: Time to save 13.2613ms
[2026-03-22 09:16:13.433 DBG] Quotes :: Time to save 16.697ms
[2026-03-22 09:16:13.504 DBG] Config :: Time to save 19.0967ms
[2026-03-22 09:16:44.056 DBG] ViewerRepo :: UpdatePresence(twitch, 5), 0.0359ms
[2026-03-22 09:16:44.149 DBG] TwitchService :: Presence Timer :: Artificially updated presence with a threshold of 5 minutes (93.402ms)
[2026-03-22 09:17:44.068 DBG] ViewerRepo :: UpdatePresence(twitch, 5), 0.0472ms
[2026-03-22 09:17:44.160 DBG] TwitchService :: Presence Timer :: Artificially updated presence with a threshold of 5 minutes (92.4582ms)
[2026-03-22 09:18:44.081 DBG] ViewerRepo :: UpdatePresence(twitch, 5), 0.0373ms
[2026-03-22 09:18:44.175 DBG] TwitchService :: Presence Timer :: Artificially updated presence with a threshold of 5 minutes (93.5116ms)
[2026-03-22 09:19:17.688 DBG] Credits :: Time to save 16.3199ms
[2026-03-22 09:19:44.085 DBG] ViewerRepo :: UpdatePresence(twitch, 5), 0.0353ms
[2026-03-22 09:19:44.183 DBG] TwitchService :: Presence Timer :: Artificially updated presence with a threshold of 5 minutes (98.0074ms)
[2026-03-22 09:20:44.101 DBG] ViewerRepo :: UpdatePresence(twitch, 5), 0.035ms
[2026-03-22 09:20:44.195 DBG] TwitchService :: Presence Timer :: Artificially updated presence with a threshold of 5 minutes (94.4839ms)
[2026-03-22 09:21:13.530 DBG] AutoSave :: Auto saving settings...
[2026-03-22 09:21:13.549 DBG] Users :: Time to save 19.2872ms
[2026-03-22 09:21:13.573 DBG] Actions :: Time to save 24.0981ms
[2026-03-22 09:21:13.591 DBG] Commands :: Time to save 17.4102ms
[2026-03-22 09:21:13.604 DBG] Twitch Rewards :: Time to save 13.5095ms
[2026-03-22 09:21:13.619 DBG] Midi :: Time to save 14.5807ms
[2026-03-22 09:21:13.634 DBG] OBS Settings :: Time to save 14.9903ms
[2026-03-22 09:21:13.650 DBG] MeldStudio Settings :: Time to save 16.0388ms
[2026-03-22 09:21:13.665 DBG] Credits :: Time to save 14.9147ms
[2026-03-22 09:21:13.683 DBG] Quotes :: Time to save 17.4014ms
[2026-03-22 09:21:13.753 DBG] Config :: Time to save 18.7897ms
[2026-03-22 09:21:33.664 DBG] ActionDispatcher :: Queueing 'Sub Goal' (361aa588-5f31-4e19-b8a5-099cae52479d, TimedAction) to 'Default' (00000000-0000-0000-0000-000000000000), with 11 arguments
[2026-03-22 09:21:33.664 DBG] ActionQueue :: 'Default' (00000000-0000-0000-0000-000000000000) :: Enqueue action 361aa588-5f31-4e19-b8a5-099cae52479d
[2026-03-22 09:21:33.664 DBG] ActionQueue :: 'Default' (00000000-0000-0000-0000-000000000000) :: Handling queue
[2026-03-22 09:21:33.664 DBG] ActionQueue :: 'Default' (00000000-0000-0000-0000-000000000000) :: Performing non-blocking 'Sub Goal' (361aa588-5f31-4e19-b8a5-099cae52479d, 2e527881-76fd-4b6d-b3b3-e12b134bcd9e)
[2026-03-22 09:21:44.111 DBG] ViewerRepo :: UpdatePresence(twitch, 5), 0.0381ms
[2026-03-22 09:21:44.205 DBG] TwitchService :: Presence Timer :: Artificially updated presence with a threshold of 5 minutes (94.3584ms)
[2026-03-22 09:22:44.120 DBG] ViewerRepo :: UpdatePresence(twitch, 5), 0.0391ms
[2026-03-22 09:22:44.717 DBG] TwitchService :: Presence Timer :: Artificially updated presence with a threshold of 5 minutes (597.8989ms)
[2026-03-22 09:23:44.127 DBG] ViewerRepo :: UpdatePresence(twitch, 5), 0.0359ms
[2026-03-22 09:23:44.225 DBG] TwitchService :: Presence Timer :: Artificially updated presence with a threshold of 5 minutes (98.0465ms)
[2026-03-22 09:24:17.704 DBG] Credits :: Time to save 12.591ms
[2026-03-22 09:24:44.138 DBG] ViewerRepo :: UpdatePresence(twitch, 5), 0.0366ms
[2026-03-22 09:24:44.232 DBG] TwitchService :: Presence Timer :: Artificially updated presence with a threshold of 5 minutes (94.6002ms)
[2026-03-22 09:25:44.144 DBG] ViewerRepo :: UpdatePresence(twitch, 5), 0.0376ms
[2026-03-22 09:25:44.239 DBG] TwitchService :: Presence Timer :: Artificially updated presence with a threshold of 5 minutes (96.0117ms)
[2026-03-22 09:26:13.797 DBG] AutoSave :: Auto saving settings...
[2026-03-22 09:26:13.818 DBG] Users :: Time to save 20.2344ms
[2026-03-22 09:26:13.843 DBG] Actions :: Time to save 25.6734ms
[2026-03-22 09:26:13.861 DBG] Commands :: Time to save 18.1139ms
[2026-03-22 09:26:13.879 DBG] Twitch Rewards :: Time to save 18.1922ms
[2026-03-22 09:26:13.893 DBG] Midi :: Time to save 14.8259ms
[2026-03-22 09:26:13.911 DBG] OBS Settings :: Time to save 15.601ms
[2026-03-22 09:26:13.923 DBG] MeldStudio Settings :: Time to save 12.0718ms
[2026-03-22 09:26:13.938 DBG] Credits :: Time to save 15.7751ms
[2026-03-22 09:26:13.954 DBG] Quotes :: Time to save 16.8103ms
[2026-03-22 09:26:14.019 DBG] Config :: Time to save 18.4777ms
[2026-03-22 09:26:44.159 DBG] ViewerRepo :: UpdatePresence(twitch, 5), 0.1087ms
[2026-03-22 09:26:44.253 DBG] TwitchService :: Presence Timer :: Artificially updated presence with a threshold of 5 minutes (93.5041ms)
[2026-03-22 09:27:44.164 DBG] ViewerRepo :: UpdatePresence(twitch, 5), 0.0369ms
[2026-03-22 09:27:44.254 DBG] TwitchService :: Presence Timer :: Artificially updated presence with a threshold of 5 minutes (90.3686ms)
[2026-03-22 09:28:44.176 DBG] ViewerRepo :: UpdatePresence(twitch, 5), 0.0354ms
[2026-03-22 09:28:44.274 DBG] TwitchService :: Presence Timer :: Artificially updated presence with a threshold of 5 minutes (97.3442ms)
[2026-03-22 09:29:01.120 DBG] StreamElements Socket :: Disconnected
[2026-03-22 09:29:01.120 INF] StreamElements Service :: Disconnected from Client
[2026-03-22 09:29:03.125 DBG] StreamElements Service :: Retrying client connection
[2026-03-22 09:29:03.125 INF] StreamElements Service :: Connecting to Client
[2026-03-22 09:29:03.125 DBG] StreamElements Socket :: Opening connection
[2026-03-22 09:29:03.427 INF] StreamElements Service :: Connected to Client
[2026-03-22 09:29:17.719 DBG] Credits :: Time to save 15.0709ms
[2026-03-22 09:29:44.187 DBG] ViewerRepo :: UpdatePresence(twitch, 5), 0.0428ms
[2026-03-22 09:29:44.281 DBG] TwitchService :: Presence Timer :: Artificially updated presence with a threshold of 5 minutes (94.9731ms)
[2026-03-22 09:30:44.188 DBG] ViewerRepo :: UpdatePresence(twitch, 5), 0.0363ms
[2026-03-22 09:30:44.287 DBG] TwitchService :: Presence Timer :: Artificially updated presence with a threshold of 5 minutes (98.3768ms)
[2026-03-22 09:31:14.047 DBG] AutoSave :: Auto saving settings...
[2026-03-22 09:31:14.066 DBG] Users :: Time to save 19.7024ms
[2026-03-22 09:31:14.087 DBG] Actions :: Time to save 21.215ms
[2026-03-22 09:31:14.105 DBG] Commands :: Time to save 18.0954ms
[2026-03-22 09:31:14.122 DBG] Twitch Rewards :: Time to save 16.0731ms
[2026-03-22 09:31:14.136 DBG] Midi :: Time to save 14.1975ms
[2026-03-22 09:31:14.151 DBG] OBS Settings :: Time to save 14.8247ms
[2026-03-22 09:31:14.164 DBG] MeldStudio Settings :: Time to save 13.4577ms
[2026-03-22 09:31:14.179 DBG] Credits :: Time to save 14.3122ms
[2026-03-22 09:31:14.196 DBG] Quotes :: Time to save 17.1758ms
[2026-03-22 09:31:14.267 DBG] Config :: Time to save 18.6773ms
[2026-03-22 09:31:34.146 DBG] ActionDispatcher :: Queueing 'Sub Goal' (361aa588-5f31-4e19-b8a5-099cae52479d, TimedAction) to 'Default' (00000000-0000-0000-0000-000000000000), with 11 arguments
[2026-03-22 09:31:34.146 DBG] ActionQueue :: 'Default' (00000000-0000-0000-0000-000000000000) :: Enqueue action 361aa588-5f31-4e19-b8a5-099cae52479d
[2026-03-22 09:31:34.146 DBG] ActionQueue :: 'Default' (00000000-0000-0000-0000-000000000000) :: Handling queue
[2026-03-22 09:31:34.146 DBG] ActionQueue :: 'Default' (00000000-0000-0000-0000-000000000000) :: Performing non-blocking 'Sub Goal' (361aa588-5f31-4e19-b8a5-099cae52479d, 55188321-d2a8-42b8-ad6d-2236f6a9b89d)
[2026-03-22 09:31:44.194 DBG] ViewerRepo :: UpdatePresence(twitch, 5), 0.037ms
[2026-03-22 09:31:44.286 DBG] TwitchService :: Presence Timer :: Artificially updated presence with a threshold of 5 minutes (93.4235ms)
[2026-03-22 09:32:44.210 DBG] ViewerRepo :: UpdatePresence(twitch, 5), 0.0333ms
[2026-03-22 09:32:44.304 DBG] TwitchService :: Presence Timer :: Artificially updated presence with a threshold of 5 minutes (94.3151ms)
[2026-03-22 09:33:44.219 DBG] ViewerRepo :: UpdatePresence(twitch, 5), 0.0375ms
[2026-03-22 09:33:44.317 DBG] TwitchService :: Presence Timer :: Artificially updated presence with a threshold of 5 minutes (97.8543ms)
[2026-03-22 09:34:17.736 DBG] Credits :: Time to save 16.7967ms
[2026-03-22 09:34:44.244 DBG] ViewerRepo :: UpdatePresence(twitch, 5), 0.037ms
[2026-03-22 09:34:44.333 DBG] TwitchService :: Presence Timer :: Artificially updated presence with a threshold of 5 minutes (89.9496ms)
[2026-03-22 09:35:44.258 DBG] ViewerRepo :: UpdatePresence(twitch, 5), 0.0375ms
[2026-03-22 09:35:44.355 DBG] TwitchService :: Presence Timer :: Artificially updated presence with a threshold of 5 minutes (96.9112ms)
[2026-03-22 09:36:14.286 DBG] AutoSave :: Auto saving settings...
[2026-03-22 09:36:14.308 DBG] Users :: Time to save 20.7564ms
[2026-03-22 09:36:14.331 DBG] Actions :: Time to save 23.8221ms
[2026-03-22 09:36:14.352 DBG] Commands :: Time to save 21.0758ms
[2026-03-22 09:36:14.371 DBG] Twitch Rewards :: Time to save 18.3702ms
[2026-03-22 09:36:14.386 DBG] Midi :: Time to save 15.6252ms
[2026-03-22 09:36:14.402 DBG] OBS Settings :: Time to save 14.9126ms
[2026-03-22 09:36:14.412 DBG] MeldStudio Settings :: Time to save 10.3079ms
[2026-03-22 09:36:14.426 DBG] Credits :: Time to save 13.7271ms
[2026-03-22 09:36:14.441 DBG] Quotes :: Time to save 15.3969ms
[2026-03-22 09:36:14.507 DBG] Config :: Time to save 18.2106ms
[2026-03-22 09:36:44.262 DBG] ViewerRepo :: UpdatePresence(twitch, 5), 0.0374ms
[2026-03-22 09:36:44.358 DBG] TwitchService :: Presence Timer :: Artificially updated presence with a threshold of 5 minutes (95.8637ms)
[2026-03-22 09:37:44.271 DBG] ViewerRepo :: UpdatePresence(twitch, 5), 0.0657ms
[2026-03-22 09:37:44.369 DBG] TwitchService :: Presence Timer :: Artificially updated presence with a threshold of 5 minutes (98.9101ms)
[2026-03-22 09:38:44.278 DBG] ViewerRepo :: UpdatePresence(twitch, 5), 0.0371ms
[2026-03-22 09:38:44.379 DBG] TwitchService :: Presence Timer :: Artificially updated presence with a threshold of 5 minutes (100.4323ms)
[2026-03-22 09:39:17.735 DBG] Credits :: Time to save 12.5963ms
[2026-03-22 09:39:44.287 DBG] ViewerRepo :: UpdatePresence(twitch, 5), 0.0385ms
[2026-03-22 09:39:44.380 DBG] TwitchService :: Presence Timer :: Artificially updated presence with a threshold of 5 minutes (93.0477ms)
[2026-03-22 09:40:44.295 DBG] ViewerRepo :: UpdatePresence(twitch, 5), 0.0392ms
[2026-03-22 09:40:44.392 DBG] TwitchService :: Presence Timer :: Artificially updated presence with a threshold of 5 minutes (96.65ms)
[2026-03-22 09:41:14.518 DBG] AutoSave :: Auto saving settings...
[2026-03-22 09:41:14.536 DBG] Users :: Time to save 18.8591ms
[2026-03-22 09:41:14.560 DBG] Actions :: Time to save 22.353ms
[2026-03-22 09:41:14.571 DBG] Commands :: Time to save 12.0301ms
[2026-03-22 09:41:14.587 DBG] Twitch Rewards :: Time to save 16.1224ms
[2026-03-22 09:41:14.601 DBG] Midi :: Time to save 14.1067ms
[2026-03-22 09:41:14.615 DBG] OBS Settings :: Time to save 13.3075ms
[2026-03-22 09:41:14.630 DBG] MeldStudio Settings :: Time to save 14.2426ms
[2026-03-22 09:41:14.644 DBG] Credits :: Time to save 14.945ms
[2026-03-22 09:41:14.662 DBG] Quotes :: Time to save 17.1411ms
[2026-03-22 09:41:14.740 DBG] Config :: Time to save 19.4008ms
[2026-03-22 09:41:34.723 DBG] ActionDispatcher :: Queueing 'Sub Goal' (361aa588-5f31-4e19-b8a5-099cae52479d, TimedAction) to 'Default' (00000000-0000-0000-0000-000000000000), with 11 arguments
[2026-03-22 09:41:34.723 DBG] ActionQueue :: 'Default' (00000000-0000-0000-0000-000000000000) :: Enqueue action 361aa588-5f31-4e19-b8a5-099cae52479d
[2026-03-22 09:41:34.723 DBG] ActionQueue :: 'Default' (00000000-0000-0000-0000-000000000000) :: Handling queue
[2026-03-22 09:41:34.723 DBG] ActionQueue :: 'Default' (00000000-0000-0000-0000-000000000000) :: Performing non-blocking 'Sub Goal' (361aa588-5f31-4e19-b8a5-099cae52479d, 575f59eb-0666-4275-b414-0b6fbea1bdc4)
[2026-03-22 09:41:44.300 DBG] ViewerRepo :: UpdatePresence(twitch, 5), 0.036ms
[2026-03-22 09:41:44.394 DBG] TwitchService :: Presence Timer :: Artificially updated presence with a threshold of 5 minutes (93.7445ms)
[2026-03-22 09:42:44.303 DBG] ViewerRepo :: UpdatePresence(twitch, 5), 0.0347ms
[2026-03-22 09:42:44.399 DBG] TwitchService :: Presence Timer :: Artificially updated presence with a threshold of 5 minutes (97.0311ms)
[2026-03-22 09:43:44.312 DBG] ViewerRepo :: UpdatePresence(twitch, 5), 0.0373ms
[2026-03-22 09:43:44.407 DBG] TwitchService :: Presence Timer :: Artificially updated presence with a threshold of 5 minutes (95.4586ms)
[2026-03-22 09:44:17.745 DBG] Credits :: Time to save 17.9279ms
[2026-03-22 09:44:44.322 DBG] ViewerRepo :: UpdatePresence(twitch, 5), 0.0391ms
[2026-03-22 09:44:44.420 DBG] TwitchService :: Presence Timer :: Artificially updated presence with a threshold of 5 minutes (97.6847ms)
[2026-03-22 09:45:44.333 DBG] ViewerRepo :: UpdatePresence(twitch, 5), 0.0385ms
[2026-03-22 09:45:44.430 DBG] TwitchService :: Presence Timer :: Artificially updated presence with a threshold of 5 minutes (97.4129ms)
[2026-03-22 09:46:14.755 DBG] AutoSave :: Auto saving settings...
[2026-03-22 09:46:14.773 DBG] Users :: Time to save 18.0534ms
[2026-03-22 09:46:14.797 DBG] Actions :: Time to save 23.8997ms
[2026-03-22 09:46:14.815 DBG] Commands :: Time to save 18.0566ms
[2026-03-22 09:46:14.832 DBG] Twitch Rewards :: Time to save 17.7365ms
[2026-03-22 09:46:14.848 DBG] Midi :: Time to save 14.6483ms
[2026-03-22 09:46:14.863 DBG] OBS Settings :: Time to save 15.7226ms
[2026-03-22 09:46:14.877 DBG] MeldStudio Settings :: Time to save 14.2752ms
[2026-03-22 09:46:14.892 DBG] Credits :: Time to save 14.4563ms
[2026-03-22 09:46:14.909 DBG] Quotes :: Time to save 17.0685ms
[2026-03-22 09:46:14.976 DBG] Config :: Time to save 18.5829ms
[2026-03-22 09:46:44.350 DBG] ViewerRepo :: UpdatePresence(twitch, 5), 0.0371ms
[2026-03-22 09:46:44.446 DBG] TwitchService :: Presence Timer :: Artificially updated presence with a threshold of 5 minutes (96.1606ms)
[2026-03-22 09:47:44.362 DBG] ViewerRepo :: UpdatePresence(twitch, 5), 0.0406ms
[2026-03-22 09:47:44.461 DBG] TwitchService :: Presence Timer :: Artificially updated presence with a threshold of 5 minutes (99.3621ms)
[2026-03-22 09:48:44.374 DBG] ViewerRepo :: UpdatePresence(twitch, 5), 0.037ms
[2026-03-22 09:48:44.465 DBG] TwitchService :: Presence Timer :: Artificially updated presence with a threshold of 5 minutes (91.379ms)
[2026-03-22 09:49:17.751 DBG] Credits :: Time to save 16.1113ms
[2026-03-22 09:49:44.384 DBG] ViewerRepo :: UpdatePresence(twitch, 5), 0.0421ms
[2026-03-22 09:49:44.480 DBG] TwitchService :: Presence Timer :: Artificially updated presence with a threshold of 5 minutes (95.8777ms)
[2026-03-22 09:50:44.390 DBG] ViewerRepo :: UpdatePresence(twitch, 5), 0.0346ms
[2026-03-22 09:50:44.482 DBG] TwitchService :: Presence Timer :: Artificially updated presence with a threshold of 5 minutes (91.3673ms)
[2026-03-22 09:51:14.963 DBG] AutoSave :: Auto saving settings...
[2026-03-22 09:51:14.977 DBG] Users :: Time to save 14.7095ms
[2026-03-22 09:51:15.001 DBG] Actions :: Time to save 23.28ms
[2026-03-22 09:51:15.019 DBG] Commands :: Time to save 18.4064ms
[2026-03-22 09:51:15.035 DBG] Twitch Rewards :: Time to save 16.011ms
[2026-03-22 09:51:15.050 DBG] Midi :: Time to save 14.2317ms
[2026-03-22 09:51:15.065 DBG] OBS Settings :: Time to save 14.8529ms
[2026-03-22 09:51:15.079 DBG] MeldStudio Settings :: Time to save 14.4925ms
[2026-03-22 09:51:15.093 DBG] Credits :: Time to save 15.0589ms
[2026-03-22 09:51:15.111 DBG] Quotes :: Time to save 16.8032ms
[2026-03-22 09:51:15.186 DBG] Config :: Time to save 18.9694ms
[2026-03-22 09:51:35.029 DBG] ActionDispatcher :: Queueing 'Sub Goal' (361aa588-5f31-4e19-b8a5-099cae52479d, TimedAction) to 'Default' (00000000-0000-0000-0000-000000000000), with 11 arguments
[2026-03-22 09:51:35.029 DBG] ActionQueue :: 'Default' (00000000-0000-0000-0000-000000000000) :: Enqueue action 361aa588-5f31-4e19-b8a5-099cae52479d
[2026-03-22 09:51:35.029 DBG] ActionQueue :: 'Default' (00000000-0000-0000-0000-000000000000) :: Handling queue
[2026-03-22 09:51:35.029 DBG] ActionQueue :: 'Default' (00000000-0000-0000-0000-000000000000) :: Performing non-blocking 'Sub Goal' (361aa588-5f31-4e19-b8a5-099cae52479d, 8d7eacc7-6356-474d-80e5-e4889b9f5d2f)
[2026-03-22 09:51:44.391 DBG] ViewerRepo :: UpdatePresence(twitch, 5), 0.0362ms
[2026-03-22 09:51:44.489 DBG] TwitchService :: Presence Timer :: Artificially updated presence with a threshold of 5 minutes (98.4653ms)
[2026-03-22 09:52:44.402 DBG] ViewerRepo :: UpdatePresence(twitch, 5), 0.036ms
[2026-03-22 09:52:44.496 DBG] TwitchService :: Presence Timer :: Artificially updated presence with a threshold of 5 minutes (94.6919ms)
[2026-03-22 09:53:44.408 DBG] ViewerRepo :: UpdatePresence(twitch, 5), 0.0365ms
[2026-03-22 09:53:44.503 DBG] TwitchService :: Presence Timer :: Artificially updated presence with a threshold of 5 minutes (96.2537ms)
[2026-03-22 09:54:17.766 DBG] Credits :: Time to save 16.8157ms
[2026-03-22 09:54:44.420 DBG] ViewerRepo :: UpdatePresence(twitch, 5), 0.0534ms
[2026-03-22 09:54:44.651 DBG] TwitchService :: Presence Timer :: Artificially updated presence with a threshold of 5 minutes (231.1503ms)
[2026-03-22 09:55:44.424 DBG] ViewerRepo :: UpdatePresence(twitch, 5), 0.0372ms
[2026-03-22 09:55:44.520 DBG] TwitchService :: Presence Timer :: Artificially updated presence with a threshold of 5 minutes (95.9286ms)
[2026-03-22 09:56:15.208 DBG] AutoSave :: Auto saving settings...
[2026-03-22 09:56:15.227 DBG] Users :: Time to save 19.3505ms
[2026-03-22 09:56:15.251 DBG] Actions :: Time to save 23.8976ms
[2026-03-22 09:56:15.268 DBG] Commands :: Time to save 16.7181ms
[2026-03-22 09:56:15.285 DBG] Twitch Rewards :: Time to save 16.5973ms
[2026-03-22 09:56:15.298 DBG] Midi :: Time to save 14.1241ms
[2026-03-22 09:56:15.313 DBG] OBS Settings :: Time to save 14.5095ms
[2026-03-22 09:56:15.327 DBG] MeldStudio Settings :: Time to save 14.1183ms
[2026-03-22 09:56:15.341 DBG] Credits :: Time to save 14.0397ms
[2026-03-22 09:56:15.358 DBG] Quotes :: Time to save 16.599ms
[2026-03-22 09:56:15.431 DBG] Config :: Time to save 19.1832ms
[2026-03-22 09:56:44.425 DBG] ViewerRepo :: UpdatePresence(twitch, 5), 0.0375ms
[2026-03-22 09:56:44.516 DBG] TwitchService :: Presence Timer :: Artificially updated presence with a threshold of 5 minutes (91.7179ms)
[2026-03-22 09:57:44.439 DBG] ViewerRepo :: UpdatePresence(twitch, 5), 0.0362ms
[2026-03-22 09:57:44.533 DBG] TwitchService :: Presence Timer :: Artificially updated presence with a threshold of 5 minutes (94.5988ms)
[2026-03-22 09:58:44.453 DBG] ViewerRepo :: UpdatePresence(twitch, 5), 0.0391ms
[2026-03-22 09:58:44.546 DBG] TwitchService :: Presence Timer :: Artificially updated presence with a threshold of 5 minutes (94.1811ms)
[2026-03-22 09:59:17.770 DBG] Credits :: Time to save 16.4526ms
[2026-03-22 09:59:44.468 DBG] ViewerRepo :: UpdatePresence(twitch, 5), 0.0384ms
[2026-03-22 09:59:44.563 DBG] TwitchService :: Presence Timer :: Artificially updated presence with a threshold of 5 minutes (95.1945ms)
[2026-03-22 10:00:44.471 DBG] ViewerRepo :: UpdatePresence(twitch, 5), 0.0369ms
[2026-03-22 10:00:44.569 DBG] TwitchService :: Presence Timer :: Artificially updated presence with a threshold of 5 minutes (98.1805ms)
[2026-03-22 10:01:15.454 DBG] AutoSave :: Auto saving settings...
[2026-03-22 10:01:15.475 DBG] Users :: Time to save 19.8025ms
[2026-03-22 10:01:15.498 DBG] Actions :: Time to save 24.2968ms
[2026-03-22 10:01:15.515 DBG] Commands :: Time to save 16.1329ms
[2026-03-22 10:01:15.531 DBG] Twitch Rewards :: Time to save 16.9346ms
[2026-03-22 10:01:15.547 DBG] Midi :: Time to save 15.7723ms
[2026-03-22 10:01:15.562 DBG] OBS Settings :: Time to save 14.5684ms
[2026-03-22 10:01:15.577 DBG] MeldStudio Settings :: Time to save 14.866ms
[2026-03-22 10:01:15.592 DBG] Credits :: Time to save 15.2604ms
[2026-03-22 10:01:15.609 DBG] Quotes :: Time to save 16.5098ms
[2026-03-22 10:01:15.673 DBG] Config :: Time to save 18.4569ms
[2026-03-22 10:01:35.783 DBG] ActionDispatcher :: Queueing 'Sub Goal' (361aa588-5f31-4e19-b8a5-099cae52479d, TimedAction) to 'Default' (00000000-0000-0000-0000-000000000000), with 11 arguments
[2026-03-22 10:01:35.783 DBG] ActionQueue :: 'Default' (00000000-0000-0000-0000-000000000000) :: Enqueue action 361aa588-5f31-4e19-b8a5-099cae52479d
[2026-03-22 10:01:35.783 DBG] ActionQueue :: 'Default' (00000000-0000-0000-0000-000000000000) :: Handling queue
[2026-03-22 10:01:35.783 DBG] ActionQueue :: 'Default' (00000000-0000-0000-0000-000000000000) :: Performing non-blocking 'Sub Goal' (361aa588-5f31-4e19-b8a5-099cae52479d, 649a3577-477b-4c3d-b8f7-ed0cecd3ca51)
[2026-03-22 10:01:44.481 DBG] ViewerRepo :: UpdatePresence(twitch, 5), 0.0372ms
[2026-03-22 10:01:44.575 DBG] TwitchService :: Presence Timer :: Artificially updated presence with a threshold of 5 minutes (94.5127ms)
[2026-03-22 10:02:44.495 DBG] ViewerRepo :: UpdatePresence(twitch, 5), 0.0355ms
[2026-03-22 10:02:44.591 DBG] TwitchService :: Presence Timer :: Artificially updated presence with a threshold of 5 minutes (96.2728ms)
[2026-03-22 10:03:44.508 DBG] ViewerRepo :: UpdatePresence(twitch, 5), 0.0362ms
[2026-03-22 10:03:44.603 DBG] TwitchService :: Presence Timer :: Artificially updated presence with a threshold of 5 minutes (96.0339ms)
[2026-03-22 10:04:17.773 DBG] Credits :: Time to save 18.9067ms
[2026-03-22 10:04:44.512 DBG] ViewerRepo :: UpdatePresence(twitch, 5), 0.0978ms
[2026-03-22 10:04:44.608 DBG] TwitchService :: Presence Timer :: Artificially updated presence with a threshold of 5 minutes (96.3558ms)
[2026-03-22 10:05:44.539 DBG] ViewerRepo :: UpdatePresence(twitch, 5), 0.0354ms
[2026-03-22 10:05:44.636 DBG] TwitchService :: Presence Timer :: Artificially updated presence with a threshold of 5 minutes (97.5758ms)
[2026-03-22 10:06:15.711 DBG] AutoSave :: Auto saving settings...
[2026-03-22 10:06:15.730 DBG] Users :: Time to save 19.6985ms
[2026-03-22 10:06:15.757 DBG] Actions :: Time to save 26.8753ms
[2026-03-22 10:06:15.775 DBG] Commands :: Time to save 17.6836ms
[2026-03-22 10:06:15.792 DBG] Twitch Rewards :: Time to save 16.8644ms
[2026-03-22 10:06:15.802 DBG] Midi :: Time to save 9.906ms
[2026-03-22 10:06:15.816 DBG] OBS Settings :: Time to save 14.5426ms
[2026-03-22 10:06:15.830 DBG] MeldStudio Settings :: Time to save 14.051ms
[2026-03-22 10:06:15.845 DBG] Credits :: Time to save 14.6098ms
[2026-03-22 10:06:15.862 DBG] Quotes :: Time to save 16.2009ms
[2026-03-22 10:06:15.933 DBG] Config :: Time to save 19.0274ms
[2026-03-22 10:06:44.548 DBG] ViewerRepo :: UpdatePresence(twitch, 5), 0.0453ms
[2026-03-22 10:06:44.642 DBG] TwitchService :: Presence Timer :: Artificially updated presence with a threshold of 5 minutes (95.0755ms)
[2026-03-22 10:07:44.561 DBG] ViewerRepo :: UpdatePresence(twitch, 5), 0.0364ms
[2026-03-22 10:07:44.653 DBG] TwitchService :: Presence Timer :: Artificially updated presence with a threshold of 5 minutes (93.2247ms)
[2026-03-22 10:08:44.575 DBG] ViewerRepo :: UpdatePresence(twitch, 5), 0.0365ms
[2026-03-22 10:08:44.673 DBG] TwitchService :: Presence Timer :: Artificially updated presence with a threshold of 5 minutes (98.2894ms)
[2026-03-22 10:09:17.783 DBG] Credits :: Time to save 16.8741ms
[2026-03-22 10:09:44.576 DBG] ViewerRepo :: UpdatePresence(twitch, 5), 0.0554ms
[2026-03-22 10:09:44.667 DBG] TwitchService :: Presence Timer :: Artificially updated presence with a threshold of 5 minutes (91.6904ms)
[2026-03-22 10:10:44.578 DBG] ViewerRepo :: UpdatePresence(twitch, 5), 0.0373ms
[2026-03-22 10:10:44.677 DBG] TwitchService :: Presence Timer :: Artificially updated presence with a threshold of 5 minutes (98.8321ms)
[2026-03-22 10:11:15.952 DBG] AutoSave :: Auto saving settings...
[2026-03-22 10:11:15.972 DBG] Users :: Time to save 19.532ms
[2026-03-22 10:11:15.995 DBG] Actions :: Time to save 22.8396ms
[2026-03-22 10:11:16.012 DBG] Commands :: Time to save 17.0337ms
[2026-03-22 10:11:16.028 DBG] Twitch Rewards :: Time to save 16.5343ms
[2026-03-22 10:11:16.043 DBG] Midi :: Time to save 14.8177ms
[2026-03-22 10:11:16.058 DBG] OBS Settings :: Time to save 14.9103ms
[2026-03-22 10:11:16.073 DBG] MeldStudio Settings :: Time to save 14.4578ms
[2026-03-22 10:11:16.086 DBG] Credits :: Time to save 13.7001ms
[2026-03-22 10:11:16.103 DBG] Quotes :: Time to save 16.6248ms
[2026-03-22 10:11:16.171 DBG] Config :: Time to save 18.2448ms
[2026-03-22 10:11:36.667 DBG] ActionDispatcher :: Queueing 'Sub Goal' (361aa588-5f31-4e19-b8a5-099cae52479d, TimedAction) to 'Default' (00000000-0000-0000-0000-000000000000), with 11 arguments
[2026-03-22 10:11:36.667 DBG] ActionQueue :: 'Default' (00000000-0000-0000-0000-000000000000) :: Enqueue action 361aa588-5f31-4e19-b8a5-099cae52479d
[2026-03-22 10:11:36.667 DBG] ActionQueue :: 'Default' (00000000-0000-0000-0000-000000000000) :: Handling queue
[2026-03-22 10:11:36.667 DBG] ActionQueue :: 'Default' (00000000-0000-0000-0000-000000000000) :: Performing non-blocking 'Sub Goal' (361aa588-5f31-4e19-b8a5-099cae52479d, cfb49b03-0d67-4801-8c9b-52655ab5b6e6)
[2026-03-22 10:11:44.586 DBG] ViewerRepo :: UpdatePresence(twitch, 5), 0.0379ms
[2026-03-22 10:11:44.682 DBG] TwitchService :: Presence Timer :: Artificially updated presence with a threshold of 5 minutes (96.3665ms)
[2026-03-22 10:12:44.590 DBG] ViewerRepo :: UpdatePresence(twitch, 5), 0.0398ms
[2026-03-22 10:12:44.683 DBG] TwitchService :: Presence Timer :: Artificially updated presence with a threshold of 5 minutes (93.2995ms)
[2026-03-22 10:13:44.592 DBG] ViewerRepo :: UpdatePresence(twitch, 5), 0.0357ms
[2026-03-22 10:13:44.683 DBG] TwitchService :: Presence Timer :: Artificially updated presence with a threshold of 5 minutes (91.3029ms)
[2026-03-22 10:14:17.798 DBG] Credits :: Time to save 16.163ms
[2026-03-22 10:14:44.593 DBG] ViewerRepo :: UpdatePresence(twitch, 5), 0.0363ms
[2026-03-22 10:14:44.689 DBG] TwitchService :: Presence Timer :: Artificially updated presence with a threshold of 5 minutes (95.61ms)
[2026-03-22 10:15:44.606 DBG] ViewerRepo :: UpdatePresence(twitch, 5), 0.0725ms
[2026-03-22 10:15:44.702 DBG] TwitchService :: Presence Timer :: Artificially updated presence with a threshold of 5 minutes (95.5118ms)
[2026-03-22 10:16:16.204 DBG] AutoSave :: Auto saving settings...
[2026-03-22 10:16:16.223 DBG] Users :: Time to save 18.3524ms
[2026-03-22 10:16:16.245 DBG] Actions :: Time to save 22.3476ms
[2026-03-22 10:16:16.261 DBG] Commands :: Time to save 16.3838ms
[2026-03-22 10:16:16.278 DBG] Twitch Rewards :: Time to save 16.4191ms
[2026-03-22 10:16:16.293 DBG] Midi :: Time to save 15.0338ms
[2026-03-22 10:16:16.309 DBG] OBS Settings :: Time to save 15.7952ms
[2026-03-22 10:16:16.321 DBG] MeldStudio Settings :: Time to save 12.1626ms
[2026-03-22 10:16:16.336 DBG] Credits :: Time to save 14.9096ms
[2026-03-22 10:16:16.354 DBG] Quotes :: Time to save 17.6765ms
[2026-03-22 10:16:16.429 DBG] Config :: Time to save 18.8021ms
[2026-03-22 10:16:44.610 DBG] ViewerRepo :: UpdatePresence(twitch, 5), 0.0335ms
[2026-03-22 10:16:44.705 DBG] TwitchService :: Presence Timer :: Artificially updated presence with a threshold of 5 minutes (94.5243ms)
[2026-03-22 10:17:44.625 DBG] ViewerRepo :: UpdatePresence(twitch, 5), 0.0372ms
[2026-03-22 10:17:44.719 DBG] TwitchService :: Presence Timer :: Artificially updated presence with a threshold of 5 minutes (94.256ms)
[2026-03-22 10:18:44.630 DBG] ViewerRepo :: UpdatePresence(twitch, 5), 0.0351ms
[2026-03-22 10:18:44.727 DBG] TwitchService :: Presence Timer :: Artificially updated presence with a threshold of 5 minutes (97.8767ms)
[2026-03-22 10:19:17.800 DBG] Credits :: Time to save 13.97ms
[2026-03-22 10:19:44.632 DBG] ViewerRepo :: UpdatePresence(twitch, 5), 0.0377ms
[2026-03-22 10:19:44.727 DBG] TwitchService :: Presence Timer :: Artificially updated presence with a threshold of 5 minutes (95.3919ms)
[2026-03-22 10:20:44.641 DBG] ViewerRepo :: UpdatePresence(twitch, 5), 0.0405ms
[2026-03-22 10:20:44.733 DBG] TwitchService :: Presence Timer :: Artificially updated presence with a threshold of 5 minutes (92.6711ms)
[2026-03-22 10:21:16.426 DBG] AutoSave :: Auto saving settings...
[2026-03-22 10:21:16.445 DBG] Users :: Time to save 18.5062ms
[2026-03-22 10:21:16.469 DBG] Actions :: Time to save 24.3005ms
[2026-03-22 10:21:16.485 DBG] Commands :: Time to save 16.4105ms
[2026-03-22 10:21:16.502 DBG] Twitch Rewards :: Time to save 17.14ms
[2026-03-22 10:21:16.516 DBG] Midi :: Time to save 13.8754ms
[2026-03-22 10:21:16.531 DBG] OBS Settings :: Time to save 14.5742ms
[2026-03-22 10:21:16.545 DBG] MeldStudio Settings :: Time to save 13.5381ms
[2026-03-22 10:21:16.559 DBG] Credits :: Time to save 15.1602ms
[2026-03-22 10:21:16.576 DBG] Quotes :: Time to save 16.5371ms
[2026-03-22 10:21:16.650 DBG] Config :: Time to save 18.4803ms
[2026-03-22 10:21:37.202 DBG] ActionDispatcher :: Queueing 'Sub Goal' (361aa588-5f31-4e19-b8a5-099cae52479d, TimedAction) to 'Default' (00000000-0000-0000-0000-000000000000), with 11 arguments
[2026-03-22 10:21:37.202 DBG] ActionQueue :: 'Default' (00000000-0000-0000-0000-000000000000) :: Enqueue action 361aa588-5f31-4e19-b8a5-099cae52479d
[2026-03-22 10:21:37.202 DBG] ActionQueue :: 'Default' (00000000-0000-0000-0000-000000000000) :: Handling queue
[2026-03-22 10:21:37.202 DBG] ActionQueue :: 'Default' (00000000-0000-0000-0000-000000000000) :: Performing non-blocking 'Sub Goal' (361aa588-5f31-4e19-b8a5-099cae52479d, cb2550c4-1265-4be8-9a1a-3dd0c361114d)
[2026-03-22 10:21:44.661 DBG] ViewerRepo :: UpdatePresence(twitch, 5), 0.0378ms
[2026-03-22 10:21:44.757 DBG] TwitchService :: Presence Timer :: Artificially updated presence with a threshold of 5 minutes (96.0687ms)
[2026-03-22 10:22:44.676 DBG] ViewerRepo :: UpdatePresence(twitch, 5), 0.0332ms
[2026-03-22 10:22:45.251 DBG] TwitchService :: Presence Timer :: Artificially updated presence with a threshold of 5 minutes (574.6387ms)
[2026-03-22 10:23:44.690 DBG] ViewerRepo :: UpdatePresence(twitch, 5), 0.0346ms
[2026-03-22 10:23:44.783 DBG] TwitchService :: Presence Timer :: Artificially updated presence with a threshold of 5 minutes (93.9237ms)
[2026-03-22 10:24:17.802 DBG] Credits :: Time to save 16.9632ms
[2026-03-22 10:24:44.691 DBG] ViewerRepo :: UpdatePresence(twitch, 5), 0.0508ms
[2026-03-22 10:24:44.787 DBG] TwitchService :: Presence Timer :: Artificially updated presence with a threshold of 5 minutes (95.8982ms)
[2026-03-22 10:25:44.696 DBG] ViewerRepo :: UpdatePresence(twitch, 5), 0.0353ms
[2026-03-22 10:25:44.787 DBG] TwitchService :: Presence Timer :: Artificially updated presence with a threshold of 5 minutes (91.2103ms)
[2026-03-22 10:26:16.670 DBG] AutoSave :: Auto saving settings...
[2026-03-22 10:26:16.690 DBG] Users :: Time to save 20.4515ms
[2026-03-22 10:26:16.715 DBG] Actions :: Time to save 24.0542ms
[2026-03-22 10:26:16.733 DBG] Commands :: Time to save 17.9961ms
[2026-03-22 10:26:16.749 DBG] Twitch Rewards :: Time to save 16.4315ms
[2026-03-22 10:26:16.763 DBG] Midi :: Time to save 15.0246ms
[2026-03-22 10:26:16.776 DBG] OBS Settings :: Time to save 12.3351ms
[2026-03-22 10:26:16.792 DBG] MeldStudio Settings :: Time to save 15.3159ms
[2026-03-22 10:26:16.806 DBG] Credits :: Time to save 14.8741ms
[2026-03-22 10:26:16.823 DBG] Quotes :: Time to save 17.2511ms
[2026-03-22 10:26:16.893 DBG] Config :: Time to save 18.6132ms
[2026-03-22 10:26:44.703 DBG] ViewerRepo :: UpdatePresence(twitch, 5), 0.0381ms
[2026-03-22 10:26:44.801 DBG] TwitchService :: Presence Timer :: Artificially updated presence with a threshold of 5 minutes (98.0843ms)
[2026-03-22 10:27:44.715 DBG] ViewerRepo :: UpdatePresence(twitch, 5), 0.0399ms
[2026-03-22 10:27:44.813 DBG] TwitchService :: Presence Timer :: Artificially updated presence with a threshold of 5 minutes (97.9846ms)
[2026-03-22 10:28:44.716 DBG] ViewerRepo :: UpdatePresence(twitch, 5), 0.0356ms
[2026-03-22 10:28:44.814 DBG] TwitchService :: Presence Timer :: Artificially updated presence with a threshold of 5 minutes (98.8381ms)
[2026-03-22 10:29:17.813 DBG] Credits :: Time to save 17.3921ms
[2026-03-22 10:29:44.723 DBG] ViewerRepo :: UpdatePresence(twitch, 5), 0.0358ms
[2026-03-22 10:29:44.816 DBG] TwitchService :: Presence Timer :: Artificially updated presence with a threshold of 5 minutes (92.9766ms)
[2026-03-22 10:30:44.737 DBG] ViewerRepo :: UpdatePresence(twitch, 5), 0.0366ms
[2026-03-22 10:30:44.830 DBG] TwitchService :: Presence Timer :: Artificially updated presence with a threshold of 5 minutes (93.6704ms)
[2026-03-22 10:31:16.903 DBG] AutoSave :: Auto saving settings...
[2026-03-22 10:31:16.923 DBG] Users :: Time to save 19.8302ms
[2026-03-22 10:31:16.946 DBG] Actions :: Time to save 24.1042ms
[2026-03-22 10:31:16.964 DBG] Commands :: Time to save 17.8964ms
[2026-03-22 10:31:16.983 DBG] Twitch Rewards :: Time to save 17.8064ms
[2026-03-22 10:31:16.999 DBG] Midi :: Time to save 16.3267ms
[2026-03-22 10:31:17.014 DBG] OBS Settings :: Time to save 15.3177ms
[2026-03-22 10:31:17.029 DBG] MeldStudio Settings :: Time to save 14.5006ms
[2026-03-22 10:31:17.043 DBG] Credits :: Time to save 14.295ms
[2026-03-22 10:31:17.059 DBG] Quotes :: Time to save 15.5793ms
[2026-03-22 10:31:17.125 DBG] Config :: Time to save 18.5797ms
[2026-03-22 10:31:37.773 DBG] ActionDispatcher :: Queueing 'Sub Goal' (361aa588-5f31-4e19-b8a5-099cae52479d, TimedAction) to 'Default' (00000000-0000-0000-0000-000000000000), with 11 arguments
[2026-03-22 10:31:37.773 DBG] ActionQueue :: 'Default' (00000000-0000-0000-0000-000000000000) :: Enqueue action 361aa588-5f31-4e19-b8a5-099cae52479d
[2026-03-22 10:31:37.773 DBG] ActionQueue :: 'Default' (00000000-0000-0000-0000-000000000000) :: Handling queue
[2026-03-22 10:31:37.773 DBG] ActionQueue :: 'Default' (00000000-0000-0000-0000-000000000000) :: Performing non-blocking 'Sub Goal' (361aa588-5f31-4e19-b8a5-099cae52479d, c73f5e50-8d27-44d6-943f-bf71f590ee29)
[2026-03-22 10:31:44.751 DBG] ViewerRepo :: UpdatePresence(twitch, 5), 0.0383ms
[2026-03-22 10:31:44.846 DBG] TwitchService :: Presence Timer :: Artificially updated presence with a threshold of 5 minutes (95.6629ms)
[2026-03-22 10:32:44.763 DBG] ViewerRepo :: UpdatePresence(twitch, 5), 0.0606ms
[2026-03-22 10:32:44.859 DBG] TwitchService :: Presence Timer :: Artificially updated presence with a threshold of 5 minutes (95.9252ms)
[2026-03-22 10:33:44.782 DBG] ViewerRepo :: UpdatePresence(twitch, 5), 0.0366ms
[2026-03-22 10:33:44.877 DBG] TwitchService :: Presence Timer :: Artificially updated presence with a threshold of 5 minutes (95.9715ms)
[2026-03-22 10:34:17.825 DBG] Credits :: Time to save 13.4402ms
[2026-03-22 10:34:44.806 DBG] ViewerRepo :: UpdatePresence(twitch, 5), 0.0355ms
[2026-03-22 10:34:44.902 DBG] TwitchService :: Presence Timer :: Artificially updated presence with a threshold of 5 minutes (95.8018ms)
[2026-03-22 10:35:44.819 DBG] ViewerRepo :: UpdatePresence(twitch, 5), 0.0384ms
[2026-03-22 10:35:44.910 DBG] TwitchService :: Presence Timer :: Artificially updated presence with a threshold of 5 minutes (91.7258ms)
[2026-03-22 10:36:17.152 DBG] AutoSave :: Auto saving settings...
[2026-03-22 10:36:17.172 DBG] Users :: Time to save 20.6402ms
[2026-03-22 10:36:17.197 DBG] Actions :: Time to save 24.5988ms
[2026-03-22 10:36:17.213 DBG] Commands :: Time to save 16.9255ms
[2026-03-22 10:36:17.231 DBG] Twitch Rewards :: Time to save 16.7577ms
[2026-03-22 10:36:17.246 DBG] Midi :: Time to save 15.7189ms
[2026-03-22 10:36:17.263 DBG] OBS Settings :: Time to save 15.9422ms
[2026-03-22 10:36:17.278 DBG] MeldStudio Settings :: Time to save 14.6029ms
[2026-03-22 10:36:17.293 DBG] Credits :: Time to save 15.7321ms
[2026-03-22 10:36:17.311 DBG] Quotes :: Time to save 17.8293ms
[2026-03-22 10:36:17.374 DBG] Config :: Time to save 19.3311ms
[2026-03-22 10:36:44.827 DBG] ViewerRepo :: UpdatePresence(twitch, 5), 0.0355ms
[2026-03-22 10:36:44.923 DBG] TwitchService :: Presence Timer :: Artificially updated presence with a threshold of 5 minutes (96.4981ms)
[2026-03-22 10:37:44.828 DBG] ViewerRepo :: UpdatePresence(twitch, 5), 0.0367ms
[2026-03-22 10:37:44.923 DBG] TwitchService :: Presence Timer :: Artificially updated presence with a threshold of 5 minutes (95.2132ms)
[2026-03-22 10:38:44.828 DBG] ViewerRepo :: UpdatePresence(twitch, 5), 0.0389ms
[2026-03-22 10:38:44.922 DBG] TwitchService :: Presence Timer :: Artificially updated presence with a threshold of 5 minutes (93.6217ms)
[2026-03-22 10:39:17.841 DBG] Credits :: Time to save 17.1614ms
[2026-03-22 10:39:44.831 DBG] ViewerRepo :: UpdatePresence(twitch, 5), 0.0365ms
[2026-03-22 10:39:44.923 DBG] TwitchService :: Presence Timer :: Artificially updated presence with a threshold of 5 minutes (92.5075ms)
[2026-03-22 10:40:44.837 DBG] ViewerRepo :: UpdatePresence(twitch, 5), 0.0357ms
[2026-03-22 10:40:44.930 DBG] TwitchService :: Presence Timer :: Artificially updated presence with a threshold of 5 minutes (94.048ms)
[2026-03-22 10:41:17.401 DBG] AutoSave :: Auto saving settings...
[2026-03-22 10:41:17.415 DBG] Users :: Time to save 14.6218ms
[2026-03-22 10:41:17.439 DBG] Actions :: Time to save 23.1312ms
[2026-03-22 10:41:17.457 DBG] Commands :: Time to save 17.2986ms
[2026-03-22 10:41:17.475 DBG] Twitch Rewards :: Time to save 17.7165ms
[2026-03-22 10:41:17.490 DBG] Midi :: Time to save 15.9206ms
[2026-03-22 10:41:17.507 DBG] OBS Settings :: Time to save 16.5186ms
[2026-03-22 10:41:17.522 DBG] MeldStudio Settings :: Time to save 14.7519ms
[2026-03-22 10:41:17.535 DBG] Credits :: Time to save 14.1648ms
[2026-03-22 10:41:17.552 DBG] Quotes :: Time to save 17.0702ms
[2026-03-22 10:41:17.637 DBG] Config :: Time to save 18.9858ms
[2026-03-22 10:41:38.400 DBG] ActionDispatcher :: Queueing 'Sub Goal' (361aa588-5f31-4e19-b8a5-099cae52479d, TimedAction) to 'Default' (00000000-0000-0000-0000-000000000000), with 11 arguments
[2026-03-22 10:41:38.400 DBG] ActionQueue :: 'Default' (00000000-0000-0000-0000-000000000000) :: Enqueue action 361aa588-5f31-4e19-b8a5-099cae52479d
[2026-03-22 10:41:38.400 DBG] ActionQueue :: 'Default' (00000000-0000-0000-0000-000000000000) :: Handling queue
[2026-03-22 10:41:38.400 DBG] ActionQueue :: 'Default' (00000000-0000-0000-0000-000000000000) :: Performing non-blocking 'Sub Goal' (361aa588-5f31-4e19-b8a5-099cae52479d, 3489351c-645a-411e-86e5-b4b0b49110fe)
[2026-03-22 10:41:44.845 DBG] ViewerRepo :: UpdatePresence(twitch, 5), 0.0367ms
[2026-03-22 10:41:44.941 DBG] TwitchService :: Presence Timer :: Artificially updated presence with a threshold of 5 minutes (96.7024ms)
[2026-03-22 10:42:44.857 DBG] ViewerRepo :: UpdatePresence(twitch, 5), 0.0402ms
[2026-03-22 10:42:44.953 DBG] TwitchService :: Presence Timer :: Artificially updated presence with a threshold of 5 minutes (97.0116ms)
[2026-03-22 10:43:44.866 DBG] ViewerRepo :: UpdatePresence(twitch, 5), 0.0505ms
[2026-03-22 10:43:44.963 DBG] TwitchService :: Presence Timer :: Artificially updated presence with a threshold of 5 minutes (97.2739ms)
[2026-03-22 10:44:17.847 DBG] Credits :: Time to save 16.0221ms
[2026-03-22 10:44:44.875 DBG] ViewerRepo :: UpdatePresence(twitch, 5), 0.0379ms
[2026-03-22 10:44:44.971 DBG] TwitchService :: Presence Timer :: Artificially updated presence with a threshold of 5 minutes (96.5943ms)
[2026-03-22 10:45:44.881 DBG] ViewerRepo :: UpdatePresence(twitch, 5), 0.0377ms
[2026-03-22 10:45:44.972 DBG] TwitchService :: Presence Timer :: Artificially updated presence with a threshold of 5 minutes (90.4267ms)
[2026-03-22 10:46:17.642 DBG] AutoSave :: Auto saving settings...
[2026-03-22 10:46:17.661 DBG] Users :: Time to save 18.7234ms
[2026-03-22 10:46:17.684 DBG] Actions :: Time to save 23.4772ms
[2026-03-22 10:46:17.701 DBG] Commands :: Time to save 17.0185ms
[2026-03-22 10:46:17.718 DBG] Twitch Rewards :: Time to save 17.2302ms
[2026-03-22 10:46:17.732 DBG] Midi :: Time to save 13.9047ms
[2026-03-22 10:46:17.746 DBG] OBS Settings :: Time to save 14.3481ms
[2026-03-22 10:46:17.761 DBG] MeldStudio Settings :: Time to save 14.687ms
[2026-03-22 10:46:17.775 DBG] Credits :: Time to save 13.1038ms
[2026-03-22 10:46:17.791 DBG] Quotes :: Time to save 15.9123ms
[2026-03-22 10:46:17.865 DBG] Config :: Time to save 18.5831ms
[2026-03-22 10:46:44.890 DBG] ViewerRepo :: UpdatePresence(twitch, 5), 0.0358ms
[2026-03-22 10:46:44.982 DBG] TwitchService :: Presence Timer :: Artificially updated presence with a threshold of 5 minutes (92.7073ms)
[2026-03-22 10:47:44.902 DBG] ViewerRepo :: UpdatePresence(twitch, 5), 0.0366ms
[2026-03-22 10:47:44.998 DBG] TwitchService :: Presence Timer :: Artificially updated presence with a threshold of 5 minutes (95.835ms)
[2026-03-22 10:48:44.905 DBG] ViewerRepo :: UpdatePresence(twitch, 5), 0.0417ms
[2026-03-22 10:48:44.975 DBG] TwitchService :: Presence Timer :: Artificially updated presence with a threshold of 5 minutes (69.9658ms)
[2026-03-22 10:49:17.847 DBG] Credits :: Time to save 15.1672ms
[2026-03-22 10:49:44.915 DBG] ViewerRepo :: UpdatePresence(twitch, 5), 0.0368ms
[2026-03-22 10:49:44.971 DBG] TwitchService :: Presence Timer :: Artificially updated presence with a threshold of 5 minutes (56.5978ms)
[2026-03-22 10:50:44.919 DBG] ViewerRepo :: UpdatePresence(twitch, 5), 0.0364ms
[2026-03-22 10:50:44.977 DBG] TwitchService :: Presence Timer :: Artificially updated presence with a threshold of 5 minutes (58.2588ms)
[2026-03-22 10:51:17.900 DBG] AutoSave :: Auto saving settings...
[2026-03-22 10:51:17.920 DBG] Users :: Time to save 19.6145ms
[2026-03-22 10:51:17.942 DBG] Actions :: Time to save 23.1479ms
[2026-03-22 10:51:17.961 DBG] Commands :: Time to save 17.1103ms
[2026-03-22 10:51:17.978 DBG] Twitch Rewards :: Time to save 17.3175ms
[2026-03-22 10:51:17.992 DBG] Midi :: Time to save 15.0919ms
[2026-03-22 10:51:18.008 DBG] OBS Settings :: Time to save 14.5414ms
[2026-03-22 10:51:18.022 DBG] MeldStudio Settings :: Time to save 14.4242ms
[2026-03-22 10:51:18.034 DBG] Credits :: Time to save 12.4064ms
[2026-03-22 10:51:18.051 DBG] Quotes :: Time to save 17.1519ms
[2026-03-22 10:51:18.124 DBG] Config :: Time to save 19.2105ms
[2026-03-22 10:51:39.064 DBG] ActionDispatcher :: Queueing 'Sub Goal' (361aa588-5f31-4e19-b8a5-099cae52479d, TimedAction) to 'Default' (00000000-0000-0000-0000-000000000000), with 11 arguments
[2026-03-22 10:51:39.064 DBG] ActionQueue :: 'Default' (00000000-0000-0000-0000-000000000000) :: Enqueue action 361aa588-5f31-4e19-b8a5-099cae52479d
[2026-03-22 10:51:39.064 DBG] ActionQueue :: 'Default' (00000000-0000-0000-0000-000000000000) :: Handling queue
[2026-03-22 10:51:39.064 DBG] ActionQueue :: 'Default' (00000000-0000-0000-0000-000000000000) :: Performing non-blocking 'Sub Goal' (361aa588-5f31-4e19-b8a5-099cae52479d, 6ba785ec-24a2-4f64-a270-26c9d28532a8)
[2026-03-22 10:51:44.927 DBG] ViewerRepo :: UpdatePresence(twitch, 5), 0.0387ms
[2026-03-22 10:51:44.982 DBG] TwitchService :: Presence Timer :: Artificially updated presence with a threshold of 5 minutes (55.0801ms)
[2026-03-22 10:52:44.931 DBG] ViewerRepo :: UpdatePresence(twitch, 5), 0.0356ms
[2026-03-22 10:52:44.992 DBG] TwitchService :: Presence Timer :: Artificially updated presence with a threshold of 5 minutes (61.2165ms)
[2026-03-22 10:53:44.940 DBG] ViewerRepo :: UpdatePresence(twitch, 5), 0.0383ms
[2026-03-22 10:53:44.994 DBG] TwitchService :: Presence Timer :: Artificially updated presence with a threshold of 5 minutes (54.5354ms)
[2026-03-22 10:54:17.860 DBG] Credits :: Time to save 17.9368ms
[2026-03-22 10:54:44.941 DBG] ViewerRepo :: UpdatePresence(twitch, 5), 0.0336ms
[2026-03-22 10:54:44.998 DBG] TwitchService :: Presence Timer :: Artificially updated presence with a threshold of 5 minutes (57.0673ms)
[2026-03-22 10:55:44.950 DBG] ViewerRepo :: UpdatePresence(twitch, 5), 0.0359ms
[2026-03-22 10:55:45.006 DBG] TwitchService :: Presence Timer :: Artificially updated presence with a threshold of 5 minutes (57.1624ms)
[2026-03-22 10:56:18.173 DBG] AutoSave :: Auto saving settings...
[2026-03-22 10:56:18.192 DBG] Users :: Time to save 19.4792ms
[2026-03-22 10:56:18.215 DBG] Actions :: Time to save 23.1249ms
[2026-03-22 10:56:18.232 DBG] Commands :: Time to save 16.7615ms
[2026-03-22 10:56:18.248 DBG] Twitch Rewards :: Time to save 16.2347ms
[2026-03-22 10:56:18.262 DBG] Midi :: Time to save 13.7119ms
[2026-03-22 10:56:18.276 DBG] OBS Settings :: Time to save 14.7637ms
[2026-03-22 10:56:18.290 DBG] MeldStudio Settings :: Time to save 14.0985ms
[2026-03-22 10:56:18.305 DBG] Credits :: Time to save 14.7378ms
[2026-03-22 10:56:18.322 DBG] Quotes :: Time to save 16.4791ms
[2026-03-22 10:56:18.394 DBG] Config :: Time to save 18.7429ms
[2026-03-22 10:56:44.965 DBG] ViewerRepo :: UpdatePresence(twitch, 5), 0.0401ms
[2026-03-22 10:56:45.022 DBG] TwitchService :: Presence Timer :: Artificially updated presence with a threshold of 5 minutes (56.441ms)
[2026-03-22 10:57:44.974 DBG] ViewerRepo :: UpdatePresence(twitch, 5), 0.0352ms
[2026-03-22 10:57:45.031 DBG] TwitchService :: Presence Timer :: Artificially updated presence with a threshold of 5 minutes (57.2068ms)
[2026-03-22 10:58:44.979 DBG] ViewerRepo :: UpdatePresence(twitch, 5), 0.037ms
[2026-03-22 10:58:45.035 DBG] TwitchService :: Presence Timer :: Artificially updated presence with a threshold of 5 minutes (55.7275ms)
[2026-03-22 10:59:17.865 DBG] Credits :: Time to save 17.0124ms
[2026-03-22 10:59:44.991 DBG] ViewerRepo :: UpdatePresence(twitch, 5), 0.037ms
[2026-03-22 10:59:45.054 DBG] TwitchService :: Presence Timer :: Artificially updated presence with a threshold of 5 minutes (63.9394ms)
[2026-03-22 11:00:44.991 DBG] ViewerRepo :: UpdatePresence(twitch, 5), 0.037ms
[2026-03-22 11:00:45.050 DBG] TwitchService :: Presence Timer :: Artificially updated presence with a threshold of 5 minutes (59.5207ms)
[2026-03-22 11:01:18.432 DBG] AutoSave :: Auto saving settings...
[2026-03-22 11:01:18.450 DBG] Users :: Time to save 19.0494ms
[2026-03-22 11:01:18.474 DBG] Actions :: Time to save 23.0602ms
[2026-03-22 11:01:18.492 DBG] Commands :: Time to save 19.0345ms
[2026-03-22 11:01:18.510 DBG] Twitch Rewards :: Time to save 17.6151ms
[2026-03-22 11:01:18.524 DBG] Midi :: Time to save 14.2424ms
[2026-03-22 11:01:18.540 DBG] OBS Settings :: Time to save 14.7891ms
[2026-03-22 11:01:18.554 DBG] MeldStudio Settings :: Time to save 14.1964ms
[2026-03-22 11:01:18.569 DBG] Credits :: Time to save 14.4615ms
[2026-03-22 11:01:18.585 DBG] Quotes :: Time to save 16.027ms
[2026-03-22 11:01:18.653 DBG] Config :: Time to save 18.8348ms
[2026-03-22 11:01:39.909 DBG] ActionDispatcher :: Queueing 'Sub Goal' (361aa588-5f31-4e19-b8a5-099cae52479d, TimedAction) to 'Default' (00000000-0000-0000-0000-000000000000), with 11 arguments
[2026-03-22 11:01:39.909 DBG] ActionQueue :: 'Default' (00000000-0000-0000-0000-000000000000) :: Enqueue action 361aa588-5f31-4e19-b8a5-099cae52479d
[2026-03-22 11:01:39.909 DBG] ActionQueue :: 'Default' (00000000-0000-0000-0000-000000000000) :: Handling queue
[2026-03-22 11:01:39.909 DBG] ActionQueue :: 'Default' (00000000-0000-0000-0000-000000000000) :: Performing non-blocking 'Sub Goal' (361aa588-5f31-4e19-b8a5-099cae52479d, a1a0f4a0-a7ce-460c-8adc-c49323e34028)
[2026-03-22 11:01:45.001 DBG] ViewerRepo :: UpdatePresence(twitch, 5), 0.0376ms
[2026-03-22 11:01:45.056 DBG] TwitchService :: Presence Timer :: Artificially updated presence with a threshold of 5 minutes (55.6661ms)
[2026-03-22 11:02:45.014 DBG] ViewerRepo :: UpdatePresence(twitch, 5), 0.043ms
[2026-03-22 11:02:45.067 DBG] TwitchService :: Presence Timer :: Artificially updated presence with a threshold of 5 minutes (53.613ms)
[2026-03-22 11:03:45.024 DBG] ViewerRepo :: UpdatePresence(twitch, 5), 0.0363ms
[2026-03-22 11:03:45.081 DBG] TwitchService :: Presence Timer :: Artificially updated presence with a threshold of 5 minutes (57.4668ms)
[2026-03-22 11:04:17.874 DBG] Credits :: Time to save 15.8663ms
[2026-03-22 11:04:45.035 DBG] ViewerRepo :: UpdatePresence(twitch, 5), 0.0368ms
[2026-03-22 11:04:45.092 DBG] TwitchService :: Presence Timer :: Artificially updated presence with a threshold of 5 minutes (56.9895ms)
[2026-03-22 11:05:45.045 DBG] ViewerRepo :: UpdatePresence(twitch, 5), 0.0463ms
[2026-03-22 11:05:45.104 DBG] TwitchService :: Presence Timer :: Artificially updated presence with a threshold of 5 minutes (59.081ms)
[2026-03-22 11:06:18.666 DBG] AutoSave :: Auto saving settings...
[2026-03-22 11:06:18.685 DBG] Users :: Time to save 19.1637ms
[2026-03-22 11:06:18.708 DBG] Actions :: Time to save 22.5269ms
[2026-03-22 11:06:18.724 DBG] Commands :: Time to save 16.4656ms
[2026-03-22 11:06:18.741 DBG] Twitch Rewards :: Time to save 16.4729ms
[2026-03-22 11:06:18.755 DBG] Midi :: Time to save 13.7771ms
[2026-03-22 11:06:18.768 DBG] OBS Settings :: Time to save 13.4684ms
[2026-03-22 11:06:18.784 DBG] MeldStudio Settings :: Time to save 15.8353ms
[2026-03-22 11:06:18.795 DBG] Credits :: Time to save 11.5921ms
[2026-03-22 11:06:18.812 DBG] Quotes :: Time to save 15.9141ms
[2026-03-22 11:06:18.888 DBG] Config :: Time to save 19.0272ms
[2026-03-22 11:06:45.051 DBG] ViewerRepo :: UpdatePresence(twitch, 5), 0.0537ms
[2026-03-22 11:06:45.104 DBG] TwitchService :: Presence Timer :: Artificially updated presence with a threshold of 5 minutes (53.0231ms)
[2026-03-22 11:07:45.052 DBG] ViewerRepo :: UpdatePresence(twitch, 5), 0.0375ms
[2026-03-22 11:07:45.109 DBG] TwitchService :: Presence Timer :: Artificially updated presence with a threshold of 5 minutes (56.3706ms)
[2026-03-22 11:08:45.060 DBG] ViewerRepo :: UpdatePresence(twitch, 5), 0.0402ms
[2026-03-22 11:08:45.123 DBG] TwitchService :: Presence Timer :: Artificially updated presence with a threshold of 5 minutes (63.7113ms)
[2026-03-22 11:09:17.875 DBG] Credits :: Time to save 16.7975ms
[2026-03-22 11:09:45.065 DBG] ViewerRepo :: UpdatePresence(twitch, 5), 0.0437ms
[2026-03-22 11:09:45.121 DBG] TwitchService :: Presence Timer :: Artificially updated presence with a threshold of 5 minutes (56.2586ms)
[2026-03-22 11:10:45.076 DBG] ViewerRepo :: UpdatePresence(twitch, 5), 0.036ms
[2026-03-22 11:10:45.130 DBG] TwitchService :: Presence Timer :: Artificially updated presence with a threshold of 5 minutes (54.1195ms)
[2026-03-22 11:11:18.932 DBG] AutoSave :: Auto saving settings...
[2026-03-22 11:11:18.952 DBG] Users :: Time to save 19.2361ms
[2026-03-22 11:11:18.974 DBG] Actions :: Time to save 22.7733ms
[2026-03-22 11:11:18.991 DBG] Commands :: Time to save 16.8748ms
[2026-03-22 11:11:19.008 DBG] Twitch Rewards :: Time to save 16.4774ms
[2026-03-22 11:11:19.022 DBG] Midi :: Time to save 14.3812ms
[2026-03-22 11:11:19.036 DBG] OBS Settings :: Time to save 14.5343ms
[2026-03-22 11:11:19.052 DBG] MeldStudio Settings :: Time to save 14.9403ms
[2026-03-22 11:11:19.067 DBG] Credits :: Time to save 14.9095ms
[2026-03-22 11:11:19.084 DBG] Quotes :: Time to save 16.8887ms
[2026-03-22 11:11:19.170 DBG] Config :: Time to save 19.0745ms
[2026-03-22 11:11:40.756 DBG] ActionDispatcher :: Queueing 'Sub Goal' (361aa588-5f31-4e19-b8a5-099cae52479d, TimedAction) to 'Default' (00000000-0000-0000-0000-000000000000), with 11 arguments
[2026-03-22 11:11:40.756 DBG] ActionQueue :: 'Default' (00000000-0000-0000-0000-000000000000) :: Enqueue action 361aa588-5f31-4e19-b8a5-099cae52479d
[2026-03-22 11:11:40.756 DBG] ActionQueue :: 'Default' (00000000-0000-0000-0000-000000000000) :: Handling queue
[2026-03-22 11:11:40.756 DBG] ActionQueue :: 'Default' (00000000-0000-0000-0000-000000000000) :: Performing non-blocking 'Sub Goal' (361aa588-5f31-4e19-b8a5-099cae52479d, fad3f075-86ba-47df-87b1-501213803e3c)
[2026-03-22 11:11:45.094 DBG] ViewerRepo :: UpdatePresence(twitch, 5), 0.0389ms
[2026-03-22 11:11:45.150 DBG] TwitchService :: Presence Timer :: Artificially updated presence with a threshold of 5 minutes (56.6793ms)
[2026-03-22 11:12:45.100 DBG] ViewerRepo :: UpdatePresence(twitch, 5), 0.0372ms
[2026-03-22 11:12:45.156 DBG] TwitchService :: Presence Timer :: Artificially updated presence with a threshold of 5 minutes (56.1728ms)
[2026-03-22 11:13:45.104 DBG] ViewerRepo :: UpdatePresence(twitch, 5), 0.0433ms
[2026-03-22 11:13:45.163 DBG] TwitchService :: Presence Timer :: Artificially updated presence with a threshold of 5 minutes (59.3462ms)
[2026-03-22 11:14:17.878 DBG] Credits :: Time to save 17.6253ms
[2026-03-22 11:14:45.107 DBG] ViewerRepo :: UpdatePresence(twitch, 5), 0.039ms
[2026-03-22 11:14:45.174 DBG] TwitchService :: Presence Timer :: Artificially updated presence with a threshold of 5 minutes (67.5751ms)
[2026-03-22 11:15:45.115 DBG] ViewerRepo :: UpdatePresence(twitch, 5), 0.0385ms
[2026-03-22 11:15:45.174 DBG] TwitchService :: Presence Timer :: Artificially updated presence with a threshold of 5 minutes (59.1816ms)
[2026-03-22 11:16:19.171 DBG] AutoSave :: Auto saving settings...
[2026-03-22 11:16:19.190 DBG] Users :: Time to save 19.5091ms
[2026-03-22 11:16:19.216 DBG] Actions :: Time to save 25.2092ms
[2026-03-22 11:16:19.234 DBG] Commands :: Time to save 18.4183ms
[2026-03-22 11:16:19.254 DBG] Twitch Rewards :: Time to save 19.6729ms
[2026-03-22 11:16:19.266 DBG] Midi :: Time to save 11.818ms
[2026-03-22 11:16:19.282 DBG] OBS Settings :: Time to save 16.8859ms
[2026-03-22 11:16:19.300 DBG] MeldStudio Settings :: Time to save 17.0005ms
[2026-03-22 11:16:19.316 DBG] Credits :: Time to save 15.6217ms
[2026-03-22 11:16:19.333 DBG] Quotes :: Time to save 17.6352ms
[2026-03-22 11:16:19.395 DBG] Config :: Time to save 19.3201ms
[2026-03-22 11:16:45.116 DBG] ViewerRepo :: UpdatePresence(twitch, 5), 0.0356ms
[2026-03-22 11:16:45.177 DBG] TwitchService :: Presence Timer :: Artificially updated presence with a threshold of 5 minutes (60.3806ms)
[2026-03-22 11:17:45.129 DBG] ViewerRepo :: UpdatePresence(twitch, 5), 0.0363ms
[2026-03-22 11:17:45.183 DBG] TwitchService :: Presence Timer :: Artificially updated presence with a threshold of 5 minutes (54.1896ms)
[2026-03-22 11:18:45.149 DBG] ViewerRepo :: UpdatePresence(twitch, 5), 0.0364ms
[2026-03-22 11:18:45.207 DBG] TwitchService :: Presence Timer :: Artificially updated presence with a threshold of 5 minutes (58.6761ms)
[2026-03-22 11:19:17.892 DBG] Credits :: Time to save 18.2214ms
[2026-03-22 11:19:45.157 DBG] ViewerRepo :: UpdatePresence(twitch, 5), 0.0489ms
[2026-03-22 11:19:45.214 DBG] TwitchService :: Presence Timer :: Artificially updated presence with a threshold of 5 minutes (56.3797ms)
[2026-03-22 11:20:45.166 DBG] ViewerRepo :: UpdatePresence(twitch, 5), 0.037ms
[2026-03-22 11:20:45.220 DBG] TwitchService :: Presence Timer :: Artificially updated presence with a threshold of 5 minutes (54.521ms)
[2026-03-22 11:21:19.435 DBG] AutoSave :: Auto saving settings...
[2026-03-22 11:21:19.458 DBG] Users :: Time to save 23.194ms
[2026-03-22 11:21:19.484 DBG] Actions :: Time to save 26.3044ms
[2026-03-22 11:21:19.503 DBG] Commands :: Time to save 19.1478ms
[2026-03-22 11:21:19.522 DBG] Twitch Rewards :: Time to save 18.6969ms
[2026-03-22 11:21:19.536 DBG] Midi :: Time to save 13.1852ms
[2026-03-22 11:21:19.552 DBG] OBS Settings :: Time to save 16.3934ms
[2026-03-22 11:21:19.567 DBG] MeldStudio Settings :: Time to save 15.1815ms
[2026-03-22 11:21:19.583 DBG] Credits :: Time to save 15.1838ms
[2026-03-22 11:21:19.600 DBG] Quotes :: Time to save 17.268ms
[2026-03-22 11:21:19.655 DBG] Config :: Time to save 19.2261ms
[2026-03-22 11:21:41.658 DBG] ActionDispatcher :: Queueing 'Sub Goal' (361aa588-5f31-4e19-b8a5-099cae52479d, TimedAction) to 'Default' (00000000-0000-0000-0000-000000000000), with 11 arguments
[2026-03-22 11:21:41.658 DBG] ActionQueue :: 'Default' (00000000-0000-0000-0000-000000000000) :: Enqueue action 361aa588-5f31-4e19-b8a5-099cae52479d
[2026-03-22 11:21:41.658 DBG] ActionQueue :: 'Default' (00000000-0000-0000-0000-000000000000) :: Handling queue
[2026-03-22 11:21:41.658 DBG] ActionQueue :: 'Default' (00000000-0000-0000-0000-000000000000) :: Performing non-blocking 'Sub Goal' (361aa588-5f31-4e19-b8a5-099cae52479d, 578daba5-7628-4670-97e3-5032ea4797bc)
[2026-03-22 11:21:45.175 DBG] ViewerRepo :: UpdatePresence(twitch, 5), 0.0375ms
[2026-03-22 11:21:45.228 DBG] TwitchService :: Presence Timer :: Artificially updated presence with a threshold of 5 minutes (52.956ms)
[2026-03-22 11:22:45.185 DBG] ViewerRepo :: UpdatePresence(twitch, 5), 0.0361ms
[2026-03-22 11:22:45.728 DBG] TwitchService :: Presence Timer :: Artificially updated presence with a threshold of 5 minutes (542.5813ms)
[2026-03-22 11:23:45.199 DBG] ViewerRepo :: UpdatePresence(twitch, 5), 0.0383ms
[2026-03-22 11:23:45.255 DBG] TwitchService :: Presence Timer :: Artificially updated presence with a threshold of 5 minutes (56.073ms)
[2026-03-22 11:24:17.890 DBG] Credits :: Time to save 15.5583ms
[2026-03-22 11:24:45.208 DBG] ViewerRepo :: UpdatePresence(twitch, 5), 0.0348ms
[2026-03-22 11:24:45.264 DBG] TwitchService :: Presence Timer :: Artificially updated presence with a threshold of 5 minutes (56.0236ms)
[2026-03-22 11:25:45.215 DBG] ViewerRepo :: UpdatePresence(twitch, 5), 0.0412ms
[2026-03-22 11:25:45.269 DBG] TwitchService :: Presence Timer :: Artificially updated presence with a threshold of 5 minutes (54.4509ms)
[2026-03-22 11:26:19.685 DBG] AutoSave :: Auto saving settings...
[2026-03-22 11:26:19.703 DBG] Users :: Time to save 18.7073ms
[2026-03-22 11:26:19.726 DBG] Actions :: Time to save 22.9321ms
[2026-03-22 11:26:19.742 DBG] Commands :: Time to save 16.7512ms
[2026-03-22 11:26:19.760 DBG] Twitch Rewards :: Time to save 16.5935ms
[2026-03-22 11:26:19.775 DBG] Midi :: Time to save 14.8176ms
[2026-03-22 11:26:19.789 DBG] OBS Settings :: Time to save 14.269ms
[2026-03-22 11:26:19.804 DBG] MeldStudio Settings :: Time to save 14.8626ms
[2026-03-22 11:26:19.818 DBG] Credits :: Time to save 14.4817ms
[2026-03-22 11:26:19.835 DBG] Quotes :: Time to save 16.5451ms
[2026-03-22 11:26:19.906 DBG] Config :: Time to save 18.5338ms
[2026-03-22 11:26:45.220 DBG] ViewerRepo :: UpdatePresence(twitch, 5), 0.0367ms
[2026-03-22 11:26:45.274 DBG] TwitchService :: Presence Timer :: Artificially updated presence with a threshold of 5 minutes (54.628ms)
[2026-03-22 11:27:45.234 DBG] ViewerRepo :: UpdatePresence(twitch, 5), 0.0371ms
[2026-03-22 11:27:45.291 DBG] TwitchService :: Presence Timer :: Artificially updated presence with a threshold of 5 minutes (56.7315ms)
[2026-03-22 11:28:45.245 DBG] ViewerRepo :: UpdatePresence(twitch, 5), 0.0342ms
[2026-03-22 11:28:45.302 DBG] TwitchService :: Presence Timer :: Artificially updated presence with a threshold of 5 minutes (57.8882ms)
[2026-03-22 11:29:17.904 DBG] Credits :: Time to save 16.0198ms
[2026-03-22 11:29:45.248 DBG] ViewerRepo :: UpdatePresence(twitch, 5), 0.0381ms
[2026-03-22 11:29:45.306 DBG] TwitchService :: Presence Timer :: Artificially updated presence with a threshold of 5 minutes (58.0462ms)
[2026-03-22 11:30:28.052 DBG] StreamElements Socket :: Disconnected
[2026-03-22 11:30:28.052 INF] StreamElements Service :: Disconnected from Client
[2026-03-22 11:30:30.067 DBG] StreamElements Service :: Retrying client connection
[2026-03-22 11:30:30.067 INF] StreamElements Service :: Connecting to Client
[2026-03-22 11:30:30.067 DBG] StreamElements Socket :: Opening connection
[2026-03-22 11:30:30.360 INF] StreamElements Service :: Connected to Client
[2026-03-22 11:30:45.258 DBG] ViewerRepo :: UpdatePresence(twitch, 5), 0.0475ms
[2026-03-22 11:30:45.314 DBG] TwitchService :: Presence Timer :: Artificially updated presence with a threshold of 5 minutes (55.8562ms)
[2026-03-22 11:31:19.923 DBG] AutoSave :: Auto saving settings...
[2026-03-22 11:31:19.946 DBG] Users :: Time to save 22.3394ms
[2026-03-22 11:31:19.970 DBG] Actions :: Time to save 24.5551ms
[2026-03-22 11:31:19.987 DBG] Commands :: Time to save 17.2727ms
[2026-03-22 11:31:20.005 DBG] Twitch Rewards :: Time to save 17.759ms
[2026-03-22 11:31:20.020 DBG] Midi :: Time to save 14.7978ms
[2026-03-22 11:31:20.034 DBG] OBS Settings :: Time to save 14.9804ms
[2026-03-22 11:31:20.049 DBG] MeldStudio Settings :: Time to save 14.0648ms
[2026-03-22 11:31:20.064 DBG] Credits :: Time to save 14.2763ms
[2026-03-22 11:31:20.079 DBG] Quotes :: Time to save 15.7266ms
[2026-03-22 11:31:20.148 DBG] Config :: Time to save 19.0653ms
[2026-03-22 11:31:41.689 DBG] ActionDispatcher :: Queueing 'Sub Goal' (361aa588-5f31-4e19-b8a5-099cae52479d, TimedAction) to 'Default' (00000000-0000-0000-0000-000000000000), with 11 arguments
[2026-03-22 11:31:41.689 DBG] ActionQueue :: 'Default' (00000000-0000-0000-0000-000000000000) :: Enqueue action 361aa588-5f31-4e19-b8a5-099cae52479d
[2026-03-22 11:31:41.689 DBG] ActionQueue :: 'Default' (00000000-0000-0000-0000-000000000000) :: Handling queue
[2026-03-22 11:31:41.689 DBG] ActionQueue :: 'Default' (00000000-0000-0000-0000-000000000000) :: Performing non-blocking 'Sub Goal' (361aa588-5f31-4e19-b8a5-099cae52479d, a1deafa3-339f-4e56-a582-693d2139e457)
[2026-03-22 11:31:45.262 DBG] ViewerRepo :: UpdatePresence(twitch, 5), 0.0372ms
[2026-03-22 11:31:45.317 DBG] TwitchService :: Presence Timer :: Artificially updated presence with a threshold of 5 minutes (54.349ms)
[2026-03-22 11:32:45.277 DBG] ViewerRepo :: UpdatePresence(twitch, 5), 0.0352ms
[2026-03-22 11:32:45.333 DBG] TwitchService :: Presence Timer :: Artificially updated presence with a threshold of 5 minutes (56.9592ms)
[2026-03-22 11:33:45.282 DBG] ViewerRepo :: UpdatePresence(twitch, 5), 0.036ms
[2026-03-22 11:33:45.340 DBG] TwitchService :: Presence Timer :: Artificially updated presence with a threshold of 5 minutes (58.5739ms)
[2026-03-22 11:34:17.909 DBG] Credits :: Time to save 17.9711ms
[2026-03-22 11:34:45.286 DBG] ViewerRepo :: UpdatePresence(twitch, 5), 0.0342ms
[2026-03-22 11:34:45.342 DBG] TwitchService :: Presence Timer :: Artificially updated presence with a threshold of 5 minutes (55.9916ms)
[2026-03-22 11:35:45.293 DBG] ViewerRepo :: UpdatePresence(twitch, 5), 0.0362ms
[2026-03-22 11:35:45.350 DBG] TwitchService :: Presence Timer :: Artificially updated presence with a threshold of 5 minutes (57.0092ms)
[2026-03-22 11:36:20.176 DBG] AutoSave :: Auto saving settings...
[2026-03-22 11:36:20.195 DBG] Users :: Time to save 19.0389ms
[2026-03-22 11:36:20.219 DBG] Actions :: Time to save 24.4555ms
[2026-03-22 11:36:20.236 DBG] Commands :: Time to save 16.5899ms
[2026-03-22 11:36:20.252 DBG] Twitch Rewards :: Time to save 16.3058ms
[2026-03-22 11:36:20.266 DBG] Midi :: Time to save 13.8347ms
[2026-03-22 11:36:20.280 DBG] OBS Settings :: Time to save 14.394ms
[2026-03-22 11:36:20.295 DBG] MeldStudio Settings :: Time to save 14.765ms
[2026-03-22 11:36:20.309 DBG] Credits :: Time to save 14.5032ms
[2026-03-22 11:36:20.326 DBG] Quotes :: Time to save 16.0523ms
[2026-03-22 11:36:20.398 DBG] Config :: Time to save 18.45ms
[2026-03-22 11:36:45.298 DBG] ViewerRepo :: UpdatePresence(twitch, 5), 0.036ms
[2026-03-22 11:36:45.352 DBG] TwitchService :: Presence Timer :: Artificially updated presence with a threshold of 5 minutes (54.7433ms)
[2026-03-22 11:37:45.305 DBG] ViewerRepo :: UpdatePresence(twitch, 5), 0.0372ms
[2026-03-22 11:37:45.369 DBG] TwitchService :: Presence Timer :: Artificially updated presence with a threshold of 5 minutes (64.2099ms)
[2026-03-22 11:38:45.307 DBG] ViewerRepo :: UpdatePresence(twitch, 5), 0.0379ms
[2026-03-22 11:38:45.373 DBG] TwitchService :: Presence Timer :: Artificially updated presence with a threshold of 5 minutes (66.4158ms)
[2026-03-22 11:39:17.917 DBG] Credits :: Time to save 16.672ms
[2026-03-22 11:39:45.313 DBG] ViewerRepo :: UpdatePresence(twitch, 5), 0.0444ms
[2026-03-22 11:39:45.376 DBG] TwitchService :: Presence Timer :: Artificially updated presence with a threshold of 5 minutes (63.6498ms)
[2026-03-22 11:40:45.324 DBG] ViewerRepo :: UpdatePresence(twitch, 5), 0.0359ms
[2026-03-22 11:40:45.396 DBG] TwitchService :: Presence Timer :: Artificially updated presence with a threshold of 5 minutes (71.9222ms)
[2026-03-22 11:41:20.404 DBG] AutoSave :: Auto saving settings...
[2026-03-22 11:41:20.424 DBG] Users :: Time to save 20.5052ms
[2026-03-22 11:41:20.450 DBG] Actions :: Time to save 26.0453ms
[2026-03-22 11:41:20.468 DBG] Commands :: Time to save 17.9331ms
[2026-03-22 11:41:20.487 DBG] Twitch Rewards :: Time to save 18.4194ms
[2026-03-22 11:41:20.503 DBG] Midi :: Time to save 15.4748ms
[2026-03-22 11:41:20.519 DBG] OBS Settings :: Time to save 15.4087ms
[2026-03-22 11:41:20.534 DBG] MeldStudio Settings :: Time to save 15.3717ms
[2026-03-22 11:41:20.550 DBG] Credits :: Time to save 16.1589ms
[2026-03-22 11:41:20.567 DBG] Quotes :: Time to save 16.8692ms
[2026-03-22 11:41:20.630 DBG] Config :: Time to save 21.2857ms
[2026-03-22 11:41:41.846 DBG] ActionDispatcher :: Queueing 'Sub Goal' (361aa588-5f31-4e19-b8a5-099cae52479d, TimedAction) to 'Default' (00000000-0000-0000-0000-000000000000), with 11 arguments
[2026-03-22 11:41:41.846 DBG] ActionQueue :: 'Default' (00000000-0000-0000-0000-000000000000) :: Enqueue action 361aa588-5f31-4e19-b8a5-099cae52479d
[2026-03-22 11:41:41.846 DBG] ActionQueue :: 'Default' (00000000-0000-0000-0000-000000000000) :: Handling queue
[2026-03-22 11:41:41.846 DBG] ActionQueue :: 'Default' (00000000-0000-0000-0000-000000000000) :: Performing non-blocking 'Sub Goal' (361aa588-5f31-4e19-b8a5-099cae52479d, ed817b78-9590-4a8b-a21d-379dc4b6d9cb)
[2026-03-22 11:41:45.324 DBG] ViewerRepo :: UpdatePresence(twitch, 5), 0.0364ms
[2026-03-22 11:41:45.389 DBG] TwitchService :: Presence Timer :: Artificially updated presence with a threshold of 5 minutes (64.7429ms)
[2026-03-22 11:42:45.333 DBG] ViewerRepo :: UpdatePresence(twitch, 5), 0.0409ms
[2026-03-22 11:42:45.405 DBG] TwitchService :: Presence Timer :: Artificially updated presence with a threshold of 5 minutes (71.4193ms)
[2026-03-22 11:43:45.341 DBG] ViewerRepo :: UpdatePresence(twitch, 5), 0.0411ms
[2026-03-22 11:43:45.398 DBG] TwitchService :: Presence Timer :: Artificially updated presence with a threshold of 5 minutes (57.3159ms)
[2026-03-22 11:44:17.924 DBG] Credits :: Time to save 19.0661ms
[2026-03-22 11:44:45.350 DBG] ViewerRepo :: UpdatePresence(twitch, 5), 0.0382ms
[2026-03-22 11:44:45.404 DBG] TwitchService :: Presence Timer :: Artificially updated presence with a threshold of 5 minutes (53.7701ms)
[2026-03-22 11:45:45.351 DBG] ViewerRepo :: UpdatePresence(twitch, 5), 0.0342ms
[2026-03-22 11:45:45.417 DBG] TwitchService :: Presence Timer :: Artificially updated presence with a threshold of 5 minutes (65.0807ms)
[2026-03-22 11:46:20.676 DBG] AutoSave :: Auto saving settings...
[2026-03-22 11:46:20.694 DBG] Users :: Time to save 17.9369ms
[2026-03-22 11:46:20.716 DBG] Actions :: Time to save 22.1483ms
[2026-03-22 11:46:20.733 DBG] Commands :: Time to save 17.3186ms
[2026-03-22 11:46:20.746 DBG] Twitch Rewards :: Time to save 13.1865ms
[2026-03-22 11:46:20.757 DBG] Midi :: Time to save 10.9653ms
[2026-03-22 11:46:20.771 DBG] OBS Settings :: Time to save 14.07ms
[2026-03-22 11:46:20.785 DBG] MeldStudio Settings :: Time to save 14.1263ms
[2026-03-22 11:46:20.799 DBG] Credits :: Time to save 14.3053ms
[2026-03-22 11:46:20.813 DBG] Quotes :: Time to save 12.5981ms
[2026-03-22 11:46:20.899 DBG] Config :: Time to save 16.092ms
[2026-03-22 11:46:45.366 DBG] ViewerRepo :: UpdatePresence(twitch, 5), 0.0359ms
[2026-03-22 11:46:45.419 DBG] TwitchService :: Presence Timer :: Artificially updated presence with a threshold of 5 minutes (54.0224ms)
[2026-03-22 11:47:45.370 DBG] ViewerRepo :: UpdatePresence(twitch, 5), 0.036ms
[2026-03-22 11:47:45.426 DBG] TwitchService :: Presence Timer :: Artificially updated presence with a threshold of 5 minutes (55.561ms)
[2026-03-22 11:48:45.379 DBG] ViewerRepo :: UpdatePresence(twitch, 5), 0.0375ms
[2026-03-22 11:48:45.434 DBG] TwitchService :: Presence Timer :: Artificially updated presence with a threshold of 5 minutes (55.5447ms)
[2026-03-22 11:49:17.937 DBG] Credits :: Time to save 16.3642ms
[2026-03-22 11:49:45.388 DBG] ViewerRepo :: UpdatePresence(twitch, 5), 0.0384ms
[2026-03-22 11:49:45.440 DBG] TwitchService :: Presence Timer :: Artificially updated presence with a threshold of 5 minutes (51.8932ms)
[2026-03-22 11:50:45.389 DBG] ViewerRepo :: UpdatePresence(twitch, 5), 0.0364ms
[2026-03-22 11:50:45.448 DBG] TwitchService :: Presence Timer :: Artificially updated presence with a threshold of 5 minutes (59.4604ms)
[2026-03-22 11:51:20.909 DBG] AutoSave :: Auto saving settings...
[2026-03-22 11:51:20.928 DBG] Users :: Time to save 19.8122ms
[2026-03-22 11:51:20.951 DBG] Actions :: Time to save 23.6901ms
[2026-03-22 11:51:20.964 DBG] Commands :: Time to save 11.9244ms
[2026-03-22 11:51:20.981 DBG] Twitch Rewards :: Time to save 16.9581ms
[2026-03-22 11:51:20.996 DBG] Midi :: Time to save 14.7556ms
[2026-03-22 11:51:21.010 DBG] OBS Settings :: Time to save 14.5575ms
[2026-03-22 11:51:21.021 DBG] MeldStudio Settings :: Time to save 10.8232ms
[2026-03-22 11:51:21.037 DBG] Credits :: Time to save 16.0445ms
[2026-03-22 11:51:21.055 DBG] Quotes :: Time to save 17.9186ms
[2026-03-22 11:51:21.129 DBG] Config :: Time to save 18.5629ms
[2026-03-22 11:51:42.193 DBG] ActionDispatcher :: Queueing 'Sub Goal' (361aa588-5f31-4e19-b8a5-099cae52479d, TimedAction) to 'Default' (00000000-0000-0000-0000-000000000000), with 11 arguments
[2026-03-22 11:51:42.193 DBG] ActionQueue :: 'Default' (00000000-0000-0000-0000-000000000000) :: Enqueue action 361aa588-5f31-4e19-b8a5-099cae52479d
[2026-03-22 11:51:42.193 DBG] ActionQueue :: 'Default' (00000000-0000-0000-0000-000000000000) :: Handling queue
[2026-03-22 11:51:42.193 DBG] ActionQueue :: 'Default' (00000000-0000-0000-0000-000000000000) :: Performing non-blocking 'Sub Goal' (361aa588-5f31-4e19-b8a5-099cae52479d, c54e10a7-3c40-4058-935a-263d187d059b)
[2026-03-22 11:51:45.397 DBG] ViewerRepo :: UpdatePresence(twitch, 5), 0.0372ms
[2026-03-22 11:51:45.452 DBG] TwitchService :: Presence Timer :: Artificially updated presence with a threshold of 5 minutes (54.4921ms)
[2026-03-22 11:52:45.409 DBG] ViewerRepo :: UpdatePresence(twitch, 5), 0.0371ms
[2026-03-22 11:52:45.473 DBG] TwitchService :: Presence Timer :: Artificially updated presence with a threshold of 5 minutes (64.902ms)
[2026-03-22 11:53:45.431 DBG] ViewerRepo :: UpdatePresence(twitch, 5), 0.0395ms
[2026-03-22 11:53:45.485 DBG] TwitchService :: Presence Timer :: Artificially updated presence with a threshold of 5 minutes (54.4654ms)
[2026-03-22 11:54:17.938 DBG] Credits :: Time to save 13.3886ms
[2026-03-22 11:54:45.434 DBG] ViewerRepo :: UpdatePresence(twitch, 5), 0.043ms
[2026-03-22 11:54:45.487 DBG] TwitchService :: Presence Timer :: Artificially updated presence with a threshold of 5 minutes (54.0838ms)
[2026-03-22 11:55:45.436 DBG] ViewerRepo :: UpdatePresence(twitch, 5), 0.0345ms
[2026-03-22 11:55:45.495 DBG] TwitchService :: Presence Timer :: Artificially updated presence with a threshold of 5 minutes (58.912ms)
[2026-03-22 11:56:21.155 DBG] AutoSave :: Auto saving settings...
[2026-03-22 11:56:21.174 DBG] Users :: Time to save 19.0811ms
[2026-03-22 11:56:21.197 DBG] Actions :: Time to save 23.206ms
[2026-03-22 11:56:21.213 DBG] Commands :: Time to save 16.2935ms
[2026-03-22 11:56:21.232 DBG] Twitch Rewards :: Time to save 18.5001ms
[2026-03-22 11:56:21.248 DBG] Midi :: Time to save 14.9211ms
[2026-03-22 11:56:21.262 DBG] OBS Settings :: Time to save 15.1315ms
[2026-03-22 11:56:21.275 DBG] MeldStudio Settings :: Time to save 12.9952ms
[2026-03-22 11:56:21.289 DBG] Credits :: Time to save 13.9964ms
[2026-03-22 11:56:21.306 DBG] Quotes :: Time to save 16.3599ms
[2026-03-22 11:56:21.378 DBG] Config :: Time to save 18.8935ms
[2026-03-22 11:56:45.438 DBG] ViewerRepo :: UpdatePresence(twitch, 5), 0.0362ms
[2026-03-22 11:56:45.490 DBG] TwitchService :: Presence Timer :: Artificially updated presence with a threshold of 5 minutes (51.7991ms)
[2026-03-22 11:57:45.448 DBG] ViewerRepo :: UpdatePresence(twitch, 5), 0.0359ms
[2026-03-22 11:57:45.507 DBG] TwitchService :: Presence Timer :: Artificially updated presence with a threshold of 5 minutes (59.8565ms)
[2026-03-22 11:58:45.452 DBG] ViewerRepo :: UpdatePresence(twitch, 5), 0.8124ms
[2026-03-22 11:58:45.509 DBG] TwitchService :: Presence Timer :: Artificially updated presence with a threshold of 5 minutes (57.751ms)
[2026-03-22 11:59:17.964 DBG] Credits :: Time to save 16.8031ms
[2026-03-22 11:59:45.464 DBG] ViewerRepo :: UpdatePresence(twitch, 5), 0.0424ms
[2026-03-22 11:59:45.519 DBG] TwitchService :: Presence Timer :: Artificially updated presence with a threshold of 5 minutes (55.2897ms)
[2026-03-22 12:00:45.473 DBG] ViewerRepo :: UpdatePresence(twitch, 5), 0.0738ms
[2026-03-22 12:00:45.539 DBG] TwitchService :: Presence Timer :: Artificially updated presence with a threshold of 5 minutes (66.9112ms)
[2026-03-22 12:01:21.387 DBG] AutoSave :: Auto saving settings...
[2026-03-22 12:01:21.400 DBG] Users :: Time to save 13.5461ms
[2026-03-22 12:01:21.425 DBG] Actions :: Time to save 24.5217ms
[2026-03-22 12:01:21.443 DBG] Commands :: Time to save 17.1068ms
[2026-03-22 12:01:21.459 DBG] Twitch Rewards :: Time to save 17.0848ms
[2026-03-22 12:01:21.474 DBG] Midi :: Time to save 14.7795ms
[2026-03-22 12:01:21.490 DBG] OBS Settings :: Time to save 15.9728ms
[2026-03-22 12:01:21.506 DBG] MeldStudio Settings :: Time to save 16.1512ms
[2026-03-22 12:01:21.522 DBG] Credits :: Time to save 14.9655ms
[2026-03-22 12:01:21.533 DBG] Quotes :: Time to save 11.7443ms
[2026-03-22 12:01:21.611 DBG] Config :: Time to save 19.0221ms
[2026-03-22 12:01:42.792 DBG] ActionDispatcher :: Queueing 'Sub Goal' (361aa588-5f31-4e19-b8a5-099cae52479d, TimedAction) to 'Default' (00000000-0000-0000-0000-000000000000), with 11 arguments
[2026-03-22 12:01:42.792 DBG] ActionQueue :: 'Default' (00000000-0000-0000-0000-000000000000) :: Enqueue action 361aa588-5f31-4e19-b8a5-099cae52479d
[2026-03-22 12:01:42.792 DBG] ActionQueue :: 'Default' (00000000-0000-0000-0000-000000000000) :: Handling queue
[2026-03-22 12:01:42.792 DBG] ActionQueue :: 'Default' (00000000-0000-0000-0000-000000000000) :: Performing non-blocking 'Sub Goal' (361aa588-5f31-4e19-b8a5-099cae52479d, b2dc1b4e-6468-49dd-9671-91e7abfb6d0e)
[2026-03-22 12:01:45.474 DBG] ViewerRepo :: UpdatePresence(twitch, 5), 0.0361ms
[2026-03-22 12:01:45.528 DBG] TwitchService :: Presence Timer :: Artificially updated presence with a threshold of 5 minutes (54.7424ms)
[2026-03-22 12:02:45.482 DBG] ViewerRepo :: UpdatePresence(twitch, 5), 0.0355ms
[2026-03-22 12:02:45.537 DBG] TwitchService :: Presence Timer :: Artificially updated presence with a threshold of 5 minutes (55.9747ms)
[2026-03-22 12:03:45.497 DBG] ViewerRepo :: UpdatePresence(twitch, 5), 0.0358ms
[2026-03-22 12:03:45.554 DBG] TwitchService :: Presence Timer :: Artificially updated presence with a threshold of 5 minutes (56.8669ms)
[2026-03-22 12:04:17.979 DBG] Credits :: Time to save 16.4327ms
[2026-03-22 12:04:45.511 DBG] ViewerRepo :: UpdatePresence(twitch, 5), 0.0365ms
[2026-03-22 12:04:45.565 DBG] TwitchService :: Presence Timer :: Artificially updated presence with a threshold of 5 minutes (53.8031ms)
[2026-03-22 12:05:45.518 DBG] ViewerRepo :: UpdatePresence(twitch, 5), 0.0364ms
[2026-03-22 12:05:45.573 DBG] TwitchService :: Presence Timer :: Artificially updated presence with a threshold of 5 minutes (55.8613ms)
[2026-03-22 12:06:21.630 DBG] AutoSave :: Auto saving settings...
[2026-03-22 12:06:21.644 DBG] Users :: Time to save 14.2486ms
[2026-03-22 12:06:21.668 DBG] Actions :: Time to save 23.7993ms
[2026-03-22 12:06:21.680 DBG] Commands :: Time to save 11.7739ms
[2026-03-22 12:06:21.693 DBG] Twitch Rewards :: Time to save 13.3871ms
[2026-03-22 12:06:21.708 DBG] Midi :: Time to save 15.1302ms
[2026-03-22 12:06:21.724 DBG] OBS Settings :: Time to save 15.7477ms
[2026-03-22 12:06:21.740 DBG] MeldStudio Settings :: Time to save 15.246ms
[2026-03-22 12:06:21.755 DBG] Credits :: Time to save 14.6772ms
[2026-03-22 12:06:21.766 DBG] Quotes :: Time to save 11.9631ms
[2026-03-22 12:06:21.849 DBG] Config :: Time to save 14.9913ms
[2026-03-22 12:06:45.522 DBG] ViewerRepo :: UpdatePresence(twitch, 5), 0.0333ms
[2026-03-22 12:06:45.578 DBG] TwitchService :: Presence Timer :: Artificially updated presence with a threshold of 5 minutes (56.6856ms)
[2026-03-22 12:07:45.523 DBG] ViewerRepo :: UpdatePresence(twitch, 5), 0.0346ms
[2026-03-22 12:07:45.579 DBG] TwitchService :: Presence Timer :: Artificially updated presence with a threshold of 5 minutes (57.1866ms)
[2026-03-22 12:08:45.530 DBG] ViewerRepo :: UpdatePresence(twitch, 5), 0.0349ms
[2026-03-22 12:08:45.590 DBG] TwitchService :: Presence Timer :: Artificially updated presence with a threshold of 5 minutes (60.5458ms)
[2026-03-22 12:09:17.993 DBG] Credits :: Time to save 16.4537ms
[2026-03-22 12:09:45.548 DBG] ViewerRepo :: UpdatePresence(twitch, 5), 0.0341ms
[2026-03-22 12:09:45.606 DBG] TwitchService :: Presence Timer :: Artificially updated presence with a threshold of 5 minutes (58.0625ms)
[2026-03-22 12:10:45.564 DBG] ViewerRepo :: UpdatePresence(twitch, 5), 0.0361ms
[2026-03-22 12:10:45.620 DBG] TwitchService :: Presence Timer :: Artificially updated presence with a threshold of 5 minutes (56.1126ms)
[2026-03-22 12:11:21.839 DBG] AutoSave :: Auto saving settings...
[2026-03-22 12:11:21.858 DBG] Users :: Time to save 19.375ms
[2026-03-22 12:11:21.882 DBG] Actions :: Time to save 23.3445ms
[2026-03-22 12:11:21.894 DBG] Commands :: Time to save 12.0664ms
[2026-03-22 12:11:21.911 DBG] Twitch Rewards :: Time to save 17.1655ms
[2026-03-22 12:11:21.926 DBG] Midi :: Time to save 14.9362ms
[2026-03-22 12:11:21.941 DBG] OBS Settings :: Time to save 14.6897ms
[2026-03-22 12:11:21.956 DBG] MeldStudio Settings :: Time to save 14.8086ms
[2026-03-22 12:11:21.970 DBG] Credits :: Time to save 14.1754ms
[2026-03-22 12:11:21.987 DBG] Quotes :: Time to save 16.7149ms
[2026-03-22 12:11:22.060 DBG] Config :: Time to save 19.0978ms
[2026-03-22 12:11:43.234 DBG] ActionDispatcher :: Queueing 'Sub Goal' (361aa588-5f31-4e19-b8a5-099cae52479d, TimedAction) to 'Default' (00000000-0000-0000-0000-000000000000), with 11 arguments
[2026-03-22 12:11:43.234 DBG] ActionQueue :: 'Default' (00000000-0000-0000-0000-000000000000) :: Enqueue action 361aa588-5f31-4e19-b8a5-099cae52479d
[2026-03-22 12:11:43.234 DBG] ActionQueue :: 'Default' (00000000-0000-0000-0000-000000000000) :: Handling queue
[2026-03-22 12:11:43.234 DBG] ActionQueue :: 'Default' (00000000-0000-0000-0000-000000000000) :: Performing non-blocking 'Sub Goal' (361aa588-5f31-4e19-b8a5-099cae52479d, 09f86261-e6d6-40ed-a980-6df4ad13615d)
[2026-03-22 12:11:45.574 DBG] ViewerRepo :: UpdatePresence(twitch, 5), 0.0358ms
[2026-03-22 12:11:45.632 DBG] TwitchService :: Presence Timer :: Artificially updated presence with a threshold of 5 minutes (58.6513ms)
[2026-03-22 12:12:45.585 DBG] ViewerRepo :: UpdatePresence(twitch, 5), 0.0356ms
[2026-03-22 12:12:45.646 DBG] TwitchService :: Presence Timer :: Artificially updated presence with a threshold of 5 minutes (60.6812ms)
[2026-03-22 12:13:45.602 DBG] ViewerRepo :: UpdatePresence(twitch, 5), 0.0348ms
[2026-03-22 12:13:45.656 DBG] TwitchService :: Presence Timer :: Artificially updated presence with a threshold of 5 minutes (54.8398ms)
[2026-03-22 12:14:17.996 DBG] Credits :: Time to save 15.655ms
[2026-03-22 12:14:45.608 DBG] ViewerRepo :: UpdatePresence(twitch, 5), 0.0348ms
[2026-03-22 12:14:45.664 DBG] TwitchService :: Presence Timer :: Artificially updated presence with a threshold of 5 minutes (55.8693ms)
[2026-03-22 12:15:45.610 DBG] ViewerRepo :: UpdatePresence(twitch, 5), 0.0344ms
[2026-03-22 12:15:45.665 DBG] TwitchService :: Presence Timer :: Artificially updated presence with a threshold of 5 minutes (54.9664ms)
[2026-03-22 12:16:22.096 DBG] AutoSave :: Auto saving settings...
[2026-03-22 12:16:22.110 DBG] Users :: Time to save 14.2479ms
[2026-03-22 12:16:22.135 DBG] Actions :: Time to save 25.0159ms
[2026-03-22 12:16:22.153 DBG] Commands :: Time to save 17.4454ms
[2026-03-22 12:16:22.166 DBG] Twitch Rewards :: Time to save 13.0716ms
[2026-03-22 12:16:22.181 DBG] Midi :: Time to save 14.8045ms
[2026-03-22 12:16:22.196 DBG] OBS Settings :: Time to save 14.5929ms
[2026-03-22 12:16:22.211 DBG] MeldStudio Settings :: Time to save 15.452ms
[2026-03-22 12:16:22.227 DBG] Credits :: Time to save 15.4032ms
[2026-03-22 12:16:22.243 DBG] Quotes :: Time to save 16.0385ms
[2026-03-22 12:16:22.319 DBG] Config :: Time to save 18.9392ms
[2026-03-22 12:16:45.632 DBG] ViewerRepo :: UpdatePresence(twitch, 5), 0.0368ms
[2026-03-22 12:16:45.688 DBG] TwitchService :: Presence Timer :: Artificially updated presence with a threshold of 5 minutes (55.6454ms)
[2026-03-22 12:17:45.635 DBG] ViewerRepo :: UpdatePresence(twitch, 5), 0.0342ms
[2026-03-22 12:17:45.686 DBG] TwitchService :: Presence Timer :: Artificially updated presence with a threshold of 5 minutes (51.828ms)
[2026-03-22 12:18:45.636 DBG] ViewerRepo :: UpdatePresence(twitch, 5), 0.0365ms
[2026-03-22 12:18:45.687 DBG] TwitchService :: Presence Timer :: Artificially updated presence with a threshold of 5 minutes (51.6812ms)
[2026-03-22 12:19:18.003 DBG] Credits :: Time to save 17.9592ms
[2026-03-22 12:19:45.652 DBG] ViewerRepo :: UpdatePresence(twitch, 5), 0.0382ms
[2026-03-22 12:19:45.707 DBG] TwitchService :: Presence Timer :: Artificially updated presence with a threshold of 5 minutes (54.71ms)
[2026-03-22 12:20:45.652 DBG] ViewerRepo :: UpdatePresence(twitch, 5), 0.038ms
[2026-03-22 12:20:45.710 DBG] TwitchService :: Presence Timer :: Artificially updated presence with a threshold of 5 minutes (57.5583ms)
[2026-03-22 12:21:22.356 DBG] AutoSave :: Auto saving settings...
[2026-03-22 12:21:22.370 DBG] Users :: Time to save 14.4556ms
[2026-03-22 12:21:22.395 DBG] Actions :: Time to save 24.2644ms
[2026-03-22 12:21:22.413 DBG] Commands :: Time to save 17.4291ms
[2026-03-22 12:21:22.429 DBG] Twitch Rewards :: Time to save 17.086ms
[2026-03-22 12:21:22.444 DBG] Midi :: Time to save 14.5005ms
[2026-03-22 12:21:22.455 DBG] OBS Settings :: Time to save 10.6008ms
[2026-03-22 12:21:22.466 DBG] MeldStudio Settings :: Time to save 12.0187ms
[2026-03-22 12:21:22.481 DBG] Credits :: Time to save 13.9529ms
[2026-03-22 12:21:22.493 DBG] Quotes :: Time to save 11.8338ms
[2026-03-22 12:21:22.580 DBG] Config :: Time to save 18.1517ms
[2026-03-22 12:21:43.605 DBG] ActionDispatcher :: Queueing 'Sub Goal' (361aa588-5f31-4e19-b8a5-099cae52479d, TimedAction) to 'Default' (00000000-0000-0000-0000-000000000000), with 11 arguments
[2026-03-22 12:21:43.605 DBG] ActionQueue :: 'Default' (00000000-0000-0000-0000-000000000000) :: Enqueue action 361aa588-5f31-4e19-b8a5-099cae52479d
[2026-03-22 12:21:43.605 DBG] ActionQueue :: 'Default' (00000000-0000-0000-0000-000000000000) :: Handling queue
[2026-03-22 12:21:43.605 DBG] ActionQueue :: 'Default' (00000000-0000-0000-0000-000000000000) :: Performing non-blocking 'Sub Goal' (361aa588-5f31-4e19-b8a5-099cae52479d, 81efaf9b-c0ef-40f2-bdc6-35da7726a52a)
[2026-03-22 12:21:45.667 DBG] ViewerRepo :: UpdatePresence(twitch, 5), 0.0373ms
[2026-03-22 12:21:45.727 DBG] TwitchService :: Presence Timer :: Artificially updated presence with a threshold of 5 minutes (59.9883ms)
[2026-03-22 12:22:45.671 DBG] ViewerRepo :: UpdatePresence(twitch, 5), 0.0345ms
[2026-03-22 12:22:46.221 DBG] TwitchService :: Presence Timer :: Artificially updated presence with a threshold of 5 minutes (549.9271ms)
[2026-03-22 12:23:45.675 DBG] ViewerRepo :: UpdatePresence(twitch, 5), 0.036ms
[2026-03-22 12:23:45.729 DBG] TwitchService :: Presence Timer :: Artificially updated presence with a threshold of 5 minutes (54.6712ms)
[2026-03-22 12:24:18.006 DBG] Credits :: Time to save 16.6413ms
[2026-03-22 12:24:45.681 DBG] ViewerRepo :: UpdatePresence(twitch, 5), 0.0365ms
[2026-03-22 12:24:45.736 DBG] TwitchService :: Presence Timer :: Artificially updated presence with a threshold of 5 minutes (55.1018ms)
[2026-03-22 12:25:45.683 DBG] ViewerRepo :: UpdatePresence(twitch, 5), 0.0357ms
[2026-03-22 12:25:45.736 DBG] TwitchService :: Presence Timer :: Artificially updated presence with a threshold of 5 minutes (53.4377ms)
[2026-03-22 12:26:22.585 DBG] AutoSave :: Auto saving settings...
[2026-03-22 12:26:22.604 DBG] Users :: Time to save 19.1774ms
[2026-03-22 12:26:22.628 DBG] Actions :: Time to save 23.51ms
[2026-03-22 12:26:22.644 DBG] Commands :: Time to save 16.7421ms
[2026-03-22 12:26:22.663 DBG] Twitch Rewards :: Time to save 18.4258ms
[2026-03-22 12:26:22.679 DBG] Midi :: Time to save 15.4251ms
[2026-03-22 12:26:22.694 DBG] OBS Settings :: Time to save 15.5541ms
[2026-03-22 12:26:22.709 DBG] MeldStudio Settings :: Time to save 14.2805ms
[2026-03-22 12:26:22.724 DBG] Credits :: Time to save 15.0316ms
[2026-03-22 12:26:22.740 DBG] Quotes :: Time to save 16.4126ms
[2026-03-22 12:26:22.803 DBG] Config :: Time to save 13.2661ms
[2026-03-22 12:26:45.696 DBG] ViewerRepo :: UpdatePresence(twitch, 5), 0.0367ms
[2026-03-22 12:26:45.751 DBG] TwitchService :: Presence Timer :: Artificially updated presence with a threshold of 5 minutes (55.4193ms)
[2026-03-22 12:27:45.708 DBG] ViewerRepo :: UpdatePresence(twitch, 5), 0.0644ms
[2026-03-22 12:27:45.760 DBG] TwitchService :: Presence Timer :: Artificially updated presence with a threshold of 5 minutes (51.7296ms)
[2026-03-22 12:28:45.710 DBG] ViewerRepo :: UpdatePresence(twitch, 5), 0.0371ms
[2026-03-22 12:28:45.766 DBG] TwitchService :: Presence Timer :: Artificially updated presence with a threshold of 5 minutes (56.4192ms)
[2026-03-22 12:29:18.008 DBG] Credits :: Time to save 16.0516ms
[2026-03-22 12:29:45.728 DBG] ViewerRepo :: UpdatePresence(twitch, 5), 0.0591ms
[2026-03-22 12:29:45.779 DBG] TwitchService :: Presence Timer :: Artificially updated presence with a threshold of 5 minutes (51.9248ms)
[2026-03-22 12:30:45.730 DBG] ViewerRepo :: UpdatePresence(twitch, 5), 0.0356ms
[2026-03-22 12:30:45.788 DBG] TwitchService :: Presence Timer :: Artificially updated presence with a threshold of 5 minutes (56.9814ms)
[2026-03-22 12:31:22.847 DBG] AutoSave :: Auto saving settings...
[2026-03-22 12:31:22.862 DBG] Users :: Time to save 15.6013ms
[2026-03-22 12:31:22.888 DBG] Actions :: Time to save 25.4725ms
[2026-03-22 12:31:22.905 DBG] Commands :: Time to save 16.8929ms
[2026-03-22 12:31:22.919 DBG] Twitch Rewards :: Time to save 13.4388ms
[2026-03-22 12:31:22.930 DBG] Midi :: Time to save 11.3586ms
[2026-03-22 12:31:22.945 DBG] OBS Settings :: Time to save 14.7739ms
[2026-03-22 12:31:22.960 DBG] MeldStudio Settings :: Time to save 15.7423ms
[2026-03-22 12:31:22.976 DBG] Credits :: Time to save 15.9655ms
[2026-03-22 12:31:22.995 DBG] Quotes :: Time to save 18.8699ms
[2026-03-22 12:31:23.072 DBG] Config :: Time to save 22.2118ms
[2026-03-22 12:31:44.150 DBG] ActionDispatcher :: Queueing 'Sub Goal' (361aa588-5f31-4e19-b8a5-099cae52479d, TimedAction) to 'Default' (00000000-0000-0000-0000-000000000000), with 11 arguments
[2026-03-22 12:31:44.150 DBG] ActionQueue :: 'Default' (00000000-0000-0000-0000-000000000000) :: Enqueue action 361aa588-5f31-4e19-b8a5-099cae52479d
[2026-03-22 12:31:44.150 DBG] ActionQueue :: 'Default' (00000000-0000-0000-0000-000000000000) :: Handling queue
[2026-03-22 12:31:44.150 DBG] ActionQueue :: 'Default' (00000000-0000-0000-0000-000000000000) :: Performing non-blocking 'Sub Goal' (361aa588-5f31-4e19-b8a5-099cae52479d, d43669e6-9918-4b93-a974-0319dbb875dd)
[2026-03-22 12:31:45.746 DBG] ViewerRepo :: UpdatePresence(twitch, 5), 0.0356ms
[2026-03-22 12:31:45.802 DBG] TwitchService :: Presence Timer :: Artificially updated presence with a threshold of 5 minutes (56.6803ms)
[2026-03-22 12:32:45.758 DBG] ViewerRepo :: UpdatePresence(twitch, 5), 0.0359ms
[2026-03-22 12:32:45.811 DBG] TwitchService :: Presence Timer :: Artificially updated presence with a threshold of 5 minutes (54.2284ms)
[2026-03-22 12:33:45.768 DBG] ViewerRepo :: UpdatePresence(twitch, 5), 0.0474ms
[2026-03-22 12:33:45.822 DBG] TwitchService :: Presence Timer :: Artificially updated presence with a threshold of 5 minutes (54.5674ms)
[2026-03-22 12:34:18.024 DBG] Credits :: Time to save 18.0508ms
[2026-03-22 12:34:45.783 DBG] ViewerRepo :: UpdatePresence(twitch, 5), 0.0393ms
[2026-03-22 12:34:45.836 DBG] TwitchService :: Presence Timer :: Artificially updated presence with a threshold of 5 minutes (52.9804ms)
[2026-03-22 12:35:45.798 DBG] ViewerRepo :: UpdatePresence(twitch, 5), 0.0379ms
[2026-03-22 12:35:45.851 DBG] TwitchService :: Presence Timer :: Artificially updated presence with a threshold of 5 minutes (54.0359ms)
[2026-03-22 12:36:23.088 DBG] AutoSave :: Auto saving settings...
[2026-03-22 12:36:23.107 DBG] Users :: Time to save 19.6338ms
[2026-03-22 12:36:23.131 DBG] Actions :: Time to save 23.0315ms
[2026-03-22 12:36:23.148 DBG] Commands :: Time to save 17.0744ms
[2026-03-22 12:36:23.160 DBG] Twitch Rewards :: Time to save 11.7943ms
[2026-03-22 12:36:23.175 DBG] Midi :: Time to save 14.3627ms
[2026-03-22 12:36:23.185 DBG] OBS Settings :: Time to save 10.5478ms
[2026-03-22 12:36:23.196 DBG] MeldStudio Settings :: Time to save 11.3449ms
[2026-03-22 12:36:23.211 DBG] Credits :: Time to save 14.9299ms
[2026-03-22 12:36:23.227 DBG] Quotes :: Time to save 15.3524ms
[2026-03-22 12:36:23.312 DBG] Config :: Time to save 18.8888ms
[2026-03-22 12:36:45.814 DBG] ViewerRepo :: UpdatePresence(twitch, 5), 0.0403ms
[2026-03-22 12:36:45.870 DBG] TwitchService :: Presence Timer :: Artificially updated presence with a threshold of 5 minutes (56.1597ms)
[2026-03-22 12:37:45.831 DBG] ViewerRepo :: UpdatePresence(twitch, 5), 0.041ms
[2026-03-22 12:37:45.884 DBG] TwitchService :: Presence Timer :: Artificially updated presence with a threshold of 5 minutes (53.951ms)
[2026-03-22 12:38:45.834 DBG] ViewerRepo :: UpdatePresence(twitch, 5), 0.0453ms
[2026-03-22 12:38:45.894 DBG] TwitchService :: Presence Timer :: Artificially updated presence with a threshold of 5 minutes (60.8637ms)
[2026-03-22 12:39:18.033 DBG] Credits :: Time to save 17.1907ms
[2026-03-22 12:39:45.849 DBG] ViewerRepo :: UpdatePresence(twitch, 5), 0.0352ms
[2026-03-22 12:39:45.907 DBG] TwitchService :: Presence Timer :: Artificially updated presence with a threshold of 5 minutes (58.6518ms)
[2026-03-22 12:40:45.850 DBG] ViewerRepo :: UpdatePresence(twitch, 5), 0.0348ms
[2026-03-22 12:40:45.908 DBG] TwitchService :: Presence Timer :: Artificially updated presence with a threshold of 5 minutes (57.7396ms)
[2026-03-22 12:41:23.340 DBG] AutoSave :: Auto saving settings...
[2026-03-22 12:41:23.362 DBG] Users :: Time to save 21.3723ms
[2026-03-22 12:41:23.383 DBG] Actions :: Time to save 21.0821ms
[2026-03-22 12:41:23.401 DBG] Commands :: Time to save 19.6302ms
[2026-03-22 12:41:23.420 DBG] Twitch Rewards :: Time to save 17.3378ms
[2026-03-22 12:41:23.435 DBG] Midi :: Time to save 15.1924ms
[2026-03-22 12:41:23.450 DBG] OBS Settings :: Time to save 16.2326ms
[2026-03-22 12:41:23.469 DBG] MeldStudio Settings :: Time to save 16.7584ms
[2026-03-22 12:41:23.485 DBG] Credits :: Time to save 16.3906ms
[2026-03-22 12:41:23.503 DBG] Quotes :: Time to save 18.8612ms
[2026-03-22 12:41:23.565 DBG] Config :: Time to save 20.8001ms
[2026-03-22 12:41:44.688 DBG] ActionDispatcher :: Queueing 'Sub Goal' (361aa588-5f31-4e19-b8a5-099cae52479d, TimedAction) to 'Default' (00000000-0000-0000-0000-000000000000), with 11 arguments
[2026-03-22 12:41:44.688 DBG] ActionQueue :: 'Default' (00000000-0000-0000-0000-000000000000) :: Enqueue action 361aa588-5f31-4e19-b8a5-099cae52479d
[2026-03-22 12:41:44.688 DBG] ActionQueue :: 'Default' (00000000-0000-0000-0000-000000000000) :: Handling queue
[2026-03-22 12:41:44.688 DBG] ActionQueue :: 'Default' (00000000-0000-0000-0000-000000000000) :: Performing non-blocking 'Sub Goal' (361aa588-5f31-4e19-b8a5-099cae52479d, 7cefe0fc-f6c1-41c5-88e7-3260f849918e)
[2026-03-22 12:41:45.858 DBG] ViewerRepo :: UpdatePresence(twitch, 5), 0.0377ms
[2026-03-22 12:41:45.913 DBG] TwitchService :: Presence Timer :: Artificially updated presence with a threshold of 5 minutes (55.5712ms)
[2026-03-22 12:42:45.858 DBG] ViewerRepo :: UpdatePresence(twitch, 5), 0.0368ms
[2026-03-22 12:42:45.913 DBG] TwitchService :: Presence Timer :: Artificially updated presence with a threshold of 5 minutes (54.7055ms)
[2026-03-22 12:43:45.869 DBG] ViewerRepo :: UpdatePresence(twitch, 5), 0.0335ms
[2026-03-22 12:43:45.925 DBG] TwitchService :: Presence Timer :: Artificially updated presence with a threshold of 5 minutes (55.9126ms)
[2026-03-22 12:44:18.042 DBG] Credits :: Time to save 15.8989ms
[2026-03-22 12:44:45.877 DBG] ViewerRepo :: UpdatePresence(twitch, 5), 0.0369ms
[2026-03-22 12:44:45.931 DBG] TwitchService :: Presence Timer :: Artificially updated presence with a threshold of 5 minutes (53.8807ms)
[2026-03-22 12:45:45.882 DBG] ViewerRepo :: UpdatePresence(twitch, 5), 0.0421ms
[2026-03-22 12:45:45.939 DBG] TwitchService :: Presence Timer :: Artificially updated presence with a threshold of 5 minutes (55.5763ms)
[2026-03-22 12:46:23.616 DBG] AutoSave :: Auto saving settings...
[2026-03-22 12:46:23.636 DBG] Users :: Time to save 20.0511ms
[2026-03-22 12:46:23.661 DBG] Actions :: Time to save 25.7689ms
[2026-03-22 12:46:23.674 DBG] Commands :: Time to save 13.028ms
[2026-03-22 12:46:23.694 DBG] Twitch Rewards :: Time to save 18.9287ms
[2026-03-22 12:46:23.711 DBG] Midi :: Time to save 16.8897ms
[2026-03-22 12:46:23.725 DBG] OBS Settings :: Time to save 15.0399ms
[2026-03-22 12:46:23.741 DBG] MeldStudio Settings :: Time to save 15.1756ms
[2026-03-22 12:46:23.755 DBG] Credits :: Time to save 14.9984ms
[2026-03-22 12:46:23.775 DBG] Quotes :: Time to save 19.404ms
[2026-03-22 12:46:23.838 DBG] Config :: Time to save 20.5934ms
[2026-03-22 12:46:45.898 DBG] ViewerRepo :: UpdatePresence(twitch, 5), 0.0373ms
[2026-03-22 12:46:45.951 DBG] TwitchService :: Presence Timer :: Artificially updated presence with a threshold of 5 minutes (54.1012ms)
[2026-03-22 12:47:45.912 DBG] ViewerRepo :: UpdatePresence(twitch, 5), 0.0372ms
[2026-03-22 12:47:45.970 DBG] TwitchService :: Presence Timer :: Artificially updated presence with a threshold of 5 minutes (58.8782ms)
[2026-03-22 12:48:45.914 DBG] ViewerRepo :: UpdatePresence(twitch, 5), 0.0358ms
[2026-03-22 12:48:45.971 DBG] TwitchService :: Presence Timer :: Artificially updated presence with a threshold of 5 minutes (57.3358ms)
[2026-03-22 12:49:18.048 DBG] Credits :: Time to save 17.0035ms
[2026-03-22 12:49:45.926 DBG] ViewerRepo :: UpdatePresence(twitch, 5), 0.0881ms
[2026-03-22 12:49:45.981 DBG] TwitchService :: Presence Timer :: Artificially updated presence with a threshold of 5 minutes (56.3171ms)
[2026-03-22 12:50:45.928 DBG] ViewerRepo :: UpdatePresence(twitch, 5), 0.045ms
[2026-03-22 12:50:45.982 DBG] TwitchService :: Presence Timer :: Artificially updated presence with a threshold of 5 minutes (54.5644ms)
[2026-03-22 12:51:23.845 DBG] AutoSave :: Auto saving settings...
[2026-03-22 12:51:23.865 DBG] Users :: Time to save 19.9237ms
[2026-03-22 12:51:23.887 DBG] Actions :: Time to save 22.852ms
[2026-03-22 12:51:23.901 DBG] Commands :: Time to save 13.9123ms
[2026-03-22 12:51:23.920 DBG] Twitch Rewards :: Time to save 18.721ms
[2026-03-22 12:51:23.936 DBG] Midi :: Time to save 15.3486ms
[2026-03-22 12:51:23.951 DBG] OBS Settings :: Time to save 15.1702ms
[2026-03-22 12:51:23.966 DBG] MeldStudio Settings :: Time to save 15.4489ms
[2026-03-22 12:51:23.983 DBG] Credits :: Time to save 16.4446ms
[2026-03-22 12:51:23.999 DBG] Quotes :: Time to save 17.1245ms
[2026-03-22 12:51:24.060 DBG] Config :: Time to save 14.0605ms
[2026-03-22 12:51:45.325 DBG] ActionDispatcher :: Queueing 'Sub Goal' (361aa588-5f31-4e19-b8a5-099cae52479d, TimedAction) to 'Default' (00000000-0000-0000-0000-000000000000), with 11 arguments
[2026-03-22 12:51:45.325 DBG] ActionQueue :: 'Default' (00000000-0000-0000-0000-000000000000) :: Enqueue action 361aa588-5f31-4e19-b8a5-099cae52479d
[2026-03-22 12:51:45.325 DBG] ActionQueue :: 'Default' (00000000-0000-0000-0000-000000000000) :: Handling queue
[2026-03-22 12:51:45.325 DBG] ActionQueue :: 'Default' (00000000-0000-0000-0000-000000000000) :: Performing non-blocking 'Sub Goal' (361aa588-5f31-4e19-b8a5-099cae52479d, 9a4fc8cd-8394-4b0a-84a1-39fe3e58187a)
[2026-03-22 12:51:45.931 DBG] ViewerRepo :: UpdatePresence(twitch, 5), 0.0355ms
[2026-03-22 12:51:45.989 DBG] TwitchService :: Presence Timer :: Artificially updated presence with a threshold of 5 minutes (57.8373ms)
[2026-03-22 12:52:45.934 DBG] ViewerRepo :: UpdatePresence(twitch, 5), 0.0541ms
[2026-03-22 12:52:45.990 DBG] TwitchService :: Presence Timer :: Artificially updated presence with a threshold of 5 minutes (57.5438ms)
[2026-03-22 12:53:45.934 DBG] ViewerRepo :: UpdatePresence(twitch, 5), 0.0375ms
[2026-03-22 12:53:45.990 DBG] TwitchService :: Presence Timer :: Artificially updated presence with a threshold of 5 minutes (55.6278ms)
[2026-03-22 12:54:18.063 DBG] Credits :: Time to save 19.4144ms
[2026-03-22 12:54:45.938 DBG] ViewerRepo :: UpdatePresence(twitch, 5), 0.0353ms
[2026-03-22 12:54:45.994 DBG] TwitchService :: Presence Timer :: Artificially updated presence with a threshold of 5 minutes (57.1599ms)
[2026-03-22 12:55:45.940 DBG] ViewerRepo :: UpdatePresence(twitch, 5), 0.0501ms
[2026-03-22 12:55:45.999 DBG] TwitchService :: Presence Timer :: Artificially updated presence with a threshold of 5 minutes (59.1213ms)
[2026-03-22 12:56:24.076 DBG] AutoSave :: Auto saving settings...
[2026-03-22 12:56:24.091 DBG] Users :: Time to save 14.972ms
[2026-03-22 12:56:24.118 DBG] Actions :: Time to save 27.3092ms
[2026-03-22 12:56:24.137 DBG] Commands :: Time to save 18.8138ms
[2026-03-22 12:56:24.154 DBG] Twitch Rewards :: Time to save 17.0844ms
[2026-03-22 12:56:24.170 DBG] Midi :: Time to save 15.2037ms
[2026-03-22 12:56:24.186 DBG] OBS Settings :: Time to save 15.6682ms
[2026-03-22 12:56:24.201 DBG] MeldStudio Settings :: Time to save 14.598ms
[2026-03-22 12:56:24.215 DBG] Credits :: Time to save 14.0406ms
[2026-03-22 12:56:24.232 DBG] Quotes :: Time to save 17.5747ms
[2026-03-22 12:56:24.300 DBG] Config :: Time to save 20.2019ms
[2026-03-22 12:56:45.942 DBG] ViewerRepo :: UpdatePresence(twitch, 5), 0.0369ms
[2026-03-22 12:56:45.994 DBG] TwitchService :: Presence Timer :: Artificially updated presence with a threshold of 5 minutes (52.9504ms)
[2026-03-22 12:57:45.952 DBG] ViewerRepo :: UpdatePresence(twitch, 5), 0.0622ms
[2026-03-22 12:57:46.004 DBG] TwitchService :: Presence Timer :: Artificially updated presence with a threshold of 5 minutes (52.5292ms)
[2026-03-22 12:58:45.955 DBG] ViewerRepo :: UpdatePresence(twitch, 5), 0.0355ms
[2026-03-22 12:58:46.008 DBG] TwitchService :: Presence Timer :: Artificially updated presence with a threshold of 5 minutes (53.1148ms)
[2026-03-22 12:59:18.069 DBG] Credits :: Time to save 11.9196ms
[2026-03-22 12:59:45.960 DBG] ViewerRepo :: UpdatePresence(twitch, 5), 0.0389ms
[2026-03-22 12:59:46.012 DBG] TwitchService :: Presence Timer :: Artificially updated presence with a threshold of 5 minutes (51.6129ms)
[2026-03-22 13:00:45.969 DBG] ViewerRepo :: UpdatePresence(twitch, 5), 0.0361ms
[2026-03-22 13:00:46.024 DBG] TwitchService :: Presence Timer :: Artificially updated presence with a threshold of 5 minutes (55.1538ms)
[2026-03-22 13:01:24.310 DBG] AutoSave :: Auto saving settings...
[2026-03-22 13:01:24.327 DBG] Users :: Time to save 16.3353ms
[2026-03-22 13:01:24.352 DBG] Actions :: Time to save 24.9478ms
[2026-03-22 13:01:24.368 DBG] Commands :: Time to save 16.5033ms
[2026-03-22 13:01:24.380 DBG] Twitch Rewards :: Time to save 12.7255ms
[2026-03-22 13:01:24.392 DBG] Midi :: Time to save 10.8308ms
[2026-03-22 13:01:24.408 DBG] OBS Settings :: Time to save 16.1192ms
[2026-03-22 13:01:24.423 DBG] MeldStudio Settings :: Time to save 15.048ms
[2026-03-22 13:01:24.434 DBG] Credits :: Time to save 11.2776ms
[2026-03-22 13:01:24.450 DBG] Quotes :: Time to save 16.7492ms
[2026-03-22 13:01:24.528 DBG] Config :: Time to save 14.5176ms
[2026-03-22 13:01:45.762 DBG] ActionDispatcher :: Queueing 'Sub Goal' (361aa588-5f31-4e19-b8a5-099cae52479d, TimedAction) to 'Default' (00000000-0000-0000-0000-000000000000), with 11 arguments
[2026-03-22 13:01:45.762 DBG] ActionQueue :: 'Default' (00000000-0000-0000-0000-000000000000) :: Enqueue action 361aa588-5f31-4e19-b8a5-099cae52479d
[2026-03-22 13:01:45.762 DBG] ActionQueue :: 'Default' (00000000-0000-0000-0000-000000000000) :: Handling queue
[2026-03-22 13:01:45.762 DBG] ActionQueue :: 'Default' (00000000-0000-0000-0000-000000000000) :: Performing non-blocking 'Sub Goal' (361aa588-5f31-4e19-b8a5-099cae52479d, 68b9827c-864e-4178-8559-6824077748d3)
[2026-03-22 13:01:45.984 DBG] ViewerRepo :: UpdatePresence(twitch, 5), 0.0365ms
[2026-03-22 13:01:46.038 DBG] TwitchService :: Presence Timer :: Artificially updated presence with a threshold of 5 minutes (55.0594ms)
[2026-03-22 13:02:45.993 DBG] ViewerRepo :: UpdatePresence(twitch, 5), 0.0498ms
[2026-03-22 13:02:46.050 DBG] TwitchService :: Presence Timer :: Artificially updated presence with a threshold of 5 minutes (58.4716ms)
[2026-03-22 13:03:46.003 DBG] ViewerRepo :: UpdatePresence(twitch, 5), 0.0367ms
[2026-03-22 13:03:46.057 DBG] TwitchService :: Presence Timer :: Artificially updated presence with a threshold of 5 minutes (54.4865ms)
[2026-03-22 13:04:18.075 DBG] Credits :: Time to save 16.2942ms
[2026-03-22 13:04:46.018 DBG] ViewerRepo :: UpdatePresence(twitch, 5), 0.0371ms
[2026-03-22 13:04:46.078 DBG] TwitchService :: Presence Timer :: Artificially updated presence with a threshold of 5 minutes (60.1589ms)
[2026-03-22 13:05:46.025 DBG] ViewerRepo :: UpdatePresence(twitch, 5), 0.0382ms
[2026-03-22 13:05:46.077 DBG] TwitchService :: Presence Timer :: Artificially updated presence with a threshold of 5 minutes (51.7049ms)
[2026-03-22 13:06:24.517 DBG] AutoSave :: Auto saving settings...
[2026-03-22 13:06:24.537 DBG] Users :: Time to save 19.7341ms
[2026-03-22 13:06:24.560 DBG] Actions :: Time to save 23.4151ms
[2026-03-22 13:06:24.577 DBG] Commands :: Time to save 17.0953ms
[2026-03-22 13:06:24.595 DBG] Twitch Rewards :: Time to save 17.5067ms
[2026-03-22 13:06:24.607 DBG] Midi :: Time to save 12.0264ms
[2026-03-22 13:06:24.622 DBG] OBS Settings :: Time to save 14.9313ms
[2026-03-22 13:06:24.635 DBG] MeldStudio Settings :: Time to save 12.4266ms
[2026-03-22 13:06:24.645 DBG] Credits :: Time to save 10.4483ms
[2026-03-22 13:06:24.662 DBG] Quotes :: Time to save 16.8126ms
[2026-03-22 13:06:24.739 DBG] Config :: Time to save 19.5303ms
[2026-03-22 13:06:46.033 DBG] ViewerRepo :: UpdatePresence(twitch, 5), 0.0422ms
[2026-03-22 13:06:46.092 DBG] TwitchService :: Presence Timer :: Artificially updated presence with a threshold of 5 minutes (58.9084ms)
[2026-03-22 13:07:46.052 DBG] ViewerRepo :: UpdatePresence(twitch, 5), 0.0365ms
[2026-03-22 13:07:46.105 DBG] TwitchService :: Presence Timer :: Artificially updated presence with a threshold of 5 minutes (53.3299ms)
[2026-03-22 13:08:46.058 DBG] ViewerRepo :: UpdatePresence(twitch, 5), 0.0335ms
[2026-03-22 13:08:46.112 DBG] TwitchService :: Presence Timer :: Artificially updated presence with a threshold of 5 minutes (53.8528ms)
[2026-03-22 13:09:18.086 DBG] Credits :: Time to save 16.5394ms
[2026-03-22 13:09:46.064 DBG] ViewerRepo :: UpdatePresence(twitch, 5), 0.0347ms
[2026-03-22 13:09:46.119 DBG] TwitchService :: Presence Timer :: Artificially updated presence with a threshold of 5 minutes (55.3821ms)
[2026-03-22 13:10:46.081 DBG] ViewerRepo :: UpdatePresence(twitch, 5), 0.0374ms
[2026-03-22 13:10:46.136 DBG] TwitchService :: Presence Timer :: Artificially updated presence with a threshold of 5 minutes (55.3859ms)
[2026-03-22 13:11:24.766 DBG] AutoSave :: Auto saving settings...
[2026-03-22 13:11:24.779 DBG] Users :: Time to save 13.5665ms
[2026-03-22 13:11:24.803 DBG] Actions :: Time to save 23.8899ms
[2026-03-22 13:11:24.820 DBG] Commands :: Time to save 17.337ms
[2026-03-22 13:11:24.833 DBG] Twitch Rewards :: Time to save 12.3866ms
[2026-03-22 13:11:24.849 DBG] Midi :: Time to save 15.3076ms
[2026-03-22 13:11:24.864 DBG] OBS Settings :: Time to save 16.1496ms
[2026-03-22 13:11:24.879 DBG] MeldStudio Settings :: Time to save 14.7867ms
[2026-03-22 13:11:24.891 DBG] Credits :: Time to save 11.3294ms
[2026-03-22 13:11:24.908 DBG] Quotes :: Time to save 17.4603ms
[2026-03-22 13:11:24.982 DBG] Config :: Time to save 14.4847ms
[2026-03-22 13:11:46.090 DBG] ViewerRepo :: UpdatePresence(twitch, 5), 0.0438ms
[2026-03-22 13:11:46.147 DBG] TwitchService :: Presence Timer :: Artificially updated presence with a threshold of 5 minutes (57.4564ms)
[2026-03-22 13:11:46.422 DBG] ActionDispatcher :: Queueing 'Sub Goal' (361aa588-5f31-4e19-b8a5-099cae52479d, TimedAction) to 'Default' (00000000-0000-0000-0000-000000000000), with 11 arguments
[2026-03-22 13:11:46.422 DBG] ActionQueue :: 'Default' (00000000-0000-0000-0000-000000000000) :: Enqueue action 361aa588-5f31-4e19-b8a5-099cae52479d
[2026-03-22 13:11:46.422 DBG] ActionQueue :: 'Default' (00000000-0000-0000-0000-000000000000) :: Handling queue
[2026-03-22 13:11:46.422 DBG] ActionQueue :: 'Default' (00000000-0000-0000-0000-000000000000) :: Performing non-blocking 'Sub Goal' (361aa588-5f31-4e19-b8a5-099cae52479d, adec22d4-bce5-4137-b0a2-ebd9d3e8eac2)
[2026-03-22 13:12:46.099 DBG] ViewerRepo :: UpdatePresence(twitch, 5), 0.0343ms
[2026-03-22 13:12:46.153 DBG] TwitchService :: Presence Timer :: Artificially updated presence with a threshold of 5 minutes (54.2042ms)
[2026-03-22 13:13:46.110 DBG] ViewerRepo :: UpdatePresence(twitch, 5), 0.0397ms
[2026-03-22 13:13:46.167 DBG] TwitchService :: Presence Timer :: Artificially updated presence with a threshold of 5 minutes (57.8414ms)
[2026-03-22 13:14:18.092 DBG] Credits :: Time to save 12.3047ms
[2026-03-22 13:14:46.126 DBG] ViewerRepo :: UpdatePresence(twitch, 5), 0.035ms
[2026-03-22 13:14:46.183 DBG] TwitchService :: Presence Timer :: Artificially updated presence with a threshold of 5 minutes (56.8492ms)
[2026-03-22 13:15:46.149 DBG] ViewerRepo :: UpdatePresence(twitch, 5), 0.0414ms
[2026-03-22 13:15:46.209 DBG] TwitchService :: Presence Timer :: Artificially updated presence with a threshold of 5 minutes (60.4703ms)
[2026-03-22 13:16:24.998 DBG] AutoSave :: Auto saving settings...
[2026-03-22 13:16:25.012 DBG] Users :: Time to save 15.0258ms
[2026-03-22 13:16:25.038 DBG] Actions :: Time to save 24.8953ms
[2026-03-22 13:16:25.050 DBG] Commands :: Time to save 13.3938ms
[2026-03-22 13:16:25.068 DBG] Twitch Rewards :: Time to save 17.1077ms
[2026-03-22 13:16:25.079 DBG] Midi :: Time to save 11.1806ms
[2026-03-22 13:16:25.095 DBG] OBS Settings :: Time to save 15.3845ms
[2026-03-22 13:16:25.108 DBG] MeldStudio Settings :: Time to save 13.6907ms
[2026-03-22 13:16:25.124 DBG] Credits :: Time to save 15.1412ms
[2026-03-22 13:16:25.135 DBG] Quotes :: Time to save 12.0708ms
[2026-03-22 13:16:25.218 DBG] Config :: Time to save 19.2044ms
[2026-03-22 13:16:46.164 DBG] ViewerRepo :: UpdatePresence(twitch, 5), 0.0431ms
[2026-03-22 13:16:46.218 DBG] TwitchService :: Presence Timer :: Artificially updated presence with a threshold of 5 minutes (54.0061ms)
[2026-03-22 13:17:46.174 DBG] ViewerRepo :: UpdatePresence(twitch, 5), 0.1171ms
[2026-03-22 13:17:46.232 DBG] TwitchService :: Presence Timer :: Artificially updated presence with a threshold of 5 minutes (58.5992ms)
[2026-03-22 13:18:46.188 DBG] ViewerRepo :: UpdatePresence(twitch, 5), 0.0533ms
[2026-03-22 13:18:46.249 DBG] TwitchService :: Presence Timer :: Artificially updated presence with a threshold of 5 minutes (60.7273ms)
[2026-03-22 13:19:18.103 DBG] Credits :: Time to save 17.025ms
[2026-03-22 13:19:46.195 DBG] ViewerRepo :: UpdatePresence(twitch, 5), 0.0372ms
[2026-03-22 13:19:46.247 DBG] TwitchService :: Presence Timer :: Artificially updated presence with a threshold of 5 minutes (51.9705ms)
[2026-03-22 13:20:46.210 DBG] ViewerRepo :: UpdatePresence(twitch, 5), 0.037ms
[2026-03-22 13:20:46.263 DBG] TwitchService :: Presence Timer :: Artificially updated presence with a threshold of 5 minutes (53.7279ms)
[2026-03-22 13:21:25.225 DBG] AutoSave :: Auto saving settings...
[2026-03-22 13:21:25.242 DBG] Users :: Time to save 18.7508ms
[2026-03-22 13:21:25.267 DBG] Actions :: Time to save 23.3067ms
[2026-03-22 13:21:25.279 DBG] Commands :: Time to save 12.3373ms
[2026-03-22 13:21:25.296 DBG] Twitch Rewards :: Time to save 17.209ms
[2026-03-22 13:21:25.312 DBG] Midi :: Time to save 15.321ms
[2026-03-22 13:21:25.328 DBG] OBS Settings :: Time to save 16.6035ms
[2026-03-22 13:21:25.345 DBG] MeldStudio Settings :: Time to save 16.2188ms
[2026-03-22 13:21:25.357 DBG] Credits :: Time to save 11.6938ms
[2026-03-22 13:21:25.370 DBG] Quotes :: Time to save 13.7575ms
[2026-03-22 13:21:25.446 DBG] Config :: Time to save 18.6881ms
[2026-03-22 13:21:46.215 DBG] ViewerRepo :: UpdatePresence(twitch, 5), 0.0363ms
[2026-03-22 13:21:46.269 DBG] TwitchService :: Presence Timer :: Artificially updated presence with a threshold of 5 minutes (54.2803ms)
[2026-03-22 13:21:47.374 DBG] ActionDispatcher :: Queueing 'Sub Goal' (361aa588-5f31-4e19-b8a5-099cae52479d, TimedAction) to 'Default' (00000000-0000-0000-0000-000000000000), with 11 arguments
[2026-03-22 13:21:47.374 DBG] ActionQueue :: 'Default' (00000000-0000-0000-0000-000000000000) :: Enqueue action 361aa588-5f31-4e19-b8a5-099cae52479d
[2026-03-22 13:21:47.374 DBG] ActionQueue :: 'Default' (00000000-0000-0000-0000-000000000000) :: Handling queue
[2026-03-22 13:21:47.374 DBG] ActionQueue :: 'Default' (00000000-0000-0000-0000-000000000000) :: Performing non-blocking 'Sub Goal' (361aa588-5f31-4e19-b8a5-099cae52479d, 40b43da2-2c60-420a-a70b-9dd0ac51b094)
[2026-03-22 13:22:46.220 DBG] ViewerRepo :: UpdatePresence(twitch, 5), 0.0367ms
[2026-03-22 13:22:46.760 DBG] TwitchService :: Presence Timer :: Artificially updated presence with a threshold of 5 minutes (540.6382ms)
[2026-03-22 13:23:46.230 DBG] ViewerRepo :: UpdatePresence(twitch, 5), 0.0375ms
[2026-03-22 13:23:46.285 DBG] TwitchService :: Presence Timer :: Artificially updated presence with a threshold of 5 minutes (55.3177ms)
[2026-03-22 13:24:18.118 DBG] Credits :: Time to save 16.4955ms
[2026-03-22 13:24:46.238 DBG] ViewerRepo :: UpdatePresence(twitch, 5), 0.0406ms
[2026-03-22 13:24:46.293 DBG] TwitchService :: Presence Timer :: Artificially updated presence with a threshold of 5 minutes (54.899ms)
[2026-03-22 13:25:46.252 DBG] ViewerRepo :: UpdatePresence(twitch, 5), 0.115ms
[2026-03-22 13:25:46.311 DBG] TwitchService :: Presence Timer :: Artificially updated presence with a threshold of 5 minutes (59.0521ms)
[2026-03-22 13:26:25.458 DBG] AutoSave :: Auto saving settings...
[2026-03-22 13:26:25.478 DBG] Users :: Time to save 19.939ms
[2026-03-22 13:26:25.501 DBG] Actions :: Time to save 23.8496ms
[2026-03-22 13:26:25.519 DBG] Commands :: Time to save 17.6912ms
[2026-03-22 13:26:25.530 DBG] Twitch Rewards :: Time to save 12.0252ms
[2026-03-22 13:26:25.545 DBG] Midi :: Time to save 14.3756ms
[2026-03-22 13:26:25.560 DBG] OBS Settings :: Time to save 14.8505ms
[2026-03-22 13:26:25.575 DBG] MeldStudio Settings :: Time to save 15.0254ms
[2026-03-22 13:26:25.590 DBG] Credits :: Time to save 14.3641ms
[2026-03-22 13:26:25.607 DBG] Quotes :: Time to save 16.7741ms
[2026-03-22 13:26:25.681 DBG] Config :: Time to save 19.7704ms
[2026-03-22 13:26:46.260 DBG] ViewerRepo :: UpdatePresence(twitch, 5), 0.0356ms
[2026-03-22 13:26:46.317 DBG] TwitchService :: Presence Timer :: Artificially updated presence with a threshold of 5 minutes (57.6988ms)
[2026-03-22 13:27:46.267 DBG] ViewerRepo :: UpdatePresence(twitch, 5), 0.0372ms
[2026-03-22 13:27:46.322 DBG] TwitchService :: Presence Timer :: Artificially updated presence with a threshold of 5 minutes (55.5739ms)
[2026-03-22 13:28:46.274 DBG] ViewerRepo :: UpdatePresence(twitch, 5), 0.0421ms
[2026-03-22 13:28:46.329 DBG] TwitchService :: Presence Timer :: Artificially updated presence with a threshold of 5 minutes (54.8964ms)
[2026-03-22 13:29:18.130 DBG] Credits :: Time to save 16.5767ms
[2026-03-22 13:29:46.282 DBG] ViewerRepo :: UpdatePresence(twitch, 5), 0.1235ms
[2026-03-22 13:29:46.339 DBG] TwitchService :: Presence Timer :: Artificially updated presence with a threshold of 5 minutes (57.3612ms)
[2026-03-22 13:30:46.281 DBG] ViewerRepo :: UpdatePresence(twitch, 5), 0.0353ms
[2026-03-22 13:30:46.340 DBG] TwitchService :: Presence Timer :: Artificially updated presence with a threshold of 5 minutes (58.978ms)
[2026-03-22 13:31:25.712 DBG] AutoSave :: Auto saving settings...
[2026-03-22 13:31:25.732 DBG] Users :: Time to save 20.4992ms
[2026-03-22 13:31:25.757 DBG] Actions :: Time to save 24.545ms
[2026-03-22 13:31:25.774 DBG] Commands :: Time to save 17.5237ms
[2026-03-22 13:31:25.787 DBG] Twitch Rewards :: Time to save 12.9154ms
[2026-03-22 13:31:25.799 DBG] Midi :: Time to save 11.2632ms
[2026-03-22 13:31:25.816 DBG] OBS Settings :: Time to save 16.7974ms
[2026-03-22 13:31:25.832 DBG] MeldStudio Settings :: Time to save 15.7426ms
[2026-03-22 13:31:25.846 DBG] Credits :: Time to save 14.7795ms
[2026-03-22 13:31:25.863 DBG] Quotes :: Time to save 17.1347ms
[2026-03-22 13:31:25.936 DBG] Config :: Time to save 20.4173ms
[2026-03-22 13:31:46.291 DBG] ViewerRepo :: UpdatePresence(twitch, 5), 0.0358ms
[2026-03-22 13:31:46.365 DBG] TwitchService :: Presence Timer :: Artificially updated presence with a threshold of 5 minutes (73.7874ms)
[2026-03-22 13:31:47.446 DBG] ActionDispatcher :: Queueing 'Sub Goal' (361aa588-5f31-4e19-b8a5-099cae52479d, TimedAction) to 'Default' (00000000-0000-0000-0000-000000000000), with 11 arguments
[2026-03-22 13:31:47.446 DBG] ActionQueue :: 'Default' (00000000-0000-0000-0000-000000000000) :: Enqueue action 361aa588-5f31-4e19-b8a5-099cae52479d
[2026-03-22 13:31:47.446 DBG] ActionQueue :: 'Default' (00000000-0000-0000-0000-000000000000) :: Handling queue
[2026-03-22 13:31:47.446 DBG] ActionQueue :: 'Default' (00000000-0000-0000-0000-000000000000) :: Performing non-blocking 'Sub Goal' (361aa588-5f31-4e19-b8a5-099cae52479d, 93566119-a376-4ff2-9550-240d544afd96)
[2026-03-22 13:32:46.305 DBG] ViewerRepo :: UpdatePresence(twitch, 5), 0.0351ms
[2026-03-22 13:32:46.372 DBG] TwitchService :: Presence Timer :: Artificially updated presence with a threshold of 5 minutes (66.8583ms)
[2026-03-22 13:33:46.314 DBG] ViewerRepo :: UpdatePresence(twitch, 5), 0.0435ms
[2026-03-22 13:33:46.375 DBG] TwitchService :: Presence Timer :: Artificially updated presence with a threshold of 5 minutes (60.8811ms)
[2026-03-22 13:34:18.137 DBG] Credits :: Time to save 15.0015ms
[2026-03-22 13:34:46.325 DBG] ViewerRepo :: UpdatePresence(twitch, 5), 0.042ms
[2026-03-22 13:34:46.394 DBG] TwitchService :: Presence Timer :: Artificially updated presence with a threshold of 5 minutes (69.0226ms)
[2026-03-22 13:35:46.336 DBG] ViewerRepo :: UpdatePresence(twitch, 5), 0.0366ms
[2026-03-22 13:35:46.392 DBG] TwitchService :: Presence Timer :: Artificially updated presence with a threshold of 5 minutes (55.8562ms)
[2026-03-22 13:36:25.959 DBG] AutoSave :: Auto saving settings...
[2026-03-22 13:36:25.978 DBG] Users :: Time to save 18.8249ms
[2026-03-22 13:36:26.001 DBG] Actions :: Time to save 23.4734ms
[2026-03-22 13:36:26.020 DBG] Commands :: Time to save 18.2103ms
[2026-03-22 13:36:26.033 DBG] Twitch Rewards :: Time to save 12.7543ms
[2026-03-22 13:36:26.047 DBG] Midi :: Time to save 14.0012ms
[2026-03-22 13:36:26.060 DBG] OBS Settings :: Time to save 14.8516ms
[2026-03-22 13:36:26.076 DBG] MeldStudio Settings :: Time to save 14.6288ms
[2026-03-22 13:36:26.090 DBG] Credits :: Time to save 14.7809ms
[2026-03-22 13:36:26.103 DBG] Quotes :: Time to save 12.4003ms
[2026-03-22 13:36:26.184 DBG] Config :: Time to save 18.8914ms
[2026-03-22 13:36:46.348 DBG] ViewerRepo :: UpdatePresence(twitch, 5), 0.0438ms
[2026-03-22 13:36:46.416 DBG] TwitchService :: Presence Timer :: Artificially updated presence with a threshold of 5 minutes (68.9227ms)
[2026-03-22 13:37:46.350 DBG] ViewerRepo :: UpdatePresence(twitch, 5), 0.0379ms
[2026-03-22 13:37:46.410 DBG] TwitchService :: Presence Timer :: Artificially updated presence with a threshold of 5 minutes (60.022ms)
[2026-03-22 13:38:46.363 DBG] ViewerRepo :: UpdatePresence(twitch, 5), 0.0377ms
[2026-03-22 13:38:46.416 DBG] TwitchService :: Presence Timer :: Artificially updated presence with a threshold of 5 minutes (54.5613ms)
[2026-03-22 13:39:18.147 DBG] Credits :: Time to save 18.6703ms
[2026-03-22 13:39:46.370 DBG] ViewerRepo :: UpdatePresence(twitch, 5), 0.0355ms
[2026-03-22 13:39:46.442 DBG] TwitchService :: Presence Timer :: Artificially updated presence with a threshold of 5 minutes (71.2865ms)
[2026-03-22 13:40:46.386 DBG] ViewerRepo :: UpdatePresence(twitch, 5), 0.0388ms
[2026-03-22 13:40:46.439 DBG] TwitchService :: Presence Timer :: Artificially updated presence with a threshold of 5 minutes (53.1031ms)
[2026-03-22 13:41:26.192 DBG] AutoSave :: Auto saving settings...
[2026-03-22 13:41:26.210 DBG] Users :: Time to save 19.3208ms
[2026-03-22 13:41:26.234 DBG] Actions :: Time to save 23.1443ms
[2026-03-22 13:41:26.251 DBG] Commands :: Time to save 17.0494ms
[2026-03-22 13:41:26.268 DBG] Twitch Rewards :: Time to save 16.2815ms
[2026-03-22 13:41:26.281 DBG] Midi :: Time to save 13.788ms
[2026-03-22 13:41:26.296 DBG] OBS Settings :: Time to save 13.7785ms
[2026-03-22 13:41:26.310 DBG] MeldStudio Settings :: Time to save 14.5216ms
[2026-03-22 13:41:26.325 DBG] Credits :: Time to save 14.6897ms
[2026-03-22 13:41:26.341 DBG] Quotes :: Time to save 16.3046ms
[2026-03-22 13:41:26.408 DBG] Config :: Time to save 13.4919ms
[2026-03-22 13:41:46.388 DBG] ViewerRepo :: UpdatePresence(twitch, 5), 0.0416ms
[2026-03-22 13:41:46.456 DBG] TwitchService :: Presence Timer :: Artificially updated presence with a threshold of 5 minutes (68.5165ms)
[2026-03-22 13:41:47.746 DBG] ActionDispatcher :: Queueing 'Sub Goal' (361aa588-5f31-4e19-b8a5-099cae52479d, TimedAction) to 'Default' (00000000-0000-0000-0000-000000000000), with 11 arguments
[2026-03-22 13:41:47.746 DBG] ActionQueue :: 'Default' (00000000-0000-0000-0000-000000000000) :: Enqueue action 361aa588-5f31-4e19-b8a5-099cae52479d
[2026-03-22 13:41:47.746 DBG] ActionQueue :: 'Default' (00000000-0000-0000-0000-000000000000) :: Handling queue
[2026-03-22 13:41:47.746 DBG] ActionQueue :: 'Default' (00000000-0000-0000-0000-000000000000) :: Performing non-blocking 'Sub Goal' (361aa588-5f31-4e19-b8a5-099cae52479d, 9a3bd78d-fa35-4a16-bb73-d4bd8e484fdb)
[2026-03-22 13:42:46.401 DBG] ViewerRepo :: UpdatePresence(twitch, 5), 0.036ms
[2026-03-22 13:42:46.459 DBG] TwitchService :: Presence Timer :: Artificially updated presence with a threshold of 5 minutes (57.4511ms)
[2026-03-22 13:43:46.404 DBG] ViewerRepo :: UpdatePresence(twitch, 5), 0.0356ms
[2026-03-22 13:43:46.456 DBG] TwitchService :: Presence Timer :: Artificially updated presence with a threshold of 5 minutes (52.8873ms)
[2026-03-22 13:44:18.157 DBG] Credits :: Time to save 16.2427ms
[2026-03-22 13:44:46.407 DBG] ViewerRepo :: UpdatePresence(twitch, 5), 0.0373ms
[2026-03-22 13:44:46.465 DBG] TwitchService :: Presence Timer :: Artificially updated presence with a threshold of 5 minutes (57.6857ms)
[2026-03-22 13:45:46.412 DBG] ViewerRepo :: UpdatePresence(twitch, 5), 0.0357ms
[2026-03-22 13:45:46.470 DBG] TwitchService :: Presence Timer :: Artificially updated presence with a threshold of 5 minutes (57.7406ms)
[2026-03-22 13:46:26.432 DBG] AutoSave :: Auto saving settings...
[2026-03-22 13:46:26.453 DBG] Users :: Time to save 20.5145ms
[2026-03-22 13:46:26.479 DBG] Actions :: Time to save 26.046ms
[2026-03-22 13:46:26.498 DBG] Commands :: Time to save 19.0195ms
[2026-03-22 13:46:26.515 DBG] Twitch Rewards :: Time to save 17.0512ms
[2026-03-22 13:46:26.532 DBG] Midi :: Time to save 16.9685ms
[2026-03-22 13:46:26.549 DBG] OBS Settings :: Time to save 16.5399ms
[2026-03-22 13:46:26.566 DBG] MeldStudio Settings :: Time to save 16.7432ms
[2026-03-22 13:46:26.582 DBG] Credits :: Time to save 16.0385ms
[2026-03-22 13:46:26.600 DBG] Quotes :: Time to save 18.2812ms
[2026-03-22 13:46:26.655 DBG] Config :: Time to save 18.7909ms
[2026-03-22 13:46:46.418 DBG] ViewerRepo :: UpdatePresence(twitch, 5), 0.0375ms
[2026-03-22 13:46:46.473 DBG] TwitchService :: Presence Timer :: Artificially updated presence with a threshold of 5 minutes (55.3951ms)
[2026-03-22 13:47:46.421 DBG] ViewerRepo :: UpdatePresence(twitch, 5), 0.0357ms
[2026-03-22 13:47:46.480 DBG] TwitchService :: Presence Timer :: Artificially updated presence with a threshold of 5 minutes (59.6283ms)
[2026-03-22 13:48:46.430 DBG] ViewerRepo :: UpdatePresence(twitch, 5), 0.0362ms
[2026-03-22 13:48:46.487 DBG] TwitchService :: Presence Timer :: Artificially updated presence with a threshold of 5 minutes (57.6442ms)
[2026-03-22 13:49:18.164 DBG] Credits :: Time to save 17.6332ms
[2026-03-22 13:49:46.447 DBG] ViewerRepo :: UpdatePresence(twitch, 5), 0.0352ms
[2026-03-22 13:49:46.579 DBG] TwitchService :: Presence Timer :: Artificially updated presence with a threshold of 5 minutes (131.6727ms)
[2026-03-22 13:50:46.457 DBG] ViewerRepo :: UpdatePresence(twitch, 5), 0.0341ms
[2026-03-22 13:50:46.552 DBG] TwitchService :: Presence Timer :: Artificially updated presence with a threshold of 5 minutes (95.4111ms)
[2026-03-22 13:51:26.685 DBG] AutoSave :: Auto saving settings...
[2026-03-22 13:51:26.700 DBG] Users :: Time to save 14.6117ms
[2026-03-22 13:51:26.727 DBG] Actions :: Time to save 27.1113ms
[2026-03-22 13:51:26.745 DBG] Commands :: Time to save 17.3268ms
[2026-03-22 13:51:26.758 DBG] Twitch Rewards :: Time to save 13.1908ms
[2026-03-22 13:51:26.773 DBG] Midi :: Time to save 16.2192ms
[2026-03-22 13:51:26.791 DBG] OBS Settings :: Time to save 17.5778ms
[2026-03-22 13:51:26.809 DBG] MeldStudio Settings :: Time to save 17.4724ms
[2026-03-22 13:51:26.825 DBG] Credits :: Time to save 15.5152ms
[2026-03-22 13:51:26.839 DBG] Quotes :: Time to save 13.7437ms
[2026-03-22 13:51:26.909 DBG] Config :: Time to save 21.8658ms
[2026-03-22 13:51:46.479 DBG] ViewerRepo :: UpdatePresence(twitch, 5), 0.043ms
[2026-03-22 13:51:46.573 DBG] TwitchService :: Presence Timer :: Artificially updated presence with a threshold of 5 minutes (93.9812ms)
[2026-03-22 13:51:47.920 DBG] ActionDispatcher :: Queueing 'Sub Goal' (361aa588-5f31-4e19-b8a5-099cae52479d, TimedAction) to 'Default' (00000000-0000-0000-0000-000000000000), with 11 arguments
[2026-03-22 13:51:47.920 DBG] ActionQueue :: 'Default' (00000000-0000-0000-0000-000000000000) :: Enqueue action 361aa588-5f31-4e19-b8a5-099cae52479d
[2026-03-22 13:51:47.920 DBG] ActionQueue :: 'Default' (00000000-0000-0000-0000-000000000000) :: Handling queue
[2026-03-22 13:51:47.920 DBG] ActionQueue :: 'Default' (00000000-0000-0000-0000-000000000000) :: Performing non-blocking 'Sub Goal' (361aa588-5f31-4e19-b8a5-099cae52479d, 751eaccf-8b20-4fb8-95de-677a46b256b0)
[2026-03-22 13:52:46.488 DBG] ViewerRepo :: UpdatePresence(twitch, 5), 0.0388ms
[2026-03-22 13:52:46.580 DBG] TwitchService :: Presence Timer :: Artificially updated presence with a threshold of 5 minutes (92.7905ms)
[2026-03-22 13:53:46.500 DBG] ViewerRepo :: UpdatePresence(twitch, 5), 0.0397ms
[2026-03-22 13:53:46.592 DBG] TwitchService :: Presence Timer :: Artificially updated presence with a threshold of 5 minutes (92.539ms)
[2026-03-22 13:54:18.168 DBG] Credits :: Time to save 15.4686ms
[2026-03-22 13:54:46.506 DBG] ViewerRepo :: UpdatePresence(twitch, 5), 0.0366ms
[2026-03-22 13:54:46.604 DBG] TwitchService :: Presence Timer :: Artificially updated presence with a threshold of 5 minutes (98.9658ms)
[2026-03-22 13:55:46.509 DBG] ViewerRepo :: UpdatePresence(twitch, 5), 0.0373ms
[2026-03-22 13:55:46.607 DBG] TwitchService :: Presence Timer :: Artificially updated presence with a threshold of 5 minutes (98.2261ms)
[2026-03-22 13:56:26.913 DBG] AutoSave :: Auto saving settings...
[2026-03-22 13:56:26.929 DBG] Users :: Time to save 16.3205ms
[2026-03-22 13:56:26.953 DBG] Actions :: Time to save 23.6583ms
[2026-03-22 13:56:26.970 DBG] Commands :: Time to save 17.3913ms
[2026-03-22 13:56:26.989 DBG] Twitch Rewards :: Time to save 19.076ms
[2026-03-22 13:56:27.005 DBG] Midi :: Time to save 15.3246ms
[2026-03-22 13:56:27.020 DBG] OBS Settings :: Time to save 14.9254ms
[2026-03-22 13:56:27.034 DBG] MeldStudio Settings :: Time to save 14.274ms
[2026-03-22 13:56:27.046 DBG] Credits :: Time to save 12.1825ms
[2026-03-22 13:56:27.063 DBG] Quotes :: Time to save 16.3497ms
[2026-03-22 13:56:27.133 DBG] Config :: Time to save 18.9769ms
[2026-03-22 13:56:46.515 DBG] ViewerRepo :: UpdatePresence(twitch, 5), 0.0363ms
[2026-03-22 13:56:46.612 DBG] TwitchService :: Presence Timer :: Artificially updated presence with a threshold of 5 minutes (96.9808ms)
[2026-03-22 13:57:46.521 DBG] ViewerRepo :: UpdatePresence(twitch, 5), 0.0358ms
[2026-03-22 13:57:46.616 DBG] TwitchService :: Presence Timer :: Artificially updated presence with a threshold of 5 minutes (94.558ms)
[2026-03-22 13:58:46.526 DBG] ViewerRepo :: UpdatePresence(twitch, 5), 0.0366ms
[2026-03-22 13:58:46.619 DBG] TwitchService :: Presence Timer :: Artificially updated presence with a threshold of 5 minutes (93.1797ms)
[2026-03-22 13:59:18.184 DBG] Credits :: Time to save 17.0039ms
[2026-03-22 13:59:46.534 DBG] ViewerRepo :: UpdatePresence(twitch, 5), 0.0368ms
[2026-03-22 13:59:46.630 DBG] TwitchService :: Presence Timer :: Artificially updated presence with a threshold of 5 minutes (96.0892ms)
[2026-03-22 14:00:46.544 DBG] ViewerRepo :: UpdatePresence(twitch, 5), 0.0356ms
[2026-03-22 14:00:46.635 DBG] TwitchService :: Presence Timer :: Artificially updated presence with a threshold of 5 minutes (91.4245ms)
[2026-03-22 14:01:27.141 DBG] AutoSave :: Auto saving settings...
[2026-03-22 14:01:27.157 DBG] Users :: Time to save 16.265ms
[2026-03-22 14:01:27.181 DBG] Actions :: Time to save 23.4098ms
[2026-03-22 14:01:27.197 DBG] Commands :: Time to save 15.9269ms
[2026-03-22 14:01:27.214 DBG] Twitch Rewards :: Time to save 16.8094ms
[2026-03-22 14:01:27.230 DBG] Midi :: Time to save 16.1493ms
[2026-03-22 14:01:27.245 DBG] OBS Settings :: Time to save 15.561ms
[2026-03-22 14:01:27.261 DBG] MeldStudio Settings :: Time to save 14.8455ms
[2026-03-22 14:01:27.275 DBG] Credits :: Time to save 14.8299ms
[2026-03-22 14:01:27.291 DBG] Quotes :: Time to save 16.2087ms
[2026-03-22 14:01:27.375 DBG] Config :: Time to save 19.2063ms
[2026-03-22 14:01:46.551 DBG] ViewerRepo :: UpdatePresence(twitch, 5), 0.0374ms
[2026-03-22 14:01:46.647 DBG] TwitchService :: Presence Timer :: Artificially updated presence with a threshold of 5 minutes (96.4985ms)
[2026-03-22 14:01:48.703 DBG] ActionDispatcher :: Queueing 'Sub Goal' (361aa588-5f31-4e19-b8a5-099cae52479d, TimedAction) to 'Default' (00000000-0000-0000-0000-000000000000), with 11 arguments
[2026-03-22 14:01:48.703 DBG] ActionQueue :: 'Default' (00000000-0000-0000-0000-000000000000) :: Enqueue action 361aa588-5f31-4e19-b8a5-099cae52479d
[2026-03-22 14:01:48.703 DBG] ActionQueue :: 'Default' (00000000-0000-0000-0000-000000000000) :: Handling queue
[2026-03-22 14:01:48.703 DBG] ActionQueue :: 'Default' (00000000-0000-0000-0000-000000000000) :: Performing non-blocking 'Sub Goal' (361aa588-5f31-4e19-b8a5-099cae52479d, 4a45bcf2-72d6-44be-9dfb-8fde3f7de74c)
[2026-03-22 14:02:46.553 DBG] ViewerRepo :: UpdatePresence(twitch, 5), 0.0361ms
[2026-03-22 14:02:46.655 DBG] TwitchService :: Presence Timer :: Artificially updated presence with a threshold of 5 minutes (101.7882ms)
[2026-03-22 14:03:46.571 DBG] ViewerRepo :: UpdatePresence(twitch, 5), 0.0402ms
[2026-03-22 14:03:46.670 DBG] TwitchService :: Presence Timer :: Artificially updated presence with a threshold of 5 minutes (98.5843ms)
[2026-03-22 14:04:18.185 DBG] Credits :: Time to save 15.1419ms
[2026-03-22 14:04:46.571 DBG] ViewerRepo :: UpdatePresence(twitch, 5), 0.0367ms
[2026-03-22 14:04:46.664 DBG] TwitchService :: Presence Timer :: Artificially updated presence with a threshold of 5 minutes (92.5929ms)
[2026-03-22 14:05:46.585 DBG] ViewerRepo :: UpdatePresence(twitch, 5), 0.0438ms
[2026-03-22 14:05:46.683 DBG] TwitchService :: Presence Timer :: Artificially updated presence with a threshold of 5 minutes (99.5116ms)
[2026-03-22 14:06:27.390 DBG] AutoSave :: Auto saving settings...
[2026-03-22 14:06:27.410 DBG] Users :: Time to save 21.1165ms
[2026-03-22 14:06:27.435 DBG] Actions :: Time to save 25.2258ms
[2026-03-22 14:06:27.454 DBG] Commands :: Time to save 18.6658ms
[2026-03-22 14:06:27.475 DBG] Twitch Rewards :: Time to save 20.7124ms
[2026-03-22 14:06:27.487 DBG] Midi :: Time to save 11.762ms
[2026-03-22 14:06:27.499 DBG] OBS Settings :: Time to save 12.7679ms
[2026-03-22 14:06:27.516 DBG] MeldStudio Settings :: Time to save 16.2208ms
[2026-03-22 14:06:27.529 DBG] Credits :: Time to save 13.8574ms
[2026-03-22 14:06:27.548 DBG] Quotes :: Time to save 18.4315ms
[2026-03-22 14:06:27.614 DBG] Config :: Time to save 19.8231ms
[2026-03-22 14:06:46.586 DBG] ViewerRepo :: UpdatePresence(twitch, 5), 0.0351ms
[2026-03-22 14:06:46.679 DBG] TwitchService :: Presence Timer :: Artificially updated presence with a threshold of 5 minutes (93.0344ms)
[2026-03-22 14:07:46.598 DBG] ViewerRepo :: UpdatePresence(twitch, 5), 0.0358ms
[2026-03-22 14:07:46.703 DBG] TwitchService :: Presence Timer :: Artificially updated presence with a threshold of 5 minutes (105.0078ms)
[2026-03-22 14:08:46.608 DBG] ViewerRepo :: UpdatePresence(twitch, 5), 0.0429ms
[2026-03-22 14:08:46.700 DBG] TwitchService :: Presence Timer :: Artificially updated presence with a threshold of 5 minutes (91.8ms)
[2026-03-22 14:09:18.197 DBG] Credits :: Time to save 19.0823ms
[2026-03-22 14:09:46.614 DBG] ViewerRepo :: UpdatePresence(twitch, 5), 0.0351ms
[2026-03-22 14:09:46.713 DBG] TwitchService :: Presence Timer :: Artificially updated presence with a threshold of 5 minutes (98.7367ms)
[2026-03-22 14:10:46.615 DBG] ViewerRepo :: UpdatePresence(twitch, 5), 0.0355ms
[2026-03-22 14:10:46.711 DBG] TwitchService :: Presence Timer :: Artificially updated presence with a threshold of 5 minutes (96.5675ms)
[2026-03-22 14:11:27.617 DBG] AutoSave :: Auto saving settings...
[2026-03-22 14:11:27.636 DBG] Users :: Time to save 19.911ms
[2026-03-22 14:11:27.661 DBG] Actions :: Time to save 24.2507ms
[2026-03-22 14:11:27.679 DBG] Commands :: Time to save 17.868ms
[2026-03-22 14:11:27.695 DBG] Twitch Rewards :: Time to save 16.7043ms
[2026-03-22 14:11:27.709 DBG] Midi :: Time to save 14.7227ms
[2026-03-22 14:11:27.726 DBG] OBS Settings :: Time to save 15.7698ms
[2026-03-22 14:11:27.742 DBG] MeldStudio Settings :: Time to save 15.7202ms
[2026-03-22 14:11:27.756 DBG] Credits :: Time to save 14.6868ms
[2026-03-22 14:11:27.774 DBG] Quotes :: Time to save 17.5083ms
[2026-03-22 14:11:27.835 DBG] Config :: Time to save 14.1219ms
[2026-03-22 14:11:46.625 DBG] ViewerRepo :: UpdatePresence(twitch, 5), 0.0365ms
[2026-03-22 14:11:46.718 DBG] TwitchService :: Presence Timer :: Artificially updated presence with a threshold of 5 minutes (93.0646ms)
[2026-03-22 14:11:49.328 DBG] ActionDispatcher :: Queueing 'Sub Goal' (361aa588-5f31-4e19-b8a5-099cae52479d, TimedAction) to 'Default' (00000000-0000-0000-0000-000000000000), with 11 arguments
[2026-03-22 14:11:49.328 DBG] ActionQueue :: 'Default' (00000000-0000-0000-0000-000000000000) :: Enqueue action 361aa588-5f31-4e19-b8a5-099cae52479d
[2026-03-22 14:11:49.328 DBG] ActionQueue :: 'Default' (00000000-0000-0000-0000-000000000000) :: Handling queue
[2026-03-22 14:11:49.328 DBG] ActionQueue :: 'Default' (00000000-0000-0000-0000-000000000000) :: Performing non-blocking 'Sub Goal' (361aa588-5f31-4e19-b8a5-099cae52479d, fd8081d6-9359-45d8-ab36-dd0ea1c699da)
[2026-03-22 14:12:46.641 DBG] ViewerRepo :: UpdatePresence(twitch, 5), 0.038ms
[2026-03-22 14:12:46.736 DBG] TwitchService :: Presence Timer :: Artificially updated presence with a threshold of 5 minutes (95.5093ms)
[2026-03-22 14:13:46.652 DBG] ViewerRepo :: UpdatePresence(twitch, 5), 0.0386ms
[2026-03-22 14:13:46.745 DBG] TwitchService :: Presence Timer :: Artificially updated presence with a threshold of 5 minutes (92.5607ms)
[2026-03-22 14:14:18.208 DBG] Credits :: Time to save 14.6174ms
[2026-03-22 14:14:46.661 DBG] ViewerRepo :: UpdatePresence(twitch, 5), 0.0361ms
[2026-03-22 14:14:46.762 DBG] TwitchService :: Presence Timer :: Artificially updated presence with a threshold of 5 minutes (101.716ms)
[2026-03-22 14:15:46.669 DBG] ViewerRepo :: UpdatePresence(twitch, 5), 0.0343ms
[2026-03-22 14:15:46.767 DBG] TwitchService :: Presence Timer :: Artificially updated presence with a threshold of 5 minutes (98.4538ms)
[2026-03-22 14:16:27.848 DBG] AutoSave :: Auto saving settings...
[2026-03-22 14:16:27.867 DBG] Users :: Time to save 19.7627ms
[2026-03-22 14:16:27.893 DBG] Actions :: Time to save 24.7756ms
[2026-03-22 14:16:27.911 DBG] Commands :: Time to save 18.2103ms
[2026-03-22 14:16:27.929 DBG] Twitch Rewards :: Time to save 18.1017ms
[2026-03-22 14:16:27.943 DBG] Midi :: Time to save 14.2928ms
[2026-03-22 14:16:27.958 DBG] OBS Settings :: Time to save 14.9869ms
[2026-03-22 14:16:27.973 DBG] MeldStudio Settings :: Time to save 15.2331ms
[2026-03-22 14:16:27.988 DBG] Credits :: Time to save 14.8924ms
[2026-03-22 14:16:28.006 DBG] Quotes :: Time to save 17.8988ms
[2026-03-22 14:16:28.069 DBG] Config :: Time to save 19.1878ms
[2026-03-22 14:16:46.678 DBG] ViewerRepo :: UpdatePresence(twitch, 5), 0.0359ms
[2026-03-22 14:16:46.778 DBG] TwitchService :: Presence Timer :: Artificially updated presence with a threshold of 5 minutes (100.3305ms)
[2026-03-22 14:17:46.691 DBG] ViewerRepo :: UpdatePresence(twitch, 5), 0.0598ms
[2026-03-22 14:17:46.785 DBG] TwitchService :: Presence Timer :: Artificially updated presence with a threshold of 5 minutes (93.8434ms)
[2026-03-22 14:18:46.694 DBG] ViewerRepo :: UpdatePresence(twitch, 5), 0.0343ms
[2026-03-22 14:18:46.789 DBG] TwitchService :: Presence Timer :: Artificially updated presence with a threshold of 5 minutes (95.6453ms)
[2026-03-22 14:19:18.220 DBG] Credits :: Time to save 16.4354ms
[2026-03-22 14:19:46.699 DBG] ViewerRepo :: UpdatePresence(twitch, 5), 0.0355ms
[2026-03-22 14:19:46.796 DBG] TwitchService :: Presence Timer :: Artificially updated presence with a threshold of 5 minutes (97.254ms)
[2026-03-22 14:20:46.699 DBG] ViewerRepo :: UpdatePresence(twitch, 5), 0.0384ms
[2026-03-22 14:20:46.793 DBG] TwitchService :: Presence Timer :: Artificially updated presence with a threshold of 5 minutes (93.6226ms)
[2026-03-22 14:21:28.107 DBG] AutoSave :: Auto saving settings...
[2026-03-22 14:21:28.125 DBG] Users :: Time to save 17.8459ms
[2026-03-22 14:21:28.145 DBG] Actions :: Time to save 20.3796ms
[2026-03-22 14:21:28.162 DBG] Commands :: Time to save 16.4309ms
[2026-03-22 14:21:28.178 DBG] Twitch Rewards :: Time to save 16.5868ms
[2026-03-22 14:21:28.189 DBG] Midi :: Time to save 10.3527ms
[2026-03-22 14:21:28.203 DBG] OBS Settings :: Time to save 13.7991ms
[2026-03-22 14:21:28.217 DBG] MeldStudio Settings :: Time to save 14.1847ms
[2026-03-22 14:21:28.230 DBG] Credits :: Time to save 13.3012ms
[2026-03-22 14:21:28.248 DBG] Quotes :: Time to save 17.3298ms
[2026-03-22 14:21:28.323 DBG] Config :: Time to save 14.8407ms
[2026-03-22 14:21:46.709 DBG] ViewerRepo :: UpdatePresence(twitch, 5), 0.0348ms
[2026-03-22 14:21:46.805 DBG] TwitchService :: Presence Timer :: Artificially updated presence with a threshold of 5 minutes (96.3952ms)
[2026-03-22 14:21:49.908 DBG] ActionDispatcher :: Queueing 'Sub Goal' (361aa588-5f31-4e19-b8a5-099cae52479d, TimedAction) to 'Default' (00000000-0000-0000-0000-000000000000), with 11 arguments
[2026-03-22 14:21:49.908 DBG] ActionQueue :: 'Default' (00000000-0000-0000-0000-000000000000) :: Enqueue action 361aa588-5f31-4e19-b8a5-099cae52479d
[2026-03-22 14:21:49.908 DBG] ActionQueue :: 'Default' (00000000-0000-0000-0000-000000000000) :: Handling queue
[2026-03-22 14:21:49.908 DBG] ActionQueue :: 'Default' (00000000-0000-0000-0000-000000000000) :: Performing non-blocking 'Sub Goal' (361aa588-5f31-4e19-b8a5-099cae52479d, 2cd6a255-58ea-4670-838d-f871c1dbb265)
[2026-03-22 14:22:46.710 DBG] ViewerRepo :: UpdatePresence(twitch, 5), 0.0362ms
[2026-03-22 14:22:47.265 DBG] TwitchService :: Presence Timer :: Artificially updated presence with a threshold of 5 minutes (554.7075ms)
[2026-03-22 14:23:46.718 DBG] ViewerRepo :: UpdatePresence(twitch, 5), 0.0412ms
[2026-03-22 14:23:46.813 DBG] TwitchService :: Presence Timer :: Artificially updated presence with a threshold of 5 minutes (96.0168ms)
[2026-03-22 14:24:18.225 DBG] Credits :: Time to save 15.3168ms
[2026-03-22 14:24:46.720 DBG] ViewerRepo :: UpdatePresence(twitch, 5), 0.038ms
[2026-03-22 14:24:46.813 DBG] TwitchService :: Presence Timer :: Artificially updated presence with a threshold of 5 minutes (93.9506ms)
[2026-03-22 14:25:46.729 DBG] ViewerRepo :: UpdatePresence(twitch, 5), 0.0392ms
[2026-03-22 14:25:46.823 DBG] TwitchService :: Presence Timer :: Artificially updated presence with a threshold of 5 minutes (93.95ms)
[2026-03-22 14:26:28.361 DBG] AutoSave :: Auto saving settings...
[2026-03-22 14:26:28.380 DBG] Users :: Time to save 18.5268ms
[2026-03-22 14:26:28.405 DBG] Actions :: Time to save 25.4869ms
[2026-03-22 14:26:28.423 DBG] Commands :: Time to save 17.6612ms
[2026-03-22 14:26:28.440 DBG] Twitch Rewards :: Time to save 16.983ms
[2026-03-22 14:26:28.454 DBG] Midi :: Time to save 14.4656ms
[2026-03-22 14:26:28.465 DBG] OBS Settings :: Time to save 11.163ms
[2026-03-22 14:26:28.480 DBG] MeldStudio Settings :: Time to save 14.4839ms
[2026-03-22 14:26:28.496 DBG] Credits :: Time to save 15.6946ms
[2026-03-22 14:26:28.513 DBG] Quotes :: Time to save 17.2624ms
[2026-03-22 14:26:28.583 DBG] Config :: Time to save 18.1626ms
[2026-03-22 14:26:46.731 DBG] ViewerRepo :: UpdatePresence(twitch, 5), 0.0527ms
[2026-03-22 14:26:46.823 DBG] TwitchService :: Presence Timer :: Artificially updated presence with a threshold of 5 minutes (92.8231ms)
[2026-03-22 14:27:46.741 DBG] ViewerRepo :: UpdatePresence(twitch, 5), 0.036ms
[2026-03-22 14:27:46.838 DBG] TwitchService :: Presence Timer :: Artificially updated presence with a threshold of 5 minutes (97.0771ms)
[2026-03-22 14:28:46.757 DBG] ViewerRepo :: UpdatePresence(twitch, 5), 0.0459ms
[2026-03-22 14:28:46.853 DBG] TwitchService :: Presence Timer :: Artificially updated presence with a threshold of 5 minutes (96.6863ms)
[2026-03-22 14:29:18.236 DBG] Credits :: Time to save 15.5935ms
[2026-03-22 14:29:46.761 DBG] ViewerRepo :: UpdatePresence(twitch, 5), 0.0344ms
[2026-03-22 14:29:46.855 DBG] TwitchService :: Presence Timer :: Artificially updated presence with a threshold of 5 minutes (94.5597ms)
[2026-03-22 14:30:46.762 DBG] ViewerRepo :: UpdatePresence(twitch, 5), 0.0502ms
[2026-03-22 14:30:46.859 DBG] TwitchService :: Presence Timer :: Artificially updated presence with a threshold of 5 minutes (98.3651ms)
[2026-03-22 14:31:28.601 DBG] AutoSave :: Auto saving settings...
[2026-03-22 14:31:28.621 DBG] Users :: Time to save 19.666ms
[2026-03-22 14:31:28.645 DBG] Actions :: Time to save 24.7952ms
[2026-03-22 14:31:28.663 DBG] Commands :: Time to save 17.5304ms
[2026-03-22 14:31:28.676 DBG] Twitch Rewards :: Time to save 13.1223ms
[2026-03-22 14:31:28.692 DBG] Midi :: Time to save 16.2743ms
[2026-03-22 14:31:28.708 DBG] OBS Settings :: Time to save 15.9634ms
[2026-03-22 14:31:28.724 DBG] MeldStudio Settings :: Time to save 15.7619ms
[2026-03-22 14:31:28.739 DBG] Credits :: Time to save 15.4745ms
[2026-03-22 14:31:28.757 DBG] Quotes :: Time to save 17.5081ms
[2026-03-22 14:31:28.825 DBG] Config :: Time to save 19.2881ms
[2026-03-22 14:31:46.770 DBG] ViewerRepo :: UpdatePresence(twitch, 5), 0.0351ms
[2026-03-22 14:31:46.866 DBG] TwitchService :: Presence Timer :: Artificially updated presence with a threshold of 5 minutes (95.9762ms)
[2026-03-22 14:31:50.696 DBG] ActionDispatcher :: Queueing 'Sub Goal' (361aa588-5f31-4e19-b8a5-099cae52479d, TimedAction) to 'Default' (00000000-0000-0000-0000-000000000000), with 11 arguments
[2026-03-22 14:31:50.696 DBG] ActionQueue :: 'Default' (00000000-0000-0000-0000-000000000000) :: Enqueue action 361aa588-5f31-4e19-b8a5-099cae52479d
[2026-03-22 14:31:50.696 DBG] ActionQueue :: 'Default' (00000000-0000-0000-0000-000000000000) :: Handling queue
[2026-03-22 14:31:50.696 DBG] ActionQueue :: 'Default' (00000000-0000-0000-0000-000000000000) :: Performing non-blocking 'Sub Goal' (361aa588-5f31-4e19-b8a5-099cae52479d, e0825671-2ab3-4e25-836a-dfee4bafaa97)
[2026-03-22 14:32:46.779 DBG] ViewerRepo :: UpdatePresence(twitch, 5), 0.0409ms
[2026-03-22 14:32:46.873 DBG] TwitchService :: Presence Timer :: Artificially updated presence with a threshold of 5 minutes (93.2705ms)
[2026-03-22 14:33:46.793 DBG] ViewerRepo :: UpdatePresence(twitch, 5), 0.0373ms
[2026-03-22 14:33:46.889 DBG] TwitchService :: Presence Timer :: Artificially updated presence with a threshold of 5 minutes (96.1467ms)
[2026-03-22 14:34:18.248 DBG] Credits :: Time to save 16.5166ms
[2026-03-22 14:34:46.807 DBG] ViewerRepo :: UpdatePresence(twitch, 5), 0.0366ms
[2026-03-22 14:34:46.903 DBG] TwitchService :: Presence Timer :: Artificially updated presence with a threshold of 5 minutes (96.7506ms)
[2026-03-22 14:35:46.810 DBG] ViewerRepo :: UpdatePresence(twitch, 5), 0.0369ms
[2026-03-22 14:35:46.905 DBG] TwitchService :: Presence Timer :: Artificially updated presence with a threshold of 5 minutes (95.2778ms)
[2026-03-22 14:36:28.856 DBG] AutoSave :: Auto saving settings...
[2026-03-22 14:36:28.872 DBG] Users :: Time to save 15.8676ms
[2026-03-22 14:36:28.897 DBG] Actions :: Time to save 25.2263ms
[2026-03-22 14:36:28.909 DBG] Commands :: Time to save 12.5187ms
[2026-03-22 14:36:28.929 DBG] Twitch Rewards :: Time to save 18.0965ms
[2026-03-22 14:36:28.944 DBG] Midi :: Time to save 15.5617ms
[2026-03-22 14:36:28.959 DBG] OBS Settings :: Time to save 15.9561ms
[2026-03-22 14:36:28.975 DBG] MeldStudio Settings :: Time to save 15.2445ms
[2026-03-22 14:36:28.990 DBG] Credits :: Time to save 15.1058ms
[2026-03-22 14:36:29.008 DBG] Quotes :: Time to save 17.4039ms
[2026-03-22 14:36:29.079 DBG] Config :: Time to save 19.1557ms
[2026-03-22 14:36:46.816 DBG] ViewerRepo :: UpdatePresence(twitch, 5), 0.0365ms
[2026-03-22 14:36:46.911 DBG] TwitchService :: Presence Timer :: Artificially updated presence with a threshold of 5 minutes (94.5393ms)
[2026-03-22 14:37:46.833 DBG] ViewerRepo :: UpdatePresence(twitch, 5), 0.0396ms
[2026-03-22 14:37:46.930 DBG] TwitchService :: Presence Timer :: Artificially updated presence with a threshold of 5 minutes (97.5865ms)
[2026-03-22 14:38:46.848 DBG] ViewerRepo :: UpdatePresence(twitch, 5), 0.0394ms
[2026-03-22 14:38:46.942 DBG] TwitchService :: Presence Timer :: Artificially updated presence with a threshold of 5 minutes (93.6281ms)
[2026-03-22 14:39:18.265 DBG] Credits :: Time to save 18.392ms
[2026-03-22 14:39:46.865 DBG] ViewerRepo :: UpdatePresence(twitch, 5), 0.0384ms
[2026-03-22 14:39:46.963 DBG] TwitchService :: Presence Timer :: Artificially updated presence with a threshold of 5 minutes (97.2794ms)
[2026-03-22 14:40:46.866 DBG] ViewerRepo :: UpdatePresence(twitch, 5), 0.036ms
[2026-03-22 14:40:46.957 DBG] TwitchService :: Presence Timer :: Artificially updated presence with a threshold of 5 minutes (91.0122ms)
[2026-03-22 14:41:29.098 DBG] AutoSave :: Auto saving settings...
[2026-03-22 14:41:29.118 DBG] Users :: Time to save 20.3928ms
[2026-03-22 14:41:29.142 DBG] Actions :: Time to save 23.7135ms
[2026-03-22 14:41:29.159 DBG] Commands :: Time to save 16.7916ms
[2026-03-22 14:41:29.176 DBG] Twitch Rewards :: Time to save 17.0344ms
[2026-03-22 14:41:29.191 DBG] Midi :: Time to save 15.4669ms
[2026-03-22 14:41:29.203 DBG] OBS Settings :: Time to save 11.6368ms
[2026-03-22 14:41:29.217 DBG] MeldStudio Settings :: Time to save 13.9586ms
[2026-03-22 14:41:29.232 DBG] Credits :: Time to save 14.9105ms
[2026-03-22 14:41:29.249 DBG] Quotes :: Time to save 17.132ms
[2026-03-22 14:41:29.318 DBG] Config :: Time to save 18.9051ms
[2026-03-22 14:41:46.881 DBG] ViewerRepo :: UpdatePresence(twitch, 5), 0.0381ms
[2026-03-22 14:41:46.975 DBG] TwitchService :: Presence Timer :: Artificially updated presence with a threshold of 5 minutes (94.3175ms)
[2026-03-22 14:41:51.168 DBG] ActionDispatcher :: Queueing 'Sub Goal' (361aa588-5f31-4e19-b8a5-099cae52479d, TimedAction) to 'Default' (00000000-0000-0000-0000-000000000000), with 11 arguments
[2026-03-22 14:41:51.168 DBG] ActionQueue :: 'Default' (00000000-0000-0000-0000-000000000000) :: Enqueue action 361aa588-5f31-4e19-b8a5-099cae52479d
[2026-03-22 14:41:51.168 DBG] ActionQueue :: 'Default' (00000000-0000-0000-0000-000000000000) :: Handling queue
[2026-03-22 14:41:51.168 DBG] ActionQueue :: 'Default' (00000000-0000-0000-0000-000000000000) :: Performing non-blocking 'Sub Goal' (361aa588-5f31-4e19-b8a5-099cae52479d, b0f7579c-25fd-4593-8771-30a534a5235f)
[2026-03-22 14:42:46.885 DBG] ViewerRepo :: UpdatePresence(twitch, 5), 0.0497ms
[2026-03-22 14:42:46.986 DBG] TwitchService :: Presence Timer :: Artificially updated presence with a threshold of 5 minutes (101.6082ms)
[2026-03-22 14:43:46.900 DBG] ViewerRepo :: UpdatePresence(twitch, 5), 0.0369ms
[2026-03-22 14:43:46.997 DBG] TwitchService :: Presence Timer :: Artificially updated presence with a threshold of 5 minutes (97.4255ms)
[2026-03-22 14:44:18.276 DBG] Credits :: Time to save 16.915ms
[2026-03-22 14:44:46.913 DBG] ViewerRepo :: UpdatePresence(twitch, 5), 0.0363ms
[2026-03-22 14:44:47.006 DBG] TwitchService :: Presence Timer :: Artificially updated presence with a threshold of 5 minutes (92.6383ms)
[2026-03-22 14:45:46.919 DBG] ViewerRepo :: UpdatePresence(twitch, 5), 0.0378ms
[2026-03-22 14:45:47.007 DBG] TwitchService :: Presence Timer :: Artificially updated presence with a threshold of 5 minutes (88.6693ms)
[2026-03-22 14:46:29.331 DBG] AutoSave :: Auto saving settings...
[2026-03-22 14:46:29.349 DBG] Users :: Time to save 19.0579ms
[2026-03-22 14:46:29.378 DBG] Actions :: Time to save 27.7612ms
[2026-03-22 14:46:29.396 DBG] Commands :: Time to save 18.0305ms
[2026-03-22 14:46:29.413 DBG] Twitch Rewards :: Time to save 17.2579ms
[2026-03-22 14:46:29.428 DBG] Midi :: Time to save 15.0508ms
[2026-03-22 14:46:29.444 DBG] OBS Settings :: Time to save 15.3982ms
[2026-03-22 14:46:29.459 DBG] MeldStudio Settings :: Time to save 15.0612ms
[2026-03-22 14:46:29.474 DBG] Credits :: Time to save 14.7398ms
[2026-03-22 14:46:29.491 DBG] Quotes :: Time to save 17.3161ms
[2026-03-22 14:46:29.552 DBG] Config :: Time to save 19.4973ms
[2026-03-22 14:46:46.928 DBG] ViewerRepo :: UpdatePresence(twitch, 5), 0.0347ms
[2026-03-22 14:46:47.029 DBG] TwitchService :: Presence Timer :: Artificially updated presence with a threshold of 5 minutes (101.7044ms)
[2026-03-22 14:47:46.943 DBG] ViewerRepo :: UpdatePresence(twitch, 5), 0.0342ms
[2026-03-22 14:47:47.039 DBG] TwitchService :: Presence Timer :: Artificially updated presence with a threshold of 5 minutes (95.6162ms)
[2026-03-22 14:48:46.948 DBG] ViewerRepo :: UpdatePresence(twitch, 5), 0.0339ms
[2026-03-22 14:48:47.042 DBG] TwitchService :: Presence Timer :: Artificially updated presence with a threshold of 5 minutes (94.012ms)
[2026-03-22 14:49:18.281 DBG] Credits :: Time to save 16.7739ms
[2026-03-22 14:49:46.955 DBG] ViewerRepo :: UpdatePresence(twitch, 5), 0.0405ms
[2026-03-22 14:49:47.048 DBG] TwitchService :: Presence Timer :: Artificially updated presence with a threshold of 5 minutes (93.6574ms)
[2026-03-22 14:50:46.964 DBG] ViewerRepo :: UpdatePresence(twitch, 5), 0.0397ms
[2026-03-22 14:50:47.059 DBG] TwitchService :: Presence Timer :: Artificially updated presence with a threshold of 5 minutes (94.6682ms)
[2026-03-22 14:51:29.594 DBG] AutoSave :: Auto saving settings...
[2026-03-22 14:51:29.613 DBG] Users :: Time to save 19.4505ms
[2026-03-22 14:51:29.638 DBG] Actions :: Time to save 25.5904ms
[2026-03-22 14:51:29.657 DBG] Commands :: Time to save 18.0433ms
[2026-03-22 14:51:29.676 DBG] Twitch Rewards :: Time to save 18.5449ms
[2026-03-22 14:51:29.692 DBG] Midi :: Time to save 15.9555ms
[2026-03-22 14:51:29.708 DBG] OBS Settings :: Time to save 16.1687ms
[2026-03-22 14:51:29.725 DBG] MeldStudio Settings :: Time to save 17.966ms
[2026-03-22 14:51:29.743 DBG] Credits :: Time to save 17.2324ms
[2026-03-22 14:51:29.762 DBG] Quotes :: Time to save 18.5475ms
[2026-03-22 14:51:29.816 DBG] Config :: Time to save 20.2727ms
[2026-03-22 14:51:46.973 DBG] ViewerRepo :: UpdatePresence(twitch, 5), 0.1119ms
[2026-03-22 14:51:47.069 DBG] TwitchService :: Presence Timer :: Artificially updated presence with a threshold of 5 minutes (97.2765ms)
[2026-03-22 14:51:51.618 DBG] ActionDispatcher :: Queueing 'Sub Goal' (361aa588-5f31-4e19-b8a5-099cae52479d, TimedAction) to 'Default' (00000000-0000-0000-0000-000000000000), with 11 arguments
[2026-03-22 14:51:51.618 DBG] ActionQueue :: 'Default' (00000000-0000-0000-0000-000000000000) :: Enqueue action 361aa588-5f31-4e19-b8a5-099cae52479d
[2026-03-22 14:51:51.618 DBG] ActionQueue :: 'Default' (00000000-0000-0000-0000-000000000000) :: Handling queue
[2026-03-22 14:51:51.618 DBG] ActionQueue :: 'Default' (00000000-0000-0000-0000-000000000000) :: Performing non-blocking 'Sub Goal' (361aa588-5f31-4e19-b8a5-099cae52479d, ae1e9617-f815-4454-9d93-32d4f48e371d)
[2026-03-22 14:52:46.983 DBG] ViewerRepo :: UpdatePresence(twitch, 5), 0.0353ms
[2026-03-22 14:52:47.083 DBG] TwitchService :: Presence Timer :: Artificially updated presence with a threshold of 5 minutes (99.9976ms)
[2026-03-22 14:53:46.987 DBG] ViewerRepo :: UpdatePresence(twitch, 5), 0.0356ms
[2026-03-22 14:53:47.085 DBG] TwitchService :: Presence Timer :: Artificially updated presence with a threshold of 5 minutes (97.6444ms)
[2026-03-22 14:54:18.288 DBG] Credits :: Time to save 18.1253ms
[2026-03-22 14:54:46.995 DBG] ViewerRepo :: UpdatePresence(twitch, 5), 0.0388ms
[2026-03-22 14:54:47.093 DBG] TwitchService :: Presence Timer :: Artificially updated presence with a threshold of 5 minutes (98.2143ms)
[2026-03-22 14:55:47.000 DBG] ViewerRepo :: UpdatePresence(twitch, 5), 0.0412ms
[2026-03-22 14:55:47.095 DBG] TwitchService :: Presence Timer :: Artificially updated presence with a threshold of 5 minutes (94.3263ms)
[2026-03-22 14:56:29.857 DBG] AutoSave :: Auto saving settings...
[2026-03-22 14:56:29.877 DBG] Users :: Time to save 20.666ms
[2026-03-22 14:56:29.902 DBG] Actions :: Time to save 25.4771ms
[2026-03-22 14:56:29.920 DBG] Commands :: Time to save 18.2031ms
[2026-03-22 14:56:29.940 DBG] Twitch Rewards :: Time to save 18.6316ms
[2026-03-22 14:56:29.955 DBG] Midi :: Time to save 15.4941ms
[2026-03-22 14:56:29.971 DBG] OBS Settings :: Time to save 15.7126ms
[2026-03-22 14:56:29.987 DBG] MeldStudio Settings :: Time to save 15.3811ms
[2026-03-22 14:56:30.003 DBG] Credits :: Time to save 16.5876ms
[2026-03-22 14:56:30.021 DBG] Quotes :: Time to save 17.6753ms
[2026-03-22 14:56:30.079 DBG] Config :: Time to save 19.8243ms
[2026-03-22 14:56:47.024 DBG] ViewerRepo :: UpdatePresence(twitch, 5), 0.0361ms
[2026-03-22 14:56:47.120 DBG] TwitchService :: Presence Timer :: Artificially updated presence with a threshold of 5 minutes (96.7389ms)
[2026-03-22 14:57:47.032 DBG] ViewerRepo :: UpdatePresence(twitch, 5), 0.0373ms
[2026-03-22 14:57:47.131 DBG] TwitchService :: Presence Timer :: Artificially updated presence with a threshold of 5 minutes (99.9125ms)
[2026-03-22 14:58:47.047 DBG] ViewerRepo :: UpdatePresence(twitch, 5), 0.036ms
[2026-03-22 14:58:47.139 DBG] TwitchService :: Presence Timer :: Artificially updated presence with a threshold of 5 minutes (92.5577ms)
[2026-03-22 14:59:18.302 DBG] Credits :: Time to save 17.0845ms
[2026-03-22 14:59:47.058 DBG] ViewerRepo :: UpdatePresence(twitch, 5), 0.0394ms
[2026-03-22 14:59:47.152 DBG] TwitchService :: Presence Timer :: Artificially updated presence with a threshold of 5 minutes (94.0342ms)
[2026-03-22 15:00:47.066 DBG] ViewerRepo :: UpdatePresence(twitch, 5), 0.0395ms
[2026-03-22 15:00:47.159 DBG] TwitchService :: Presence Timer :: Artificially updated presence with a threshold of 5 minutes (92.6802ms)
[2026-03-22 15:01:30.116 DBG] AutoSave :: Auto saving settings...
[2026-03-22 15:01:30.135 DBG] Users :: Time to save 19.394ms
[2026-03-22 15:01:30.159 DBG] Actions :: Time to save 24.7487ms
[2026-03-22 15:01:30.177 DBG] Commands :: Time to save 17.4684ms
[2026-03-22 15:01:30.195 DBG] Twitch Rewards :: Time to save 17.9373ms
[2026-03-22 15:01:30.210 DBG] Midi :: Time to save 15.4454ms
[2026-03-22 15:01:30.226 DBG] OBS Settings :: Time to save 15.4902ms
[2026-03-22 15:01:30.240 DBG] MeldStudio Settings :: Time to save 14.6636ms
[2026-03-22 15:01:30.256 DBG] Credits :: Time to save 15.5176ms
[2026-03-22 15:01:30.273 DBG] Quotes :: Time to save 17.5213ms
[2026-03-22 15:01:30.339 DBG] Config :: Time to save 19.5962ms
[2026-03-22 15:01:47.084 DBG] ViewerRepo :: UpdatePresence(twitch, 5), 0.0595ms
[2026-03-22 15:01:47.178 DBG] TwitchService :: Presence Timer :: Artificially updated presence with a threshold of 5 minutes (94.4317ms)
[2026-03-22 15:01:52.183 DBG] ActionDispatcher :: Queueing 'Sub Goal' (361aa588-5f31-4e19-b8a5-099cae52479d, TimedAction) to 'Default' (00000000-0000-0000-0000-000000000000), with 11 arguments
[2026-03-22 15:01:52.183 DBG] ActionQueue :: 'Default' (00000000-0000-0000-0000-000000000000) :: Enqueue action 361aa588-5f31-4e19-b8a5-099cae52479d
[2026-03-22 15:01:52.183 DBG] ActionQueue :: 'Default' (00000000-0000-0000-0000-000000000000) :: Handling queue
[2026-03-22 15:01:52.183 DBG] ActionQueue :: 'Default' (00000000-0000-0000-0000-000000000000) :: Performing non-blocking 'Sub Goal' (361aa588-5f31-4e19-b8a5-099cae52479d, 79d9afd9-3bf9-4324-8ae9-f2c839a7a073)
[2026-03-22 15:02:47.100 DBG] ViewerRepo :: UpdatePresence(twitch, 5), 0.0349ms
[2026-03-22 15:02:47.194 DBG] TwitchService :: Presence Timer :: Artificially updated presence with a threshold of 5 minutes (94.9566ms)
[2026-03-22 15:03:47.105 DBG] ViewerRepo :: UpdatePresence(twitch, 5), 0.033ms
[2026-03-22 15:03:47.200 DBG] TwitchService :: Presence Timer :: Artificially updated presence with a threshold of 5 minutes (95.1174ms)
[2026-03-22 15:04:18.314 DBG] Credits :: Time to save 18.5073ms
[2026-03-22 15:04:47.115 DBG] ViewerRepo :: UpdatePresence(twitch, 5), 0.04ms
[2026-03-22 15:04:47.212 DBG] TwitchService :: Presence Timer :: Artificially updated presence with a threshold of 5 minutes (97.1272ms)
[2026-03-22 15:05:47.127 DBG] ViewerRepo :: UpdatePresence(twitch, 5), 0.0377ms
[2026-03-22 15:05:47.223 DBG] TwitchService :: Presence Timer :: Artificially updated presence with a threshold of 5 minutes (95.9337ms)
[2026-03-22 15:06:30.367 DBG] AutoSave :: Auto saving settings...
[2026-03-22 15:06:30.387 DBG] Users :: Time to save 20.0237ms
[2026-03-22 15:06:30.410 DBG] Actions :: Time to save 23.4661ms
[2026-03-22 15:06:30.428 DBG] Commands :: Time to save 18.7191ms
[2026-03-22 15:06:30.446 DBG] Twitch Rewards :: Time to save 17.9479ms
[2026-03-22 15:06:30.458 DBG] Midi :: Time to save 11.3671ms
[2026-03-22 15:06:30.474 DBG] OBS Settings :: Time to save 15.6909ms
[2026-03-22 15:06:30.489 DBG] MeldStudio Settings :: Time to save 15.9215ms
[2026-03-22 15:06:30.506 DBG] Credits :: Time to save 15.9967ms
[2026-03-22 15:06:30.524 DBG] Quotes :: Time to save 18.073ms
[2026-03-22 15:06:30.591 DBG] Config :: Time to save 20.3183ms
[2026-03-22 15:06:47.141 DBG] ViewerRepo :: UpdatePresence(twitch, 5), 0.0553ms
[2026-03-22 15:06:47.234 DBG] TwitchService :: Presence Timer :: Artificially updated presence with a threshold of 5 minutes (92.1152ms)
[2026-03-22 15:07:47.147 DBG] ViewerRepo :: UpdatePresence(twitch, 5), 0.038ms
[2026-03-22 15:07:47.241 DBG] TwitchService :: Presence Timer :: Artificially updated presence with a threshold of 5 minutes (94.226ms)
[2026-03-22 15:08:47.156 DBG] ViewerRepo :: UpdatePresence(twitch, 5), 0.0385ms
[2026-03-22 15:08:47.252 DBG] TwitchService :: Presence Timer :: Artificially updated presence with a threshold of 5 minutes (96.798ms)
[2026-03-22 15:09:18.326 DBG] Credits :: Time to save 16.7837ms
[2026-03-22 15:09:47.157 DBG] ViewerRepo :: UpdatePresence(twitch, 5), 0.0443ms
[2026-03-22 15:09:47.252 DBG] TwitchService :: Presence Timer :: Artificially updated presence with a threshold of 5 minutes (94.9201ms)
[2026-03-22 15:10:47.163 DBG] ViewerRepo :: UpdatePresence(twitch, 5), 0.047ms
[2026-03-22 15:10:47.256 DBG] TwitchService :: Presence Timer :: Artificially updated presence with a threshold of 5 minutes (93.1315ms)
[2026-03-22 15:11:30.608 DBG] AutoSave :: Auto saving settings...
[2026-03-22 15:11:30.629 DBG] Users :: Time to save 19.9538ms
[2026-03-22 15:11:30.654 DBG] Actions :: Time to save 26.5744ms
[2026-03-22 15:11:30.674 DBG] Commands :: Time to save 19.6783ms
[2026-03-22 15:11:30.694 DBG] Twitch Rewards :: Time to save 19.1713ms
[2026-03-22 15:11:30.711 DBG] Midi :: Time to save 17.2536ms
[2026-03-22 15:11:30.728 DBG] OBS Settings :: Time to save 17.0129ms
[2026-03-22 15:11:30.745 DBG] MeldStudio Settings :: Time to save 17.0593ms
[2026-03-22 15:11:30.761 DBG] Credits :: Time to save 15.9416ms
[2026-03-22 15:11:30.782 DBG] Quotes :: Time to save 20.1991ms
[2026-03-22 15:11:30.831 DBG] Config :: Time to save 21.8418ms
[2026-03-22 15:11:47.171 DBG] ViewerRepo :: UpdatePresence(twitch, 5), 0.0481ms
[2026-03-22 15:11:47.280 DBG] TwitchService :: Presence Timer :: Artificially updated presence with a threshold of 5 minutes (109.1163ms)
[2026-03-22 15:11:52.517 DBG] ActionDispatcher :: Queueing 'Sub Goal' (361aa588-5f31-4e19-b8a5-099cae52479d, TimedAction) to 'Default' (00000000-0000-0000-0000-000000000000), with 11 arguments
[2026-03-22 15:11:52.517 DBG] ActionQueue :: 'Default' (00000000-0000-0000-0000-000000000000) :: Enqueue action 361aa588-5f31-4e19-b8a5-099cae52479d
[2026-03-22 15:11:52.517 DBG] ActionQueue :: 'Default' (00000000-0000-0000-0000-000000000000) :: Handling queue
[2026-03-22 15:11:52.517 DBG] ActionQueue :: 'Default' (00000000-0000-0000-0000-000000000000) :: Performing non-blocking 'Sub Goal' (361aa588-5f31-4e19-b8a5-099cae52479d, fd38280a-6883-4d8b-bf7d-7a74ba105d0b)
[2026-03-22 15:12:47.180 DBG] ViewerRepo :: UpdatePresence(twitch, 5), 0.0375ms
[2026-03-22 15:12:47.280 DBG] TwitchService :: Presence Timer :: Artificially updated presence with a threshold of 5 minutes (99.8579ms)
[2026-03-22 15:13:47.190 DBG] ViewerRepo :: UpdatePresence(twitch, 5), 0.0378ms
[2026-03-22 15:13:47.285 DBG] TwitchService :: Presence Timer :: Artificially updated presence with a threshold of 5 minutes (95.196ms)
[2026-03-22 15:14:18.335 DBG] Credits :: Time to save 15.89ms
[2026-03-22 15:14:47.205 DBG] ViewerRepo :: UpdatePresence(twitch, 5), 0.0375ms
[2026-03-22 15:14:47.302 DBG] TwitchService :: Presence Timer :: Artificially updated presence with a threshold of 5 minutes (97.5959ms)
[2026-03-22 15:15:47.206 DBG] ViewerRepo :: UpdatePresence(twitch, 5), 0.0366ms
[2026-03-22 15:15:47.302 DBG] TwitchService :: Presence Timer :: Artificially updated presence with a threshold of 5 minutes (95.7302ms)
[2026-03-22 15:16:30.898 DBG] AutoSave :: Auto saving settings...
[2026-03-22 15:16:30.919 DBG] Users :: Time to save 20.8197ms
[2026-03-22 15:16:30.946 DBG] Actions :: Time to save 27.9013ms
[2026-03-22 15:16:30.966 DBG] Commands :: Time to save 19.077ms
[2026-03-22 15:16:30.985 DBG] Twitch Rewards :: Time to save 19.1682ms
[2026-03-22 15:16:31.002 DBG] Midi :: Time to save 16.9509ms
[2026-03-22 15:16:31.020 DBG] OBS Settings :: Time to save 17.0123ms
[2026-03-22 15:16:31.036 DBG] MeldStudio Settings :: Time to save 17.0348ms
[2026-03-22 15:16:31.053 DBG] Credits :: Time to save 16.6739ms
[2026-03-22 15:16:31.073 DBG] Quotes :: Time to save 20.2793ms
[2026-03-22 15:16:31.125 DBG] Config :: Time to save 22.0751ms
[2026-03-22 15:16:47.220 DBG] ViewerRepo :: UpdatePresence(twitch, 5), 0.0391ms
[2026-03-22 15:16:47.316 DBG] TwitchService :: Presence Timer :: Artificially updated presence with a threshold of 5 minutes (95.571ms)
[2026-03-22 15:17:47.230 DBG] ViewerRepo :: UpdatePresence(twitch, 5), 0.0415ms
[2026-03-22 15:17:47.324 DBG] TwitchService :: Presence Timer :: Artificially updated presence with a threshold of 5 minutes (95.0054ms)
[2026-03-22 15:18:47.244 DBG] ViewerRepo :: UpdatePresence(twitch, 5), 0.0392ms
[2026-03-22 15:18:47.342 DBG] TwitchService :: Presence Timer :: Artificially updated presence with a threshold of 5 minutes (97.7275ms)
[2026-03-22 15:19:18.344 DBG] Credits :: Time to save 17.7101ms
[2026-03-22 15:19:47.254 DBG] ViewerRepo :: UpdatePresence(twitch, 5), 0.0348ms
[2026-03-22 15:19:47.353 DBG] TwitchService :: Presence Timer :: Artificially updated presence with a threshold of 5 minutes (98.9459ms)
[2026-03-22 15:20:47.264 DBG] ViewerRepo :: UpdatePresence(twitch, 5), 0.0367ms
[2026-03-22 15:20:47.362 DBG] TwitchService :: Presence Timer :: Artificially updated presence with a threshold of 5 minutes (98.3334ms)
[2026-03-22 15:21:31.144 DBG] AutoSave :: Auto saving settings...
[2026-03-22 15:21:31.163 DBG] Users :: Time to save 19.1428ms
[2026-03-22 15:21:31.190 DBG] Actions :: Time to save 25.9544ms
[2026-03-22 15:21:31.202 DBG] Commands :: Time to save 13.3461ms
[2026-03-22 15:21:31.222 DBG] Twitch Rewards :: Time to save 19.9628ms
[2026-03-22 15:21:31.240 DBG] Midi :: Time to save 17.6649ms
[2026-03-22 15:21:31.256 DBG] OBS Settings :: Time to save 16.3349ms
[2026-03-22 15:21:31.273 DBG] MeldStudio Settings :: Time to save 16.6577ms
[2026-03-22 15:21:31.291 DBG] Credits :: Time to save 17.3863ms
[2026-03-22 15:21:31.310 DBG] Quotes :: Time to save 18.6075ms
[2026-03-22 15:21:31.365 DBG] Config :: Time to save 19.5534ms
[2026-03-22 15:21:47.268 DBG] ViewerRepo :: UpdatePresence(twitch, 5), 0.0357ms
[2026-03-22 15:21:47.370 DBG] TwitchService :: Presence Timer :: Artificially updated presence with a threshold of 5 minutes (101.8094ms)
[2026-03-22 15:21:53.131 DBG] ActionDispatcher :: Queueing 'Sub Goal' (361aa588-5f31-4e19-b8a5-099cae52479d, TimedAction) to 'Default' (00000000-0000-0000-0000-000000000000), with 11 arguments
[2026-03-22 15:21:53.131 DBG] ActionQueue :: 'Default' (00000000-0000-0000-0000-000000000000) :: Enqueue action 361aa588-5f31-4e19-b8a5-099cae52479d
[2026-03-22 15:21:53.131 DBG] ActionQueue :: 'Default' (00000000-0000-0000-0000-000000000000) :: Handling queue
[2026-03-22 15:21:53.131 DBG] ActionQueue :: 'Default' (00000000-0000-0000-0000-000000000000) :: Performing non-blocking 'Sub Goal' (361aa588-5f31-4e19-b8a5-099cae52479d, fd2cbbb5-2301-4488-8043-745ad25b94bb)
[2026-03-22 15:22:47.279 DBG] ViewerRepo :: UpdatePresence(twitch, 5), 0.0378ms
[2026-03-22 15:22:47.868 DBG] TwitchService :: Presence Timer :: Artificially updated presence with a threshold of 5 minutes (589.3294ms)
[2026-03-22 15:23:47.294 DBG] ViewerRepo :: UpdatePresence(twitch, 5), 0.0361ms
[2026-03-22 15:23:47.393 DBG] TwitchService :: Presence Timer :: Artificially updated presence with a threshold of 5 minutes (99.3237ms)
[2026-03-22 15:24:18.346 DBG] Credits :: Time to save 16.5495ms
[2026-03-22 15:24:47.309 DBG] ViewerRepo :: UpdatePresence(twitch, 5), 0.0382ms
[2026-03-22 15:24:47.415 DBG] TwitchService :: Presence Timer :: Artificially updated presence with a threshold of 5 minutes (106.0578ms)
[2026-03-22 15:25:47.322 DBG] ViewerRepo :: UpdatePresence(twitch, 5), 0.0374ms
[2026-03-22 15:25:47.417 DBG] TwitchService :: Presence Timer :: Artificially updated presence with a threshold of 5 minutes (95.1416ms)
[2026-03-22 15:26:31.433 DBG] AutoSave :: Auto saving settings...
[2026-03-22 15:26:31.455 DBG] Users :: Time to save 21.6806ms
[2026-03-22 15:26:31.482 DBG] Actions :: Time to save 26.6347ms
[2026-03-22 15:26:31.501 DBG] Commands :: Time to save 19.5611ms
[2026-03-22 15:26:31.521 DBG] Twitch Rewards :: Time to save 19.7571ms
[2026-03-22 15:26:31.537 DBG] Midi :: Time to save 15.8696ms
[2026-03-22 15:26:31.554 DBG] OBS Settings :: Time to save 17.0149ms
[2026-03-22 15:26:31.570 DBG] MeldStudio Settings :: Time to save 16.3751ms
[2026-03-22 15:26:31.585 DBG] Credits :: Time to save 14.9845ms
[2026-03-22 15:26:31.604 DBG] Quotes :: Time to save 18.375ms
[2026-03-22 15:26:31.657 DBG] Config :: Time to save 20.9612ms
[2026-03-22 15:26:47.333 DBG] ViewerRepo :: UpdatePresence(twitch, 5), 0.0353ms
[2026-03-22 15:26:47.431 DBG] TwitchService :: Presence Timer :: Artificially updated presence with a threshold of 5 minutes (97.7338ms)
[2026-03-22 15:27:47.347 DBG] ViewerRepo :: UpdatePresence(twitch, 5), 0.0374ms
[2026-03-22 15:27:47.446 DBG] TwitchService :: Presence Timer :: Artificially updated presence with a threshold of 5 minutes (98.9919ms)
[2026-03-22 15:28:47.360 DBG] ViewerRepo :: UpdatePresence(twitch, 5), 0.0473ms
[2026-03-22 15:28:47.457 DBG] TwitchService :: Presence Timer :: Artificially updated presence with a threshold of 5 minutes (97.9767ms)
[2026-03-22 15:29:18.361 DBG] Credits :: Time to save 18.0992ms
[2026-03-22 15:29:47.362 DBG] ViewerRepo :: UpdatePresence(twitch, 5), 0.0366ms
[2026-03-22 15:29:47.453 DBG] TwitchService :: Presence Timer :: Artificially updated presence with a threshold of 5 minutes (91.8199ms)
[2026-03-22 15:30:47.371 DBG] ViewerRepo :: UpdatePresence(twitch, 5), 0.0472ms
[2026-03-22 15:30:47.468 DBG] TwitchService :: Presence Timer :: Artificially updated presence with a threshold of 5 minutes (97.6571ms)
[2026-03-22 15:31:31.708 DBG] AutoSave :: Auto saving settings...
[2026-03-22 15:31:31.727 DBG] Users :: Time to save 19.0106ms
[2026-03-22 15:31:31.753 DBG] Actions :: Time to save 25.2983ms
[2026-03-22 15:31:31.770 DBG] Commands :: Time to save 17.6905ms
[2026-03-22 15:31:31.791 DBG] Twitch Rewards :: Time to save 20.6606ms
[2026-03-22 15:31:31.807 DBG] Midi :: Time to save 16.0316ms
[2026-03-22 15:31:31.824 DBG] OBS Settings :: Time to save 16.7408ms
[2026-03-22 15:31:31.840 DBG] MeldStudio Settings :: Time to save 16.1029ms
[2026-03-22 15:31:31.857 DBG] Credits :: Time to save 17.196ms
[2026-03-22 15:31:31.876 DBG] Quotes :: Time to save 18.2422ms
[2026-03-22 15:31:31.932 DBG] Config :: Time to save 20.7998ms
[2026-03-22 15:31:47.374 DBG] ViewerRepo :: UpdatePresence(twitch, 5), 0.0363ms
[2026-03-22 15:31:47.473 DBG] TwitchService :: Presence Timer :: Artificially updated presence with a threshold of 5 minutes (99.1921ms)
[2026-03-22 15:31:53.161 DBG] ActionDispatcher :: Queueing 'Sub Goal' (361aa588-5f31-4e19-b8a5-099cae52479d, TimedAction) to 'Default' (00000000-0000-0000-0000-000000000000), with 11 arguments
[2026-03-22 15:31:53.161 DBG] ActionQueue :: 'Default' (00000000-0000-0000-0000-000000000000) :: Enqueue action 361aa588-5f31-4e19-b8a5-099cae52479d
[2026-03-22 15:31:53.161 DBG] ActionQueue :: 'Default' (00000000-0000-0000-0000-000000000000) :: Handling queue
[2026-03-22 15:31:53.161 DBG] ActionQueue :: 'Default' (00000000-0000-0000-0000-000000000000) :: Performing non-blocking 'Sub Goal' (361aa588-5f31-4e19-b8a5-099cae52479d, ec545008-dbcf-439b-9c9e-527735b22a3a)
[2026-03-22 15:32:47.380 DBG] ViewerRepo :: UpdatePresence(twitch, 5), 0.036ms
[2026-03-22 15:32:47.479 DBG] TwitchService :: Presence Timer :: Artificially updated presence with a threshold of 5 minutes (99.5255ms)
[2026-03-22 15:33:47.388 DBG] ViewerRepo :: UpdatePresence(twitch, 5), 0.037ms
[2026-03-22 15:33:47.480 DBG] TwitchService :: Presence Timer :: Artificially updated presence with a threshold of 5 minutes (92.566ms)
[2026-03-22 15:34:18.374 DBG] Credits :: Time to save 18.501ms
[2026-03-22 15:34:47.391 DBG] ViewerRepo :: UpdatePresence(twitch, 5), 0.0363ms
[2026-03-22 15:34:47.483 DBG] TwitchService :: Presence Timer :: Artificially updated presence with a threshold of 5 minutes (91.6643ms)
[2026-03-22 15:35:47.394 DBG] ViewerRepo :: UpdatePresence(twitch, 5), 0.0374ms
[2026-03-22 15:35:47.489 DBG] TwitchService :: Presence Timer :: Artificially updated presence with a threshold of 5 minutes (95.5429ms)
[2026-03-22 15:36:31.943 DBG] AutoSave :: Auto saving settings...
[2026-03-22 15:36:31.963 DBG] Users :: Time to save 20.6738ms
[2026-03-22 15:36:31.991 DBG] Actions :: Time to save 27.3786ms
[2026-03-22 15:36:32.010 DBG] Commands :: Time to save 18.8949ms
[2026-03-22 15:36:32.028 DBG] Twitch Rewards :: Time to save 19.2283ms
[2026-03-22 15:36:32.045 DBG] Midi :: Time to save 16.1662ms
[2026-03-22 15:36:32.061 DBG] OBS Settings :: Time to save 15.9151ms
[2026-03-22 15:36:32.078 DBG] MeldStudio Settings :: Time to save 16.1716ms
[2026-03-22 15:36:32.094 DBG] Credits :: Time to save 15.9875ms
[2026-03-22 15:36:32.108 DBG] Quotes :: Time to save 15.1451ms
[2026-03-22 15:36:32.166 DBG] Config :: Time to save 20.4812ms
[2026-03-22 15:36:47.405 DBG] ViewerRepo :: UpdatePresence(twitch, 5), 0.0347ms
[2026-03-22 15:36:47.501 DBG] TwitchService :: Presence Timer :: Artificially updated presence with a threshold of 5 minutes (96.5163ms)
[2026-03-22 15:37:47.414 DBG] ViewerRepo :: UpdatePresence(twitch, 5), 0.0401ms
[2026-03-22 15:37:47.510 DBG] TwitchService :: Presence Timer :: Artificially updated presence with a threshold of 5 minutes (96.5417ms)
[2026-03-22 15:38:47.417 DBG] ViewerRepo :: UpdatePresence(twitch, 5), 0.034ms
[2026-03-22 15:38:47.513 DBG] TwitchService :: Presence Timer :: Artificially updated presence with a threshold of 5 minutes (96.4602ms)
[2026-03-22 15:39:18.380 DBG] Credits :: Time to save 17.897ms
[2026-03-22 15:39:47.429 DBG] ViewerRepo :: UpdatePresence(twitch, 5), 0.0354ms
[2026-03-22 15:39:47.523 DBG] TwitchService :: Presence Timer :: Artificially updated presence with a threshold of 5 minutes (93.9397ms)
[2026-03-22 15:40:47.435 DBG] ViewerRepo :: UpdatePresence(twitch, 5), 0.0393ms
[2026-03-22 15:40:47.527 DBG] TwitchService :: Presence Timer :: Artificially updated presence with a threshold of 5 minutes (92.7168ms)
[2026-03-22 15:41:32.235 DBG] AutoSave :: Auto saving settings...
[2026-03-22 15:41:32.254 DBG] Users :: Time to save 18.9759ms
[2026-03-22 15:41:32.277 DBG] Actions :: Time to save 22.9726ms
[2026-03-22 15:41:32.294 DBG] Commands :: Time to save 17.243ms
[2026-03-22 15:41:32.308 DBG] Twitch Rewards :: Time to save 13.4517ms
[2026-03-22 15:41:32.323 DBG] Midi :: Time to save 15.2686ms
[2026-03-22 15:41:32.338 DBG] OBS Settings :: Time to save 15.1942ms
[2026-03-22 15:41:32.353 DBG] MeldStudio Settings :: Time to save 14.4297ms
[2026-03-22 15:41:32.367 DBG] Credits :: Time to save 14.6278ms
[2026-03-22 15:41:32.384 DBG] Quotes :: Time to save 16.7295ms
[2026-03-22 15:41:32.457 DBG] Config :: Time to save 18.2705ms
[2026-03-22 15:41:47.442 DBG] ViewerRepo :: UpdatePresence(twitch, 5), 0.0542ms
[2026-03-22 15:41:47.537 DBG] TwitchService :: Presence Timer :: Artificially updated presence with a threshold of 5 minutes (94.6267ms)
[2026-03-22 15:41:54.106 DBG] ActionDispatcher :: Queueing 'Sub Goal' (361aa588-5f31-4e19-b8a5-099cae52479d, TimedAction) to 'Default' (00000000-0000-0000-0000-000000000000), with 11 arguments
[2026-03-22 15:41:54.106 DBG] ActionQueue :: 'Default' (00000000-0000-0000-0000-000000000000) :: Enqueue action 361aa588-5f31-4e19-b8a5-099cae52479d
[2026-03-22 15:41:54.106 DBG] ActionQueue :: 'Default' (00000000-0000-0000-0000-000000000000) :: Handling queue
[2026-03-22 15:41:54.106 DBG] ActionQueue :: 'Default' (00000000-0000-0000-0000-000000000000) :: Performing non-blocking 'Sub Goal' (361aa588-5f31-4e19-b8a5-099cae52479d, 9bb9d89f-c271-420a-91f1-c2f32fb2e73b)
[2026-03-22 15:42:47.455 DBG] ViewerRepo :: UpdatePresence(twitch, 5), 0.0372ms
[2026-03-22 15:42:47.548 DBG] TwitchService :: Presence Timer :: Artificially updated presence with a threshold of 5 minutes (92.6404ms)
[2026-03-22 15:43:47.463 DBG] ViewerRepo :: UpdatePresence(twitch, 5), 0.0478ms
[2026-03-22 15:43:47.556 DBG] TwitchService :: Presence Timer :: Artificially updated presence with a threshold of 5 minutes (93.3105ms)
[2026-03-22 15:44:18.383 DBG] Credits :: Time to save 17.4564ms
[2026-03-22 15:44:47.478 DBG] ViewerRepo :: UpdatePresence(twitch, 5), 0.0381ms
[2026-03-22 15:44:47.570 DBG] TwitchService :: Presence Timer :: Artificially updated presence with a threshold of 5 minutes (92.7065ms)
[2026-03-22 15:45:47.484 DBG] ViewerRepo :: UpdatePresence(twitch, 5), 0.0365ms
[2026-03-22 15:45:47.577 DBG] TwitchService :: Presence Timer :: Artificially updated presence with a threshold of 5 minutes (93.6454ms)
[2026-03-22 15:46:32.475 DBG] AutoSave :: Auto saving settings...
[2026-03-22 15:46:32.496 DBG] Users :: Time to save 21.1604ms
[2026-03-22 15:46:32.523 DBG] Actions :: Time to save 27.0631ms
[2026-03-22 15:46:32.537 DBG] Commands :: Time to save 13.6547ms
[2026-03-22 15:46:32.557 DBG] Twitch Rewards :: Time to save 19.7828ms
[2026-03-22 15:46:32.574 DBG] Midi :: Time to save 16.6293ms
[2026-03-22 15:46:32.591 DBG] OBS Settings :: Time to save 16.7339ms
[2026-03-22 15:46:32.606 DBG] MeldStudio Settings :: Time to save 15.1184ms
[2026-03-22 15:46:32.621 DBG] Credits :: Time to save 14.6694ms
[2026-03-22 15:46:32.637 DBG] Quotes :: Time to save 16.9071ms
[2026-03-22 15:46:32.699 DBG] Config :: Time to save 19.9367ms
[2026-03-22 15:46:47.489 DBG] ViewerRepo :: UpdatePresence(twitch, 5), 0.0364ms
[2026-03-22 15:46:47.584 DBG] TwitchService :: Presence Timer :: Artificially updated presence with a threshold of 5 minutes (93.8376ms)
[2026-03-22 15:47:47.496 DBG] ViewerRepo :: UpdatePresence(twitch, 5), 0.0589ms
[2026-03-22 15:47:47.588 DBG] TwitchService :: Presence Timer :: Artificially updated presence with a threshold of 5 minutes (92.286ms)
[2026-03-22 15:48:47.498 DBG] ViewerRepo :: UpdatePresence(twitch, 5), 0.036ms
[2026-03-22 15:48:47.596 DBG] TwitchService :: Presence Timer :: Artificially updated presence with a threshold of 5 minutes (97.9799ms)
[2026-03-22 15:49:18.394 DBG] Credits :: Time to save 19.5548ms
[2026-03-22 15:49:47.525 DBG] ViewerRepo :: UpdatePresence(twitch, 5), 0.0353ms
[2026-03-22 15:49:47.626 DBG] TwitchService :: Presence Timer :: Artificially updated presence with a threshold of 5 minutes (102.0591ms)
[2026-03-22 15:50:47.541 DBG] ViewerRepo :: UpdatePresence(twitch, 5), 0.0365ms
[2026-03-22 15:50:47.637 DBG] TwitchService :: Presence Timer :: Artificially updated presence with a threshold of 5 minutes (96.2351ms)
[2026-03-22 15:51:32.755 DBG] AutoSave :: Auto saving settings...
[2026-03-22 15:51:32.770 DBG] Users :: Time to save 15.4172ms
[2026-03-22 15:51:32.795 DBG] Actions :: Time to save 25.2193ms
[2026-03-22 15:51:32.813 DBG] Commands :: Time to save 17.651ms
[2026-03-22 15:51:32.830 DBG] Twitch Rewards :: Time to save 17.3929ms
[2026-03-22 15:51:32.845 DBG] Midi :: Time to save 14.8138ms
[2026-03-22 15:51:32.861 DBG] OBS Settings :: Time to save 15.3579ms
[2026-03-22 15:51:32.877 DBG] MeldStudio Settings :: Time to save 15.8226ms
[2026-03-22 15:51:32.891 DBG] Credits :: Time to save 14.4295ms
[2026-03-22 15:51:32.907 DBG] Quotes :: Time to save 16.1972ms
[2026-03-22 15:51:32.977 DBG] Config :: Time to save 19.5117ms
[2026-03-22 15:51:47.553 DBG] ViewerRepo :: UpdatePresence(twitch, 5), 0.0386ms
[2026-03-22 15:51:47.656 DBG] TwitchService :: Presence Timer :: Artificially updated presence with a threshold of 5 minutes (102.8896ms)
[2026-03-22 15:51:55.031 DBG] ActionDispatcher :: Queueing 'Sub Goal' (361aa588-5f31-4e19-b8a5-099cae52479d, TimedAction) to 'Default' (00000000-0000-0000-0000-000000000000), with 11 arguments
[2026-03-22 15:51:55.031 DBG] ActionQueue :: 'Default' (00000000-0000-0000-0000-000000000000) :: Enqueue action 361aa588-5f31-4e19-b8a5-099cae52479d
[2026-03-22 15:51:55.031 DBG] ActionQueue :: 'Default' (00000000-0000-0000-0000-000000000000) :: Handling queue
[2026-03-22 15:51:55.031 DBG] ActionQueue :: 'Default' (00000000-0000-0000-0000-000000000000) :: Performing non-blocking 'Sub Goal' (361aa588-5f31-4e19-b8a5-099cae52479d, 63bcf629-3f53-4c5b-8497-47080d1d81b6)
[2026-03-22 15:52:47.555 DBG] ViewerRepo :: UpdatePresence(twitch, 5), 0.0362ms
[2026-03-22 15:52:47.654 DBG] TwitchService :: Presence Timer :: Artificially updated presence with a threshold of 5 minutes (98.4333ms)
[2026-03-22 15:53:47.569 DBG] ViewerRepo :: UpdatePresence(twitch, 5), 0.0369ms
[2026-03-22 15:53:47.665 DBG] TwitchService :: Presence Timer :: Artificially updated presence with a threshold of 5 minutes (96.164ms)
[2026-03-22 15:54:18.419 DBG] Credits :: Time to save 18.821ms
[2026-03-22 15:54:47.581 DBG] ViewerRepo :: UpdatePresence(twitch, 5), 0.0443ms
[2026-03-22 15:54:47.677 DBG] TwitchService :: Presence Timer :: Artificially updated presence with a threshold of 5 minutes (96.9256ms)
[2026-03-22 15:55:47.584 DBG] ViewerRepo :: UpdatePresence(twitch, 5), 0.0377ms
[2026-03-22 15:55:47.682 DBG] TwitchService :: Presence Timer :: Artificially updated presence with a threshold of 5 minutes (98.4148ms)
[2026-03-22 15:56:32.999 DBG] AutoSave :: Auto saving settings...
[2026-03-22 15:56:33.015 DBG] Users :: Time to save 15.3039ms
[2026-03-22 15:56:33.040 DBG] Actions :: Time to save 25.204ms
[2026-03-22 15:56:33.057 DBG] Commands :: Time to save 17.1324ms
[2026-03-22 15:56:33.074 DBG] Twitch Rewards :: Time to save 16.2742ms
[2026-03-22 15:56:33.088 DBG] Midi :: Time to save 15.126ms
[2026-03-22 15:56:33.104 DBG] OBS Settings :: Time to save 14.8403ms
[2026-03-22 15:56:33.119 DBG] MeldStudio Settings :: Time to save 15.519ms
[2026-03-22 15:56:33.130 DBG] Credits :: Time to save 11.1698ms
[2026-03-22 15:56:33.147 DBG] Quotes :: Time to save 17.0001ms
[2026-03-22 15:56:33.223 DBG] Config :: Time to save 21.0315ms
[2026-03-22 15:56:47.594 DBG] ViewerRepo :: UpdatePresence(twitch, 5), 0.0374ms
[2026-03-22 15:56:47.691 DBG] TwitchService :: Presence Timer :: Artificially updated presence with a threshold of 5 minutes (96.8548ms)
[2026-03-22 15:57:47.602 DBG] ViewerRepo :: UpdatePresence(twitch, 5), 0.0376ms
[2026-03-22 15:57:47.699 DBG] TwitchService :: Presence Timer :: Artificially updated presence with a threshold of 5 minutes (97.1023ms)
[2026-03-22 15:58:47.609 DBG] ViewerRepo :: UpdatePresence(twitch, 5), 0.0599ms
[2026-03-22 15:58:47.707 DBG] TwitchService :: Presence Timer :: Artificially updated presence with a threshold of 5 minutes (98.5965ms)
[2026-03-22 15:59:18.422 DBG] Credits :: Time to save 17.3251ms
[2026-03-22 15:59:47.617 DBG] ViewerRepo :: UpdatePresence(twitch, 5), 0.0349ms
[2026-03-22 15:59:47.715 DBG] TwitchService :: Presence Timer :: Artificially updated presence with a threshold of 5 minutes (98.2852ms)
[2026-03-22 16:00:47.624 DBG] ViewerRepo :: UpdatePresence(twitch, 5), 0.0352ms
[2026-03-22 16:00:47.720 DBG] TwitchService :: Presence Timer :: Artificially updated presence with a threshold of 5 minutes (96.0881ms)
[2026-03-22 16:01:33.222 DBG] AutoSave :: Auto saving settings...
[2026-03-22 16:01:33.244 DBG] Users :: Time to save 22.1026ms
[2026-03-22 16:01:33.271 DBG] Actions :: Time to save 26.2889ms
[2026-03-22 16:01:33.290 DBG] Commands :: Time to save 19.7413ms
[2026-03-22 16:01:33.311 DBG] Twitch Rewards :: Time to save 20.3027ms
[2026-03-22 16:01:33.328 DBG] Midi :: Time to save 16.8598ms
[2026-03-22 16:01:33.344 DBG] OBS Settings :: Time to save 16.5844ms
[2026-03-22 16:01:33.361 DBG] MeldStudio Settings :: Time to save 16.3439ms
[2026-03-22 16:01:33.378 DBG] Credits :: Time to save 16.7866ms
[2026-03-22 16:01:33.397 DBG] Quotes :: Time to save 19.4141ms
[2026-03-22 16:01:33.447 DBG] Config :: Time to save 20.6548ms
[2026-03-22 16:01:47.635 DBG] ViewerRepo :: UpdatePresence(twitch, 5), 0.04ms
[2026-03-22 16:01:47.727 DBG] TwitchService :: Presence Timer :: Artificially updated presence with a threshold of 5 minutes (92.2716ms)
[2026-03-22 16:01:56.020 DBG] ActionDispatcher :: Queueing 'Sub Goal' (361aa588-5f31-4e19-b8a5-099cae52479d, TimedAction) to 'Default' (00000000-0000-0000-0000-000000000000), with 11 arguments
[2026-03-22 16:01:56.020 DBG] ActionQueue :: 'Default' (00000000-0000-0000-0000-000000000000) :: Enqueue action 361aa588-5f31-4e19-b8a5-099cae52479d
[2026-03-22 16:01:56.020 DBG] ActionQueue :: 'Default' (00000000-0000-0000-0000-000000000000) :: Handling queue
[2026-03-22 16:01:56.020 DBG] ActionQueue :: 'Default' (00000000-0000-0000-0000-000000000000) :: Performing non-blocking 'Sub Goal' (361aa588-5f31-4e19-b8a5-099cae52479d, a92ebce1-7597-4a52-aac6-a03fc22b3e33)
[2026-03-22 16:02:47.642 DBG] ViewerRepo :: UpdatePresence(twitch, 5), 0.0388ms
[2026-03-22 16:02:47.735 DBG] TwitchService :: Presence Timer :: Artificially updated presence with a threshold of 5 minutes (93.5965ms)
[2026-03-22 16:03:47.646 DBG] ViewerRepo :: UpdatePresence(twitch, 5), 0.0358ms
[2026-03-22 16:03:47.740 DBG] TwitchService :: Presence Timer :: Artificially updated presence with a threshold of 5 minutes (94.6353ms)
[2026-03-22 16:04:18.427 DBG] Credits :: Time to save 15.3205ms
[2026-03-22 16:04:47.659 DBG] ViewerRepo :: UpdatePresence(twitch, 5), 0.0377ms
[2026-03-22 16:04:47.754 DBG] TwitchService :: Presence Timer :: Artificially updated presence with a threshold of 5 minutes (95.9628ms)
[2026-03-22 16:05:47.665 DBG] ViewerRepo :: UpdatePresence(twitch, 5), 0.034ms
[2026-03-22 16:05:47.760 DBG] TwitchService :: Presence Timer :: Artificially updated presence with a threshold of 5 minutes (95.1492ms)
[2026-03-22 16:06:33.497 DBG] AutoSave :: Auto saving settings...
[2026-03-22 16:06:33.516 DBG] Users :: Time to save 19.0116ms
[2026-03-22 16:06:33.540 DBG] Actions :: Time to save 23.2066ms
[2026-03-22 16:06:33.554 DBG] Commands :: Time to save 13.708ms
[2026-03-22 16:06:33.568 DBG] Twitch Rewards :: Time to save 14.3194ms
[2026-03-22 16:06:33.583 DBG] Midi :: Time to save 15.0674ms
[2026-03-22 16:06:33.598 DBG] OBS Settings :: Time to save 15.437ms
[2026-03-22 16:06:33.613 DBG] MeldStudio Settings :: Time to save 14.6586ms
[2026-03-22 16:06:33.629 DBG] Credits :: Time to save 15.2405ms
[2026-03-22 16:06:33.645 DBG] Quotes :: Time to save 16.3584ms
[2026-03-22 16:06:33.719 DBG] Config :: Time to save 19.3271ms
[2026-03-22 16:06:47.679 DBG] ViewerRepo :: UpdatePresence(twitch, 5), 0.0397ms
[2026-03-22 16:06:47.778 DBG] TwitchService :: Presence Timer :: Artificially updated presence with a threshold of 5 minutes (98.8964ms)
[2026-03-22 16:07:47.686 DBG] ViewerRepo :: UpdatePresence(twitch, 5), 0.0567ms
[2026-03-22 16:07:47.779 DBG] TwitchService :: Presence Timer :: Artificially updated presence with a threshold of 5 minutes (93.2188ms)
[2026-03-22 16:08:47.689 DBG] ViewerRepo :: UpdatePresence(twitch, 5), 0.0374ms
[2026-03-22 16:08:47.784 DBG] TwitchService :: Presence Timer :: Artificially updated presence with a threshold of 5 minutes (95.4997ms)
[2026-03-22 16:09:18.437 DBG] Credits :: Time to save 17.6478ms
[2026-03-22 16:09:47.690 DBG] ViewerRepo :: UpdatePresence(twitch, 5), 0.043ms
[2026-03-22 16:09:47.783 DBG] TwitchService :: Presence Timer :: Artificially updated presence with a threshold of 5 minutes (93.1762ms)
[2026-03-22 16:10:47.700 DBG] ViewerRepo :: UpdatePresence(twitch, 5), 0.041ms
[2026-03-22 16:10:47.794 DBG] TwitchService :: Presence Timer :: Artificially updated presence with a threshold of 5 minutes (94.1624ms)
[2026-03-22 16:11:33.749 DBG] AutoSave :: Auto saving settings...
[2026-03-22 16:11:33.769 DBG] Users :: Time to save 20.1025ms
[2026-03-22 16:11:33.795 DBG] Actions :: Time to save 25.5568ms
[2026-03-22 16:11:33.813 DBG] Commands :: Time to save 18.7703ms
[2026-03-22 16:11:33.831 DBG] Twitch Rewards :: Time to save 17.9776ms
[2026-03-22 16:11:33.847 DBG] Midi :: Time to save 15.9891ms
[2026-03-22 16:11:33.863 DBG] OBS Settings :: Time to save 15.666ms
[2026-03-22 16:11:33.878 DBG] MeldStudio Settings :: Time to save 14.9298ms
[2026-03-22 16:11:33.894 DBG] Credits :: Time to save 15.7151ms
[2026-03-22 16:11:33.912 DBG] Quotes :: Time to save 17.5454ms
[2026-03-22 16:11:33.972 DBG] Config :: Time to save 19.7267ms
[2026-03-22 16:11:47.715 DBG] ViewerRepo :: UpdatePresence(twitch, 5), 0.0368ms
[2026-03-22 16:11:47.814 DBG] TwitchService :: Presence Timer :: Artificially updated presence with a threshold of 5 minutes (99.8236ms)
[2026-03-22 16:11:56.676 DBG] ActionDispatcher :: Queueing 'Sub Goal' (361aa588-5f31-4e19-b8a5-099cae52479d, TimedAction) to 'Default' (00000000-0000-0000-0000-000000000000), with 11 arguments
[2026-03-22 16:11:56.676 DBG] ActionQueue :: 'Default' (00000000-0000-0000-0000-000000000000) :: Enqueue action 361aa588-5f31-4e19-b8a5-099cae52479d
[2026-03-22 16:11:56.676 DBG] ActionQueue :: 'Default' (00000000-0000-0000-0000-000000000000) :: Handling queue
[2026-03-22 16:11:56.676 DBG] ActionQueue :: 'Default' (00000000-0000-0000-0000-000000000000) :: Performing non-blocking 'Sub Goal' (361aa588-5f31-4e19-b8a5-099cae52479d, 5a20b2ff-e5d4-443b-b9c6-e3ba43d973f8)
[2026-03-22 16:12:47.717 DBG] ViewerRepo :: UpdatePresence(twitch, 5), 0.0687ms
[2026-03-22 16:12:47.814 DBG] TwitchService :: Presence Timer :: Artificially updated presence with a threshold of 5 minutes (97.4757ms)
[2026-03-22 16:13:47.720 DBG] ViewerRepo :: UpdatePresence(twitch, 5), 0.0429ms
[2026-03-22 16:13:47.815 DBG] TwitchService :: Presence Timer :: Artificially updated presence with a threshold of 5 minutes (93.844ms)
[2026-03-22 16:14:18.438 DBG] Credits :: Time to save 17.2906ms
[2026-03-22 16:14:47.728 DBG] ViewerRepo :: UpdatePresence(twitch, 5), 0.0349ms
[2026-03-22 16:14:47.823 DBG] TwitchService :: Presence Timer :: Artificially updated presence with a threshold of 5 minutes (94.6221ms)
[2026-03-22 16:15:47.734 DBG] ViewerRepo :: UpdatePresence(twitch, 5), 0.0408ms
[2026-03-22 16:15:47.828 DBG] TwitchService :: Presence Timer :: Artificially updated presence with a threshold of 5 minutes (93.4601ms)
[2026-03-22 16:16:34.026 DBG] AutoSave :: Auto saving settings...
[2026-03-22 16:16:34.047 DBG] Users :: Time to save 20.2997ms
[2026-03-22 16:16:34.070 DBG] Actions :: Time to save 23.6062ms
[2026-03-22 16:16:34.088 DBG] Commands :: Time to save 16.8844ms
[2026-03-22 16:16:34.104 DBG] Twitch Rewards :: Time to save 16.5578ms
[2026-03-22 16:16:34.118 DBG] Midi :: Time to save 14.2859ms
[2026-03-22 16:16:34.132 DBG] OBS Settings :: Time to save 14.5721ms
[2026-03-22 16:16:34.148 DBG] MeldStudio Settings :: Time to save 14.74ms
[2026-03-22 16:16:34.162 DBG] Credits :: Time to save 15.1895ms
[2026-03-22 16:16:34.179 DBG] Quotes :: Time to save 17.2397ms
[2026-03-22 16:16:34.250 DBG] Config :: Time to save 18.7784ms
[2026-03-22 16:16:47.746 DBG] ViewerRepo :: UpdatePresence(twitch, 5), 0.0382ms
[2026-03-22 16:16:47.842 DBG] TwitchService :: Presence Timer :: Artificially updated presence with a threshold of 5 minutes (96.3204ms)
[2026-03-22 16:17:47.749 DBG] ViewerRepo :: UpdatePresence(twitch, 5), 0.0474ms
[2026-03-22 16:17:47.846 DBG] TwitchService :: Presence Timer :: Artificially updated presence with a threshold of 5 minutes (97.5969ms)
[2026-03-22 16:18:47.755 DBG] ViewerRepo :: UpdatePresence(twitch, 5), 0.0382ms
[2026-03-22 16:18:47.852 DBG] TwitchService :: Presence Timer :: Artificially updated presence with a threshold of 5 minutes (97.2542ms)
[2026-03-22 16:19:18.447 DBG] Credits :: Time to save 16.9439ms
[2026-03-22 16:19:47.770 DBG] ViewerRepo :: UpdatePresence(twitch, 5), 0.0411ms
[2026-03-22 16:19:47.869 DBG] TwitchService :: Presence Timer :: Artificially updated presence with a threshold of 5 minutes (98.7369ms)
[2026-03-22 16:20:47.780 DBG] ViewerRepo :: UpdatePresence(twitch, 5), 0.0384ms
[2026-03-22 16:20:47.876 DBG] TwitchService :: Presence Timer :: Artificially updated presence with a threshold of 5 minutes (96.4636ms)
[2026-03-22 16:21:34.299 DBG] AutoSave :: Auto saving settings...
[2026-03-22 16:21:34.319 DBG] Users :: Time to save 20.9127ms
[2026-03-22 16:21:34.344 DBG] Actions :: Time to save 24.4421ms
[2026-03-22 16:21:34.362 DBG] Commands :: Time to save 17.5286ms
[2026-03-22 16:21:34.380 DBG] Twitch Rewards :: Time to save 18.1686ms
[2026-03-22 16:21:34.395 DBG] Midi :: Time to save 15.5522ms
[2026-03-22 16:21:34.410 DBG] OBS Settings :: Time to save 14.4945ms
[2026-03-22 16:21:34.426 DBG] MeldStudio Settings :: Time to save 16.3304ms
[2026-03-22 16:21:34.443 DBG] Credits :: Time to save 16.3064ms
[2026-03-22 16:21:34.462 DBG] Quotes :: Time to save 18.5021ms
[2026-03-22 16:21:34.521 DBG] Config :: Time to save 19.3249ms
[2026-03-22 16:21:47.795 DBG] ViewerRepo :: UpdatePresence(twitch, 5), 0.0353ms
[2026-03-22 16:21:47.893 DBG] TwitchService :: Presence Timer :: Artificially updated presence with a threshold of 5 minutes (98.1441ms)
[2026-03-22 16:21:57.372 DBG] ActionDispatcher :: Queueing 'Sub Goal' (361aa588-5f31-4e19-b8a5-099cae52479d, TimedAction) to 'Default' (00000000-0000-0000-0000-000000000000), with 11 arguments
[2026-03-22 16:21:57.372 DBG] ActionQueue :: 'Default' (00000000-0000-0000-0000-000000000000) :: Enqueue action 361aa588-5f31-4e19-b8a5-099cae52479d
[2026-03-22 16:21:57.372 DBG] ActionQueue :: 'Default' (00000000-0000-0000-0000-000000000000) :: Handling queue
[2026-03-22 16:21:57.372 DBG] ActionQueue :: 'Default' (00000000-0000-0000-0000-000000000000) :: Performing non-blocking 'Sub Goal' (361aa588-5f31-4e19-b8a5-099cae52479d, b90ce116-d372-4d3c-b6ee-d70bd3dde064)
[2026-03-22 16:22:47.805 DBG] ViewerRepo :: UpdatePresence(twitch, 5), 0.0432ms
[2026-03-22 16:22:48.396 DBG] TwitchService :: Presence Timer :: Artificially updated presence with a threshold of 5 minutes (592.1165ms)
[2026-03-22 16:23:47.819 DBG] ViewerRepo :: UpdatePresence(twitch, 5), 0.0353ms
[2026-03-22 16:23:47.910 DBG] TwitchService :: Presence Timer :: Artificially updated presence with a threshold of 5 minutes (92.2229ms)
[2026-03-22 16:24:18.451 DBG] Credits :: Time to save 18.0058ms
[2026-03-22 16:24:47.829 DBG] ViewerRepo :: UpdatePresence(twitch, 5), 0.0402ms
[2026-03-22 16:24:47.925 DBG] TwitchService :: Presence Timer :: Artificially updated presence with a threshold of 5 minutes (95.9734ms)
[2026-03-22 16:25:47.831 DBG] ViewerRepo :: UpdatePresence(twitch, 5), 0.0359ms
[2026-03-22 16:25:47.923 DBG] TwitchService :: Presence Timer :: Artificially updated presence with a threshold of 5 minutes (92.2385ms)
[2026-03-22 16:26:34.550 DBG] AutoSave :: Auto saving settings...
[2026-03-22 16:26:34.567 DBG] Users :: Time to save 17.7976ms
[2026-03-22 16:26:34.593 DBG] Actions :: Time to save 25.0992ms
[2026-03-22 16:26:34.605 DBG] Commands :: Time to save 12.6581ms
[2026-03-22 16:26:34.622 DBG] Twitch Rewards :: Time to save 16.644ms
[2026-03-22 16:26:34.637 DBG] Midi :: Time to save 14.5436ms
[2026-03-22 16:26:34.652 DBG] OBS Settings :: Time to save 14.9154ms
[2026-03-22 16:26:34.666 DBG] MeldStudio Settings :: Time to save 14.0134ms
[2026-03-22 16:26:34.680 DBG] Credits :: Time to save 14.6491ms
[2026-03-22 16:26:34.699 DBG] Quotes :: Time to save 17.6472ms
[2026-03-22 16:26:34.774 DBG] Config :: Time to save 18.9856ms
[2026-03-22 16:26:47.838 DBG] ViewerRepo :: UpdatePresence(twitch, 5), 0.0364ms
[2026-03-22 16:26:47.937 DBG] TwitchService :: Presence Timer :: Artificially updated presence with a threshold of 5 minutes (99.6629ms)
[2026-03-22 16:27:47.850 DBG] ViewerRepo :: UpdatePresence(twitch, 5), 0.039ms
[2026-03-22 16:27:47.944 DBG] TwitchService :: Presence Timer :: Artificially updated presence with a threshold of 5 minutes (94.9584ms)
[2026-03-22 16:28:47.866 DBG] ViewerRepo :: UpdatePresence(twitch, 5), 0.0399ms
[2026-03-22 16:28:47.963 DBG] TwitchService :: Presence Timer :: Artificially updated presence with a threshold of 5 minutes (97.2851ms)
[2026-03-22 16:29:18.463 DBG] Credits :: Time to save 16.9121ms
[2026-03-22 16:29:47.875 DBG] ViewerRepo :: UpdatePresence(twitch, 5), 0.0359ms
[2026-03-22 16:29:47.973 DBG] TwitchService :: Presence Timer :: Artificially updated presence with a threshold of 5 minutes (97.5596ms)
[2026-03-22 16:30:47.890 DBG] ViewerRepo :: UpdatePresence(twitch, 5), 0.0439ms
[2026-03-22 16:30:47.987 DBG] TwitchService :: Presence Timer :: Artificially updated presence with a threshold of 5 minutes (97.0663ms)
[2026-03-22 16:31:34.798 DBG] AutoSave :: Auto saving settings...
[2026-03-22 16:31:34.820 DBG] Users :: Time to save 23.2136ms
[2026-03-22 16:31:34.845 DBG] Actions :: Time to save 24.306ms
[2026-03-22 16:31:34.862 DBG] Commands :: Time to save 17.0346ms
[2026-03-22 16:31:34.879 DBG] Twitch Rewards :: Time to save 16.6918ms
[2026-03-22 16:31:34.894 DBG] Midi :: Time to save 14.5948ms
[2026-03-22 16:31:34.905 DBG] OBS Settings :: Time to save 11.834ms
[2026-03-22 16:31:34.918 DBG] MeldStudio Settings :: Time to save 11.9525ms
[2026-03-22 16:31:34.933 DBG] Credits :: Time to save 15.5396ms
[2026-03-22 16:31:34.951 DBG] Quotes :: Time to save 17.851ms
[2026-03-22 16:31:35.017 DBG] Config :: Time to save 18.4597ms
[2026-03-22 16:31:47.894 DBG] ViewerRepo :: UpdatePresence(twitch, 5), 0.0381ms
[2026-03-22 16:31:47.993 DBG] TwitchService :: Presence Timer :: Artificially updated presence with a threshold of 5 minutes (99.0084ms)
[2026-03-22 16:31:57.847 DBG] ActionDispatcher :: Queueing 'Sub Goal' (361aa588-5f31-4e19-b8a5-099cae52479d, TimedAction) to 'Default' (00000000-0000-0000-0000-000000000000), with 11 arguments
[2026-03-22 16:31:57.847 DBG] ActionQueue :: 'Default' (00000000-0000-0000-0000-000000000000) :: Enqueue action 361aa588-5f31-4e19-b8a5-099cae52479d
[2026-03-22 16:31:57.847 DBG] ActionQueue :: 'Default' (00000000-0000-0000-0000-000000000000) :: Handling queue
[2026-03-22 16:31:57.847 DBG] ActionQueue :: 'Default' (00000000-0000-0000-0000-000000000000) :: Performing non-blocking 'Sub Goal' (361aa588-5f31-4e19-b8a5-099cae52479d, ee6d2e22-6a17-4ba8-97be-0c61e9fbd774)
[2026-03-22 16:32:47.897 DBG] ViewerRepo :: UpdatePresence(twitch, 5), 0.0372ms
[2026-03-22 16:32:47.992 DBG] TwitchService :: Presence Timer :: Artificially updated presence with a threshold of 5 minutes (95.644ms)
[2026-03-22 16:33:47.905 DBG] ViewerRepo :: UpdatePresence(twitch, 5), 0.0357ms
[2026-03-22 16:33:48.000 DBG] TwitchService :: Presence Timer :: Artificially updated presence with a threshold of 5 minutes (95.0961ms)
[2026-03-22 16:34:18.468 DBG] Credits :: Time to save 17.0792ms
[2026-03-22 16:34:47.912 DBG] ViewerRepo :: UpdatePresence(twitch, 5), 0.0443ms
[2026-03-22 16:34:48.009 DBG] TwitchService :: Presence Timer :: Artificially updated presence with a threshold of 5 minutes (96.7159ms)
[2026-03-22 16:35:47.931 DBG] ViewerRepo :: UpdatePresence(twitch, 5), 0.0362ms
[2026-03-22 16:35:48.024 DBG] TwitchService :: Presence Timer :: Artificially updated presence with a threshold of 5 minutes (92.7449ms)
[2026-03-22 16:36:35.039 DBG] AutoSave :: Auto saving settings...
[2026-03-22 16:36:35.056 DBG] Users :: Time to save 17.5502ms
[2026-03-22 16:36:35.079 DBG] Actions :: Time to save 22.785ms
[2026-03-22 16:36:35.096 DBG] Commands :: Time to save 17.1032ms
[2026-03-22 16:36:35.113 DBG] Twitch Rewards :: Time to save 16.6172ms
[2026-03-22 16:36:35.127 DBG] Midi :: Time to save 14.7808ms
[2026-03-22 16:36:35.143 DBG] OBS Settings :: Time to save 14.8102ms
[2026-03-22 16:36:35.157 DBG] MeldStudio Settings :: Time to save 15.1628ms
[2026-03-22 16:36:35.172 DBG] Credits :: Time to save 14.5077ms
[2026-03-22 16:36:35.189 DBG] Quotes :: Time to save 16.47ms
[2026-03-22 16:36:35.260 DBG] Config :: Time to save 18.8524ms
[2026-03-22 16:36:47.935 DBG] ViewerRepo :: UpdatePresence(twitch, 5), 0.0405ms
[2026-03-22 16:36:48.027 DBG] TwitchService :: Presence Timer :: Artificially updated presence with a threshold of 5 minutes (92.4889ms)
[2026-03-22 16:37:47.940 DBG] ViewerRepo :: UpdatePresence(twitch, 5), 0.0365ms
[2026-03-22 16:37:48.033 DBG] TwitchService :: Presence Timer :: Artificially updated presence with a threshold of 5 minutes (92.9917ms)
[2026-03-22 16:38:47.942 DBG] ViewerRepo :: UpdatePresence(twitch, 5), 0.0429ms
[2026-03-22 16:38:48.040 DBG] TwitchService :: Presence Timer :: Artificially updated presence with a threshold of 5 minutes (97.8532ms)
[2026-03-22 16:39:18.482 DBG] Credits :: Time to save 17.0844ms
[2026-03-22 16:39:47.944 DBG] ViewerRepo :: UpdatePresence(twitch, 5), 0.0385ms
[2026-03-22 16:39:48.040 DBG] TwitchService :: Presence Timer :: Artificially updated presence with a threshold of 5 minutes (95.8014ms)
[2026-03-22 16:40:47.946 DBG] ViewerRepo :: UpdatePresence(twitch, 5), 0.0376ms
[2026-03-22 16:40:48.042 DBG] TwitchService :: Presence Timer :: Artificially updated presence with a threshold of 5 minutes (96.354ms)
[2026-03-22 16:41:35.273 DBG] AutoSave :: Auto saving settings...
[2026-03-22 16:41:35.293 DBG] Users :: Time to save 19.8088ms
[2026-03-22 16:41:35.318 DBG] Actions :: Time to save 25.0401ms
[2026-03-22 16:41:35.331 DBG] Commands :: Time to save 12.8401ms
[2026-03-22 16:41:35.349 DBG] Twitch Rewards :: Time to save 18.163ms
[2026-03-22 16:41:35.364 DBG] Midi :: Time to save 15.0559ms
[2026-03-22 16:41:35.379 DBG] OBS Settings :: Time to save 14.5294ms
[2026-03-22 16:41:35.394 DBG] MeldStudio Settings :: Time to save 15.4479ms
[2026-03-22 16:41:35.409 DBG] Credits :: Time to save 14.5558ms
[2026-03-22 16:41:35.426 DBG] Quotes :: Time to save 17.0857ms
[2026-03-22 16:41:35.492 DBG] Config :: Time to save 18.4996ms
[2026-03-22 16:41:47.951 DBG] ViewerRepo :: UpdatePresence(twitch, 5), 0.0616ms
[2026-03-22 16:41:48.047 DBG] TwitchService :: Presence Timer :: Artificially updated presence with a threshold of 5 minutes (96.9309ms)
[2026-03-22 16:41:58.520 DBG] ActionDispatcher :: Queueing 'Sub Goal' (361aa588-5f31-4e19-b8a5-099cae52479d, TimedAction) to 'Default' (00000000-0000-0000-0000-000000000000), with 11 arguments
[2026-03-22 16:41:58.520 DBG] ActionQueue :: 'Default' (00000000-0000-0000-0000-000000000000) :: Enqueue action 361aa588-5f31-4e19-b8a5-099cae52479d
[2026-03-22 16:41:58.520 DBG] ActionQueue :: 'Default' (00000000-0000-0000-0000-000000000000) :: Handling queue
[2026-03-22 16:41:58.520 DBG] ActionQueue :: 'Default' (00000000-0000-0000-0000-000000000000) :: Performing non-blocking 'Sub Goal' (361aa588-5f31-4e19-b8a5-099cae52479d, 34be0a52-46bd-4eef-aac6-5d380834ca0f)
[2026-03-22 16:42:47.960 DBG] ViewerRepo :: UpdatePresence(twitch, 5), 0.037ms
[2026-03-22 16:42:48.051 DBG] TwitchService :: Presence Timer :: Artificially updated presence with a threshold of 5 minutes (92.1633ms)
[2026-03-22 16:43:47.973 DBG] ViewerRepo :: UpdatePresence(twitch, 5), 0.0359ms
[2026-03-22 16:43:48.067 DBG] TwitchService :: Presence Timer :: Artificially updated presence with a threshold of 5 minutes (94.7055ms)
[2026-03-22 16:44:18.485 DBG] Credits :: Time to save 17.4292ms
[2026-03-22 16:44:47.973 DBG] ViewerRepo :: UpdatePresence(twitch, 5), 0.0384ms
[2026-03-22 16:44:48.069 DBG] TwitchService :: Presence Timer :: Artificially updated presence with a threshold of 5 minutes (95.8043ms)
[2026-03-22 16:45:47.980 DBG] ViewerRepo :: UpdatePresence(twitch, 5), 0.036ms
[2026-03-22 16:45:48.071 DBG] TwitchService :: Presence Timer :: Artificially updated presence with a threshold of 5 minutes (90.8974ms)
[2026-03-22 16:46:35.507 DBG] AutoSave :: Auto saving settings...
[2026-03-22 16:46:35.527 DBG] Users :: Time to save 20.3207ms
[2026-03-22 16:46:35.552 DBG] Actions :: Time to save 25.2685ms
[2026-03-22 16:46:35.571 DBG] Commands :: Time to save 18.7926ms
[2026-03-22 16:46:35.589 DBG] Twitch Rewards :: Time to save 18.3362ms
[2026-03-22 16:46:35.606 DBG] Midi :: Time to save 15.818ms
[2026-03-22 16:46:35.621 DBG] OBS Settings :: Time to save 15.1269ms
[2026-03-22 16:46:35.635 DBG] MeldStudio Settings :: Time to save 14.2997ms
[2026-03-22 16:46:35.650 DBG] Credits :: Time to save 15.2518ms
[2026-03-22 16:46:35.668 DBG] Quotes :: Time to save 17.2894ms
[2026-03-22 16:46:35.728 DBG] Config :: Time to save 16.3249ms
[2026-03-22 16:46:47.987 DBG] ViewerRepo :: UpdatePresence(twitch, 5), 0.039ms
[2026-03-22 16:46:48.082 DBG] TwitchService :: Presence Timer :: Artificially updated presence with a threshold of 5 minutes (94.4669ms)
[2026-03-22 16:47:47.991 DBG] ViewerRepo :: UpdatePresence(twitch, 5), 0.0348ms
[2026-03-22 16:47:48.090 DBG] TwitchService :: Presence Timer :: Artificially updated presence with a threshold of 5 minutes (99.8275ms)
[2026-03-22 16:48:47.994 DBG] ViewerRepo :: UpdatePresence(twitch, 5), 0.0348ms
[2026-03-22 16:48:48.089 DBG] TwitchService :: Presence Timer :: Artificially updated presence with a threshold of 5 minutes (95.0903ms)
[2026-03-22 16:49:18.501 DBG] Credits :: Time to save 18.5369ms
[2026-03-22 16:49:48.009 DBG] ViewerRepo :: UpdatePresence(twitch, 5), 0.0387ms
[2026-03-22 16:49:48.099 DBG] TwitchService :: Presence Timer :: Artificially updated presence with a threshold of 5 minutes (89.8329ms)
[2026-03-22 16:50:48.014 DBG] ViewerRepo :: UpdatePresence(twitch, 5), 0.0506ms
[2026-03-22 16:50:48.085 DBG] TwitchService :: Presence Timer :: Artificially updated presence with a threshold of 5 minutes (71.6497ms)
[2026-03-22 16:51:35.776 DBG] AutoSave :: Auto saving settings...
[2026-03-22 16:51:35.797 DBG] Users :: Time to save 20.7956ms
[2026-03-22 16:51:35.824 DBG] Actions :: Time to save 27.4176ms
[2026-03-22 16:51:35.844 DBG] Commands :: Time to save 19.5626ms
[2026-03-22 16:51:35.864 DBG] Twitch Rewards :: Time to save 20.4723ms
[2026-03-22 16:51:35.880 DBG] Midi :: Time to save 16.2279ms
[2026-03-22 16:51:35.897 DBG] OBS Settings :: Time to save 16.5419ms
[2026-03-22 16:51:35.913 DBG] MeldStudio Settings :: Time to save 16.0314ms
[2026-03-22 16:51:35.929 DBG] Credits :: Time to save 16.0369ms
[2026-03-22 16:51:35.947 DBG] Quotes :: Time to save 17.5949ms
[2026-03-22 16:51:35.999 DBG] Config :: Time to save 19.4288ms
[2026-03-22 16:51:48.019 DBG] ViewerRepo :: UpdatePresence(twitch, 5), 0.0339ms
[2026-03-22 16:51:48.072 DBG] TwitchService :: Presence Timer :: Artificially updated presence with a threshold of 5 minutes (51.879ms)
[2026-03-22 16:51:59.373 DBG] ActionDispatcher :: Queueing 'Sub Goal' (361aa588-5f31-4e19-b8a5-099cae52479d, TimedAction) to 'Default' (00000000-0000-0000-0000-000000000000), with 11 arguments
[2026-03-22 16:51:59.373 DBG] ActionQueue :: 'Default' (00000000-0000-0000-0000-000000000000) :: Enqueue action 361aa588-5f31-4e19-b8a5-099cae52479d
[2026-03-22 16:51:59.373 DBG] ActionQueue :: 'Default' (00000000-0000-0000-0000-000000000000) :: Handling queue
[2026-03-22 16:51:59.373 DBG] ActionQueue :: 'Default' (00000000-0000-0000-0000-000000000000) :: Performing non-blocking 'Sub Goal' (361aa588-5f31-4e19-b8a5-099cae52479d, 181f2be2-3554-4691-a754-bd48f2c89738)
[2026-03-22 16:52:48.028 DBG] ViewerRepo :: UpdatePresence(twitch, 5), 0.0445ms
[2026-03-22 16:52:48.081 DBG] TwitchService :: Presence Timer :: Artificially updated presence with a threshold of 5 minutes (53.1751ms)
[2026-03-22 16:53:48.040 DBG] ViewerRepo :: UpdatePresence(twitch, 5), 0.0404ms
[2026-03-22 16:53:48.094 DBG] TwitchService :: Presence Timer :: Artificially updated presence with a threshold of 5 minutes (54.8615ms)
[2026-03-22 16:54:18.512 DBG] Credits :: Time to save 18.7749ms
[2026-03-22 16:54:48.053 DBG] ViewerRepo :: UpdatePresence(twitch, 5), 0.0373ms
[2026-03-22 16:54:48.108 DBG] TwitchService :: Presence Timer :: Artificially updated presence with a threshold of 5 minutes (54.5507ms)
[2026-03-22 16:55:48.064 DBG] ViewerRepo :: UpdatePresence(twitch, 5), 0.0366ms
[2026-03-22 16:55:48.118 DBG] TwitchService :: Presence Timer :: Artificially updated presence with a threshold of 5 minutes (55.3494ms)
[2026-03-22 16:56:36.063 DBG] AutoSave :: Auto saving settings...
[2026-03-22 16:56:36.082 DBG] Users :: Time to save 19.0027ms
[2026-03-22 16:56:36.107 DBG] Actions :: Time to save 24.4741ms
[2026-03-22 16:56:36.124 DBG] Commands :: Time to save 16.9402ms
[2026-03-22 16:56:36.141 DBG] Twitch Rewards :: Time to save 16.8734ms
[2026-03-22 16:56:36.155 DBG] Midi :: Time to save 14.5129ms
[2026-03-22 16:56:36.169 DBG] OBS Settings :: Time to save 14.2128ms
[2026-03-22 16:56:36.184 DBG] MeldStudio Settings :: Time to save 14.908ms
[2026-03-22 16:56:36.198 DBG] Credits :: Time to save 14.2312ms
[2026-03-22 16:56:36.210 DBG] Quotes :: Time to save 11.9424ms
[2026-03-22 16:56:36.287 DBG] Config :: Time to save 20.8472ms
[2026-03-22 16:56:48.080 DBG] ViewerRepo :: UpdatePresence(twitch, 5), 0.0351ms
[2026-03-22 16:56:48.134 DBG] TwitchService :: Presence Timer :: Artificially updated presence with a threshold of 5 minutes (55.3492ms)
[2026-03-22 16:57:48.082 DBG] ViewerRepo :: UpdatePresence(twitch, 5), 0.8356ms
[2026-03-22 16:57:48.140 DBG] TwitchService :: Presence Timer :: Artificially updated presence with a threshold of 5 minutes (59.3266ms)
[2026-03-22 16:58:48.094 DBG] ViewerRepo :: UpdatePresence(twitch, 5), 0.0363ms
[2026-03-22 16:58:48.149 DBG] TwitchService :: Presence Timer :: Artificially updated presence with a threshold of 5 minutes (54.9343ms)
[2026-03-22 16:59:18.521 DBG] Credits :: Time to save 17.3584ms
[2026-03-22 16:59:48.097 DBG] ViewerRepo :: UpdatePresence(twitch, 5), 0.0359ms
[2026-03-22 16:59:48.147 DBG] TwitchService :: Presence Timer :: Artificially updated presence with a threshold of 5 minutes (49.8598ms)
[2026-03-22 17:00:48.109 DBG] ViewerRepo :: UpdatePresence(twitch, 5), 0.0414ms
[2026-03-22 17:00:48.164 DBG] TwitchService :: Presence Timer :: Artificially updated presence with a threshold of 5 minutes (55.3885ms)
[2026-03-22 17:01:36.297 DBG] AutoSave :: Auto saving settings...
[2026-03-22 17:01:36.317 DBG] Users :: Time to save 19.6897ms
[2026-03-22 17:01:36.341 DBG] Actions :: Time to save 24.1171ms
[2026-03-22 17:01:36.357 DBG] Commands :: Time to save 17.0046ms
[2026-03-22 17:01:36.373 DBG] Twitch Rewards :: Time to save 15.8017ms
[2026-03-22 17:01:36.390 DBG] Midi :: Time to save 16.1625ms
[2026-03-22 17:01:36.404 DBG] OBS Settings :: Time to save 14.4836ms
[2026-03-22 17:01:36.419 DBG] MeldStudio Settings :: Time to save 15.1773ms
[2026-03-22 17:01:36.435 DBG] Credits :: Time to save 15.5175ms
[2026-03-22 17:01:36.452 DBG] Quotes :: Time to save 17.2883ms
[2026-03-22 17:01:36.519 DBG] Config :: Time to save 19.9509ms
[2026-03-22 17:01:48.112 DBG] ViewerRepo :: UpdatePresence(twitch, 5), 0.0497ms
[2026-03-22 17:01:48.167 DBG] TwitchService :: Presence Timer :: Artificially updated presence with a threshold of 5 minutes (55.8183ms)
[2026-03-22 17:02:00.023 DBG] ActionDispatcher :: Queueing 'Sub Goal' (361aa588-5f31-4e19-b8a5-099cae52479d, TimedAction) to 'Default' (00000000-0000-0000-0000-000000000000), with 11 arguments
[2026-03-22 17:02:00.023 DBG] ActionQueue :: 'Default' (00000000-0000-0000-0000-000000000000) :: Enqueue action 361aa588-5f31-4e19-b8a5-099cae52479d
[2026-03-22 17:02:00.023 DBG] ActionQueue :: 'Default' (00000000-0000-0000-0000-000000000000) :: Handling queue
[2026-03-22 17:02:00.023 DBG] ActionQueue :: 'Default' (00000000-0000-0000-0000-000000000000) :: Performing non-blocking 'Sub Goal' (361aa588-5f31-4e19-b8a5-099cae52479d, 3ebb6358-5886-45ab-8740-f86bcffa8254)
[2026-03-22 17:02:48.125 DBG] ViewerRepo :: UpdatePresence(twitch, 5), 0.0346ms
[2026-03-22 17:02:48.179 DBG] TwitchService :: Presence Timer :: Artificially updated presence with a threshold of 5 minutes (54.4681ms)
[2026-03-22 17:03:48.129 DBG] ViewerRepo :: UpdatePresence(twitch, 5), 0.036ms
[2026-03-22 17:03:48.183 DBG] TwitchService :: Presence Timer :: Artificially updated presence with a threshold of 5 minutes (53.5951ms)
[2026-03-22 17:04:18.533 DBG] Credits :: Time to save 15.3239ms
[2026-03-22 17:04:48.137 DBG] ViewerRepo :: UpdatePresence(twitch, 5), 0.0347ms
[2026-03-22 17:04:48.189 DBG] TwitchService :: Presence Timer :: Artificially updated presence with a threshold of 5 minutes (52.4381ms)
[2026-03-22 17:05:48.145 DBG] ViewerRepo :: UpdatePresence(twitch, 5), 0.0349ms
[2026-03-22 17:05:48.198 DBG] TwitchService :: Presence Timer :: Artificially updated presence with a threshold of 5 minutes (54.3525ms)
[2026-03-22 17:06:36.534 DBG] AutoSave :: Auto saving settings...
[2026-03-22 17:06:36.556 DBG] Users :: Time to save 21.8615ms
[2026-03-22 17:06:36.582 DBG] Actions :: Time to save 26.8263ms
[2026-03-22 17:06:36.600 DBG] Commands :: Time to save 18.565ms
[2026-03-22 17:06:36.619 DBG] Twitch Rewards :: Time to save 18.7052ms
[2026-03-22 17:06:36.636 DBG] Midi :: Time to save 16.3644ms
[2026-03-22 17:06:36.652 DBG] OBS Settings :: Time to save 15.6733ms
[2026-03-22 17:06:36.667 DBG] MeldStudio Settings :: Time to save 15.7ms
[2026-03-22 17:06:36.683 DBG] Credits :: Time to save 15.9249ms
[2026-03-22 17:06:36.700 DBG] Quotes :: Time to save 17.1813ms
[2026-03-22 17:06:36.758 DBG] Config :: Time to save 19.5487ms
[2026-03-22 17:06:48.152 DBG] ViewerRepo :: UpdatePresence(twitch, 5), 0.0376ms
[2026-03-22 17:06:48.208 DBG] TwitchService :: Presence Timer :: Artificially updated presence with a threshold of 5 minutes (55.5384ms)
[2026-03-22 17:07:48.154 DBG] ViewerRepo :: UpdatePresence(twitch, 5), 0.0358ms
[2026-03-22 17:07:48.213 DBG] TwitchService :: Presence Timer :: Artificially updated presence with a threshold of 5 minutes (58.8139ms)
[2026-03-22 17:08:48.169 DBG] ViewerRepo :: UpdatePresence(twitch, 5), 0.0495ms
[2026-03-22 17:08:48.226 DBG] TwitchService :: Presence Timer :: Artificially updated presence with a threshold of 5 minutes (56.4125ms)
[2026-03-22 17:09:18.550 DBG] Credits :: Time to save 16.2593ms
[2026-03-22 17:09:48.174 DBG] ViewerRepo :: UpdatePresence(twitch, 5), 0.0344ms
[2026-03-22 17:09:48.231 DBG] TwitchService :: Presence Timer :: Artificially updated presence with a threshold of 5 minutes (56.1698ms)
[2026-03-22 17:10:48.180 DBG] ViewerRepo :: UpdatePresence(twitch, 5), 0.0349ms
[2026-03-22 17:10:48.235 DBG] TwitchService :: Presence Timer :: Artificially updated presence with a threshold of 5 minutes (55.6806ms)
[2026-03-22 17:11:36.791 DBG] AutoSave :: Auto saving settings...
[2026-03-22 17:11:36.809 DBG] Users :: Time to save 18.3841ms
[2026-03-22 17:11:36.831 DBG] Actions :: Time to save 21.7495ms
[2026-03-22 17:11:36.847 DBG] Commands :: Time to save 16.2292ms
[2026-03-22 17:11:36.864 DBG] Twitch Rewards :: Time to save 16.4176ms
[2026-03-22 17:11:36.878 DBG] Midi :: Time to save 14.5437ms
[2026-03-22 17:11:36.892 DBG] OBS Settings :: Time to save 14.4201ms
[2026-03-22 17:11:36.908 DBG] MeldStudio Settings :: Time to save 15.1005ms
[2026-03-22 17:11:36.922 DBG] Credits :: Time to save 14.6624ms
[2026-03-22 17:11:36.939 DBG] Quotes :: Time to save 16.527ms
[2026-03-22 17:11:37.026 DBG] Config :: Time to save 19.0351ms
[2026-03-22 17:11:48.183 DBG] ViewerRepo :: UpdatePresence(twitch, 5), 0.036ms
[2026-03-22 17:11:48.238 DBG] TwitchService :: Presence Timer :: Artificially updated presence with a threshold of 5 minutes (55.1202ms)
[2026-03-22 17:12:00.752 DBG] ActionDispatcher :: Queueing 'Sub Goal' (361aa588-5f31-4e19-b8a5-099cae52479d, TimedAction) to 'Default' (00000000-0000-0000-0000-000000000000), with 11 arguments
[2026-03-22 17:12:00.752 DBG] ActionQueue :: 'Default' (00000000-0000-0000-0000-000000000000) :: Enqueue action 361aa588-5f31-4e19-b8a5-099cae52479d
[2026-03-22 17:12:00.752 DBG] ActionQueue :: 'Default' (00000000-0000-0000-0000-000000000000) :: Handling queue
[2026-03-22 17:12:00.752 DBG] ActionQueue :: 'Default' (00000000-0000-0000-0000-000000000000) :: Performing non-blocking 'Sub Goal' (361aa588-5f31-4e19-b8a5-099cae52479d, 08e1f5c5-b1db-44bf-8cae-5547560ca169)
[2026-03-22 17:12:48.184 DBG] ViewerRepo :: UpdatePresence(twitch, 5), 0.0349ms
[2026-03-22 17:12:48.244 DBG] TwitchService :: Presence Timer :: Artificially updated presence with a threshold of 5 minutes (60.0374ms)
[2026-03-22 17:13:48.188 DBG] ViewerRepo :: UpdatePresence(twitch, 5), 0.0375ms
[2026-03-22 17:13:48.258 DBG] TwitchService :: Presence Timer :: Artificially updated presence with a threshold of 5 minutes (69.9727ms)
[2026-03-22 17:14:18.555 DBG] Credits :: Time to save 16.0935ms
[2026-03-22 17:14:48.190 DBG] ViewerRepo :: UpdatePresence(twitch, 5), 0.0364ms
[2026-03-22 17:14:48.245 DBG] TwitchService :: Presence Timer :: Artificially updated presence with a threshold of 5 minutes (55.3568ms)
[2026-03-22 17:15:48.198 DBG] ViewerRepo :: UpdatePresence(twitch, 5), 0.038ms
[2026-03-22 17:15:48.254 DBG] TwitchService :: Presence Timer :: Artificially updated presence with a threshold of 5 minutes (56.9433ms)
[2026-03-22 17:16:37.071 DBG] AutoSave :: Auto saving settings...
[2026-03-22 17:16:37.090 DBG] Users :: Time to save 19.5105ms
[2026-03-22 17:16:37.115 DBG] Actions :: Time to save 24.3472ms
[2026-03-22 17:16:37.133 DBG] Commands :: Time to save 18.0222ms
[2026-03-22 17:16:37.150 DBG] Twitch Rewards :: Time to save 17.1579ms
[2026-03-22 17:16:37.166 DBG] Midi :: Time to save 15.5115ms
[2026-03-22 17:16:37.181 DBG] OBS Settings :: Time to save 14.8413ms
[2026-03-22 17:16:37.192 DBG] MeldStudio Settings :: Time to save 11.1427ms
[2026-03-22 17:16:37.207 DBG] Credits :: Time to save 14.5794ms
[2026-03-22 17:16:37.224 DBG] Quotes :: Time to save 16.9809ms
[2026-03-22 17:16:37.293 DBG] Config :: Time to save 19.2186ms
[2026-03-22 17:16:48.205 DBG] ViewerRepo :: UpdatePresence(twitch, 5), 0.0382ms
[2026-03-22 17:16:48.258 DBG] TwitchService :: Presence Timer :: Artificially updated presence with a threshold of 5 minutes (53.4576ms)
[2026-03-22 17:17:48.211 DBG] ViewerRepo :: UpdatePresence(twitch, 5), 0.0377ms
[2026-03-22 17:17:48.270 DBG] TwitchService :: Presence Timer :: Artificially updated presence with a threshold of 5 minutes (60.1169ms)
[2026-03-22 17:18:48.219 DBG] ViewerRepo :: UpdatePresence(twitch, 5), 0.0351ms
[2026-03-22 17:18:48.278 DBG] TwitchService :: Presence Timer :: Artificially updated presence with a threshold of 5 minutes (60.4666ms)
[2026-03-22 17:19:18.561 DBG] Credits :: Time to save 16.9419ms
[2026-03-22 17:19:48.224 DBG] ViewerRepo :: UpdatePresence(twitch, 5), 0.0442ms
[2026-03-22 17:19:48.277 DBG] TwitchService :: Presence Timer :: Artificially updated presence with a threshold of 5 minutes (53.4438ms)
[2026-03-22 17:20:48.242 DBG] ViewerRepo :: UpdatePresence(twitch, 5), 0.0345ms
[2026-03-22 17:20:48.299 DBG] TwitchService :: Presence Timer :: Artificially updated presence with a threshold of 5 minutes (57.3766ms)
[2026-03-22 17:21:37.319 DBG] AutoSave :: Auto saving settings...
[2026-03-22 17:21:37.336 DBG] Users :: Time to save 17.1393ms
[2026-03-22 17:21:37.362 DBG] Actions :: Time to save 25.6469ms
[2026-03-22 17:21:37.379 DBG] Commands :: Time to save 17.0332ms
[2026-03-22 17:21:37.394 DBG] Twitch Rewards :: Time to save 15.7105ms
[2026-03-22 17:21:37.409 DBG] Midi :: Time to save 15.0761ms
[2026-03-22 17:21:37.426 DBG] OBS Settings :: Time to save 16.1155ms
[2026-03-22 17:21:37.440 DBG] MeldStudio Settings :: Time to save 14.0493ms
[2026-03-22 17:21:37.455 DBG] Credits :: Time to save 14.6458ms
[2026-03-22 17:21:37.473 DBG] Quotes :: Time to save 18.0944ms
[2026-03-22 17:21:37.542 DBG] Config :: Time to save 19.3675ms
[2026-03-22 17:21:48.248 DBG] ViewerRepo :: UpdatePresence(twitch, 5), 0.0496ms
[2026-03-22 17:21:48.304 DBG] TwitchService :: Presence Timer :: Artificially updated presence with a threshold of 5 minutes (56.0655ms)
[2026-03-22 17:22:01.480 DBG] ActionDispatcher :: Queueing 'Sub Goal' (361aa588-5f31-4e19-b8a5-099cae52479d, TimedAction) to 'Default' (00000000-0000-0000-0000-000000000000), with 11 arguments
[2026-03-22 17:22:01.480 DBG] ActionQueue :: 'Default' (00000000-0000-0000-0000-000000000000) :: Enqueue action 361aa588-5f31-4e19-b8a5-099cae52479d
[2026-03-22 17:22:01.480 DBG] ActionQueue :: 'Default' (00000000-0000-0000-0000-000000000000) :: Handling queue
[2026-03-22 17:22:01.480 DBG] ActionQueue :: 'Default' (00000000-0000-0000-0000-000000000000) :: Performing non-blocking 'Sub Goal' (361aa588-5f31-4e19-b8a5-099cae52479d, dde3caba-33f2-4850-92a9-2d1c566ba30f)
[2026-03-22 17:22:48.255 DBG] ViewerRepo :: UpdatePresence(twitch, 5), 0.0356ms
[2026-03-22 17:22:48.311 DBG] TwitchService :: Presence Timer :: Artificially updated presence with a threshold of 5 minutes (57.0327ms)
[2026-03-22 17:23:48.269 DBG] ViewerRepo :: UpdatePresence(twitch, 5), 0.0506ms
[2026-03-22 17:23:48.764 DBG] TwitchService :: Presence Timer :: Artificially updated presence with a threshold of 5 minutes (495.6282ms)
[2026-03-22 17:24:18.573 DBG] Credits :: Time to save 16.269ms
[2026-03-22 17:24:48.272 DBG] ViewerRepo :: UpdatePresence(twitch, 5), 0.0364ms
[2026-03-22 17:24:48.331 DBG] TwitchService :: Presence Timer :: Artificially updated presence with a threshold of 5 minutes (57.9837ms)
[2026-03-22 17:25:48.291 DBG] ViewerRepo :: UpdatePresence(twitch, 5), 0.0339ms
[2026-03-22 17:25:48.348 DBG] TwitchService :: Presence Timer :: Artificially updated presence with a threshold of 5 minutes (56.5634ms)
[2026-03-22 17:26:37.549 DBG] AutoSave :: Auto saving settings...
[2026-03-22 17:26:37.568 DBG] Users :: Time to save 18.678ms
[2026-03-22 17:26:37.592 DBG] Actions :: Time to save 24.2988ms
[2026-03-22 17:26:37.610 DBG] Commands :: Time to save 18.2249ms
[2026-03-22 17:26:37.623 DBG] Twitch Rewards :: Time to save 12.6823ms
[2026-03-22 17:26:37.638 DBG] Midi :: Time to save 14.7317ms
[2026-03-22 17:26:37.653 DBG] OBS Settings :: Time to save 15.3082ms
[2026-03-22 17:26:37.666 DBG] MeldStudio Settings :: Time to save 12.6579ms
[2026-03-22 17:26:37.680 DBG] Credits :: Time to save 14.3556ms
[2026-03-22 17:26:37.696 DBG] Quotes :: Time to save 16.7933ms
[2026-03-22 17:26:37.774 DBG] Config :: Time to save 20.1534ms
[2026-03-22 17:26:48.300 DBG] ViewerRepo :: UpdatePresence(twitch, 5), 0.0366ms
[2026-03-22 17:26:48.360 DBG] TwitchService :: Presence Timer :: Artificially updated presence with a threshold of 5 minutes (61.1889ms)
[2026-03-22 17:27:48.315 DBG] ViewerRepo :: UpdatePresence(twitch, 5), 0.0386ms
[2026-03-22 17:27:48.379 DBG] TwitchService :: Presence Timer :: Artificially updated presence with a threshold of 5 minutes (65.1317ms)
[2026-03-22 17:28:48.318 DBG] ViewerRepo :: UpdatePresence(twitch, 5), 0.0478ms
[2026-03-22 17:28:48.381 DBG] TwitchService :: Presence Timer :: Artificially updated presence with a threshold of 5 minutes (62.7829ms)
[2026-03-22 17:29:18.586 DBG] Credits :: Time to save 16.9313ms
[2026-03-22 17:29:48.328 DBG] ViewerRepo :: UpdatePresence(twitch, 5), 0.04ms
[2026-03-22 17:29:48.384 DBG] TwitchService :: Presence Timer :: Artificially updated presence with a threshold of 5 minutes (56.5027ms)
[2026-03-22 17:30:48.334 DBG] ViewerRepo :: UpdatePresence(twitch, 5), 0.0365ms
[2026-03-22 17:30:48.386 DBG] TwitchService :: Presence Timer :: Artificially updated presence with a threshold of 5 minutes (53.1072ms)
[2026-03-22 17:31:37.808 DBG] AutoSave :: Auto saving settings...
[2026-03-22 17:31:37.824 DBG] Users :: Time to save 16.4306ms
[2026-03-22 17:31:37.848 DBG] Actions :: Time to save 24.2574ms
[2026-03-22 17:31:37.865 DBG] Commands :: Time to save 16.953ms
[2026-03-22 17:31:37.883 DBG] Twitch Rewards :: Time to save 17.3409ms
[2026-03-22 17:31:37.898 DBG] Midi :: Time to save 14.8142ms
[2026-03-22 17:31:37.912 DBG] OBS Settings :: Time to save 14.9937ms
[2026-03-22 17:31:37.928 DBG] MeldStudio Settings :: Time to save 15.7828ms
[2026-03-22 17:31:37.943 DBG] Credits :: Time to save 14.3682ms
[2026-03-22 17:31:37.959 DBG] Quotes :: Time to save 16.2801ms
[2026-03-22 17:31:38.043 DBG] Config :: Time to save 18.4998ms
[2026-03-22 17:31:48.342 DBG] ViewerRepo :: UpdatePresence(twitch, 5), 0.0383ms
[2026-03-22 17:31:48.400 DBG] TwitchService :: Presence Timer :: Artificially updated presence with a threshold of 5 minutes (58.7917ms)
[2026-03-22 17:32:02.003 DBG] ActionDispatcher :: Queueing 'Sub Goal' (361aa588-5f31-4e19-b8a5-099cae52479d, TimedAction) to 'Default' (00000000-0000-0000-0000-000000000000), with 11 arguments
[2026-03-22 17:32:02.003 DBG] ActionQueue :: 'Default' (00000000-0000-0000-0000-000000000000) :: Enqueue action 361aa588-5f31-4e19-b8a5-099cae52479d
[2026-03-22 17:32:02.003 DBG] ActionQueue :: 'Default' (00000000-0000-0000-0000-000000000000) :: Handling queue
[2026-03-22 17:32:02.004 DBG] ActionQueue :: 'Default' (00000000-0000-0000-0000-000000000000) :: Performing non-blocking 'Sub Goal' (361aa588-5f31-4e19-b8a5-099cae52479d, e47380b1-81b1-4e4b-86af-b8a3619c21b3)
[2026-03-22 17:32:48.349 DBG] ViewerRepo :: UpdatePresence(twitch, 5), 0.0396ms
[2026-03-22 17:32:48.405 DBG] TwitchService :: Presence Timer :: Artificially updated presence with a threshold of 5 minutes (56.7295ms)
[2026-03-22 17:33:48.358 DBG] ViewerRepo :: UpdatePresence(twitch, 5), 0.0396ms
[2026-03-22 17:33:48.409 DBG] TwitchService :: Presence Timer :: Artificially updated presence with a threshold of 5 minutes (52.3943ms)
[2026-03-22 17:34:18.596 DBG] Credits :: Time to save 14.6811ms
[2026-03-22 17:34:48.365 DBG] ViewerRepo :: UpdatePresence(twitch, 5), 0.0377ms
[2026-03-22 17:34:48.422 DBG] TwitchService :: Presence Timer :: Artificially updated presence with a threshold of 5 minutes (56.8183ms)
[2026-03-22 17:35:48.375 DBG] ViewerRepo :: UpdatePresence(twitch, 5), 0.0366ms
[2026-03-22 17:35:48.430 DBG] TwitchService :: Presence Timer :: Artificially updated presence with a threshold of 5 minutes (54.8823ms)
[2026-03-22 17:36:38.053 DBG] AutoSave :: Auto saving settings...
[2026-03-22 17:36:38.074 DBG] Users :: Time to save 20.3689ms
[2026-03-22 17:36:38.097 DBG] Actions :: Time to save 23.4569ms
[2026-03-22 17:36:38.114 DBG] Commands :: Time to save 17.222ms
[2026-03-22 17:36:38.131 DBG] Twitch Rewards :: Time to save 17.0187ms
[2026-03-22 17:36:38.146 DBG] Midi :: Time to save 14.3949ms
[2026-03-22 17:36:38.162 DBG] OBS Settings :: Time to save 16.0371ms
[2026-03-22 17:36:38.178 DBG] MeldStudio Settings :: Time to save 15.8097ms
[2026-03-22 17:36:38.193 DBG] Credits :: Time to save 15.1347ms
[2026-03-22 17:36:38.209 DBG] Quotes :: Time to save 16.4525ms
[2026-03-22 17:36:38.276 DBG] Config :: Time to save 18.3207ms
[2026-03-22 17:36:48.388 DBG] ViewerRepo :: UpdatePresence(twitch, 5), 0.0397ms
[2026-03-22 17:36:48.446 DBG] TwitchService :: Presence Timer :: Artificially updated presence with a threshold of 5 minutes (58.7728ms)
[2026-03-22 17:37:48.389 DBG] ViewerRepo :: UpdatePresence(twitch, 5), 0.0344ms
[2026-03-22 17:37:48.445 DBG] TwitchService :: Presence Timer :: Artificially updated presence with a threshold of 5 minutes (55.9435ms)
[2026-03-22 17:38:48.403 DBG] ViewerRepo :: UpdatePresence(twitch, 5), 0.0365ms
[2026-03-22 17:38:48.459 DBG] TwitchService :: Presence Timer :: Artificially updated presence with a threshold of 5 minutes (56.0813ms)
[2026-03-22 17:39:18.609 DBG] Credits :: Time to save 17.4396ms
[2026-03-22 17:39:48.405 DBG] ViewerRepo :: UpdatePresence(twitch, 5), 0.0381ms
[2026-03-22 17:39:48.466 DBG] TwitchService :: Presence Timer :: Artificially updated presence with a threshold of 5 minutes (61.0086ms)
[2026-03-22 17:40:48.421 DBG] ViewerRepo :: UpdatePresence(twitch, 5), 0.0424ms
[2026-03-22 17:40:48.476 DBG] TwitchService :: Presence Timer :: Artificially updated presence with a threshold of 5 minutes (55.3158ms)
[2026-03-22 17:41:38.299 DBG] AutoSave :: Auto saving settings...
[2026-03-22 17:41:38.316 DBG] Users :: Time to save 19.1277ms
[2026-03-22 17:41:38.341 DBG] Actions :: Time to save 23.4491ms
[2026-03-22 17:41:38.359 DBG] Commands :: Time to save 17.2522ms
[2026-03-22 17:41:38.376 DBG] Twitch Rewards :: Time to save 16.9883ms
[2026-03-22 17:41:38.391 DBG] Midi :: Time to save 15.544ms
[2026-03-22 17:41:38.406 DBG] OBS Settings :: Time to save 15.8715ms
[2026-03-22 17:41:38.422 DBG] MeldStudio Settings :: Time to save 15.116ms
[2026-03-22 17:41:38.438 DBG] Credits :: Time to save 15.0757ms
[2026-03-22 17:41:38.455 DBG] Quotes :: Time to save 17.3457ms
[2026-03-22 17:41:38.518 DBG] Config :: Time to save 18.312ms
[2026-03-22 17:41:48.441 DBG] ViewerRepo :: UpdatePresence(twitch, 5), 0.0342ms
[2026-03-22 17:41:48.498 DBG] TwitchService :: Presence Timer :: Artificially updated presence with a threshold of 5 minutes (57.3784ms)
[2026-03-22 17:42:02.423 DBG] ActionDispatcher :: Queueing 'Sub Goal' (361aa588-5f31-4e19-b8a5-099cae52479d, TimedAction) to 'Default' (00000000-0000-0000-0000-000000000000), with 11 arguments
[2026-03-22 17:42:02.423 DBG] ActionQueue :: 'Default' (00000000-0000-0000-0000-000000000000) :: Enqueue action 361aa588-5f31-4e19-b8a5-099cae52479d
[2026-03-22 17:42:02.423 DBG] ActionQueue :: 'Default' (00000000-0000-0000-0000-000000000000) :: Handling queue
[2026-03-22 17:42:02.423 DBG] ActionQueue :: 'Default' (00000000-0000-0000-0000-000000000000) :: Performing non-blocking 'Sub Goal' (361aa588-5f31-4e19-b8a5-099cae52479d, 1a74547f-88b6-471a-8298-87977086e8e5)
[2026-03-22 17:42:48.448 DBG] ViewerRepo :: UpdatePresence(twitch, 5), 0.0391ms
[2026-03-22 17:42:48.506 DBG] TwitchService :: Presence Timer :: Artificially updated presence with a threshold of 5 minutes (58.2544ms)
[2026-03-22 17:43:48.460 DBG] ViewerRepo :: UpdatePresence(twitch, 5), 0.0484ms
[2026-03-22 17:43:48.516 DBG] TwitchService :: Presence Timer :: Artificially updated presence with a threshold of 5 minutes (55.8522ms)
[2026-03-22 17:44:18.620 DBG] Credits :: Time to save 17.0083ms
[2026-03-22 17:44:48.473 DBG] ViewerRepo :: UpdatePresence(twitch, 5), 0.0359ms
[2026-03-22 17:44:48.526 DBG] TwitchService :: Presence Timer :: Artificially updated presence with a threshold of 5 minutes (53.1116ms)
[2026-03-22 17:45:48.482 DBG] ViewerRepo :: UpdatePresence(twitch, 5), 0.0384ms
[2026-03-22 17:45:48.533 DBG] TwitchService :: Presence Timer :: Artificially updated presence with a threshold of 5 minutes (51.9388ms)
[2026-03-22 17:46:38.517 DBG] AutoSave :: Auto saving settings...
[2026-03-22 17:46:38.536 DBG] Users :: Time to save 19.5391ms
[2026-03-22 17:46:38.561 DBG] Actions :: Time to save 24.4126ms
[2026-03-22 17:46:38.578 DBG] Commands :: Time to save 17.271ms
[2026-03-22 17:46:38.596 DBG] Twitch Rewards :: Time to save 17.5647ms
[2026-03-22 17:46:38.610 DBG] Midi :: Time to save 14.3403ms
[2026-03-22 17:46:38.625 DBG] OBS Settings :: Time to save 15.0332ms
[2026-03-22 17:46:38.641 DBG] MeldStudio Settings :: Time to save 14.7236ms
[2026-03-22 17:46:38.652 DBG] Credits :: Time to save 11.5843ms
[2026-03-22 17:46:38.669 DBG] Quotes :: Time to save 16.5875ms
[2026-03-22 17:46:38.739 DBG] Config :: Time to save 18.8283ms
[2026-03-22 17:46:48.489 DBG] ViewerRepo :: UpdatePresence(twitch, 5), 0.0503ms
[2026-03-22 17:46:48.544 DBG] TwitchService :: Presence Timer :: Artificially updated presence with a threshold of 5 minutes (55.2588ms)
[2026-03-22 17:47:48.502 DBG] ViewerRepo :: UpdatePresence(twitch, 5), 0.0535ms
[2026-03-22 17:47:48.553 DBG] TwitchService :: Presence Timer :: Artificially updated presence with a threshold of 5 minutes (51.6555ms)
[2026-03-22 17:48:48.506 DBG] ViewerRepo :: UpdatePresence(twitch, 5), 0.0374ms
[2026-03-22 17:48:48.559 DBG] TwitchService :: Presence Timer :: Artificially updated presence with a threshold of 5 minutes (53.5955ms)
[2026-03-22 17:49:18.633 DBG] Credits :: Time to save 15.5698ms
[2026-03-22 17:49:48.511 DBG] ViewerRepo :: UpdatePresence(twitch, 5), 0.0373ms
[2026-03-22 17:49:48.566 DBG] TwitchService :: Presence Timer :: Artificially updated presence with a threshold of 5 minutes (55.3678ms)
[2026-03-22 17:50:48.514 DBG] ViewerRepo :: UpdatePresence(twitch, 5), 0.042ms
[2026-03-22 17:50:48.566 DBG] TwitchService :: Presence Timer :: Artificially updated presence with a threshold of 5 minutes (51.9142ms)
[2026-03-22 17:51:38.785 DBG] AutoSave :: Auto saving settings...
[2026-03-22 17:51:38.803 DBG] Users :: Time to save 18.1651ms
[2026-03-22 17:51:38.826 DBG] Actions :: Time to save 23.5102ms
[2026-03-22 17:51:38.844 DBG] Commands :: Time to save 16.947ms
[2026-03-22 17:51:38.861 DBG] Twitch Rewards :: Time to save 17.6033ms
[2026-03-22 17:51:38.875 DBG] Midi :: Time to save 14.0924ms
[2026-03-22 17:51:38.890 DBG] OBS Settings :: Time to save 15.3829ms
[2026-03-22 17:51:38.906 DBG] MeldStudio Settings :: Time to save 15.2037ms
[2026-03-22 17:51:38.920 DBG] Credits :: Time to save 14.1448ms
[2026-03-22 17:51:38.939 DBG] Quotes :: Time to save 18.9055ms
[2026-03-22 17:51:39.005 DBG] Config :: Time to save 18.1869ms
[2026-03-22 17:51:48.520 DBG] ViewerRepo :: UpdatePresence(twitch, 5), 0.0425ms
[2026-03-22 17:51:48.575 DBG] TwitchService :: Presence Timer :: Artificially updated presence with a threshold of 5 minutes (55.2817ms)
[2026-03-22 17:52:03.274 DBG] ActionDispatcher :: Queueing 'Sub Goal' (361aa588-5f31-4e19-b8a5-099cae52479d, TimedAction) to 'Default' (00000000-0000-0000-0000-000000000000), with 11 arguments
[2026-03-22 17:52:03.274 DBG] ActionQueue :: 'Default' (00000000-0000-0000-0000-000000000000) :: Enqueue action 361aa588-5f31-4e19-b8a5-099cae52479d
[2026-03-22 17:52:03.274 DBG] ActionQueue :: 'Default' (00000000-0000-0000-0000-000000000000) :: Handling queue
[2026-03-22 17:52:03.274 DBG] ActionQueue :: 'Default' (00000000-0000-0000-0000-000000000000) :: Performing non-blocking 'Sub Goal' (361aa588-5f31-4e19-b8a5-099cae52479d, a20d02a3-c16f-4c9e-af2e-7dbfabb4a181)
[2026-03-22 17:52:48.536 DBG] ViewerRepo :: UpdatePresence(twitch, 5), 0.035ms
[2026-03-22 17:52:48.590 DBG] TwitchService :: Presence Timer :: Artificially updated presence with a threshold of 5 minutes (54.1301ms)
[2026-03-22 17:53:48.544 DBG] ViewerRepo :: UpdatePresence(twitch, 5), 0.0363ms
[2026-03-22 17:53:48.601 DBG] TwitchService :: Presence Timer :: Artificially updated presence with a threshold of 5 minutes (57.5136ms)
[2026-03-22 17:54:18.640 DBG] Credits :: Time to save 17.402ms
[2026-03-22 17:54:48.546 DBG] ViewerRepo :: UpdatePresence(twitch, 5), 0.0392ms
[2026-03-22 17:54:48.604 DBG] TwitchService :: Presence Timer :: Artificially updated presence with a threshold of 5 minutes (57.8838ms)
[2026-03-22 17:55:48.554 DBG] ViewerRepo :: UpdatePresence(twitch, 5), 0.0373ms
[2026-03-22 17:55:48.609 DBG] TwitchService :: Presence Timer :: Artificially updated presence with a threshold of 5 minutes (55.0485ms)
[2026-03-22 17:56:39.033 DBG] AutoSave :: Auto saving settings...
[2026-03-22 17:56:39.054 DBG] Users :: Time to save 21.0429ms
[2026-03-22 17:56:39.079 DBG] Actions :: Time to save 24.3971ms
[2026-03-22 17:56:39.098 DBG] Commands :: Time to save 19.2206ms
[2026-03-22 17:56:39.114 DBG] Twitch Rewards :: Time to save 16.4875ms
[2026-03-22 17:56:39.129 DBG] Midi :: Time to save 14.6058ms
[2026-03-22 17:56:39.146 DBG] OBS Settings :: Time to save 16.8215ms
[2026-03-22 17:56:39.160 DBG] MeldStudio Settings :: Time to save 13.8277ms
[2026-03-22 17:56:39.174 DBG] Credits :: Time to save 13.8775ms
[2026-03-22 17:56:39.190 DBG] Quotes :: Time to save 16.1782ms
[2026-03-22 17:56:39.255 DBG] Config :: Time to save 19.8536ms
[2026-03-22 17:56:48.567 DBG] ViewerRepo :: UpdatePresence(twitch, 5), 0.0624ms
[2026-03-22 17:56:48.626 DBG] TwitchService :: Presence Timer :: Artificially updated presence with a threshold of 5 minutes (58.1717ms)
[2026-03-22 17:57:48.577 DBG] ViewerRepo :: UpdatePresence(twitch, 5), 0.0498ms
[2026-03-22 17:57:48.633 DBG] TwitchService :: Presence Timer :: Artificially updated presence with a threshold of 5 minutes (55.8682ms)
[2026-03-22 17:58:48.591 DBG] ViewerRepo :: UpdatePresence(twitch, 5), 0.0362ms
[2026-03-22 17:58:48.648 DBG] TwitchService :: Presence Timer :: Artificially updated presence with a threshold of 5 minutes (57.9945ms)
[2026-03-22 17:59:18.640 DBG] Credits :: Time to save 15.2183ms
[2026-03-22 17:59:48.600 DBG] ViewerRepo :: UpdatePresence(twitch, 5), 0.0369ms
[2026-03-22 17:59:48.655 DBG] TwitchService :: Presence Timer :: Artificially updated presence with a threshold of 5 minutes (55.7529ms)
[2026-03-22 18:00:48.615 DBG] ViewerRepo :: UpdatePresence(twitch, 5), 0.0382ms
[2026-03-22 18:00:48.673 DBG] TwitchService :: Presence Timer :: Artificially updated presence with a threshold of 5 minutes (58.4508ms)
[2026-03-22 18:01:39.294 DBG] AutoSave :: Auto saving settings...
[2026-03-22 18:01:39.313 DBG] Users :: Time to save 19.3912ms
[2026-03-22 18:01:39.337 DBG] Actions :: Time to save 24.2879ms
[2026-03-22 18:01:39.353 DBG] Commands :: Time to save 15.4293ms
[2026-03-22 18:01:39.370 DBG] Twitch Rewards :: Time to save 16.9205ms
[2026-03-22 18:01:39.385 DBG] Midi :: Time to save 15.1214ms
[2026-03-22 18:01:39.401 DBG] OBS Settings :: Time to save 16.0317ms
[2026-03-22 18:01:39.414 DBG] MeldStudio Settings :: Time to save 12.7274ms
[2026-03-22 18:01:39.429 DBG] Credits :: Time to save 14.9548ms
[2026-03-22 18:01:39.445 DBG] Quotes :: Time to save 16.3401ms
[2026-03-22 18:01:39.515 DBG] Config :: Time to save 18.8062ms
[2026-03-22 18:01:48.626 DBG] ViewerRepo :: UpdatePresence(twitch, 5), 0.0462ms
[2026-03-22 18:01:48.679 DBG] TwitchService :: Presence Timer :: Artificially updated presence with a threshold of 5 minutes (53.2838ms)
[2026-03-22 18:02:03.868 DBG] ActionDispatcher :: Queueing 'Sub Goal' (361aa588-5f31-4e19-b8a5-099cae52479d, TimedAction) to 'Default' (00000000-0000-0000-0000-000000000000), with 11 arguments
[2026-03-22 18:02:03.868 DBG] ActionQueue :: 'Default' (00000000-0000-0000-0000-000000000000) :: Enqueue action 361aa588-5f31-4e19-b8a5-099cae52479d
[2026-03-22 18:02:03.868 DBG] ActionQueue :: 'Default' (00000000-0000-0000-0000-000000000000) :: Handling queue
[2026-03-22 18:02:03.868 DBG] ActionQueue :: 'Default' (00000000-0000-0000-0000-000000000000) :: Performing non-blocking 'Sub Goal' (361aa588-5f31-4e19-b8a5-099cae52479d, 1f07e53f-3274-4648-a33e-e9729f409449)
[2026-03-22 18:02:48.641 DBG] ViewerRepo :: UpdatePresence(twitch, 5), 0.0347ms
[2026-03-22 18:02:48.699 DBG] TwitchService :: Presence Timer :: Artificially updated presence with a threshold of 5 minutes (57.516ms)
[2026-03-22 18:03:48.646 DBG] ViewerRepo :: UpdatePresence(twitch, 5), 0.0401ms
[2026-03-22 18:03:48.700 DBG] TwitchService :: Presence Timer :: Artificially updated presence with a threshold of 5 minutes (53.2272ms)
[2026-03-22 18:04:18.653 DBG] Credits :: Time to save 17.5238ms
[2026-03-22 18:04:48.657 DBG] ViewerRepo :: UpdatePresence(twitch, 5), 0.0403ms
[2026-03-22 18:04:48.713 DBG] TwitchService :: Presence Timer :: Artificially updated presence with a threshold of 5 minutes (56.8816ms)
[2026-03-22 18:05:48.668 DBG] ViewerRepo :: UpdatePresence(twitch, 5), 0.036ms
[2026-03-22 18:05:48.726 DBG] TwitchService :: Presence Timer :: Artificially updated presence with a threshold of 5 minutes (57.4142ms)
[2026-03-22 18:06:39.562 DBG] AutoSave :: Auto saving settings...
[2026-03-22 18:06:39.582 DBG] Users :: Time to save 20.1691ms
[2026-03-22 18:06:39.605 DBG] Actions :: Time to save 23.3165ms
[2026-03-22 18:06:39.624 DBG] Commands :: Time to save 18.4038ms
[2026-03-22 18:06:39.641 DBG] Twitch Rewards :: Time to save 17.3458ms
[2026-03-22 18:06:39.656 DBG] Midi :: Time to save 14.3697ms
[2026-03-22 18:06:39.670 DBG] OBS Settings :: Time to save 14.0525ms
[2026-03-22 18:06:39.684 DBG] MeldStudio Settings :: Time to save 13.9009ms
[2026-03-22 18:06:39.698 DBG] Credits :: Time to save 14.2287ms
[2026-03-22 18:06:39.714 DBG] Quotes :: Time to save 16.3796ms
[2026-03-22 18:06:39.785 DBG] Config :: Time to save 19.8761ms
[2026-03-22 18:06:48.696 DBG] ViewerRepo :: UpdatePresence(twitch, 5), 0.0359ms
[2026-03-22 18:06:48.753 DBG] TwitchService :: Presence Timer :: Artificially updated presence with a threshold of 5 minutes (57.5827ms)
[2026-03-22 18:07:48.701 DBG] ViewerRepo :: UpdatePresence(twitch, 5), 0.0571ms
[2026-03-22 18:07:48.758 DBG] TwitchService :: Presence Timer :: Artificially updated presence with a threshold of 5 minutes (57.0691ms)
[2026-03-22 18:08:48.705 DBG] ViewerRepo :: UpdatePresence(twitch, 5), 0.0492ms
[2026-03-22 18:08:48.763 DBG] TwitchService :: Presence Timer :: Artificially updated presence with a threshold of 5 minutes (58.9624ms)
[2026-03-22 18:09:18.659 DBG] Credits :: Time to save 13.9559ms
[2026-03-22 18:09:48.711 DBG] ViewerRepo :: UpdatePresence(twitch, 5), 0.0352ms
[2026-03-22 18:09:48.765 DBG] TwitchService :: Presence Timer :: Artificially updated presence with a threshold of 5 minutes (54.5163ms)
[2026-03-22 18:10:48.721 DBG] ViewerRepo :: UpdatePresence(twitch, 5), 0.0455ms
[2026-03-22 18:10:48.777 DBG] TwitchService :: Presence Timer :: Artificially updated presence with a threshold of 5 minutes (57.4213ms)
[2026-03-22 18:11:39.817 DBG] AutoSave :: Auto saving settings...
[2026-03-22 18:11:39.837 DBG] Users :: Time to save 19.9225ms
[2026-03-22 18:11:39.864 DBG] Actions :: Time to save 26.5232ms
[2026-03-22 18:11:39.881 DBG] Commands :: Time to save 17.5117ms
[2026-03-22 18:11:39.898 DBG] Twitch Rewards :: Time to save 17.3042ms
[2026-03-22 18:11:39.913 DBG] Midi :: Time to save 14.918ms
[2026-03-22 18:11:39.930 DBG] OBS Settings :: Time to save 16.5282ms
[2026-03-22 18:11:39.946 DBG] MeldStudio Settings :: Time to save 15.6992ms
[2026-03-22 18:11:39.961 DBG] Credits :: Time to save 15.6189ms
[2026-03-22 18:11:39.980 DBG] Quotes :: Time to save 18.26ms
[2026-03-22 18:11:40.052 DBG] Config :: Time to save 19.2184ms
[2026-03-22 18:11:48.727 DBG] ViewerRepo :: UpdatePresence(twitch, 5), 0.0371ms
[2026-03-22 18:11:48.784 DBG] TwitchService :: Presence Timer :: Artificially updated presence with a threshold of 5 minutes (56.8817ms)
[2026-03-22 18:12:04.730 DBG] ActionDispatcher :: Queueing 'Sub Goal' (361aa588-5f31-4e19-b8a5-099cae52479d, TimedAction) to 'Default' (00000000-0000-0000-0000-000000000000), with 11 arguments
[2026-03-22 18:12:04.730 DBG] ActionQueue :: 'Default' (00000000-0000-0000-0000-000000000000) :: Enqueue action 361aa588-5f31-4e19-b8a5-099cae52479d
[2026-03-22 18:12:04.730 DBG] ActionQueue :: 'Default' (00000000-0000-0000-0000-000000000000) :: Handling queue
[2026-03-22 18:12:04.730 DBG] ActionQueue :: 'Default' (00000000-0000-0000-0000-000000000000) :: Performing non-blocking 'Sub Goal' (361aa588-5f31-4e19-b8a5-099cae52479d, 329ca708-7be1-4aa8-b876-648724273e4c)
[2026-03-22 18:12:48.741 DBG] ViewerRepo :: UpdatePresence(twitch, 5), 0.0393ms
[2026-03-22 18:12:48.794 DBG] TwitchService :: Presence Timer :: Artificially updated presence with a threshold of 5 minutes (53.7877ms)
[2026-03-22 18:13:48.746 DBG] ViewerRepo :: UpdatePresence(twitch, 5), 0.0369ms
[2026-03-22 18:13:48.806 DBG] TwitchService :: Presence Timer :: Artificially updated presence with a threshold of 5 minutes (60.8765ms)
[2026-03-22 18:14:18.675 DBG] Credits :: Time to save 17.6021ms
[2026-03-22 18:14:48.751 DBG] ViewerRepo :: UpdatePresence(twitch, 5), 0.0354ms
[2026-03-22 18:14:48.808 DBG] TwitchService :: Presence Timer :: Artificially updated presence with a threshold of 5 minutes (56.1502ms)
[2026-03-22 18:15:48.755 DBG] ViewerRepo :: UpdatePresence(twitch, 5), 0.0363ms
[2026-03-22 18:15:48.810 DBG] TwitchService :: Presence Timer :: Artificially updated presence with a threshold of 5 minutes (56.0997ms)
[2026-03-22 18:16:40.060 DBG] AutoSave :: Auto saving settings...
[2026-03-22 18:16:40.080 DBG] Users :: Time to save 20.0134ms
[2026-03-22 18:16:40.106 DBG] Actions :: Time to save 24.9317ms
[2026-03-22 18:16:40.124 DBG] Commands :: Time to save 18.6626ms
[2026-03-22 18:16:40.142 DBG] Twitch Rewards :: Time to save 17.4685ms
[2026-03-22 18:16:40.155 DBG] Midi :: Time to save 14.7356ms
[2026-03-22 18:16:40.172 DBG] OBS Settings :: Time to save 15.1582ms
[2026-03-22 18:16:40.186 DBG] MeldStudio Settings :: Time to save 15.0337ms
[2026-03-22 18:16:40.203 DBG] Credits :: Time to save 15.6405ms
[2026-03-22 18:16:40.221 DBG] Quotes :: Time to save 18.3254ms
[2026-03-22 18:16:40.282 DBG] Config :: Time to save 19.8321ms
[2026-03-22 18:16:48.770 DBG] ViewerRepo :: UpdatePresence(twitch, 5), 0.0359ms
[2026-03-22 18:16:48.825 DBG] TwitchService :: Presence Timer :: Artificially updated presence with a threshold of 5 minutes (54.6718ms)
[2026-03-22 18:17:48.783 DBG] ViewerRepo :: UpdatePresence(twitch, 5), 0.0354ms
[2026-03-22 18:17:48.841 DBG] TwitchService :: Presence Timer :: Artificially updated presence with a threshold of 5 minutes (58.5769ms)
[2026-03-22 18:18:48.785 DBG] ViewerRepo :: UpdatePresence(twitch, 5), 0.0354ms
[2026-03-22 18:18:48.843 DBG] TwitchService :: Presence Timer :: Artificially updated presence with a threshold of 5 minutes (57.7505ms)
[2026-03-22 18:19:18.689 DBG] Credits :: Time to save 17.7096ms
[2026-03-22 18:19:48.797 DBG] ViewerRepo :: UpdatePresence(twitch, 5), 0.0693ms
[2026-03-22 18:19:48.853 DBG] TwitchService :: Presence Timer :: Artificially updated presence with a threshold of 5 minutes (55.9661ms)
[2026-03-22 18:20:48.810 DBG] ViewerRepo :: UpdatePresence(twitch, 5), 0.0409ms
[2026-03-22 18:20:48.864 DBG] TwitchService :: Presence Timer :: Artificially updated presence with a threshold of 5 minutes (54.4715ms)
[2026-03-22 18:21:40.287 DBG] AutoSave :: Auto saving settings...
[2026-03-22 18:21:40.305 DBG] Users :: Time to save 19.0177ms
[2026-03-22 18:21:40.330 DBG] Actions :: Time to save 23.9576ms
[2026-03-22 18:21:40.347 DBG] Commands :: Time to save 16.6466ms
[2026-03-22 18:21:40.364 DBG] Twitch Rewards :: Time to save 17.3282ms
[2026-03-22 18:21:40.378 DBG] Midi :: Time to save 14.2051ms
[2026-03-22 18:21:40.393 DBG] OBS Settings :: Time to save 14.9676ms
[2026-03-22 18:21:40.408 DBG] MeldStudio Settings :: Time to save 15.0715ms
[2026-03-22 18:21:40.423 DBG] Credits :: Time to save 14.6059ms
[2026-03-22 18:21:40.439 DBG] Quotes :: Time to save 16.1178ms
[2026-03-22 18:21:40.511 DBG] Config :: Time to save 19.1548ms
[2026-03-22 18:21:48.814 DBG] ViewerRepo :: UpdatePresence(twitch, 5), 0.0361ms
[2026-03-22 18:21:48.868 DBG] TwitchService :: Presence Timer :: Artificially updated presence with a threshold of 5 minutes (54.0557ms)
[2026-03-22 18:22:05.588 DBG] ActionDispatcher :: Queueing 'Sub Goal' (361aa588-5f31-4e19-b8a5-099cae52479d, TimedAction) to 'Default' (00000000-0000-0000-0000-000000000000), with 11 arguments
[2026-03-22 18:22:05.588 DBG] ActionQueue :: 'Default' (00000000-0000-0000-0000-000000000000) :: Enqueue action 361aa588-5f31-4e19-b8a5-099cae52479d
[2026-03-22 18:22:05.588 DBG] ActionQueue :: 'Default' (00000000-0000-0000-0000-000000000000) :: Handling queue
[2026-03-22 18:22:05.588 DBG] ActionQueue :: 'Default' (00000000-0000-0000-0000-000000000000) :: Performing non-blocking 'Sub Goal' (361aa588-5f31-4e19-b8a5-099cae52479d, 83069c62-4466-4ea1-b3a2-16da1d637390)
[2026-03-22 18:22:48.823 DBG] ViewerRepo :: UpdatePresence(twitch, 5), 0.0357ms
[2026-03-22 18:22:48.882 DBG] TwitchService :: Presence Timer :: Artificially updated presence with a threshold of 5 minutes (58.7322ms)
[2026-03-22 18:23:48.832 DBG] ViewerRepo :: UpdatePresence(twitch, 5), 0.0498ms
[2026-03-22 18:23:49.323 DBG] TwitchService :: Presence Timer :: Artificially updated presence with a threshold of 5 minutes (491.6427ms)
[2026-03-22 18:24:18.690 DBG] Credits :: Time to save 17.8177ms
[2026-03-22 18:24:48.854 DBG] ViewerRepo :: UpdatePresence(twitch, 5), 0.0418ms
[2026-03-22 18:24:48.909 DBG] TwitchService :: Presence Timer :: Artificially updated presence with a threshold of 5 minutes (55.5951ms)
[2026-03-22 18:25:48.861 DBG] ViewerRepo :: UpdatePresence(twitch, 5), 0.0406ms
[2026-03-22 18:25:48.914 DBG] TwitchService :: Presence Timer :: Artificially updated presence with a threshold of 5 minutes (53.3646ms)
[2026-03-22 18:26:40.547 DBG] AutoSave :: Auto saving settings...
[2026-03-22 18:26:40.567 DBG] Users :: Time to save 20.1676ms
[2026-03-22 18:26:40.591 DBG] Actions :: Time to save 23.7398ms
[2026-03-22 18:26:40.609 DBG] Commands :: Time to save 17.7399ms
[2026-03-22 18:26:40.626 DBG] Twitch Rewards :: Time to save 16.9992ms
[2026-03-22 18:26:40.641 DBG] Midi :: Time to save 15.3499ms
[2026-03-22 18:26:40.657 DBG] OBS Settings :: Time to save 14.9559ms
[2026-03-22 18:26:40.671 DBG] MeldStudio Settings :: Time to save 15.1765ms
[2026-03-22 18:26:40.683 DBG] Credits :: Time to save 11.6037ms
[2026-03-22 18:26:40.700 DBG] Quotes :: Time to save 16.7012ms
[2026-03-22 18:26:40.771 DBG] Config :: Time to save 18.6675ms
[2026-03-22 18:26:48.863 DBG] ViewerRepo :: UpdatePresence(twitch, 5), 0.037ms
[2026-03-22 18:26:48.920 DBG] TwitchService :: Presence Timer :: Artificially updated presence with a threshold of 5 minutes (56.5281ms)
[2026-03-22 18:27:48.877 DBG] ViewerRepo :: UpdatePresence(twitch, 5), 0.0364ms
[2026-03-22 18:27:48.932 DBG] TwitchService :: Presence Timer :: Artificially updated presence with a threshold of 5 minutes (55.422ms)
[2026-03-22 18:28:48.887 DBG] ViewerRepo :: UpdatePresence(twitch, 5), 0.0378ms
[2026-03-22 18:28:48.938 DBG] TwitchService :: Presence Timer :: Artificially updated presence with a threshold of 5 minutes (51.4516ms)
[2026-03-22 18:29:18.695 DBG] Credits :: Time to save 16.8822ms
[2026-03-22 18:29:48.901 DBG] ViewerRepo :: UpdatePresence(twitch, 5), 0.0629ms
[2026-03-22 18:29:48.957 DBG] TwitchService :: Presence Timer :: Artificially updated presence with a threshold of 5 minutes (56.1886ms)
[2026-03-22 18:30:48.904 DBG] ViewerRepo :: UpdatePresence(twitch, 5), 0.0724ms
[2026-03-22 18:30:48.960 DBG] TwitchService :: Presence Timer :: Artificially updated presence with a threshold of 5 minutes (56.0711ms)
[2026-03-22 18:31:40.793 DBG] AutoSave :: Auto saving settings...
[2026-03-22 18:31:40.813 DBG] Users :: Time to save 20.3725ms
[2026-03-22 18:31:40.837 DBG] Actions :: Time to save 23.701ms
[2026-03-22 18:31:40.854 DBG] Commands :: Time to save 17.384ms
[2026-03-22 18:31:40.872 DBG] Twitch Rewards :: Time to save 17.6529ms
[2026-03-22 18:31:40.885 DBG] Midi :: Time to save 14.2442ms
[2026-03-22 18:31:40.901 DBG] OBS Settings :: Time to save 14.9269ms
[2026-03-22 18:31:40.911 DBG] MeldStudio Settings :: Time to save 10.6981ms
[2026-03-22 18:31:40.927 DBG] Credits :: Time to save 15.1754ms
[2026-03-22 18:31:40.943 DBG] Quotes :: Time to save 16.0904ms
[2026-03-22 18:31:41.013 DBG] Config :: Time to save 18.1329ms
[2026-03-22 18:31:48.921 DBG] ViewerRepo :: UpdatePresence(twitch, 5), 0.0363ms
[2026-03-22 18:31:48.975 DBG] TwitchService :: Presence Timer :: Artificially updated presence with a threshold of 5 minutes (54.1917ms)
[2026-03-22 18:32:06.199 DBG] ActionDispatcher :: Queueing 'Sub Goal' (361aa588-5f31-4e19-b8a5-099cae52479d, TimedAction) to 'Default' (00000000-0000-0000-0000-000000000000), with 11 arguments
[2026-03-22 18:32:06.199 DBG] ActionQueue :: 'Default' (00000000-0000-0000-0000-000000000000) :: Enqueue action 361aa588-5f31-4e19-b8a5-099cae52479d
[2026-03-22 18:32:06.199 DBG] ActionQueue :: 'Default' (00000000-0000-0000-0000-000000000000) :: Handling queue
[2026-03-22 18:32:06.199 DBG] ActionQueue :: 'Default' (00000000-0000-0000-0000-000000000000) :: Performing non-blocking 'Sub Goal' (361aa588-5f31-4e19-b8a5-099cae52479d, 88b4fc46-7da0-4f43-a61f-25f0a5b9374e)
[2026-03-22 18:32:48.931 DBG] ViewerRepo :: UpdatePresence(twitch, 5), 0.0375ms
[2026-03-22 18:32:48.985 DBG] TwitchService :: Presence Timer :: Artificially updated presence with a threshold of 5 minutes (54.3891ms)
[2026-03-22 18:33:48.943 DBG] ViewerRepo :: UpdatePresence(twitch, 5), 0.0368ms
[2026-03-22 18:33:48.999 DBG] TwitchService :: Presence Timer :: Artificially updated presence with a threshold of 5 minutes (55.8757ms)
[2026-03-22 18:34:18.700 DBG] Credits :: Time to save 15.3603ms
[2026-03-22 18:34:48.957 DBG] ViewerRepo :: UpdatePresence(twitch, 5), 0.0364ms
[2026-03-22 18:34:49.011 DBG] TwitchService :: Presence Timer :: Artificially updated presence with a threshold of 5 minutes (53.8397ms)
[2026-03-22 18:35:48.972 DBG] ViewerRepo :: UpdatePresence(twitch, 5), 0.0427ms
[2026-03-22 18:35:49.029 DBG] TwitchService :: Presence Timer :: Artificially updated presence with a threshold of 5 minutes (57.9792ms)
[2026-03-22 18:36:41.052 DBG] AutoSave :: Auto saving settings...
[2026-03-22 18:36:41.072 DBG] Users :: Time to save 20.1907ms
[2026-03-22 18:36:41.096 DBG] Actions :: Time to save 24.1772ms
[2026-03-22 18:36:41.113 DBG] Commands :: Time to save 16.6313ms
[2026-03-22 18:36:41.129 DBG] Twitch Rewards :: Time to save 16.3698ms
[2026-03-22 18:36:41.144 DBG] Midi :: Time to save 14.4995ms
[2026-03-22 18:36:41.159 DBG] OBS Settings :: Time to save 15.157ms
[2026-03-22 18:36:41.174 DBG] MeldStudio Settings :: Time to save 14.9681ms
[2026-03-22 18:36:41.190 DBG] Credits :: Time to save 15.0163ms
[2026-03-22 18:36:41.205 DBG] Quotes :: Time to save 16.8354ms
[2026-03-22 18:36:41.271 DBG] Config :: Time to save 17.8012ms
[2026-03-22 18:36:48.974 DBG] ViewerRepo :: UpdatePresence(twitch, 5), 0.0366ms
[2026-03-22 18:36:49.027 DBG] TwitchService :: Presence Timer :: Artificially updated presence with a threshold of 5 minutes (53.3259ms)
[2026-03-22 18:37:48.994 DBG] ViewerRepo :: UpdatePresence(twitch, 5), 0.0364ms
[2026-03-22 18:37:49.051 DBG] TwitchService :: Presence Timer :: Artificially updated presence with a threshold of 5 minutes (58.0352ms)
[2026-03-22 18:38:49.000 DBG] ViewerRepo :: UpdatePresence(twitch, 5), 0.0352ms
[2026-03-22 18:38:49.058 DBG] TwitchService :: Presence Timer :: Artificially updated presence with a threshold of 5 minutes (58.0292ms)
[2026-03-22 18:39:18.708 DBG] Credits :: Time to save 18.2652ms
[2026-03-22 18:39:49.012 DBG] ViewerRepo :: UpdatePresence(twitch, 5), 0.0397ms
[2026-03-22 18:39:49.071 DBG] TwitchService :: Presence Timer :: Artificially updated presence with a threshold of 5 minutes (59.3426ms)
[2026-03-22 18:40:49.015 DBG] ViewerRepo :: UpdatePresence(twitch, 5), 0.0355ms
[2026-03-22 18:40:49.079 DBG] TwitchService :: Presence Timer :: Artificially updated presence with a threshold of 5 minutes (64.6934ms)
[2026-03-22 18:41:41.316 DBG] AutoSave :: Auto saving settings...
[2026-03-22 18:41:41.335 DBG] Users :: Time to save 19.3265ms
[2026-03-22 18:41:41.358 DBG] Actions :: Time to save 22.8494ms
[2026-03-22 18:41:41.373 DBG] Commands :: Time to save 14.3428ms
[2026-03-22 18:41:41.390 DBG] Twitch Rewards :: Time to save 16.7911ms
[2026-03-22 18:41:41.404 DBG] Midi :: Time to save 14.6844ms
[2026-03-22 18:41:41.420 DBG] OBS Settings :: Time to save 15.3811ms
[2026-03-22 18:41:41.435 DBG] MeldStudio Settings :: Time to save 15.6335ms
[2026-03-22 18:41:41.447 DBG] Credits :: Time to save 10.7655ms
[2026-03-22 18:41:41.463 DBG] Quotes :: Time to save 16.7004ms
[2026-03-22 18:41:41.537 DBG] Config :: Time to save 18.0065ms
[2026-03-22 18:41:49.019 DBG] ViewerRepo :: UpdatePresence(twitch, 5), 0.04ms
[2026-03-22 18:41:49.072 DBG] TwitchService :: Presence Timer :: Artificially updated presence with a threshold of 5 minutes (53.2154ms)
[2026-03-22 18:42:06.798 DBG] ActionDispatcher :: Queueing 'Sub Goal' (361aa588-5f31-4e19-b8a5-099cae52479d, TimedAction) to 'Default' (00000000-0000-0000-0000-000000000000), with 11 arguments
[2026-03-22 18:42:06.798 DBG] ActionQueue :: 'Default' (00000000-0000-0000-0000-000000000000) :: Enqueue action 361aa588-5f31-4e19-b8a5-099cae52479d
[2026-03-22 18:42:06.798 DBG] ActionQueue :: 'Default' (00000000-0000-0000-0000-000000000000) :: Handling queue
[2026-03-22 18:42:06.798 DBG] ActionQueue :: 'Default' (00000000-0000-0000-0000-000000000000) :: Performing non-blocking 'Sub Goal' (361aa588-5f31-4e19-b8a5-099cae52479d, ddf507a1-307a-47cf-ac6d-04769b31cbd5)
[2026-03-22 18:42:49.035 DBG] ViewerRepo :: UpdatePresence(twitch, 5), 0.0395ms
[2026-03-22 18:42:49.085 DBG] TwitchService :: Presence Timer :: Artificially updated presence with a threshold of 5 minutes (50.3064ms)
[2026-03-22 18:43:49.050 DBG] ViewerRepo :: UpdatePresence(twitch, 5), 0.0357ms
[2026-03-22 18:43:49.104 DBG] TwitchService :: Presence Timer :: Artificially updated presence with a threshold of 5 minutes (54.0497ms)
[2026-03-22 18:44:18.722 DBG] Credits :: Time to save 18.1173ms
[2026-03-22 18:44:49.065 DBG] ViewerRepo :: UpdatePresence(twitch, 5), 0.0367ms
[2026-03-22 18:44:49.123 DBG] TwitchService :: Presence Timer :: Artificially updated presence with a threshold of 5 minutes (57.743ms)
[2026-03-22 18:45:49.072 DBG] ViewerRepo :: UpdatePresence(twitch, 5), 0.046ms
[2026-03-22 18:45:49.125 DBG] TwitchService :: Presence Timer :: Artificially updated presence with a threshold of 5 minutes (54.3041ms)
[2026-03-22 18:46:41.559 DBG] AutoSave :: Auto saving settings...
[2026-03-22 18:46:41.579 DBG] Users :: Time to save 19.5297ms
[2026-03-22 18:46:41.604 DBG] Actions :: Time to save 25.2986ms
[2026-03-22 18:46:41.621 DBG] Commands :: Time to save 17.267ms
[2026-03-22 18:46:41.638 DBG] Twitch Rewards :: Time to save 16.951ms
[2026-03-22 18:46:41.653 DBG] Midi :: Time to save 14.7307ms
[2026-03-22 18:46:41.668 DBG] OBS Settings :: Time to save 14.9873ms
[2026-03-22 18:46:41.684 DBG] MeldStudio Settings :: Time to save 16.1519ms
[2026-03-22 18:46:41.700 DBG] Credits :: Time to save 15.3886ms
[2026-03-22 18:46:41.715 DBG] Quotes :: Time to save 16.557ms
[2026-03-22 18:46:41.781 DBG] Config :: Time to save 20.0003ms
[2026-03-22 18:46:49.077 DBG] ViewerRepo :: UpdatePresence(twitch, 5), 0.0356ms
[2026-03-22 18:46:49.134 DBG] TwitchService :: Presence Timer :: Artificially updated presence with a threshold of 5 minutes (57.682ms)
[2026-03-22 18:47:49.090 DBG] ViewerRepo :: UpdatePresence(twitch, 5), 0.0353ms
[2026-03-22 18:47:49.144 DBG] TwitchService :: Presence Timer :: Artificially updated presence with a threshold of 5 minutes (53.6175ms)
[2026-03-22 18:48:49.099 DBG] ViewerRepo :: UpdatePresence(twitch, 5), 0.0372ms
[2026-03-22 18:48:49.155 DBG] TwitchService :: Presence Timer :: Artificially updated presence with a threshold of 5 minutes (55.9343ms)
[2026-03-22 18:49:18.727 DBG] Credits :: Time to save 17.5096ms
[2026-03-22 18:49:49.108 DBG] ViewerRepo :: UpdatePresence(twitch, 5), 0.0385ms
[2026-03-22 18:49:49.164 DBG] TwitchService :: Presence Timer :: Artificially updated presence with a threshold of 5 minutes (56.0229ms)
[2026-03-22 18:50:49.108 DBG] ViewerRepo :: UpdatePresence(twitch, 5), 0.0395ms
[2026-03-22 18:50:49.165 DBG] TwitchService :: Presence Timer :: Artificially updated presence with a threshold of 5 minutes (57.8871ms)
[2026-03-22 18:51:41.814 DBG] AutoSave :: Auto saving settings...
[2026-03-22 18:51:41.833 DBG] Users :: Time to save 19.3872ms
[2026-03-22 18:51:41.859 DBG] Actions :: Time to save 25.1769ms
[2026-03-22 18:51:41.876 DBG] Commands :: Time to save 17.3632ms
[2026-03-22 18:51:41.894 DBG] Twitch Rewards :: Time to save 17.7333ms
[2026-03-22 18:51:41.904 DBG] Midi :: Time to save 10.4886ms
[2026-03-22 18:51:41.920 DBG] OBS Settings :: Time to save 15.8771ms
[2026-03-22 18:51:41.936 DBG] MeldStudio Settings :: Time to save 15.2451ms
[2026-03-22 18:51:41.950 DBG] Credits :: Time to save 14.9717ms
[2026-03-22 18:51:41.968 DBG] Quotes :: Time to save 17.4145ms
[2026-03-22 18:51:42.037 DBG] Config :: Time to save 19.2491ms
[2026-03-22 18:51:49.124 DBG] ViewerRepo :: UpdatePresence(twitch, 5), 0.0365ms
[2026-03-22 18:51:49.178 DBG] TwitchService :: Presence Timer :: Artificially updated presence with a threshold of 5 minutes (54.118ms)
[2026-03-22 18:52:07.727 DBG] ActionDispatcher :: Queueing 'Sub Goal' (361aa588-5f31-4e19-b8a5-099cae52479d, TimedAction) to 'Default' (00000000-0000-0000-0000-000000000000), with 11 arguments
[2026-03-22 18:52:07.727 DBG] ActionQueue :: 'Default' (00000000-0000-0000-0000-000000000000) :: Enqueue action 361aa588-5f31-4e19-b8a5-099cae52479d
[2026-03-22 18:52:07.727 DBG] ActionQueue :: 'Default' (00000000-0000-0000-0000-000000000000) :: Handling queue
[2026-03-22 18:52:07.727 DBG] ActionQueue :: 'Default' (00000000-0000-0000-0000-000000000000) :: Performing non-blocking 'Sub Goal' (361aa588-5f31-4e19-b8a5-099cae52479d, 899377bb-da4d-42ab-a132-f198abf83fa6)
[2026-03-22 18:52:49.128 DBG] ViewerRepo :: UpdatePresence(twitch, 5), 0.0348ms
[2026-03-22 18:52:49.187 DBG] TwitchService :: Presence Timer :: Artificially updated presence with a threshold of 5 minutes (58.9437ms)
[2026-03-22 18:53:49.134 DBG] ViewerRepo :: UpdatePresence(twitch, 5), 0.0355ms
[2026-03-22 18:53:49.187 DBG] TwitchService :: Presence Timer :: Artificially updated presence with a threshold of 5 minutes (53.5563ms)
[2026-03-22 18:54:18.731 DBG] Credits :: Time to save 16.8998ms
[2026-03-22 18:54:49.150 DBG] ViewerRepo :: UpdatePresence(twitch, 5), 0.0361ms
[2026-03-22 18:54:49.203 DBG] TwitchService :: Presence Timer :: Artificially updated presence with a threshold of 5 minutes (53.2832ms)
[2026-03-22 18:55:49.157 DBG] ViewerRepo :: UpdatePresence(twitch, 5), 0.0353ms
[2026-03-22 18:55:49.212 DBG] TwitchService :: Presence Timer :: Artificially updated presence with a threshold of 5 minutes (55.9999ms)
[2026-03-22 18:56:42.048 DBG] AutoSave :: Auto saving settings...
[2026-03-22 18:56:42.068 DBG] Users :: Time to save 20.5804ms
[2026-03-22 18:56:42.093 DBG] Actions :: Time to save 24.1111ms
[2026-03-22 18:56:42.109 DBG] Commands :: Time to save 16.5866ms
[2026-03-22 18:56:42.125 DBG] Twitch Rewards :: Time to save 16.8617ms
[2026-03-22 18:56:42.140 DBG] Midi :: Time to save 14.2214ms
[2026-03-22 18:56:42.155 DBG] OBS Settings :: Time to save 15.2712ms
[2026-03-22 18:56:42.171 DBG] MeldStudio Settings :: Time to save 15.3702ms
[2026-03-22 18:56:42.185 DBG] Credits :: Time to save 15.4531ms
[2026-03-22 18:56:42.204 DBG] Quotes :: Time to save 17.2215ms
[2026-03-22 18:56:42.270 DBG] Config :: Time to save 20.103ms
[2026-03-22 18:56:49.173 DBG] ViewerRepo :: UpdatePresence(twitch, 5), 0.0359ms
[2026-03-22 18:56:49.225 DBG] TwitchService :: Presence Timer :: Artificially updated presence with a threshold of 5 minutes (52.4459ms)
[2026-03-22 18:57:49.187 DBG] ViewerRepo :: UpdatePresence(twitch, 5), 0.0345ms
[2026-03-22 18:57:49.244 DBG] TwitchService :: Presence Timer :: Artificially updated presence with a threshold of 5 minutes (57.8932ms)
[2026-03-22 18:58:49.189 DBG] ViewerRepo :: UpdatePresence(twitch, 5), 0.0388ms
[2026-03-22 18:58:49.241 DBG] TwitchService :: Presence Timer :: Artificially updated presence with a threshold of 5 minutes (52.5737ms)
[2026-03-22 18:59:18.741 DBG] Credits :: Time to save 16.6323ms
[2026-03-22 18:59:49.200 DBG] ViewerRepo :: UpdatePresence(twitch, 5), 0.036ms
[2026-03-22 18:59:49.253 DBG] TwitchService :: Presence Timer :: Artificially updated presence with a threshold of 5 minutes (53.4845ms)
[2026-03-22 19:00:49.207 DBG] ViewerRepo :: UpdatePresence(twitch, 5), 0.0356ms
[2026-03-22 19:00:49.262 DBG] TwitchService :: Presence Timer :: Artificially updated presence with a threshold of 5 minutes (56.0405ms)
[2026-03-22 19:01:42.292 DBG] AutoSave :: Auto saving settings...
[2026-03-22 19:01:42.312 DBG] Users :: Time to save 20.6526ms
[2026-03-22 19:01:42.337 DBG] Actions :: Time to save 24.9227ms
[2026-03-22 19:01:42.355 DBG] Commands :: Time to save 17.1409ms
[2026-03-22 19:01:42.371 DBG] Twitch Rewards :: Time to save 16.528ms
[2026-03-22 19:01:42.385 DBG] Midi :: Time to save 13.5163ms
[2026-03-22 19:01:42.400 DBG] OBS Settings :: Time to save 14.9946ms
[2026-03-22 19:01:42.414 DBG] MeldStudio Settings :: Time to save 14.3235ms
[2026-03-22 19:01:42.429 DBG] Credits :: Time to save 14.4464ms
[2026-03-22 19:01:42.445 DBG] Quotes :: Time to save 16.6462ms
[2026-03-22 19:01:42.517 DBG] Config :: Time to save 19.0556ms
[2026-03-22 19:01:49.216 DBG] ViewerRepo :: UpdatePresence(twitch, 5), 0.07ms
[2026-03-22 19:01:49.270 DBG] TwitchService :: Presence Timer :: Artificially updated presence with a threshold of 5 minutes (54.556ms)
[2026-03-22 19:02:08.535 DBG] ActionDispatcher :: Queueing 'Sub Goal' (361aa588-5f31-4e19-b8a5-099cae52479d, TimedAction) to 'Default' (00000000-0000-0000-0000-000000000000), with 11 arguments
[2026-03-22 19:02:08.535 DBG] ActionQueue :: 'Default' (00000000-0000-0000-0000-000000000000) :: Enqueue action 361aa588-5f31-4e19-b8a5-099cae52479d
[2026-03-22 19:02:08.535 DBG] ActionQueue :: 'Default' (00000000-0000-0000-0000-000000000000) :: Handling queue
[2026-03-22 19:02:08.535 DBG] ActionQueue :: 'Default' (00000000-0000-0000-0000-000000000000) :: Performing non-blocking 'Sub Goal' (361aa588-5f31-4e19-b8a5-099cae52479d, ea821456-e78e-4520-8c66-8fd9677d199b)
[2026-03-22 19:02:49.222 DBG] ViewerRepo :: UpdatePresence(twitch, 5), 0.037ms
[2026-03-22 19:02:49.274 DBG] TwitchService :: Presence Timer :: Artificially updated presence with a threshold of 5 minutes (52.3492ms)
[2026-03-22 19:03:49.226 DBG] ViewerRepo :: UpdatePresence(twitch, 5), 0.0399ms
[2026-03-22 19:03:49.285 DBG] TwitchService :: Presence Timer :: Artificially updated presence with a threshold of 5 minutes (58.9531ms)
[2026-03-22 19:04:18.760 DBG] Credits :: Time to save 16.981ms
[2026-03-22 19:04:49.240 DBG] ViewerRepo :: UpdatePresence(twitch, 5), 0.0372ms
[2026-03-22 19:04:49.298 DBG] TwitchService :: Presence Timer :: Artificially updated presence with a threshold of 5 minutes (57.0109ms)
[2026-03-22 19:05:49.248 DBG] ViewerRepo :: UpdatePresence(twitch, 5), 0.0374ms
[2026-03-22 19:05:49.312 DBG] TwitchService :: Presence Timer :: Artificially updated presence with a threshold of 5 minutes (64.0176ms)
[2026-03-22 19:06:42.498 DBG] AutoSave :: Auto saving settings...
[2026-03-22 19:06:42.519 DBG] Users :: Time to save 21.416ms
[2026-03-22 19:06:42.544 DBG] Actions :: Time to save 24.3148ms
[2026-03-22 19:06:42.561 DBG] Commands :: Time to save 17.8768ms
[2026-03-22 19:06:42.580 DBG] Twitch Rewards :: Time to save 17.7562ms
[2026-03-22 19:06:42.595 DBG] Midi :: Time to save 15.3167ms
[2026-03-22 19:06:42.610 DBG] OBS Settings :: Time to save 15.4295ms
[2026-03-22 19:06:42.625 DBG] MeldStudio Settings :: Time to save 15.0464ms
[2026-03-22 19:06:42.640 DBG] Credits :: Time to save 14.3036ms
[2026-03-22 19:06:42.656 DBG] Quotes :: Time to save 16.8801ms
[2026-03-22 19:06:42.722 DBG] Config :: Time to save 19.9826ms
[2026-03-22 19:06:49.262 DBG] ViewerRepo :: UpdatePresence(twitch, 5), 0.037ms
[2026-03-22 19:06:49.319 DBG] TwitchService :: Presence Timer :: Artificially updated presence with a threshold of 5 minutes (56.8432ms)
[2026-03-22 19:07:49.265 DBG] ViewerRepo :: UpdatePresence(twitch, 5), 0.0514ms
[2026-03-22 19:07:49.320 DBG] TwitchService :: Presence Timer :: Artificially updated presence with a threshold of 5 minutes (55.2561ms)
[2026-03-22 19:08:49.276 DBG] ViewerRepo :: UpdatePresence(twitch, 5), 0.0409ms
[2026-03-22 19:08:49.331 DBG] TwitchService :: Presence Timer :: Artificially updated presence with a threshold of 5 minutes (55.3731ms)
[2026-03-22 19:09:18.777 DBG] Credits :: Time to save 17.4105ms
[2026-03-22 19:09:49.291 DBG] ViewerRepo :: UpdatePresence(twitch, 5), 0.0367ms
[2026-03-22 19:09:49.354 DBG] TwitchService :: Presence Timer :: Artificially updated presence with a threshold of 5 minutes (61.9385ms)
[2026-03-22 19:10:49.298 DBG] ViewerRepo :: UpdatePresence(twitch, 5), 0.0383ms
[2026-03-22 19:10:49.356 DBG] TwitchService :: Presence Timer :: Artificially updated presence with a threshold of 5 minutes (58.4875ms)
[2026-03-22 19:11:42.772 DBG] AutoSave :: Auto saving settings...
[2026-03-22 19:11:42.788 DBG] Users :: Time to save 16.8302ms
[2026-03-22 19:11:42.811 DBG] Actions :: Time to save 23.3908ms
[2026-03-22 19:11:42.828 DBG] Commands :: Time to save 16.9824ms
[2026-03-22 19:11:42.846 DBG] Twitch Rewards :: Time to save 17.0125ms
[2026-03-22 19:11:42.861 DBG] Midi :: Time to save 14.231ms
[2026-03-22 19:11:42.875 DBG] OBS Settings :: Time to save 14.6566ms
[2026-03-22 19:11:42.891 DBG] MeldStudio Settings :: Time to save 15.3893ms
[2026-03-22 19:11:42.906 DBG] Credits :: Time to save 15.703ms
[2026-03-22 19:11:42.920 DBG] Quotes :: Time to save 13.5205ms
[2026-03-22 19:11:42.994 DBG] Config :: Time to save 19.3672ms
[2026-03-22 19:11:49.299 DBG] ViewerRepo :: UpdatePresence(twitch, 5), 0.0374ms
[2026-03-22 19:11:49.369 DBG] TwitchService :: Presence Timer :: Artificially updated presence with a threshold of 5 minutes (71.1895ms)
[2026-03-22 19:12:09.439 DBG] ActionDispatcher :: Queueing 'Sub Goal' (361aa588-5f31-4e19-b8a5-099cae52479d, TimedAction) to 'Default' (00000000-0000-0000-0000-000000000000), with 11 arguments
[2026-03-22 19:12:09.439 DBG] ActionQueue :: 'Default' (00000000-0000-0000-0000-000000000000) :: Enqueue action 361aa588-5f31-4e19-b8a5-099cae52479d
[2026-03-22 19:12:09.439 DBG] ActionQueue :: 'Default' (00000000-0000-0000-0000-000000000000) :: Handling queue
[2026-03-22 19:12:09.439 DBG] ActionQueue :: 'Default' (00000000-0000-0000-0000-000000000000) :: Performing non-blocking 'Sub Goal' (361aa588-5f31-4e19-b8a5-099cae52479d, 9e809076-fac5-4037-bde0-e7315fe3a8d8)
[2026-03-22 19:12:49.312 DBG] ViewerRepo :: UpdatePresence(twitch, 5), 0.0379ms
[2026-03-22 19:12:49.370 DBG] TwitchService :: Presence Timer :: Artificially updated presence with a threshold of 5 minutes (57.9183ms)
[2026-03-22 19:13:49.312 DBG] ViewerRepo :: UpdatePresence(twitch, 5), 0.0357ms
[2026-03-22 19:13:49.376 DBG] TwitchService :: Presence Timer :: Artificially updated presence with a threshold of 5 minutes (63.9425ms)
[2026-03-22 19:14:18.784 DBG] Credits :: Time to save 14.043ms
[2026-03-22 19:14:49.328 DBG] ViewerRepo :: UpdatePresence(twitch, 5), 0.0376ms
[2026-03-22 19:14:49.383 DBG] TwitchService :: Presence Timer :: Artificially updated presence with a threshold of 5 minutes (55.7026ms)
[2026-03-22 19:15:49.332 DBG] ViewerRepo :: UpdatePresence(twitch, 5), 0.0431ms
[2026-03-22 19:15:49.400 DBG] TwitchService :: Presence Timer :: Artificially updated presence with a threshold of 5 minutes (68.4834ms)
[2026-03-22 19:16:43.005 DBG] AutoSave :: Auto saving settings...
[2026-03-22 19:16:43.023 DBG] Users :: Time to save 18.5209ms
[2026-03-22 19:16:43.048 DBG] Actions :: Time to save 24.791ms
[2026-03-22 19:16:43.064 DBG] Commands :: Time to save 17.1254ms
[2026-03-22 19:16:43.081 DBG] Twitch Rewards :: Time to save 16.338ms
[2026-03-22 19:16:43.098 DBG] Midi :: Time to save 15.297ms
[2026-03-22 19:16:43.113 DBG] OBS Settings :: Time to save 15.2691ms
[2026-03-22 19:16:43.127 DBG] MeldStudio Settings :: Time to save 14.4337ms
[2026-03-22 19:16:43.142 DBG] Credits :: Time to save 15.2261ms
[2026-03-22 19:16:43.159 DBG] Quotes :: Time to save 17.2497ms
[2026-03-22 19:16:43.227 DBG] Config :: Time to save 19.5363ms
[2026-03-22 19:16:49.334 DBG] ViewerRepo :: UpdatePresence(twitch, 5), 0.034ms
[2026-03-22 19:16:49.397 DBG] TwitchService :: Presence Timer :: Artificially updated presence with a threshold of 5 minutes (62.5894ms)
[2026-03-22 19:17:49.347 DBG] ViewerRepo :: UpdatePresence(twitch, 5), 0.0383ms
[2026-03-22 19:17:49.406 DBG] TwitchService :: Presence Timer :: Artificially updated presence with a threshold of 5 minutes (58.6205ms)
[2026-03-22 19:18:49.360 DBG] ViewerRepo :: UpdatePresence(twitch, 5), 0.0399ms
[2026-03-22 19:18:49.421 DBG] TwitchService :: Presence Timer :: Artificially updated presence with a threshold of 5 minutes (60.5ms)
[2026-03-22 19:19:18.799 DBG] Credits :: Time to save 17.6181ms
[2026-03-22 19:19:49.372 DBG] ViewerRepo :: UpdatePresence(twitch, 5), 0.0374ms
[2026-03-22 19:19:49.427 DBG] TwitchService :: Presence Timer :: Artificially updated presence with a threshold of 5 minutes (55.854ms)
[2026-03-22 19:20:49.387 DBG] ViewerRepo :: UpdatePresence(twitch, 5), 0.0376ms
[2026-03-22 19:20:49.446 DBG] TwitchService :: Presence Timer :: Artificially updated presence with a threshold of 5 minutes (59.282ms)
[2026-03-22 19:21:43.233 DBG] AutoSave :: Auto saving settings...
[2026-03-22 19:21:43.253 DBG] Users :: Time to save 20.238ms
[2026-03-22 19:21:43.278 DBG] Actions :: Time to save 24.7062ms
[2026-03-22 19:21:43.295 DBG] Commands :: Time to save 16.7296ms
[2026-03-22 19:21:43.313 DBG] Twitch Rewards :: Time to save 18.5673ms
[2026-03-22 19:21:43.329 DBG] Midi :: Time to save 16.1827ms
[2026-03-22 19:21:43.346 DBG] OBS Settings :: Time to save 16.8325ms
[2026-03-22 19:21:43.363 DBG] MeldStudio Settings :: Time to save 16.3882ms
[2026-03-22 19:21:43.378 DBG] Credits :: Time to save 15.5768ms
[2026-03-22 19:21:43.397 DBG] Quotes :: Time to save 18.2435ms
[2026-03-22 19:21:43.456 DBG] Config :: Time to save 19.549ms
[2026-03-22 19:21:49.399 DBG] ViewerRepo :: UpdatePresence(twitch, 5), 0.0361ms
[2026-03-22 19:21:49.457 DBG] TwitchService :: Presence Timer :: Artificially updated presence with a threshold of 5 minutes (58.6614ms)
[2026-03-22 19:22:10.013 DBG] ActionDispatcher :: Queueing 'Sub Goal' (361aa588-5f31-4e19-b8a5-099cae52479d, TimedAction) to 'Default' (00000000-0000-0000-0000-000000000000), with 11 arguments
[2026-03-22 19:22:10.013 DBG] ActionQueue :: 'Default' (00000000-0000-0000-0000-000000000000) :: Enqueue action 361aa588-5f31-4e19-b8a5-099cae52479d
[2026-03-22 19:22:10.013 DBG] ActionQueue :: 'Default' (00000000-0000-0000-0000-000000000000) :: Handling queue
[2026-03-22 19:22:10.013 DBG] ActionQueue :: 'Default' (00000000-0000-0000-0000-000000000000) :: Performing non-blocking 'Sub Goal' (361aa588-5f31-4e19-b8a5-099cae52479d, f4b2b955-a954-43d2-8751-784b70d2b5d5)
[2026-03-22 19:22:49.413 DBG] ViewerRepo :: UpdatePresence(twitch, 5), 0.038ms
[2026-03-22 19:22:49.470 DBG] TwitchService :: Presence Timer :: Artificially updated presence with a threshold of 5 minutes (56.7966ms)
[2026-03-22 19:23:49.423 DBG] ViewerRepo :: UpdatePresence(twitch, 5), 0.0431ms
[2026-03-22 19:23:49.914 DBG] TwitchService :: Presence Timer :: Artificially updated presence with a threshold of 5 minutes (490.6939ms)
[2026-03-22 19:24:18.814 DBG] Credits :: Time to save 17.9122ms
[2026-03-22 19:24:49.433 DBG] ViewerRepo :: UpdatePresence(twitch, 5), 0.0347ms
[2026-03-22 19:24:49.491 DBG] TwitchService :: Presence Timer :: Artificially updated presence with a threshold of 5 minutes (58.5621ms)
[2026-03-22 19:25:49.448 DBG] ViewerRepo :: UpdatePresence(twitch, 5), 0.0362ms
[2026-03-22 19:25:49.500 DBG] TwitchService :: Presence Timer :: Artificially updated presence with a threshold of 5 minutes (53.4095ms)
[2026-03-22 19:26:43.482 DBG] AutoSave :: Auto saving settings...
[2026-03-22 19:26:43.501 DBG] Users :: Time to save 19.2872ms
[2026-03-22 19:26:43.523 DBG] Actions :: Time to save 21.6807ms
[2026-03-22 19:26:43.542 DBG] Commands :: Time to save 18.481ms
[2026-03-22 19:26:43.558 DBG] Twitch Rewards :: Time to save 16.1599ms
[2026-03-22 19:26:43.571 DBG] Midi :: Time to save 13.5928ms
[2026-03-22 19:26:43.586 DBG] OBS Settings :: Time to save 14.2269ms
[2026-03-22 19:26:43.601 DBG] MeldStudio Settings :: Time to save 15.392ms
[2026-03-22 19:26:43.616 DBG] Credits :: Time to save 15.0396ms
[2026-03-22 19:26:43.634 DBG] Quotes :: Time to save 17.649ms
[2026-03-22 19:26:43.708 DBG] Config :: Time to save 20.6303ms
[2026-03-22 19:26:49.453 DBG] ViewerRepo :: UpdatePresence(twitch, 5), 0.0373ms
[2026-03-22 19:26:49.504 DBG] TwitchService :: Presence Timer :: Artificially updated presence with a threshold of 5 minutes (52.1091ms)
[2026-03-22 19:27:49.462 DBG] ViewerRepo :: UpdatePresence(twitch, 5), 0.0354ms
[2026-03-22 19:27:49.519 DBG] TwitchService :: Presence Timer :: Artificially updated presence with a threshold of 5 minutes (57.1678ms)
[2026-03-22 19:28:49.466 DBG] ViewerRepo :: UpdatePresence(twitch, 5), 0.0378ms
[2026-03-22 19:28:49.521 DBG] TwitchService :: Presence Timer :: Artificially updated presence with a threshold of 5 minutes (55.0964ms)
[2026-03-22 19:29:18.819 DBG] Credits :: Time to save 15.9597ms
[2026-03-22 19:29:49.481 DBG] ViewerRepo :: UpdatePresence(twitch, 5), 0.037ms
[2026-03-22 19:29:49.536 DBG] TwitchService :: Presence Timer :: Artificially updated presence with a threshold of 5 minutes (54.1759ms)
[2026-03-22 19:30:49.484 DBG] ViewerRepo :: UpdatePresence(twitch, 5), 0.0351ms
[2026-03-22 19:30:49.539 DBG] TwitchService :: Presence Timer :: Artificially updated presence with a threshold of 5 minutes (54.0135ms)
[2026-03-22 19:31:43.729 DBG] AutoSave :: Auto saving settings...
[2026-03-22 19:31:43.750 DBG] Users :: Time to save 20.8605ms
[2026-03-22 19:31:43.774 DBG] Actions :: Time to save 24.9136ms
[2026-03-22 19:31:43.792 DBG] Commands :: Time to save 17.4006ms
[2026-03-22 19:31:43.810 DBG] Twitch Rewards :: Time to save 17.5046ms
[2026-03-22 19:31:43.825 DBG] Midi :: Time to save 15.061ms
[2026-03-22 19:31:43.842 DBG] OBS Settings :: Time to save 16.8313ms
[2026-03-22 19:31:43.859 DBG] MeldStudio Settings :: Time to save 16.2616ms
[2026-03-22 19:31:43.874 DBG] Credits :: Time to save 16.7145ms
[2026-03-22 19:31:43.891 DBG] Quotes :: Time to save 16.2204ms
[2026-03-22 19:31:43.953 DBG] Config :: Time to save 19.4014ms
[2026-03-22 19:31:49.493 DBG] ViewerRepo :: UpdatePresence(twitch, 5), 0.0346ms
[2026-03-22 19:31:49.550 DBG] TwitchService :: Presence Timer :: Artificially updated presence with a threshold of 5 minutes (57.2304ms)
[2026-03-22 19:32:10.861 DBG] ActionDispatcher :: Queueing 'Sub Goal' (361aa588-5f31-4e19-b8a5-099cae52479d, TimedAction) to 'Default' (00000000-0000-0000-0000-000000000000), with 11 arguments
[2026-03-22 19:32:10.861 DBG] ActionQueue :: 'Default' (00000000-0000-0000-0000-000000000000) :: Enqueue action 361aa588-5f31-4e19-b8a5-099cae52479d
[2026-03-22 19:32:10.861 DBG] ActionQueue :: 'Default' (00000000-0000-0000-0000-000000000000) :: Handling queue
[2026-03-22 19:32:10.861 DBG] ActionQueue :: 'Default' (00000000-0000-0000-0000-000000000000) :: Performing non-blocking 'Sub Goal' (361aa588-5f31-4e19-b8a5-099cae52479d, 055f01e6-2dee-4ed1-a389-4540b717690e)
[2026-03-22 19:32:49.503 DBG] ViewerRepo :: UpdatePresence(twitch, 5), 0.0348ms
[2026-03-22 19:32:49.559 DBG] TwitchService :: Presence Timer :: Artificially updated presence with a threshold of 5 minutes (56.4634ms)
[2026-03-22 19:33:49.514 DBG] ViewerRepo :: UpdatePresence(twitch, 5), 0.0363ms
[2026-03-22 19:33:49.571 DBG] TwitchService :: Presence Timer :: Artificially updated presence with a threshold of 5 minutes (56.4097ms)
[2026-03-22 19:34:18.831 DBG] Credits :: Time to save 16.4494ms
[2026-03-22 19:34:49.524 DBG] ViewerRepo :: UpdatePresence(twitch, 5), 0.0372ms
[2026-03-22 19:34:49.579 DBG] TwitchService :: Presence Timer :: Artificially updated presence with a threshold of 5 minutes (55.8468ms)
[2026-03-22 19:35:49.530 DBG] ViewerRepo :: UpdatePresence(twitch, 5), 0.0368ms
[2026-03-22 19:35:49.589 DBG] TwitchService :: Presence Timer :: Artificially updated presence with a threshold of 5 minutes (58.9703ms)
[2026-03-22 19:36:43.980 DBG] AutoSave :: Auto saving settings...
[2026-03-22 19:36:44.000 DBG] Users :: Time to save 20.4352ms
[2026-03-22 19:36:44.024 DBG] Actions :: Time to save 23.6907ms
[2026-03-22 19:36:44.042 DBG] Commands :: Time to save 17.7679ms
[2026-03-22 19:36:44.060 DBG] Twitch Rewards :: Time to save 18.1966ms
[2026-03-22 19:36:44.076 DBG] Midi :: Time to save 14.9573ms
[2026-03-22 19:36:44.089 DBG] OBS Settings :: Time to save 13.8349ms
[2026-03-22 19:36:44.104 DBG] MeldStudio Settings :: Time to save 14.2231ms
[2026-03-22 19:36:44.118 DBG] Credits :: Time to save 14.7941ms
[2026-03-22 19:36:44.134 DBG] Quotes :: Time to save 15.8734ms
[2026-03-22 19:36:44.201 DBG] Config :: Time to save 18.4082ms
[2026-03-22 19:36:49.556 DBG] ViewerRepo :: UpdatePresence(twitch, 5), 0.0348ms
[2026-03-22 19:36:49.611 DBG] TwitchService :: Presence Timer :: Artificially updated presence with a threshold of 5 minutes (55.4118ms)
[2026-03-22 19:37:49.564 DBG] ViewerRepo :: UpdatePresence(twitch, 5), 0.0359ms
[2026-03-22 19:37:49.620 DBG] TwitchService :: Presence Timer :: Artificially updated presence with a threshold of 5 minutes (55.8971ms)
[2026-03-22 19:38:49.576 DBG] ViewerRepo :: UpdatePresence(twitch, 5), 0.0369ms
[2026-03-22 19:38:49.629 DBG] TwitchService :: Presence Timer :: Artificially updated presence with a threshold of 5 minutes (54.4221ms)
[2026-03-22 19:39:18.832 DBG] Credits :: Time to save 16.672ms
[2026-03-22 19:39:49.584 DBG] ViewerRepo :: UpdatePresence(twitch, 5), 0.0396ms
[2026-03-22 19:39:49.641 DBG] TwitchService :: Presence Timer :: Artificially updated presence with a threshold of 5 minutes (57.2762ms)
[2026-03-22 19:40:49.596 DBG] ViewerRepo :: UpdatePresence(twitch, 5), 0.0377ms
[2026-03-22 19:40:49.648 DBG] TwitchService :: Presence Timer :: Artificially updated presence with a threshold of 5 minutes (52.6617ms)
[2026-03-22 19:41:44.202 DBG] AutoSave :: Auto saving settings...
[2026-03-22 19:41:44.218 DBG] Users :: Time to save 17.137ms
[2026-03-22 19:41:44.244 DBG] Actions :: Time to save 25.9557ms
[2026-03-22 19:41:44.263 DBG] Commands :: Time to save 18.0595ms
[2026-03-22 19:41:44.280 DBG] Twitch Rewards :: Time to save 16.8821ms
[2026-03-22 19:41:44.296 DBG] Midi :: Time to save 15.5785ms
[2026-03-22 19:41:44.311 DBG] OBS Settings :: Time to save 15.6453ms
[2026-03-22 19:41:44.327 DBG] MeldStudio Settings :: Time to save 15.6042ms
[2026-03-22 19:41:44.341 DBG] Credits :: Time to save 13.9141ms
[2026-03-22 19:41:44.358 DBG] Quotes :: Time to save 16.7446ms
[2026-03-22 19:41:44.426 DBG] Config :: Time to save 19.5579ms
[2026-03-22 19:41:49.616 DBG] ViewerRepo :: UpdatePresence(twitch, 5), 0.0416ms
[2026-03-22 19:41:49.673 DBG] TwitchService :: Presence Timer :: Artificially updated presence with a threshold of 5 minutes (57.589ms)
[2026-03-22 19:42:11.797 DBG] ActionDispatcher :: Queueing 'Sub Goal' (361aa588-5f31-4e19-b8a5-099cae52479d, TimedAction) to 'Default' (00000000-0000-0000-0000-000000000000), with 11 arguments
[2026-03-22 19:42:11.797 DBG] ActionQueue :: 'Default' (00000000-0000-0000-0000-000000000000) :: Enqueue action 361aa588-5f31-4e19-b8a5-099cae52479d
[2026-03-22 19:42:11.797 DBG] ActionQueue :: 'Default' (00000000-0000-0000-0000-000000000000) :: Handling queue
[2026-03-22 19:42:11.797 DBG] ActionQueue :: 'Default' (00000000-0000-0000-0000-000000000000) :: Performing non-blocking 'Sub Goal' (361aa588-5f31-4e19-b8a5-099cae52479d, 9912be6a-2afb-4f15-a654-e6974eedf823)
[2026-03-22 19:42:49.619 DBG] ViewerRepo :: UpdatePresence(twitch, 5), 0.0357ms
[2026-03-22 19:42:49.676 DBG] TwitchService :: Presence Timer :: Artificially updated presence with a threshold of 5 minutes (56.6535ms)
[2026-03-22 19:43:49.622 DBG] ViewerRepo :: UpdatePresence(twitch, 5), 0.0357ms
[2026-03-22 19:43:49.682 DBG] TwitchService :: Presence Timer :: Artificially updated presence with a threshold of 5 minutes (59.7685ms)
[2026-03-22 19:44:18.832 DBG] Credits :: Time to save 11.7557ms
[2026-03-22 19:44:49.650 DBG] ViewerRepo :: UpdatePresence(twitch, 5), 0.0999ms
[2026-03-22 19:44:49.705 DBG] TwitchService :: Presence Timer :: Artificially updated presence with a threshold of 5 minutes (54.6217ms)
[2026-03-22 19:45:49.666 DBG] ViewerRepo :: UpdatePresence(twitch, 5), 0.0739ms
[2026-03-22 19:45:49.724 DBG] TwitchService :: Presence Timer :: Artificially updated presence with a threshold of 5 minutes (58.2948ms)
[2026-03-22 19:46:44.448 DBG] AutoSave :: Auto saving settings...
[2026-03-22 19:46:44.471 DBG] Users :: Time to save 23.1328ms
[2026-03-22 19:46:44.496 DBG] Actions :: Time to save 25.2492ms
[2026-03-22 19:46:44.515 DBG] Commands :: Time to save 18.0433ms
[2026-03-22 19:46:44.527 DBG] Twitch Rewards :: Time to save 13.0802ms
[2026-03-22 19:46:44.542 DBG] Midi :: Time to save 14.8643ms
[2026-03-22 19:46:44.558 DBG] OBS Settings :: Time to save 15.3347ms
[2026-03-22 19:46:44.572 DBG] MeldStudio Settings :: Time to save 14.0425ms
[2026-03-22 19:46:44.586 DBG] Credits :: Time to save 14.7459ms
[2026-03-22 19:46:44.603 DBG] Quotes :: Time to save 16.8631ms
[2026-03-22 19:46:44.684 DBG] Config :: Time to save 18.4504ms
[2026-03-22 19:46:49.673 DBG] ViewerRepo :: UpdatePresence(twitch, 5), 0.0372ms
[2026-03-22 19:46:49.727 DBG] TwitchService :: Presence Timer :: Artificially updated presence with a threshold of 5 minutes (53.9354ms)
[2026-03-22 19:47:49.687 DBG] ViewerRepo :: UpdatePresence(twitch, 5), 0.0588ms
[2026-03-22 19:47:49.740 DBG] TwitchService :: Presence Timer :: Artificially updated presence with a threshold of 5 minutes (53.2309ms)
[2026-03-22 19:48:49.697 DBG] ViewerRepo :: UpdatePresence(twitch, 5), 0.0393ms
[2026-03-22 19:48:49.755 DBG] TwitchService :: Presence Timer :: Artificially updated presence with a threshold of 5 minutes (57.3751ms)
[2026-03-22 19:49:18.843 DBG] Credits :: Time to save 12.2903ms
[2026-03-22 19:49:49.704 DBG] ViewerRepo :: UpdatePresence(twitch, 5), 0.0354ms
[2026-03-22 19:49:49.761 DBG] TwitchService :: Presence Timer :: Artificially updated presence with a threshold of 5 minutes (56.9989ms)
[2026-03-22 19:50:49.719 DBG] ViewerRepo :: UpdatePresence(twitch, 5), 0.0379ms
[2026-03-22 19:50:49.777 DBG] TwitchService :: Presence Timer :: Artificially updated presence with a threshold of 5 minutes (57.9581ms)
[2026-03-22 19:51:44.707 DBG] AutoSave :: Auto saving settings...
[2026-03-22 19:51:44.725 DBG] Users :: Time to save 18.2934ms
[2026-03-22 19:51:44.749 DBG] Actions :: Time to save 23.8042ms
[2026-03-22 19:51:44.765 DBG] Commands :: Time to save 16.0318ms
[2026-03-22 19:51:44.782 DBG] Twitch Rewards :: Time to save 17.2271ms
[2026-03-22 19:51:44.797 DBG] Midi :: Time to save 14.634ms
[2026-03-22 19:51:44.812 DBG] OBS Settings :: Time to save 15.4046ms
[2026-03-22 19:51:44.826 DBG] MeldStudio Settings :: Time to save 13.2516ms
[2026-03-22 19:51:44.839 DBG] Credits :: Time to save 13.0596ms
[2026-03-22 19:51:44.857 DBG] Quotes :: Time to save 17.8468ms
[2026-03-22 19:51:44.929 DBG] Config :: Time to save 17.4237ms
[2026-03-22 19:51:49.724 DBG] ViewerRepo :: UpdatePresence(twitch, 5), 0.0381ms
[2026-03-22 19:51:49.799 DBG] TwitchService :: Presence Timer :: Artificially updated presence with a threshold of 5 minutes (75.427ms)
[2026-03-22 19:52:12.668 DBG] ActionDispatcher :: Queueing 'Sub Goal' (361aa588-5f31-4e19-b8a5-099cae52479d, TimedAction) to 'Default' (00000000-0000-0000-0000-000000000000), with 11 arguments
[2026-03-22 19:52:12.668 DBG] ActionQueue :: 'Default' (00000000-0000-0000-0000-000000000000) :: Enqueue action 361aa588-5f31-4e19-b8a5-099cae52479d
[2026-03-22 19:52:12.668 DBG] ActionQueue :: 'Default' (00000000-0000-0000-0000-000000000000) :: Handling queue
[2026-03-22 19:52:12.668 DBG] ActionQueue :: 'Default' (00000000-0000-0000-0000-000000000000) :: Performing non-blocking 'Sub Goal' (361aa588-5f31-4e19-b8a5-099cae52479d, 04e24fb5-7019-4a1c-8939-daf6e8301627)
[2026-03-22 19:52:49.739 DBG] ViewerRepo :: UpdatePresence(twitch, 5), 0.0528ms
[2026-03-22 19:52:49.792 DBG] TwitchService :: Presence Timer :: Artificially updated presence with a threshold of 5 minutes (53.3197ms)
[2026-03-22 19:53:49.740 DBG] ViewerRepo :: UpdatePresence(twitch, 5), 0.0358ms
[2026-03-22 19:53:49.791 DBG] TwitchService :: Presence Timer :: Artificially updated presence with a threshold of 5 minutes (51.5899ms)
[2026-03-22 19:54:18.849 DBG] Credits :: Time to save 16.4753ms
[2026-03-22 19:54:49.753 DBG] ViewerRepo :: UpdatePresence(twitch, 5), 0.0359ms
[2026-03-22 19:54:49.810 DBG] TwitchService :: Presence Timer :: Artificially updated presence with a threshold of 5 minutes (57.1677ms)
[2026-03-22 19:55:49.754 DBG] ViewerRepo :: UpdatePresence(twitch, 5), 0.036ms
[2026-03-22 19:55:49.808 DBG] TwitchService :: Presence Timer :: Artificially updated presence with a threshold of 5 minutes (54.0334ms)
[2026-03-22 19:56:44.978 DBG] AutoSave :: Auto saving settings...
[2026-03-22 19:56:45.000 DBG] Users :: Time to save 21.6988ms
[2026-03-22 19:56:45.024 DBG] Actions :: Time to save 23.9226ms
[2026-03-22 19:56:45.041 DBG] Commands :: Time to save 17.822ms
[2026-03-22 19:56:45.059 DBG] Twitch Rewards :: Time to save 17.9953ms
[2026-03-22 19:56:45.076 DBG] Midi :: Time to save 15.9104ms
[2026-03-22 19:56:45.091 DBG] OBS Settings :: Time to save 15.303ms
[2026-03-22 19:56:45.106 DBG] MeldStudio Settings :: Time to save 15.294ms
[2026-03-22 19:56:45.120 DBG] Credits :: Time to save 13.6361ms
[2026-03-22 19:56:45.137 DBG] Quotes :: Time to save 16.6721ms
[2026-03-22 19:56:45.201 DBG] Config :: Time to save 19.6973ms
[2026-03-22 19:56:49.769 DBG] ViewerRepo :: UpdatePresence(twitch, 5), 0.0347ms
[2026-03-22 19:56:49.822 DBG] TwitchService :: Presence Timer :: Artificially updated presence with a threshold of 5 minutes (53.9075ms)
[2026-03-22 19:57:49.773 DBG] ViewerRepo :: UpdatePresence(twitch, 5), 0.0356ms
[2026-03-22 19:57:49.829 DBG] TwitchService :: Presence Timer :: Artificially updated presence with a threshold of 5 minutes (57.2012ms)
[2026-03-22 19:58:49.786 DBG] ViewerRepo :: UpdatePresence(twitch, 5), 0.0498ms
[2026-03-22 19:58:49.844 DBG] TwitchService :: Presence Timer :: Artificially updated presence with a threshold of 5 minutes (59.2099ms)
[2026-03-22 19:59:18.860 DBG] Credits :: Time to save 16.153ms
[2026-03-22 19:59:49.801 DBG] ViewerRepo :: UpdatePresence(twitch, 5), 0.0378ms
[2026-03-22 19:59:49.854 DBG] TwitchService :: Presence Timer :: Artificially updated presence with a threshold of 5 minutes (53.5596ms)
[2026-03-22 20:00:49.811 DBG] ViewerRepo :: UpdatePresence(twitch, 5), 0.0436ms
[2026-03-22 20:00:49.864 DBG] TwitchService :: Presence Timer :: Artificially updated presence with a threshold of 5 minutes (53.85ms)
[2026-03-22 20:01:45.201 DBG] AutoSave :: Auto saving settings...
[2026-03-22 20:01:45.221 DBG] Users :: Time to save 19.9046ms
[2026-03-22 20:01:45.243 DBG] Actions :: Time to save 22.0037ms
[2026-03-22 20:01:45.260 DBG] Commands :: Time to save 16.4308ms
[2026-03-22 20:01:45.277 DBG] Twitch Rewards :: Time to save 17.4121ms
[2026-03-22 20:01:45.291 DBG] Midi :: Time to save 14.1417ms
[2026-03-22 20:01:45.305 DBG] OBS Settings :: Time to save 13.9998ms
[2026-03-22 20:01:45.320 DBG] MeldStudio Settings :: Time to save 14.48ms
[2026-03-22 20:01:45.333 DBG] Credits :: Time to save 14.1088ms
[2026-03-22 20:01:45.351 DBG] Quotes :: Time to save 16.9927ms
[2026-03-22 20:01:45.435 DBG] Config :: Time to save 17.6984ms
[2026-03-22 20:01:49.816 DBG] ViewerRepo :: UpdatePresence(twitch, 5), 0.0374ms
[2026-03-22 20:01:49.873 DBG] TwitchService :: Presence Timer :: Artificially updated presence with a threshold of 5 minutes (56.3276ms)
[2026-03-22 20:02:12.689 DBG] ActionDispatcher :: Queueing 'Sub Goal' (361aa588-5f31-4e19-b8a5-099cae52479d, TimedAction) to 'Default' (00000000-0000-0000-0000-000000000000), with 11 arguments
[2026-03-22 20:02:12.689 DBG] ActionQueue :: 'Default' (00000000-0000-0000-0000-000000000000) :: Enqueue action 361aa588-5f31-4e19-b8a5-099cae52479d
[2026-03-22 20:02:12.689 DBG] ActionQueue :: 'Default' (00000000-0000-0000-0000-000000000000) :: Handling queue
[2026-03-22 20:02:12.689 DBG] ActionQueue :: 'Default' (00000000-0000-0000-0000-000000000000) :: Performing non-blocking 'Sub Goal' (361aa588-5f31-4e19-b8a5-099cae52479d, 7d1ce947-d796-47f6-ab29-bfb9403547bc)
[2026-03-22 20:02:49.832 DBG] ViewerRepo :: UpdatePresence(twitch, 5), 0.0363ms
[2026-03-22 20:02:49.884 DBG] TwitchService :: Presence Timer :: Artificially updated presence with a threshold of 5 minutes (52.8877ms)
[2026-03-22 20:03:49.845 DBG] ViewerRepo :: UpdatePresence(twitch, 5), 0.0411ms
[2026-03-22 20:03:49.900 DBG] TwitchService :: Presence Timer :: Artificially updated presence with a threshold of 5 minutes (55.1035ms)
[2026-03-22 20:04:18.877 DBG] Credits :: Time to save 18.2758ms
[2026-03-22 20:04:49.855 DBG] ViewerRepo :: UpdatePresence(twitch, 5), 0.0345ms
[2026-03-22 20:04:49.907 DBG] TwitchService :: Presence Timer :: Artificially updated presence with a threshold of 5 minutes (52.2241ms)
[2026-03-22 20:05:49.859 DBG] ViewerRepo :: UpdatePresence(twitch, 5), 0.0353ms
[2026-03-22 20:05:49.916 DBG] TwitchService :: Presence Timer :: Artificially updated presence with a threshold of 5 minutes (57.0197ms)
[2026-03-22 20:06:45.430 DBG] AutoSave :: Auto saving settings...
[2026-03-22 20:06:45.448 DBG] Users :: Time to save 18.708ms
[2026-03-22 20:06:45.473 DBG] Actions :: Time to save 24.3582ms
[2026-03-22 20:06:45.491 DBG] Commands :: Time to save 17.784ms
[2026-03-22 20:06:45.508 DBG] Twitch Rewards :: Time to save 17.2448ms
[2026-03-22 20:06:45.524 DBG] Midi :: Time to save 15.5108ms
[2026-03-22 20:06:45.539 DBG] OBS Settings :: Time to save 14.7999ms
[2026-03-22 20:06:45.550 DBG] MeldStudio Settings :: Time to save 11.0399ms
[2026-03-22 20:06:45.567 DBG] Credits :: Time to save 17.2216ms
[2026-03-22 20:06:45.584 DBG] Quotes :: Time to save 17.5028ms
[2026-03-22 20:06:45.654 DBG] Config :: Time to save 19.0565ms
[2026-03-22 20:06:49.862 DBG] ViewerRepo :: UpdatePresence(twitch, 5), 0.0402ms
[2026-03-22 20:06:49.923 DBG] TwitchService :: Presence Timer :: Artificially updated presence with a threshold of 5 minutes (60.6801ms)
[2026-03-22 20:07:49.876 DBG] ViewerRepo :: UpdatePresence(twitch, 5), 0.0369ms
[2026-03-22 20:07:49.933 DBG] TwitchService :: Presence Timer :: Artificially updated presence with a threshold of 5 minutes (57.2565ms)
[2026-03-22 20:08:49.889 DBG] ViewerRepo :: UpdatePresence(twitch, 5), 0.0375ms
[2026-03-22 20:08:49.945 DBG] TwitchService :: Presence Timer :: Artificially updated presence with a threshold of 5 minutes (56.1528ms)
[2026-03-22 20:09:18.890 DBG] Credits :: Time to save 17.1918ms
[2026-03-22 20:09:49.896 DBG] ViewerRepo :: UpdatePresence(twitch, 5), 0.0402ms
[2026-03-22 20:09:49.949 DBG] TwitchService :: Presence Timer :: Artificially updated presence with a threshold of 5 minutes (53.2684ms)
[2026-03-22 20:10:49.904 DBG] ViewerRepo :: UpdatePresence(twitch, 5), 0.0374ms
[2026-03-22 20:10:49.956 DBG] TwitchService :: Presence Timer :: Artificially updated presence with a threshold of 5 minutes (52.0881ms)
[2026-03-22 20:11:45.697 DBG] AutoSave :: Auto saving settings...
[2026-03-22 20:11:45.717 DBG] Users :: Time to save 19.8371ms
[2026-03-22 20:11:45.740 DBG] Actions :: Time to save 24.2007ms
[2026-03-22 20:11:45.757 DBG] Commands :: Time to save 16.6952ms
[2026-03-22 20:11:45.774 DBG] Twitch Rewards :: Time to save 16.7209ms
[2026-03-22 20:11:45.791 DBG] Midi :: Time to save 16.1812ms
[2026-03-22 20:11:45.805 DBG] OBS Settings :: Time to save 14.6883ms
[2026-03-22 20:11:45.819 DBG] MeldStudio Settings :: Time to save 14.273ms
[2026-03-22 20:11:45.834 DBG] Credits :: Time to save 14.2672ms
[2026-03-22 20:11:45.849 DBG] Quotes :: Time to save 15.5649ms
[2026-03-22 20:11:45.919 DBG] Config :: Time to save 19.5601ms
[2026-03-22 20:11:49.913 DBG] ViewerRepo :: UpdatePresence(twitch, 5), 0.037ms
[2026-03-22 20:11:49.967 DBG] TwitchService :: Presence Timer :: Artificially updated presence with a threshold of 5 minutes (54.3863ms)
[2026-03-22 20:12:12.811 DBG] ActionDispatcher :: Queueing 'Sub Goal' (361aa588-5f31-4e19-b8a5-099cae52479d, TimedAction) to 'Default' (00000000-0000-0000-0000-000000000000), with 11 arguments
[2026-03-22 20:12:12.811 DBG] ActionQueue :: 'Default' (00000000-0000-0000-0000-000000000000) :: Enqueue action 361aa588-5f31-4e19-b8a5-099cae52479d
[2026-03-22 20:12:12.811 DBG] ActionQueue :: 'Default' (00000000-0000-0000-0000-000000000000) :: Handling queue
[2026-03-22 20:12:12.811 DBG] ActionQueue :: 'Default' (00000000-0000-0000-0000-000000000000) :: Performing non-blocking 'Sub Goal' (361aa588-5f31-4e19-b8a5-099cae52479d, 34be36a1-14c7-498f-942b-2fb2f9a7d26c)
[2026-03-22 20:12:49.921 DBG] ViewerRepo :: UpdatePresence(twitch, 5), 0.0427ms
[2026-03-22 20:12:49.979 DBG] TwitchService :: Presence Timer :: Artificially updated presence with a threshold of 5 minutes (59.2196ms)
[2026-03-22 20:13:49.924 DBG] ViewerRepo :: UpdatePresence(twitch, 5), 0.0378ms
[2026-03-22 20:13:49.977 DBG] TwitchService :: Presence Timer :: Artificially updated presence with a threshold of 5 minutes (53.4716ms)
[2026-03-22 20:14:18.893 DBG] Credits :: Time to save 15.8525ms
[2026-03-22 20:14:49.938 DBG] ViewerRepo :: UpdatePresence(twitch, 5), 0.0373ms
[2026-03-22 20:14:49.992 DBG] TwitchService :: Presence Timer :: Artificially updated presence with a threshold of 5 minutes (55.2409ms)
[2026-03-22 20:15:49.950 DBG] ViewerRepo :: UpdatePresence(twitch, 5), 0.0378ms
[2026-03-22 20:15:50.009 DBG] TwitchService :: Presence Timer :: Artificially updated presence with a threshold of 5 minutes (59.4543ms)
[2026-03-22 20:16:45.931 DBG] AutoSave :: Auto saving settings...
[2026-03-22 20:16:45.950 DBG] Users :: Time to save 19.34ms
[2026-03-22 20:16:45.975 DBG] Actions :: Time to save 25.8942ms
[2026-03-22 20:16:45.989 DBG] Commands :: Time to save 13.7437ms
[2026-03-22 20:16:46.005 DBG] Twitch Rewards :: Time to save 15.7469ms
[2026-03-22 20:16:46.020 DBG] Midi :: Time to save 14.6802ms
[2026-03-22 20:16:46.034 DBG] OBS Settings :: Time to save 13.9679ms
[2026-03-22 20:16:46.049 DBG] MeldStudio Settings :: Time to save 14.5798ms
[2026-03-22 20:16:46.064 DBG] Credits :: Time to save 14.9353ms
[2026-03-22 20:16:46.082 DBG] Quotes :: Time to save 18.2338ms
[2026-03-22 20:16:46.154 DBG] Config :: Time to save 18.74ms
[2026-03-22 20:16:49.959 DBG] ViewerRepo :: UpdatePresence(twitch, 5), 0.0374ms
[2026-03-22 20:16:50.012 DBG] TwitchService :: Presence Timer :: Artificially updated presence with a threshold of 5 minutes (53.0132ms)
[2026-03-22 20:17:49.961 DBG] ViewerRepo :: UpdatePresence(twitch, 5), 0.0398ms
[2026-03-22 20:17:50.018 DBG] TwitchService :: Presence Timer :: Artificially updated presence with a threshold of 5 minutes (56.9503ms)
[2026-03-22 20:18:49.968 DBG] ViewerRepo :: UpdatePresence(twitch, 5), 0.0365ms
[2026-03-22 20:18:50.023 DBG] TwitchService :: Presence Timer :: Artificially updated presence with a threshold of 5 minutes (55.0106ms)
[2026-03-22 20:19:18.909 DBG] Credits :: Time to save 17.2518ms
[2026-03-22 20:19:49.984 DBG] ViewerRepo :: UpdatePresence(twitch, 5), 0.0379ms
[2026-03-22 20:19:50.038 DBG] TwitchService :: Presence Timer :: Artificially updated presence with a threshold of 5 minutes (55.1305ms)
[2026-03-22 20:20:49.994 DBG] ViewerRepo :: UpdatePresence(twitch, 5), 0.043ms
[2026-03-22 20:20:50.051 DBG] TwitchService :: Presence Timer :: Artificially updated presence with a threshold of 5 minutes (57.5916ms)
[2026-03-22 20:21:46.158 DBG] AutoSave :: Auto saving settings...
[2026-03-22 20:21:46.178 DBG] Users :: Time to save 19.8891ms
[2026-03-22 20:21:46.201 DBG] Actions :: Time to save 23.87ms
[2026-03-22 20:21:46.219 DBG] Commands :: Time to save 17.6922ms
[2026-03-22 20:21:46.235 DBG] Twitch Rewards :: Time to save 16.5015ms
[2026-03-22 20:21:46.250 DBG] Midi :: Time to save 14.5537ms
[2026-03-22 20:21:46.265 DBG] OBS Settings :: Time to save 14.7491ms
[2026-03-22 20:21:46.275 DBG] MeldStudio Settings :: Time to save 10.6384ms
[2026-03-22 20:21:46.290 DBG] Credits :: Time to save 15.1137ms
[2026-03-22 20:21:46.307 DBG] Quotes :: Time to save 16.9992ms
[2026-03-22 20:21:46.378 DBG] Config :: Time to save 19.6382ms
[2026-03-22 20:21:49.994 DBG] ViewerRepo :: UpdatePresence(twitch, 5), 0.0463ms
[2026-03-22 20:21:50.052 DBG] TwitchService :: Presence Timer :: Artificially updated presence with a threshold of 5 minutes (57.9973ms)
[2026-03-22 20:22:12.926 DBG] ActionDispatcher :: Queueing 'Sub Goal' (361aa588-5f31-4e19-b8a5-099cae52479d, TimedAction) to 'Default' (00000000-0000-0000-0000-000000000000), with 11 arguments
[2026-03-22 20:22:12.927 DBG] ActionQueue :: 'Default' (00000000-0000-0000-0000-000000000000) :: Enqueue action 361aa588-5f31-4e19-b8a5-099cae52479d
[2026-03-22 20:22:12.927 DBG] ActionQueue :: 'Default' (00000000-0000-0000-0000-000000000000) :: Handling queue
[2026-03-22 20:22:12.927 DBG] ActionQueue :: 'Default' (00000000-0000-0000-0000-000000000000) :: Performing non-blocking 'Sub Goal' (361aa588-5f31-4e19-b8a5-099cae52479d, 84c85694-e487-4494-8fda-c4a85e6c8245)
[2026-03-22 20:22:49.996 DBG] ViewerRepo :: UpdatePresence(twitch, 5), 0.0384ms
[2026-03-22 20:22:50.062 DBG] TwitchService :: Presence Timer :: Artificially updated presence with a threshold of 5 minutes (65.086ms)
[2026-03-22 20:23:50.006 DBG] ViewerRepo :: UpdatePresence(twitch, 5), 0.0343ms
[2026-03-22 20:23:50.561 DBG] TwitchService :: Presence Timer :: Artificially updated presence with a threshold of 5 minutes (554.606ms)
[2026-03-22 20:24:18.906 DBG] Credits :: Time to save 12.0645ms
[2026-03-22 20:24:50.017 DBG] ViewerRepo :: UpdatePresence(twitch, 5), 0.0363ms
[2026-03-22 20:24:50.069 DBG] TwitchService :: Presence Timer :: Artificially updated presence with a threshold of 5 minutes (52.3808ms)
[2026-03-22 20:25:50.038 DBG] ViewerRepo :: UpdatePresence(twitch, 5), 0.036ms
[2026-03-22 20:25:50.093 DBG] TwitchService :: Presence Timer :: Artificially updated presence with a threshold of 5 minutes (55.2337ms)
[2026-03-22 20:26:46.374 DBG] AutoSave :: Auto saving settings...
[2026-03-22 20:26:46.393 DBG] Users :: Time to save 19.6905ms
[2026-03-22 20:26:46.418 DBG] Actions :: Time to save 24.8616ms
[2026-03-22 20:26:46.435 DBG] Commands :: Time to save 16.7061ms
[2026-03-22 20:26:46.451 DBG] Twitch Rewards :: Time to save 16.7144ms
[2026-03-22 20:26:46.467 DBG] Midi :: Time to save 15.6096ms
[2026-03-22 20:26:46.479 DBG] OBS Settings :: Time to save 12.439ms
[2026-03-22 20:26:46.495 DBG] MeldStudio Settings :: Time to save 15.0211ms
[2026-03-22 20:26:46.510 DBG] Credits :: Time to save 15.4726ms
[2026-03-22 20:26:46.523 DBG] Quotes :: Time to save 12.7078ms
[2026-03-22 20:26:46.601 DBG] Config :: Time to save 20.4049ms
[2026-03-22 20:26:50.055 DBG] ViewerRepo :: UpdatePresence(twitch, 5), 0.0356ms
[2026-03-22 20:26:50.113 DBG] TwitchService :: Presence Timer :: Artificially updated presence with a threshold of 5 minutes (58.1113ms)
[2026-03-22 20:27:50.057 DBG] ViewerRepo :: UpdatePresence(twitch, 5), 0.0358ms
[2026-03-22 20:27:50.113 DBG] TwitchService :: Presence Timer :: Artificially updated presence with a threshold of 5 minutes (56.3113ms)
[2026-03-22 20:28:50.059 DBG] ViewerRepo :: UpdatePresence(twitch, 5), 0.0362ms
[2026-03-22 20:28:50.113 DBG] TwitchService :: Presence Timer :: Artificially updated presence with a threshold of 5 minutes (54.7838ms)
[2026-03-22 20:29:18.923 DBG] Credits :: Time to save 16.5531ms
[2026-03-22 20:29:50.072 DBG] ViewerRepo :: UpdatePresence(twitch, 5), 0.0636ms
[2026-03-22 20:29:50.124 DBG] TwitchService :: Presence Timer :: Artificially updated presence with a threshold of 5 minutes (51.8819ms)
[2026-03-22 20:30:50.076 DBG] ViewerRepo :: UpdatePresence(twitch, 5), 0.0405ms
[2026-03-22 20:30:50.135 DBG] TwitchService :: Presence Timer :: Artificially updated presence with a threshold of 5 minutes (59.7093ms)
[2026-03-22 20:31:46.622 DBG] AutoSave :: Auto saving settings...
[2026-03-22 20:31:46.642 DBG] Users :: Time to save 19.7115ms
[2026-03-22 20:31:46.665 DBG] Actions :: Time to save 22.6704ms
[2026-03-22 20:31:46.680 DBG] Commands :: Time to save 16.6867ms
[2026-03-22 20:31:46.693 DBG] Twitch Rewards :: Time to save 12.0842ms
[2026-03-22 20:31:46.708 DBG] Midi :: Time to save 14.0626ms
[2026-03-22 20:31:46.723 DBG] OBS Settings :: Time to save 15.3821ms
[2026-03-22 20:31:46.738 DBG] MeldStudio Settings :: Time to save 15.2139ms
[2026-03-22 20:31:46.752 DBG] Credits :: Time to save 14.2421ms
[2026-03-22 20:31:46.768 DBG] Quotes :: Time to save 16.5398ms
[2026-03-22 20:31:46.845 DBG] Config :: Time to save 19.6702ms
[2026-03-22 20:31:50.087 DBG] ViewerRepo :: UpdatePresence(twitch, 5), 0.0348ms
[2026-03-22 20:31:50.144 DBG] TwitchService :: Presence Timer :: Artificially updated presence with a threshold of 5 minutes (56.5943ms)
[2026-03-22 20:32:13.618 DBG] ActionDispatcher :: Queueing 'Sub Goal' (361aa588-5f31-4e19-b8a5-099cae52479d, TimedAction) to 'Default' (00000000-0000-0000-0000-000000000000), with 11 arguments
[2026-03-22 20:32:13.618 DBG] ActionQueue :: 'Default' (00000000-0000-0000-0000-000000000000) :: Enqueue action 361aa588-5f31-4e19-b8a5-099cae52479d
[2026-03-22 20:32:13.618 DBG] ActionQueue :: 'Default' (00000000-0000-0000-0000-000000000000) :: Handling queue
[2026-03-22 20:32:13.618 DBG] ActionQueue :: 'Default' (00000000-0000-0000-0000-000000000000) :: Performing non-blocking 'Sub Goal' (361aa588-5f31-4e19-b8a5-099cae52479d, d9843ead-d4e5-4f9e-a880-107c4bdd1280)
[2026-03-22 20:32:50.088 DBG] ViewerRepo :: UpdatePresence(twitch, 5), 0.0396ms
[2026-03-22 20:32:50.142 DBG] TwitchService :: Presence Timer :: Artificially updated presence with a threshold of 5 minutes (53.2088ms)
[2026-03-22 20:33:50.095 DBG] ViewerRepo :: UpdatePresence(twitch, 5), 0.0344ms
[2026-03-22 20:33:50.151 DBG] TwitchService :: Presence Timer :: Artificially updated presence with a threshold of 5 minutes (56.347ms)
[2026-03-22 20:34:18.925 DBG] Credits :: Time to save 16.9216ms
[2026-03-22 20:34:50.108 DBG] ViewerRepo :: UpdatePresence(twitch, 5), 0.0372ms
[2026-03-22 20:34:50.167 DBG] TwitchService :: Presence Timer :: Artificially updated presence with a threshold of 5 minutes (60.4113ms)
[2026-03-22 20:35:50.118 DBG] ViewerRepo :: UpdatePresence(twitch, 5), 0.0387ms
[2026-03-22 20:35:50.177 DBG] TwitchService :: Presence Timer :: Artificially updated presence with a threshold of 5 minutes (59.3972ms)
[2026-03-22 20:36:46.855 DBG] AutoSave :: Auto saving settings...
[2026-03-22 20:36:46.875 DBG] Users :: Time to save 19.8697ms
[2026-03-22 20:36:46.899 DBG] Actions :: Time to save 24.6489ms
[2026-03-22 20:36:46.918 DBG] Commands :: Time to save 18.7298ms
[2026-03-22 20:36:46.936 DBG] Twitch Rewards :: Time to save 17.7267ms
[2026-03-22 20:36:46.950 DBG] Midi :: Time to save 14.4986ms
[2026-03-22 20:36:46.960 DBG] OBS Settings :: Time to save 10.6381ms
[2026-03-22 20:36:46.975 DBG] MeldStudio Settings :: Time to save 13.974ms
[2026-03-22 20:36:46.988 DBG] Credits :: Time to save 13.574ms
[2026-03-22 20:36:47.002 DBG] Quotes :: Time to save 13.9027ms
[2026-03-22 20:36:47.077 DBG] Config :: Time to save 19.5323ms
[2026-03-22 20:36:50.129 DBG] ViewerRepo :: UpdatePresence(twitch, 5), 0.038ms
[2026-03-22 20:36:50.179 DBG] TwitchService :: Presence Timer :: Artificially updated presence with a threshold of 5 minutes (51.4295ms)
[2026-03-22 20:37:50.136 DBG] ViewerRepo :: UpdatePresence(twitch, 5), 0.036ms
[2026-03-22 20:37:50.192 DBG] TwitchService :: Presence Timer :: Artificially updated presence with a threshold of 5 minutes (55.7854ms)
[2026-03-22 20:38:50.145 DBG] ViewerRepo :: UpdatePresence(twitch, 5), 0.0327ms
[2026-03-22 20:38:50.200 DBG] TwitchService :: Presence Timer :: Artificially updated presence with a threshold of 5 minutes (55.7634ms)
[2026-03-22 20:39:18.930 DBG] Credits :: Time to save 16.3086ms
[2026-03-22 20:39:50.145 DBG] ViewerRepo :: UpdatePresence(twitch, 5), 0.0354ms
[2026-03-22 20:39:50.199 DBG] TwitchService :: Presence Timer :: Artificially updated presence with a threshold of 5 minutes (54.1452ms)
[2026-03-22 20:40:50.157 DBG] ViewerRepo :: UpdatePresence(twitch, 5), 0.0406ms
[2026-03-22 20:40:50.214 DBG] TwitchService :: Presence Timer :: Artificially updated presence with a threshold of 5 minutes (56.5719ms)
[2026-03-22 20:41:47.101 DBG] AutoSave :: Auto saving settings...
[2026-03-22 20:41:47.121 DBG] Users :: Time to save 19.8993ms
[2026-03-22 20:41:47.145 DBG] Actions :: Time to save 24.6063ms
[2026-03-22 20:41:47.162 DBG] Commands :: Time to save 16.7635ms
[2026-03-22 20:41:47.179 DBG] Twitch Rewards :: Time to save 16.797ms
[2026-03-22 20:41:47.190 DBG] Midi :: Time to save 11.1206ms
[2026-03-22 20:41:47.206 DBG] OBS Settings :: Time to save 15.2688ms
[2026-03-22 20:41:47.221 DBG] MeldStudio Settings :: Time to save 15.0641ms
[2026-03-22 20:41:47.235 DBG] Credits :: Time to save 14.2485ms
[2026-03-22 20:41:47.252 DBG] Quotes :: Time to save 17.3148ms
[2026-03-22 20:41:47.325 DBG] Config :: Time to save 18.8246ms
[2026-03-22 20:41:50.172 DBG] ViewerRepo :: UpdatePresence(twitch, 5), 0.0606ms
[2026-03-22 20:41:50.229 DBG] TwitchService :: Presence Timer :: Artificially updated presence with a threshold of 5 minutes (57.7615ms)
[2026-03-22 20:42:14.557 DBG] ActionDispatcher :: Queueing 'Sub Goal' (361aa588-5f31-4e19-b8a5-099cae52479d, TimedAction) to 'Default' (00000000-0000-0000-0000-000000000000), with 11 arguments
[2026-03-22 20:42:14.557 DBG] ActionQueue :: 'Default' (00000000-0000-0000-0000-000000000000) :: Enqueue action 361aa588-5f31-4e19-b8a5-099cae52479d
[2026-03-22 20:42:14.557 DBG] ActionQueue :: 'Default' (00000000-0000-0000-0000-000000000000) :: Handling queue
[2026-03-22 20:42:14.557 DBG] ActionQueue :: 'Default' (00000000-0000-0000-0000-000000000000) :: Performing non-blocking 'Sub Goal' (361aa588-5f31-4e19-b8a5-099cae52479d, bef92e50-9b59-4619-9d64-cf5da9e4d621)
[2026-03-22 20:42:50.180 DBG] ViewerRepo :: UpdatePresence(twitch, 5), 0.0354ms
[2026-03-22 20:42:50.235 DBG] TwitchService :: Presence Timer :: Artificially updated presence with a threshold of 5 minutes (54.7623ms)
[2026-03-22 20:43:50.194 DBG] ViewerRepo :: UpdatePresence(twitch, 5), 0.0352ms
[2026-03-22 20:43:50.250 DBG] TwitchService :: Presence Timer :: Artificially updated presence with a threshold of 5 minutes (56.3699ms)
[2026-03-22 20:44:18.939 DBG] Credits :: Time to save 16.313ms
[2026-03-22 20:44:50.200 DBG] ViewerRepo :: UpdatePresence(twitch, 5), 0.037ms
[2026-03-22 20:44:50.253 DBG] TwitchService :: Presence Timer :: Artificially updated presence with a threshold of 5 minutes (52.981ms)
[2026-03-22 20:45:50.205 DBG] ViewerRepo :: UpdatePresence(twitch, 5), 0.0329ms
[2026-03-22 20:45:50.260 DBG] TwitchService :: Presence Timer :: Artificially updated presence with a threshold of 5 minutes (54.4341ms)
[2026-03-22 20:46:47.341 DBG] AutoSave :: Auto saving settings...
[2026-03-22 20:46:47.355 DBG] Users :: Time to save 13.4287ms
[2026-03-22 20:46:47.380 DBG] Actions :: Time to save 26.081ms
[2026-03-22 20:46:47.397 DBG] Commands :: Time to save 17.2613ms
[2026-03-22 20:46:47.416 DBG] Twitch Rewards :: Time to save 18.4569ms
[2026-03-22 20:46:47.432 DBG] Midi :: Time to save 15.5324ms
[2026-03-22 20:46:47.448 DBG] OBS Settings :: Time to save 15.9213ms
[2026-03-22 20:46:47.463 DBG] MeldStudio Settings :: Time to save 14.9706ms
[2026-03-22 20:46:47.477 DBG] Credits :: Time to save 14.1806ms
[2026-03-22 20:46:47.493 DBG] Quotes :: Time to save 16.5158ms
[2026-03-22 20:46:47.563 DBG] Config :: Time to save 18.7297ms
[2026-03-22 20:46:50.228 DBG] ViewerRepo :: UpdatePresence(twitch, 5), 0.0418ms
[2026-03-22 20:46:50.282 DBG] TwitchService :: Presence Timer :: Artificially updated presence with a threshold of 5 minutes (54.4203ms)
[2026-03-22 20:47:50.244 DBG] ViewerRepo :: UpdatePresence(twitch, 5), 0.0386ms
[2026-03-22 20:47:50.295 DBG] TwitchService :: Presence Timer :: Artificially updated presence with a threshold of 5 minutes (51.8464ms)
[2026-03-22 20:48:50.251 DBG] ViewerRepo :: UpdatePresence(twitch, 5), 0.0514ms
[2026-03-22 20:48:50.309 DBG] TwitchService :: Presence Timer :: Artificially updated presence with a threshold of 5 minutes (58.3689ms)
[2026-03-22 20:49:18.943 DBG] Credits :: Time to save 16.5913ms
[2026-03-22 20:49:50.253 DBG] ViewerRepo :: UpdatePresence(twitch, 5), 0.0368ms
[2026-03-22 20:49:50.310 DBG] TwitchService :: Presence Timer :: Artificially updated presence with a threshold of 5 minutes (57.2131ms)
[2026-03-22 20:50:50.272 DBG] ViewerRepo :: UpdatePresence(twitch, 5), 0.0378ms
[2026-03-22 20:50:50.325 DBG] TwitchService :: Presence Timer :: Artificially updated presence with a threshold of 5 minutes (53.7164ms)
[2026-03-22 20:51:47.551 DBG] AutoSave :: Auto saving settings...
[2026-03-22 20:51:47.568 DBG] Users :: Time to save 17.7642ms
[2026-03-22 20:51:47.594 DBG] Actions :: Time to save 24.7797ms
[2026-03-22 20:51:47.611 DBG] Commands :: Time to save 17.7978ms
[2026-03-22 20:51:47.626 DBG] Twitch Rewards :: Time to save 14.7032ms
[2026-03-22 20:51:47.641 DBG] Midi :: Time to save 14.9148ms
[2026-03-22 20:51:47.652 DBG] OBS Settings :: Time to save 11.409ms
[2026-03-22 20:51:47.668 DBG] MeldStudio Settings :: Time to save 15.7458ms
[2026-03-22 20:51:47.684 DBG] Credits :: Time to save 15.5229ms
[2026-03-22 20:51:47.701 DBG] Quotes :: Time to save 17.6719ms
[2026-03-22 20:51:47.773 DBG] Config :: Time to save 20.7584ms
[2026-03-22 20:51:50.273 DBG] ViewerRepo :: UpdatePresence(twitch, 5), 0.0472ms
[2026-03-22 20:51:50.329 DBG] TwitchService :: Presence Timer :: Artificially updated presence with a threshold of 5 minutes (56.558ms)
[2026-03-22 20:52:15.505 DBG] ActionDispatcher :: Queueing 'Sub Goal' (361aa588-5f31-4e19-b8a5-099cae52479d, TimedAction) to 'Default' (00000000-0000-0000-0000-000000000000), with 11 arguments
[2026-03-22 20:52:15.505 DBG] ActionQueue :: 'Default' (00000000-0000-0000-0000-000000000000) :: Enqueue action 361aa588-5f31-4e19-b8a5-099cae52479d
[2026-03-22 20:52:15.505 DBG] ActionQueue :: 'Default' (00000000-0000-0000-0000-000000000000) :: Handling queue
[2026-03-22 20:52:15.505 DBG] ActionQueue :: 'Default' (00000000-0000-0000-0000-000000000000) :: Performing non-blocking 'Sub Goal' (361aa588-5f31-4e19-b8a5-099cae52479d, dbef716c-dd29-44d8-95b6-2fc50e4a8d36)
[2026-03-22 20:52:50.278 DBG] ViewerRepo :: UpdatePresence(twitch, 5), 0.0368ms
[2026-03-22 20:52:50.332 DBG] TwitchService :: Presence Timer :: Artificially updated presence with a threshold of 5 minutes (53.3956ms)
[2026-03-22 20:53:50.289 DBG] ViewerRepo :: UpdatePresence(twitch, 5), 0.0368ms
[2026-03-22 20:53:50.348 DBG] TwitchService :: Presence Timer :: Artificially updated presence with a threshold of 5 minutes (59.3581ms)
[2026-03-22 20:54:18.951 DBG] Credits :: Time to save 16.656ms
[2026-03-22 20:54:50.305 DBG] ViewerRepo :: UpdatePresence(twitch, 5), 0.0349ms
[2026-03-22 20:54:50.363 DBG] TwitchService :: Presence Timer :: Artificially updated presence with a threshold of 5 minutes (59.3229ms)
[2026-03-22 20:55:50.310 DBG] ViewerRepo :: UpdatePresence(twitch, 5), 0.039ms
[2026-03-22 20:55:50.369 DBG] TwitchService :: Presence Timer :: Artificially updated presence with a threshold of 5 minutes (59.7213ms)
[2026-03-22 20:56:47.781 DBG] AutoSave :: Auto saving settings...
[2026-03-22 20:56:47.800 DBG] Users :: Time to save 20.6779ms
[2026-03-22 20:56:47.826 DBG] Actions :: Time to save 24.4447ms
[2026-03-22 20:56:47.838 DBG] Commands :: Time to save 12.0612ms
[2026-03-22 20:56:47.855 DBG] Twitch Rewards :: Time to save 16.764ms
[2026-03-22 20:56:47.870 DBG] Midi :: Time to save 14.7425ms
[2026-03-22 20:56:47.884 DBG] OBS Settings :: Time to save 14.4491ms
[2026-03-22 20:56:47.899 DBG] MeldStudio Settings :: Time to save 14.7777ms
[2026-03-22 20:56:47.912 DBG] Credits :: Time to save 12.8556ms
[2026-03-22 20:56:47.926 DBG] Quotes :: Time to save 14.072ms
[2026-03-22 20:56:48.002 DBG] Config :: Time to save 19.6156ms
[2026-03-22 20:56:50.311 DBG] ViewerRepo :: UpdatePresence(twitch, 5), 0.0382ms
[2026-03-22 20:56:50.365 DBG] TwitchService :: Presence Timer :: Artificially updated presence with a threshold of 5 minutes (53.4834ms)
[2026-03-22 20:57:50.325 DBG] ViewerRepo :: UpdatePresence(twitch, 5), 0.0355ms
[2026-03-22 20:57:50.382 DBG] TwitchService :: Presence Timer :: Artificially updated presence with a threshold of 5 minutes (57.378ms)
[2026-03-22 20:58:50.330 DBG] ViewerRepo :: UpdatePresence(twitch, 5), 0.0361ms
[2026-03-22 20:58:50.385 DBG] TwitchService :: Presence Timer :: Artificially updated presence with a threshold of 5 minutes (54.784ms)
[2026-03-22 20:59:18.953 DBG] Credits :: Time to save 13.4436ms
[2026-03-22 20:59:50.343 DBG] ViewerRepo :: UpdatePresence(twitch, 5), 0.0372ms
[2026-03-22 20:59:50.398 DBG] TwitchService :: Presence Timer :: Artificially updated presence with a threshold of 5 minutes (54.9583ms)
[2026-03-22 21:00:50.368 DBG] ViewerRepo :: UpdatePresence(twitch, 5), 0.0338ms
[2026-03-22 21:00:50.425 DBG] TwitchService :: Presence Timer :: Artificially updated presence with a threshold of 5 minutes (56.6988ms)
[2026-03-22 21:01:48.015 DBG] AutoSave :: Auto saving settings...
[2026-03-22 21:01:48.035 DBG] Users :: Time to save 19.9007ms
[2026-03-22 21:01:48.059 DBG] Actions :: Time to save 24.0719ms
[2026-03-22 21:01:48.076 DBG] Commands :: Time to save 16.9523ms
[2026-03-22 21:01:48.091 DBG] Twitch Rewards :: Time to save 14.9714ms
[2026-03-22 21:01:48.105 DBG] Midi :: Time to save 14.3634ms
[2026-03-22 21:01:48.120 DBG] OBS Settings :: Time to save 14.9631ms
[2026-03-22 21:01:48.135 DBG] MeldStudio Settings :: Time to save 14.9026ms
[2026-03-22 21:01:48.150 DBG] Credits :: Time to save 14.423ms
[2026-03-22 21:01:48.163 DBG] Quotes :: Time to save 13.0611ms
[2026-03-22 21:01:48.231 DBG] Config :: Time to save 13.7659ms
[2026-03-22 21:01:50.378 DBG] ViewerRepo :: UpdatePresence(twitch, 5), 0.0346ms
[2026-03-22 21:01:50.432 DBG] TwitchService :: Presence Timer :: Artificially updated presence with a threshold of 5 minutes (54.6742ms)
[2026-03-22 21:02:15.647 DBG] ActionDispatcher :: Queueing 'Sub Goal' (361aa588-5f31-4e19-b8a5-099cae52479d, TimedAction) to 'Default' (00000000-0000-0000-0000-000000000000), with 11 arguments
[2026-03-22 21:02:15.647 DBG] ActionQueue :: 'Default' (00000000-0000-0000-0000-000000000000) :: Enqueue action 361aa588-5f31-4e19-b8a5-099cae52479d
[2026-03-22 21:02:15.647 DBG] ActionQueue :: 'Default' (00000000-0000-0000-0000-000000000000) :: Handling queue
[2026-03-22 21:02:15.647 DBG] ActionQueue :: 'Default' (00000000-0000-0000-0000-000000000000) :: Performing non-blocking 'Sub Goal' (361aa588-5f31-4e19-b8a5-099cae52479d, fd8dc8d7-4d04-4e8b-9611-eba7f163e93e)
[2026-03-22 21:02:50.391 DBG] ViewerRepo :: UpdatePresence(twitch, 5), 0.0399ms
[2026-03-22 21:02:50.443 DBG] TwitchService :: Presence Timer :: Artificially updated presence with a threshold of 5 minutes (52.9394ms)
[2026-03-22 21:03:50.400 DBG] ViewerRepo :: UpdatePresence(twitch, 5), 0.0384ms
[2026-03-22 21:03:50.457 DBG] TwitchService :: Presence Timer :: Artificially updated presence with a threshold of 5 minutes (57.4577ms)
[2026-03-22 21:04:18.968 DBG] Credits :: Time to save 15.6745ms
[2026-03-22 21:04:50.400 DBG] ViewerRepo :: UpdatePresence(twitch, 5), 0.0381ms
[2026-03-22 21:04:50.455 DBG] TwitchService :: Presence Timer :: Artificially updated presence with a threshold of 5 minutes (55.1593ms)
[2026-03-22 21:05:50.414 DBG] ViewerRepo :: UpdatePresence(twitch, 5), 0.0405ms
[2026-03-22 21:05:50.467 DBG] TwitchService :: Presence Timer :: Artificially updated presence with a threshold of 5 minutes (53.3833ms)
[2026-03-22 21:06:48.267 DBG] AutoSave :: Auto saving settings...
[2026-03-22 21:06:48.287 DBG] Users :: Time to save 19.9416ms
[2026-03-22 21:06:48.311 DBG] Actions :: Time to save 23.6737ms
[2026-03-22 21:06:48.327 DBG] Commands :: Time to save 16.2058ms
[2026-03-22 21:06:48.344 DBG] Twitch Rewards :: Time to save 16.5497ms
[2026-03-22 21:06:48.360 DBG] Midi :: Time to save 15.7046ms
[2026-03-22 21:06:48.375 DBG] OBS Settings :: Time to save 14.9919ms
[2026-03-22 21:06:48.390 DBG] MeldStudio Settings :: Time to save 15.4062ms
[2026-03-22 21:06:48.406 DBG] Credits :: Time to save 16.0696ms
[2026-03-22 21:06:48.423 DBG] Quotes :: Time to save 17.3169ms
[2026-03-22 21:06:48.488 DBG] Config :: Time to save 19.4413ms
[2026-03-22 21:06:50.417 DBG] ViewerRepo :: UpdatePresence(twitch, 5), 0.0339ms
[2026-03-22 21:06:50.475 DBG] TwitchService :: Presence Timer :: Artificially updated presence with a threshold of 5 minutes (57.5039ms)
[2026-03-22 21:07:50.432 DBG] ViewerRepo :: UpdatePresence(twitch, 5), 0.0478ms
[2026-03-22 21:07:50.486 DBG] TwitchService :: Presence Timer :: Artificially updated presence with a threshold of 5 minutes (53.8833ms)
[2026-03-22 21:08:50.438 DBG] ViewerRepo :: UpdatePresence(twitch, 5), 0.0502ms
[2026-03-22 21:08:50.499 DBG] TwitchService :: Presence Timer :: Artificially updated presence with a threshold of 5 minutes (61.1517ms)
[2026-03-22 21:09:18.970 DBG] Credits :: Time to save 15.121ms
[2026-03-22 21:09:50.441 DBG] ViewerRepo :: UpdatePresence(twitch, 5), 0.0389ms
[2026-03-22 21:09:50.493 DBG] TwitchService :: Presence Timer :: Artificially updated presence with a threshold of 5 minutes (53.0596ms)
[2026-03-22 21:10:50.443 DBG] ViewerRepo :: UpdatePresence(twitch, 5), 0.0364ms
[2026-03-22 21:10:50.497 DBG] TwitchService :: Presence Timer :: Artificially updated presence with a threshold of 5 minutes (54.3045ms)
[2026-03-22 21:11:48.482 DBG] AutoSave :: Auto saving settings...
[2026-03-22 21:11:48.503 DBG] Users :: Time to save 20.508ms
[2026-03-22 21:11:48.522 DBG] Actions :: Time to save 19.2944ms
[2026-03-22 21:11:48.539 DBG] Commands :: Time to save 16.1751ms
[2026-03-22 21:11:48.556 DBG] Twitch Rewards :: Time to save 16.9677ms
[2026-03-22 21:11:48.571 DBG] Midi :: Time to save 14.8168ms
[2026-03-22 21:11:48.586 DBG] OBS Settings :: Time to save 15.1908ms
[2026-03-22 21:11:48.600 DBG] MeldStudio Settings :: Time to save 13.6208ms
[2026-03-22 21:11:48.616 DBG] Credits :: Time to save 17.0276ms
[2026-03-22 21:11:48.635 DBG] Quotes :: Time to save 18.023ms
[2026-03-22 21:11:48.703 DBG] Config :: Time to save 18.9531ms
[2026-03-22 21:11:50.457 DBG] ViewerRepo :: UpdatePresence(twitch, 5), 0.0391ms
[2026-03-22 21:11:50.515 DBG] TwitchService :: Presence Timer :: Artificially updated presence with a threshold of 5 minutes (58.2341ms)
[2026-03-22 21:12:16.488 DBG] ActionDispatcher :: Queueing 'Sub Goal' (361aa588-5f31-4e19-b8a5-099cae52479d, TimedAction) to 'Default' (00000000-0000-0000-0000-000000000000), with 11 arguments
[2026-03-22 21:12:16.488 DBG] ActionQueue :: 'Default' (00000000-0000-0000-0000-000000000000) :: Enqueue action 361aa588-5f31-4e19-b8a5-099cae52479d
[2026-03-22 21:12:16.488 DBG] ActionQueue :: 'Default' (00000000-0000-0000-0000-000000000000) :: Handling queue
[2026-03-22 21:12:16.488 DBG] ActionQueue :: 'Default' (00000000-0000-0000-0000-000000000000) :: Performing non-blocking 'Sub Goal' (361aa588-5f31-4e19-b8a5-099cae52479d, 96c6b85f-d4af-4238-ba6e-30c63598aa34)
[2026-03-22 21:12:50.464 DBG] ViewerRepo :: UpdatePresence(twitch, 5), 0.038ms
[2026-03-22 21:12:50.515 DBG] TwitchService :: Presence Timer :: Artificially updated presence with a threshold of 5 minutes (50.9003ms)
[2026-03-22 21:13:50.471 DBG] ViewerRepo :: UpdatePresence(twitch, 5), 0.05ms
[2026-03-22 21:13:50.525 DBG] TwitchService :: Presence Timer :: Artificially updated presence with a threshold of 5 minutes (52.8966ms)
[2026-03-22 21:14:18.981 DBG] Credits :: Time to save 15.9355ms
[2026-03-22 21:14:50.473 DBG] ViewerRepo :: UpdatePresence(twitch, 5), 0.0371ms
[2026-03-22 21:14:50.536 DBG] TwitchService :: Presence Timer :: Artificially updated presence with a threshold of 5 minutes (62.885ms)
[2026-03-22 21:15:50.482 DBG] ViewerRepo :: UpdatePresence(twitch, 5), 0.0399ms
[2026-03-22 21:15:50.541 DBG] TwitchService :: Presence Timer :: Artificially updated presence with a threshold of 5 minutes (59.2929ms)
[2026-03-22 21:16:48.728 DBG] AutoSave :: Auto saving settings...
[2026-03-22 21:16:48.748 DBG] Users :: Time to save 20.3275ms
[2026-03-22 21:16:48.775 DBG] Actions :: Time to save 26.8193ms
[2026-03-22 21:16:48.793 DBG] Commands :: Time to save 17.6158ms
[2026-03-22 21:16:48.810 DBG] Twitch Rewards :: Time to save 17.4339ms
[2026-03-22 21:16:48.824 DBG] Midi :: Time to save 14.4753ms
[2026-03-22 21:16:48.840 DBG] OBS Settings :: Time to save 15.3185ms
[2026-03-22 21:16:48.855 DBG] MeldStudio Settings :: Time to save 14.7236ms
[2026-03-22 21:16:48.866 DBG] Credits :: Time to save 12.0859ms
[2026-03-22 21:16:48.885 DBG] Quotes :: Time to save 17.604ms
[2026-03-22 21:16:48.950 DBG] Config :: Time to save 19.6615ms
[2026-03-22 21:16:50.486 DBG] ViewerRepo :: UpdatePresence(twitch, 5), 0.0364ms
[2026-03-22 21:16:50.548 DBG] TwitchService :: Presence Timer :: Artificially updated presence with a threshold of 5 minutes (61.4899ms)
[2026-03-22 21:17:50.488 DBG] ViewerRepo :: UpdatePresence(twitch, 5), 0.0589ms
[2026-03-22 21:17:50.541 DBG] TwitchService :: Presence Timer :: Artificially updated presence with a threshold of 5 minutes (53.3995ms)
[2026-03-22 21:18:50.496 DBG] ViewerRepo :: UpdatePresence(twitch, 5), 0.0371ms
[2026-03-22 21:18:50.549 DBG] TwitchService :: Presence Timer :: Artificially updated presence with a threshold of 5 minutes (52.398ms)
[2026-03-22 21:19:18.981 DBG] Credits :: Time to save 16.5951ms
[2026-03-22 21:19:50.512 DBG] ViewerRepo :: UpdatePresence(twitch, 5), 0.0361ms
[2026-03-22 21:19:50.565 DBG] TwitchService :: Presence Timer :: Artificially updated presence with a threshold of 5 minutes (53.1751ms)
[2026-03-22 21:20:50.520 DBG] ViewerRepo :: UpdatePresence(twitch, 5), 0.0475ms
[2026-03-22 21:20:50.573 DBG] TwitchService :: Presence Timer :: Artificially updated presence with a threshold of 5 minutes (53.3801ms)
[2026-03-22 21:21:49.006 DBG] AutoSave :: Auto saving settings...
[2026-03-22 21:21:49.026 DBG] Users :: Time to save 19.3549ms
[2026-03-22 21:21:49.049 DBG] Actions :: Time to save 23.3411ms
[2026-03-22 21:21:49.065 DBG] Commands :: Time to save 16.2865ms
[2026-03-22 21:21:49.082 DBG] Twitch Rewards :: Time to save 16.1072ms
[2026-03-22 21:21:49.096 DBG] Midi :: Time to save 14.3436ms
[2026-03-22 21:21:49.110 DBG] OBS Settings :: Time to save 14.3868ms
[2026-03-22 21:21:49.125 DBG] MeldStudio Settings :: Time to save 14.3762ms
[2026-03-22 21:21:49.139 DBG] Credits :: Time to save 14.2118ms
[2026-03-22 21:21:49.155 DBG] Quotes :: Time to save 16.5689ms
[2026-03-22 21:21:49.228 DBG] Config :: Time to save 20.4736ms
[2026-03-22 21:21:50.520 DBG] ViewerRepo :: UpdatePresence(twitch, 5), 0.0504ms
[2026-03-22 21:21:50.571 DBG] TwitchService :: Presence Timer :: Artificially updated presence with a threshold of 5 minutes (52.1736ms)
[2026-03-22 21:22:17.387 DBG] ActionDispatcher :: Queueing 'Sub Goal' (361aa588-5f31-4e19-b8a5-099cae52479d, TimedAction) to 'Default' (00000000-0000-0000-0000-000000000000), with 11 arguments
[2026-03-22 21:22:17.387 DBG] ActionQueue :: 'Default' (00000000-0000-0000-0000-000000000000) :: Enqueue action 361aa588-5f31-4e19-b8a5-099cae52479d
[2026-03-22 21:22:17.387 DBG] ActionQueue :: 'Default' (00000000-0000-0000-0000-000000000000) :: Handling queue
[2026-03-22 21:22:17.387 DBG] ActionQueue :: 'Default' (00000000-0000-0000-0000-000000000000) :: Performing non-blocking 'Sub Goal' (361aa588-5f31-4e19-b8a5-099cae52479d, 3c079c1f-1d70-42f2-88cb-d5137b100812)
[2026-03-22 21:22:50.527 DBG] ViewerRepo :: UpdatePresence(twitch, 5), 0.0398ms
[2026-03-22 21:22:50.579 DBG] TwitchService :: Presence Timer :: Artificially updated presence with a threshold of 5 minutes (53.4402ms)
[2026-03-22 21:23:50.542 DBG] ViewerRepo :: UpdatePresence(twitch, 5), 0.036ms
[2026-03-22 21:23:51.090 DBG] TwitchService :: Presence Timer :: Artificially updated presence with a threshold of 5 minutes (548.7286ms)
[2026-03-22 21:24:18.989 DBG] Credits :: Time to save 16.9397ms
[2026-03-22 21:24:50.552 DBG] ViewerRepo :: UpdatePresence(twitch, 5), 0.0348ms
[2026-03-22 21:24:50.607 DBG] TwitchService :: Presence Timer :: Artificially updated presence with a threshold of 5 minutes (55.6506ms)
[2026-03-22 21:25:50.572 DBG] ViewerRepo :: UpdatePresence(twitch, 5), 0.0386ms
[2026-03-22 21:25:50.625 DBG] TwitchService :: Presence Timer :: Artificially updated presence with a threshold of 5 minutes (53.5249ms)
[2026-03-22 21:26:49.252 DBG] AutoSave :: Auto saving settings...
[2026-03-22 21:26:49.274 DBG] Users :: Time to save 21.7777ms
[2026-03-22 21:26:49.299 DBG] Actions :: Time to save 24.8116ms
[2026-03-22 21:26:49.318 DBG] Commands :: Time to save 18.7848ms
[2026-03-22 21:26:49.336 DBG] Twitch Rewards :: Time to save 17.9913ms
[2026-03-22 21:26:49.350 DBG] Midi :: Time to save 14.5082ms
[2026-03-22 21:26:49.365 DBG] OBS Settings :: Time to save 14.2841ms
[2026-03-22 21:26:49.379 DBG] MeldStudio Settings :: Time to save 14.3913ms
[2026-03-22 21:26:49.393 DBG] Credits :: Time to save 14.6486ms
[2026-03-22 21:26:49.412 DBG] Quotes :: Time to save 18.2281ms
[2026-03-22 21:26:49.477 DBG] Config :: Time to save 21.1873ms
[2026-03-22 21:26:50.580 DBG] ViewerRepo :: UpdatePresence(twitch, 5), 0.0351ms
[2026-03-22 21:26:50.634 DBG] TwitchService :: Presence Timer :: Artificially updated presence with a threshold of 5 minutes (54.4478ms)
[2026-03-22 21:27:50.594 DBG] ViewerRepo :: UpdatePresence(twitch, 5), 0.0407ms
[2026-03-22 21:27:50.651 DBG] TwitchService :: Presence Timer :: Artificially updated presence with a threshold of 5 minutes (57.5721ms)
[2026-03-22 21:28:50.608 DBG] ViewerRepo :: UpdatePresence(twitch, 5), 0.0351ms
[2026-03-22 21:28:50.664 DBG] TwitchService :: Presence Timer :: Artificially updated presence with a threshold of 5 minutes (55.7767ms)
[2026-03-22 21:29:18.996 DBG] Credits :: Time to save 19.4619ms
[2026-03-22 21:29:50.623 DBG] ViewerRepo :: UpdatePresence(twitch, 5), 0.036ms
[2026-03-22 21:29:50.677 DBG] TwitchService :: Presence Timer :: Artificially updated presence with a threshold of 5 minutes (54.2224ms)
[2026-03-22 21:30:50.650 DBG] ViewerRepo :: UpdatePresence(twitch, 5), 0.0365ms
[2026-03-22 21:30:50.709 DBG] TwitchService :: Presence Timer :: Artificially updated presence with a threshold of 5 minutes (60.16ms)
[2026-03-22 21:31:49.499 DBG] AutoSave :: Auto saving settings...
[2026-03-22 21:31:49.521 DBG] Users :: Time to save 22.0925ms
[2026-03-22 21:31:49.543 DBG] Actions :: Time to save 22.7745ms
[2026-03-22 21:31:49.560 DBG] Commands :: Time to save 16.6078ms
[2026-03-22 21:31:49.576 DBG] Twitch Rewards :: Time to save 15.9344ms
[2026-03-22 21:31:49.590 DBG] Midi :: Time to save 13.9026ms
[2026-03-22 21:31:49.604 DBG] OBS Settings :: Time to save 14.26ms
[2026-03-22 21:31:49.619 DBG] MeldStudio Settings :: Time to save 14.6294ms
[2026-03-22 21:31:49.632 DBG] Credits :: Time to save 13.8852ms
[2026-03-22 21:31:49.650 DBG] Quotes :: Time to save 16.7209ms
[2026-03-22 21:31:49.722 DBG] Config :: Time to save 20.0759ms
[2026-03-22 21:31:50.660 DBG] ViewerRepo :: UpdatePresence(twitch, 5), 0.0375ms
[2026-03-22 21:31:50.713 DBG] TwitchService :: Presence Timer :: Artificially updated presence with a threshold of 5 minutes (53.1485ms)
[2026-03-22 21:32:18.013 DBG] ActionDispatcher :: Queueing 'Sub Goal' (361aa588-5f31-4e19-b8a5-099cae52479d, TimedAction) to 'Default' (00000000-0000-0000-0000-000000000000), with 11 arguments
[2026-03-22 21:32:18.013 DBG] ActionQueue :: 'Default' (00000000-0000-0000-0000-000000000000) :: Enqueue action 361aa588-5f31-4e19-b8a5-099cae52479d
[2026-03-22 21:32:18.013 DBG] ActionQueue :: 'Default' (00000000-0000-0000-0000-000000000000) :: Handling queue
[2026-03-22 21:32:18.013 DBG] ActionQueue :: 'Default' (00000000-0000-0000-0000-000000000000) :: Performing non-blocking 'Sub Goal' (361aa588-5f31-4e19-b8a5-099cae52479d, e830ab17-049e-4f50-b152-9db893c97948)
[2026-03-22 21:32:50.669 DBG] ViewerRepo :: UpdatePresence(twitch, 5), 0.0372ms
[2026-03-22 21:32:50.726 DBG] TwitchService :: Presence Timer :: Artificially updated presence with a threshold of 5 minutes (56.9204ms)
[2026-03-22 21:33:50.684 DBG] ViewerRepo :: UpdatePresence(twitch, 5), 0.0371ms
[2026-03-22 21:33:50.742 DBG] TwitchService :: Presence Timer :: Artificially updated presence with a threshold of 5 minutes (57.869ms)
[2026-03-22 21:34:18.999 DBG] Credits :: Time to save 16.6784ms
[2026-03-22 21:34:50.690 DBG] ViewerRepo :: UpdatePresence(twitch, 5), 0.0347ms
[2026-03-22 21:34:50.751 DBG] TwitchService :: Presence Timer :: Artificially updated presence with a threshold of 5 minutes (61.0053ms)
[2026-03-22 21:35:50.704 DBG] ViewerRepo :: UpdatePresence(twitch, 5), 0.0429ms
[2026-03-22 21:35:50.755 DBG] TwitchService :: Presence Timer :: Artificially updated presence with a threshold of 5 minutes (52.1499ms)
[2026-03-22 21:36:49.712 DBG] AutoSave :: Auto saving settings...
[2026-03-22 21:36:49.734 DBG] Users :: Time to save 22.2223ms
[2026-03-22 21:36:49.761 DBG] Actions :: Time to save 25.9999ms
[2026-03-22 21:36:49.777 DBG] Commands :: Time to save 16.4688ms
[2026-03-22 21:36:49.794 DBG] Twitch Rewards :: Time to save 16.6835ms
[2026-03-22 21:36:49.809 DBG] Midi :: Time to save 14.9281ms
[2026-03-22 21:36:49.823 DBG] OBS Settings :: Time to save 14.3226ms
[2026-03-22 21:36:49.837 DBG] MeldStudio Settings :: Time to save 14.0785ms
[2026-03-22 21:36:49.850 DBG] Credits :: Time to save 13.3236ms
[2026-03-22 21:36:49.868 DBG] Quotes :: Time to save 16.9133ms
[2026-03-22 21:36:49.936 DBG] Config :: Time to save 19.3003ms
[2026-03-22 21:36:50.710 DBG] ViewerRepo :: UpdatePresence(twitch, 5), 0.0366ms
[2026-03-22 21:36:50.766 DBG] TwitchService :: Presence Timer :: Artificially updated presence with a threshold of 5 minutes (56.6322ms)
[2026-03-22 21:37:50.725 DBG] ViewerRepo :: UpdatePresence(twitch, 5), 0.0348ms
[2026-03-22 21:37:50.775 DBG] TwitchService :: Presence Timer :: Artificially updated presence with a threshold of 5 minutes (51.1062ms)
[2026-03-22 21:38:50.739 DBG] ViewerRepo :: UpdatePresence(twitch, 5), 0.037ms
[2026-03-22 21:38:50.795 DBG] TwitchService :: Presence Timer :: Artificially updated presence with a threshold of 5 minutes (55.3406ms)
[2026-03-22 21:39:19.002 DBG] Credits :: Time to save 16.8849ms
[2026-03-22 21:39:50.749 DBG] ViewerRepo :: UpdatePresence(twitch, 5), 0.0407ms
[2026-03-22 21:39:50.808 DBG] TwitchService :: Presence Timer :: Artificially updated presence with a threshold of 5 minutes (59.0244ms)
[2026-03-22 21:40:50.762 DBG] ViewerRepo :: UpdatePresence(twitch, 5), 0.054ms
[2026-03-22 21:40:50.821 DBG] TwitchService :: Presence Timer :: Artificially updated presence with a threshold of 5 minutes (58.1486ms)
[2026-03-22 21:41:49.952 DBG] AutoSave :: Auto saving settings...
[2026-03-22 21:41:49.976 DBG] Users :: Time to save 23.7128ms
[2026-03-22 21:41:50.000 DBG] Actions :: Time to save 24.2209ms
[2026-03-22 21:41:50.019 DBG] Commands :: Time to save 18.7884ms
[2026-03-22 21:41:50.036 DBG] Twitch Rewards :: Time to save 17.292ms
[2026-03-22 21:41:50.051 DBG] Midi :: Time to save 15.1131ms
[2026-03-22 21:41:50.067 DBG] OBS Settings :: Time to save 15.5903ms
[2026-03-22 21:41:50.082 DBG] MeldStudio Settings :: Time to save 15.6963ms
[2026-03-22 21:41:50.098 DBG] Credits :: Time to save 15.2442ms
[2026-03-22 21:41:50.115 DBG] Quotes :: Time to save 16.9729ms
[2026-03-22 21:41:50.175 DBG] Config :: Time to save 19.8324ms
[2026-03-22 21:41:50.764 DBG] ViewerRepo :: UpdatePresence(twitch, 5), 0.0355ms
[2026-03-22 21:41:50.822 DBG] TwitchService :: Presence Timer :: Artificially updated presence with a threshold of 5 minutes (58.3135ms)
[2026-03-22 21:42:18.811 DBG] ActionDispatcher :: Queueing 'Sub Goal' (361aa588-5f31-4e19-b8a5-099cae52479d, TimedAction) to 'Default' (00000000-0000-0000-0000-000000000000), with 11 arguments
[2026-03-22 21:42:18.811 DBG] ActionQueue :: 'Default' (00000000-0000-0000-0000-000000000000) :: Enqueue action 361aa588-5f31-4e19-b8a5-099cae52479d
[2026-03-22 21:42:18.811 DBG] ActionQueue :: 'Default' (00000000-0000-0000-0000-000000000000) :: Handling queue
[2026-03-22 21:42:18.811 DBG] ActionQueue :: 'Default' (00000000-0000-0000-0000-000000000000) :: Performing non-blocking 'Sub Goal' (361aa588-5f31-4e19-b8a5-099cae52479d, 690c79dc-7c76-42eb-8a93-f267904eb7a7)
[2026-03-22 21:42:50.767 DBG] ViewerRepo :: UpdatePresence(twitch, 5), 0.0395ms
[2026-03-22 21:42:50.822 DBG] TwitchService :: Presence Timer :: Artificially updated presence with a threshold of 5 minutes (55.4132ms)
[2026-03-22 21:43:50.772 DBG] ViewerRepo :: UpdatePresence(twitch, 5), 0.0356ms
[2026-03-22 21:43:50.828 DBG] TwitchService :: Presence Timer :: Artificially updated presence with a threshold of 5 minutes (55.2728ms)
[2026-03-22 21:44:19.011 DBG] Credits :: Time to save 18.2626ms
[2026-03-22 21:44:50.776 DBG] ViewerRepo :: UpdatePresence(twitch, 5), 0.0347ms
[2026-03-22 21:44:50.832 DBG] TwitchService :: Presence Timer :: Artificially updated presence with a threshold of 5 minutes (57.1826ms)
[2026-03-22 21:45:50.784 DBG] ViewerRepo :: UpdatePresence(twitch, 5), 0.0963ms
[2026-03-22 21:45:50.840 DBG] TwitchService :: Presence Timer :: Artificially updated presence with a threshold of 5 minutes (56.3071ms)
[2026-03-22 21:46:50.192 DBG] AutoSave :: Auto saving settings...
[2026-03-22 21:46:50.216 DBG] Users :: Time to save 23.1535ms
[2026-03-22 21:46:50.240 DBG] Actions :: Time to save 24.6368ms
[2026-03-22 21:46:50.257 DBG] Commands :: Time to save 17.1154ms
[2026-03-22 21:46:50.276 DBG] Twitch Rewards :: Time to save 17.6802ms
[2026-03-22 21:46:50.290 DBG] Midi :: Time to save 13.7588ms
[2026-03-22 21:46:50.305 DBG] OBS Settings :: Time to save 16.4336ms
[2026-03-22 21:46:50.320 DBG] MeldStudio Settings :: Time to save 15.1323ms
[2026-03-22 21:46:50.335 DBG] Credits :: Time to save 14.5775ms
[2026-03-22 21:46:50.353 DBG] Quotes :: Time to save 18.0038ms
[2026-03-22 21:46:50.412 DBG] Config :: Time to save 18.5131ms
[2026-03-22 21:46:50.785 DBG] ViewerRepo :: UpdatePresence(twitch, 5), 0.0347ms
[2026-03-22 21:46:50.846 DBG] TwitchService :: Presence Timer :: Artificially updated presence with a threshold of 5 minutes (60.9156ms)
[2026-03-22 21:47:50.787 DBG] ViewerRepo :: UpdatePresence(twitch, 5), 0.0355ms
[2026-03-22 21:47:50.840 DBG] TwitchService :: Presence Timer :: Artificially updated presence with a threshold of 5 minutes (53.7706ms)
[2026-03-22 21:48:50.802 DBG] ViewerRepo :: UpdatePresence(twitch, 5), 0.0353ms
[2026-03-22 21:48:50.855 DBG] TwitchService :: Presence Timer :: Artificially updated presence with a threshold of 5 minutes (53.5235ms)
[2026-03-22 21:49:19.012 DBG] Credits :: Time to save 14.3253ms
[2026-03-22 21:49:50.803 DBG] ViewerRepo :: UpdatePresence(twitch, 5), 0.0367ms
[2026-03-22 21:49:50.858 DBG] TwitchService :: Presence Timer :: Artificially updated presence with a threshold of 5 minutes (55.2865ms)
[2026-03-22 21:50:50.811 DBG] ViewerRepo :: UpdatePresence(twitch, 5), 0.0471ms
[2026-03-22 21:50:50.864 DBG] TwitchService :: Presence Timer :: Artificially updated presence with a threshold of 5 minutes (53.9272ms)
[2026-03-22 21:51:50.463 DBG] AutoSave :: Auto saving settings...
[2026-03-22 21:51:50.485 DBG] Users :: Time to save 22.6512ms
[2026-03-22 21:51:50.508 DBG] Actions :: Time to save 22.3266ms
[2026-03-22 21:51:50.524 DBG] Commands :: Time to save 16.0756ms
[2026-03-22 21:51:50.541 DBG] Twitch Rewards :: Time to save 17.4532ms
[2026-03-22 21:51:50.555 DBG] Midi :: Time to save 13.5077ms
[2026-03-22 21:51:50.569 DBG] OBS Settings :: Time to save 14.2132ms
[2026-03-22 21:51:50.584 DBG] MeldStudio Settings :: Time to save 14.5867ms
[2026-03-22 21:51:50.598 DBG] Credits :: Time to save 14.2182ms
[2026-03-22 21:51:50.614 DBG] Quotes :: Time to save 16.1057ms
[2026-03-22 21:51:50.685 DBG] Config :: Time to save 18.2375ms
[2026-03-22 21:51:50.825 DBG] ViewerRepo :: UpdatePresence(twitch, 5), 0.0349ms
[2026-03-22 21:51:50.878 DBG] TwitchService :: Presence Timer :: Artificially updated presence with a threshold of 5 minutes (53.6854ms)
[2026-03-22 21:52:19.779 DBG] ActionDispatcher :: Queueing 'Sub Goal' (361aa588-5f31-4e19-b8a5-099cae52479d, TimedAction) to 'Default' (00000000-0000-0000-0000-000000000000), with 11 arguments
[2026-03-22 21:52:19.779 DBG] ActionQueue :: 'Default' (00000000-0000-0000-0000-000000000000) :: Enqueue action 361aa588-5f31-4e19-b8a5-099cae52479d
[2026-03-22 21:52:19.779 DBG] ActionQueue :: 'Default' (00000000-0000-0000-0000-000000000000) :: Handling queue
[2026-03-22 21:52:19.779 DBG] ActionQueue :: 'Default' (00000000-0000-0000-0000-000000000000) :: Performing non-blocking 'Sub Goal' (361aa588-5f31-4e19-b8a5-099cae52479d, 49a6c56f-aab1-4b56-9357-93213a2e6569)
[2026-03-22 21:52:50.827 DBG] ViewerRepo :: UpdatePresence(twitch, 5), 0.0363ms
[2026-03-22 21:52:50.881 DBG] TwitchService :: Presence Timer :: Artificially updated presence with a threshold of 5 minutes (54.5961ms)
[2026-03-22 21:53:50.830 DBG] ViewerRepo :: UpdatePresence(twitch, 5), 0.0377ms
[2026-03-22 21:53:50.888 DBG] TwitchService :: Presence Timer :: Artificially updated presence with a threshold of 5 minutes (58.8501ms)
[2026-03-22 21:54:19.027 DBG] Credits :: Time to save 16.5188ms
[2026-03-22 21:54:50.854 DBG] ViewerRepo :: UpdatePresence(twitch, 5), 0.0384ms
[2026-03-22 21:54:50.914 DBG] TwitchService :: Presence Timer :: Artificially updated presence with a threshold of 5 minutes (60.3232ms)
[2026-03-22 21:55:50.855 DBG] ViewerRepo :: UpdatePresence(twitch, 5), 0.0359ms
[2026-03-22 21:55:50.909 DBG] TwitchService :: Presence Timer :: Artificially updated presence with a threshold of 5 minutes (54.3144ms)
[2026-03-22 21:56:50.701 DBG] AutoSave :: Auto saving settings...
[2026-03-22 21:56:50.722 DBG] Users :: Time to save 21.5529ms
[2026-03-22 21:56:50.747 DBG] Actions :: Time to save 25.1239ms
[2026-03-22 21:56:50.765 DBG] Commands :: Time to save 17.2452ms
[2026-03-22 21:56:50.782 DBG] Twitch Rewards :: Time to save 17.8704ms
[2026-03-22 21:56:50.797 DBG] Midi :: Time to save 13.8331ms
[2026-03-22 21:56:50.811 DBG] OBS Settings :: Time to save 14.9413ms
[2026-03-22 21:56:50.827 DBG] MeldStudio Settings :: Time to save 15.278ms
[2026-03-22 21:56:50.842 DBG] Credits :: Time to save 14.8808ms
[2026-03-22 21:56:50.859 DBG] Quotes :: Time to save 17.3134ms
[2026-03-22 21:56:50.871 DBG] ViewerRepo :: UpdatePresence(twitch, 5), 0.0366ms
[2026-03-22 21:56:50.924 DBG] Config :: Time to save 20.4252ms
[2026-03-22 21:56:50.929 DBG] TwitchService :: Presence Timer :: Artificially updated presence with a threshold of 5 minutes (57.601ms)
[2026-03-22 21:57:50.873 DBG] ViewerRepo :: UpdatePresence(twitch, 5), 0.0513ms
[2026-03-22 21:57:50.929 DBG] TwitchService :: Presence Timer :: Artificially updated presence with a threshold of 5 minutes (56.0056ms)
[2026-03-22 21:58:50.879 DBG] ViewerRepo :: UpdatePresence(twitch, 5), 0.0426ms
[2026-03-22 21:58:50.939 DBG] TwitchService :: Presence Timer :: Artificially updated presence with a threshold of 5 minutes (60.0323ms)
[2026-03-22 21:59:19.030 DBG] Credits :: Time to save 16.359ms
[2026-03-22 21:59:50.888 DBG] ViewerRepo :: UpdatePresence(twitch, 5), 0.0365ms
[2026-03-22 21:59:50.946 DBG] TwitchService :: Presence Timer :: Artificially updated presence with a threshold of 5 minutes (57.4053ms)
[2026-03-22 22:00:50.897 DBG] ViewerRepo :: UpdatePresence(twitch, 5), 0.0387ms
[2026-03-22 22:00:50.954 DBG] TwitchService :: Presence Timer :: Artificially updated presence with a threshold of 5 minutes (57.5155ms)
[2026-03-22 22:01:50.901 DBG] ViewerRepo :: UpdatePresence(twitch, 5), 0.0337ms
[2026-03-22 22:01:50.948 DBG] AutoSave :: Auto saving settings...
[2026-03-22 22:01:50.955 DBG] TwitchService :: Presence Timer :: Artificially updated presence with a threshold of 5 minutes (54.5958ms)
[2026-03-22 22:01:50.967 DBG] Users :: Time to save 18.7741ms
[2026-03-22 22:01:50.984 DBG] Actions :: Time to save 17.6467ms
[2026-03-22 22:01:51.002 DBG] Commands :: Time to save 17.3801ms
[2026-03-22 22:01:51.020 DBG] Twitch Rewards :: Time to save 17.5675ms
[2026-03-22 22:01:51.032 DBG] Midi :: Time to save 14.3129ms
[2026-03-22 22:01:51.049 DBG] OBS Settings :: Time to save 14.8905ms
[2026-03-22 22:01:51.064 DBG] MeldStudio Settings :: Time to save 15.7046ms
[2026-03-22 22:01:51.080 DBG] Credits :: Time to save 15.2528ms
[2026-03-22 22:01:51.096 DBG] Quotes :: Time to save 16.6127ms
[2026-03-22 22:01:51.172 DBG] Config :: Time to save 19.3142ms
[2026-03-22 22:02:20.689 DBG] ActionDispatcher :: Queueing 'Sub Goal' (361aa588-5f31-4e19-b8a5-099cae52479d, TimedAction) to 'Default' (00000000-0000-0000-0000-000000000000), with 11 arguments
[2026-03-22 22:02:20.689 DBG] ActionQueue :: 'Default' (00000000-0000-0000-0000-000000000000) :: Enqueue action 361aa588-5f31-4e19-b8a5-099cae52479d
[2026-03-22 22:02:20.689 DBG] ActionQueue :: 'Default' (00000000-0000-0000-0000-000000000000) :: Handling queue
[2026-03-22 22:02:20.689 DBG] ActionQueue :: 'Default' (00000000-0000-0000-0000-000000000000) :: Performing non-blocking 'Sub Goal' (361aa588-5f31-4e19-b8a5-099cae52479d, 5d3dc820-b4de-449a-800b-6040af31d71a)
[2026-03-22 22:02:50.903 DBG] ViewerRepo :: UpdatePresence(twitch, 5), 0.0344ms
[2026-03-22 22:02:50.957 DBG] TwitchService :: Presence Timer :: Artificially updated presence with a threshold of 5 minutes (54.2128ms)
[2026-03-22 22:03:50.911 DBG] ViewerRepo :: UpdatePresence(twitch, 5), 0.0374ms
[2026-03-22 22:03:50.963 DBG] TwitchService :: Presence Timer :: Artificially updated presence with a threshold of 5 minutes (51.6451ms)
[2026-03-22 22:04:19.039 DBG] Credits :: Time to save 18.2424ms
[2026-03-22 22:04:50.919 DBG] ViewerRepo :: UpdatePresence(twitch, 5), 0.0468ms
[2026-03-22 22:04:50.978 DBG] TwitchService :: Presence Timer :: Artificially updated presence with a threshold of 5 minutes (58.9996ms)
[2026-03-22 22:05:50.929 DBG] ViewerRepo :: UpdatePresence(twitch, 5), 0.0359ms
[2026-03-22 22:05:50.981 DBG] TwitchService :: Presence Timer :: Artificially updated presence with a threshold of 5 minutes (52.7211ms)
[2026-03-22 22:06:50.942 DBG] ViewerRepo :: UpdatePresence(twitch, 5), 0.0418ms
[2026-03-22 22:06:50.996 DBG] TwitchService :: Presence Timer :: Artificially updated presence with a threshold of 5 minutes (54.7693ms)
[2026-03-22 22:06:51.191 DBG] AutoSave :: Auto saving settings...
[2026-03-22 22:06:51.212 DBG] Users :: Time to save 20.4956ms
[2026-03-22 22:06:51.236 DBG] Actions :: Time to save 24.1245ms
[2026-03-22 22:06:51.252 DBG] Commands :: Time to save 16.3685ms
[2026-03-22 22:06:51.269 DBG] Twitch Rewards :: Time to save 16.9656ms
[2026-03-22 22:06:51.285 DBG] Midi :: Time to save 15.7127ms
[2026-03-22 22:06:51.300 DBG] OBS Settings :: Time to save 14.8274ms
[2026-03-22 22:06:51.314 DBG] MeldStudio Settings :: Time to save 14.4599ms
[2026-03-22 22:06:51.331 DBG] Credits :: Time to save 16.7958ms
[2026-03-22 22:06:51.345 DBG] Quotes :: Time to save 14.3516ms
[2026-03-22 22:06:51.426 DBG] Config :: Time to save 19.5516ms
[2026-03-22 22:07:50.957 DBG] ViewerRepo :: UpdatePresence(twitch, 5), 0.0354ms
[2026-03-22 22:07:51.011 DBG] TwitchService :: Presence Timer :: Artificially updated presence with a threshold of 5 minutes (54.4528ms)
[2026-03-22 22:08:50.973 DBG] ViewerRepo :: UpdatePresence(twitch, 5), 0.0365ms
[2026-03-22 22:08:51.024 DBG] TwitchService :: Presence Timer :: Artificially updated presence with a threshold of 5 minutes (50.7761ms)
[2026-03-22 22:09:19.049 DBG] Credits :: Time to save 13.7106ms
[2026-03-22 22:09:50.989 DBG] ViewerRepo :: UpdatePresence(twitch, 5), 0.049ms
[2026-03-22 22:09:51.041 DBG] TwitchService :: Presence Timer :: Artificially updated presence with a threshold of 5 minutes (51.8489ms)
[2026-03-22 22:10:51.007 DBG] ViewerRepo :: UpdatePresence(twitch, 5), 0.0356ms
[2026-03-22 22:10:51.064 DBG] TwitchService :: Presence Timer :: Artificially updated presence with a threshold of 5 minutes (57.5299ms)
[2026-03-22 22:11:51.018 DBG] ViewerRepo :: UpdatePresence(twitch, 5), 0.0378ms
[2026-03-22 22:11:51.072 DBG] TwitchService :: Presence Timer :: Artificially updated presence with a threshold of 5 minutes (55.1875ms)
[2026-03-22 22:11:51.423 DBG] AutoSave :: Auto saving settings...
[2026-03-22 22:11:51.446 DBG] Users :: Time to save 22.6455ms
[2026-03-22 22:11:51.471 DBG] Actions :: Time to save 25.5971ms
[2026-03-22 22:11:51.490 DBG] Commands :: Time to save 18.3639ms
[2026-03-22 22:11:51.509 DBG] Twitch Rewards :: Time to save 18.371ms
[2026-03-22 22:11:51.525 DBG] Midi :: Time to save 16.0895ms
[2026-03-22 22:11:51.540 DBG] OBS Settings :: Time to save 15.2684ms
[2026-03-22 22:11:51.555 DBG] MeldStudio Settings :: Time to save 14.9469ms
[2026-03-22 22:11:51.570 DBG] Credits :: Time to save 15.5252ms
[2026-03-22 22:11:51.589 DBG] Quotes :: Time to save 18.6937ms
[2026-03-22 22:11:51.645 DBG] Config :: Time to save 20.2556ms
[2026-03-22 22:12:20.959 DBG] ActionDispatcher :: Queueing 'Sub Goal' (361aa588-5f31-4e19-b8a5-099cae52479d, TimedAction) to 'Default' (00000000-0000-0000-0000-000000000000), with 11 arguments
[2026-03-22 22:12:20.959 DBG] ActionQueue :: 'Default' (00000000-0000-0000-0000-000000000000) :: Enqueue action 361aa588-5f31-4e19-b8a5-099cae52479d
[2026-03-22 22:12:20.959 DBG] ActionQueue :: 'Default' (00000000-0000-0000-0000-000000000000) :: Handling queue
[2026-03-22 22:12:20.959 DBG] ActionQueue :: 'Default' (00000000-0000-0000-0000-000000000000) :: Performing non-blocking 'Sub Goal' (361aa588-5f31-4e19-b8a5-099cae52479d, b0d0d0cd-bfc7-4f65-94d0-53c456bf6acc)
[2026-03-22 22:12:51.023 DBG] ViewerRepo :: UpdatePresence(twitch, 5), 0.0464ms
[2026-03-22 22:12:51.078 DBG] TwitchService :: Presence Timer :: Artificially updated presence with a threshold of 5 minutes (54.7319ms)
[2026-03-22 22:13:51.041 DBG] ViewerRepo :: UpdatePresence(twitch, 5), 0.0416ms
[2026-03-22 22:13:51.094 DBG] TwitchService :: Presence Timer :: Artificially updated presence with a threshold of 5 minutes (53.2265ms)
[2026-03-22 22:14:19.064 DBG] Credits :: Time to save 16.775ms
[2026-03-22 22:14:51.045 DBG] ViewerRepo :: UpdatePresence(twitch, 5), 0.0371ms
[2026-03-22 22:14:51.097 DBG] TwitchService :: Presence Timer :: Artificially updated presence with a threshold of 5 minutes (52.6385ms)
[2026-03-22 22:15:51.071 DBG] ViewerRepo :: UpdatePresence(twitch, 5), 0.037ms
[2026-03-22 22:15:51.127 DBG] TwitchService :: Presence Timer :: Artificially updated presence with a threshold of 5 minutes (56.1649ms)
[2026-03-22 22:16:51.082 DBG] ViewerRepo :: UpdatePresence(twitch, 5), 0.0397ms
[2026-03-22 22:16:51.140 DBG] TwitchService :: Presence Timer :: Artificially updated presence with a threshold of 5 minutes (57.9487ms)
[2026-03-22 22:16:51.659 DBG] AutoSave :: Auto saving settings...
[2026-03-22 22:16:51.679 DBG] Users :: Time to save 19.8964ms
[2026-03-22 22:16:51.704 DBG] Actions :: Time to save 25.4305ms
[2026-03-22 22:16:51.722 DBG] Commands :: Time to save 17.5613ms
[2026-03-22 22:16:51.738 DBG] Twitch Rewards :: Time to save 16.897ms
[2026-03-22 22:16:51.752 DBG] Midi :: Time to save 13.9386ms
[2026-03-22 22:16:51.764 DBG] OBS Settings :: Time to save 10.2387ms
[2026-03-22 22:16:51.779 DBG] MeldStudio Settings :: Time to save 15.2481ms
[2026-03-22 22:16:51.793 DBG] Credits :: Time to save 14.4845ms
[2026-03-22 22:16:51.808 DBG] Quotes :: Time to save 14.8403ms
[2026-03-22 22:16:51.882 DBG] Config :: Time to save 17.7994ms
[2026-03-22 22:17:51.087 DBG] ViewerRepo :: UpdatePresence(twitch, 5), 0.0374ms
[2026-03-22 22:17:51.144 DBG] TwitchService :: Presence Timer :: Artificially updated presence with a threshold of 5 minutes (57.2613ms)
[2026-03-22 22:18:51.097 DBG] ViewerRepo :: UpdatePresence(twitch, 5), 0.0352ms
[2026-03-22 22:18:51.156 DBG] TwitchService :: Presence Timer :: Artificially updated presence with a threshold of 5 minutes (59.6556ms)
[2026-03-22 22:19:19.071 DBG] Credits :: Time to save 17.5452ms
[2026-03-22 22:19:51.099 DBG] ViewerRepo :: UpdatePresence(twitch, 5), 0.0352ms
[2026-03-22 22:19:51.156 DBG] TwitchService :: Presence Timer :: Artificially updated presence with a threshold of 5 minutes (56.3783ms)
[2026-03-22 22:20:51.113 DBG] ViewerRepo :: UpdatePresence(twitch, 5), 0.0349ms
[2026-03-22 22:20:51.168 DBG] TwitchService :: Presence Timer :: Artificially updated presence with a threshold of 5 minutes (54.7918ms)
[2026-03-22 22:21:51.113 DBG] ViewerRepo :: UpdatePresence(twitch, 5), 0.0389ms
[2026-03-22 22:21:51.165 DBG] TwitchService :: Presence Timer :: Artificially updated presence with a threshold of 5 minutes (51.5033ms)
[2026-03-22 22:21:51.893 DBG] AutoSave :: Auto saving settings...
[2026-03-22 22:21:51.913 DBG] Users :: Time to save 19.2687ms
[2026-03-22 22:21:51.936 DBG] Actions :: Time to save 22.5271ms
[2026-03-22 22:21:51.952 DBG] Commands :: Time to save 16.8274ms
[2026-03-22 22:21:51.968 DBG] Twitch Rewards :: Time to save 16.1898ms
[2026-03-22 22:21:51.983 DBG] Midi :: Time to save 14.4018ms
[2026-03-22 22:21:51.999 DBG] OBS Settings :: Time to save 15.8532ms
[2026-03-22 22:21:52.014 DBG] MeldStudio Settings :: Time to save 15.0444ms
[2026-03-22 22:21:52.026 DBG] Credits :: Time to save 12.1792ms
[2026-03-22 22:21:52.044 DBG] Quotes :: Time to save 16.8868ms
[2026-03-22 22:21:52.115 DBG] Config :: Time to save 20.6937ms
[2026-03-22 22:22:21.158 DBG] ActionDispatcher :: Queueing 'Sub Goal' (361aa588-5f31-4e19-b8a5-099cae52479d, TimedAction) to 'Default' (00000000-0000-0000-0000-000000000000), with 11 arguments
[2026-03-22 22:22:21.158 DBG] ActionQueue :: 'Default' (00000000-0000-0000-0000-000000000000) :: Enqueue action 361aa588-5f31-4e19-b8a5-099cae52479d
[2026-03-22 22:22:21.158 DBG] ActionQueue :: 'Default' (00000000-0000-0000-0000-000000000000) :: Handling queue
[2026-03-22 22:22:21.158 DBG] ActionQueue :: 'Default' (00000000-0000-0000-0000-000000000000) :: Performing non-blocking 'Sub Goal' (361aa588-5f31-4e19-b8a5-099cae52479d, bde339b4-9156-4c43-a6d6-e2c4280d8283)
[2026-03-22 22:22:51.120 DBG] ViewerRepo :: UpdatePresence(twitch, 5), 0.0373ms
[2026-03-22 22:22:51.178 DBG] TwitchService :: Presence Timer :: Artificially updated presence with a threshold of 5 minutes (58.2586ms)
[2026-03-22 22:23:51.131 DBG] ViewerRepo :: UpdatePresence(twitch, 5), 0.0383ms
[2026-03-22 22:23:51.648 DBG] TwitchService :: Presence Timer :: Artificially updated presence with a threshold of 5 minutes (517.0187ms)
[2026-03-22 22:24:19.072 DBG] Credits :: Time to save 17.4212ms
[2026-03-22 22:24:51.138 DBG] ViewerRepo :: UpdatePresence(twitch, 5), 0.037ms
[2026-03-22 22:24:51.193 DBG] TwitchService :: Presence Timer :: Artificially updated presence with a threshold of 5 minutes (55.8701ms)
[2026-03-22 22:25:51.153 DBG] ViewerRepo :: UpdatePresence(twitch, 5), 0.0404ms
[2026-03-22 22:25:51.205 DBG] TwitchService :: Presence Timer :: Artificially updated presence with a threshold of 5 minutes (52.2826ms)
[2026-03-22 22:26:51.158 DBG] ViewerRepo :: UpdatePresence(twitch, 5), 0.0372ms
[2026-03-22 22:26:51.213 DBG] TwitchService :: Presence Timer :: Artificially updated presence with a threshold of 5 minutes (55.741ms)
[2026-03-22 22:26:52.141 DBG] AutoSave :: Auto saving settings...
[2026-03-22 22:26:52.161 DBG] Users :: Time to save 19.7231ms
[2026-03-22 22:26:52.185 DBG] Actions :: Time to save 24.3973ms
[2026-03-22 22:26:52.202 DBG] Commands :: Time to save 16.9167ms
[2026-03-22 22:26:52.217 DBG] Twitch Rewards :: Time to save 15.6505ms
[2026-03-22 22:26:52.233 DBG] Midi :: Time to save 14.8343ms
[2026-03-22 22:26:52.248 DBG] OBS Settings :: Time to save 15.0721ms
[2026-03-22 22:26:52.263 DBG] MeldStudio Settings :: Time to save 15.068ms
[2026-03-22 22:26:52.278 DBG] Credits :: Time to save 15.3292ms
[2026-03-22 22:26:52.295 DBG] Quotes :: Time to save 15.7084ms
[2026-03-22 22:26:52.367 DBG] Config :: Time to save 19.9146ms
[2026-03-22 22:27:51.169 DBG] ViewerRepo :: UpdatePresence(twitch, 5), 0.043ms
[2026-03-22 22:27:51.222 DBG] TwitchService :: Presence Timer :: Artificially updated presence with a threshold of 5 minutes (52.2845ms)
[2026-03-22 22:28:51.180 DBG] ViewerRepo :: UpdatePresence(twitch, 5), 0.0363ms
[2026-03-22 22:28:51.234 DBG] TwitchService :: Presence Timer :: Artificially updated presence with a threshold of 5 minutes (54.7977ms)
[2026-03-22 22:29:19.082 DBG] Credits :: Time to save 15.8966ms
[2026-03-22 22:29:51.189 DBG] ViewerRepo :: UpdatePresence(twitch, 5), 0.0359ms
[2026-03-22 22:29:51.245 DBG] TwitchService :: Presence Timer :: Artificially updated presence with a threshold of 5 minutes (56.663ms)
[2026-03-22 22:30:51.201 DBG] ViewerRepo :: UpdatePresence(twitch, 5), 0.0397ms
[2026-03-22 22:30:51.255 DBG] TwitchService :: Presence Timer :: Artificially updated presence with a threshold of 5 minutes (54.1058ms)
[2026-03-22 22:31:51.214 DBG] ViewerRepo :: UpdatePresence(twitch, 5), 0.0385ms
[2026-03-22 22:31:51.267 DBG] TwitchService :: Presence Timer :: Artificially updated presence with a threshold of 5 minutes (52.0538ms)
[2026-03-22 22:31:52.385 DBG] AutoSave :: Auto saving settings...
[2026-03-22 22:31:52.401 DBG] Users :: Time to save 16.482ms
[2026-03-22 22:31:52.425 DBG] Actions :: Time to save 24.005ms
[2026-03-22 22:31:52.442 DBG] Commands :: Time to save 17.3446ms
[2026-03-22 22:31:52.455 DBG] Twitch Rewards :: Time to save 12.7202ms
[2026-03-22 22:31:52.470 DBG] Midi :: Time to save 15.0221ms
[2026-03-22 22:31:52.485 DBG] OBS Settings :: Time to save 15.4133ms
[2026-03-22 22:31:52.501 DBG] MeldStudio Settings :: Time to save 16.15ms
[2026-03-22 22:31:52.517 DBG] Credits :: Time to save 15.8813ms
[2026-03-22 22:31:52.535 DBG] Quotes :: Time to save 18.0113ms
[2026-03-22 22:31:52.607 DBG] Config :: Time to save 19.4262ms
[2026-03-22 22:32:21.358 DBG] ActionDispatcher :: Queueing 'Sub Goal' (361aa588-5f31-4e19-b8a5-099cae52479d, TimedAction) to 'Default' (00000000-0000-0000-0000-000000000000), with 11 arguments
[2026-03-22 22:32:21.358 DBG] ActionQueue :: 'Default' (00000000-0000-0000-0000-000000000000) :: Enqueue action 361aa588-5f31-4e19-b8a5-099cae52479d
[2026-03-22 22:32:21.358 DBG] ActionQueue :: 'Default' (00000000-0000-0000-0000-000000000000) :: Handling queue
[2026-03-22 22:32:21.358 DBG] ActionQueue :: 'Default' (00000000-0000-0000-0000-000000000000) :: Performing non-blocking 'Sub Goal' (361aa588-5f31-4e19-b8a5-099cae52479d, b665b343-3e0c-4a65-b22b-be33383e4816)
[2026-03-22 22:32:51.218 DBG] ViewerRepo :: UpdatePresence(twitch, 5), 0.0361ms
[2026-03-22 22:32:51.274 DBG] TwitchService :: Presence Timer :: Artificially updated presence with a threshold of 5 minutes (55.7106ms)
[2026-03-22 22:33:51.231 DBG] ViewerRepo :: UpdatePresence(twitch, 5), 0.0932ms
[2026-03-22 22:33:51.294 DBG] TwitchService :: Presence Timer :: Artificially updated presence with a threshold of 5 minutes (63.1859ms)
[2026-03-22 22:34:19.090 DBG] Credits :: Time to save 15.42ms
[2026-03-22 22:34:51.238 DBG] ViewerRepo :: UpdatePresence(twitch, 5), 0.0371ms
[2026-03-22 22:34:51.291 DBG] TwitchService :: Presence Timer :: Artificially updated presence with a threshold of 5 minutes (53.6635ms)
[2026-03-22 22:35:51.254 DBG] ViewerRepo :: UpdatePresence(twitch, 5), 0.0368ms
[2026-03-22 22:35:51.308 DBG] TwitchService :: Presence Timer :: Artificially updated presence with a threshold of 5 minutes (54.9218ms)
[2026-03-22 22:36:51.268 DBG] ViewerRepo :: UpdatePresence(twitch, 5), 0.0421ms
[2026-03-22 22:36:51.327 DBG] TwitchService :: Presence Timer :: Artificially updated presence with a threshold of 5 minutes (59.289ms)
[2026-03-22 22:36:52.637 DBG] AutoSave :: Auto saving settings...
[2026-03-22 22:36:52.656 DBG] Users :: Time to save 19.1248ms
[2026-03-22 22:36:52.681 DBG] Actions :: Time to save 25.1273ms
[2026-03-22 22:36:52.699 DBG] Commands :: Time to save 17.6244ms
[2026-03-22 22:36:52.716 DBG] Twitch Rewards :: Time to save 17.599ms
[2026-03-22 22:36:52.730 DBG] Midi :: Time to save 14.2391ms
[2026-03-22 22:36:52.746 DBG] OBS Settings :: Time to save 15.0846ms
[2026-03-22 22:36:52.761 DBG] MeldStudio Settings :: Time to save 15.094ms
[2026-03-22 22:36:52.775 DBG] Credits :: Time to save 14.3796ms
[2026-03-22 22:36:52.791 DBG] Quotes :: Time to save 16.4705ms
[2026-03-22 22:36:52.862 DBG] Config :: Time to save 19.2838ms
[2026-03-22 22:37:51.277 DBG] ViewerRepo :: UpdatePresence(twitch, 5), 0.0357ms
[2026-03-22 22:37:51.329 DBG] TwitchService :: Presence Timer :: Artificially updated presence with a threshold of 5 minutes (52.8366ms)
[2026-03-22 22:38:51.291 DBG] ViewerRepo :: UpdatePresence(twitch, 5), 0.0379ms
[2026-03-22 22:38:51.346 DBG] TwitchService :: Presence Timer :: Artificially updated presence with a threshold of 5 minutes (55.7739ms)
[2026-03-22 22:39:19.104 DBG] Credits :: Time to save 16.3772ms
[2026-03-22 22:39:51.298 DBG] ViewerRepo :: UpdatePresence(twitch, 5), 0.0373ms
[2026-03-22 22:39:51.355 DBG] TwitchService :: Presence Timer :: Artificially updated presence with a threshold of 5 minutes (56.9845ms)
[2026-03-22 22:40:51.308 DBG] ViewerRepo :: UpdatePresence(twitch, 5), 0.0366ms
[2026-03-22 22:40:51.368 DBG] TwitchService :: Presence Timer :: Artificially updated presence with a threshold of 5 minutes (59.1362ms)
[2026-03-22 22:41:51.319 DBG] ViewerRepo :: UpdatePresence(twitch, 5), 0.0382ms
[2026-03-22 22:41:51.375 DBG] TwitchService :: Presence Timer :: Artificially updated presence with a threshold of 5 minutes (56.6352ms)
[2026-03-22 22:41:52.864 DBG] AutoSave :: Auto saving settings...
[2026-03-22 22:41:52.883 DBG] Users :: Time to save 19.1477ms
[2026-03-22 22:41:52.908 DBG] Actions :: Time to save 25.331ms
[2026-03-22 22:41:52.925 DBG] Commands :: Time to save 16.375ms
[2026-03-22 22:41:52.943 DBG] Twitch Rewards :: Time to save 17.7203ms
[2026-03-22 22:41:52.957 DBG] Midi :: Time to save 14.4703ms
[2026-03-22 22:41:52.971 DBG] OBS Settings :: Time to save 14.0774ms
[2026-03-22 22:41:52.985 DBG] MeldStudio Settings :: Time to save 14.197ms
[2026-03-22 22:41:53.000 DBG] Credits :: Time to save 14.4391ms
[2026-03-22 22:41:53.017 DBG] Quotes :: Time to save 16.5596ms
[2026-03-22 22:41:53.089 DBG] Config :: Time to save 19.0515ms
[2026-03-22 22:42:22.308 DBG] ActionDispatcher :: Queueing 'Sub Goal' (361aa588-5f31-4e19-b8a5-099cae52479d, TimedAction) to 'Default' (00000000-0000-0000-0000-000000000000), with 11 arguments
[2026-03-22 22:42:22.308 DBG] ActionQueue :: 'Default' (00000000-0000-0000-0000-000000000000) :: Enqueue action 361aa588-5f31-4e19-b8a5-099cae52479d
[2026-03-22 22:42:22.308 DBG] ActionQueue :: 'Default' (00000000-0000-0000-0000-000000000000) :: Handling queue
[2026-03-22 22:42:22.308 DBG] ActionQueue :: 'Default' (00000000-0000-0000-0000-000000000000) :: Performing non-blocking 'Sub Goal' (361aa588-5f31-4e19-b8a5-099cae52479d, 0e716e95-cb45-4d4c-b62c-5412cd25523d)
[2026-03-22 22:42:51.325 DBG] ViewerRepo :: UpdatePresence(twitch, 5), 0.0414ms
[2026-03-22 22:42:51.382 DBG] TwitchService :: Presence Timer :: Artificially updated presence with a threshold of 5 minutes (57.5204ms)
[2026-03-22 22:43:51.326 DBG] ViewerRepo :: UpdatePresence(twitch, 5), 0.0406ms
[2026-03-22 22:43:51.387 DBG] TwitchService :: Presence Timer :: Artificially updated presence with a threshold of 5 minutes (60.36ms)
[2026-03-22 22:44:19.115 DBG] Credits :: Time to save 18.017ms
[2026-03-22 22:44:51.330 DBG] ViewerRepo :: UpdatePresence(twitch, 5), 0.0466ms
[2026-03-22 22:44:51.384 DBG] TwitchService :: Presence Timer :: Artificially updated presence with a threshold of 5 minutes (54.4591ms)
[2026-03-22 22:45:51.344 DBG] ViewerRepo :: UpdatePresence(twitch, 5), 0.0651ms
[2026-03-22 22:45:51.398 DBG] TwitchService :: Presence Timer :: Artificially updated presence with a threshold of 5 minutes (54.0229ms)
[2026-03-22 22:46:51.347 DBG] ViewerRepo :: UpdatePresence(twitch, 5), 0.041ms
[2026-03-22 22:46:51.405 DBG] TwitchService :: Presence Timer :: Artificially updated presence with a threshold of 5 minutes (58.3946ms)
[2026-03-22 22:46:53.100 DBG] AutoSave :: Auto saving settings...
[2026-03-22 22:46:53.120 DBG] Users :: Time to save 19.9272ms
[2026-03-22 22:46:53.144 DBG] Actions :: Time to save 24.338ms
[2026-03-22 22:46:53.160 DBG] Commands :: Time to save 15.9842ms
[2026-03-22 22:46:53.177 DBG] Twitch Rewards :: Time to save 17.036ms
[2026-03-22 22:46:53.193 DBG] Midi :: Time to save 16.0422ms
[2026-03-22 22:46:53.208 DBG] OBS Settings :: Time to save 15.0112ms
[2026-03-22 22:46:53.223 DBG] MeldStudio Settings :: Time to save 14.7971ms
[2026-03-22 22:46:53.237 DBG] Credits :: Time to save 14.2086ms
[2026-03-22 22:46:53.253 DBG] Quotes :: Time to save 15.9506ms
[2026-03-22 22:46:53.323 DBG] Config :: Time to save 18.27ms
[2026-03-22 22:47:51.355 DBG] ViewerRepo :: UpdatePresence(twitch, 5), 0.0368ms
[2026-03-22 22:47:51.411 DBG] TwitchService :: Presence Timer :: Artificially updated presence with a threshold of 5 minutes (56.4397ms)
[2026-03-22 22:48:51.364 DBG] ViewerRepo :: UpdatePresence(twitch, 5), 0.0616ms
[2026-03-22 22:48:51.418 DBG] TwitchService :: Presence Timer :: Artificially updated presence with a threshold of 5 minutes (55.0571ms)
[2026-03-22 22:49:19.113 DBG] Credits :: Time to save 15.647ms
[2026-03-22 22:49:51.364 DBG] ViewerRepo :: UpdatePresence(twitch, 5), 0.0374ms
[2026-03-22 22:49:51.418 DBG] TwitchService :: Presence Timer :: Artificially updated presence with a threshold of 5 minutes (54.1023ms)
[2026-03-22 22:50:51.375 DBG] ViewerRepo :: UpdatePresence(twitch, 5), 0.0385ms
[2026-03-22 22:50:51.436 DBG] TwitchService :: Presence Timer :: Artificially updated presence with a threshold of 5 minutes (61.4299ms)
[2026-03-22 22:51:51.388 DBG] ViewerRepo :: UpdatePresence(twitch, 5), 0.0377ms
[2026-03-22 22:51:51.441 DBG] TwitchService :: Presence Timer :: Artificially updated presence with a threshold of 5 minutes (53.3001ms)
[2026-03-22 22:51:53.372 DBG] AutoSave :: Auto saving settings...
[2026-03-22 22:51:53.393 DBG] Users :: Time to save 21.0827ms
[2026-03-22 22:51:53.417 DBG] Actions :: Time to save 24.3722ms
[2026-03-22 22:51:53.434 DBG] Commands :: Time to save 16.7521ms
[2026-03-22 22:51:53.451 DBG] Twitch Rewards :: Time to save 17.8675ms
[2026-03-22 22:51:53.466 DBG] Midi :: Time to save 15.0024ms
[2026-03-22 22:51:53.482 DBG] OBS Settings :: Time to save 15.0551ms
[2026-03-22 22:51:53.498 DBG] MeldStudio Settings :: Time to save 15.7296ms
[2026-03-22 22:51:53.513 DBG] Credits :: Time to save 15.4828ms
[2026-03-22 22:51:53.528 DBG] Quotes :: Time to save 14.0485ms
[2026-03-22 22:51:53.590 DBG] Config :: Time to save 16.5516ms
[2026-03-22 22:52:22.346 DBG] ActionDispatcher :: Queueing 'Sub Goal' (361aa588-5f31-4e19-b8a5-099cae52479d, TimedAction) to 'Default' (00000000-0000-0000-0000-000000000000), with 11 arguments
[2026-03-22 22:52:22.346 DBG] ActionQueue :: 'Default' (00000000-0000-0000-0000-000000000000) :: Enqueue action 361aa588-5f31-4e19-b8a5-099cae52479d
[2026-03-22 22:52:22.346 DBG] ActionQueue :: 'Default' (00000000-0000-0000-0000-000000000000) :: Handling queue
[2026-03-22 22:52:22.346 DBG] ActionQueue :: 'Default' (00000000-0000-0000-0000-000000000000) :: Performing non-blocking 'Sub Goal' (361aa588-5f31-4e19-b8a5-099cae52479d, e9f1750b-498c-4ad1-a2e5-b135b8d97143)
[2026-03-22 22:52:51.396 DBG] ViewerRepo :: UpdatePresence(twitch, 5), 0.0393ms
[2026-03-22 22:52:51.530 DBG] TwitchService :: Presence Timer :: Artificially updated presence with a threshold of 5 minutes (134.0997ms)
[2026-03-22 22:53:51.405 DBG] ViewerRepo :: UpdatePresence(twitch, 5), 0.0379ms
[2026-03-22 22:53:51.499 DBG] TwitchService :: Presence Timer :: Artificially updated presence with a threshold of 5 minutes (94.9218ms)
[2026-03-22 22:54:19.127 DBG] Credits :: Time to save 16.1461ms
[2026-03-22 22:54:51.414 DBG] ViewerRepo :: UpdatePresence(twitch, 5), 0.0388ms
[2026-03-22 22:54:51.509 DBG] TwitchService :: Presence Timer :: Artificially updated presence with a threshold of 5 minutes (94.6202ms)
[2026-03-22 22:55:51.429 DBG] ViewerRepo :: UpdatePresence(twitch, 5), 0.0374ms
[2026-03-22 22:55:51.523 DBG] TwitchService :: Presence Timer :: Artificially updated presence with a threshold of 5 minutes (93.9434ms)
[2026-03-22 22:56:51.438 DBG] ViewerRepo :: UpdatePresence(twitch, 5), 0.0419ms
[2026-03-22 22:56:51.534 DBG] TwitchService :: Presence Timer :: Artificially updated presence with a threshold of 5 minutes (96.0997ms)
[2026-03-22 22:56:53.625 DBG] AutoSave :: Auto saving settings...
[2026-03-22 22:56:53.647 DBG] Users :: Time to save 22.7029ms
[2026-03-22 22:56:53.671 DBG] Actions :: Time to save 24.063ms
[2026-03-22 22:56:53.688 DBG] Commands :: Time to save 16.4043ms
[2026-03-22 22:56:53.703 DBG] Twitch Rewards :: Time to save 15.0377ms
[2026-03-22 22:56:53.718 DBG] Midi :: Time to save 14.8982ms
[2026-03-22 22:56:53.733 DBG] OBS Settings :: Time to save 14.7539ms
[2026-03-22 22:56:53.747 DBG] MeldStudio Settings :: Time to save 14.2407ms
[2026-03-22 22:56:53.762 DBG] Credits :: Time to save 14.4557ms
[2026-03-22 22:56:53.779 DBG] Quotes :: Time to save 17.2029ms
[2026-03-22 22:56:53.848 DBG] Config :: Time to save 18.8684ms
[2026-03-22 22:57:51.453 DBG] ViewerRepo :: UpdatePresence(twitch, 5), 0.0486ms
[2026-03-22 22:57:51.550 DBG] TwitchService :: Presence Timer :: Artificially updated presence with a threshold of 5 minutes (98.1313ms)
[2026-03-22 22:58:51.465 DBG] ViewerRepo :: UpdatePresence(twitch, 5), 0.0416ms
[2026-03-22 22:58:51.559 DBG] TwitchService :: Presence Timer :: Artificially updated presence with a threshold of 5 minutes (94.1246ms)
[2026-03-22 22:59:19.139 DBG] Credits :: Time to save 16.503ms
[2026-03-22 22:59:51.471 DBG] ViewerRepo :: UpdatePresence(twitch, 5), 0.0339ms
[2026-03-22 22:59:51.573 DBG] TwitchService :: Presence Timer :: Artificially updated presence with a threshold of 5 minutes (101.6243ms)
[2026-03-22 23:00:51.481 DBG] ViewerRepo :: UpdatePresence(twitch, 5), 0.0375ms
[2026-03-22 23:00:51.577 DBG] TwitchService :: Presence Timer :: Artificially updated presence with a threshold of 5 minutes (96.1014ms)
[2026-03-22 23:01:51.493 DBG] ViewerRepo :: UpdatePresence(twitch, 5), 0.0402ms
[2026-03-22 23:01:51.593 DBG] TwitchService :: Presence Timer :: Artificially updated presence with a threshold of 5 minutes (99.9574ms)
[2026-03-22 23:01:53.845 DBG] AutoSave :: Auto saving settings...
[2026-03-22 23:01:53.861 DBG] Users :: Time to save 16.7121ms
[2026-03-22 23:01:53.886 DBG] Actions :: Time to save 24.205ms
[2026-03-22 23:01:53.903 DBG] Commands :: Time to save 17.0747ms
[2026-03-22 23:01:53.920 DBG] Twitch Rewards :: Time to save 17.1252ms
[2026-03-22 23:01:53.934 DBG] Midi :: Time to save 13.9361ms
[2026-03-22 23:01:53.949 DBG] OBS Settings :: Time to save 14.3624ms
[2026-03-22 23:01:53.963 DBG] MeldStudio Settings :: Time to save 14.8239ms
[2026-03-22 23:01:53.978 DBG] Credits :: Time to save 15.087ms
[2026-03-22 23:01:53.995 DBG] Quotes :: Time to save 16.5404ms
[2026-03-22 23:01:54.067 DBG] Config :: Time to save 18.9161ms
[2026-03-22 23:02:23.051 DBG] ActionDispatcher :: Queueing 'Sub Goal' (361aa588-5f31-4e19-b8a5-099cae52479d, TimedAction) to 'Default' (00000000-0000-0000-0000-000000000000), with 11 arguments
[2026-03-22 23:02:23.051 DBG] ActionQueue :: 'Default' (00000000-0000-0000-0000-000000000000) :: Enqueue action 361aa588-5f31-4e19-b8a5-099cae52479d
[2026-03-22 23:02:23.051 DBG] ActionQueue :: 'Default' (00000000-0000-0000-0000-000000000000) :: Handling queue
[2026-03-22 23:02:23.051 DBG] ActionQueue :: 'Default' (00000000-0000-0000-0000-000000000000) :: Performing non-blocking 'Sub Goal' (361aa588-5f31-4e19-b8a5-099cae52479d, fcc49cc6-a8bb-41ae-96a7-237eb08f5752)
[2026-03-22 23:02:51.510 DBG] ViewerRepo :: UpdatePresence(twitch, 5), 0.0395ms
[2026-03-22 23:02:51.605 DBG] TwitchService :: Presence Timer :: Artificially updated presence with a threshold of 5 minutes (95.304ms)
[2026-03-22 23:03:51.524 DBG] ViewerRepo :: UpdatePresence(twitch, 5), 0.0374ms
[2026-03-22 23:03:51.618 DBG] TwitchService :: Presence Timer :: Artificially updated presence with a threshold of 5 minutes (93.9914ms)
[2026-03-22 23:04:19.151 DBG] Credits :: Time to save 15.3005ms
[2026-03-22 23:04:51.528 DBG] ViewerRepo :: UpdatePresence(twitch, 5), 0.0364ms
[2026-03-22 23:04:51.626 DBG] TwitchService :: Presence Timer :: Artificially updated presence with a threshold of 5 minutes (97.8302ms)
[2026-03-22 23:05:51.538 DBG] ViewerRepo :: UpdatePresence(twitch, 5), 0.0387ms
[2026-03-22 23:05:51.627 DBG] TwitchService :: Presence Timer :: Artificially updated presence with a threshold of 5 minutes (89.5543ms)
[2026-03-22 23:06:51.546 DBG] ViewerRepo :: UpdatePresence(twitch, 5), 0.0385ms
[2026-03-22 23:06:51.648 DBG] TwitchService :: Presence Timer :: Artificially updated presence with a threshold of 5 minutes (102.1084ms)
[2026-03-22 23:06:54.098 DBG] AutoSave :: Auto saving settings...
[2026-03-22 23:06:54.118 DBG] Users :: Time to save 20.1068ms
[2026-03-22 23:06:54.142 DBG] Actions :: Time to save 23.506ms
[2026-03-22 23:06:54.161 DBG] Commands :: Time to save 19.1934ms
[2026-03-22 23:06:54.180 DBG] Twitch Rewards :: Time to save 19.1161ms
[2026-03-22 23:06:54.196 DBG] Midi :: Time to save 15.2542ms
[2026-03-22 23:06:54.211 DBG] OBS Settings :: Time to save 15.5897ms
[2026-03-22 23:06:54.226 DBG] MeldStudio Settings :: Time to save 14.5869ms
[2026-03-22 23:06:54.241 DBG] Credits :: Time to save 15.2466ms
[2026-03-22 23:06:54.258 DBG] Quotes :: Time to save 17.4068ms
[2026-03-22 23:06:54.321 DBG] Config :: Time to save 20.6283ms
[2026-03-22 23:07:51.549 DBG] ViewerRepo :: UpdatePresence(twitch, 5), 0.0376ms
[2026-03-22 23:07:51.647 DBG] TwitchService :: Presence Timer :: Artificially updated presence with a threshold of 5 minutes (98.1587ms)
[2026-03-22 23:08:51.558 DBG] ViewerRepo :: UpdatePresence(twitch, 5), 0.0364ms
[2026-03-22 23:08:51.651 DBG] TwitchService :: Presence Timer :: Artificially updated presence with a threshold of 5 minutes (93.1404ms)
[2026-03-22 23:09:19.151 DBG] Credits :: Time to save 13.8362ms
[2026-03-22 23:09:51.574 DBG] ViewerRepo :: UpdatePresence(twitch, 5), 0.0392ms
[2026-03-22 23:09:51.665 DBG] TwitchService :: Presence Timer :: Artificially updated presence with a threshold of 5 minutes (91.1989ms)
[2026-03-22 23:10:51.584 DBG] ViewerRepo :: UpdatePresence(twitch, 5), 0.0373ms
[2026-03-22 23:10:51.683 DBG] TwitchService :: Presence Timer :: Artificially updated presence with a threshold of 5 minutes (98.7633ms)
[2026-03-22 23:11:51.592 DBG] ViewerRepo :: UpdatePresence(twitch, 5), 0.0365ms
[2026-03-22 23:11:51.687 DBG] TwitchService :: Presence Timer :: Artificially updated presence with a threshold of 5 minutes (95.0455ms)
[2026-03-22 23:11:54.341 DBG] AutoSave :: Auto saving settings...
[2026-03-22 23:11:54.364 DBG] Users :: Time to save 23.4054ms
[2026-03-22 23:11:54.389 DBG] Actions :: Time to save 24.9597ms
[2026-03-22 23:11:54.407 DBG] Commands :: Time to save 18.0511ms
[2026-03-22 23:11:54.425 DBG] Twitch Rewards :: Time to save 18.1507ms
[2026-03-22 23:11:54.440 DBG] Midi :: Time to save 15.1922ms
[2026-03-22 23:11:54.456 DBG] OBS Settings :: Time to save 15.2376ms
[2026-03-22 23:11:54.470 DBG] MeldStudio Settings :: Time to save 14.8297ms
[2026-03-22 23:11:54.486 DBG] Credits :: Time to save 14.6941ms
[2026-03-22 23:11:54.503 DBG] Quotes :: Time to save 17.2174ms
[2026-03-22 23:11:54.563 DBG] Config :: Time to save 19.455ms
[2026-03-22 23:12:23.983 DBG] ActionDispatcher :: Queueing 'Sub Goal' (361aa588-5f31-4e19-b8a5-099cae52479d, TimedAction) to 'Default' (00000000-0000-0000-0000-000000000000), with 11 arguments
[2026-03-22 23:12:23.983 DBG] ActionQueue :: 'Default' (00000000-0000-0000-0000-000000000000) :: Enqueue action 361aa588-5f31-4e19-b8a5-099cae52479d
[2026-03-22 23:12:23.983 DBG] ActionQueue :: 'Default' (00000000-0000-0000-0000-000000000000) :: Handling queue
[2026-03-22 23:12:23.983 DBG] ActionQueue :: 'Default' (00000000-0000-0000-0000-000000000000) :: Performing non-blocking 'Sub Goal' (361aa588-5f31-4e19-b8a5-099cae52479d, a585ddfe-af15-4600-8411-3695075a3405)
[2026-03-22 23:12:51.599 DBG] ViewerRepo :: UpdatePresence(twitch, 5), 0.0395ms
[2026-03-22 23:12:51.689 DBG] TwitchService :: Presence Timer :: Artificially updated presence with a threshold of 5 minutes (89.5794ms)
[2026-03-22 23:13:51.614 DBG] ViewerRepo :: UpdatePresence(twitch, 5), 0.037ms
[2026-03-22 23:13:51.711 DBG] TwitchService :: Presence Timer :: Artificially updated presence with a threshold of 5 minutes (96.6795ms)
[2026-03-22 23:14:19.161 DBG] Credits :: Time to save 15.6643ms
[2026-03-22 23:14:51.617 DBG] ViewerRepo :: UpdatePresence(twitch, 5), 0.042ms
[2026-03-22 23:14:51.714 DBG] TwitchService :: Presence Timer :: Artificially updated presence with a threshold of 5 minutes (96.7383ms)
[2026-03-22 23:15:51.634 DBG] ViewerRepo :: UpdatePresence(twitch, 5), 0.0426ms
[2026-03-22 23:15:51.738 DBG] TwitchService :: Presence Timer :: Artificially updated presence with a threshold of 5 minutes (103.9998ms)
[2026-03-22 23:16:51.638 DBG] ViewerRepo :: UpdatePresence(twitch, 5), 0.0371ms
[2026-03-22 23:16:51.733 DBG] TwitchService :: Presence Timer :: Artificially updated presence with a threshold of 5 minutes (94.593ms)
[2026-03-22 23:16:54.599 DBG] AutoSave :: Auto saving settings...
[2026-03-22 23:16:54.619 DBG] Users :: Time to save 20.7486ms
[2026-03-22 23:16:54.644 DBG] Actions :: Time to save 25.1149ms
[2026-03-22 23:16:54.661 DBG] Commands :: Time to save 16.5862ms
[2026-03-22 23:16:54.677 DBG] Twitch Rewards :: Time to save 16.8935ms
[2026-03-22 23:16:54.691 DBG] Midi :: Time to save 13.9754ms
[2026-03-22 23:16:54.708 DBG] OBS Settings :: Time to save 15.4898ms
[2026-03-22 23:16:54.721 DBG] MeldStudio Settings :: Time to save 14.1171ms
[2026-03-22 23:16:54.736 DBG] Credits :: Time to save 14.2195ms
[2026-03-22 23:16:54.752 DBG] Quotes :: Time to save 16.5021ms
[2026-03-22 23:16:54.821 DBG] Config :: Time to save 18.7732ms
[2026-03-22 23:17:51.640 DBG] ViewerRepo :: UpdatePresence(twitch, 5), 0.041ms
[2026-03-22 23:17:51.739 DBG] TwitchService :: Presence Timer :: Artificially updated presence with a threshold of 5 minutes (99.2916ms)
[2026-03-22 23:18:51.643 DBG] ViewerRepo :: UpdatePresence(twitch, 5), 0.0789ms
[2026-03-22 23:18:51.741 DBG] TwitchService :: Presence Timer :: Artificially updated presence with a threshold of 5 minutes (98.2398ms)
[2026-03-22 23:19:19.171 DBG] Credits :: Time to save 16.3529ms
[2026-03-22 23:19:51.647 DBG] ViewerRepo :: UpdatePresence(twitch, 5), 0.0371ms
[2026-03-22 23:19:51.742 DBG] TwitchService :: Presence Timer :: Artificially updated presence with a threshold of 5 minutes (94.8963ms)
[2026-03-22 23:20:51.663 DBG] ViewerRepo :: UpdatePresence(twitch, 5), 0.0342ms
[2026-03-22 23:20:51.765 DBG] TwitchService :: Presence Timer :: Artificially updated presence with a threshold of 5 minutes (101.9744ms)
[2026-03-22 23:21:51.678 DBG] ViewerRepo :: UpdatePresence(twitch, 5), 0.0388ms
[2026-03-22 23:21:51.774 DBG] TwitchService :: Presence Timer :: Artificially updated presence with a threshold of 5 minutes (97.1956ms)
[2026-03-22 23:21:54.860 DBG] AutoSave :: Auto saving settings...
[2026-03-22 23:21:54.875 DBG] Users :: Time to save 14.7149ms
[2026-03-22 23:21:54.898 DBG] Actions :: Time to save 22.9364ms
[2026-03-22 23:21:54.915 DBG] Commands :: Time to save 17.0836ms
[2026-03-22 23:21:54.931 DBG] Twitch Rewards :: Time to save 17.7794ms
[2026-03-22 23:21:54.944 DBG] Midi :: Time to save 10.9943ms
[2026-03-22 23:21:54.958 DBG] OBS Settings :: Time to save 14.9592ms
[2026-03-22 23:21:54.974 DBG] MeldStudio Settings :: Time to save 15.2197ms
[2026-03-22 23:21:54.987 DBG] Credits :: Time to save 14.1339ms
[2026-03-22 23:21:55.005 DBG] Quotes :: Time to save 17.5053ms
[2026-03-22 23:21:55.082 DBG] Config :: Time to save 18.7305ms
[2026-03-22 23:22:24.171 DBG] ActionDispatcher :: Queueing 'Sub Goal' (361aa588-5f31-4e19-b8a5-099cae52479d, TimedAction) to 'Default' (00000000-0000-0000-0000-000000000000), with 11 arguments
[2026-03-22 23:22:24.171 DBG] ActionQueue :: 'Default' (00000000-0000-0000-0000-000000000000) :: Enqueue action 361aa588-5f31-4e19-b8a5-099cae52479d
[2026-03-22 23:22:24.171 DBG] ActionQueue :: 'Default' (00000000-0000-0000-0000-000000000000) :: Handling queue
[2026-03-22 23:22:24.171 DBG] ActionQueue :: 'Default' (00000000-0000-0000-0000-000000000000) :: Performing non-blocking 'Sub Goal' (361aa588-5f31-4e19-b8a5-099cae52479d, 555424ac-8db1-4b6b-98cf-8b66a474263f)
[2026-03-22 23:22:51.686 DBG] ViewerRepo :: UpdatePresence(twitch, 5), 0.0389ms
[2026-03-22 23:22:51.787 DBG] TwitchService :: Presence Timer :: Artificially updated presence with a threshold of 5 minutes (101.1892ms)
[2026-03-22 23:23:51.697 DBG] ViewerRepo :: UpdatePresence(twitch, 5), 0.063ms
[2026-03-22 23:23:52.267 DBG] TwitchService :: Presence Timer :: Artificially updated presence with a threshold of 5 minutes (570.9644ms)
[2026-03-22 23:24:19.173 DBG] Credits :: Time to save 17.7413ms
[2026-03-22 23:24:51.710 DBG] ViewerRepo :: UpdatePresence(twitch, 5), 0.0377ms
[2026-03-22 23:24:51.802 DBG] TwitchService :: Presence Timer :: Artificially updated presence with a threshold of 5 minutes (92.6007ms)
[2026-03-22 23:25:51.722 DBG] ViewerRepo :: UpdatePresence(twitch, 5), 0.041ms
[2026-03-22 23:25:51.823 DBG] TwitchService :: Presence Timer :: Artificially updated presence with a threshold of 5 minutes (100.3149ms)
[2026-03-22 23:26:51.726 DBG] ViewerRepo :: UpdatePresence(twitch, 5), 0.0381ms
[2026-03-22 23:26:51.821 DBG] TwitchService :: Presence Timer :: Artificially updated presence with a threshold of 5 minutes (95.5429ms)
[2026-03-22 23:26:55.098 DBG] AutoSave :: Auto saving settings...
[2026-03-22 23:26:55.118 DBG] Users :: Time to save 19.5212ms
[2026-03-22 23:26:55.144 DBG] Actions :: Time to save 25.7354ms
[2026-03-22 23:26:55.161 DBG] Commands :: Time to save 16.6395ms
[2026-03-22 23:26:55.177 DBG] Twitch Rewards :: Time to save 16.7089ms
[2026-03-22 23:26:55.192 DBG] Midi :: Time to save 14.8615ms
[2026-03-22 23:26:55.207 DBG] OBS Settings :: Time to save 14.4587ms
[2026-03-22 23:26:55.222 DBG] MeldStudio Settings :: Time to save 15.3238ms
[2026-03-22 23:26:55.237 DBG] Credits :: Time to save 14.7903ms
[2026-03-22 23:26:55.251 DBG] Quotes :: Time to save 14.3628ms
[2026-03-22 23:26:55.322 DBG] Config :: Time to save 19.3072ms
[2026-03-22 23:27:51.732 DBG] ViewerRepo :: UpdatePresence(twitch, 5), 0.0335ms
[2026-03-22 23:27:51.832 DBG] TwitchService :: Presence Timer :: Artificially updated presence with a threshold of 5 minutes (99.6875ms)
[2026-03-22 23:28:51.736 DBG] ViewerRepo :: UpdatePresence(twitch, 5), 0.0361ms
[2026-03-22 23:28:51.831 DBG] TwitchService :: Presence Timer :: Artificially updated presence with a threshold of 5 minutes (94.9854ms)
[2026-03-22 23:29:19.181 DBG] Credits :: Time to save 16.5801ms
[2026-03-22 23:29:51.744 DBG] ViewerRepo :: UpdatePresence(twitch, 5), 0.0374ms
[2026-03-22 23:29:51.839 DBG] TwitchService :: Presence Timer :: Artificially updated presence with a threshold of 5 minutes (94.8806ms)
[2026-03-22 23:30:51.749 DBG] ViewerRepo :: UpdatePresence(twitch, 5), 0.0414ms
[2026-03-22 23:30:51.842 DBG] TwitchService :: Presence Timer :: Artificially updated presence with a threshold of 5 minutes (93.5054ms)
[2026-03-22 23:31:51.764 DBG] ViewerRepo :: UpdatePresence(twitch, 5), 0.0395ms
[2026-03-22 23:31:51.858 DBG] TwitchService :: Presence Timer :: Artificially updated presence with a threshold of 5 minutes (94.4437ms)
[2026-03-22 23:31:55.351 DBG] AutoSave :: Auto saving settings...
[2026-03-22 23:31:55.370 DBG] Users :: Time to save 18.6447ms
[2026-03-22 23:31:55.392 DBG] Actions :: Time to save 22.0053ms
[2026-03-22 23:31:55.409 DBG] Commands :: Time to save 17.5056ms
[2026-03-22 23:31:55.428 DBG] Twitch Rewards :: Time to save 17.7482ms
[2026-03-22 23:31:55.444 DBG] Midi :: Time to save 16.4603ms
[2026-03-22 23:31:55.460 DBG] OBS Settings :: Time to save 16.2531ms
[2026-03-22 23:31:55.476 DBG] MeldStudio Settings :: Time to save 15.4225ms
[2026-03-22 23:31:55.490 DBG] Credits :: Time to save 13.7011ms
[2026-03-22 23:31:55.506 DBG] Quotes :: Time to save 16.7475ms
[2026-03-22 23:31:55.574 DBG] Config :: Time to save 19.5938ms
[2026-03-22 23:32:25.018 DBG] ActionDispatcher :: Queueing 'Sub Goal' (361aa588-5f31-4e19-b8a5-099cae52479d, TimedAction) to 'Default' (00000000-0000-0000-0000-000000000000), with 11 arguments
[2026-03-22 23:32:25.018 DBG] ActionQueue :: 'Default' (00000000-0000-0000-0000-000000000000) :: Enqueue action 361aa588-5f31-4e19-b8a5-099cae52479d
[2026-03-22 23:32:25.018 DBG] ActionQueue :: 'Default' (00000000-0000-0000-0000-000000000000) :: Handling queue
[2026-03-22 23:32:25.018 DBG] ActionQueue :: 'Default' (00000000-0000-0000-0000-000000000000) :: Performing non-blocking 'Sub Goal' (361aa588-5f31-4e19-b8a5-099cae52479d, 7d1ff332-227b-4ded-85d4-bf3551688897)
[2026-03-22 23:32:51.771 DBG] ViewerRepo :: UpdatePresence(twitch, 5), 0.0451ms
[2026-03-22 23:32:51.865 DBG] TwitchService :: Presence Timer :: Artificially updated presence with a threshold of 5 minutes (94.7511ms)
[2026-03-22 23:33:51.773 DBG] ViewerRepo :: UpdatePresence(twitch, 5), 0.0359ms
[2026-03-22 23:33:51.868 DBG] TwitchService :: Presence Timer :: Artificially updated presence with a threshold of 5 minutes (95.6696ms)
[2026-03-22 23:34:19.194 DBG] Credits :: Time to save 17.0072ms
[2026-03-22 23:34:51.781 DBG] ViewerRepo :: UpdatePresence(twitch, 5), 0.0492ms
[2026-03-22 23:34:51.882 DBG] TwitchService :: Presence Timer :: Artificially updated presence with a threshold of 5 minutes (101.544ms)
[2026-03-22 23:35:51.807 DBG] ViewerRepo :: UpdatePresence(twitch, 5), 0.036ms
[2026-03-22 23:35:51.897 DBG] TwitchService :: Presence Timer :: Artificially updated presence with a threshold of 5 minutes (90.2934ms)
[2026-03-22 23:36:51.820 DBG] ViewerRepo :: UpdatePresence(twitch, 5), 0.0479ms
[2026-03-22 23:36:51.917 DBG] TwitchService :: Presence Timer :: Artificially updated presence with a threshold of 5 minutes (97.408ms)
[2026-03-22 23:36:55.611 DBG] AutoSave :: Auto saving settings...
[2026-03-22 23:36:55.636 DBG] Users :: Time to save 25.6946ms
[2026-03-22 23:36:55.662 DBG] Actions :: Time to save 26.0786ms
[2026-03-22 23:36:55.681 DBG] Commands :: Time to save 18.3184ms
[2026-03-22 23:36:55.700 DBG] Twitch Rewards :: Time to save 18.1107ms
[2026-03-22 23:36:55.716 DBG] Midi :: Time to save 16.768ms
[2026-03-22 23:36:55.732 DBG] OBS Settings :: Time to save 16.1537ms
[2026-03-22 23:36:55.747 DBG] MeldStudio Settings :: Time to save 15.1185ms
[2026-03-22 23:36:55.763 DBG] Credits :: Time to save 15.3938ms
[2026-03-22 23:36:55.781 DBG] Quotes :: Time to save 17.5797ms
[2026-03-22 23:36:55.835 DBG] Config :: Time to save 18.607ms
[2026-03-22 23:37:51.831 DBG] ViewerRepo :: UpdatePresence(twitch, 5), 0.0432ms
[2026-03-22 23:37:51.925 DBG] TwitchService :: Presence Timer :: Artificially updated presence with a threshold of 5 minutes (94.0545ms)
[2026-03-22 23:38:51.843 DBG] ViewerRepo :: UpdatePresence(twitch, 5), 0.0561ms
[2026-03-22 23:38:51.945 DBG] TwitchService :: Presence Timer :: Artificially updated presence with a threshold of 5 minutes (102.7319ms)
[2026-03-22 23:39:19.203 DBG] Credits :: Time to save 16.6533ms
[2026-03-22 23:39:51.849 DBG] ViewerRepo :: UpdatePresence(twitch, 5), 0.0364ms
[2026-03-22 23:39:51.940 DBG] TwitchService :: Presence Timer :: Artificially updated presence with a threshold of 5 minutes (91.9565ms)
[2026-03-22 23:40:51.858 DBG] ViewerRepo :: UpdatePresence(twitch, 5), 0.0395ms
[2026-03-22 23:40:51.957 DBG] TwitchService :: Presence Timer :: Artificially updated presence with a threshold of 5 minutes (99.2196ms)
[2026-03-22 23:41:51.865 DBG] ViewerRepo :: UpdatePresence(twitch, 5), 0.0427ms
[2026-03-22 23:41:51.961 DBG] TwitchService :: Presence Timer :: Artificially updated presence with a threshold of 5 minutes (96.4116ms)
[2026-03-22 23:41:55.876 DBG] AutoSave :: Auto saving settings...
[2026-03-22 23:41:55.895 DBG] Users :: Time to save 20.1079ms
[2026-03-22 23:41:55.920 DBG] Actions :: Time to save 24.3724ms
[2026-03-22 23:41:55.939 DBG] Commands :: Time to save 19.1318ms
[2026-03-22 23:41:55.957 DBG] Twitch Rewards :: Time to save 18.5373ms
[2026-03-22 23:41:55.974 DBG] Midi :: Time to save 15.5572ms
[2026-03-22 23:41:55.988 DBG] OBS Settings :: Time to save 14.5861ms
[2026-03-22 23:41:56.003 DBG] MeldStudio Settings :: Time to save 15.1138ms
[2026-03-22 23:41:56.017 DBG] Credits :: Time to save 14.5154ms
[2026-03-22 23:41:56.034 DBG] Quotes :: Time to save 16.4726ms
[2026-03-22 23:41:56.098 DBG] Config :: Time to save 19.3965ms
[2026-03-22 23:42:25.765 DBG] ActionDispatcher :: Queueing 'Sub Goal' (361aa588-5f31-4e19-b8a5-099cae52479d, TimedAction) to 'Default' (00000000-0000-0000-0000-000000000000), with 11 arguments
[2026-03-22 23:42:25.765 DBG] ActionQueue :: 'Default' (00000000-0000-0000-0000-000000000000) :: Enqueue action 361aa588-5f31-4e19-b8a5-099cae52479d
[2026-03-22 23:42:25.765 DBG] ActionQueue :: 'Default' (00000000-0000-0000-0000-000000000000) :: Handling queue
[2026-03-22 23:42:25.765 DBG] ActionQueue :: 'Default' (00000000-0000-0000-0000-000000000000) :: Performing non-blocking 'Sub Goal' (361aa588-5f31-4e19-b8a5-099cae52479d, cc391a09-5338-4c29-b3c7-9d35ca30e6cc)
[2026-03-22 23:42:51.874 DBG] ViewerRepo :: UpdatePresence(twitch, 5), 0.0373ms
[2026-03-22 23:42:51.968 DBG] TwitchService :: Presence Timer :: Artificially updated presence with a threshold of 5 minutes (93.9958ms)
[2026-03-22 23:43:51.887 DBG] ViewerRepo :: UpdatePresence(twitch, 5), 0.0361ms
[2026-03-22 23:43:51.979 DBG] TwitchService :: Presence Timer :: Artificially updated presence with a threshold of 5 minutes (93.4975ms)
[2026-03-22 23:44:19.206 DBG] Credits :: Time to save 17.3185ms
[2026-03-22 23:44:51.903 DBG] ViewerRepo :: UpdatePresence(twitch, 5), 0.0499ms
[2026-03-22 23:44:52.003 DBG] TwitchService :: Presence Timer :: Artificially updated presence with a threshold of 5 minutes (100.9106ms)
[2026-03-22 23:45:51.910 DBG] ViewerRepo :: UpdatePresence(twitch, 5), 0.0363ms
[2026-03-22 23:45:52.009 DBG] TwitchService :: Presence Timer :: Artificially updated presence with a threshold of 5 minutes (98.9397ms)
[2026-03-22 23:46:51.919 DBG] ViewerRepo :: UpdatePresence(twitch, 5), 0.0357ms
[2026-03-22 23:46:52.017 DBG] TwitchService :: Presence Timer :: Artificially updated presence with a threshold of 5 minutes (99.0494ms)
[2026-03-22 23:46:56.122 DBG] AutoSave :: Auto saving settings...
[2026-03-22 23:46:56.139 DBG] Users :: Time to save 17.4916ms
[2026-03-22 23:46:56.159 DBG] Actions :: Time to save 18.5477ms
[2026-03-22 23:46:56.171 DBG] Commands :: Time to save 11.8143ms
[2026-03-22 23:46:56.182 DBG] Twitch Rewards :: Time to save 11.6791ms
[2026-03-22 23:46:56.192 DBG] Midi :: Time to save 10.5929ms
[2026-03-22 23:46:56.202 DBG] OBS Settings :: Time to save 10.1748ms
[2026-03-22 23:46:56.213 DBG] MeldStudio Settings :: Time to save 10.3111ms
[2026-03-22 23:46:56.224 DBG] Credits :: Time to save 10.7144ms
[2026-03-22 23:46:56.235 DBG] Quotes :: Time to save 11.9237ms
[2026-03-22 23:46:56.348 DBG] Config :: Time to save 19.2865ms
[2026-03-22 23:47:51.919 DBG] ViewerRepo :: UpdatePresence(twitch, 5), 0.0354ms
[2026-03-22 23:47:52.015 DBG] TwitchService :: Presence Timer :: Artificially updated presence with a threshold of 5 minutes (95.6391ms)
[2026-03-22 23:48:51.925 DBG] ViewerRepo :: UpdatePresence(twitch, 5), 0.0354ms
[2026-03-22 23:48:52.022 DBG] TwitchService :: Presence Timer :: Artificially updated presence with a threshold of 5 minutes (96.49ms)
[2026-03-22 23:49:19.222 DBG] Credits :: Time to save 18.381ms
[2026-03-22 23:49:51.934 DBG] ViewerRepo :: UpdatePresence(twitch, 5), 0.0361ms
[2026-03-22 23:49:52.026 DBG] TwitchService :: Presence Timer :: Artificially updated presence with a threshold of 5 minutes (92.5749ms)
[2026-03-22 23:50:51.934 DBG] ViewerRepo :: UpdatePresence(twitch, 5), 0.0342ms
[2026-03-22 23:50:52.027 DBG] TwitchService :: Presence Timer :: Artificially updated presence with a threshold of 5 minutes (93.0554ms)
[2026-03-22 23:51:51.949 DBG] ViewerRepo :: UpdatePresence(twitch, 5), 0.05ms
[2026-03-22 23:51:52.043 DBG] TwitchService :: Presence Timer :: Artificially updated presence with a threshold of 5 minutes (94.9782ms)
[2026-03-22 23:51:56.343 DBG] AutoSave :: Auto saving settings...
[2026-03-22 23:51:56.362 DBG] Users :: Time to save 19.6513ms
[2026-03-22 23:51:56.385 DBG] Actions :: Time to save 23.2871ms
[2026-03-22 23:51:56.403 DBG] Commands :: Time to save 17.8539ms
[2026-03-22 23:51:56.419 DBG] Twitch Rewards :: Time to save 16.6116ms
[2026-03-22 23:51:56.435 DBG] Midi :: Time to save 14.699ms
[2026-03-22 23:51:56.449 DBG] OBS Settings :: Time to save 14.5918ms
[2026-03-22 23:51:56.465 DBG] MeldStudio Settings :: Time to save 15.0304ms
[2026-03-22 23:51:56.479 DBG] Credits :: Time to save 14.2826ms
[2026-03-22 23:51:56.495 DBG] Quotes :: Time to save 16.8491ms
[2026-03-22 23:51:56.562 DBG] Config :: Time to save 16.5959ms
[2026-03-22 23:52:26.557 DBG] ActionDispatcher :: Queueing 'Sub Goal' (361aa588-5f31-4e19-b8a5-099cae52479d, TimedAction) to 'Default' (00000000-0000-0000-0000-000000000000), with 11 arguments
[2026-03-22 23:52:26.557 DBG] ActionQueue :: 'Default' (00000000-0000-0000-0000-000000000000) :: Enqueue action 361aa588-5f31-4e19-b8a5-099cae52479d
[2026-03-22 23:52:26.557 DBG] ActionQueue :: 'Default' (00000000-0000-0000-0000-000000000000) :: Handling queue
[2026-03-22 23:52:26.557 DBG] ActionQueue :: 'Default' (00000000-0000-0000-0000-000000000000) :: Performing non-blocking 'Sub Goal' (361aa588-5f31-4e19-b8a5-099cae52479d, 628ab766-7ea7-4a24-ab78-f4b77b1e582f)
[2026-03-22 23:52:51.958 DBG] ViewerRepo :: UpdatePresence(twitch, 5), 0.0625ms
[2026-03-22 23:52:52.052 DBG] TwitchService :: Presence Timer :: Artificially updated presence with a threshold of 5 minutes (94.4664ms)
[2026-03-22 23:53:51.974 DBG] ViewerRepo :: UpdatePresence(twitch, 5), 0.0363ms
[2026-03-22 23:53:52.074 DBG] TwitchService :: Presence Timer :: Artificially updated presence with a threshold of 5 minutes (100.2449ms)
[2026-03-22 23:54:19.232 DBG] Credits :: Time to save 17.6751ms
[2026-03-22 23:54:51.985 DBG] ViewerRepo :: UpdatePresence(twitch, 5), 0.0353ms
[2026-03-22 23:54:52.080 DBG] TwitchService :: Presence Timer :: Artificially updated presence with a threshold of 5 minutes (96.5765ms)
[2026-03-22 23:55:51.985 DBG] ViewerRepo :: UpdatePresence(twitch, 5), 0.037ms
[2026-03-22 23:55:52.080 DBG] TwitchService :: Presence Timer :: Artificially updated presence with a threshold of 5 minutes (95.1364ms)
[2026-03-22 23:56:51.996 DBG] ViewerRepo :: UpdatePresence(twitch, 5), 0.0358ms
[2026-03-22 23:56:52.092 DBG] TwitchService :: Presence Timer :: Artificially updated presence with a threshold of 5 minutes (95.354ms)
[2026-03-22 23:56:56.597 DBG] AutoSave :: Auto saving settings...
[2026-03-22 23:56:56.617 DBG] Users :: Time to save 19.9608ms
[2026-03-22 23:56:56.642 DBG] Actions :: Time to save 24.2161ms
[2026-03-22 23:56:56.658 DBG] Commands :: Time to save 17.0775ms
[2026-03-22 23:56:56.676 DBG] Twitch Rewards :: Time to save 17.4957ms
[2026-03-22 23:56:56.690 DBG] Midi :: Time to save 15.0445ms
[2026-03-22 23:56:56.706 DBG] OBS Settings :: Time to save 15.5123ms
[2026-03-22 23:56:56.722 DBG] MeldStudio Settings :: Time to save 15.1847ms
[2026-03-22 23:56:56.737 DBG] Credits :: Time to save 15.1185ms
[2026-03-22 23:56:56.754 DBG] Quotes :: Time to save 17.5215ms
[2026-03-22 23:56:56.819 DBG] Config :: Time to save 19.2462ms
[2026-03-22 23:57:52.007 DBG] ViewerRepo :: UpdatePresence(twitch, 5), 0.0374ms
[2026-03-22 23:57:52.104 DBG] TwitchService :: Presence Timer :: Artificially updated presence with a threshold of 5 minutes (96.8939ms)
[2026-03-22 23:58:52.012 DBG] ViewerRepo :: UpdatePresence(twitch, 5), 0.0391ms
[2026-03-22 23:58:52.109 DBG] TwitchService :: Presence Timer :: Artificially updated presence with a threshold of 5 minutes (98.1315ms)
[2026-03-22 23:59:19.237 DBG] Credits :: Time to save 16.8408ms
[2026-03-22 23:59:52.022 DBG] ViewerRepo :: UpdatePresence(twitch, 5), 0.04ms
[2026-03-22 23:59:52.114 DBG] TwitchService :: Presence Timer :: Artificially updated presence with a threshold of 5 minutes (92.0574ms)
