[2026-02-11 00:00:41.846 DBG] ViewerRepo :: UpdatePresence(twitch, 5), 0.0304ms
[2026-02-11 00:00:41.899 DBG] TwitchService :: Presence Timer :: Artificially updated presence with a threshold of 5 minutes (53.1624ms)
[2026-02-11 00:01:41.860 DBG] ViewerRepo :: UpdatePresence(twitch, 5), 0.033ms
[2026-02-11 00:01:41.918 DBG] TwitchService :: Presence Timer :: Artificially updated presence with a threshold of 5 minutes (58.1969ms)
[2026-02-11 00:02:41.873 DBG] ViewerRepo :: UpdatePresence(twitch, 5), 0.0326ms
[2026-02-11 00:02:41.929 DBG] TwitchService :: Presence Timer :: Artificially updated presence with a threshold of 5 minutes (56.5662ms)
[2026-02-11 00:03:27.450 DBG] Credits :: Time to save 18.8633ms
[2026-02-11 00:03:41.886 DBG] ViewerRepo :: UpdatePresence(twitch, 5), 0.0303ms
[2026-02-11 00:03:41.940 DBG] TwitchService :: Presence Timer :: Artificially updated presence with a threshold of 5 minutes (54.96ms)
[2026-02-11 00:03:55.239 DBG] ActionDispatcher :: Queueing 'Sub Goal' (361aa588-5f31-4e19-b8a5-099cae52479d, TimedAction) to 'Default' (00000000-0000-0000-0000-000000000000), with 11 arguments
[2026-02-11 00:03:55.239 DBG] ActionQueue :: 'Default' (00000000-0000-0000-0000-000000000000) :: Enqueue action 361aa588-5f31-4e19-b8a5-099cae52479d
[2026-02-11 00:03:55.239 DBG] ActionQueue :: 'Default' (00000000-0000-0000-0000-000000000000) :: Handling queue
[2026-02-11 00:03:55.239 DBG] ActionQueue :: 'Default' (00000000-0000-0000-0000-000000000000) :: Performing non-blocking 'Sub Goal' (361aa588-5f31-4e19-b8a5-099cae52479d, 59c0e409-f98c-47d2-8756-c81bbfe497a6)
[2026-02-11 00:04:11.585 DBG] AutoSave :: Auto saving settings...
[2026-02-11 00:04:11.605 DBG] Users :: Time to save 20.7376ms
[2026-02-11 00:04:11.627 DBG] Actions :: Time to save 22.06ms
[2026-02-11 00:04:11.644 DBG] Commands :: Time to save 17.4499ms
[2026-02-11 00:04:11.662 DBG] Twitch Rewards :: Time to save 16.8247ms
[2026-02-11 00:04:11.677 DBG] Midi :: Time to save 15.7142ms
[2026-02-11 00:04:11.693 DBG] OBS Settings :: Time to save 15.506ms
[2026-02-11 00:04:11.709 DBG] MeldStudio Settings :: Time to save 16.2834ms
[2026-02-11 00:04:11.724 DBG] Credits :: Time to save 15.3553ms
[2026-02-11 00:04:11.743 DBG] Quotes :: Time to save 17.4476ms
[2026-02-11 00:04:11.803 DBG] Config :: Time to save 14.5147ms
[2026-02-11 00:04:41.899 DBG] ViewerRepo :: UpdatePresence(twitch, 5), 0.0323ms
[2026-02-11 00:04:41.950 DBG] TwitchService :: Presence Timer :: Artificially updated presence with a threshold of 5 minutes (52.3435ms)
[2026-02-11 00:05:41.912 DBG] ViewerRepo :: UpdatePresence(twitch, 5), 0.0324ms
[2026-02-11 00:05:41.969 DBG] TwitchService :: Presence Timer :: Artificially updated presence with a threshold of 5 minutes (57.2642ms)
[2026-02-11 00:06:41.913 DBG] ViewerRepo :: UpdatePresence(twitch, 5), 0.0369ms
[2026-02-11 00:06:41.966 DBG] TwitchService :: Presence Timer :: Artificially updated presence with a threshold of 5 minutes (53.3927ms)
[2026-02-11 00:07:41.921 DBG] ViewerRepo :: UpdatePresence(twitch, 5), 0.03ms
[2026-02-11 00:07:41.977 DBG] TwitchService :: Presence Timer :: Artificially updated presence with a threshold of 5 minutes (55.9076ms)
[2026-02-11 00:08:27.459 DBG] Credits :: Time to save 23.6191ms
[2026-02-11 00:08:41.929 DBG] ViewerRepo :: UpdatePresence(twitch, 5), 0.0314ms
[2026-02-11 00:08:41.986 DBG] TwitchService :: Presence Timer :: Artificially updated presence with a threshold of 5 minutes (57.3878ms)
[2026-02-11 00:09:11.832 DBG] AutoSave :: Auto saving settings...
[2026-02-11 00:09:11.854 DBG] Users :: Time to save 22.1703ms
[2026-02-11 00:09:11.878 DBG] Actions :: Time to save 23.756ms
[2026-02-11 00:09:11.896 DBG] Commands :: Time to save 18.1734ms
[2026-02-11 00:09:11.914 DBG] Twitch Rewards :: Time to save 18.3729ms
[2026-02-11 00:09:11.930 DBG] Midi :: Time to save 15.476ms
[2026-02-11 00:09:11.946 DBG] OBS Settings :: Time to save 15.7204ms
[2026-02-11 00:09:11.963 DBG] MeldStudio Settings :: Time to save 16.3689ms
[2026-02-11 00:09:11.978 DBG] Credits :: Time to save 15.7405ms
[2026-02-11 00:09:11.996 DBG] Quotes :: Time to save 17.759ms
[2026-02-11 00:09:12.055 DBG] Config :: Time to save 19.6892ms
[2026-02-11 00:09:41.936 DBG] ViewerRepo :: UpdatePresence(twitch, 5), 0.0313ms
[2026-02-11 00:09:41.990 DBG] TwitchService :: Presence Timer :: Artificially updated presence with a threshold of 5 minutes (55.0853ms)
[2026-02-11 00:10:41.949 DBG] ViewerRepo :: UpdatePresence(twitch, 5), 0.0329ms
[2026-02-11 00:10:42.003 DBG] TwitchService :: Presence Timer :: Artificially updated presence with a threshold of 5 minutes (54.2022ms)
[2026-02-11 00:11:41.953 DBG] ViewerRepo :: UpdatePresence(twitch, 5), 0.0311ms
[2026-02-11 00:11:42.008 DBG] TwitchService :: Presence Timer :: Artificially updated presence with a threshold of 5 minutes (55.6936ms)
[2026-02-11 00:12:41.969 DBG] ViewerRepo :: UpdatePresence(twitch, 5), 0.0305ms
[2026-02-11 00:12:42.026 DBG] TwitchService :: Presence Timer :: Artificially updated presence with a threshold of 5 minutes (57.4882ms)
[2026-02-11 00:13:27.469 DBG] Credits :: Time to save 21.6323ms
[2026-02-11 00:13:41.975 DBG] ViewerRepo :: UpdatePresence(twitch, 5), 0.0429ms
[2026-02-11 00:13:42.031 DBG] TwitchService :: Presence Timer :: Artificially updated presence with a threshold of 5 minutes (56.2432ms)
[2026-02-11 00:13:56.159 DBG] ActionDispatcher :: Queueing 'Sub Goal' (361aa588-5f31-4e19-b8a5-099cae52479d, TimedAction) to 'Default' (00000000-0000-0000-0000-000000000000), with 11 arguments
[2026-02-11 00:13:56.159 DBG] ActionQueue :: 'Default' (00000000-0000-0000-0000-000000000000) :: Enqueue action 361aa588-5f31-4e19-b8a5-099cae52479d
[2026-02-11 00:13:56.159 DBG] ActionQueue :: 'Default' (00000000-0000-0000-0000-000000000000) :: Handling queue
[2026-02-11 00:13:56.159 DBG] ActionQueue :: 'Default' (00000000-0000-0000-0000-000000000000) :: Performing non-blocking 'Sub Goal' (361aa588-5f31-4e19-b8a5-099cae52479d, 5cc290b1-7d1b-4788-8b7a-967507760867)
[2026-02-11 00:14:12.083 DBG] AutoSave :: Auto saving settings...
[2026-02-11 00:14:12.103 DBG] Users :: Time to save 20.7879ms
[2026-02-11 00:14:12.127 DBG] Actions :: Time to save 24.4651ms
[2026-02-11 00:14:12.146 DBG] Commands :: Time to save 18.4315ms
[2026-02-11 00:14:12.164 DBG] Twitch Rewards :: Time to save 17.8926ms
[2026-02-11 00:14:12.179 DBG] Midi :: Time to save 15.3122ms
[2026-02-11 00:14:12.196 DBG] OBS Settings :: Time to save 15.9598ms
[2026-02-11 00:14:12.210 DBG] MeldStudio Settings :: Time to save 15.5162ms
[2026-02-11 00:14:12.228 DBG] Credits :: Time to save 17.5442ms
[2026-02-11 00:14:12.247 DBG] Quotes :: Time to save 18.7425ms
[2026-02-11 00:14:12.303 DBG] Config :: Time to save 19.4108ms
[2026-02-11 00:14:41.978 DBG] ViewerRepo :: UpdatePresence(twitch, 5), 0.0294ms
[2026-02-11 00:14:42.473 DBG] TwitchService :: Presence Timer :: Artificially updated presence with a threshold of 5 minutes (495.5292ms)
[2026-02-11 00:15:41.982 DBG] ViewerRepo :: UpdatePresence(twitch, 5), 0.0332ms
[2026-02-11 00:15:42.039 DBG] TwitchService :: Presence Timer :: Artificially updated presence with a threshold of 5 minutes (57.8516ms)
[2026-02-11 00:16:41.997 DBG] ViewerRepo :: UpdatePresence(twitch, 5), 0.0296ms
[2026-02-11 00:16:42.056 DBG] TwitchService :: Presence Timer :: Artificially updated presence with a threshold of 5 minutes (59.0895ms)
[2026-02-11 00:17:42.000 DBG] ViewerRepo :: UpdatePresence(twitch, 5), 0.0311ms
[2026-02-11 00:17:42.052 DBG] TwitchService :: Presence Timer :: Artificially updated presence with a threshold of 5 minutes (53.1301ms)
[2026-02-11 00:18:27.477 DBG] Credits :: Time to save 21.8326ms
[2026-02-11 00:18:42.014 DBG] ViewerRepo :: UpdatePresence(twitch, 5), 0.0304ms
[2026-02-11 00:18:42.069 DBG] TwitchService :: Presence Timer :: Artificially updated presence with a threshold of 5 minutes (55.234ms)
[2026-02-11 00:19:12.320 DBG] AutoSave :: Auto saving settings...
[2026-02-11 00:19:12.340 DBG] Users :: Time to save 20.4451ms
[2026-02-11 00:19:12.364 DBG] Actions :: Time to save 23.9487ms
[2026-02-11 00:19:12.383 DBG] Commands :: Time to save 18.8589ms
[2026-02-11 00:19:12.400 DBG] Twitch Rewards :: Time to save 17.5788ms
[2026-02-11 00:19:12.416 DBG] Midi :: Time to save 15.2999ms
[2026-02-11 00:19:12.431 DBG] OBS Settings :: Time to save 15.3076ms
[2026-02-11 00:19:12.447 DBG] MeldStudio Settings :: Time to save 15.4922ms
[2026-02-11 00:19:12.462 DBG] Credits :: Time to save 15.4038ms
[2026-02-11 00:19:12.480 DBG] Quotes :: Time to save 17.4151ms
[2026-02-11 00:19:12.543 DBG] Config :: Time to save 20.3099ms
[2026-02-11 00:19:42.019 DBG] ViewerRepo :: UpdatePresence(twitch, 5), 0.0312ms
[2026-02-11 00:19:42.076 DBG] TwitchService :: Presence Timer :: Artificially updated presence with a threshold of 5 minutes (57.6311ms)
[2026-02-11 00:20:42.028 DBG] ViewerRepo :: UpdatePresence(twitch, 5), 0.0314ms
[2026-02-11 00:20:42.081 DBG] TwitchService :: Presence Timer :: Artificially updated presence with a threshold of 5 minutes (54.0988ms)
[2026-02-11 00:21:42.033 DBG] ViewerRepo :: UpdatePresence(twitch, 5), 0.0327ms
[2026-02-11 00:21:42.088 DBG] TwitchService :: Presence Timer :: Artificially updated presence with a threshold of 5 minutes (55.1141ms)
[2026-02-11 00:22:42.048 DBG] ViewerRepo :: UpdatePresence(twitch, 5), 0.032ms
[2026-02-11 00:22:42.100 DBG] TwitchService :: Presence Timer :: Artificially updated presence with a threshold of 5 minutes (52.4218ms)
[2026-02-11 00:23:27.486 DBG] Credits :: Time to save 21.7735ms
[2026-02-11 00:23:42.063 DBG] ViewerRepo :: UpdatePresence(twitch, 5), 0.0303ms
[2026-02-11 00:23:42.120 DBG] TwitchService :: Presence Timer :: Artificially updated presence with a threshold of 5 minutes (56.4275ms)
[2026-02-11 00:23:57.081 DBG] ActionDispatcher :: Queueing 'Sub Goal' (361aa588-5f31-4e19-b8a5-099cae52479d, TimedAction) to 'Default' (00000000-0000-0000-0000-000000000000), with 11 arguments
[2026-02-11 00:23:57.081 DBG] ActionQueue :: 'Default' (00000000-0000-0000-0000-000000000000) :: Enqueue action 361aa588-5f31-4e19-b8a5-099cae52479d
[2026-02-11 00:23:57.081 DBG] ActionQueue :: 'Default' (00000000-0000-0000-0000-000000000000) :: Handling queue
[2026-02-11 00:23:57.081 DBG] ActionQueue :: 'Default' (00000000-0000-0000-0000-000000000000) :: Performing non-blocking 'Sub Goal' (361aa588-5f31-4e19-b8a5-099cae52479d, 1051f185-e489-4fbf-ad5d-e111090a5c76)
[2026-02-11 00:24:12.558 DBG] AutoSave :: Auto saving settings...
[2026-02-11 00:24:12.579 DBG] Users :: Time to save 20.8674ms
[2026-02-11 00:24:12.601 DBG] Actions :: Time to save 22.7886ms
[2026-02-11 00:24:12.619 DBG] Commands :: Time to save 17.8938ms
[2026-02-11 00:24:12.637 DBG] Twitch Rewards :: Time to save 17.3447ms
[2026-02-11 00:24:12.652 DBG] Midi :: Time to save 15.6598ms
[2026-02-11 00:24:12.668 DBG] OBS Settings :: Time to save 15.0765ms
[2026-02-11 00:24:12.683 DBG] MeldStudio Settings :: Time to save 15.2971ms
[2026-02-11 00:24:12.699 DBG] Credits :: Time to save 15.4843ms
[2026-02-11 00:24:12.716 DBG] Quotes :: Time to save 17.4943ms
[2026-02-11 00:24:12.779 DBG] Config :: Time to save 19.0796ms
[2026-02-11 00:24:42.071 DBG] ViewerRepo :: UpdatePresence(twitch, 5), 0.0312ms
[2026-02-11 00:24:42.129 DBG] TwitchService :: Presence Timer :: Artificially updated presence with a threshold of 5 minutes (57.6556ms)
[2026-02-11 00:25:42.095 DBG] ViewerRepo :: UpdatePresence(twitch, 5), 0.0303ms
[2026-02-11 00:25:42.153 DBG] TwitchService :: Presence Timer :: Artificially updated presence with a threshold of 5 minutes (57.4609ms)
[2026-02-11 00:26:42.098 DBG] ViewerRepo :: UpdatePresence(twitch, 5), 0.0299ms
[2026-02-11 00:26:42.152 DBG] TwitchService :: Presence Timer :: Artificially updated presence with a threshold of 5 minutes (54.12ms)
[2026-02-11 00:27:42.113 DBG] ViewerRepo :: UpdatePresence(twitch, 5), 0.0319ms
[2026-02-11 00:27:42.169 DBG] TwitchService :: Presence Timer :: Artificially updated presence with a threshold of 5 minutes (55.6314ms)
[2026-02-11 00:28:27.498 DBG] Credits :: Time to save 18.2578ms
[2026-02-11 00:28:42.118 DBG] ViewerRepo :: UpdatePresence(twitch, 5), 0.0305ms
[2026-02-11 00:28:42.199 DBG] TwitchService :: Presence Timer :: Artificially updated presence with a threshold of 5 minutes (81.3479ms)
[2026-02-11 00:29:12.820 DBG] AutoSave :: Auto saving settings...
[2026-02-11 00:29:12.840 DBG] Users :: Time to save 21.139ms
[2026-02-11 00:29:12.865 DBG] Actions :: Time to save 24.3791ms
[2026-02-11 00:29:12.883 DBG] Commands :: Time to save 17.9252ms
[2026-02-11 00:29:12.900 DBG] Twitch Rewards :: Time to save 17.4266ms
[2026-02-11 00:29:12.917 DBG] Midi :: Time to save 15.6804ms
[2026-02-11 00:29:12.932 DBG] OBS Settings :: Time to save 16.1779ms
[2026-02-11 00:29:12.948 DBG] MeldStudio Settings :: Time to save 15.0556ms
[2026-02-11 00:29:12.963 DBG] Credits :: Time to save 15.4429ms
[2026-02-11 00:29:12.980 DBG] Quotes :: Time to save 16.9854ms
[2026-02-11 00:29:13.043 DBG] Config :: Time to save 19.7297ms
[2026-02-11 00:29:42.118 DBG] ViewerRepo :: UpdatePresence(twitch, 5), 0.0356ms
[2026-02-11 00:29:42.171 DBG] TwitchService :: Presence Timer :: Artificially updated presence with a threshold of 5 minutes (53.6759ms)
[2026-02-11 00:30:42.125 DBG] ViewerRepo :: UpdatePresence(twitch, 5), 0.0294ms
[2026-02-11 00:30:42.178 DBG] TwitchService :: Presence Timer :: Artificially updated presence with a threshold of 5 minutes (53.816ms)
[2026-02-11 00:31:42.138 DBG] ViewerRepo :: UpdatePresence(twitch, 5), 0.031ms
[2026-02-11 00:31:42.191 DBG] TwitchService :: Presence Timer :: Artificially updated presence with a threshold of 5 minutes (53.6948ms)
[2026-02-11 00:32:42.152 DBG] ViewerRepo :: UpdatePresence(twitch, 5), 0.0309ms
[2026-02-11 00:32:42.208 DBG] TwitchService :: Presence Timer :: Artificially updated presence with a threshold of 5 minutes (55.7677ms)
[2026-02-11 00:33:27.510 DBG] Credits :: Time to save 19.3629ms
[2026-02-11 00:33:42.156 DBG] ViewerRepo :: UpdatePresence(twitch, 5), 0.0297ms
[2026-02-11 00:33:42.212 DBG] TwitchService :: Presence Timer :: Artificially updated presence with a threshold of 5 minutes (55.8149ms)
[2026-02-11 00:33:57.231 DBG] ActionDispatcher :: Queueing 'Sub Goal' (361aa588-5f31-4e19-b8a5-099cae52479d, TimedAction) to 'Default' (00000000-0000-0000-0000-000000000000), with 11 arguments
[2026-02-11 00:33:57.231 DBG] ActionQueue :: 'Default' (00000000-0000-0000-0000-000000000000) :: Enqueue action 361aa588-5f31-4e19-b8a5-099cae52479d
[2026-02-11 00:33:57.231 DBG] ActionQueue :: 'Default' (00000000-0000-0000-0000-000000000000) :: Handling queue
[2026-02-11 00:33:57.231 DBG] ActionQueue :: 'Default' (00000000-0000-0000-0000-000000000000) :: Performing non-blocking 'Sub Goal' (361aa588-5f31-4e19-b8a5-099cae52479d, 8b128022-97ac-46e6-9f25-d5b2beef70a9)
[2026-02-11 00:34:13.064 DBG] AutoSave :: Auto saving settings...
[2026-02-11 00:34:13.084 DBG] Users :: Time to save 21.0587ms
[2026-02-11 00:34:13.109 DBG] Actions :: Time to save 23.8224ms
[2026-02-11 00:34:13.127 DBG] Commands :: Time to save 18.0225ms
[2026-02-11 00:34:13.145 DBG] Twitch Rewards :: Time to save 18.52ms
[2026-02-11 00:34:13.162 DBG] Midi :: Time to save 16.1716ms
[2026-02-11 00:34:13.180 DBG] OBS Settings :: Time to save 18.2297ms
[2026-02-11 00:34:13.198 DBG] MeldStudio Settings :: Time to save 18.2262ms
[2026-02-11 00:34:13.217 DBG] Credits :: Time to save 18.1362ms
[2026-02-11 00:34:13.236 DBG] Quotes :: Time to save 20.2387ms
[2026-02-11 00:34:13.288 DBG] Config :: Time to save 20.365ms
[2026-02-11 00:34:42.169 DBG] ViewerRepo :: UpdatePresence(twitch, 5), 0.0306ms
[2026-02-11 00:34:42.227 DBG] TwitchService :: Presence Timer :: Artificially updated presence with a threshold of 5 minutes (58.3076ms)
[2026-02-11 00:35:42.174 DBG] ViewerRepo :: UpdatePresence(twitch, 5), 0.0316ms
[2026-02-11 00:35:42.232 DBG] TwitchService :: Presence Timer :: Artificially updated presence with a threshold of 5 minutes (58.385ms)
[2026-02-11 00:36:42.176 DBG] ViewerRepo :: UpdatePresence(twitch, 5), 0.0307ms
[2026-02-11 00:36:42.235 DBG] TwitchService :: Presence Timer :: Artificially updated presence with a threshold of 5 minutes (58.7383ms)
[2026-02-11 00:37:42.182 DBG] ViewerRepo :: UpdatePresence(twitch, 5), 0.0322ms
[2026-02-11 00:37:42.239 DBG] TwitchService :: Presence Timer :: Artificially updated presence with a threshold of 5 minutes (58.4385ms)
[2026-02-11 00:38:27.516 DBG] Credits :: Time to save 19.9766ms
[2026-02-11 00:38:42.182 DBG] ViewerRepo :: UpdatePresence(twitch, 5), 0.0318ms
[2026-02-11 00:38:42.235 DBG] TwitchService :: Presence Timer :: Artificially updated presence with a threshold of 5 minutes (53.9497ms)
[2026-02-11 00:39:13.344 DBG] AutoSave :: Auto saving settings...
[2026-02-11 00:39:13.361 DBG] Users :: Time to save 16.9114ms
[2026-02-11 00:39:13.384 DBG] Actions :: Time to save 23.5932ms
[2026-02-11 00:39:13.402 DBG] Commands :: Time to save 18.3044ms
[2026-02-11 00:39:13.421 DBG] Twitch Rewards :: Time to save 18.022ms
[2026-02-11 00:39:13.436 DBG] Midi :: Time to save 15.7331ms
[2026-02-11 00:39:13.452 DBG] OBS Settings :: Time to save 16.106ms
[2026-02-11 00:39:13.469 DBG] MeldStudio Settings :: Time to save 15.6684ms
[2026-02-11 00:39:13.484 DBG] Credits :: Time to save 15.5361ms
[2026-02-11 00:39:13.499 DBG] Quotes :: Time to save 15.6821ms
[2026-02-11 00:39:13.569 DBG] Config :: Time to save 21.5099ms
[2026-02-11 00:39:42.205 DBG] ViewerRepo :: UpdatePresence(twitch, 5), 0.0344ms
[2026-02-11 00:39:42.259 DBG] TwitchService :: Presence Timer :: Artificially updated presence with a threshold of 5 minutes (54.719ms)
[2026-02-11 00:40:42.214 DBG] ViewerRepo :: UpdatePresence(twitch, 5), 0.0295ms
[2026-02-11 00:40:42.267 DBG] TwitchService :: Presence Timer :: Artificially updated presence with a threshold of 5 minutes (53.5103ms)
[2026-02-11 00:41:42.220 DBG] ViewerRepo :: UpdatePresence(twitch, 5), 0.03ms
[2026-02-11 00:41:42.271 DBG] TwitchService :: Presence Timer :: Artificially updated presence with a threshold of 5 minutes (51.3142ms)
[2026-02-11 00:42:42.230 DBG] ViewerRepo :: UpdatePresence(twitch, 5), 0.0361ms
[2026-02-11 00:42:42.289 DBG] TwitchService :: Presence Timer :: Artificially updated presence with a threshold of 5 minutes (61.0461ms)
[2026-02-11 00:43:27.529 DBG] Credits :: Time to save 18.9949ms
[2026-02-11 00:43:42.238 DBG] ViewerRepo :: UpdatePresence(twitch, 5), 0.0359ms
[2026-02-11 00:43:42.293 DBG] TwitchService :: Presence Timer :: Artificially updated presence with a threshold of 5 minutes (55.3693ms)
[2026-02-11 00:43:57.257 DBG] ActionDispatcher :: Queueing 'Sub Goal' (361aa588-5f31-4e19-b8a5-099cae52479d, TimedAction) to 'Default' (00000000-0000-0000-0000-000000000000), with 11 arguments
[2026-02-11 00:43:57.257 DBG] ActionQueue :: 'Default' (00000000-0000-0000-0000-000000000000) :: Enqueue action 361aa588-5f31-4e19-b8a5-099cae52479d
[2026-02-11 00:43:57.257 DBG] ActionQueue :: 'Default' (00000000-0000-0000-0000-000000000000) :: Handling queue
[2026-02-11 00:43:57.257 DBG] ActionQueue :: 'Default' (00000000-0000-0000-0000-000000000000) :: Performing non-blocking 'Sub Goal' (361aa588-5f31-4e19-b8a5-099cae52479d, 607341d7-d427-4988-8089-d64a1728b24e)
[2026-02-11 00:44:13.572 DBG] AutoSave :: Auto saving settings...
[2026-02-11 00:44:13.592 DBG] Users :: Time to save 20.7936ms
[2026-02-11 00:44:13.616 DBG] Actions :: Time to save 22.8215ms
[2026-02-11 00:44:13.633 DBG] Commands :: Time to save 17.5036ms
[2026-02-11 00:44:13.651 DBG] Twitch Rewards :: Time to save 18.3118ms
[2026-02-11 00:44:13.666 DBG] Midi :: Time to save 15.2045ms
[2026-02-11 00:44:13.684 DBG] OBS Settings :: Time to save 17.806ms
[2026-02-11 00:44:13.700 DBG] MeldStudio Settings :: Time to save 15.7826ms
[2026-02-11 00:44:13.716 DBG] Credits :: Time to save 15.2404ms
[2026-02-11 00:44:13.733 DBG] Quotes :: Time to save 17.1042ms
[2026-02-11 00:44:13.795 DBG] Config :: Time to save 20.5706ms
[2026-02-11 00:44:42.241 DBG] ViewerRepo :: UpdatePresence(twitch, 5), 0.0412ms
[2026-02-11 00:44:42.294 DBG] TwitchService :: Presence Timer :: Artificially updated presence with a threshold of 5 minutes (54.4881ms)
[2026-02-11 00:45:42.253 DBG] ViewerRepo :: UpdatePresence(twitch, 5), 0.0341ms
[2026-02-11 00:45:42.313 DBG] TwitchService :: Presence Timer :: Artificially updated presence with a threshold of 5 minutes (60.5065ms)
[2026-02-11 00:46:42.258 DBG] ViewerRepo :: UpdatePresence(twitch, 5), 0.0372ms
[2026-02-11 00:46:42.315 DBG] TwitchService :: Presence Timer :: Artificially updated presence with a threshold of 5 minutes (57.0977ms)
[2026-02-11 00:47:42.283 DBG] ViewerRepo :: UpdatePresence(twitch, 5), 0.0297ms
[2026-02-11 00:47:42.339 DBG] TwitchService :: Presence Timer :: Artificially updated presence with a threshold of 5 minutes (57.1375ms)
[2026-02-11 00:48:27.531 DBG] Credits :: Time to save 19.5455ms
[2026-02-11 00:48:42.297 DBG] ViewerRepo :: UpdatePresence(twitch, 5), 0.0299ms
[2026-02-11 00:48:42.357 DBG] TwitchService :: Presence Timer :: Artificially updated presence with a threshold of 5 minutes (60.1672ms)
[2026-02-11 00:49:13.827 DBG] AutoSave :: Auto saving settings...
[2026-02-11 00:49:13.849 DBG] Users :: Time to save 21.6612ms
[2026-02-11 00:49:13.873 DBG] Actions :: Time to save 23.8573ms
[2026-02-11 00:49:13.890 DBG] Commands :: Time to save 17.6129ms
[2026-02-11 00:49:13.908 DBG] Twitch Rewards :: Time to save 18.0938ms
[2026-02-11 00:49:13.922 DBG] Midi :: Time to save 13.6725ms
[2026-02-11 00:49:13.937 DBG] OBS Settings :: Time to save 15.4225ms
[2026-02-11 00:49:13.954 DBG] MeldStudio Settings :: Time to save 16.5267ms
[2026-02-11 00:49:13.969 DBG] Credits :: Time to save 15.1349ms
[2026-02-11 00:49:13.987 DBG] Quotes :: Time to save 17.9314ms
[2026-02-11 00:49:14.051 DBG] Config :: Time to save 21.6105ms
[2026-02-11 00:49:42.310 DBG] ViewerRepo :: UpdatePresence(twitch, 5), 0.0325ms
[2026-02-11 00:49:42.365 DBG] TwitchService :: Presence Timer :: Artificially updated presence with a threshold of 5 minutes (55.6816ms)
[2026-02-11 00:50:42.321 DBG] ViewerRepo :: UpdatePresence(twitch, 5), 0.0339ms
[2026-02-11 00:50:42.379 DBG] TwitchService :: Presence Timer :: Artificially updated presence with a threshold of 5 minutes (58.3516ms)
[2026-02-11 00:51:42.331 DBG] ViewerRepo :: UpdatePresence(twitch, 5), 0.0318ms
[2026-02-11 00:51:42.388 DBG] TwitchService :: Presence Timer :: Artificially updated presence with a threshold of 5 minutes (57.455ms)
[2026-02-11 00:52:42.331 DBG] ViewerRepo :: UpdatePresence(twitch, 5), 0.0346ms
[2026-02-11 00:52:42.387 DBG] TwitchService :: Presence Timer :: Artificially updated presence with a threshold of 5 minutes (56.69ms)
[2026-02-11 00:53:27.538 DBG] Credits :: Time to save 18.1508ms
[2026-02-11 00:53:42.336 DBG] ViewerRepo :: UpdatePresence(twitch, 5), 0.0303ms
[2026-02-11 00:53:42.393 DBG] TwitchService :: Presence Timer :: Artificially updated presence with a threshold of 5 minutes (56.8335ms)
[2026-02-11 00:53:58.208 DBG] ActionDispatcher :: Queueing 'Sub Goal' (361aa588-5f31-4e19-b8a5-099cae52479d, TimedAction) to 'Default' (00000000-0000-0000-0000-000000000000), with 11 arguments
[2026-02-11 00:53:58.208 DBG] ActionQueue :: 'Default' (00000000-0000-0000-0000-000000000000) :: Enqueue action 361aa588-5f31-4e19-b8a5-099cae52479d
[2026-02-11 00:53:58.208 DBG] ActionQueue :: 'Default' (00000000-0000-0000-0000-000000000000) :: Handling queue
[2026-02-11 00:53:58.208 DBG] ActionQueue :: 'Default' (00000000-0000-0000-0000-000000000000) :: Performing non-blocking 'Sub Goal' (361aa588-5f31-4e19-b8a5-099cae52479d, 777da940-65ad-427b-9f55-6c996d281903)
[2026-02-11 00:54:14.079 DBG] AutoSave :: Auto saving settings...
[2026-02-11 00:54:14.099 DBG] Users :: Time to save 20.0317ms
[2026-02-11 00:54:14.123 DBG] Actions :: Time to save 23.8784ms
[2026-02-11 00:54:14.141 DBG] Commands :: Time to save 17.5767ms
[2026-02-11 00:54:14.158 DBG] Twitch Rewards :: Time to save 17.1733ms
[2026-02-11 00:54:14.173 DBG] Midi :: Time to save 15.3349ms
[2026-02-11 00:54:14.185 DBG] OBS Settings :: Time to save 11.9103ms
[2026-02-11 00:54:14.200 DBG] MeldStudio Settings :: Time to save 15.196ms
[2026-02-11 00:54:14.216 DBG] Credits :: Time to save 15.7066ms
[2026-02-11 00:54:14.234 DBG] Quotes :: Time to save 17.5938ms
[2026-02-11 00:54:14.301 DBG] Config :: Time to save 19.3894ms
[2026-02-11 00:54:42.352 DBG] ViewerRepo :: UpdatePresence(twitch, 5), 0.0318ms
[2026-02-11 00:54:42.405 DBG] TwitchService :: Presence Timer :: Artificially updated presence with a threshold of 5 minutes (54.2028ms)
[2026-02-11 00:55:42.357 DBG] ViewerRepo :: UpdatePresence(twitch, 5), 0.0316ms
[2026-02-11 00:55:42.409 DBG] TwitchService :: Presence Timer :: Artificially updated presence with a threshold of 5 minutes (53.2341ms)
[2026-02-11 00:56:42.366 DBG] ViewerRepo :: UpdatePresence(twitch, 5), 0.033ms
[2026-02-11 00:56:42.421 DBG] TwitchService :: Presence Timer :: Artificially updated presence with a threshold of 5 minutes (54.9412ms)
[2026-02-11 00:57:42.368 DBG] ViewerRepo :: UpdatePresence(twitch, 5), 0.0316ms
[2026-02-11 00:57:42.422 DBG] TwitchService :: Presence Timer :: Artificially updated presence with a threshold of 5 minutes (53.8354ms)
[2026-02-11 00:58:27.543 DBG] Credits :: Time to save 20.9597ms
[2026-02-11 00:58:42.371 DBG] ViewerRepo :: UpdatePresence(twitch, 5), 0.0306ms
[2026-02-11 00:58:42.427 DBG] TwitchService :: Presence Timer :: Artificially updated presence with a threshold of 5 minutes (56.6006ms)
[2026-02-11 00:59:14.307 DBG] AutoSave :: Auto saving settings...
[2026-02-11 00:59:14.327 DBG] Users :: Time to save 20.6092ms
[2026-02-11 00:59:14.351 DBG] Actions :: Time to save 24.048ms
[2026-02-11 00:59:14.369 DBG] Commands :: Time to save 17.6123ms
[2026-02-11 00:59:14.387 DBG] Twitch Rewards :: Time to save 17.5546ms
[2026-02-11 00:59:14.403 DBG] Midi :: Time to save 15.7587ms
[2026-02-11 00:59:14.418 DBG] OBS Settings :: Time to save 15.7601ms
[2026-02-11 00:59:14.434 DBG] MeldStudio Settings :: Time to save 15.6494ms
[2026-02-11 00:59:14.449 DBG] Credits :: Time to save 15.2304ms
[2026-02-11 00:59:14.467 DBG] Quotes :: Time to save 17.6549ms
[2026-02-11 00:59:14.529 DBG] Config :: Time to save 19.6323ms
[2026-02-11 00:59:42.384 DBG] ViewerRepo :: UpdatePresence(twitch, 5), 0.0321ms
[2026-02-11 00:59:42.437 DBG] TwitchService :: Presence Timer :: Artificially updated presence with a threshold of 5 minutes (53.4795ms)
[2026-02-11 01:00:42.385 DBG] ViewerRepo :: UpdatePresence(twitch, 5), 0.0382ms
[2026-02-11 01:00:42.440 DBG] TwitchService :: Presence Timer :: Artificially updated presence with a threshold of 5 minutes (54.7851ms)
[2026-02-11 01:01:42.396 DBG] ViewerRepo :: UpdatePresence(twitch, 5), 0.0414ms
[2026-02-11 01:01:42.455 DBG] TwitchService :: Presence Timer :: Artificially updated presence with a threshold of 5 minutes (59.0778ms)
[2026-02-11 01:02:42.398 DBG] ViewerRepo :: UpdatePresence(twitch, 5), 0.0298ms
[2026-02-11 01:02:42.457 DBG] TwitchService :: Presence Timer :: Artificially updated presence with a threshold of 5 minutes (59.035ms)
[2026-02-11 01:03:27.547 DBG] Credits :: Time to save 17.9623ms
[2026-02-11 01:03:42.406 DBG] ViewerRepo :: UpdatePresence(twitch, 5), 0.0298ms
[2026-02-11 01:03:42.461 DBG] TwitchService :: Presence Timer :: Artificially updated presence with a threshold of 5 minutes (55.3388ms)
[2026-02-11 01:03:59.071 DBG] ActionDispatcher :: Queueing 'Sub Goal' (361aa588-5f31-4e19-b8a5-099cae52479d, TimedAction) to 'Default' (00000000-0000-0000-0000-000000000000), with 11 arguments
[2026-02-11 01:03:59.071 DBG] ActionQueue :: 'Default' (00000000-0000-0000-0000-000000000000) :: Enqueue action 361aa588-5f31-4e19-b8a5-099cae52479d
[2026-02-11 01:03:59.071 DBG] ActionQueue :: 'Default' (00000000-0000-0000-0000-000000000000) :: Handling queue
[2026-02-11 01:03:59.071 DBG] ActionQueue :: 'Default' (00000000-0000-0000-0000-000000000000) :: Performing non-blocking 'Sub Goal' (361aa588-5f31-4e19-b8a5-099cae52479d, 1708ebb8-1f73-4da6-b916-0452d48c0c35)
[2026-02-11 01:04:14.593 DBG] AutoSave :: Auto saving settings...
[2026-02-11 01:04:14.614 DBG] Users :: Time to save 21.4006ms
[2026-02-11 01:04:14.638 DBG] Actions :: Time to save 24.2005ms
[2026-02-11 01:04:14.656 DBG] Commands :: Time to save 18.1822ms
[2026-02-11 01:04:14.673 DBG] Twitch Rewards :: Time to save 17.432ms
[2026-02-11 01:04:14.689 DBG] Midi :: Time to save 15.7341ms
[2026-02-11 01:04:14.705 DBG] OBS Settings :: Time to save 15.3792ms
[2026-02-11 01:04:14.721 DBG] MeldStudio Settings :: Time to save 15.7124ms
[2026-02-11 01:04:14.736 DBG] Credits :: Time to save 15.2166ms
[2026-02-11 01:04:14.753 DBG] Quotes :: Time to save 17.2774ms
[2026-02-11 01:04:14.814 DBG] Config :: Time to save 18.903ms
[2026-02-11 01:04:42.420 DBG] ViewerRepo :: UpdatePresence(twitch, 5), 0.0292ms
[2026-02-11 01:04:42.476 DBG] TwitchService :: Presence Timer :: Artificially updated presence with a threshold of 5 minutes (55.9302ms)
[2026-02-11 01:05:42.425 DBG] ViewerRepo :: UpdatePresence(twitch, 5), 0.0376ms
[2026-02-11 01:05:42.481 DBG] TwitchService :: Presence Timer :: Artificially updated presence with a threshold of 5 minutes (55.6785ms)
[2026-02-11 01:06:42.427 DBG] ViewerRepo :: UpdatePresence(twitch, 5), 0.0336ms
[2026-02-11 01:06:42.483 DBG] TwitchService :: Presence Timer :: Artificially updated presence with a threshold of 5 minutes (56.4154ms)
[2026-02-11 01:07:42.442 DBG] ViewerRepo :: UpdatePresence(twitch, 5), 0.0312ms
[2026-02-11 01:07:42.499 DBG] TwitchService :: Presence Timer :: Artificially updated presence with a threshold of 5 minutes (58.2938ms)
[2026-02-11 01:08:27.556 DBG] Credits :: Time to save 19.5995ms
[2026-02-11 01:08:42.445 DBG] ViewerRepo :: UpdatePresence(twitch, 5), 0.0409ms
[2026-02-11 01:08:42.501 DBG] TwitchService :: Presence Timer :: Artificially updated presence with a threshold of 5 minutes (55.9788ms)
[2026-02-11 01:09:14.804 DBG] AutoSave :: Auto saving settings...
[2026-02-11 01:09:14.825 DBG] Users :: Time to save 21.0462ms
[2026-02-11 01:09:14.849 DBG] Actions :: Time to save 24.5729ms
[2026-02-11 01:09:14.867 DBG] Commands :: Time to save 17.379ms
[2026-02-11 01:09:14.884 DBG] Twitch Rewards :: Time to save 17.9291ms
[2026-02-11 01:09:14.901 DBG] Midi :: Time to save 15.7037ms
[2026-02-11 01:09:14.916 DBG] OBS Settings :: Time to save 15.61ms
[2026-02-11 01:09:14.931 DBG] MeldStudio Settings :: Time to save 14.828ms
[2026-02-11 01:09:14.942 DBG] Credits :: Time to save 11.8744ms
[2026-02-11 01:09:14.957 DBG] Quotes :: Time to save 14.0952ms
[2026-02-11 01:09:15.027 DBG] Config :: Time to save 20.1397ms
[2026-02-11 01:09:42.446 DBG] ViewerRepo :: UpdatePresence(twitch, 5), 0.042ms
[2026-02-11 01:09:42.502 DBG] TwitchService :: Presence Timer :: Artificially updated presence with a threshold of 5 minutes (56.5495ms)
[2026-02-11 01:10:42.469 DBG] ViewerRepo :: UpdatePresence(twitch, 5), 0.0326ms
[2026-02-11 01:10:42.521 DBG] TwitchService :: Presence Timer :: Artificially updated presence with a threshold of 5 minutes (53.0173ms)
[2026-02-11 01:11:42.469 DBG] ViewerRepo :: UpdatePresence(twitch, 5), 0.0402ms
[2026-02-11 01:11:42.523 DBG] TwitchService :: Presence Timer :: Artificially updated presence with a threshold of 5 minutes (53.948ms)
[2026-02-11 01:12:42.476 DBG] ViewerRepo :: UpdatePresence(twitch, 5), 0.032ms
[2026-02-11 01:12:42.529 DBG] TwitchService :: Presence Timer :: Artificially updated presence with a threshold of 5 minutes (53.0326ms)
[2026-02-11 01:13:27.562 DBG] Credits :: Time to save 18.2251ms
[2026-02-11 01:13:42.489 DBG] ViewerRepo :: UpdatePresence(twitch, 5), 0.0308ms
[2026-02-11 01:13:42.542 DBG] TwitchService :: Presence Timer :: Artificially updated presence with a threshold of 5 minutes (53.7478ms)
[2026-02-11 01:13:59.838 DBG] ActionDispatcher :: Queueing 'Sub Goal' (361aa588-5f31-4e19-b8a5-099cae52479d, TimedAction) to 'Default' (00000000-0000-0000-0000-000000000000), with 11 arguments
[2026-02-11 01:13:59.838 DBG] ActionQueue :: 'Default' (00000000-0000-0000-0000-000000000000) :: Enqueue action 361aa588-5f31-4e19-b8a5-099cae52479d
[2026-02-11 01:13:59.838 DBG] ActionQueue :: 'Default' (00000000-0000-0000-0000-000000000000) :: Handling queue
[2026-02-11 01:13:59.838 DBG] ActionQueue :: 'Default' (00000000-0000-0000-0000-000000000000) :: Performing non-blocking 'Sub Goal' (361aa588-5f31-4e19-b8a5-099cae52479d, 8dc53506-761a-4afc-9a5f-cace4bd83610)
[2026-02-11 01:14:15.016 DBG] AutoSave :: Auto saving settings...
[2026-02-11 01:14:15.037 DBG] Users :: Time to save 20.5322ms
[2026-02-11 01:14:15.061 DBG] Actions :: Time to save 23.595ms
[2026-02-11 01:14:15.078 DBG] Commands :: Time to save 17.9266ms
[2026-02-11 01:14:15.098 DBG] Twitch Rewards :: Time to save 19.049ms
[2026-02-11 01:14:15.113 DBG] Midi :: Time to save 15.3318ms
[2026-02-11 01:14:15.128 DBG] OBS Settings :: Time to save 14.8965ms
[2026-02-11 01:14:15.143 DBG] MeldStudio Settings :: Time to save 15.322ms
[2026-02-11 01:14:15.160 DBG] Credits :: Time to save 16.1761ms
[2026-02-11 01:14:15.177 DBG] Quotes :: Time to save 17.546ms
[2026-02-11 01:14:15.239 DBG] Config :: Time to save 20.7646ms
[2026-02-11 01:14:42.489 DBG] ViewerRepo :: UpdatePresence(twitch, 5), 0.0325ms
[2026-02-11 01:14:42.997 DBG] TwitchService :: Presence Timer :: Artificially updated presence with a threshold of 5 minutes (507.5785ms)
[2026-02-11 01:15:42.498 DBG] ViewerRepo :: UpdatePresence(twitch, 5), 0.0336ms
[2026-02-11 01:15:42.553 DBG] TwitchService :: Presence Timer :: Artificially updated presence with a threshold of 5 minutes (55.687ms)
[2026-02-11 01:16:42.511 DBG] ViewerRepo :: UpdatePresence(twitch, 5), 0.0306ms
[2026-02-11 01:16:42.565 DBG] TwitchService :: Presence Timer :: Artificially updated presence with a threshold of 5 minutes (54.1087ms)
[2026-02-11 01:17:42.520 DBG] ViewerRepo :: UpdatePresence(twitch, 5), 0.0297ms
[2026-02-11 01:17:42.579 DBG] TwitchService :: Presence Timer :: Artificially updated presence with a threshold of 5 minutes (58.6123ms)
[2026-02-11 01:18:27.568 DBG] Credits :: Time to save 19.1182ms
[2026-02-11 01:18:42.527 DBG] ViewerRepo :: UpdatePresence(twitch, 5), 0.0313ms
[2026-02-11 01:18:42.655 DBG] TwitchService :: Presence Timer :: Artificially updated presence with a threshold of 5 minutes (128.4265ms)
[2026-02-11 01:19:15.232 DBG] AutoSave :: Auto saving settings...
[2026-02-11 01:19:15.254 DBG] Users :: Time to save 22.365ms
[2026-02-11 01:19:15.277 DBG] Actions :: Time to save 23.4927ms
[2026-02-11 01:19:15.296 DBG] Commands :: Time to save 18.3723ms
[2026-02-11 01:19:15.313 DBG] Twitch Rewards :: Time to save 18.2345ms
[2026-02-11 01:19:15.329 DBG] Midi :: Time to save 15.9861ms
[2026-02-11 01:19:15.342 DBG] OBS Settings :: Time to save 11.8698ms
[2026-02-11 01:19:15.357 DBG] MeldStudio Settings :: Time to save 15.0529ms
[2026-02-11 01:19:15.372 DBG] Credits :: Time to save 14.8591ms
[2026-02-11 01:19:15.389 DBG] Quotes :: Time to save 16.9407ms
[2026-02-11 01:19:15.456 DBG] Config :: Time to save 21.04ms
[2026-02-11 01:19:42.537 DBG] ViewerRepo :: UpdatePresence(twitch, 5), 0.0313ms
[2026-02-11 01:19:42.632 DBG] TwitchService :: Presence Timer :: Artificially updated presence with a threshold of 5 minutes (94.8636ms)
[2026-02-11 01:20:42.544 DBG] ViewerRepo :: UpdatePresence(twitch, 5), 0.0306ms
[2026-02-11 01:20:42.641 DBG] TwitchService :: Presence Timer :: Artificially updated presence with a threshold of 5 minutes (96.8258ms)
[2026-02-11 01:21:42.555 DBG] ViewerRepo :: UpdatePresence(twitch, 5), 0.0354ms
[2026-02-11 01:21:42.647 DBG] TwitchService :: Presence Timer :: Artificially updated presence with a threshold of 5 minutes (92.5225ms)
[2026-02-11 01:22:42.558 DBG] ViewerRepo :: UpdatePresence(twitch, 5), 0.0334ms
[2026-02-11 01:22:42.649 DBG] TwitchService :: Presence Timer :: Artificially updated presence with a threshold of 5 minutes (92.1141ms)
[2026-02-11 01:23:27.577 DBG] Credits :: Time to save 18.3472ms
[2026-02-11 01:23:42.561 DBG] ViewerRepo :: UpdatePresence(twitch, 5), 0.03ms
[2026-02-11 01:23:42.655 DBG] TwitchService :: Presence Timer :: Artificially updated presence with a threshold of 5 minutes (94.8716ms)
[2026-02-11 01:24:00.240 DBG] ActionDispatcher :: Queueing 'Sub Goal' (361aa588-5f31-4e19-b8a5-099cae52479d, TimedAction) to 'Default' (00000000-0000-0000-0000-000000000000), with 11 arguments
[2026-02-11 01:24:00.240 DBG] ActionQueue :: 'Default' (00000000-0000-0000-0000-000000000000) :: Enqueue action 361aa588-5f31-4e19-b8a5-099cae52479d
[2026-02-11 01:24:00.240 DBG] ActionQueue :: 'Default' (00000000-0000-0000-0000-000000000000) :: Handling queue
[2026-02-11 01:24:00.240 DBG] ActionQueue :: 'Default' (00000000-0000-0000-0000-000000000000) :: Performing non-blocking 'Sub Goal' (361aa588-5f31-4e19-b8a5-099cae52479d, 2e200dce-61f9-44c6-82c9-1d267dea91d5)
[2026-02-11 01:24:15.481 DBG] AutoSave :: Auto saving settings...
[2026-02-11 01:24:15.501 DBG] Users :: Time to save 20.7754ms
[2026-02-11 01:24:15.525 DBG] Actions :: Time to save 23.2711ms
[2026-02-11 01:24:15.542 DBG] Commands :: Time to save 17.5219ms
[2026-02-11 01:24:15.560 DBG] Twitch Rewards :: Time to save 17.7925ms
[2026-02-11 01:24:15.576 DBG] Midi :: Time to save 15.3262ms
[2026-02-11 01:24:15.591 DBG] OBS Settings :: Time to save 15.3756ms
[2026-02-11 01:24:15.607 DBG] MeldStudio Settings :: Time to save 15.1499ms
[2026-02-11 01:24:15.622 DBG] Credits :: Time to save 16.2643ms
[2026-02-11 01:24:15.640 DBG] Quotes :: Time to save 17.7376ms
[2026-02-11 01:24:15.705 DBG] Config :: Time to save 20.4292ms
[2026-02-11 01:24:42.565 DBG] ViewerRepo :: UpdatePresence(twitch, 5), 0.0319ms
[2026-02-11 01:24:42.673 DBG] TwitchService :: Presence Timer :: Artificially updated presence with a threshold of 5 minutes (109.6655ms)
[2026-02-11 01:25:42.578 DBG] ViewerRepo :: UpdatePresence(twitch, 5), 0.0306ms
[2026-02-11 01:25:42.675 DBG] TwitchService :: Presence Timer :: Artificially updated presence with a threshold of 5 minutes (97.6857ms)
[2026-02-11 01:26:42.592 DBG] ViewerRepo :: UpdatePresence(twitch, 5), 0.033ms
[2026-02-11 01:26:42.686 DBG] TwitchService :: Presence Timer :: Artificially updated presence with a threshold of 5 minutes (93.3216ms)
[2026-02-11 01:27:42.599 DBG] ViewerRepo :: UpdatePresence(twitch, 5), 0.0303ms
[2026-02-11 01:27:42.691 DBG] TwitchService :: Presence Timer :: Artificially updated presence with a threshold of 5 minutes (92.9329ms)
[2026-02-11 01:28:27.578 DBG] Credits :: Time to save 19.5821ms
[2026-02-11 01:28:42.602 DBG] ViewerRepo :: UpdatePresence(twitch, 5), 0.0295ms
[2026-02-11 01:28:42.697 DBG] TwitchService :: Presence Timer :: Artificially updated presence with a threshold of 5 minutes (94.8081ms)
[2026-02-11 01:29:15.730 DBG] AutoSave :: Auto saving settings...
[2026-02-11 01:29:15.753 DBG] Users :: Time to save 22.9544ms
[2026-02-11 01:29:15.778 DBG] Actions :: Time to save 25.3706ms
[2026-02-11 01:29:15.797 DBG] Commands :: Time to save 18.1217ms
[2026-02-11 01:29:15.814 DBG] Twitch Rewards :: Time to save 17.2191ms
[2026-02-11 01:29:15.830 DBG] Midi :: Time to save 16.7311ms
[2026-02-11 01:29:15.847 DBG] OBS Settings :: Time to save 16.4275ms
[2026-02-11 01:29:15.865 DBG] MeldStudio Settings :: Time to save 17.7071ms
[2026-02-11 01:29:15.881 DBG] Credits :: Time to save 17.0744ms
[2026-02-11 01:29:15.900 DBG] Quotes :: Time to save 18.1867ms
[2026-02-11 01:29:15.953 DBG] Config :: Time to save 20.7013ms
[2026-02-11 01:29:42.613 DBG] ViewerRepo :: UpdatePresence(twitch, 5), 0.0374ms
[2026-02-11 01:29:42.708 DBG] TwitchService :: Presence Timer :: Artificially updated presence with a threshold of 5 minutes (95.1932ms)
[2026-02-11 01:30:42.625 DBG] ViewerRepo :: UpdatePresence(twitch, 5), 0.0311ms
[2026-02-11 01:30:42.722 DBG] TwitchService :: Presence Timer :: Artificially updated presence with a threshold of 5 minutes (97.4796ms)
[2026-02-11 01:31:42.632 DBG] ViewerRepo :: UpdatePresence(twitch, 5), 0.0342ms
[2026-02-11 01:31:42.728 DBG] TwitchService :: Presence Timer :: Artificially updated presence with a threshold of 5 minutes (96.1441ms)
[2026-02-11 01:32:42.633 DBG] ViewerRepo :: UpdatePresence(twitch, 5), 0.0295ms
[2026-02-11 01:32:42.725 DBG] TwitchService :: Presence Timer :: Artificially updated presence with a threshold of 5 minutes (92.8177ms)
[2026-02-11 01:33:27.578 DBG] Credits :: Time to save 17.9015ms
[2026-02-11 01:33:42.635 DBG] ViewerRepo :: UpdatePresence(twitch, 5), 0.0307ms
[2026-02-11 01:33:42.729 DBG] TwitchService :: Presence Timer :: Artificially updated presence with a threshold of 5 minutes (94.8327ms)
[2026-02-11 01:34:00.711 DBG] ActionDispatcher :: Queueing 'Sub Goal' (361aa588-5f31-4e19-b8a5-099cae52479d, TimedAction) to 'Default' (00000000-0000-0000-0000-000000000000), with 11 arguments
[2026-02-11 01:34:00.711 DBG] ActionQueue :: 'Default' (00000000-0000-0000-0000-000000000000) :: Enqueue action 361aa588-5f31-4e19-b8a5-099cae52479d
[2026-02-11 01:34:00.711 DBG] ActionQueue :: 'Default' (00000000-0000-0000-0000-000000000000) :: Handling queue
[2026-02-11 01:34:00.711 DBG] ActionQueue :: 'Default' (00000000-0000-0000-0000-000000000000) :: Performing non-blocking 'Sub Goal' (361aa588-5f31-4e19-b8a5-099cae52479d, 90cc720b-9590-4b19-b59d-cbf23cc1a5d7)
[2026-02-11 01:34:15.980 DBG] AutoSave :: Auto saving settings...
[2026-02-11 01:34:16.001 DBG] Users :: Time to save 21.7593ms
[2026-02-11 01:34:16.027 DBG] Actions :: Time to save 25.0115ms
[2026-02-11 01:34:16.041 DBG] Commands :: Time to save 14.8041ms
[2026-02-11 01:34:16.060 DBG] Twitch Rewards :: Time to save 18.8611ms
[2026-02-11 01:34:16.076 DBG] Midi :: Time to save 15.5021ms
[2026-02-11 01:34:16.092 DBG] OBS Settings :: Time to save 16.1327ms
[2026-02-11 01:34:16.109 DBG] MeldStudio Settings :: Time to save 16.6885ms
[2026-02-11 01:34:16.126 DBG] Credits :: Time to save 16.9431ms
[2026-02-11 01:34:16.143 DBG] Quotes :: Time to save 18.0723ms
[2026-02-11 01:34:16.217 DBG] Config :: Time to save 21.3866ms
[2026-02-11 01:34:42.645 DBG] ViewerRepo :: UpdatePresence(twitch, 5), 0.031ms
[2026-02-11 01:34:42.740 DBG] TwitchService :: Presence Timer :: Artificially updated presence with a threshold of 5 minutes (96.2272ms)
[2026-02-11 01:35:42.648 DBG] ViewerRepo :: UpdatePresence(twitch, 5), 0.0312ms
[2026-02-11 01:35:42.741 DBG] TwitchService :: Presence Timer :: Artificially updated presence with a threshold of 5 minutes (93.6441ms)
[2026-02-11 01:36:42.650 DBG] ViewerRepo :: UpdatePresence(twitch, 5), 0.0293ms
[2026-02-11 01:36:42.747 DBG] TwitchService :: Presence Timer :: Artificially updated presence with a threshold of 5 minutes (96.3244ms)
[2026-02-11 01:37:42.654 DBG] ViewerRepo :: UpdatePresence(twitch, 5), 0.0305ms
[2026-02-11 01:37:42.753 DBG] TwitchService :: Presence Timer :: Artificially updated presence with a threshold of 5 minutes (98.8997ms)
[2026-02-11 01:38:27.582 DBG] Credits :: Time to save 18.9437ms
[2026-02-11 01:38:42.670 DBG] ViewerRepo :: UpdatePresence(twitch, 5), 0.0321ms
[2026-02-11 01:38:42.763 DBG] TwitchService :: Presence Timer :: Artificially updated presence with a threshold of 5 minutes (92.8173ms)
[2026-02-11 01:39:16.214 DBG] AutoSave :: Auto saving settings...
[2026-02-11 01:39:16.233 DBG] Users :: Time to save 18.3506ms
[2026-02-11 01:39:16.258 DBG] Actions :: Time to save 25.4197ms
[2026-02-11 01:39:16.279 DBG] Commands :: Time to save 20.7062ms
[2026-02-11 01:39:16.298 DBG] Twitch Rewards :: Time to save 20.0037ms
[2026-02-11 01:39:16.316 DBG] Midi :: Time to save 17.2004ms
[2026-02-11 01:39:16.334 DBG] OBS Settings :: Time to save 17.9614ms
[2026-02-11 01:39:16.352 DBG] MeldStudio Settings :: Time to save 17.7162ms
[2026-02-11 01:39:16.369 DBG] Credits :: Time to save 17.1798ms
[2026-02-11 01:39:16.388 DBG] Quotes :: Time to save 19.2234ms
[2026-02-11 01:39:16.438 DBG] Config :: Time to save 20.1508ms
[2026-02-11 01:39:42.680 DBG] ViewerRepo :: UpdatePresence(twitch, 5), 0.0309ms
[2026-02-11 01:39:42.770 DBG] TwitchService :: Presence Timer :: Artificially updated presence with a threshold of 5 minutes (90.4829ms)
[2026-02-11 01:40:42.693 DBG] ViewerRepo :: UpdatePresence(twitch, 5), 0.0301ms
[2026-02-11 01:40:42.789 DBG] TwitchService :: Presence Timer :: Artificially updated presence with a threshold of 5 minutes (96.4142ms)
[2026-02-11 01:41:42.704 DBG] ViewerRepo :: UpdatePresence(twitch, 5), 0.0313ms
[2026-02-11 01:41:42.802 DBG] TwitchService :: Presence Timer :: Artificially updated presence with a threshold of 5 minutes (97.359ms)
[2026-02-11 01:42:42.720 DBG] ViewerRepo :: UpdatePresence(twitch, 5), 0.03ms
[2026-02-11 01:42:42.817 DBG] TwitchService :: Presence Timer :: Artificially updated presence with a threshold of 5 minutes (97.5528ms)
[2026-02-11 01:43:27.589 DBG] Credits :: Time to save 18.6015ms
[2026-02-11 01:43:42.735 DBG] ViewerRepo :: UpdatePresence(twitch, 5), 0.031ms
[2026-02-11 01:43:42.828 DBG] TwitchService :: Presence Timer :: Artificially updated presence with a threshold of 5 minutes (93.0324ms)
[2026-02-11 01:44:01.441 DBG] ActionDispatcher :: Queueing 'Sub Goal' (361aa588-5f31-4e19-b8a5-099cae52479d, TimedAction) to 'Default' (00000000-0000-0000-0000-000000000000), with 11 arguments
[2026-02-11 01:44:01.441 DBG] ActionQueue :: 'Default' (00000000-0000-0000-0000-000000000000) :: Enqueue action 361aa588-5f31-4e19-b8a5-099cae52479d
[2026-02-11 01:44:01.441 DBG] ActionQueue :: 'Default' (00000000-0000-0000-0000-000000000000) :: Handling queue
[2026-02-11 01:44:01.441 DBG] ActionQueue :: 'Default' (00000000-0000-0000-0000-000000000000) :: Performing non-blocking 'Sub Goal' (361aa588-5f31-4e19-b8a5-099cae52479d, 24a2040c-b0a1-4b2d-8880-fe22440d8a92)
[2026-02-11 01:44:16.466 DBG] AutoSave :: Auto saving settings...
[2026-02-11 01:44:16.486 DBG] Users :: Time to save 20.2832ms
[2026-02-11 01:44:16.512 DBG] Actions :: Time to save 25.1665ms
[2026-02-11 01:44:16.531 DBG] Commands :: Time to save 19.4015ms
[2026-02-11 01:44:16.549 DBG] Twitch Rewards :: Time to save 18.3237ms
[2026-02-11 01:44:16.567 DBG] Midi :: Time to save 16.9962ms
[2026-02-11 01:44:16.583 DBG] OBS Settings :: Time to save 16.2083ms
[2026-02-11 01:44:16.598 DBG] MeldStudio Settings :: Time to save 16.3035ms
[2026-02-11 01:44:16.612 DBG] Credits :: Time to save 13.2756ms
[2026-02-11 01:44:16.631 DBG] Quotes :: Time to save 18.3047ms
[2026-02-11 01:44:16.690 DBG] Config :: Time to save 19.8386ms
[2026-02-11 01:44:42.745 DBG] ViewerRepo :: UpdatePresence(twitch, 5), 0.0317ms
[2026-02-11 01:44:42.836 DBG] TwitchService :: Presence Timer :: Artificially updated presence with a threshold of 5 minutes (91.8121ms)
[2026-02-11 01:45:42.756 DBG] ViewerRepo :: UpdatePresence(twitch, 5), 0.0299ms
[2026-02-11 01:45:42.853 DBG] TwitchService :: Presence Timer :: Artificially updated presence with a threshold of 5 minutes (97.9064ms)
[2026-02-11 01:46:42.761 DBG] ViewerRepo :: UpdatePresence(twitch, 5), 0.0334ms
[2026-02-11 01:46:42.856 DBG] TwitchService :: Presence Timer :: Artificially updated presence with a threshold of 5 minutes (95.0503ms)
[2026-02-11 01:47:42.773 DBG] ViewerRepo :: UpdatePresence(twitch, 5), 0.0307ms
[2026-02-11 01:47:42.864 DBG] TwitchService :: Presence Timer :: Artificially updated presence with a threshold of 5 minutes (91.5505ms)
[2026-02-11 01:48:27.593 DBG] Credits :: Time to save 19.2426ms
[2026-02-11 01:48:42.783 DBG] ViewerRepo :: UpdatePresence(twitch, 5), 0.0313ms
[2026-02-11 01:48:42.874 DBG] TwitchService :: Presence Timer :: Artificially updated presence with a threshold of 5 minutes (92.1483ms)
[2026-02-11 01:49:16.727 DBG] AutoSave :: Auto saving settings...
[2026-02-11 01:49:16.747 DBG] Users :: Time to save 21.4341ms
[2026-02-11 01:49:16.772 DBG] Actions :: Time to save 24.419ms
[2026-02-11 01:49:16.792 DBG] Commands :: Time to save 19.1961ms
[2026-02-11 01:49:16.810 DBG] Twitch Rewards :: Time to save 18.4074ms
[2026-02-11 01:49:16.827 DBG] Midi :: Time to save 17.1684ms
[2026-02-11 01:49:16.845 DBG] OBS Settings :: Time to save 17.1996ms
[2026-02-11 01:49:16.861 DBG] MeldStudio Settings :: Time to save 16.2044ms
[2026-02-11 01:49:16.877 DBG] Credits :: Time to save 16.0164ms
[2026-02-11 01:49:16.894 DBG] Quotes :: Time to save 17.7682ms
[2026-02-11 01:49:16.951 DBG] Config :: Time to save 21.3593ms
[2026-02-11 01:49:42.783 DBG] ViewerRepo :: UpdatePresence(twitch, 5), 0.0315ms
[2026-02-11 01:49:42.876 DBG] TwitchService :: Presence Timer :: Artificially updated presence with a threshold of 5 minutes (93.9783ms)
[2026-02-11 01:50:42.786 DBG] ViewerRepo :: UpdatePresence(twitch, 5), 0.0317ms
[2026-02-11 01:50:42.885 DBG] TwitchService :: Presence Timer :: Artificially updated presence with a threshold of 5 minutes (99.4813ms)
[2026-02-11 01:51:42.801 DBG] ViewerRepo :: UpdatePresence(twitch, 5), 0.0297ms
[2026-02-11 01:51:42.892 DBG] TwitchService :: Presence Timer :: Artificially updated presence with a threshold of 5 minutes (91.1471ms)
[2026-02-11 01:52:42.813 DBG] ViewerRepo :: UpdatePresence(twitch, 5), 0.0295ms
[2026-02-11 01:52:42.907 DBG] TwitchService :: Presence Timer :: Artificially updated presence with a threshold of 5 minutes (94.9823ms)
[2026-02-11 01:53:27.597 DBG] Credits :: Time to save 18.9819ms
[2026-02-11 01:53:42.813 DBG] ViewerRepo :: UpdatePresence(twitch, 5), 0.0323ms
[2026-02-11 01:53:42.905 DBG] TwitchService :: Presence Timer :: Artificially updated presence with a threshold of 5 minutes (92.7642ms)
[2026-02-11 01:54:02.321 DBG] ActionDispatcher :: Queueing 'Sub Goal' (361aa588-5f31-4e19-b8a5-099cae52479d, TimedAction) to 'Default' (00000000-0000-0000-0000-000000000000), with 11 arguments
[2026-02-11 01:54:02.321 DBG] ActionQueue :: 'Default' (00000000-0000-0000-0000-000000000000) :: Enqueue action 361aa588-5f31-4e19-b8a5-099cae52479d
[2026-02-11 01:54:02.321 DBG] ActionQueue :: 'Default' (00000000-0000-0000-0000-000000000000) :: Handling queue
[2026-02-11 01:54:02.321 DBG] ActionQueue :: 'Default' (00000000-0000-0000-0000-000000000000) :: Performing non-blocking 'Sub Goal' (361aa588-5f31-4e19-b8a5-099cae52479d, 22d181c0-bdd7-43b2-b76e-e23063ee6835)
[2026-02-11 01:54:16.979 DBG] AutoSave :: Auto saving settings...
[2026-02-11 01:54:17.000 DBG] Users :: Time to save 21.5096ms
[2026-02-11 01:54:17.023 DBG] Actions :: Time to save 23.7029ms
[2026-02-11 01:54:17.037 DBG] Commands :: Time to save 14.047ms
[2026-02-11 01:54:17.055 DBG] Twitch Rewards :: Time to save 18.1698ms
[2026-02-11 01:54:17.072 DBG] Midi :: Time to save 16.2173ms
[2026-02-11 01:54:17.089 DBG] OBS Settings :: Time to save 16.1556ms
[2026-02-11 01:54:17.104 DBG] MeldStudio Settings :: Time to save 16.0477ms
[2026-02-11 01:54:17.120 DBG] Credits :: Time to save 15.9023ms
[2026-02-11 01:54:17.138 DBG] Quotes :: Time to save 18.0256ms
[2026-02-11 01:54:17.202 DBG] Config :: Time to save 19.9015ms
[2026-02-11 01:54:42.824 DBG] ViewerRepo :: UpdatePresence(twitch, 5), 0.0323ms
[2026-02-11 01:54:42.916 DBG] TwitchService :: Presence Timer :: Artificially updated presence with a threshold of 5 minutes (91.8944ms)
[2026-02-11 01:55:42.834 DBG] ViewerRepo :: UpdatePresence(twitch, 5), 0.0308ms
[2026-02-11 01:55:42.926 DBG] TwitchService :: Presence Timer :: Artificially updated presence with a threshold of 5 minutes (92.1713ms)
[2026-02-11 01:56:42.835 DBG] ViewerRepo :: UpdatePresence(twitch, 5), 0.0301ms
[2026-02-11 01:56:42.930 DBG] TwitchService :: Presence Timer :: Artificially updated presence with a threshold of 5 minutes (94.5098ms)
[2026-02-11 01:57:42.844 DBG] ViewerRepo :: UpdatePresence(twitch, 5), 0.0322ms
[2026-02-11 01:57:42.938 DBG] TwitchService :: Presence Timer :: Artificially updated presence with a threshold of 5 minutes (94.462ms)
[2026-02-11 01:58:27.610 DBG] Credits :: Time to save 19.6629ms
[2026-02-11 01:58:42.856 DBG] ViewerRepo :: UpdatePresence(twitch, 5), 0.0301ms
[2026-02-11 01:58:42.945 DBG] TwitchService :: Presence Timer :: Artificially updated presence with a threshold of 5 minutes (88.9275ms)
[2026-02-11 01:59:17.218 DBG] AutoSave :: Auto saving settings...
[2026-02-11 01:59:17.238 DBG] Users :: Time to save 21.097ms
[2026-02-11 01:59:17.263 DBG] Actions :: Time to save 24.2376ms
[2026-02-11 01:59:17.283 DBG] Commands :: Time to save 20.1981ms
[2026-02-11 01:59:17.302 DBG] Twitch Rewards :: Time to save 18.4981ms
[2026-02-11 01:59:17.319 DBG] Midi :: Time to save 16.0675ms
[2026-02-11 01:59:17.335 DBG] OBS Settings :: Time to save 16.9074ms
[2026-02-11 01:59:17.352 DBG] MeldStudio Settings :: Time to save 15.8931ms
[2026-02-11 01:59:17.367 DBG] Credits :: Time to save 16.2686ms
[2026-02-11 01:59:17.385 DBG] Quotes :: Time to save 18.2323ms
[2026-02-11 01:59:17.443 DBG] Config :: Time to save 21.4438ms
[2026-02-11 01:59:42.865 DBG] ViewerRepo :: UpdatePresence(twitch, 5), 0.0324ms
[2026-02-11 01:59:42.954 DBG] TwitchService :: Presence Timer :: Artificially updated presence with a threshold of 5 minutes (88.8619ms)
[2026-02-11 02:00:42.877 DBG] ViewerRepo :: UpdatePresence(twitch, 5), 0.0324ms
[2026-02-11 02:00:42.968 DBG] TwitchService :: Presence Timer :: Artificially updated presence with a threshold of 5 minutes (91.7269ms)
[2026-02-11 02:01:42.884 DBG] ViewerRepo :: UpdatePresence(twitch, 5), 0.0313ms
[2026-02-11 02:01:42.981 DBG] TwitchService :: Presence Timer :: Artificially updated presence with a threshold of 5 minutes (96.8038ms)
[2026-02-11 02:02:42.887 DBG] ViewerRepo :: UpdatePresence(twitch, 5), 0.0311ms
[2026-02-11 02:02:42.984 DBG] TwitchService :: Presence Timer :: Artificially updated presence with a threshold of 5 minutes (96.6797ms)
[2026-02-11 02:03:27.613 DBG] Credits :: Time to save 19.3223ms
[2026-02-11 02:03:42.896 DBG] ViewerRepo :: UpdatePresence(twitch, 5), 0.0307ms
[2026-02-11 02:03:42.992 DBG] TwitchService :: Presence Timer :: Artificially updated presence with a threshold of 5 minutes (96.5547ms)
[2026-02-11 02:04:02.831 DBG] ActionDispatcher :: Queueing 'Sub Goal' (361aa588-5f31-4e19-b8a5-099cae52479d, TimedAction) to 'Default' (00000000-0000-0000-0000-000000000000), with 11 arguments
[2026-02-11 02:04:02.831 DBG] ActionQueue :: 'Default' (00000000-0000-0000-0000-000000000000) :: Enqueue action 361aa588-5f31-4e19-b8a5-099cae52479d
[2026-02-11 02:04:02.831 DBG] ActionQueue :: 'Default' (00000000-0000-0000-0000-000000000000) :: Handling queue
[2026-02-11 02:04:02.831 DBG] ActionQueue :: 'Default' (00000000-0000-0000-0000-000000000000) :: Performing non-blocking 'Sub Goal' (361aa588-5f31-4e19-b8a5-099cae52479d, ecb17ddd-aef9-4963-97d0-8650a3ca8c73)
[2026-02-11 02:04:17.502 DBG] AutoSave :: Auto saving settings...
[2026-02-11 02:04:17.522 DBG] Users :: Time to save 20.7081ms
[2026-02-11 02:04:17.546 DBG] Actions :: Time to save 24.5549ms
[2026-02-11 02:04:17.566 DBG] Commands :: Time to save 19.3907ms
[2026-02-11 02:04:17.585 DBG] Twitch Rewards :: Time to save 18.6433ms
[2026-02-11 02:04:17.602 DBG] Midi :: Time to save 16.8419ms
[2026-02-11 02:04:17.618 DBG] OBS Settings :: Time to save 16.4776ms
[2026-02-11 02:04:17.634 DBG] MeldStudio Settings :: Time to save 15.3507ms
[2026-02-11 02:04:17.651 DBG] Credits :: Time to save 16.5987ms
[2026-02-11 02:04:17.668 DBG] Quotes :: Time to save 18.0647ms
[2026-02-11 02:04:17.725 DBG] Config :: Time to save 20.056ms
[2026-02-11 02:04:42.912 DBG] ViewerRepo :: UpdatePresence(twitch, 5), 0.0334ms
[2026-02-11 02:04:43.007 DBG] TwitchService :: Presence Timer :: Artificially updated presence with a threshold of 5 minutes (95.8385ms)
[2026-02-11 02:05:42.914 DBG] ViewerRepo :: UpdatePresence(twitch, 5), 0.036ms
[2026-02-11 02:05:43.010 DBG] TwitchService :: Presence Timer :: Artificially updated presence with a threshold of 5 minutes (95.6514ms)
[2026-02-11 02:06:42.926 DBG] ViewerRepo :: UpdatePresence(twitch, 5), 0.0313ms
[2026-02-11 02:06:43.025 DBG] TwitchService :: Presence Timer :: Artificially updated presence with a threshold of 5 minutes (99.1887ms)
[2026-02-11 02:07:42.938 DBG] ViewerRepo :: UpdatePresence(twitch, 5), 0.0327ms
[2026-02-11 02:07:43.035 DBG] TwitchService :: Presence Timer :: Artificially updated presence with a threshold of 5 minutes (97.0742ms)
[2026-02-11 02:08:27.618 DBG] Credits :: Time to save 20.6839ms
[2026-02-11 02:08:42.944 DBG] ViewerRepo :: UpdatePresence(twitch, 5), 0.0313ms
[2026-02-11 02:08:43.042 DBG] TwitchService :: Presence Timer :: Artificially updated presence with a threshold of 5 minutes (97.7344ms)
[2026-02-11 02:09:17.757 DBG] AutoSave :: Auto saving settings...
[2026-02-11 02:09:17.778 DBG] Users :: Time to save 21.6982ms
[2026-02-11 02:09:17.803 DBG] Actions :: Time to save 24.4905ms
[2026-02-11 02:09:17.823 DBG] Commands :: Time to save 19.0654ms
[2026-02-11 02:09:17.842 DBG] Twitch Rewards :: Time to save 19.0484ms
[2026-02-11 02:09:17.858 DBG] Midi :: Time to save 16.8749ms
[2026-02-11 02:09:17.875 DBG] OBS Settings :: Time to save 16.1308ms
[2026-02-11 02:09:17.891 DBG] MeldStudio Settings :: Time to save 16.0597ms
[2026-02-11 02:09:17.907 DBG] Credits :: Time to save 16.5356ms
[2026-02-11 02:09:17.926 DBG] Quotes :: Time to save 18.5294ms
[2026-02-11 02:09:17.982 DBG] Config :: Time to save 21.6682ms
[2026-02-11 02:09:42.956 DBG] ViewerRepo :: UpdatePresence(twitch, 5), 0.0396ms
[2026-02-11 02:09:43.049 DBG] TwitchService :: Presence Timer :: Artificially updated presence with a threshold of 5 minutes (93.7669ms)
[2026-02-11 02:10:42.965 DBG] ViewerRepo :: UpdatePresence(twitch, 5), 0.0355ms
[2026-02-11 02:10:43.062 DBG] TwitchService :: Presence Timer :: Artificially updated presence with a threshold of 5 minutes (96.439ms)
[2026-02-11 02:11:42.965 DBG] ViewerRepo :: UpdatePresence(twitch, 5), 0.0321ms
[2026-02-11 02:11:43.061 DBG] TwitchService :: Presence Timer :: Artificially updated presence with a threshold of 5 minutes (95.9986ms)
[2026-02-11 02:12:42.966 DBG] ViewerRepo :: UpdatePresence(twitch, 5), 0.0339ms
[2026-02-11 02:12:43.058 DBG] TwitchService :: Presence Timer :: Artificially updated presence with a threshold of 5 minutes (93.1002ms)
[2026-02-11 02:13:27.622 DBG] Credits :: Time to save 16.576ms
[2026-02-11 02:13:42.980 DBG] ViewerRepo :: UpdatePresence(twitch, 5), 0.0294ms
[2026-02-11 02:13:43.079 DBG] TwitchService :: Presence Timer :: Artificially updated presence with a threshold of 5 minutes (99.265ms)
[2026-02-11 02:14:03.676 DBG] ActionDispatcher :: Queueing 'Sub Goal' (361aa588-5f31-4e19-b8a5-099cae52479d, TimedAction) to 'Default' (00000000-0000-0000-0000-000000000000), with 11 arguments
[2026-02-11 02:14:03.676 DBG] ActionQueue :: 'Default' (00000000-0000-0000-0000-000000000000) :: Enqueue action 361aa588-5f31-4e19-b8a5-099cae52479d
[2026-02-11 02:14:03.676 DBG] ActionQueue :: 'Default' (00000000-0000-0000-0000-000000000000) :: Handling queue
[2026-02-11 02:14:03.676 DBG] ActionQueue :: 'Default' (00000000-0000-0000-0000-000000000000) :: Performing non-blocking 'Sub Goal' (361aa588-5f31-4e19-b8a5-099cae52479d, c67e1c64-266f-4529-9b9b-5e451159bd23)
[2026-02-11 02:14:18.004 DBG] AutoSave :: Auto saving settings...
[2026-02-11 02:14:18.028 DBG] Users :: Time to save 23.8816ms
[2026-02-11 02:14:18.054 DBG] Actions :: Time to save 26.4562ms
[2026-02-11 02:14:18.075 DBG] Commands :: Time to save 20.7456ms
[2026-02-11 02:14:18.095 DBG] Twitch Rewards :: Time to save 20.1056ms
[2026-02-11 02:14:18.109 DBG] Midi :: Time to save 13.8163ms
[2026-02-11 02:14:18.127 DBG] OBS Settings :: Time to save 18.3162ms
[2026-02-11 02:14:18.146 DBG] MeldStudio Settings :: Time to save 18.2538ms
[2026-02-11 02:14:18.163 DBG] Credits :: Time to save 17.7561ms
[2026-02-11 02:14:18.178 DBG] Quotes :: Time to save 15.1177ms
[2026-02-11 02:14:18.225 DBG] Config :: Time to save 18.8804ms
[2026-02-11 02:14:42.995 DBG] ViewerRepo :: UpdatePresence(twitch, 5), 0.0381ms
[2026-02-11 02:14:43.588 DBG] TwitchService :: Presence Timer :: Artificially updated presence with a threshold of 5 minutes (593.2283ms)
[2026-02-11 02:15:43.009 DBG] ViewerRepo :: UpdatePresence(twitch, 5), 0.0291ms
[2026-02-11 02:15:43.104 DBG] TwitchService :: Presence Timer :: Artificially updated presence with a threshold of 5 minutes (95.1501ms)
[2026-02-11 02:16:43.014 DBG] ViewerRepo :: UpdatePresence(twitch, 5), 0.0314ms
[2026-02-11 02:16:43.109 DBG] TwitchService :: Presence Timer :: Artificially updated presence with a threshold of 5 minutes (95.3426ms)
[2026-02-11 02:17:43.015 DBG] ViewerRepo :: UpdatePresence(twitch, 5), 0.0326ms
[2026-02-11 02:17:43.102 DBG] TwitchService :: Presence Timer :: Artificially updated presence with a threshold of 5 minutes (86.7341ms)
[2026-02-11 02:18:27.625 DBG] Credits :: Time to save 19.008ms
[2026-02-11 02:18:43.016 DBG] ViewerRepo :: UpdatePresence(twitch, 5), 0.0317ms
[2026-02-11 02:18:43.111 DBG] TwitchService :: Presence Timer :: Artificially updated presence with a threshold of 5 minutes (95.3625ms)
[2026-02-11 02:19:18.284 DBG] AutoSave :: Auto saving settings...
[2026-02-11 02:19:18.307 DBG] Users :: Time to save 23.6353ms
[2026-02-11 02:19:18.336 DBG] Actions :: Time to save 28.4835ms
[2026-02-11 02:19:18.357 DBG] Commands :: Time to save 20.9402ms
[2026-02-11 02:19:18.378 DBG] Twitch Rewards :: Time to save 21.272ms
[2026-02-11 02:19:18.396 DBG] Midi :: Time to save 18.1243ms
[2026-02-11 02:19:18.412 DBG] OBS Settings :: Time to save 15.4189ms
[2026-02-11 02:19:18.428 DBG] MeldStudio Settings :: Time to save 16.1676ms
[2026-02-11 02:19:18.445 DBG] Credits :: Time to save 16.5478ms
[2026-02-11 02:19:18.464 DBG] Quotes :: Time to save 19.0108ms
[2026-02-11 02:19:18.522 DBG] Config :: Time to save 20.1032ms
[2026-02-11 02:19:43.025 DBG] ViewerRepo :: UpdatePresence(twitch, 5), 0.0334ms
[2026-02-11 02:19:43.118 DBG] TwitchService :: Presence Timer :: Artificially updated presence with a threshold of 5 minutes (92.8015ms)
[2026-02-11 02:20:43.032 DBG] ViewerRepo :: UpdatePresence(twitch, 5), 0.0326ms
[2026-02-11 02:20:43.128 DBG] TwitchService :: Presence Timer :: Artificially updated presence with a threshold of 5 minutes (97.5608ms)
[2026-02-11 02:21:43.034 DBG] ViewerRepo :: UpdatePresence(twitch, 5), 0.0394ms
[2026-02-11 02:21:43.129 DBG] TwitchService :: Presence Timer :: Artificially updated presence with a threshold of 5 minutes (95.5317ms)
[2026-02-11 02:22:43.037 DBG] ViewerRepo :: UpdatePresence(twitch, 5), 0.0312ms
[2026-02-11 02:22:43.135 DBG] TwitchService :: Presence Timer :: Artificially updated presence with a threshold of 5 minutes (98.2571ms)
[2026-02-11 02:23:27.632 DBG] Credits :: Time to save 17.552ms
[2026-02-11 02:23:43.043 DBG] ViewerRepo :: UpdatePresence(twitch, 5), 0.0297ms
[2026-02-11 02:23:43.135 DBG] TwitchService :: Presence Timer :: Artificially updated presence with a threshold of 5 minutes (93.3542ms)
[2026-02-11 02:24:04.676 DBG] ActionDispatcher :: Queueing 'Sub Goal' (361aa588-5f31-4e19-b8a5-099cae52479d, TimedAction) to 'Default' (00000000-0000-0000-0000-000000000000), with 11 arguments
[2026-02-11 02:24:04.676 DBG] ActionQueue :: 'Default' (00000000-0000-0000-0000-000000000000) :: Enqueue action 361aa588-5f31-4e19-b8a5-099cae52479d
[2026-02-11 02:24:04.676 DBG] ActionQueue :: 'Default' (00000000-0000-0000-0000-000000000000) :: Handling queue
[2026-02-11 02:24:04.676 DBG] ActionQueue :: 'Default' (00000000-0000-0000-0000-000000000000) :: Performing non-blocking 'Sub Goal' (361aa588-5f31-4e19-b8a5-099cae52479d, 74ffc253-e6c6-49f9-8a75-f9fb8a8e73cd)
[2026-02-11 02:24:18.548 DBG] AutoSave :: Auto saving settings...
[2026-02-11 02:24:18.568 DBG] Users :: Time to save 21.0898ms
[2026-02-11 02:24:18.592 DBG] Actions :: Time to save 23.9518ms
[2026-02-11 02:24:18.607 DBG] Commands :: Time to save 14.313ms
[2026-02-11 02:24:18.625 DBG] Twitch Rewards :: Time to save 17.9562ms
[2026-02-11 02:24:18.641 DBG] Midi :: Time to save 16.4964ms
[2026-02-11 02:24:18.658 DBG] OBS Settings :: Time to save 15.7625ms
[2026-02-11 02:24:18.672 DBG] MeldStudio Settings :: Time to save 15.955ms
[2026-02-11 02:24:18.692 DBG] Credits :: Time to save 19.8236ms
[2026-02-11 02:24:18.718 DBG] Quotes :: Time to save 25.2678ms
[2026-02-11 02:24:18.772 DBG] Config :: Time to save 19.6627ms
[2026-02-11 02:24:43.052 DBG] ViewerRepo :: UpdatePresence(twitch, 5), 0.0369ms
[2026-02-11 02:24:43.138 DBG] TwitchService :: Presence Timer :: Artificially updated presence with a threshold of 5 minutes (87.5186ms)
[2026-02-11 02:25:43.062 DBG] ViewerRepo :: UpdatePresence(twitch, 5), 0.0325ms
[2026-02-11 02:25:43.156 DBG] TwitchService :: Presence Timer :: Artificially updated presence with a threshold of 5 minutes (93.5283ms)
[2026-02-11 02:26:43.069 DBG] ViewerRepo :: UpdatePresence(twitch, 5), 0.0299ms
[2026-02-11 02:26:43.165 DBG] TwitchService :: Presence Timer :: Artificially updated presence with a threshold of 5 minutes (95.1904ms)
[2026-02-11 02:27:43.074 DBG] ViewerRepo :: UpdatePresence(twitch, 5), 0.0372ms
[2026-02-11 02:27:43.171 DBG] TwitchService :: Presence Timer :: Artificially updated presence with a threshold of 5 minutes (98.1358ms)
[2026-02-11 02:28:27.649 DBG] Credits :: Time to save 19.1043ms
[2026-02-11 02:28:43.087 DBG] ViewerRepo :: UpdatePresence(twitch, 5), 0.038ms
[2026-02-11 02:28:43.181 DBG] TwitchService :: Presence Timer :: Artificially updated presence with a threshold of 5 minutes (94.2747ms)
[2026-02-11 02:29:18.774 DBG] AutoSave :: Auto saving settings...
[2026-02-11 02:29:18.795 DBG] Users :: Time to save 21.3336ms
[2026-02-11 02:29:18.818 DBG] Actions :: Time to save 23.888ms
[2026-02-11 02:29:18.837 DBG] Commands :: Time to save 18.2282ms
[2026-02-11 02:29:18.855 DBG] Twitch Rewards :: Time to save 17.7008ms
[2026-02-11 02:29:18.870 DBG] Midi :: Time to save 15.6258ms
[2026-02-11 02:29:18.886 DBG] OBS Settings :: Time to save 15.482ms
[2026-02-11 02:29:18.902 DBG] MeldStudio Settings :: Time to save 16.8867ms
[2026-02-11 02:29:18.918 DBG] Credits :: Time to save 15.4666ms
[2026-02-11 02:29:18.936 DBG] Quotes :: Time to save 17.2391ms
[2026-02-11 02:29:18.996 DBG] Config :: Time to save 20.0724ms
[2026-02-11 02:29:43.101 DBG] ViewerRepo :: UpdatePresence(twitch, 5), 0.0333ms
[2026-02-11 02:29:43.199 DBG] TwitchService :: Presence Timer :: Artificially updated presence with a threshold of 5 minutes (98.1608ms)
[2026-02-11 02:30:43.113 DBG] ViewerRepo :: UpdatePresence(twitch, 5), 0.0327ms
[2026-02-11 02:30:43.208 DBG] TwitchService :: Presence Timer :: Artificially updated presence with a threshold of 5 minutes (95.5395ms)
[2026-02-11 02:31:43.120 DBG] ViewerRepo :: UpdatePresence(twitch, 5), 0.0301ms
[2026-02-11 02:31:43.217 DBG] TwitchService :: Presence Timer :: Artificially updated presence with a threshold of 5 minutes (96.3627ms)
[2026-02-11 02:32:43.122 DBG] ViewerRepo :: UpdatePresence(twitch, 5), 0.0311ms
[2026-02-11 02:32:43.218 DBG] TwitchService :: Presence Timer :: Artificially updated presence with a threshold of 5 minutes (96.5842ms)
[2026-02-11 02:33:27.652 DBG] Credits :: Time to save 18.5899ms
[2026-02-11 02:33:43.131 DBG] ViewerRepo :: UpdatePresence(twitch, 5), 0.0301ms
[2026-02-11 02:33:43.222 DBG] TwitchService :: Presence Timer :: Artificially updated presence with a threshold of 5 minutes (91.7038ms)
[2026-02-11 02:34:05.497 DBG] ActionDispatcher :: Queueing 'Sub Goal' (361aa588-5f31-4e19-b8a5-099cae52479d, TimedAction) to 'Default' (00000000-0000-0000-0000-000000000000), with 11 arguments
[2026-02-11 02:34:05.497 DBG] ActionQueue :: 'Default' (00000000-0000-0000-0000-000000000000) :: Enqueue action 361aa588-5f31-4e19-b8a5-099cae52479d
[2026-02-11 02:34:05.497 DBG] ActionQueue :: 'Default' (00000000-0000-0000-0000-000000000000) :: Handling queue
[2026-02-11 02:34:05.497 DBG] ActionQueue :: 'Default' (00000000-0000-0000-0000-000000000000) :: Performing non-blocking 'Sub Goal' (361aa588-5f31-4e19-b8a5-099cae52479d, ebbbb4fc-b497-468f-813d-467498961007)
[2026-02-11 02:34:19.025 DBG] AutoSave :: Auto saving settings...
[2026-02-11 02:34:19.046 DBG] Users :: Time to save 21.033ms
[2026-02-11 02:34:19.068 DBG] Actions :: Time to save 23.1573ms
[2026-02-11 02:34:19.087 DBG] Commands :: Time to save 18.2786ms
[2026-02-11 02:34:19.104 DBG] Twitch Rewards :: Time to save 16.6104ms
[2026-02-11 02:34:19.119 DBG] Midi :: Time to save 15.6201ms
[2026-02-11 02:34:19.135 DBG] OBS Settings :: Time to save 16.2276ms
[2026-02-11 02:34:19.151 DBG] MeldStudio Settings :: Time to save 15.6749ms
[2026-02-11 02:34:19.167 DBG] Credits :: Time to save 15.7342ms
[2026-02-11 02:34:19.184 DBG] Quotes :: Time to save 17.2885ms
[2026-02-11 02:34:19.246 DBG] Config :: Time to save 19.2453ms
[2026-02-11 02:34:43.135 DBG] ViewerRepo :: UpdatePresence(twitch, 5), 0.0326ms
[2026-02-11 02:34:43.229 DBG] TwitchService :: Presence Timer :: Artificially updated presence with a threshold of 5 minutes (94.9179ms)
[2026-02-11 02:35:43.141 DBG] ViewerRepo :: UpdatePresence(twitch, 5), 0.0349ms
[2026-02-11 02:35:43.241 DBG] TwitchService :: Presence Timer :: Artificially updated presence with a threshold of 5 minutes (100.3249ms)
[2026-02-11 02:36:43.155 DBG] ViewerRepo :: UpdatePresence(twitch, 5), 0.0314ms
[2026-02-11 02:36:43.251 DBG] TwitchService :: Presence Timer :: Artificially updated presence with a threshold of 5 minutes (96.5102ms)
[2026-02-11 02:37:43.156 DBG] ViewerRepo :: UpdatePresence(twitch, 5), 0.0312ms
[2026-02-11 02:37:43.251 DBG] TwitchService :: Presence Timer :: Artificially updated presence with a threshold of 5 minutes (95.7057ms)
[2026-02-11 02:38:27.656 DBG] Credits :: Time to save 19.3197ms
[2026-02-11 02:38:43.166 DBG] ViewerRepo :: UpdatePresence(twitch, 5), 0.03ms
[2026-02-11 02:38:43.259 DBG] TwitchService :: Presence Timer :: Artificially updated presence with a threshold of 5 minutes (93.2841ms)
[2026-02-11 02:39:19.271 DBG] AutoSave :: Auto saving settings...
[2026-02-11 02:39:19.291 DBG] Users :: Time to save 20.8883ms
[2026-02-11 02:39:19.317 DBG] Actions :: Time to save 24.8668ms
[2026-02-11 02:39:19.335 DBG] Commands :: Time to save 18.5146ms
[2026-02-11 02:39:19.352 DBG] Twitch Rewards :: Time to save 17.6727ms
[2026-02-11 02:39:19.368 DBG] Midi :: Time to save 14.6844ms
[2026-02-11 02:39:19.384 DBG] OBS Settings :: Time to save 15.8189ms
[2026-02-11 02:39:19.399 DBG] MeldStudio Settings :: Time to save 15.3552ms
[2026-02-11 02:39:19.410 DBG] Credits :: Time to save 11.1908ms
[2026-02-11 02:39:19.428 DBG] Quotes :: Time to save 17.5556ms
[2026-02-11 02:39:19.493 DBG] Config :: Time to save 20.6898ms
[2026-02-11 02:39:43.174 DBG] ViewerRepo :: UpdatePresence(twitch, 5), 0.0319ms
[2026-02-11 02:39:43.272 DBG] TwitchService :: Presence Timer :: Artificially updated presence with a threshold of 5 minutes (98.023ms)
[2026-02-11 02:40:43.184 DBG] ViewerRepo :: UpdatePresence(twitch, 5), 0.0298ms
[2026-02-11 02:40:43.278 DBG] TwitchService :: Presence Timer :: Artificially updated presence with a threshold of 5 minutes (94.5927ms)
[2026-02-11 02:41:43.198 DBG] ViewerRepo :: UpdatePresence(twitch, 5), 0.0309ms
[2026-02-11 02:41:43.296 DBG] TwitchService :: Presence Timer :: Artificially updated presence with a threshold of 5 minutes (98.3243ms)
[2026-02-11 02:42:43.220 DBG] ViewerRepo :: UpdatePresence(twitch, 5), 0.0307ms
[2026-02-11 02:42:43.310 DBG] TwitchService :: Presence Timer :: Artificially updated presence with a threshold of 5 minutes (90.5131ms)
[2026-02-11 02:43:27.669 DBG] Credits :: Time to save 18.1779ms
[2026-02-11 02:43:43.225 DBG] ViewerRepo :: UpdatePresence(twitch, 5), 0.0336ms
[2026-02-11 02:43:43.312 DBG] TwitchService :: Presence Timer :: Artificially updated presence with a threshold of 5 minutes (87.9029ms)
[2026-02-11 02:44:05.591 DBG] ActionDispatcher :: Queueing 'Sub Goal' (361aa588-5f31-4e19-b8a5-099cae52479d, TimedAction) to 'Default' (00000000-0000-0000-0000-000000000000), with 11 arguments
[2026-02-11 02:44:05.591 DBG] ActionQueue :: 'Default' (00000000-0000-0000-0000-000000000000) :: Enqueue action 361aa588-5f31-4e19-b8a5-099cae52479d
[2026-02-11 02:44:05.591 DBG] ActionQueue :: 'Default' (00000000-0000-0000-0000-000000000000) :: Handling queue
[2026-02-11 02:44:05.591 DBG] ActionQueue :: 'Default' (00000000-0000-0000-0000-000000000000) :: Performing non-blocking 'Sub Goal' (361aa588-5f31-4e19-b8a5-099cae52479d, 08079466-5fbe-405c-8872-a232b9eb53b9)
[2026-02-11 02:44:19.502 DBG] AutoSave :: Auto saving settings...
[2026-02-11 02:44:19.522 DBG] Users :: Time to save 20.654ms
[2026-02-11 02:44:19.547 DBG] Actions :: Time to save 24.7335ms
[2026-02-11 02:44:19.565 DBG] Commands :: Time to save 18.0349ms
[2026-02-11 02:44:19.582 DBG] Twitch Rewards :: Time to save 17.5611ms
[2026-02-11 02:44:19.599 DBG] Midi :: Time to save 15.6124ms
[2026-02-11 02:44:19.618 DBG] OBS Settings :: Time to save 18.7594ms
[2026-02-11 02:44:19.636 DBG] MeldStudio Settings :: Time to save 17.9819ms
[2026-02-11 02:44:19.654 DBG] Credits :: Time to save 18.3014ms
[2026-02-11 02:44:19.674 DBG] Quotes :: Time to save 20.0604ms
[2026-02-11 02:44:19.726 DBG] Config :: Time to save 20.1587ms
[2026-02-11 02:44:43.230 DBG] ViewerRepo :: UpdatePresence(twitch, 5), 0.0317ms
[2026-02-11 02:44:43.328 DBG] TwitchService :: Presence Timer :: Artificially updated presence with a threshold of 5 minutes (99.3365ms)
[2026-02-11 02:45:43.239 DBG] ViewerRepo :: UpdatePresence(twitch, 5), 0.0297ms
[2026-02-11 02:45:43.332 DBG] TwitchService :: Presence Timer :: Artificially updated presence with a threshold of 5 minutes (93.2306ms)
[2026-02-11 02:46:43.249 DBG] ViewerRepo :: UpdatePresence(twitch, 5), 0.031ms
[2026-02-11 02:46:43.341 DBG] TwitchService :: Presence Timer :: Artificially updated presence with a threshold of 5 minutes (92.5159ms)
[2026-02-11 02:47:43.258 DBG] ViewerRepo :: UpdatePresence(twitch, 5), 0.0308ms
[2026-02-11 02:47:43.354 DBG] TwitchService :: Presence Timer :: Artificially updated presence with a threshold of 5 minutes (96.626ms)
[2026-02-11 02:48:27.676 DBG] Credits :: Time to save 17.5909ms
[2026-02-11 02:48:43.264 DBG] ViewerRepo :: UpdatePresence(twitch, 5), 0.034ms
[2026-02-11 02:48:43.355 DBG] TwitchService :: Presence Timer :: Artificially updated presence with a threshold of 5 minutes (90.9971ms)
[2026-02-11 02:49:19.729 DBG] AutoSave :: Auto saving settings...
[2026-02-11 02:49:19.750 DBG] Users :: Time to save 21.0593ms
[2026-02-11 02:49:19.775 DBG] Actions :: Time to save 25.6355ms
[2026-02-11 02:49:19.792 DBG] Commands :: Time to save 17.2383ms
[2026-02-11 02:49:19.810 DBG] Twitch Rewards :: Time to save 17.8227ms
[2026-02-11 02:49:19.826 DBG] Midi :: Time to save 15.588ms
[2026-02-11 02:49:19.842 DBG] OBS Settings :: Time to save 15.7575ms
[2026-02-11 02:49:19.858 DBG] MeldStudio Settings :: Time to save 15.6455ms
[2026-02-11 02:49:19.869 DBG] Credits :: Time to save 11.4325ms
[2026-02-11 02:49:19.886 DBG] Quotes :: Time to save 17.4449ms
[2026-02-11 02:49:19.951 DBG] Config :: Time to save 19.8074ms
[2026-02-11 02:49:43.276 DBG] ViewerRepo :: UpdatePresence(twitch, 5), 0.032ms
[2026-02-11 02:49:43.372 DBG] TwitchService :: Presence Timer :: Artificially updated presence with a threshold of 5 minutes (95.3624ms)
[2026-02-11 02:50:43.286 DBG] ViewerRepo :: UpdatePresence(twitch, 5), 0.0316ms
[2026-02-11 02:50:43.380 DBG] TwitchService :: Presence Timer :: Artificially updated presence with a threshold of 5 minutes (93.3007ms)
[2026-02-11 02:51:43.300 DBG] ViewerRepo :: UpdatePresence(twitch, 5), 0.031ms
[2026-02-11 02:51:43.396 DBG] TwitchService :: Presence Timer :: Artificially updated presence with a threshold of 5 minutes (95.4394ms)
[2026-02-11 02:52:43.312 DBG] ViewerRepo :: UpdatePresence(twitch, 5), 0.0304ms
[2026-02-11 02:52:43.411 DBG] TwitchService :: Presence Timer :: Artificially updated presence with a threshold of 5 minutes (99.7917ms)
[2026-02-11 02:53:27.682 DBG] Credits :: Time to save 18.7736ms
[2026-02-11 02:53:43.320 DBG] ViewerRepo :: UpdatePresence(twitch, 5), 0.029ms
[2026-02-11 02:53:43.419 DBG] TwitchService :: Presence Timer :: Artificially updated presence with a threshold of 5 minutes (99.2431ms)
[2026-02-11 02:54:05.854 DBG] ActionDispatcher :: Queueing 'Sub Goal' (361aa588-5f31-4e19-b8a5-099cae52479d, TimedAction) to 'Default' (00000000-0000-0000-0000-000000000000), with 11 arguments
[2026-02-11 02:54:05.854 DBG] ActionQueue :: 'Default' (00000000-0000-0000-0000-000000000000) :: Enqueue action 361aa588-5f31-4e19-b8a5-099cae52479d
[2026-02-11 02:54:05.854 DBG] ActionQueue :: 'Default' (00000000-0000-0000-0000-000000000000) :: Handling queue
[2026-02-11 02:54:05.854 DBG] ActionQueue :: 'Default' (00000000-0000-0000-0000-000000000000) :: Performing non-blocking 'Sub Goal' (361aa588-5f31-4e19-b8a5-099cae52479d, 7d1f3164-e156-4b03-98b8-04025f0e1787)
[2026-02-11 02:54:20.000 DBG] AutoSave :: Auto saving settings...
[2026-02-11 02:54:20.021 DBG] Users :: Time to save 21.0597ms
[2026-02-11 02:54:20.045 DBG] Actions :: Time to save 24.1349ms
[2026-02-11 02:54:20.062 DBG] Commands :: Time to save 17.6649ms
[2026-02-11 02:54:20.081 DBG] Twitch Rewards :: Time to save 17.9197ms
[2026-02-11 02:54:20.096 DBG] Midi :: Time to save 15.1478ms
[2026-02-11 02:54:20.112 DBG] OBS Settings :: Time to save 15.6402ms
[2026-02-11 02:54:20.127 DBG] MeldStudio Settings :: Time to save 15.3525ms
[2026-02-11 02:54:20.142 DBG] Credits :: Time to save 15.597ms
[2026-02-11 02:54:20.160 DBG] Quotes :: Time to save 17.2659ms
[2026-02-11 02:54:20.222 DBG] Config :: Time to save 19.3014ms
[2026-02-11 02:54:43.326 DBG] ViewerRepo :: UpdatePresence(twitch, 5), 0.0318ms
[2026-02-11 02:54:43.420 DBG] TwitchService :: Presence Timer :: Artificially updated presence with a threshold of 5 minutes (94.303ms)
[2026-02-11 02:55:43.337 DBG] ViewerRepo :: UpdatePresence(twitch, 5), 0.0309ms
[2026-02-11 02:55:43.427 DBG] TwitchService :: Presence Timer :: Artificially updated presence with a threshold of 5 minutes (90.6832ms)
[2026-02-11 02:56:43.343 DBG] ViewerRepo :: UpdatePresence(twitch, 5), 0.0354ms
[2026-02-11 02:56:43.441 DBG] TwitchService :: Presence Timer :: Artificially updated presence with a threshold of 5 minutes (97.3549ms)
[2026-02-11 02:57:43.349 DBG] ViewerRepo :: UpdatePresence(twitch, 5), 0.0316ms
[2026-02-11 02:57:43.444 DBG] TwitchService :: Presence Timer :: Artificially updated presence with a threshold of 5 minutes (95.5815ms)
[2026-02-11 02:58:27.696 DBG] Credits :: Time to save 21.6254ms
[2026-02-11 02:58:43.353 DBG] ViewerRepo :: UpdatePresence(twitch, 5), 0.0332ms
[2026-02-11 02:58:43.444 DBG] TwitchService :: Presence Timer :: Artificially updated presence with a threshold of 5 minutes (91.1482ms)
[2026-02-11 02:59:20.227 DBG] AutoSave :: Auto saving settings...
[2026-02-11 02:59:20.247 DBG] Users :: Time to save 20.6946ms
[2026-02-11 02:59:20.272 DBG] Actions :: Time to save 25.146ms
[2026-02-11 02:59:20.292 DBG] Commands :: Time to save 19.6749ms
[2026-02-11 02:59:20.311 DBG] Twitch Rewards :: Time to save 18.0107ms
[2026-02-11 02:59:20.322 DBG] Midi :: Time to save 11.9149ms
[2026-02-11 02:59:20.335 DBG] OBS Settings :: Time to save 12.9983ms
[2026-02-11 02:59:20.351 DBG] MeldStudio Settings :: Time to save 15.8194ms
[2026-02-11 02:59:20.364 DBG] Credits :: Time to save 12.7524ms
[2026-02-11 02:59:20.382 DBG] Quotes :: Time to save 17.4041ms
[2026-02-11 02:59:20.451 DBG] Config :: Time to save 20.1983ms
[2026-02-11 02:59:43.355 DBG] ViewerRepo :: UpdatePresence(twitch, 5), 0.0315ms
[2026-02-11 02:59:43.449 DBG] TwitchService :: Presence Timer :: Artificially updated presence with a threshold of 5 minutes (94.6372ms)
[2026-02-11 03:00:43.358 DBG] ViewerRepo :: UpdatePresence(twitch, 5), 0.035ms
[2026-02-11 03:00:43.452 DBG] TwitchService :: Presence Timer :: Artificially updated presence with a threshold of 5 minutes (93.8814ms)
[2026-02-11 03:01:43.362 DBG] ViewerRepo :: UpdatePresence(twitch, 5), 0.0312ms
[2026-02-11 03:01:43.457 DBG] TwitchService :: Presence Timer :: Artificially updated presence with a threshold of 5 minutes (95.5663ms)
[2026-02-11 03:02:43.369 DBG] ViewerRepo :: UpdatePresence(twitch, 5), 0.0308ms
[2026-02-11 03:02:43.470 DBG] TwitchService :: Presence Timer :: Artificially updated presence with a threshold of 5 minutes (101.5624ms)
[2026-02-11 03:03:27.698 DBG] Credits :: Time to save 18.3715ms
[2026-02-11 03:03:43.379 DBG] ViewerRepo :: UpdatePresence(twitch, 5), 0.0327ms
[2026-02-11 03:03:43.480 DBG] TwitchService :: Presence Timer :: Artificially updated presence with a threshold of 5 minutes (100.7224ms)
[2026-02-11 03:04:06.230 DBG] ActionDispatcher :: Queueing 'Sub Goal' (361aa588-5f31-4e19-b8a5-099cae52479d, TimedAction) to 'Default' (00000000-0000-0000-0000-000000000000), with 11 arguments
[2026-02-11 03:04:06.230 DBG] ActionQueue :: 'Default' (00000000-0000-0000-0000-000000000000) :: Enqueue action 361aa588-5f31-4e19-b8a5-099cae52479d
[2026-02-11 03:04:06.230 DBG] ActionQueue :: 'Default' (00000000-0000-0000-0000-000000000000) :: Handling queue
[2026-02-11 03:04:06.230 DBG] ActionQueue :: 'Default' (00000000-0000-0000-0000-000000000000) :: Performing non-blocking 'Sub Goal' (361aa588-5f31-4e19-b8a5-099cae52479d, 475d7cb9-685e-4b1a-968e-f158315f6c42)
[2026-02-11 03:04:20.451 DBG] AutoSave :: Auto saving settings...
[2026-02-11 03:04:20.471 DBG] Users :: Time to save 20.4153ms
[2026-02-11 03:04:20.494 DBG] Actions :: Time to save 23.6162ms
[2026-02-11 03:04:20.512 DBG] Commands :: Time to save 17.2802ms
[2026-02-11 03:04:20.530 DBG] Twitch Rewards :: Time to save 17.6457ms
[2026-02-11 03:04:20.545 DBG] Midi :: Time to save 15.7332ms
[2026-02-11 03:04:20.561 DBG] OBS Settings :: Time to save 15.8087ms
[2026-02-11 03:04:20.576 DBG] MeldStudio Settings :: Time to save 15.5997ms
[2026-02-11 03:04:20.592 DBG] Credits :: Time to save 15.4174ms
[2026-02-11 03:04:20.610 DBG] Quotes :: Time to save 17.6014ms
[2026-02-11 03:04:20.672 DBG] Config :: Time to save 18.6756ms
[2026-02-11 03:04:43.382 DBG] ViewerRepo :: UpdatePresence(twitch, 5), 0.0303ms
[2026-02-11 03:04:43.479 DBG] TwitchService :: Presence Timer :: Artificially updated presence with a threshold of 5 minutes (98.6092ms)
[2026-02-11 03:05:43.383 DBG] ViewerRepo :: UpdatePresence(twitch, 5), 0.0381ms
[2026-02-11 03:05:43.477 DBG] TwitchService :: Presence Timer :: Artificially updated presence with a threshold of 5 minutes (94.8624ms)
[2026-02-11 03:06:43.399 DBG] ViewerRepo :: UpdatePresence(twitch, 5), 0.0329ms
[2026-02-11 03:06:43.492 DBG] TwitchService :: Presence Timer :: Artificially updated presence with a threshold of 5 minutes (93.7611ms)
[2026-02-11 03:07:43.414 DBG] ViewerRepo :: UpdatePresence(twitch, 5), 0.0299ms
[2026-02-11 03:07:43.504 DBG] TwitchService :: Presence Timer :: Artificially updated presence with a threshold of 5 minutes (90.8156ms)
[2026-02-11 03:08:27.706 DBG] Credits :: Time to save 19.2936ms
[2026-02-11 03:08:43.414 DBG] ViewerRepo :: UpdatePresence(twitch, 5), 0.0311ms
[2026-02-11 03:08:43.507 DBG] TwitchService :: Presence Timer :: Artificially updated presence with a threshold of 5 minutes (93.0581ms)
[2026-02-11 03:09:20.704 DBG] AutoSave :: Auto saving settings...
[2026-02-11 03:09:20.723 DBG] Users :: Time to save 19.0621ms
[2026-02-11 03:09:20.747 DBG] Actions :: Time to save 24.4379ms
[2026-02-11 03:09:20.767 DBG] Commands :: Time to save 20.0083ms
[2026-02-11 03:09:20.786 DBG] Twitch Rewards :: Time to save 18.3685ms
[2026-02-11 03:09:20.800 DBG] Midi :: Time to save 13.7485ms
[2026-02-11 03:09:20.816 DBG] OBS Settings :: Time to save 16.3033ms
[2026-02-11 03:09:20.832 DBG] MeldStudio Settings :: Time to save 15.4927ms
[2026-02-11 03:09:20.847 DBG] Credits :: Time to save 15.7577ms
[2026-02-11 03:09:20.860 DBG] Quotes :: Time to save 13.1212ms
[2026-02-11 03:09:20.927 DBG] Config :: Time to save 19.6542ms
[2026-02-11 03:09:43.415 DBG] ViewerRepo :: UpdatePresence(twitch, 5), 0.0319ms
[2026-02-11 03:09:43.513 DBG] TwitchService :: Presence Timer :: Artificially updated presence with a threshold of 5 minutes (97.7911ms)
[2026-02-11 03:10:43.426 DBG] ViewerRepo :: UpdatePresence(twitch, 5), 0.0331ms
[2026-02-11 03:10:43.522 DBG] TwitchService :: Presence Timer :: Artificially updated presence with a threshold of 5 minutes (95.6993ms)
[2026-02-11 03:11:43.431 DBG] ViewerRepo :: UpdatePresence(twitch, 5), 0.033ms
[2026-02-11 03:11:43.521 DBG] TwitchService :: Presence Timer :: Artificially updated presence with a threshold of 5 minutes (90.2585ms)
[2026-02-11 03:12:43.435 DBG] ViewerRepo :: UpdatePresence(twitch, 5), 0.0368ms
[2026-02-11 03:12:43.525 DBG] TwitchService :: Presence Timer :: Artificially updated presence with a threshold of 5 minutes (90.1419ms)
[2026-02-11 03:13:27.707 DBG] Credits :: Time to save 17.7973ms
[2026-02-11 03:13:43.444 DBG] ViewerRepo :: UpdatePresence(twitch, 5), 0.0396ms
[2026-02-11 03:13:43.540 DBG] TwitchService :: Presence Timer :: Artificially updated presence with a threshold of 5 minutes (96.1676ms)
[2026-02-11 03:14:06.669 DBG] ActionDispatcher :: Queueing 'Sub Goal' (361aa588-5f31-4e19-b8a5-099cae52479d, TimedAction) to 'Default' (00000000-0000-0000-0000-000000000000), with 11 arguments
[2026-02-11 03:14:06.669 DBG] ActionQueue :: 'Default' (00000000-0000-0000-0000-000000000000) :: Enqueue action 361aa588-5f31-4e19-b8a5-099cae52479d
[2026-02-11 03:14:06.669 DBG] ActionQueue :: 'Default' (00000000-0000-0000-0000-000000000000) :: Handling queue
[2026-02-11 03:14:06.669 DBG] ActionQueue :: 'Default' (00000000-0000-0000-0000-000000000000) :: Performing non-blocking 'Sub Goal' (361aa588-5f31-4e19-b8a5-099cae52479d, 15880902-7fbe-40bb-9b82-1abf6ebd1896)
[2026-02-11 03:14:20.949 DBG] AutoSave :: Auto saving settings...
[2026-02-11 03:14:20.969 DBG] Users :: Time to save 20.1659ms
[2026-02-11 03:14:20.989 DBG] Actions :: Time to save 20.112ms
[2026-02-11 03:14:21.006 DBG] Commands :: Time to save 17.5947ms
[2026-02-11 03:14:21.023 DBG] Twitch Rewards :: Time to save 17.0592ms
[2026-02-11 03:14:21.039 DBG] Midi :: Time to save 15.3641ms
[2026-02-11 03:14:21.055 DBG] OBS Settings :: Time to save 16.2951ms
[2026-02-11 03:14:21.070 DBG] MeldStudio Settings :: Time to save 15.1016ms
[2026-02-11 03:14:21.085 DBG] Credits :: Time to save 15.1957ms
[2026-02-11 03:14:21.103 DBG] Quotes :: Time to save 16.8848ms
[2026-02-11 03:14:21.168 DBG] Config :: Time to save 18.9723ms
[2026-02-11 03:14:43.459 DBG] ViewerRepo :: UpdatePresence(twitch, 5), 0.0296ms
[2026-02-11 03:14:43.557 DBG] TwitchService :: Presence Timer :: Artificially updated presence with a threshold of 5 minutes (99.1124ms)
[2026-02-11 03:15:43.459 DBG] ViewerRepo :: UpdatePresence(twitch, 5), 0.0317ms
[2026-02-11 03:15:44.068 DBG] TwitchService :: Presence Timer :: Artificially updated presence with a threshold of 5 minutes (608.6731ms)
[2026-02-11 03:16:43.474 DBG] ViewerRepo :: UpdatePresence(twitch, 5), 0.0402ms
[2026-02-11 03:16:43.574 DBG] TwitchService :: Presence Timer :: Artificially updated presence with a threshold of 5 minutes (100.4132ms)
[2026-02-11 03:17:43.485 DBG] ViewerRepo :: UpdatePresence(twitch, 5), 0.0314ms
[2026-02-11 03:17:43.582 DBG] TwitchService :: Presence Timer :: Artificially updated presence with a threshold of 5 minutes (96.5135ms)
[2026-02-11 03:18:27.717 DBG] Credits :: Time to save 22.5012ms
[2026-02-11 03:18:43.500 DBG] ViewerRepo :: UpdatePresence(twitch, 5), 0.0317ms
[2026-02-11 03:18:43.596 DBG] TwitchService :: Presence Timer :: Artificially updated presence with a threshold of 5 minutes (95.9238ms)
[2026-02-11 03:19:21.207 DBG] AutoSave :: Auto saving settings...
[2026-02-11 03:19:21.227 DBG] Users :: Time to save 19.5317ms
[2026-02-11 03:19:21.249 DBG] Actions :: Time to save 23.2104ms
[2026-02-11 03:19:21.267 DBG] Commands :: Time to save 17.9533ms
[2026-02-11 03:19:21.286 DBG] Twitch Rewards :: Time to save 17.7493ms
[2026-02-11 03:19:21.301 DBG] Midi :: Time to save 15.216ms
[2026-02-11 03:19:21.314 DBG] OBS Settings :: Time to save 13.1469ms
[2026-02-11 03:19:21.329 DBG] MeldStudio Settings :: Time to save 15.3466ms
[2026-02-11 03:19:21.345 DBG] Credits :: Time to save 15.6477ms
[2026-02-11 03:19:21.363 DBG] Quotes :: Time to save 17.3697ms
[2026-02-11 03:19:21.431 DBG] Config :: Time to save 21.1836ms
[2026-02-11 03:19:43.506 DBG] ViewerRepo :: UpdatePresence(twitch, 5), 0.034ms
[2026-02-11 03:19:43.600 DBG] TwitchService :: Presence Timer :: Artificially updated presence with a threshold of 5 minutes (93.805ms)
[2026-02-11 03:20:43.521 DBG] ViewerRepo :: UpdatePresence(twitch, 5), 0.0334ms
[2026-02-11 03:20:43.643 DBG] TwitchService :: Presence Timer :: Artificially updated presence with a threshold of 5 minutes (122.8369ms)
[2026-02-11 03:21:43.526 DBG] ViewerRepo :: UpdatePresence(twitch, 5), 0.03ms
[2026-02-11 03:21:43.620 DBG] TwitchService :: Presence Timer :: Artificially updated presence with a threshold of 5 minutes (93.6688ms)
[2026-02-11 03:22:43.540 DBG] ViewerRepo :: UpdatePresence(twitch, 5), 0.0301ms
[2026-02-11 03:22:43.633 DBG] TwitchService :: Presence Timer :: Artificially updated presence with a threshold of 5 minutes (92.8841ms)
[2026-02-11 03:23:27.726 DBG] Credits :: Time to save 17.7669ms
[2026-02-11 03:23:43.544 DBG] ViewerRepo :: UpdatePresence(twitch, 5), 0.031ms
[2026-02-11 03:23:43.637 DBG] TwitchService :: Presence Timer :: Artificially updated presence with a threshold of 5 minutes (93.2312ms)
[2026-02-11 03:24:07.631 DBG] ActionDispatcher :: Queueing 'Sub Goal' (361aa588-5f31-4e19-b8a5-099cae52479d, TimedAction) to 'Default' (00000000-0000-0000-0000-000000000000), with 11 arguments
[2026-02-11 03:24:07.631 DBG] ActionQueue :: 'Default' (00000000-0000-0000-0000-000000000000) :: Enqueue action 361aa588-5f31-4e19-b8a5-099cae52479d
[2026-02-11 03:24:07.631 DBG] ActionQueue :: 'Default' (00000000-0000-0000-0000-000000000000) :: Handling queue
[2026-02-11 03:24:07.631 DBG] ActionQueue :: 'Default' (00000000-0000-0000-0000-000000000000) :: Performing non-blocking 'Sub Goal' (361aa588-5f31-4e19-b8a5-099cae52479d, d38de793-f890-4fbf-9f80-3042fe1e7a42)
[2026-02-11 03:24:21.442 DBG] AutoSave :: Auto saving settings...
[2026-02-11 03:24:21.462 DBG] Users :: Time to save 19.9363ms
[2026-02-11 03:24:21.484 DBG] Actions :: Time to save 22.6689ms
[2026-02-11 03:24:21.502 DBG] Commands :: Time to save 17.9218ms
[2026-02-11 03:24:21.520 DBG] Twitch Rewards :: Time to save 17.8409ms
[2026-02-11 03:24:21.536 DBG] Midi :: Time to save 16.1208ms
[2026-02-11 03:24:21.552 DBG] OBS Settings :: Time to save 15.5771ms
[2026-02-11 03:24:21.568 DBG] MeldStudio Settings :: Time to save 16.3263ms
[2026-02-11 03:24:21.584 DBG] Credits :: Time to save 15.5428ms
[2026-02-11 03:24:21.601 DBG] Quotes :: Time to save 17.4007ms
[2026-02-11 03:24:21.666 DBG] Config :: Time to save 20.9532ms
[2026-02-11 03:24:43.552 DBG] ViewerRepo :: UpdatePresence(twitch, 5), 0.0335ms
[2026-02-11 03:24:43.645 DBG] TwitchService :: Presence Timer :: Artificially updated presence with a threshold of 5 minutes (93.7992ms)
[2026-02-11 03:25:43.558 DBG] ViewerRepo :: UpdatePresence(twitch, 5), 0.0323ms
[2026-02-11 03:25:43.655 DBG] TwitchService :: Presence Timer :: Artificially updated presence with a threshold of 5 minutes (96.7861ms)
[2026-02-11 03:26:43.571 DBG] ViewerRepo :: UpdatePresence(twitch, 5), 0.0332ms
[2026-02-11 03:26:43.670 DBG] TwitchService :: Presence Timer :: Artificially updated presence with a threshold of 5 minutes (98.4785ms)
[2026-02-11 03:27:43.578 DBG] ViewerRepo :: UpdatePresence(twitch, 5), 0.0313ms
[2026-02-11 03:27:43.673 DBG] TwitchService :: Presence Timer :: Artificially updated presence with a threshold of 5 minutes (95.5232ms)
[2026-02-11 03:28:27.728 DBG] Credits :: Time to save 17.7429ms
[2026-02-11 03:28:43.584 DBG] ViewerRepo :: UpdatePresence(twitch, 5), 0.0319ms
[2026-02-11 03:28:43.677 DBG] TwitchService :: Presence Timer :: Artificially updated presence with a threshold of 5 minutes (94.2489ms)
[2026-02-11 03:29:21.730 DBG] AutoSave :: Auto saving settings...
[2026-02-11 03:29:21.752 DBG] Users :: Time to save 22.3492ms
[2026-02-11 03:29:21.778 DBG] Actions :: Time to save 26.2871ms
[2026-02-11 03:29:21.797 DBG] Commands :: Time to save 19.579ms
[2026-02-11 03:29:21.817 DBG] Twitch Rewards :: Time to save 18.9074ms
[2026-02-11 03:29:21.830 DBG] Midi :: Time to save 12.5637ms
[2026-02-11 03:29:21.846 DBG] OBS Settings :: Time to save 16.552ms
[2026-02-11 03:29:21.861 DBG] MeldStudio Settings :: Time to save 15.6716ms
[2026-02-11 03:29:21.878 DBG] Credits :: Time to save 16.3158ms
[2026-02-11 03:29:21.897 DBG] Quotes :: Time to save 18.5915ms
[2026-02-11 03:29:21.951 DBG] Config :: Time to save 21.0152ms
[2026-02-11 03:29:43.598 DBG] ViewerRepo :: UpdatePresence(twitch, 5), 0.032ms
[2026-02-11 03:29:43.696 DBG] TwitchService :: Presence Timer :: Artificially updated presence with a threshold of 5 minutes (98.1316ms)
[2026-02-11 03:30:43.626 DBG] ViewerRepo :: UpdatePresence(twitch, 5), 0.0306ms
[2026-02-11 03:30:43.736 DBG] TwitchService :: Presence Timer :: Artificially updated presence with a threshold of 5 minutes (109.9736ms)
[2026-02-11 03:31:43.630 DBG] ViewerRepo :: UpdatePresence(twitch, 5), 0.031ms
[2026-02-11 03:31:43.737 DBG] TwitchService :: Presence Timer :: Artificially updated presence with a threshold of 5 minutes (106.5912ms)
[2026-02-11 03:32:43.644 DBG] ViewerRepo :: UpdatePresence(twitch, 5), 0.0298ms
[2026-02-11 03:32:43.741 DBG] TwitchService :: Presence Timer :: Artificially updated presence with a threshold of 5 minutes (98.4911ms)
[2026-02-11 03:33:27.734 DBG] Credits :: Time to save 19.2044ms
[2026-02-11 03:33:43.648 DBG] ViewerRepo :: UpdatePresence(twitch, 5), 0.0304ms
[2026-02-11 03:33:43.744 DBG] TwitchService :: Presence Timer :: Artificially updated presence with a threshold of 5 minutes (96.1512ms)
[2026-02-11 03:34:07.976 DBG] ActionDispatcher :: Queueing 'Sub Goal' (361aa588-5f31-4e19-b8a5-099cae52479d, TimedAction) to 'Default' (00000000-0000-0000-0000-000000000000), with 11 arguments
[2026-02-11 03:34:07.976 DBG] ActionQueue :: 'Default' (00000000-0000-0000-0000-000000000000) :: Enqueue action 361aa588-5f31-4e19-b8a5-099cae52479d
[2026-02-11 03:34:07.976 DBG] ActionQueue :: 'Default' (00000000-0000-0000-0000-000000000000) :: Handling queue
[2026-02-11 03:34:07.976 DBG] ActionQueue :: 'Default' (00000000-0000-0000-0000-000000000000) :: Performing non-blocking 'Sub Goal' (361aa588-5f31-4e19-b8a5-099cae52479d, 9ebd1487-e021-40f9-9d81-e3194df91a5e)
[2026-02-11 03:34:21.966 DBG] AutoSave :: Auto saving settings...
[2026-02-11 03:34:21.988 DBG] Users :: Time to save 21.9668ms
[2026-02-11 03:34:22.014 DBG] Actions :: Time to save 26.3798ms
[2026-02-11 03:34:22.030 DBG] Commands :: Time to save 16.5841ms
[2026-02-11 03:34:22.047 DBG] Twitch Rewards :: Time to save 16.9198ms
[2026-02-11 03:34:22.065 DBG] Midi :: Time to save 16.8291ms
[2026-02-11 03:34:22.079 DBG] OBS Settings :: Time to save 15.1311ms
[2026-02-11 03:34:22.096 DBG] MeldStudio Settings :: Time to save 16.0944ms
[2026-02-11 03:34:22.113 DBG] Credits :: Time to save 16.7508ms
[2026-02-11 03:34:22.133 DBG] Quotes :: Time to save 20.1047ms
[2026-02-11 03:34:22.191 DBG] Config :: Time to save 21.155ms
[2026-02-11 03:34:43.658 DBG] ViewerRepo :: UpdatePresence(twitch, 5), 0.031ms
[2026-02-11 03:34:43.755 DBG] TwitchService :: Presence Timer :: Artificially updated presence with a threshold of 5 minutes (97.2947ms)
[2026-02-11 03:35:43.665 DBG] ViewerRepo :: UpdatePresence(twitch, 5), 0.0311ms
[2026-02-11 03:35:43.757 DBG] TwitchService :: Presence Timer :: Artificially updated presence with a threshold of 5 minutes (91.4806ms)
[2026-02-11 03:36:43.670 DBG] ViewerRepo :: UpdatePresence(twitch, 5), 0.0322ms
[2026-02-11 03:36:43.768 DBG] TwitchService :: Presence Timer :: Artificially updated presence with a threshold of 5 minutes (98.2676ms)
[2026-02-11 03:37:43.678 DBG] ViewerRepo :: UpdatePresence(twitch, 5), 0.0323ms
[2026-02-11 03:37:43.777 DBG] TwitchService :: Presence Timer :: Artificially updated presence with a threshold of 5 minutes (98.3344ms)
[2026-02-11 03:38:27.754 DBG] Credits :: Time to save 19.2451ms
[2026-02-11 03:38:43.705 DBG] ViewerRepo :: UpdatePresence(twitch, 5), 0.0294ms
[2026-02-11 03:38:43.806 DBG] TwitchService :: Presence Timer :: Artificially updated presence with a threshold of 5 minutes (101.5603ms)
[2026-02-11 03:39:22.226 DBG] AutoSave :: Auto saving settings...
[2026-02-11 03:39:22.244 DBG] Users :: Time to save 18.1255ms
[2026-02-11 03:39:22.268 DBG] Actions :: Time to save 24.8061ms
[2026-02-11 03:39:22.287 DBG] Commands :: Time to save 17.9603ms
[2026-02-11 03:39:22.304 DBG] Twitch Rewards :: Time to save 17.7634ms
[2026-02-11 03:39:22.321 DBG] Midi :: Time to save 16.578ms
[2026-02-11 03:39:22.337 DBG] OBS Settings :: Time to save 15.6297ms
[2026-02-11 03:39:22.351 DBG] MeldStudio Settings :: Time to save 15.1324ms
[2026-02-11 03:39:22.367 DBG] Credits :: Time to save 14.7872ms
[2026-02-11 03:39:22.384 DBG] Quotes :: Time to save 16.8755ms
[2026-02-11 03:39:22.449 DBG] Config :: Time to save 20.3842ms
[2026-02-11 03:39:43.720 DBG] ViewerRepo :: UpdatePresence(twitch, 5), 0.0303ms
[2026-02-11 03:39:43.814 DBG] TwitchService :: Presence Timer :: Artificially updated presence with a threshold of 5 minutes (94.0512ms)
[2026-02-11 03:40:43.730 DBG] ViewerRepo :: UpdatePresence(twitch, 5), 0.0301ms
[2026-02-11 03:40:43.826 DBG] TwitchService :: Presence Timer :: Artificially updated presence with a threshold of 5 minutes (95.883ms)
[2026-02-11 03:41:43.744 DBG] ViewerRepo :: UpdatePresence(twitch, 5), 0.0451ms
[2026-02-11 03:41:43.838 DBG] TwitchService :: Presence Timer :: Artificially updated presence with a threshold of 5 minutes (94.0975ms)
[2026-02-11 03:42:43.755 DBG] ViewerRepo :: UpdatePresence(twitch, 5), 0.0314ms
[2026-02-11 03:42:43.847 DBG] TwitchService :: Presence Timer :: Artificially updated presence with a threshold of 5 minutes (92.3768ms)
[2026-02-11 03:43:27.751 DBG] Credits :: Time to save 14.9214ms
[2026-02-11 03:43:43.761 DBG] ViewerRepo :: UpdatePresence(twitch, 5), 0.0301ms
[2026-02-11 03:43:43.854 DBG] TwitchService :: Presence Timer :: Artificially updated presence with a threshold of 5 minutes (93.2615ms)
[2026-02-11 03:44:08.259 DBG] ActionDispatcher :: Queueing 'Sub Goal' (361aa588-5f31-4e19-b8a5-099cae52479d, TimedAction) to 'Default' (00000000-0000-0000-0000-000000000000), with 11 arguments
[2026-02-11 03:44:08.259 DBG] ActionQueue :: 'Default' (00000000-0000-0000-0000-000000000000) :: Enqueue action 361aa588-5f31-4e19-b8a5-099cae52479d
[2026-02-11 03:44:08.259 DBG] ActionQueue :: 'Default' (00000000-0000-0000-0000-000000000000) :: Handling queue
[2026-02-11 03:44:08.259 DBG] ActionQueue :: 'Default' (00000000-0000-0000-0000-000000000000) :: Performing non-blocking 'Sub Goal' (361aa588-5f31-4e19-b8a5-099cae52479d, 71ba15c1-0fe2-4782-872e-96cf1ad5abad)
[2026-02-11 03:44:22.475 DBG] AutoSave :: Auto saving settings...
[2026-02-11 03:44:22.494 DBG] Users :: Time to save 20.3465ms
[2026-02-11 03:44:22.519 DBG] Actions :: Time to save 23.8386ms
[2026-02-11 03:44:22.537 DBG] Commands :: Time to save 18.1666ms
[2026-02-11 03:44:22.555 DBG] Twitch Rewards :: Time to save 17.3754ms
[2026-02-11 03:44:22.569 DBG] Midi :: Time to save 14.8261ms
[2026-02-11 03:44:22.586 DBG] OBS Settings :: Time to save 16.1112ms
[2026-02-11 03:44:22.601 DBG] MeldStudio Settings :: Time to save 15.3942ms
[2026-02-11 03:44:22.615 DBG] Credits :: Time to save 13.4404ms
[2026-02-11 03:44:22.631 DBG] Quotes :: Time to save 16.6882ms
[2026-02-11 03:44:22.697 DBG] Config :: Time to save 18.9961ms
[2026-02-11 03:44:43.771 DBG] ViewerRepo :: UpdatePresence(twitch, 5), 0.0337ms
[2026-02-11 03:44:43.865 DBG] TwitchService :: Presence Timer :: Artificially updated presence with a threshold of 5 minutes (94.3079ms)
[2026-02-11 03:45:43.777 DBG] ViewerRepo :: UpdatePresence(twitch, 5), 0.0299ms
[2026-02-11 03:45:43.867 DBG] TwitchService :: Presence Timer :: Artificially updated presence with a threshold of 5 minutes (91.7074ms)
[2026-02-11 03:46:43.791 DBG] ViewerRepo :: UpdatePresence(twitch, 5), 0.0315ms
[2026-02-11 03:46:43.888 DBG] TwitchService :: Presence Timer :: Artificially updated presence with a threshold of 5 minutes (97.1704ms)
[2026-02-11 03:47:43.800 DBG] ViewerRepo :: UpdatePresence(twitch, 5), 0.0312ms
[2026-02-11 03:47:43.895 DBG] TwitchService :: Presence Timer :: Artificially updated presence with a threshold of 5 minutes (95.8738ms)
[2026-02-11 03:48:27.768 DBG] Credits :: Time to save 19.1008ms
[2026-02-11 03:48:43.800 DBG] ViewerRepo :: UpdatePresence(twitch, 5), 0.0311ms
[2026-02-11 03:48:43.897 DBG] TwitchService :: Presence Timer :: Artificially updated presence with a threshold of 5 minutes (97.552ms)
[2026-02-11 03:49:22.729 DBG] AutoSave :: Auto saving settings...
[2026-02-11 03:49:22.750 DBG] Users :: Time to save 21.2248ms
[2026-02-11 03:49:22.775 DBG] Actions :: Time to save 25.2108ms
[2026-02-11 03:49:22.793 DBG] Commands :: Time to save 17.7615ms
[2026-02-11 03:49:22.807 DBG] Twitch Rewards :: Time to save 13.1599ms
[2026-02-11 03:49:22.821 DBG] Midi :: Time to save 15.5088ms
[2026-02-11 03:49:22.840 DBG] OBS Settings :: Time to save 18.449ms
[2026-02-11 03:49:22.859 DBG] MeldStudio Settings :: Time to save 18.1956ms
[2026-02-11 03:49:22.876 DBG] Credits :: Time to save 16.6388ms
[2026-02-11 03:49:22.894 DBG] Quotes :: Time to save 18.5786ms
[2026-02-11 03:49:22.953 DBG] Config :: Time to save 19.7881ms
[2026-02-11 03:49:43.809 DBG] ViewerRepo :: UpdatePresence(twitch, 5), 0.0293ms
[2026-02-11 03:49:43.903 DBG] TwitchService :: Presence Timer :: Artificially updated presence with a threshold of 5 minutes (94.0994ms)
[2026-02-11 03:50:43.822 DBG] ViewerRepo :: UpdatePresence(twitch, 5), 0.0329ms
[2026-02-11 03:50:43.910 DBG] TwitchService :: Presence Timer :: Artificially updated presence with a threshold of 5 minutes (88.0926ms)
[2026-02-11 03:51:43.833 DBG] ViewerRepo :: UpdatePresence(twitch, 5), 0.0308ms
[2026-02-11 03:51:43.927 DBG] TwitchService :: Presence Timer :: Artificially updated presence with a threshold of 5 minutes (94.1026ms)
[2026-02-11 03:52:43.848 DBG] ViewerRepo :: UpdatePresence(twitch, 5), 0.0316ms
[2026-02-11 03:52:43.944 DBG] TwitchService :: Presence Timer :: Artificially updated presence with a threshold of 5 minutes (95.5268ms)
[2026-02-11 03:53:27.783 DBG] Credits :: Time to save 18.7798ms
[2026-02-11 03:53:43.855 DBG] ViewerRepo :: UpdatePresence(twitch, 5), 0.0317ms
[2026-02-11 03:53:43.946 DBG] TwitchService :: Presence Timer :: Artificially updated presence with a threshold of 5 minutes (91.6822ms)
[2026-02-11 03:54:08.648 DBG] ActionDispatcher :: Queueing 'Sub Goal' (361aa588-5f31-4e19-b8a5-099cae52479d, TimedAction) to 'Default' (00000000-0000-0000-0000-000000000000), with 11 arguments
[2026-02-11 03:54:08.648 DBG] ActionQueue :: 'Default' (00000000-0000-0000-0000-000000000000) :: Enqueue action 361aa588-5f31-4e19-b8a5-099cae52479d
[2026-02-11 03:54:08.648 DBG] ActionQueue :: 'Default' (00000000-0000-0000-0000-000000000000) :: Handling queue
[2026-02-11 03:54:08.648 DBG] ActionQueue :: 'Default' (00000000-0000-0000-0000-000000000000) :: Performing non-blocking 'Sub Goal' (361aa588-5f31-4e19-b8a5-099cae52479d, 9d0f9ce6-5f03-4794-aadd-a03816e76b0f)
[2026-02-11 03:54:22.991 DBG] AutoSave :: Auto saving settings...
[2026-02-11 03:54:23.011 DBG] Users :: Time to save 20.3107ms
[2026-02-11 03:54:23.035 DBG] Actions :: Time to save 24.0295ms
[2026-02-11 03:54:23.053 DBG] Commands :: Time to save 17.6939ms
[2026-02-11 03:54:23.071 DBG] Twitch Rewards :: Time to save 17.405ms
[2026-02-11 03:54:23.086 DBG] Midi :: Time to save 15.5426ms
[2026-02-11 03:54:23.102 DBG] OBS Settings :: Time to save 16.2125ms
[2026-02-11 03:54:23.119 DBG] MeldStudio Settings :: Time to save 16.76ms
[2026-02-11 03:54:23.135 DBG] Credits :: Time to save 15.8135ms
[2026-02-11 03:54:23.152 DBG] Quotes :: Time to save 17.5671ms
[2026-02-11 03:54:23.211 DBG] Config :: Time to save 18.8235ms
[2026-02-11 03:54:43.868 DBG] ViewerRepo :: UpdatePresence(twitch, 5), 0.0311ms
[2026-02-11 03:54:43.964 DBG] TwitchService :: Presence Timer :: Artificially updated presence with a threshold of 5 minutes (96.1354ms)
[2026-02-11 03:55:43.873 DBG] ViewerRepo :: UpdatePresence(twitch, 5), 0.0333ms
[2026-02-11 03:55:43.967 DBG] TwitchService :: Presence Timer :: Artificially updated presence with a threshold of 5 minutes (94.1869ms)
[2026-02-11 03:56:43.874 DBG] ViewerRepo :: UpdatePresence(twitch, 5), 0.0304ms
[2026-02-11 03:56:43.969 DBG] TwitchService :: Presence Timer :: Artificially updated presence with a threshold of 5 minutes (94.7605ms)
[2026-02-11 03:57:43.885 DBG] ViewerRepo :: UpdatePresence(twitch, 5), 0.0297ms
[2026-02-11 03:57:43.981 DBG] TwitchService :: Presence Timer :: Artificially updated presence with a threshold of 5 minutes (97.4006ms)
[2026-02-11 03:58:27.790 DBG] Credits :: Time to save 19.2143ms
[2026-02-11 03:58:43.888 DBG] ViewerRepo :: UpdatePresence(twitch, 5), 0.0313ms
[2026-02-11 03:58:43.981 DBG] TwitchService :: Presence Timer :: Artificially updated presence with a threshold of 5 minutes (93.7589ms)
[2026-02-11 03:59:23.221 DBG] AutoSave :: Auto saving settings...
[2026-02-11 03:59:23.238 DBG] Users :: Time to save 17.7429ms
[2026-02-11 03:59:23.263 DBG] Actions :: Time to save 24.9859ms
[2026-02-11 03:59:23.282 DBG] Commands :: Time to save 18.3491ms
[2026-02-11 03:59:23.300 DBG] Twitch Rewards :: Time to save 17.8641ms
[2026-02-11 03:59:23.314 DBG] Midi :: Time to save 13.4582ms
[2026-02-11 03:59:23.330 DBG] OBS Settings :: Time to save 17.013ms
[2026-02-11 03:59:23.346 DBG] MeldStudio Settings :: Time to save 15.5804ms
[2026-02-11 03:59:23.358 DBG] Credits :: Time to save 11.7183ms
[2026-02-11 03:59:23.375 DBG] Quotes :: Time to save 17.3368ms
[2026-02-11 03:59:23.459 DBG] Config :: Time to save 19.9675ms
[2026-02-11 03:59:43.908 DBG] ViewerRepo :: UpdatePresence(twitch, 5), 0.0322ms
[2026-02-11 03:59:44.001 DBG] TwitchService :: Presence Timer :: Artificially updated presence with a threshold of 5 minutes (94.2117ms)
[2026-02-11 04:00:43.918 DBG] ViewerRepo :: UpdatePresence(twitch, 5), 0.0311ms
[2026-02-11 04:00:44.013 DBG] TwitchService :: Presence Timer :: Artificially updated presence with a threshold of 5 minutes (95.9514ms)
[2026-02-11 04:01:43.932 DBG] ViewerRepo :: UpdatePresence(twitch, 5), 0.0312ms
[2026-02-11 04:01:44.026 DBG] TwitchService :: Presence Timer :: Artificially updated presence with a threshold of 5 minutes (93.3177ms)
[2026-02-11 04:02:43.934 DBG] ViewerRepo :: UpdatePresence(twitch, 5), 0.0318ms
[2026-02-11 04:02:44.036 DBG] TwitchService :: Presence Timer :: Artificially updated presence with a threshold of 5 minutes (102.0946ms)
[2026-02-11 04:03:27.794 DBG] Credits :: Time to save 15.7599ms
[2026-02-11 04:03:43.941 DBG] ViewerRepo :: UpdatePresence(twitch, 5), 0.0312ms
[2026-02-11 04:03:44.033 DBG] TwitchService :: Presence Timer :: Artificially updated presence with a threshold of 5 minutes (91.718ms)
[2026-02-11 04:04:09.107 DBG] ActionDispatcher :: Queueing 'Sub Goal' (361aa588-5f31-4e19-b8a5-099cae52479d, TimedAction) to 'Default' (00000000-0000-0000-0000-000000000000), with 11 arguments
[2026-02-11 04:04:09.107 DBG] ActionQueue :: 'Default' (00000000-0000-0000-0000-000000000000) :: Enqueue action 361aa588-5f31-4e19-b8a5-099cae52479d
[2026-02-11 04:04:09.107 DBG] ActionQueue :: 'Default' (00000000-0000-0000-0000-000000000000) :: Handling queue
[2026-02-11 04:04:09.107 DBG] ActionQueue :: 'Default' (00000000-0000-0000-0000-000000000000) :: Performing non-blocking 'Sub Goal' (361aa588-5f31-4e19-b8a5-099cae52479d, e2c1009f-e2e9-41d5-910b-730631f00dd5)
[2026-02-11 04:04:23.474 DBG] AutoSave :: Auto saving settings...
[2026-02-11 04:04:23.493 DBG] Users :: Time to save 19.2288ms
[2026-02-11 04:04:23.517 DBG] Actions :: Time to save 24.0353ms
[2026-02-11 04:04:23.535 DBG] Commands :: Time to save 17.3611ms
[2026-02-11 04:04:23.552 DBG] Twitch Rewards :: Time to save 17.7703ms
[2026-02-11 04:04:23.568 DBG] Midi :: Time to save 15.4933ms
[2026-02-11 04:04:23.584 DBG] OBS Settings :: Time to save 15.9804ms
[2026-02-11 04:04:23.600 DBG] MeldStudio Settings :: Time to save 15.9124ms
[2026-02-11 04:04:23.615 DBG] Credits :: Time to save 15.5253ms
[2026-02-11 04:04:23.634 DBG] Quotes :: Time to save 17.3476ms
[2026-02-11 04:04:23.696 DBG] Config :: Time to save 18.696ms
[2026-02-11 04:04:43.947 DBG] ViewerRepo :: UpdatePresence(twitch, 5), 0.0322ms
[2026-02-11 04:04:44.036 DBG] TwitchService :: Presence Timer :: Artificially updated presence with a threshold of 5 minutes (89.6485ms)
[2026-02-11 04:05:43.952 DBG] ViewerRepo :: UpdatePresence(twitch, 5), 0.0355ms
[2026-02-11 04:05:44.043 DBG] TwitchService :: Presence Timer :: Artificially updated presence with a threshold of 5 minutes (91.6219ms)
[2026-02-11 04:06:43.966 DBG] ViewerRepo :: UpdatePresence(twitch, 5), 0.0293ms
[2026-02-11 04:06:44.061 DBG] TwitchService :: Presence Timer :: Artificially updated presence with a threshold of 5 minutes (95.0348ms)
[2026-02-11 04:07:43.971 DBG] ViewerRepo :: UpdatePresence(twitch, 5), 0.0309ms
[2026-02-11 04:07:44.063 DBG] TwitchService :: Presence Timer :: Artificially updated presence with a threshold of 5 minutes (93.2268ms)
[2026-02-11 04:08:27.803 DBG] Credits :: Time to save 21.6965ms
[2026-02-11 04:08:43.987 DBG] ViewerRepo :: UpdatePresence(twitch, 5), 0.0359ms
[2026-02-11 04:08:44.080 DBG] TwitchService :: Presence Timer :: Artificially updated presence with a threshold of 5 minutes (93.8613ms)
[2026-02-11 04:09:23.748 DBG] AutoSave :: Auto saving settings...
[2026-02-11 04:09:23.769 DBG] Users :: Time to save 21.0189ms
[2026-02-11 04:09:23.793 DBG] Actions :: Time to save 25.0318ms
[2026-02-11 04:09:23.812 DBG] Commands :: Time to save 18.2676ms
[2026-02-11 04:09:23.832 DBG] Twitch Rewards :: Time to save 20.2036ms
[2026-02-11 04:09:23.845 DBG] Midi :: Time to save 13.0143ms
[2026-02-11 04:09:23.859 DBG] OBS Settings :: Time to save 13.1459ms
[2026-02-11 04:09:23.873 DBG] MeldStudio Settings :: Time to save 15.449ms
[2026-02-11 04:09:23.886 DBG] Credits :: Time to save 12.8841ms
[2026-02-11 04:09:23.904 DBG] Quotes :: Time to save 17.6091ms
[2026-02-11 04:09:23.970 DBG] Config :: Time to save 20.2281ms
[2026-02-11 04:09:43.990 DBG] ViewerRepo :: UpdatePresence(twitch, 5), 0.0322ms
[2026-02-11 04:09:44.086 DBG] TwitchService :: Presence Timer :: Artificially updated presence with a threshold of 5 minutes (97.0464ms)
[2026-02-11 04:10:43.999 DBG] ViewerRepo :: UpdatePresence(twitch, 5), 0.0302ms
[2026-02-11 04:10:44.093 DBG] TwitchService :: Presence Timer :: Artificially updated presence with a threshold of 5 minutes (95.0761ms)
[2026-02-11 04:11:44.004 DBG] ViewerRepo :: UpdatePresence(twitch, 5), 0.0298ms
[2026-02-11 04:11:44.096 DBG] TwitchService :: Presence Timer :: Artificially updated presence with a threshold of 5 minutes (92.2614ms)
[2026-02-11 04:12:44.013 DBG] ViewerRepo :: UpdatePresence(twitch, 5), 0.0302ms
[2026-02-11 04:12:44.105 DBG] TwitchService :: Presence Timer :: Artificially updated presence with a threshold of 5 minutes (92.5158ms)
[2026-02-11 04:13:27.813 DBG] Credits :: Time to save 17.3744ms
[2026-02-11 04:13:44.019 DBG] ViewerRepo :: UpdatePresence(twitch, 5), 0.0297ms
[2026-02-11 04:13:44.116 DBG] TwitchService :: Presence Timer :: Artificially updated presence with a threshold of 5 minutes (97.3246ms)
[2026-02-11 04:14:09.273 DBG] ActionDispatcher :: Queueing 'Sub Goal' (361aa588-5f31-4e19-b8a5-099cae52479d, TimedAction) to 'Default' (00000000-0000-0000-0000-000000000000), with 11 arguments
[2026-02-11 04:14:09.273 DBG] ActionQueue :: 'Default' (00000000-0000-0000-0000-000000000000) :: Enqueue action 361aa588-5f31-4e19-b8a5-099cae52479d
[2026-02-11 04:14:09.273 DBG] ActionQueue :: 'Default' (00000000-0000-0000-0000-000000000000) :: Handling queue
[2026-02-11 04:14:09.273 DBG] ActionQueue :: 'Default' (00000000-0000-0000-0000-000000000000) :: Performing non-blocking 'Sub Goal' (361aa588-5f31-4e19-b8a5-099cae52479d, cd7774b1-edba-4355-8f63-46e2c2c7e65f)
[2026-02-11 04:14:23.972 DBG] AutoSave :: Auto saving settings...
[2026-02-11 04:14:23.992 DBG] Users :: Time to save 20.222ms
[2026-02-11 04:14:24.015 DBG] Actions :: Time to save 23.0109ms
[2026-02-11 04:14:24.033 DBG] Commands :: Time to save 17.452ms
[2026-02-11 04:14:24.051 DBG] Twitch Rewards :: Time to save 17.4852ms
[2026-02-11 04:14:24.066 DBG] Midi :: Time to save 15.6461ms
[2026-02-11 04:14:24.082 DBG] OBS Settings :: Time to save 15.3457ms
[2026-02-11 04:14:24.096 DBG] MeldStudio Settings :: Time to save 15.1784ms
[2026-02-11 04:14:24.112 DBG] Credits :: Time to save 15.1021ms
[2026-02-11 04:14:24.130 DBG] Quotes :: Time to save 17.9151ms
[2026-02-11 04:14:24.195 DBG] Config :: Time to save 20.3416ms
[2026-02-11 04:14:44.023 DBG] ViewerRepo :: UpdatePresence(twitch, 5), 0.0304ms
[2026-02-11 04:14:44.120 DBG] TwitchService :: Presence Timer :: Artificially updated presence with a threshold of 5 minutes (97.1259ms)
[2026-02-11 04:15:44.025 DBG] ViewerRepo :: UpdatePresence(twitch, 5), 0.0314ms
[2026-02-11 04:15:44.582 DBG] TwitchService :: Presence Timer :: Artificially updated presence with a threshold of 5 minutes (557.3788ms)
[2026-02-11 04:16:44.026 DBG] ViewerRepo :: UpdatePresence(twitch, 5), 0.0578ms
[2026-02-11 04:16:44.122 DBG] TwitchService :: Presence Timer :: Artificially updated presence with a threshold of 5 minutes (95.728ms)
[2026-02-11 04:17:44.039 DBG] ViewerRepo :: UpdatePresence(twitch, 5), 0.0439ms
[2026-02-11 04:17:44.138 DBG] TwitchService :: Presence Timer :: Artificially updated presence with a threshold of 5 minutes (99.623ms)
[2026-02-11 04:18:27.829 DBG] Credits :: Time to save 19.8618ms
[2026-02-11 04:18:44.053 DBG] ViewerRepo :: UpdatePresence(twitch, 5), 0.0308ms
[2026-02-11 04:18:44.145 DBG] TwitchService :: Presence Timer :: Artificially updated presence with a threshold of 5 minutes (92.3423ms)
[2026-02-11 04:19:24.256 DBG] AutoSave :: Auto saving settings...
[2026-02-11 04:19:24.276 DBG] Users :: Time to save 20.379ms
[2026-02-11 04:19:24.299 DBG] Actions :: Time to save 22.9682ms
[2026-02-11 04:19:24.318 DBG] Commands :: Time to save 17.8261ms
[2026-02-11 04:19:24.335 DBG] Twitch Rewards :: Time to save 17.8494ms
[2026-02-11 04:19:24.351 DBG] Midi :: Time to save 15.4465ms
[2026-02-11 04:19:24.366 DBG] OBS Settings :: Time to save 15.4917ms
[2026-02-11 04:19:24.381 DBG] MeldStudio Settings :: Time to save 15.3634ms
[2026-02-11 04:19:24.394 DBG] Credits :: Time to save 13.1263ms
[2026-02-11 04:19:24.412 DBG] Quotes :: Time to save 17.3458ms
[2026-02-11 04:19:24.481 DBG] Config :: Time to save 23.2068ms
[2026-02-11 04:19:44.069 DBG] ViewerRepo :: UpdatePresence(twitch, 5), 0.0316ms
[2026-02-11 04:19:44.143 DBG] TwitchService :: Presence Timer :: Artificially updated presence with a threshold of 5 minutes (74.7229ms)
[2026-02-11 04:20:44.078 DBG] ViewerRepo :: UpdatePresence(twitch, 5), 0.0307ms
[2026-02-11 04:20:44.130 DBG] TwitchService :: Presence Timer :: Artificially updated presence with a threshold of 5 minutes (53.3055ms)
[2026-02-11 04:21:44.080 DBG] ViewerRepo :: UpdatePresence(twitch, 5), 0.0328ms
[2026-02-11 04:21:44.140 DBG] TwitchService :: Presence Timer :: Artificially updated presence with a threshold of 5 minutes (59.9005ms)
[2026-02-11 04:22:44.093 DBG] ViewerRepo :: UpdatePresence(twitch, 5), 0.0306ms
[2026-02-11 04:22:44.150 DBG] TwitchService :: Presence Timer :: Artificially updated presence with a threshold of 5 minutes (56.6711ms)
[2026-02-11 04:23:27.831 DBG] Credits :: Time to save 18.2232ms
[2026-02-11 04:23:44.103 DBG] ViewerRepo :: UpdatePresence(twitch, 5), 0.0337ms
[2026-02-11 04:23:44.162 DBG] TwitchService :: Presence Timer :: Artificially updated presence with a threshold of 5 minutes (59.183ms)
[2026-02-11 04:24:09.836 DBG] ActionDispatcher :: Queueing 'Sub Goal' (361aa588-5f31-4e19-b8a5-099cae52479d, TimedAction) to 'Default' (00000000-0000-0000-0000-000000000000), with 11 arguments
[2026-02-11 04:24:09.836 DBG] ActionQueue :: 'Default' (00000000-0000-0000-0000-000000000000) :: Enqueue action 361aa588-5f31-4e19-b8a5-099cae52479d
[2026-02-11 04:24:09.836 DBG] ActionQueue :: 'Default' (00000000-0000-0000-0000-000000000000) :: Handling queue
[2026-02-11 04:24:09.836 DBG] ActionQueue :: 'Default' (00000000-0000-0000-0000-000000000000) :: Performing non-blocking 'Sub Goal' (361aa588-5f31-4e19-b8a5-099cae52479d, 440d9275-1411-47f6-806a-2e790d4d70cb)
[2026-02-11 04:24:24.505 DBG] AutoSave :: Auto saving settings...
[2026-02-11 04:24:24.526 DBG] Users :: Time to save 20.7863ms
[2026-02-11 04:24:24.546 DBG] Actions :: Time to save 20.7434ms
[2026-02-11 04:24:24.561 DBG] Commands :: Time to save 14.3263ms
[2026-02-11 04:24:24.574 DBG] Twitch Rewards :: Time to save 13.1184ms
[2026-02-11 04:24:24.585 DBG] Midi :: Time to save 11.2205ms
[2026-02-11 04:24:24.597 DBG] OBS Settings :: Time to save 11.5059ms
[2026-02-11 04:24:24.608 DBG] MeldStudio Settings :: Time to save 11.1634ms
[2026-02-11 04:24:24.619 DBG] Credits :: Time to save 11.0182ms
[2026-02-11 04:24:24.632 DBG] Quotes :: Time to save 12.7257ms
[2026-02-11 04:24:24.728 DBG] Config :: Time to save 20.0599ms
[2026-02-11 04:24:44.115 DBG] ViewerRepo :: UpdatePresence(twitch, 5), 0.0334ms
[2026-02-11 04:24:44.171 DBG] TwitchService :: Presence Timer :: Artificially updated presence with a threshold of 5 minutes (55.5803ms)
[2026-02-11 04:25:44.126 DBG] ViewerRepo :: UpdatePresence(twitch, 5), 0.0297ms
[2026-02-11 04:25:44.181 DBG] TwitchService :: Presence Timer :: Artificially updated presence with a threshold of 5 minutes (55.466ms)
[2026-02-11 04:26:44.127 DBG] ViewerRepo :: UpdatePresence(twitch, 5), 0.0317ms
[2026-02-11 04:26:44.179 DBG] TwitchService :: Presence Timer :: Artificially updated presence with a threshold of 5 minutes (51.4207ms)
[2026-02-11 04:27:44.139 DBG] ViewerRepo :: UpdatePresence(twitch, 5), 0.0319ms
[2026-02-11 04:27:44.190 DBG] TwitchService :: Presence Timer :: Artificially updated presence with a threshold of 5 minutes (52.1893ms)
[2026-02-11 04:28:27.836 DBG] Credits :: Time to save 18.9727ms
[2026-02-11 04:28:44.147 DBG] ViewerRepo :: UpdatePresence(twitch, 5), 0.0305ms
[2026-02-11 04:28:44.201 DBG] TwitchService :: Presence Timer :: Artificially updated presence with a threshold of 5 minutes (53.4612ms)
[2026-02-11 04:29:24.722 DBG] AutoSave :: Auto saving settings...
[2026-02-11 04:29:24.742 DBG] Users :: Time to save 20.9503ms
[2026-02-11 04:29:24.766 DBG] Actions :: Time to save 23.9637ms
[2026-02-11 04:29:24.784 DBG] Commands :: Time to save 17.7548ms
[2026-02-11 04:29:24.803 DBG] Twitch Rewards :: Time to save 18.2936ms
[2026-02-11 04:29:24.818 DBG] Midi :: Time to save 15.1839ms
[2026-02-11 04:29:24.833 DBG] OBS Settings :: Time to save 15.7386ms
[2026-02-11 04:29:24.849 DBG] MeldStudio Settings :: Time to save 15.7284ms
[2026-02-11 04:29:24.866 DBG] Credits :: Time to save 16.421ms
[2026-02-11 04:29:24.884 DBG] Quotes :: Time to save 18.0077ms
[2026-02-11 04:29:24.945 DBG] Config :: Time to save 20.1039ms
[2026-02-11 04:29:44.160 DBG] ViewerRepo :: UpdatePresence(twitch, 5), 0.0306ms
[2026-02-11 04:29:44.222 DBG] TwitchService :: Presence Timer :: Artificially updated presence with a threshold of 5 minutes (62.122ms)
[2026-02-11 04:30:44.165 DBG] ViewerRepo :: UpdatePresence(twitch, 5), 0.0285ms
[2026-02-11 04:30:44.220 DBG] TwitchService :: Presence Timer :: Artificially updated presence with a threshold of 5 minutes (55.0822ms)
[2026-02-11 04:31:44.174 DBG] ViewerRepo :: UpdatePresence(twitch, 5), 0.0316ms
[2026-02-11 04:31:44.228 DBG] TwitchService :: Presence Timer :: Artificially updated presence with a threshold of 5 minutes (54.8838ms)
[2026-02-11 04:32:44.186 DBG] ViewerRepo :: UpdatePresence(twitch, 5), 0.0309ms
[2026-02-11 04:32:44.244 DBG] TwitchService :: Presence Timer :: Artificially updated presence with a threshold of 5 minutes (58.2067ms)
[2026-02-11 04:33:27.842 DBG] Credits :: Time to save 17.6328ms
[2026-02-11 04:33:44.189 DBG] ViewerRepo :: UpdatePresence(twitch, 5), 0.0313ms
[2026-02-11 04:33:44.244 DBG] TwitchService :: Presence Timer :: Artificially updated presence with a threshold of 5 minutes (54.9187ms)
[2026-02-11 04:34:10.802 DBG] ActionDispatcher :: Queueing 'Sub Goal' (361aa588-5f31-4e19-b8a5-099cae52479d, TimedAction) to 'Default' (00000000-0000-0000-0000-000000000000), with 11 arguments
[2026-02-11 04:34:10.802 DBG] ActionQueue :: 'Default' (00000000-0000-0000-0000-000000000000) :: Enqueue action 361aa588-5f31-4e19-b8a5-099cae52479d
[2026-02-11 04:34:10.802 DBG] ActionQueue :: 'Default' (00000000-0000-0000-0000-000000000000) :: Handling queue
[2026-02-11 04:34:10.802 DBG] ActionQueue :: 'Default' (00000000-0000-0000-0000-000000000000) :: Performing non-blocking 'Sub Goal' (361aa588-5f31-4e19-b8a5-099cae52479d, eff213ce-6fa7-4e18-a22a-dbc9a551adfe)
[2026-02-11 04:34:24.974 DBG] AutoSave :: Auto saving settings...
[2026-02-11 04:34:24.990 DBG] Users :: Time to save 17.038ms
[2026-02-11 04:34:25.015 DBG] Actions :: Time to save 24.6635ms
[2026-02-11 04:34:25.033 DBG] Commands :: Time to save 17.5527ms
[2026-02-11 04:34:25.051 DBG] Twitch Rewards :: Time to save 17.3846ms
[2026-02-11 04:34:25.066 DBG] Midi :: Time to save 15.3502ms
[2026-02-11 04:34:25.080 DBG] OBS Settings :: Time to save 15.1797ms
[2026-02-11 04:34:25.096 DBG] MeldStudio Settings :: Time to save 15.5941ms
[2026-02-11 04:34:25.109 DBG] Credits :: Time to save 12.8904ms
[2026-02-11 04:34:25.126 DBG] Quotes :: Time to save 17.0405ms
[2026-02-11 04:34:25.196 DBG] Config :: Time to save 19.5612ms
[2026-02-11 04:34:44.192 DBG] ViewerRepo :: UpdatePresence(twitch, 5), 0.0328ms
[2026-02-11 04:34:44.250 DBG] TwitchService :: Presence Timer :: Artificially updated presence with a threshold of 5 minutes (58.3941ms)
[2026-02-11 04:35:44.208 DBG] ViewerRepo :: UpdatePresence(twitch, 5), 0.033ms
[2026-02-11 04:35:44.268 DBG] TwitchService :: Presence Timer :: Artificially updated presence with a threshold of 5 minutes (60.0265ms)
[2026-02-11 04:36:44.212 DBG] ViewerRepo :: UpdatePresence(twitch, 5), 0.0307ms
[2026-02-11 04:36:44.263 DBG] TwitchService :: Presence Timer :: Artificially updated presence with a threshold of 5 minutes (51.7605ms)
[2026-02-11 04:37:44.216 DBG] ViewerRepo :: UpdatePresence(twitch, 5), 0.0302ms
[2026-02-11 04:37:44.273 DBG] TwitchService :: Presence Timer :: Artificially updated presence with a threshold of 5 minutes (57.0201ms)
[2026-02-11 04:38:27.854 DBG] Credits :: Time to save 19.1405ms
[2026-02-11 04:38:44.231 DBG] ViewerRepo :: UpdatePresence(twitch, 5), 0.032ms
[2026-02-11 04:38:44.283 DBG] TwitchService :: Presence Timer :: Artificially updated presence with a threshold of 5 minutes (52.0941ms)
[2026-02-11 04:39:25.204 DBG] AutoSave :: Auto saving settings...
[2026-02-11 04:39:25.219 DBG] Users :: Time to save 16.0054ms
[2026-02-11 04:39:25.246 DBG] Actions :: Time to save 26.0435ms
[2026-02-11 04:39:25.266 DBG] Commands :: Time to save 19.6851ms
[2026-02-11 04:39:25.284 DBG] Twitch Rewards :: Time to save 17.9811ms
[2026-02-11 04:39:25.296 DBG] Midi :: Time to save 11.8495ms
[2026-02-11 04:39:25.312 DBG] OBS Settings :: Time to save 16.0594ms
[2026-02-11 04:39:25.327 DBG] MeldStudio Settings :: Time to save 15.6313ms
[2026-02-11 04:39:25.342 DBG] Credits :: Time to save 15.1533ms
[2026-02-11 04:39:25.359 DBG] Quotes :: Time to save 17.0566ms
[2026-02-11 04:39:25.427 DBG] Config :: Time to save 19.9623ms
[2026-02-11 04:39:44.239 DBG] ViewerRepo :: UpdatePresence(twitch, 5), 0.0294ms
[2026-02-11 04:39:44.290 DBG] TwitchService :: Presence Timer :: Artificially updated presence with a threshold of 5 minutes (51.6153ms)
[2026-02-11 04:40:44.252 DBG] ViewerRepo :: UpdatePresence(twitch, 5), 0.033ms
[2026-02-11 04:40:44.307 DBG] TwitchService :: Presence Timer :: Artificially updated presence with a threshold of 5 minutes (55.4272ms)
[2026-02-11 04:41:44.263 DBG] ViewerRepo :: UpdatePresence(twitch, 5), 0.0329ms
[2026-02-11 04:41:44.320 DBG] TwitchService :: Presence Timer :: Artificially updated presence with a threshold of 5 minutes (58.6101ms)
[2026-02-11 04:42:44.277 DBG] ViewerRepo :: UpdatePresence(twitch, 5), 0.0308ms
[2026-02-11 04:42:44.334 DBG] TwitchService :: Presence Timer :: Artificially updated presence with a threshold of 5 minutes (56.2887ms)
[2026-02-11 04:43:27.860 DBG] Credits :: Time to save 18.2664ms
[2026-02-11 04:43:44.290 DBG] ViewerRepo :: UpdatePresence(twitch, 5), 0.0308ms
[2026-02-11 04:43:44.344 DBG] TwitchService :: Presence Timer :: Artificially updated presence with a threshold of 5 minutes (54.142ms)
[2026-02-11 04:44:10.958 DBG] ActionDispatcher :: Queueing 'Sub Goal' (361aa588-5f31-4e19-b8a5-099cae52479d, TimedAction) to 'Default' (00000000-0000-0000-0000-000000000000), with 11 arguments
[2026-02-11 04:44:10.958 DBG] ActionQueue :: 'Default' (00000000-0000-0000-0000-000000000000) :: Enqueue action 361aa588-5f31-4e19-b8a5-099cae52479d
[2026-02-11 04:44:10.958 DBG] ActionQueue :: 'Default' (00000000-0000-0000-0000-000000000000) :: Handling queue
[2026-02-11 04:44:10.958 DBG] ActionQueue :: 'Default' (00000000-0000-0000-0000-000000000000) :: Performing non-blocking 'Sub Goal' (361aa588-5f31-4e19-b8a5-099cae52479d, ca00dd70-c533-4576-99de-f2d9f5e06bbb)
[2026-02-11 04:44:25.461 DBG] AutoSave :: Auto saving settings...
[2026-02-11 04:44:25.483 DBG] Users :: Time to save 21.6746ms
[2026-02-11 04:44:25.506 DBG] Actions :: Time to save 23.497ms
[2026-02-11 04:44:25.525 DBG] Commands :: Time to save 18.2172ms
[2026-02-11 04:44:25.542 DBG] Twitch Rewards :: Time to save 17.1802ms
[2026-02-11 04:44:25.558 DBG] Midi :: Time to save 16.3954ms
[2026-02-11 04:44:25.574 DBG] OBS Settings :: Time to save 15.6834ms
[2026-02-11 04:44:25.589 DBG] MeldStudio Settings :: Time to save 15.3524ms
[2026-02-11 04:44:25.606 DBG] Credits :: Time to save 16.5103ms
[2026-02-11 04:44:25.624 DBG] Quotes :: Time to save 17.3948ms
[2026-02-11 04:44:25.683 DBG] Config :: Time to save 19.2483ms
[2026-02-11 04:44:44.294 DBG] ViewerRepo :: UpdatePresence(twitch, 5), 0.0329ms
[2026-02-11 04:44:44.350 DBG] TwitchService :: Presence Timer :: Artificially updated presence with a threshold of 5 minutes (57.0284ms)
[2026-02-11 04:45:44.295 DBG] ViewerRepo :: UpdatePresence(twitch, 5), 0.031ms
[2026-02-11 04:45:44.353 DBG] TwitchService :: Presence Timer :: Artificially updated presence with a threshold of 5 minutes (57.9257ms)
[2026-02-11 04:46:44.309 DBG] ViewerRepo :: UpdatePresence(twitch, 5), 0.0309ms
[2026-02-11 04:46:44.367 DBG] TwitchService :: Presence Timer :: Artificially updated presence with a threshold of 5 minutes (58.6062ms)
[2026-02-11 04:47:44.314 DBG] ViewerRepo :: UpdatePresence(twitch, 5), 0.0439ms
[2026-02-11 04:47:44.371 DBG] TwitchService :: Presence Timer :: Artificially updated presence with a threshold of 5 minutes (57.4169ms)
[2026-02-11 04:48:27.879 DBG] Credits :: Time to save 21.3333ms
[2026-02-11 04:48:44.326 DBG] ViewerRepo :: UpdatePresence(twitch, 5), 0.0308ms
[2026-02-11 04:48:44.383 DBG] TwitchService :: Presence Timer :: Artificially updated presence with a threshold of 5 minutes (56.1986ms)
[2026-02-11 04:49:25.712 DBG] AutoSave :: Auto saving settings...
[2026-02-11 04:49:25.734 DBG] Users :: Time to save 21.9714ms
[2026-02-11 04:49:25.758 DBG] Actions :: Time to save 24.1548ms
[2026-02-11 04:49:25.777 DBG] Commands :: Time to save 18.6185ms
[2026-02-11 04:49:25.795 DBG] Twitch Rewards :: Time to save 18.1664ms
[2026-02-11 04:49:25.807 DBG] Midi :: Time to save 11.8798ms
[2026-02-11 04:49:25.823 DBG] OBS Settings :: Time to save 15.675ms
[2026-02-11 04:49:25.836 DBG] MeldStudio Settings :: Time to save 13.4471ms
[2026-02-11 04:49:25.851 DBG] Credits :: Time to save 15.026ms
[2026-02-11 04:49:25.869 DBG] Quotes :: Time to save 17.4132ms
[2026-02-11 04:49:25.935 DBG] Config :: Time to save 19.8853ms
[2026-02-11 04:49:44.334 DBG] ViewerRepo :: UpdatePresence(twitch, 5), 0.0296ms
[2026-02-11 04:49:44.390 DBG] TwitchService :: Presence Timer :: Artificially updated presence with a threshold of 5 minutes (56.9824ms)
[2026-02-11 04:50:44.350 DBG] ViewerRepo :: UpdatePresence(twitch, 5), 0.0317ms
[2026-02-11 04:50:44.404 DBG] TwitchService :: Presence Timer :: Artificially updated presence with a threshold of 5 minutes (53.5953ms)
[2026-02-11 04:51:44.360 DBG] ViewerRepo :: UpdatePresence(twitch, 5), 0.03ms
[2026-02-11 04:51:44.414 DBG] TwitchService :: Presence Timer :: Artificially updated presence with a threshold of 5 minutes (53.8797ms)
[2026-02-11 04:52:44.365 DBG] ViewerRepo :: UpdatePresence(twitch, 5), 0.031ms
[2026-02-11 04:52:44.419 DBG] TwitchService :: Presence Timer :: Artificially updated presence with a threshold of 5 minutes (55.004ms)
[2026-02-11 04:53:27.882 DBG] Credits :: Time to save 18.1047ms
[2026-02-11 04:53:44.379 DBG] ViewerRepo :: UpdatePresence(twitch, 5), 0.0299ms
[2026-02-11 04:53:44.434 DBG] TwitchService :: Presence Timer :: Artificially updated presence with a threshold of 5 minutes (55.3886ms)
[2026-02-11 04:54:11.142 DBG] ActionDispatcher :: Queueing 'Sub Goal' (361aa588-5f31-4e19-b8a5-099cae52479d, TimedAction) to 'Default' (00000000-0000-0000-0000-000000000000), with 11 arguments
[2026-02-11 04:54:11.142 DBG] ActionQueue :: 'Default' (00000000-0000-0000-0000-000000000000) :: Enqueue action 361aa588-5f31-4e19-b8a5-099cae52479d
[2026-02-11 04:54:11.142 DBG] ActionQueue :: 'Default' (00000000-0000-0000-0000-000000000000) :: Handling queue
[2026-02-11 04:54:11.142 DBG] ActionQueue :: 'Default' (00000000-0000-0000-0000-000000000000) :: Performing non-blocking 'Sub Goal' (361aa588-5f31-4e19-b8a5-099cae52479d, 133797fd-6769-4612-91a7-a983e9c748b7)
[2026-02-11 04:54:25.944 DBG] AutoSave :: Auto saving settings...
[2026-02-11 04:54:25.964 DBG] Users :: Time to save 20.6576ms
[2026-02-11 04:54:25.987 DBG] Actions :: Time to save 23.6949ms
[2026-02-11 04:54:26.005 DBG] Commands :: Time to save 17.2192ms
[2026-02-11 04:54:26.023 DBG] Twitch Rewards :: Time to save 17.648ms
[2026-02-11 04:54:26.038 DBG] Midi :: Time to save 15.757ms
[2026-02-11 04:54:26.055 DBG] OBS Settings :: Time to save 16.4572ms
[2026-02-11 04:54:26.070 DBG] MeldStudio Settings :: Time to save 14.8636ms
[2026-02-11 04:54:26.086 DBG] Credits :: Time to save 15.7241ms
[2026-02-11 04:54:26.103 DBG] Quotes :: Time to save 17.2297ms
[2026-02-11 04:54:26.167 DBG] Config :: Time to save 20.2849ms
[2026-02-11 04:54:44.393 DBG] ViewerRepo :: UpdatePresence(twitch, 5), 0.0357ms
[2026-02-11 04:54:44.448 DBG] TwitchService :: Presence Timer :: Artificially updated presence with a threshold of 5 minutes (56.0987ms)
[2026-02-11 04:55:44.397 DBG] ViewerRepo :: UpdatePresence(twitch, 5), 0.0448ms
[2026-02-11 04:55:44.450 DBG] TwitchService :: Presence Timer :: Artificially updated presence with a threshold of 5 minutes (52.5721ms)
[2026-02-11 04:56:44.413 DBG] ViewerRepo :: UpdatePresence(twitch, 5), 0.0304ms
[2026-02-11 04:56:44.467 DBG] TwitchService :: Presence Timer :: Artificially updated presence with a threshold of 5 minutes (55.093ms)
[2026-02-11 04:57:44.422 DBG] ViewerRepo :: UpdatePresence(twitch, 5), 0.0341ms
[2026-02-11 04:57:44.477 DBG] TwitchService :: Presence Timer :: Artificially updated presence with a threshold of 5 minutes (55.5383ms)
[2026-02-11 04:58:27.889 DBG] Credits :: Time to save 19.7556ms
[2026-02-11 04:58:44.430 DBG] ViewerRepo :: UpdatePresence(twitch, 5), 0.031ms
[2026-02-11 04:58:44.489 DBG] TwitchService :: Presence Timer :: Artificially updated presence with a threshold of 5 minutes (59.1443ms)
[2026-02-11 04:59:26.227 DBG] AutoSave :: Auto saving settings...
[2026-02-11 04:59:26.248 DBG] Users :: Time to save 21.0337ms
[2026-02-11 04:59:26.269 DBG] Actions :: Time to save 20.935ms
[2026-02-11 04:59:26.283 DBG] Commands :: Time to save 13.6697ms
[2026-02-11 04:59:26.301 DBG] Twitch Rewards :: Time to save 18.7823ms
[2026-02-11 04:59:26.317 DBG] Midi :: Time to save 15.6981ms
[2026-02-11 04:59:26.335 DBG] OBS Settings :: Time to save 17.8993ms
[2026-02-11 04:59:26.354 DBG] MeldStudio Settings :: Time to save 18.3257ms
[2026-02-11 04:59:26.371 DBG] Credits :: Time to save 17.833ms
[2026-02-11 04:59:26.391 DBG] Quotes :: Time to save 19.8838ms
[2026-02-11 04:59:26.450 DBG] Config :: Time to save 20.1218ms
[2026-02-11 04:59:44.434 DBG] ViewerRepo :: UpdatePresence(twitch, 5), 0.031ms
[2026-02-11 04:59:44.488 DBG] TwitchService :: Presence Timer :: Artificially updated presence with a threshold of 5 minutes (54.1944ms)
[2026-02-11 05:00:44.443 DBG] ViewerRepo :: UpdatePresence(twitch, 5), 0.0315ms
[2026-02-11 05:00:44.501 DBG] TwitchService :: Presence Timer :: Artificially updated presence with a threshold of 5 minutes (59.0293ms)
[2026-02-11 05:01:44.470 DBG] ViewerRepo :: UpdatePresence(twitch, 5), 0.0322ms
[2026-02-11 05:01:44.525 DBG] TwitchService :: Presence Timer :: Artificially updated presence with a threshold of 5 minutes (56.5959ms)
[2026-02-11 05:02:44.477 DBG] ViewerRepo :: UpdatePresence(twitch, 5), 0.0389ms
[2026-02-11 05:02:44.529 DBG] TwitchService :: Presence Timer :: Artificially updated presence with a threshold of 5 minutes (52.7699ms)
[2026-02-11 05:03:27.890 DBG] Credits :: Time to save 18.8513ms
[2026-02-11 05:03:44.489 DBG] ViewerRepo :: UpdatePresence(twitch, 5), 0.0351ms
[2026-02-11 05:03:44.545 DBG] TwitchService :: Presence Timer :: Artificially updated presence with a threshold of 5 minutes (55.6198ms)
[2026-02-11 05:04:11.243 DBG] ActionDispatcher :: Queueing 'Sub Goal' (361aa588-5f31-4e19-b8a5-099cae52479d, TimedAction) to 'Default' (00000000-0000-0000-0000-000000000000), with 11 arguments
[2026-02-11 05:04:11.243 DBG] ActionQueue :: 'Default' (00000000-0000-0000-0000-000000000000) :: Enqueue action 361aa588-5f31-4e19-b8a5-099cae52479d
[2026-02-11 05:04:11.243 DBG] ActionQueue :: 'Default' (00000000-0000-0000-0000-000000000000) :: Handling queue
[2026-02-11 05:04:11.243 DBG] ActionQueue :: 'Default' (00000000-0000-0000-0000-000000000000) :: Performing non-blocking 'Sub Goal' (361aa588-5f31-4e19-b8a5-099cae52479d, 0f899075-32e0-4730-a757-ab306ec4b670)
[2026-02-11 05:04:26.472 DBG] AutoSave :: Auto saving settings...
[2026-02-11 05:04:26.492 DBG] Users :: Time to save 20.7225ms
[2026-02-11 05:04:26.517 DBG] Actions :: Time to save 24.3778ms
[2026-02-11 05:04:26.534 DBG] Commands :: Time to save 18.178ms
[2026-02-11 05:04:26.553 DBG] Twitch Rewards :: Time to save 18.4113ms
[2026-02-11 05:04:26.569 DBG] Midi :: Time to save 15.5725ms
[2026-02-11 05:04:26.584 DBG] OBS Settings :: Time to save 15.25ms
[2026-02-11 05:04:26.600 DBG] MeldStudio Settings :: Time to save 15.9072ms
[2026-02-11 05:04:26.616 DBG] Credits :: Time to save 15.3752ms
[2026-02-11 05:04:26.632 DBG] Quotes :: Time to save 16.9448ms
[2026-02-11 05:04:26.694 DBG] Config :: Time to save 19.0947ms
[2026-02-11 05:04:44.491 DBG] ViewerRepo :: UpdatePresence(twitch, 5), 0.0356ms
[2026-02-11 05:04:44.543 DBG] TwitchService :: Presence Timer :: Artificially updated presence with a threshold of 5 minutes (53.0001ms)
[2026-02-11 05:05:44.507 DBG] ViewerRepo :: UpdatePresence(twitch, 5), 0.0339ms
[2026-02-11 05:05:44.565 DBG] TwitchService :: Presence Timer :: Artificially updated presence with a threshold of 5 minutes (58.7882ms)
[2026-02-11 05:06:44.518 DBG] ViewerRepo :: UpdatePresence(twitch, 5), 0.0356ms
[2026-02-11 05:06:44.580 DBG] TwitchService :: Presence Timer :: Artificially updated presence with a threshold of 5 minutes (61.8256ms)
[2026-02-11 05:07:44.518 DBG] ViewerRepo :: UpdatePresence(twitch, 5), 0.04ms
[2026-02-11 05:07:44.572 DBG] TwitchService :: Presence Timer :: Artificially updated presence with a threshold of 5 minutes (54.1729ms)
[2026-02-11 05:08:27.893 DBG] Credits :: Time to save 20.0279ms
[2026-02-11 05:08:44.527 DBG] ViewerRepo :: UpdatePresence(twitch, 5), 0.0316ms
[2026-02-11 05:08:44.585 DBG] TwitchService :: Presence Timer :: Artificially updated presence with a threshold of 5 minutes (58.1576ms)
[2026-02-11 05:09:26.733 DBG] AutoSave :: Auto saving settings...
[2026-02-11 05:09:26.753 DBG] Users :: Time to save 20.6864ms
[2026-02-11 05:09:26.778 DBG] Actions :: Time to save 24.4595ms
[2026-02-11 05:09:26.795 DBG] Commands :: Time to save 17.444ms
[2026-02-11 05:09:26.813 DBG] Twitch Rewards :: Time to save 18.2354ms
[2026-02-11 05:09:26.829 DBG] Midi :: Time to save 15.5648ms
[2026-02-11 05:09:26.846 DBG] OBS Settings :: Time to save 15.7837ms
[2026-02-11 05:09:26.862 DBG] MeldStudio Settings :: Time to save 17.0765ms
[2026-02-11 05:09:26.878 DBG] Credits :: Time to save 15.5737ms
[2026-02-11 05:09:26.895 DBG] Quotes :: Time to save 17.5381ms
[2026-02-11 05:09:26.957 DBG] Config :: Time to save 20.0753ms
[2026-02-11 05:09:44.534 DBG] ViewerRepo :: UpdatePresence(twitch, 5), 0.0309ms
[2026-02-11 05:09:44.587 DBG] TwitchService :: Presence Timer :: Artificially updated presence with a threshold of 5 minutes (53.4487ms)
[2026-02-11 05:10:44.541 DBG] ViewerRepo :: UpdatePresence(twitch, 5), 0.0306ms
[2026-02-11 05:10:44.598 DBG] TwitchService :: Presence Timer :: Artificially updated presence with a threshold of 5 minutes (56.734ms)
[2026-02-11 05:11:44.548 DBG] ViewerRepo :: UpdatePresence(twitch, 5), 0.0327ms
[2026-02-11 05:11:44.604 DBG] TwitchService :: Presence Timer :: Artificially updated presence with a threshold of 5 minutes (55.8846ms)
[2026-02-11 05:12:44.553 DBG] ViewerRepo :: UpdatePresence(twitch, 5), 0.0324ms
[2026-02-11 05:12:44.605 DBG] TwitchService :: Presence Timer :: Artificially updated presence with a threshold of 5 minutes (52.4848ms)
[2026-02-11 05:13:27.899 DBG] Credits :: Time to save 17.7015ms
[2026-02-11 05:13:44.567 DBG] ViewerRepo :: UpdatePresence(twitch, 5), 0.0313ms
[2026-02-11 05:13:44.621 DBG] TwitchService :: Presence Timer :: Artificially updated presence with a threshold of 5 minutes (54.758ms)
[2026-02-11 05:14:11.503 DBG] ActionDispatcher :: Queueing 'Sub Goal' (361aa588-5f31-4e19-b8a5-099cae52479d, TimedAction) to 'Default' (00000000-0000-0000-0000-000000000000), with 11 arguments
[2026-02-11 05:14:11.503 DBG] ActionQueue :: 'Default' (00000000-0000-0000-0000-000000000000) :: Enqueue action 361aa588-5f31-4e19-b8a5-099cae52479d
[2026-02-11 05:14:11.503 DBG] ActionQueue :: 'Default' (00000000-0000-0000-0000-000000000000) :: Handling queue
[2026-02-11 05:14:11.503 DBG] ActionQueue :: 'Default' (00000000-0000-0000-0000-000000000000) :: Performing non-blocking 'Sub Goal' (361aa588-5f31-4e19-b8a5-099cae52479d, 6521f184-1418-4fd8-ae4c-1464d25e3d63)
[2026-02-11 05:14:26.984 DBG] AutoSave :: Auto saving settings...
[2026-02-11 05:14:27.004 DBG] Users :: Time to save 20.9258ms
[2026-02-11 05:14:27.027 DBG] Actions :: Time to save 23.5147ms
[2026-02-11 05:14:27.047 DBG] Commands :: Time to save 18.4219ms
[2026-02-11 05:14:27.064 DBG] Twitch Rewards :: Time to save 18.0807ms
[2026-02-11 05:14:27.080 DBG] Midi :: Time to save 15.3296ms
[2026-02-11 05:14:27.097 DBG] OBS Settings :: Time to save 16.4058ms
[2026-02-11 05:14:27.112 DBG] MeldStudio Settings :: Time to save 15.5704ms
[2026-02-11 05:14:27.128 DBG] Credits :: Time to save 15.8919ms
[2026-02-11 05:14:27.145 DBG] Quotes :: Time to save 17.4011ms
[2026-02-11 05:14:27.205 DBG] Config :: Time to save 19.2576ms
[2026-02-11 05:14:44.581 DBG] ViewerRepo :: UpdatePresence(twitch, 5), 0.0309ms
[2026-02-11 05:14:44.638 DBG] TwitchService :: Presence Timer :: Artificially updated presence with a threshold of 5 minutes (57.2673ms)
[2026-02-11 05:15:44.585 DBG] ViewerRepo :: UpdatePresence(twitch, 5), 0.0309ms
[2026-02-11 05:15:45.150 DBG] TwitchService :: Presence Timer :: Artificially updated presence with a threshold of 5 minutes (565.5895ms)
[2026-02-11 05:16:44.589 DBG] ViewerRepo :: UpdatePresence(twitch, 5), 0.0305ms
[2026-02-11 05:16:44.648 DBG] TwitchService :: Presence Timer :: Artificially updated presence with a threshold of 5 minutes (58.7021ms)
[2026-02-11 05:17:44.592 DBG] ViewerRepo :: UpdatePresence(twitch, 5), 0.0356ms
[2026-02-11 05:17:44.651 DBG] TwitchService :: Presence Timer :: Artificially updated presence with a threshold of 5 minutes (59.0923ms)
[2026-02-11 05:18:27.904 DBG] Credits :: Time to save 19.3164ms
[2026-02-11 05:18:44.604 DBG] ViewerRepo :: UpdatePresence(twitch, 5), 0.0298ms
[2026-02-11 05:18:44.659 DBG] TwitchService :: Presence Timer :: Artificially updated presence with a threshold of 5 minutes (54.9013ms)
[2026-02-11 05:19:27.232 DBG] AutoSave :: Auto saving settings...
[2026-02-11 05:19:27.252 DBG] Users :: Time to save 20.7432ms
[2026-02-11 05:19:27.277 DBG] Actions :: Time to save 24.9613ms
[2026-02-11 05:19:27.297 DBG] Commands :: Time to save 18.3877ms
[2026-02-11 05:19:27.314 DBG] Twitch Rewards :: Time to save 18.1734ms
[2026-02-11 05:19:27.330 DBG] Midi :: Time to save 15.309ms
[2026-02-11 05:19:27.343 DBG] OBS Settings :: Time to save 13.4791ms
[2026-02-11 05:19:27.361 DBG] MeldStudio Settings :: Time to save 17.2238ms
[2026-02-11 05:19:27.375 DBG] Credits :: Time to save 15.3116ms
[2026-02-11 05:19:27.390 DBG] Quotes :: Time to save 14.4449ms
[2026-02-11 05:19:27.454 DBG] Config :: Time to save 20.1387ms
[2026-02-11 05:19:44.611 DBG] ViewerRepo :: UpdatePresence(twitch, 5), 0.0315ms
[2026-02-11 05:19:44.681 DBG] TwitchService :: Presence Timer :: Artificially updated presence with a threshold of 5 minutes (70.1532ms)
[2026-02-11 05:20:44.617 DBG] ViewerRepo :: UpdatePresence(twitch, 5), 0.0303ms
[2026-02-11 05:20:44.675 DBG] TwitchService :: Presence Timer :: Artificially updated presence with a threshold of 5 minutes (58.5317ms)
[2026-02-11 05:21:44.622 DBG] ViewerRepo :: UpdatePresence(twitch, 5), 0.031ms
[2026-02-11 05:21:44.680 DBG] TwitchService :: Presence Timer :: Artificially updated presence with a threshold of 5 minutes (58.6537ms)
[2026-02-11 05:22:44.625 DBG] ViewerRepo :: UpdatePresence(twitch, 5), 0.0302ms
[2026-02-11 05:22:44.684 DBG] TwitchService :: Presence Timer :: Artificially updated presence with a threshold of 5 minutes (59.2284ms)
[2026-02-11 05:23:27.908 DBG] Credits :: Time to save 17.9596ms
[2026-02-11 05:23:44.640 DBG] ViewerRepo :: UpdatePresence(twitch, 5), 0.0348ms
[2026-02-11 05:23:44.694 DBG] TwitchService :: Presence Timer :: Artificially updated presence with a threshold of 5 minutes (55.0575ms)
[2026-02-11 05:24:11.855 DBG] ActionDispatcher :: Queueing 'Sub Goal' (361aa588-5f31-4e19-b8a5-099cae52479d, TimedAction) to 'Default' (00000000-0000-0000-0000-000000000000), with 11 arguments
[2026-02-11 05:24:11.855 DBG] ActionQueue :: 'Default' (00000000-0000-0000-0000-000000000000) :: Enqueue action 361aa588-5f31-4e19-b8a5-099cae52479d
[2026-02-11 05:24:11.855 DBG] ActionQueue :: 'Default' (00000000-0000-0000-0000-000000000000) :: Handling queue
[2026-02-11 05:24:11.855 DBG] ActionQueue :: 'Default' (00000000-0000-0000-0000-000000000000) :: Performing non-blocking 'Sub Goal' (361aa588-5f31-4e19-b8a5-099cae52479d, aa1f93c0-e542-4473-b4c1-d3dca7bb6b34)
[2026-02-11 05:24:27.457 DBG] AutoSave :: Auto saving settings...
[2026-02-11 05:24:27.477 DBG] Users :: Time to save 20.6468ms
[2026-02-11 05:24:27.501 DBG] Actions :: Time to save 23.9572ms
[2026-02-11 05:24:27.519 DBG] Commands :: Time to save 17.6664ms
[2026-02-11 05:24:27.535 DBG] Twitch Rewards :: Time to save 17.2187ms
[2026-02-11 05:24:27.552 DBG] Midi :: Time to save 15.6695ms
[2026-02-11 05:24:27.567 DBG] OBS Settings :: Time to save 15.7818ms
[2026-02-11 05:24:27.579 DBG] MeldStudio Settings :: Time to save 12.575ms
[2026-02-11 05:24:27.595 DBG] Credits :: Time to save 14.9768ms
[2026-02-11 05:24:27.613 DBG] Quotes :: Time to save 17.4024ms
[2026-02-11 05:24:27.679 DBG] Config :: Time to save 19.5541ms
[2026-02-11 05:24:44.653 DBG] ViewerRepo :: UpdatePresence(twitch, 5), 0.0302ms
[2026-02-11 05:24:44.707 DBG] TwitchService :: Presence Timer :: Artificially updated presence with a threshold of 5 minutes (53.9024ms)
[2026-02-11 05:25:44.667 DBG] ViewerRepo :: UpdatePresence(twitch, 5), 0.0468ms
[2026-02-11 05:25:44.722 DBG] TwitchService :: Presence Timer :: Artificially updated presence with a threshold of 5 minutes (54.639ms)
[2026-02-11 05:26:44.676 DBG] ViewerRepo :: UpdatePresence(twitch, 5), 0.0319ms
[2026-02-11 05:26:44.729 DBG] TwitchService :: Presence Timer :: Artificially updated presence with a threshold of 5 minutes (55.1671ms)
[2026-02-11 05:27:44.678 DBG] ViewerRepo :: UpdatePresence(twitch, 5), 0.0337ms
[2026-02-11 05:27:44.731 DBG] TwitchService :: Presence Timer :: Artificially updated presence with a threshold of 5 minutes (52.9785ms)
[2026-02-11 05:28:27.913 DBG] Credits :: Time to save 19.2582ms
[2026-02-11 05:28:44.680 DBG] ViewerRepo :: UpdatePresence(twitch, 5), 0.0302ms
[2026-02-11 05:28:44.735 DBG] TwitchService :: Presence Timer :: Artificially updated presence with a threshold of 5 minutes (55.8254ms)
[2026-02-11 05:29:27.722 DBG] AutoSave :: Auto saving settings...
[2026-02-11 05:29:27.744 DBG] Users :: Time to save 22.0263ms
[2026-02-11 05:29:27.768 DBG] Actions :: Time to save 24.1694ms
[2026-02-11 05:29:27.788 DBG] Commands :: Time to save 19.2247ms
[2026-02-11 05:29:27.806 DBG] Twitch Rewards :: Time to save 18.4616ms
[2026-02-11 05:29:27.822 DBG] Midi :: Time to save 16.4001ms
[2026-02-11 05:29:27.838 DBG] OBS Settings :: Time to save 15.7481ms
[2026-02-11 05:29:27.853 DBG] MeldStudio Settings :: Time to save 15.0691ms
[2026-02-11 05:29:27.869 DBG] Credits :: Time to save 15.2774ms
[2026-02-11 05:29:27.887 DBG] Quotes :: Time to save 18.2846ms
[2026-02-11 05:29:27.945 DBG] Config :: Time to save 19.9932ms
[2026-02-11 05:29:44.688 DBG] ViewerRepo :: UpdatePresence(twitch, 5), 0.0301ms
[2026-02-11 05:29:44.744 DBG] TwitchService :: Presence Timer :: Artificially updated presence with a threshold of 5 minutes (55.7023ms)
[2026-02-11 05:30:44.703 DBG] ViewerRepo :: UpdatePresence(twitch, 5), 0.031ms
[2026-02-11 05:30:44.759 DBG] TwitchService :: Presence Timer :: Artificially updated presence with a threshold of 5 minutes (56.1618ms)
[2026-02-11 05:31:44.707 DBG] ViewerRepo :: UpdatePresence(twitch, 5), 0.0325ms
[2026-02-11 05:31:44.760 DBG] TwitchService :: Presence Timer :: Artificially updated presence with a threshold of 5 minutes (52.4718ms)
[2026-02-11 05:32:44.723 DBG] ViewerRepo :: UpdatePresence(twitch, 5), 0.0298ms
[2026-02-11 05:32:44.778 DBG] TwitchService :: Presence Timer :: Artificially updated presence with a threshold of 5 minutes (55.9005ms)
[2026-02-11 05:33:27.921 DBG] Credits :: Time to save 17.5254ms
[2026-02-11 05:33:44.725 DBG] ViewerRepo :: UpdatePresence(twitch, 5), 0.0314ms
[2026-02-11 05:33:44.789 DBG] TwitchService :: Presence Timer :: Artificially updated presence with a threshold of 5 minutes (64.3226ms)
[2026-02-11 05:34:12.554 DBG] ActionDispatcher :: Queueing 'Sub Goal' (361aa588-5f31-4e19-b8a5-099cae52479d, TimedAction) to 'Default' (00000000-0000-0000-0000-000000000000), with 11 arguments
[2026-02-11 05:34:12.554 DBG] ActionQueue :: 'Default' (00000000-0000-0000-0000-000000000000) :: Enqueue action 361aa588-5f31-4e19-b8a5-099cae52479d
[2026-02-11 05:34:12.554 DBG] ActionQueue :: 'Default' (00000000-0000-0000-0000-000000000000) :: Handling queue
[2026-02-11 05:34:12.554 DBG] ActionQueue :: 'Default' (00000000-0000-0000-0000-000000000000) :: Performing non-blocking 'Sub Goal' (361aa588-5f31-4e19-b8a5-099cae52479d, 0cace822-426e-4309-99a0-47a9ab7a3b84)
[2026-02-11 05:34:27.977 DBG] AutoSave :: Auto saving settings...
[2026-02-11 05:34:27.998 DBG] Users :: Time to save 20.1562ms
[2026-02-11 05:34:28.021 DBG] Actions :: Time to save 22.9474ms
[2026-02-11 05:34:28.038 DBG] Commands :: Time to save 17.8825ms
[2026-02-11 05:34:28.055 DBG] Twitch Rewards :: Time to save 17.0126ms
[2026-02-11 05:34:28.071 DBG] Midi :: Time to save 15.34ms
[2026-02-11 05:34:28.084 DBG] OBS Settings :: Time to save 12.943ms
[2026-02-11 05:34:28.099 DBG] MeldStudio Settings :: Time to save 14.8584ms
[2026-02-11 05:34:28.116 DBG] Credits :: Time to save 17.0919ms
[2026-02-11 05:34:28.135 DBG] Quotes :: Time to save 18.5744ms
[2026-02-11 05:34:28.199 DBG] Config :: Time to save 19.3686ms
[2026-02-11 05:34:44.738 DBG] ViewerRepo :: UpdatePresence(twitch, 5), 0.0289ms
[2026-02-11 05:34:44.794 DBG] TwitchService :: Presence Timer :: Artificially updated presence with a threshold of 5 minutes (56.4845ms)
[2026-02-11 05:35:44.738 DBG] ViewerRepo :: UpdatePresence(twitch, 5), 0.0314ms
[2026-02-11 05:35:44.789 DBG] TwitchService :: Presence Timer :: Artificially updated presence with a threshold of 5 minutes (51.5195ms)
[2026-02-11 05:36:44.754 DBG] ViewerRepo :: UpdatePresence(twitch, 5), 0.0316ms
[2026-02-11 05:36:44.811 DBG] TwitchService :: Presence Timer :: Artificially updated presence with a threshold of 5 minutes (57.6765ms)
[2026-02-11 05:37:44.764 DBG] ViewerRepo :: UpdatePresence(twitch, 5), 0.0382ms
[2026-02-11 05:37:44.818 DBG] TwitchService :: Presence Timer :: Artificially updated presence with a threshold of 5 minutes (54.1934ms)
[2026-02-11 05:38:27.932 DBG] Credits :: Time to save 19.4713ms
[2026-02-11 05:38:44.769 DBG] ViewerRepo :: UpdatePresence(twitch, 5), 0.0358ms
[2026-02-11 05:38:44.825 DBG] TwitchService :: Presence Timer :: Artificially updated presence with a threshold of 5 minutes (56.6241ms)
[2026-02-11 05:39:28.235 DBG] AutoSave :: Auto saving settings...
[2026-02-11 05:39:28.255 DBG] Users :: Time to save 21.3749ms
[2026-02-11 05:39:28.282 DBG] Actions :: Time to save 26.3065ms
[2026-02-11 05:39:28.301 DBG] Commands :: Time to save 18.2525ms
[2026-02-11 05:39:28.315 DBG] Twitch Rewards :: Time to save 14.4226ms
[2026-02-11 05:39:28.332 DBG] Midi :: Time to save 16.5733ms
[2026-02-11 05:39:28.348 DBG] OBS Settings :: Time to save 15.8542ms
[2026-02-11 05:39:28.364 DBG] MeldStudio Settings :: Time to save 15.7942ms
[2026-02-11 05:39:28.379 DBG] Credits :: Time to save 15.615ms
[2026-02-11 05:39:28.397 DBG] Quotes :: Time to save 17.694ms
[2026-02-11 05:39:28.458 DBG] Config :: Time to save 20.6265ms
[2026-02-11 05:39:44.783 DBG] ViewerRepo :: UpdatePresence(twitch, 5), 0.032ms
[2026-02-11 05:39:44.842 DBG] TwitchService :: Presence Timer :: Artificially updated presence with a threshold of 5 minutes (58.5796ms)
[2026-02-11 05:40:44.791 DBG] ViewerRepo :: UpdatePresence(twitch, 5), 0.0312ms
[2026-02-11 05:40:44.845 DBG] TwitchService :: Presence Timer :: Artificially updated presence with a threshold of 5 minutes (54.7809ms)
[2026-02-11 05:41:44.814 DBG] ViewerRepo :: UpdatePresence(twitch, 5), 0.0322ms
[2026-02-11 05:41:44.869 DBG] TwitchService :: Presence Timer :: Artificially updated presence with a threshold of 5 minutes (56.0164ms)
[2026-02-11 05:42:44.827 DBG] ViewerRepo :: UpdatePresence(twitch, 5), 0.0304ms
[2026-02-11 05:42:44.882 DBG] TwitchService :: Presence Timer :: Artificially updated presence with a threshold of 5 minutes (55.5124ms)
[2026-02-11 05:43:27.946 DBG] Credits :: Time to save 18.2427ms
[2026-02-11 05:43:44.835 DBG] ViewerRepo :: UpdatePresence(twitch, 5), 0.0317ms
[2026-02-11 05:43:44.889 DBG] TwitchService :: Presence Timer :: Artificially updated presence with a threshold of 5 minutes (54.4824ms)
[2026-02-11 05:44:13.211 DBG] ActionDispatcher :: Queueing 'Sub Goal' (361aa588-5f31-4e19-b8a5-099cae52479d, TimedAction) to 'Default' (00000000-0000-0000-0000-000000000000), with 11 arguments
[2026-02-11 05:44:13.211 DBG] ActionQueue :: 'Default' (00000000-0000-0000-0000-000000000000) :: Enqueue action 361aa588-5f31-4e19-b8a5-099cae52479d
[2026-02-11 05:44:13.211 DBG] ActionQueue :: 'Default' (00000000-0000-0000-0000-000000000000) :: Handling queue
[2026-02-11 05:44:13.211 DBG] ActionQueue :: 'Default' (00000000-0000-0000-0000-000000000000) :: Performing non-blocking 'Sub Goal' (361aa588-5f31-4e19-b8a5-099cae52479d, 2eb82eb0-ea63-49dc-86d9-3c294a4facce)
[2026-02-11 05:44:28.476 DBG] AutoSave :: Auto saving settings...
[2026-02-11 05:44:28.496 DBG] Users :: Time to save 19.961ms
[2026-02-11 05:44:28.518 DBG] Actions :: Time to save 22.8443ms
[2026-02-11 05:44:28.532 DBG] Commands :: Time to save 13.197ms
[2026-02-11 05:44:28.549 DBG] Twitch Rewards :: Time to save 17.683ms
[2026-02-11 05:44:28.565 DBG] Midi :: Time to save 15.358ms
[2026-02-11 05:44:28.582 DBG] OBS Settings :: Time to save 16.9401ms
[2026-02-11 05:44:28.598 DBG] MeldStudio Settings :: Time to save 15.7151ms
[2026-02-11 05:44:28.613 DBG] Credits :: Time to save 14.8428ms
[2026-02-11 05:44:28.626 DBG] Quotes :: Time to save 13.7439ms
[2026-02-11 05:44:28.699 DBG] Config :: Time to save 19.1532ms
[2026-02-11 05:44:44.842 DBG] ViewerRepo :: UpdatePresence(twitch, 5), 0.0306ms
[2026-02-11 05:44:44.899 DBG] TwitchService :: Presence Timer :: Artificially updated presence with a threshold of 5 minutes (58.2848ms)
[2026-02-11 05:45:44.852 DBG] ViewerRepo :: UpdatePresence(twitch, 5), 0.0327ms
[2026-02-11 05:45:44.905 DBG] TwitchService :: Presence Timer :: Artificially updated presence with a threshold of 5 minutes (53.6705ms)
[2026-02-11 05:46:44.861 DBG] ViewerRepo :: UpdatePresence(twitch, 5), 0.0314ms
[2026-02-11 05:46:44.915 DBG] TwitchService :: Presence Timer :: Artificially updated presence with a threshold of 5 minutes (55.4061ms)
[2026-02-11 05:47:44.874 DBG] ViewerRepo :: UpdatePresence(twitch, 5), 0.0323ms
[2026-02-11 05:47:44.933 DBG] TwitchService :: Presence Timer :: Artificially updated presence with a threshold of 5 minutes (59.5513ms)
[2026-02-11 05:48:27.959 DBG] Credits :: Time to save 19.5452ms
[2026-02-11 05:48:44.883 DBG] ViewerRepo :: UpdatePresence(twitch, 5), 0.0317ms
[2026-02-11 05:48:44.936 DBG] TwitchService :: Presence Timer :: Artificially updated presence with a threshold of 5 minutes (53.2863ms)
[2026-02-11 05:49:28.728 DBG] AutoSave :: Auto saving settings...
[2026-02-11 05:49:28.749 DBG] Users :: Time to save 20.8434ms
[2026-02-11 05:49:28.775 DBG] Actions :: Time to save 25.6994ms
[2026-02-11 05:49:28.793 DBG] Commands :: Time to save 18.2572ms
[2026-02-11 05:49:28.811 DBG] Twitch Rewards :: Time to save 17.5195ms
[2026-02-11 05:49:28.826 DBG] Midi :: Time to save 15.4042ms
[2026-02-11 05:49:28.842 DBG] OBS Settings :: Time to save 15.8998ms
[2026-02-11 05:49:28.857 DBG] MeldStudio Settings :: Time to save 15.2935ms
[2026-02-11 05:49:28.873 DBG] Credits :: Time to save 15.5232ms
[2026-02-11 05:49:28.891 DBG] Quotes :: Time to save 17.5731ms
[2026-02-11 05:49:28.953 DBG] Config :: Time to save 21.6166ms
[2026-02-11 05:49:44.896 DBG] ViewerRepo :: UpdatePresence(twitch, 5), 0.0369ms
[2026-02-11 05:49:44.953 DBG] TwitchService :: Presence Timer :: Artificially updated presence with a threshold of 5 minutes (57.0277ms)
[2026-02-11 05:50:44.904 DBG] ViewerRepo :: UpdatePresence(twitch, 5), 0.0298ms
[2026-02-11 05:50:44.958 DBG] TwitchService :: Presence Timer :: Artificially updated presence with a threshold of 5 minutes (55.5534ms)
[2026-02-11 05:51:44.913 DBG] ViewerRepo :: UpdatePresence(twitch, 5), 0.0301ms
[2026-02-11 05:51:44.967 DBG] TwitchService :: Presence Timer :: Artificially updated presence with a threshold of 5 minutes (54.4733ms)
[2026-02-11 05:52:44.917 DBG] ViewerRepo :: UpdatePresence(twitch, 5), 0.0334ms
[2026-02-11 05:52:44.976 DBG] TwitchService :: Presence Timer :: Artificially updated presence with a threshold of 5 minutes (58.8468ms)
[2026-02-11 05:53:27.967 DBG] Credits :: Time to save 18.393ms
[2026-02-11 05:53:44.918 DBG] ViewerRepo :: UpdatePresence(twitch, 5), 0.0329ms
[2026-02-11 05:53:44.974 DBG] TwitchService :: Presence Timer :: Artificially updated presence with a threshold of 5 minutes (56.8612ms)
[2026-02-11 05:54:13.218 DBG] ActionDispatcher :: Queueing 'Sub Goal' (361aa588-5f31-4e19-b8a5-099cae52479d, TimedAction) to 'Default' (00000000-0000-0000-0000-000000000000), with 11 arguments
[2026-02-11 05:54:13.218 DBG] ActionQueue :: 'Default' (00000000-0000-0000-0000-000000000000) :: Enqueue action 361aa588-5f31-4e19-b8a5-099cae52479d
[2026-02-11 05:54:13.218 DBG] ActionQueue :: 'Default' (00000000-0000-0000-0000-000000000000) :: Handling queue
[2026-02-11 05:54:13.218 DBG] ActionQueue :: 'Default' (00000000-0000-0000-0000-000000000000) :: Performing non-blocking 'Sub Goal' (361aa588-5f31-4e19-b8a5-099cae52479d, f705ee20-f474-47e2-aa25-1255e28f973a)
[2026-02-11 05:54:28.986 DBG] AutoSave :: Auto saving settings...
[2026-02-11 05:54:29.005 DBG] Users :: Time to save 19.6287ms
[2026-02-11 05:54:29.028 DBG] Actions :: Time to save 23.0535ms
[2026-02-11 05:54:29.045 DBG] Commands :: Time to save 16.4071ms
[2026-02-11 05:54:29.063 DBG] Twitch Rewards :: Time to save 17.8483ms
[2026-02-11 05:54:29.078 DBG] Midi :: Time to save 15.5912ms
[2026-02-11 05:54:29.095 DBG] OBS Settings :: Time to save 15.8931ms
[2026-02-11 05:54:29.109 DBG] MeldStudio Settings :: Time to save 15.5245ms
[2026-02-11 05:54:29.125 DBG] Credits :: Time to save 15.3397ms
[2026-02-11 05:54:29.143 DBG] Quotes :: Time to save 17.4779ms
[2026-02-11 05:54:29.208 DBG] Config :: Time to save 19.15ms
[2026-02-11 05:54:44.922 DBG] ViewerRepo :: UpdatePresence(twitch, 5), 0.0293ms
[2026-02-11 05:54:44.973 DBG] TwitchService :: Presence Timer :: Artificially updated presence with a threshold of 5 minutes (50.7877ms)
[2026-02-11 05:55:44.939 DBG] ViewerRepo :: UpdatePresence(twitch, 5), 0.0482ms
[2026-02-11 05:55:44.999 DBG] TwitchService :: Presence Timer :: Artificially updated presence with a threshold of 5 minutes (59.6919ms)
[2026-02-11 05:56:44.951 DBG] ViewerRepo :: UpdatePresence(twitch, 5), 0.0327ms
[2026-02-11 05:56:45.004 DBG] TwitchService :: Presence Timer :: Artificially updated presence with a threshold of 5 minutes (53.656ms)
[2026-02-11 05:57:44.951 DBG] ViewerRepo :: UpdatePresence(twitch, 5), 0.0342ms
[2026-02-11 05:57:45.007 DBG] TwitchService :: Presence Timer :: Artificially updated presence with a threshold of 5 minutes (56.9158ms)
[2026-02-11 05:58:27.979 DBG] Credits :: Time to save 19.2719ms
[2026-02-11 05:58:42.901 DBG] StreamElements Socket :: Disconnected
[2026-02-11 05:58:42.904 INF] StreamElements Service :: Disconnected from Client
[2026-02-11 05:58:44.916 DBG] StreamElements Service :: Retrying client connection
[2026-02-11 05:58:44.916 INF] StreamElements Service :: Connecting to Client
[2026-02-11 05:58:44.916 DBG] StreamElements Socket :: Opening connection
[2026-02-11 05:58:44.961 DBG] ViewerRepo :: UpdatePresence(twitch, 5), 0.0334ms
[2026-02-11 05:58:45.017 DBG] TwitchService :: Presence Timer :: Artificially updated presence with a threshold of 5 minutes (55.6301ms)
[2026-02-11 05:58:45.162 INF] StreamElements Service :: Connected to Client
[2026-02-11 05:59:29.246 DBG] AutoSave :: Auto saving settings...
[2026-02-11 05:59:29.266 DBG] Users :: Time to save 20.7482ms
[2026-02-11 05:59:29.291 DBG] Actions :: Time to save 24.6062ms
[2026-02-11 05:59:29.309 DBG] Commands :: Time to save 17.9449ms
[2026-02-11 05:59:29.327 DBG] Twitch Rewards :: Time to save 18.0412ms
[2026-02-11 05:59:29.343 DBG] Midi :: Time to save 15.4437ms
[2026-02-11 05:59:29.359 DBG] OBS Settings :: Time to save 15.6982ms
[2026-02-11 05:59:29.375 DBG] MeldStudio Settings :: Time to save 15.7422ms
[2026-02-11 05:59:29.389 DBG] Credits :: Time to save 14.7515ms
[2026-02-11 05:59:29.406 DBG] Quotes :: Time to save 16.9707ms
[2026-02-11 05:59:29.469 DBG] Config :: Time to save 19.8117ms
[2026-02-11 05:59:44.976 DBG] ViewerRepo :: UpdatePresence(twitch, 5), 0.0304ms
[2026-02-11 05:59:45.032 DBG] TwitchService :: Presence Timer :: Artificially updated presence with a threshold of 5 minutes (56.3029ms)
[2026-02-11 06:00:44.989 DBG] ViewerRepo :: UpdatePresence(twitch, 5), 0.0305ms
[2026-02-11 06:00:45.048 DBG] TwitchService :: Presence Timer :: Artificially updated presence with a threshold of 5 minutes (59.5038ms)
[2026-02-11 06:01:45.000 DBG] ViewerRepo :: UpdatePresence(twitch, 5), 0.0302ms
[2026-02-11 06:01:45.059 DBG] TwitchService :: Presence Timer :: Artificially updated presence with a threshold of 5 minutes (58.8314ms)
[2026-02-11 06:02:45.003 DBG] ViewerRepo :: UpdatePresence(twitch, 5), 0.0312ms
[2026-02-11 06:02:45.055 DBG] TwitchService :: Presence Timer :: Artificially updated presence with a threshold of 5 minutes (52.9231ms)
[2026-02-11 06:03:27.985 DBG] Credits :: Time to save 17.9512ms
[2026-02-11 06:03:45.014 DBG] ViewerRepo :: UpdatePresence(twitch, 5), 0.0317ms
[2026-02-11 06:03:45.066 DBG] TwitchService :: Presence Timer :: Artificially updated presence with a threshold of 5 minutes (51.7869ms)
[2026-02-11 06:04:14.051 DBG] ActionDispatcher :: Queueing 'Sub Goal' (361aa588-5f31-4e19-b8a5-099cae52479d, TimedAction) to 'Default' (00000000-0000-0000-0000-000000000000), with 11 arguments
[2026-02-11 06:04:14.051 DBG] ActionQueue :: 'Default' (00000000-0000-0000-0000-000000000000) :: Enqueue action 361aa588-5f31-4e19-b8a5-099cae52479d
[2026-02-11 06:04:14.051 DBG] ActionQueue :: 'Default' (00000000-0000-0000-0000-000000000000) :: Handling queue
[2026-02-11 06:04:14.051 DBG] ActionQueue :: 'Default' (00000000-0000-0000-0000-000000000000) :: Performing non-blocking 'Sub Goal' (361aa588-5f31-4e19-b8a5-099cae52479d, dba7fcfd-7172-474b-822a-6d2a0bfe7a2e)
[2026-02-11 06:04:29.493 DBG] AutoSave :: Auto saving settings...
[2026-02-11 06:04:29.513 DBG] Users :: Time to save 20.2649ms
[2026-02-11 06:04:29.536 DBG] Actions :: Time to save 22.5714ms
[2026-02-11 06:04:29.553 DBG] Commands :: Time to save 16.8715ms
[2026-02-11 06:04:29.570 DBG] Twitch Rewards :: Time to save 17.0093ms
[2026-02-11 06:04:29.586 DBG] Midi :: Time to save 15.4431ms
[2026-02-11 06:04:29.601 DBG] OBS Settings :: Time to save 16.1918ms
[2026-02-11 06:04:29.618 DBG] MeldStudio Settings :: Time to save 16.2935ms
[2026-02-11 06:04:29.634 DBG] Credits :: Time to save 15.0978ms
[2026-02-11 06:04:29.651 DBG] Quotes :: Time to save 17.2116ms
[2026-02-11 06:04:29.714 DBG] Config :: Time to save 18.8578ms
[2026-02-11 06:04:45.023 DBG] ViewerRepo :: UpdatePresence(twitch, 5), 0.0335ms
[2026-02-11 06:04:45.082 DBG] TwitchService :: Presence Timer :: Artificially updated presence with a threshold of 5 minutes (59.9884ms)
[2026-02-11 06:05:45.026 DBG] ViewerRepo :: UpdatePresence(twitch, 5), 0.0323ms
[2026-02-11 06:05:45.082 DBG] TwitchService :: Presence Timer :: Artificially updated presence with a threshold of 5 minutes (56.0973ms)
[2026-02-11 06:06:45.028 DBG] ViewerRepo :: UpdatePresence(twitch, 5), 0.0335ms
[2026-02-11 06:06:45.083 DBG] TwitchService :: Presence Timer :: Artificially updated presence with a threshold of 5 minutes (56.0169ms)
[2026-02-11 06:07:45.032 DBG] ViewerRepo :: UpdatePresence(twitch, 5), 0.0321ms
[2026-02-11 06:07:45.086 DBG] TwitchService :: Presence Timer :: Artificially updated presence with a threshold of 5 minutes (53.9706ms)
[2026-02-11 06:08:28.001 DBG] Credits :: Time to save 18.8401ms
[2026-02-11 06:08:45.038 DBG] ViewerRepo :: UpdatePresence(twitch, 5), 0.0312ms
[2026-02-11 06:08:45.097 DBG] TwitchService :: Presence Timer :: Artificially updated presence with a threshold of 5 minutes (59.1ms)
[2026-02-11 06:09:29.702 DBG] AutoSave :: Auto saving settings...
[2026-02-11 06:09:29.722 DBG] Users :: Time to save 20.6767ms
[2026-02-11 06:09:29.748 DBG] Actions :: Time to save 25.0997ms
[2026-02-11 06:09:29.767 DBG] Commands :: Time to save 18.7488ms
[2026-02-11 06:09:29.785 DBG] Twitch Rewards :: Time to save 17.786ms
[2026-02-11 06:09:29.800 DBG] Midi :: Time to save 15.6384ms
[2026-02-11 06:09:29.816 DBG] OBS Settings :: Time to save 15.6145ms
[2026-02-11 06:09:29.831 DBG] MeldStudio Settings :: Time to save 15.769ms
[2026-02-11 06:09:29.850 DBG] Credits :: Time to save 18.3983ms
[2026-02-11 06:09:29.868 DBG] Quotes :: Time to save 17.4128ms
[2026-02-11 06:09:29.927 DBG] Config :: Time to save 21.5721ms
[2026-02-11 06:09:45.038 DBG] ViewerRepo :: UpdatePresence(twitch, 5), 0.0313ms
[2026-02-11 06:09:45.090 DBG] TwitchService :: Presence Timer :: Artificially updated presence with a threshold of 5 minutes (52.8421ms)
[2026-02-11 06:10:45.053 DBG] ViewerRepo :: UpdatePresence(twitch, 5), 0.0304ms
[2026-02-11 06:10:45.106 DBG] TwitchService :: Presence Timer :: Artificially updated presence with a threshold of 5 minutes (53.9906ms)
[2026-02-11 06:11:45.053 DBG] ViewerRepo :: UpdatePresence(twitch, 5), 0.0312ms
[2026-02-11 06:11:45.106 DBG] TwitchService :: Presence Timer :: Artificially updated presence with a threshold of 5 minutes (52.659ms)
[2026-02-11 06:12:45.070 DBG] ViewerRepo :: UpdatePresence(twitch, 5), 0.032ms
[2026-02-11 06:12:45.126 DBG] TwitchService :: Presence Timer :: Artificially updated presence with a threshold of 5 minutes (55.9379ms)
[2026-02-11 06:13:28.012 DBG] Credits :: Time to save 18.3999ms
[2026-02-11 06:13:45.083 DBG] ViewerRepo :: UpdatePresence(twitch, 5), 0.0311ms
[2026-02-11 06:13:45.142 DBG] TwitchService :: Presence Timer :: Artificially updated presence with a threshold of 5 minutes (59.3222ms)
[2026-02-11 06:14:15.002 DBG] ActionDispatcher :: Queueing 'Sub Goal' (361aa588-5f31-4e19-b8a5-099cae52479d, TimedAction) to 'Default' (00000000-0000-0000-0000-000000000000), with 11 arguments
[2026-02-11 06:14:15.002 DBG] ActionQueue :: 'Default' (00000000-0000-0000-0000-000000000000) :: Enqueue action 361aa588-5f31-4e19-b8a5-099cae52479d
[2026-02-11 06:14:15.002 DBG] ActionQueue :: 'Default' (00000000-0000-0000-0000-000000000000) :: Handling queue
[2026-02-11 06:14:15.002 DBG] ActionQueue :: 'Default' (00000000-0000-0000-0000-000000000000) :: Performing non-blocking 'Sub Goal' (361aa588-5f31-4e19-b8a5-099cae52479d, 02eea730-fccc-478b-a113-18d68f6d3fa8)
[2026-02-11 06:14:29.970 DBG] AutoSave :: Auto saving settings...
[2026-02-11 06:14:29.989 DBG] Users :: Time to save 18.9285ms
[2026-02-11 06:14:30.014 DBG] Actions :: Time to save 25.3492ms
[2026-02-11 06:14:30.035 DBG] Commands :: Time to save 20.2688ms
[2026-02-11 06:14:30.053 DBG] Twitch Rewards :: Time to save 18.8148ms
[2026-02-11 06:14:30.070 DBG] Midi :: Time to save 17.0145ms
[2026-02-11 06:14:30.087 DBG] OBS Settings :: Time to save 16.647ms
[2026-02-11 06:14:30.104 DBG] MeldStudio Settings :: Time to save 17.2902ms
[2026-02-11 06:14:30.120 DBG] Credits :: Time to save 15.3865ms
[2026-02-11 06:14:30.137 DBG] Quotes :: Time to save 16.9121ms
[2026-02-11 06:14:30.192 DBG] Config :: Time to save 19.3178ms
[2026-02-11 06:14:45.099 DBG] ViewerRepo :: UpdatePresence(twitch, 5), 0.0309ms
[2026-02-11 06:14:45.157 DBG] TwitchService :: Presence Timer :: Artificially updated presence with a threshold of 5 minutes (58.879ms)
[2026-02-11 06:15:45.110 DBG] ViewerRepo :: UpdatePresence(twitch, 5), 0.0415ms
[2026-02-11 06:15:45.601 DBG] TwitchService :: Presence Timer :: Artificially updated presence with a threshold of 5 minutes (491.7757ms)
[2026-02-11 06:16:45.122 DBG] ViewerRepo :: UpdatePresence(twitch, 5), 0.0307ms
[2026-02-11 06:16:45.179 DBG] TwitchService :: Presence Timer :: Artificially updated presence with a threshold of 5 minutes (56.8847ms)
[2026-02-11 06:17:45.132 DBG] ViewerRepo :: UpdatePresence(twitch, 5), 0.0313ms
[2026-02-11 06:17:45.186 DBG] TwitchService :: Presence Timer :: Artificially updated presence with a threshold of 5 minutes (53.8802ms)
[2026-02-11 06:18:28.014 DBG] Credits :: Time to save 17.8677ms
[2026-02-11 06:18:45.144 DBG] ViewerRepo :: UpdatePresence(twitch, 5), 0.0313ms
[2026-02-11 06:18:45.200 DBG] TwitchService :: Presence Timer :: Artificially updated presence with a threshold of 5 minutes (56.4618ms)
[2026-02-11 06:19:30.237 DBG] AutoSave :: Auto saving settings...
[2026-02-11 06:19:30.257 DBG] Users :: Time to save 20.6486ms
[2026-02-11 06:19:30.282 DBG] Actions :: Time to save 24.7436ms
[2026-02-11 06:19:30.299 DBG] Commands :: Time to save 16.9771ms
[2026-02-11 06:19:30.317 DBG] Twitch Rewards :: Time to save 17.2593ms
[2026-02-11 06:19:30.328 DBG] Midi :: Time to save 11.6813ms
[2026-02-11 06:19:30.343 DBG] OBS Settings :: Time to save 15.3369ms
[2026-02-11 06:19:30.359 DBG] MeldStudio Settings :: Time to save 15.521ms
[2026-02-11 06:19:30.374 DBG] Credits :: Time to save 15.0851ms
[2026-02-11 06:19:30.391 DBG] Quotes :: Time to save 16.7911ms
[2026-02-11 06:19:30.461 DBG] Config :: Time to save 19.7201ms
[2026-02-11 06:19:45.153 DBG] ViewerRepo :: UpdatePresence(twitch, 5), 0.0312ms
[2026-02-11 06:19:45.211 DBG] TwitchService :: Presence Timer :: Artificially updated presence with a threshold of 5 minutes (58.2496ms)
[2026-02-11 06:20:45.164 DBG] ViewerRepo :: UpdatePresence(twitch, 5), 0.0349ms
[2026-02-11 06:20:45.224 DBG] TwitchService :: Presence Timer :: Artificially updated presence with a threshold of 5 minutes (60.2093ms)
[2026-02-11 06:21:45.176 DBG] ViewerRepo :: UpdatePresence(twitch, 5), 0.0297ms
[2026-02-11 06:21:45.234 DBG] TwitchService :: Presence Timer :: Artificially updated presence with a threshold of 5 minutes (59.1153ms)
[2026-02-11 06:22:45.179 DBG] ViewerRepo :: UpdatePresence(twitch, 5), 0.0357ms
[2026-02-11 06:22:45.234 DBG] TwitchService :: Presence Timer :: Artificially updated presence with a threshold of 5 minutes (56.48ms)
[2026-02-11 06:23:28.030 DBG] Credits :: Time to save 19.8062ms
[2026-02-11 06:23:45.196 DBG] ViewerRepo :: UpdatePresence(twitch, 5), 0.031ms
[2026-02-11 06:23:45.253 DBG] TwitchService :: Presence Timer :: Artificially updated presence with a threshold of 5 minutes (57.7365ms)
[2026-02-11 06:24:15.415 DBG] ActionDispatcher :: Queueing 'Sub Goal' (361aa588-5f31-4e19-b8a5-099cae52479d, TimedAction) to 'Default' (00000000-0000-0000-0000-000000000000), with 11 arguments
[2026-02-11 06:24:15.415 DBG] ActionQueue :: 'Default' (00000000-0000-0000-0000-000000000000) :: Enqueue action 361aa588-5f31-4e19-b8a5-099cae52479d
[2026-02-11 06:24:15.415 DBG] ActionQueue :: 'Default' (00000000-0000-0000-0000-000000000000) :: Handling queue
[2026-02-11 06:24:15.415 DBG] ActionQueue :: 'Default' (00000000-0000-0000-0000-000000000000) :: Performing non-blocking 'Sub Goal' (361aa588-5f31-4e19-b8a5-099cae52479d, 6c7b71b2-3e94-4438-b790-ac007aa65928)
[2026-02-11 06:24:30.480 DBG] AutoSave :: Auto saving settings...
[2026-02-11 06:24:30.501 DBG] Users :: Time to save 21.6148ms
[2026-02-11 06:24:30.524 DBG] Actions :: Time to save 23.0408ms
[2026-02-11 06:24:30.542 DBG] Commands :: Time to save 17.742ms
[2026-02-11 06:24:30.560 DBG] Twitch Rewards :: Time to save 17.8164ms
[2026-02-11 06:24:30.576 DBG] Midi :: Time to save 15.3504ms
[2026-02-11 06:24:30.592 DBG] OBS Settings :: Time to save 16.4253ms
[2026-02-11 06:24:30.607 DBG] MeldStudio Settings :: Time to save 15.3805ms
[2026-02-11 06:24:30.622 DBG] Credits :: Time to save 14.5758ms
[2026-02-11 06:24:30.639 DBG] Quotes :: Time to save 17.1245ms
[2026-02-11 06:24:30.702 DBG] Config :: Time to save 18.8513ms
[2026-02-11 06:24:45.209 DBG] ViewerRepo :: UpdatePresence(twitch, 5), 0.1431ms
[2026-02-11 06:24:45.265 DBG] TwitchService :: Presence Timer :: Artificially updated presence with a threshold of 5 minutes (56.6513ms)
[2026-02-11 06:25:45.222 DBG] ViewerRepo :: UpdatePresence(twitch, 5), 0.0326ms
[2026-02-11 06:25:45.278 DBG] TwitchService :: Presence Timer :: Artificially updated presence with a threshold of 5 minutes (55.0853ms)
[2026-02-11 06:26:45.227 DBG] ViewerRepo :: UpdatePresence(twitch, 5), 0.0314ms
[2026-02-11 06:26:45.283 DBG] TwitchService :: Presence Timer :: Artificially updated presence with a threshold of 5 minutes (57.0842ms)
[2026-02-11 06:27:45.232 DBG] ViewerRepo :: UpdatePresence(twitch, 5), 0.0423ms
[2026-02-11 06:27:45.290 DBG] TwitchService :: Presence Timer :: Artificially updated presence with a threshold of 5 minutes (58.5246ms)
[2026-02-11 06:28:28.040 DBG] Credits :: Time to save 18.3346ms
[2026-02-11 06:28:45.247 DBG] ViewerRepo :: UpdatePresence(twitch, 5), 0.0308ms
[2026-02-11 06:28:45.299 DBG] TwitchService :: Presence Timer :: Artificially updated presence with a threshold of 5 minutes (52.9495ms)
[2026-02-11 06:29:30.728 DBG] AutoSave :: Auto saving settings...
[2026-02-11 06:29:30.749 DBG] Users :: Time to save 21.302ms
[2026-02-11 06:29:30.774 DBG] Actions :: Time to save 25.0615ms
[2026-02-11 06:29:30.793 DBG] Commands :: Time to save 18.26ms
[2026-02-11 06:29:30.810 DBG] Twitch Rewards :: Time to save 17.802ms
[2026-02-11 06:29:30.826 DBG] Midi :: Time to save 15.7725ms
[2026-02-11 06:29:30.843 DBG] OBS Settings :: Time to save 15.7472ms
[2026-02-11 06:29:30.858 DBG] MeldStudio Settings :: Time to save 15.5664ms
[2026-02-11 06:29:30.873 DBG] Credits :: Time to save 15.5522ms
[2026-02-11 06:29:30.893 DBG] Quotes :: Time to save 19.9932ms
[2026-02-11 06:29:30.953 DBG] Config :: Time to save 21.3549ms
[2026-02-11 06:29:45.254 DBG] ViewerRepo :: UpdatePresence(twitch, 5), 0.0394ms
[2026-02-11 06:29:45.306 DBG] TwitchService :: Presence Timer :: Artificially updated presence with a threshold of 5 minutes (51.6234ms)
[2026-02-11 06:30:45.268 DBG] ViewerRepo :: UpdatePresence(twitch, 5), 0.0344ms
[2026-02-11 06:30:45.326 DBG] TwitchService :: Presence Timer :: Artificially updated presence with a threshold of 5 minutes (58.0407ms)
[2026-02-11 06:31:45.282 DBG] ViewerRepo :: UpdatePresence(twitch, 5), 0.0314ms
[2026-02-11 06:31:45.338 DBG] TwitchService :: Presence Timer :: Artificially updated presence with a threshold of 5 minutes (56.6834ms)
[2026-02-11 06:32:45.292 DBG] ViewerRepo :: UpdatePresence(twitch, 5), 0.0304ms
[2026-02-11 06:32:45.347 DBG] TwitchService :: Presence Timer :: Artificially updated presence with a threshold of 5 minutes (56.0659ms)
[2026-02-11 06:33:28.056 DBG] Credits :: Time to save 18.4676ms
[2026-02-11 06:33:45.306 DBG] ViewerRepo :: UpdatePresence(twitch, 5), 0.0319ms
[2026-02-11 06:33:45.363 DBG] TwitchService :: Presence Timer :: Artificially updated presence with a threshold of 5 minutes (58.1192ms)
[2026-02-11 06:34:15.660 DBG] ActionDispatcher :: Queueing 'Sub Goal' (361aa588-5f31-4e19-b8a5-099cae52479d, TimedAction) to 'Default' (00000000-0000-0000-0000-000000000000), with 11 arguments
[2026-02-11 06:34:15.660 DBG] ActionQueue :: 'Default' (00000000-0000-0000-0000-000000000000) :: Enqueue action 361aa588-5f31-4e19-b8a5-099cae52479d
[2026-02-11 06:34:15.660 DBG] ActionQueue :: 'Default' (00000000-0000-0000-0000-000000000000) :: Handling queue
[2026-02-11 06:34:15.660 DBG] ActionQueue :: 'Default' (00000000-0000-0000-0000-000000000000) :: Performing non-blocking 'Sub Goal' (361aa588-5f31-4e19-b8a5-099cae52479d, 13cd5101-cd6b-4477-b86d-3d677c42625b)
[2026-02-11 06:34:30.997 DBG] AutoSave :: Auto saving settings...
[2026-02-11 06:34:31.017 DBG] Users :: Time to save 20.6828ms
[2026-02-11 06:34:31.041 DBG] Actions :: Time to save 23.5991ms
[2026-02-11 06:34:31.057 DBG] Commands :: Time to save 17.1898ms
[2026-02-11 06:34:31.075 DBG] Twitch Rewards :: Time to save 17.6496ms
[2026-02-11 06:34:31.092 DBG] Midi :: Time to save 16.2998ms
[2026-02-11 06:34:31.108 DBG] OBS Settings :: Time to save 16.0748ms
[2026-02-11 06:34:31.123 DBG] MeldStudio Settings :: Time to save 15.4279ms
[2026-02-11 06:34:31.139 DBG] Credits :: Time to save 15.2694ms
[2026-02-11 06:34:31.159 DBG] Quotes :: Time to save 19.4853ms
[2026-02-11 06:34:31.221 DBG] Config :: Time to save 19.9772ms
[2026-02-11 06:34:45.320 DBG] ViewerRepo :: UpdatePresence(twitch, 5), 0.0308ms
[2026-02-11 06:34:45.370 DBG] TwitchService :: Presence Timer :: Artificially updated presence with a threshold of 5 minutes (50.5979ms)
[2026-02-11 06:35:45.335 DBG] ViewerRepo :: UpdatePresence(twitch, 5), 0.0313ms
[2026-02-11 06:35:45.388 DBG] TwitchService :: Presence Timer :: Artificially updated presence with a threshold of 5 minutes (53.0334ms)
[2026-02-11 06:36:45.349 DBG] ViewerRepo :: UpdatePresence(twitch, 5), 0.0334ms
[2026-02-11 06:36:45.411 DBG] TwitchService :: Presence Timer :: Artificially updated presence with a threshold of 5 minutes (62.1518ms)
[2026-02-11 06:37:45.351 DBG] ViewerRepo :: UpdatePresence(twitch, 5), 0.0335ms
[2026-02-11 06:37:45.404 DBG] TwitchService :: Presence Timer :: Artificially updated presence with a threshold of 5 minutes (54.4761ms)
[2026-02-11 06:38:28.058 DBG] Credits :: Time to save 19.4913ms
[2026-02-11 06:38:45.367 DBG] ViewerRepo :: UpdatePresence(twitch, 5), 0.0312ms
[2026-02-11 06:38:45.423 DBG] TwitchService :: Presence Timer :: Artificially updated presence with a threshold of 5 minutes (56.5859ms)
[2026-02-11 06:39:31.196 DBG] AutoSave :: Auto saving settings...
[2026-02-11 06:39:31.216 DBG] Users :: Time to save 20.4011ms
[2026-02-11 06:39:31.241 DBG] Actions :: Time to save 24.255ms
[2026-02-11 06:39:31.259 DBG] Commands :: Time to save 17.7465ms
[2026-02-11 06:39:31.272 DBG] Twitch Rewards :: Time to save 13.5849ms
[2026-02-11 06:39:31.284 DBG] Midi :: Time to save 12.08ms
[2026-02-11 06:39:31.300 DBG] OBS Settings :: Time to save 15.5347ms
[2026-02-11 06:39:31.315 DBG] MeldStudio Settings :: Time to save 15.7923ms
[2026-02-11 06:39:31.331 DBG] Credits :: Time to save 15.2461ms
[2026-02-11 06:39:31.349 DBG] Quotes :: Time to save 18.1229ms
[2026-02-11 06:39:31.421 DBG] Config :: Time to save 20.2136ms
[2026-02-11 06:39:45.382 DBG] ViewerRepo :: UpdatePresence(twitch, 5), 0.0368ms
[2026-02-11 06:39:45.440 DBG] TwitchService :: Presence Timer :: Artificially updated presence with a threshold of 5 minutes (57.687ms)
[2026-02-11 06:40:45.391 DBG] ViewerRepo :: UpdatePresence(twitch, 5), 0.0439ms
[2026-02-11 06:40:45.447 DBG] TwitchService :: Presence Timer :: Artificially updated presence with a threshold of 5 minutes (57.3145ms)
[2026-02-11 06:41:45.400 DBG] ViewerRepo :: UpdatePresence(twitch, 5), 0.0321ms
[2026-02-11 06:41:45.454 DBG] TwitchService :: Presence Timer :: Artificially updated presence with a threshold of 5 minutes (55.0205ms)
[2026-02-11 06:42:45.402 DBG] ViewerRepo :: UpdatePresence(twitch, 5), 0.0304ms
[2026-02-11 06:42:45.460 DBG] TwitchService :: Presence Timer :: Artificially updated presence with a threshold of 5 minutes (58.5892ms)
[2026-02-11 06:43:28.072 DBG] Credits :: Time to save 18.4688ms
[2026-02-11 06:43:45.411 DBG] ViewerRepo :: UpdatePresence(twitch, 5), 0.03ms
[2026-02-11 06:43:45.481 DBG] TwitchService :: Presence Timer :: Artificially updated presence with a threshold of 5 minutes (70.3294ms)
[2026-02-11 06:44:16.658 DBG] ActionDispatcher :: Queueing 'Sub Goal' (361aa588-5f31-4e19-b8a5-099cae52479d, TimedAction) to 'Default' (00000000-0000-0000-0000-000000000000), with 11 arguments
[2026-02-11 06:44:16.658 DBG] ActionQueue :: 'Default' (00000000-0000-0000-0000-000000000000) :: Enqueue action 361aa588-5f31-4e19-b8a5-099cae52479d
[2026-02-11 06:44:16.658 DBG] ActionQueue :: 'Default' (00000000-0000-0000-0000-000000000000) :: Handling queue
[2026-02-11 06:44:16.658 DBG] ActionQueue :: 'Default' (00000000-0000-0000-0000-000000000000) :: Performing non-blocking 'Sub Goal' (361aa588-5f31-4e19-b8a5-099cae52479d, c003e44a-8e56-4155-9025-4d8dd40a4749)
[2026-02-11 06:44:31.457 DBG] AutoSave :: Auto saving settings...
[2026-02-11 06:44:31.478 DBG] Users :: Time to save 21.3675ms
[2026-02-11 06:44:31.502 DBG] Actions :: Time to save 23.8182ms
[2026-02-11 06:44:31.520 DBG] Commands :: Time to save 17.463ms
[2026-02-11 06:44:31.537 DBG] Twitch Rewards :: Time to save 17.5746ms
[2026-02-11 06:44:31.553 DBG] Midi :: Time to save 15.3325ms
[2026-02-11 06:44:31.568 DBG] OBS Settings :: Time to save 15.4443ms
[2026-02-11 06:44:31.583 DBG] MeldStudio Settings :: Time to save 15.072ms
[2026-02-11 06:44:31.599 DBG] Credits :: Time to save 16.0379ms
[2026-02-11 06:44:31.617 DBG] Quotes :: Time to save 16.9561ms
[2026-02-11 06:44:31.678 DBG] Config :: Time to save 18.8631ms
[2026-02-11 06:44:45.415 DBG] ViewerRepo :: UpdatePresence(twitch, 5), 0.0326ms
[2026-02-11 06:44:45.470 DBG] TwitchService :: Presence Timer :: Artificially updated presence with a threshold of 5 minutes (55.2471ms)
[2026-02-11 06:45:45.420 DBG] ViewerRepo :: UpdatePresence(twitch, 5), 0.0312ms
[2026-02-11 06:45:45.476 DBG] TwitchService :: Presence Timer :: Artificially updated presence with a threshold of 5 minutes (56.8888ms)
[2026-02-11 06:46:45.426 DBG] ViewerRepo :: UpdatePresence(twitch, 5), 0.032ms
[2026-02-11 06:46:45.483 DBG] TwitchService :: Presence Timer :: Artificially updated presence with a threshold of 5 minutes (57.2155ms)
[2026-02-11 06:47:45.442 DBG] ViewerRepo :: UpdatePresence(twitch, 5), 0.0307ms
[2026-02-11 06:47:45.496 DBG] TwitchService :: Presence Timer :: Artificially updated presence with a threshold of 5 minutes (54.6038ms)
[2026-02-11 06:48:28.086 DBG] Credits :: Time to save 17.6627ms
[2026-02-11 06:48:45.444 DBG] ViewerRepo :: UpdatePresence(twitch, 5), 0.032ms
[2026-02-11 06:48:45.498 DBG] TwitchService :: Presence Timer :: Artificially updated presence with a threshold of 5 minutes (55.1098ms)
[2026-02-11 06:49:31.687 DBG] AutoSave :: Auto saving settings...
[2026-02-11 06:49:31.702 DBG] Users :: Time to save 15.093ms
[2026-02-11 06:49:31.726 DBG] Actions :: Time to save 24.0742ms
[2026-02-11 06:49:31.744 DBG] Commands :: Time to save 17.3771ms
[2026-02-11 06:49:31.762 DBG] Twitch Rewards :: Time to save 18.1608ms
[2026-02-11 06:49:31.778 DBG] Midi :: Time to save 16.1939ms
[2026-02-11 06:49:31.794 DBG] OBS Settings :: Time to save 15.5653ms
[2026-02-11 06:49:31.809 DBG] MeldStudio Settings :: Time to save 15.3826ms
[2026-02-11 06:49:31.824 DBG] Credits :: Time to save 14.7941ms
[2026-02-11 06:49:31.842 DBG] Quotes :: Time to save 17.2587ms
[2026-02-11 06:49:31.911 DBG] Config :: Time to save 19.6325ms
[2026-02-11 06:49:45.453 DBG] ViewerRepo :: UpdatePresence(twitch, 5), 0.0319ms
[2026-02-11 06:49:45.507 DBG] TwitchService :: Presence Timer :: Artificially updated presence with a threshold of 5 minutes (54.9287ms)
[2026-02-11 06:50:45.456 DBG] ViewerRepo :: UpdatePresence(twitch, 5), 0.0393ms
[2026-02-11 06:50:45.508 DBG] TwitchService :: Presence Timer :: Artificially updated presence with a threshold of 5 minutes (53.3164ms)
[2026-02-11 06:51:45.464 DBG] ViewerRepo :: UpdatePresence(twitch, 5), 0.0314ms
[2026-02-11 06:51:45.518 DBG] TwitchService :: Presence Timer :: Artificially updated presence with a threshold of 5 minutes (55.0262ms)
[2026-02-11 06:52:45.481 DBG] ViewerRepo :: UpdatePresence(twitch, 5), 0.029ms
[2026-02-11 06:52:45.533 DBG] TwitchService :: Presence Timer :: Artificially updated presence with a threshold of 5 minutes (52.1118ms)
[2026-02-11 06:53:28.093 DBG] Credits :: Time to save 16.3538ms
[2026-02-11 06:53:45.483 DBG] ViewerRepo :: UpdatePresence(twitch, 5), 0.0315ms
[2026-02-11 06:53:45.538 DBG] TwitchService :: Presence Timer :: Artificially updated presence with a threshold of 5 minutes (56.4135ms)
[2026-02-11 06:54:17.257 DBG] ActionDispatcher :: Queueing 'Sub Goal' (361aa588-5f31-4e19-b8a5-099cae52479d, TimedAction) to 'Default' (00000000-0000-0000-0000-000000000000), with 11 arguments
[2026-02-11 06:54:17.257 DBG] ActionQueue :: 'Default' (00000000-0000-0000-0000-000000000000) :: Enqueue action 361aa588-5f31-4e19-b8a5-099cae52479d
[2026-02-11 06:54:17.257 DBG] ActionQueue :: 'Default' (00000000-0000-0000-0000-000000000000) :: Handling queue
[2026-02-11 06:54:17.257 DBG] ActionQueue :: 'Default' (00000000-0000-0000-0000-000000000000) :: Performing non-blocking 'Sub Goal' (361aa588-5f31-4e19-b8a5-099cae52479d, fa3377db-40bd-4915-a310-b962c2b21eba)
[2026-02-11 06:54:31.918 DBG] AutoSave :: Auto saving settings...
[2026-02-11 06:54:31.938 DBG] Users :: Time to save 20.3105ms
[2026-02-11 06:54:31.963 DBG] Actions :: Time to save 24.1831ms
[2026-02-11 06:54:31.980 DBG] Commands :: Time to save 17.6426ms
[2026-02-11 06:54:31.998 DBG] Twitch Rewards :: Time to save 17.6141ms
[2026-02-11 06:54:32.014 DBG] Midi :: Time to save 15.5953ms
[2026-02-11 06:54:32.028 DBG] OBS Settings :: Time to save 15.2321ms
[2026-02-11 06:54:32.044 DBG] MeldStudio Settings :: Time to save 15.8207ms
[2026-02-11 06:54:32.061 DBG] Credits :: Time to save 15.9462ms
[2026-02-11 06:54:32.078 DBG] Quotes :: Time to save 17.482ms
[2026-02-11 06:54:32.142 DBG] Config :: Time to save 18.8288ms
[2026-02-11 06:54:45.500 DBG] ViewerRepo :: UpdatePresence(twitch, 5), 0.0363ms
[2026-02-11 06:54:45.557 DBG] TwitchService :: Presence Timer :: Artificially updated presence with a threshold of 5 minutes (57.5459ms)
[2026-02-11 06:55:45.513 DBG] ViewerRepo :: UpdatePresence(twitch, 5), 0.0325ms
[2026-02-11 06:55:45.565 DBG] TwitchService :: Presence Timer :: Artificially updated presence with a threshold of 5 minutes (52.6551ms)
[2026-02-11 06:56:45.528 DBG] ViewerRepo :: UpdatePresence(twitch, 5), 0.0292ms
[2026-02-11 06:56:45.582 DBG] TwitchService :: Presence Timer :: Artificially updated presence with a threshold of 5 minutes (54.1641ms)
[2026-02-11 06:57:45.540 DBG] ViewerRepo :: UpdatePresence(twitch, 5), 0.0313ms
[2026-02-11 06:57:45.591 DBG] TwitchService :: Presence Timer :: Artificially updated presence with a threshold of 5 minutes (52.0949ms)
[2026-02-11 06:58:28.111 DBG] Credits :: Time to save 19.5082ms
[2026-02-11 06:58:45.553 DBG] ViewerRepo :: UpdatePresence(twitch, 5), 0.0308ms
[2026-02-11 06:58:45.606 DBG] TwitchService :: Presence Timer :: Artificially updated presence with a threshold of 5 minutes (53.6413ms)
[2026-02-11 06:59:32.151 DBG] AutoSave :: Auto saving settings...
[2026-02-11 06:59:32.171 DBG] Users :: Time to save 20.7765ms
[2026-02-11 06:59:32.196 DBG] Actions :: Time to save 24.6972ms
[2026-02-11 06:59:32.213 DBG] Commands :: Time to save 17.3062ms
[2026-02-11 06:59:32.231 DBG] Twitch Rewards :: Time to save 17.6087ms
[2026-02-11 06:59:32.242 DBG] Midi :: Time to save 11.4655ms
[2026-02-11 06:59:32.258 DBG] OBS Settings :: Time to save 15.3544ms
[2026-02-11 06:59:32.272 DBG] MeldStudio Settings :: Time to save 13.977ms
[2026-02-11 06:59:32.286 DBG] Credits :: Time to save 14.6773ms
[2026-02-11 06:59:32.304 DBG] Quotes :: Time to save 16.9456ms
[2026-02-11 06:59:32.371 DBG] Config :: Time to save 19.7346ms
[2026-02-11 06:59:45.558 DBG] ViewerRepo :: UpdatePresence(twitch, 5), 0.0329ms
[2026-02-11 06:59:45.614 DBG] TwitchService :: Presence Timer :: Artificially updated presence with a threshold of 5 minutes (56.5965ms)
[2026-02-11 07:00:45.562 DBG] ViewerRepo :: UpdatePresence(twitch, 5), 0.0312ms
[2026-02-11 07:00:45.620 DBG] TwitchService :: Presence Timer :: Artificially updated presence with a threshold of 5 minutes (58.2529ms)
[2026-02-11 07:01:45.571 DBG] ViewerRepo :: UpdatePresence(twitch, 5), 0.03ms
[2026-02-11 07:01:45.631 DBG] TwitchService :: Presence Timer :: Artificially updated presence with a threshold of 5 minutes (60.0233ms)
[2026-02-11 07:02:45.572 DBG] ViewerRepo :: UpdatePresence(twitch, 5), 0.0288ms
[2026-02-11 07:02:45.630 DBG] TwitchService :: Presence Timer :: Artificially updated presence with a threshold of 5 minutes (57.7753ms)
[2026-02-11 07:03:28.123 DBG] Credits :: Time to save 17.6535ms
[2026-02-11 07:03:45.576 DBG] ViewerRepo :: UpdatePresence(twitch, 5), 0.0309ms
[2026-02-11 07:03:45.634 DBG] TwitchService :: Presence Timer :: Artificially updated presence with a threshold of 5 minutes (58.8669ms)
[2026-02-11 07:04:18.026 DBG] ActionDispatcher :: Queueing 'Sub Goal' (361aa588-5f31-4e19-b8a5-099cae52479d, TimedAction) to 'Default' (00000000-0000-0000-0000-000000000000), with 11 arguments
[2026-02-11 07:04:18.026 DBG] ActionQueue :: 'Default' (00000000-0000-0000-0000-000000000000) :: Enqueue action 361aa588-5f31-4e19-b8a5-099cae52479d
[2026-02-11 07:04:18.026 DBG] ActionQueue :: 'Default' (00000000-0000-0000-0000-000000000000) :: Handling queue
[2026-02-11 07:04:18.026 DBG] ActionQueue :: 'Default' (00000000-0000-0000-0000-000000000000) :: Performing non-blocking 'Sub Goal' (361aa588-5f31-4e19-b8a5-099cae52479d, 9ed21c02-50d9-4b35-83b9-2ec677b70fd9)
[2026-02-11 07:04:32.412 DBG] AutoSave :: Auto saving settings...
[2026-02-11 07:04:32.431 DBG] Users :: Time to save 19.8696ms
[2026-02-11 07:04:32.455 DBG] Actions :: Time to save 23.6535ms
[2026-02-11 07:04:32.472 DBG] Commands :: Time to save 17.3682ms
[2026-02-11 07:04:32.490 DBG] Twitch Rewards :: Time to save 16.8755ms
[2026-02-11 07:04:32.505 DBG] Midi :: Time to save 15.9473ms
[2026-02-11 07:04:32.522 DBG] OBS Settings :: Time to save 16.5359ms
[2026-02-11 07:04:32.537 DBG] MeldStudio Settings :: Time to save 15.1163ms
[2026-02-11 07:04:32.552 DBG] Credits :: Time to save 14.9757ms
[2026-02-11 07:04:32.571 DBG] Quotes :: Time to save 18.9328ms
[2026-02-11 07:04:32.635 DBG] Config :: Time to save 19.6065ms
[2026-02-11 07:04:45.584 DBG] ViewerRepo :: UpdatePresence(twitch, 5), 0.0303ms
[2026-02-11 07:04:45.641 DBG] TwitchService :: Presence Timer :: Artificially updated presence with a threshold of 5 minutes (57.3989ms)
[2026-02-11 07:05:45.598 DBG] ViewerRepo :: UpdatePresence(twitch, 5), 0.032ms
[2026-02-11 07:05:45.653 DBG] TwitchService :: Presence Timer :: Artificially updated presence with a threshold of 5 minutes (55.2744ms)
[2026-02-11 07:06:45.605 DBG] ViewerRepo :: UpdatePresence(twitch, 5), 0.031ms
[2026-02-11 07:06:45.664 DBG] TwitchService :: Presence Timer :: Artificially updated presence with a threshold of 5 minutes (59.2217ms)
[2026-02-11 07:07:45.621 DBG] ViewerRepo :: UpdatePresence(twitch, 5), 0.8454ms
[2026-02-11 07:07:45.679 DBG] TwitchService :: Presence Timer :: Artificially updated presence with a threshold of 5 minutes (59.4068ms)
[2026-02-11 07:08:28.132 DBG] Credits :: Time to save 17.6693ms
[2026-02-11 07:08:45.623 DBG] ViewerRepo :: UpdatePresence(twitch, 5), 0.0319ms
[2026-02-11 07:08:45.684 DBG] TwitchService :: Presence Timer :: Artificially updated presence with a threshold of 5 minutes (61.1538ms)
[2026-02-11 07:09:32.645 DBG] AutoSave :: Auto saving settings...
[2026-02-11 07:09:32.665 DBG] Users :: Time to save 20.485ms
[2026-02-11 07:09:32.691 DBG] Actions :: Time to save 25.1477ms
[2026-02-11 07:09:32.708 DBG] Commands :: Time to save 18.0736ms
[2026-02-11 07:09:32.726 DBG] Twitch Rewards :: Time to save 17.7736ms
[2026-02-11 07:09:32.738 DBG] Midi :: Time to save 11.7258ms
[2026-02-11 07:09:32.753 DBG] OBS Settings :: Time to save 15.1794ms
[2026-02-11 07:09:32.768 DBG] MeldStudio Settings :: Time to save 15.2119ms
[2026-02-11 07:09:32.785 DBG] Credits :: Time to save 16.4046ms
[2026-02-11 07:09:32.802 DBG] Quotes :: Time to save 16.9926ms
[2026-02-11 07:09:32.868 DBG] Config :: Time to save 19.4869ms
[2026-02-11 07:09:45.627 DBG] ViewerRepo :: UpdatePresence(twitch, 5), 0.0851ms
[2026-02-11 07:09:45.686 DBG] TwitchService :: Presence Timer :: Artificially updated presence with a threshold of 5 minutes (59.4573ms)
[2026-02-11 07:10:45.634 DBG] ViewerRepo :: UpdatePresence(twitch, 5), 0.0347ms
[2026-02-11 07:10:45.686 DBG] TwitchService :: Presence Timer :: Artificially updated presence with a threshold of 5 minutes (52.5926ms)
[2026-02-11 07:11:45.635 DBG] ViewerRepo :: UpdatePresence(twitch, 5), 0.0287ms
[2026-02-11 07:11:45.691 DBG] TwitchService :: Presence Timer :: Artificially updated presence with a threshold of 5 minutes (56.8993ms)
[2026-02-11 07:12:45.648 DBG] ViewerRepo :: UpdatePresence(twitch, 5), 0.0325ms
[2026-02-11 07:12:45.706 DBG] TwitchService :: Presence Timer :: Artificially updated presence with a threshold of 5 minutes (58.5351ms)
[2026-02-11 07:13:28.132 DBG] Credits :: Time to save 14.4576ms
[2026-02-11 07:13:45.662 DBG] ViewerRepo :: UpdatePresence(twitch, 5), 0.0315ms
[2026-02-11 07:13:45.716 DBG] TwitchService :: Presence Timer :: Artificially updated presence with a threshold of 5 minutes (54.531ms)
[2026-02-11 07:14:18.759 DBG] ActionDispatcher :: Queueing 'Sub Goal' (361aa588-5f31-4e19-b8a5-099cae52479d, TimedAction) to 'Default' (00000000-0000-0000-0000-000000000000), with 11 arguments
[2026-02-11 07:14:18.759 DBG] ActionQueue :: 'Default' (00000000-0000-0000-0000-000000000000) :: Enqueue action 361aa588-5f31-4e19-b8a5-099cae52479d
[2026-02-11 07:14:18.759 DBG] ActionQueue :: 'Default' (00000000-0000-0000-0000-000000000000) :: Handling queue
[2026-02-11 07:14:18.759 DBG] ActionQueue :: 'Default' (00000000-0000-0000-0000-000000000000) :: Performing non-blocking 'Sub Goal' (361aa588-5f31-4e19-b8a5-099cae52479d, a8f5e99f-a6b9-4e5f-afc7-0660b1c5f36e)
[2026-02-11 07:14:32.906 DBG] AutoSave :: Auto saving settings...
[2026-02-11 07:14:32.925 DBG] Users :: Time to save 19.7895ms
[2026-02-11 07:14:32.948 DBG] Actions :: Time to save 22.6352ms
[2026-02-11 07:14:32.966 DBG] Commands :: Time to save 17.6992ms
[2026-02-11 07:14:32.984 DBG] Twitch Rewards :: Time to save 17.4528ms
[2026-02-11 07:14:32.998 DBG] Midi :: Time to save 15.0039ms
[2026-02-11 07:14:33.013 DBG] OBS Settings :: Time to save 15.8204ms
[2026-02-11 07:14:33.029 DBG] MeldStudio Settings :: Time to save 15.1891ms
[2026-02-11 07:14:33.047 DBG] Credits :: Time to save 17.1361ms
[2026-02-11 07:14:33.065 DBG] Quotes :: Time to save 18.1877ms
[2026-02-11 07:14:33.126 DBG] Config :: Time to save 16.9596ms
[2026-02-11 07:14:45.679 DBG] ViewerRepo :: UpdatePresence(twitch, 5), 0.0326ms
[2026-02-11 07:14:45.736 DBG] TwitchService :: Presence Timer :: Artificially updated presence with a threshold of 5 minutes (56.7257ms)
[2026-02-11 07:15:45.679 DBG] ViewerRepo :: UpdatePresence(twitch, 5), 0.0336ms
[2026-02-11 07:15:46.251 DBG] TwitchService :: Presence Timer :: Artificially updated presence with a threshold of 5 minutes (572.1791ms)
[2026-02-11 07:16:45.683 DBG] ViewerRepo :: UpdatePresence(twitch, 5), 0.038ms
[2026-02-11 07:16:45.738 DBG] TwitchService :: Presence Timer :: Artificially updated presence with a threshold of 5 minutes (56.0805ms)
[2026-02-11 07:17:45.688 DBG] ViewerRepo :: UpdatePresence(twitch, 5), 0.0303ms
[2026-02-11 07:17:45.745 DBG] TwitchService :: Presence Timer :: Artificially updated presence with a threshold of 5 minutes (57.5728ms)
[2026-02-11 07:18:28.138 DBG] Credits :: Time to save 18.0809ms
[2026-02-11 07:18:45.695 DBG] ViewerRepo :: UpdatePresence(twitch, 5), 0.0309ms
[2026-02-11 07:18:45.748 DBG] TwitchService :: Presence Timer :: Artificially updated presence with a threshold of 5 minutes (53.9287ms)
[2026-02-11 07:19:33.186 DBG] AutoSave :: Auto saving settings...
[2026-02-11 07:19:33.206 DBG] Users :: Time to save 20.4971ms
[2026-02-11 07:19:33.226 DBG] Actions :: Time to save 19.9821ms
[2026-02-11 07:19:33.242 DBG] Commands :: Time to save 16.3454ms
[2026-02-11 07:19:33.261 DBG] Twitch Rewards :: Time to save 18.4147ms
[2026-02-11 07:19:33.277 DBG] Midi :: Time to save 15.6403ms
[2026-02-11 07:19:33.292 DBG] OBS Settings :: Time to save 15.4799ms
[2026-02-11 07:19:33.307 DBG] MeldStudio Settings :: Time to save 14.2779ms
[2026-02-11 07:19:33.321 DBG] Credits :: Time to save 15.4292ms
[2026-02-11 07:19:33.339 DBG] Quotes :: Time to save 17.4919ms
[2026-02-11 07:19:33.407 DBG] Config :: Time to save 19.6536ms
[2026-02-11 07:19:45.707 DBG] ViewerRepo :: UpdatePresence(twitch, 5), 0.0311ms
[2026-02-11 07:19:45.763 DBG] TwitchService :: Presence Timer :: Artificially updated presence with a threshold of 5 minutes (55.7716ms)
[2026-02-11 07:20:45.735 DBG] ViewerRepo :: UpdatePresence(twitch, 5), 0.0316ms
[2026-02-11 07:20:45.866 DBG] TwitchService :: Presence Timer :: Artificially updated presence with a threshold of 5 minutes (131.4403ms)
[2026-02-11 07:21:45.740 DBG] ViewerRepo :: UpdatePresence(twitch, 5), 0.0324ms
[2026-02-11 07:21:45.839 DBG] TwitchService :: Presence Timer :: Artificially updated presence with a threshold of 5 minutes (98.9136ms)
[2026-02-11 07:22:45.741 DBG] ViewerRepo :: UpdatePresence(twitch, 5), 0.0342ms
[2026-02-11 07:22:45.835 DBG] TwitchService :: Presence Timer :: Artificially updated presence with a threshold of 5 minutes (94.1724ms)
[2026-02-11 07:23:28.142 DBG] Credits :: Time to save 17.689ms
[2026-02-11 07:23:45.748 DBG] ViewerRepo :: UpdatePresence(twitch, 5), 0.0313ms
[2026-02-11 07:23:45.843 DBG] TwitchService :: Presence Timer :: Artificially updated presence with a threshold of 5 minutes (96.335ms)
[2026-02-11 07:24:18.846 DBG] ActionDispatcher :: Queueing 'Sub Goal' (361aa588-5f31-4e19-b8a5-099cae52479d, TimedAction) to 'Default' (00000000-0000-0000-0000-000000000000), with 11 arguments
[2026-02-11 07:24:18.846 DBG] ActionQueue :: 'Default' (00000000-0000-0000-0000-000000000000) :: Enqueue action 361aa588-5f31-4e19-b8a5-099cae52479d
[2026-02-11 07:24:18.846 DBG] ActionQueue :: 'Default' (00000000-0000-0000-0000-000000000000) :: Handling queue
[2026-02-11 07:24:18.846 DBG] ActionQueue :: 'Default' (00000000-0000-0000-0000-000000000000) :: Performing non-blocking 'Sub Goal' (361aa588-5f31-4e19-b8a5-099cae52479d, 5ea9fa1a-02bf-4d8c-8f51-86cc441a3194)
[2026-02-11 07:24:33.409 DBG] AutoSave :: Auto saving settings...
[2026-02-11 07:24:33.429 DBG] Users :: Time to save 20.0867ms
[2026-02-11 07:24:33.455 DBG] Actions :: Time to save 25.6386ms
[2026-02-11 07:24:33.473 DBG] Commands :: Time to save 19.0656ms
[2026-02-11 07:24:33.493 DBG] Twitch Rewards :: Time to save 19.6499ms
[2026-02-11 07:24:33.510 DBG] Midi :: Time to save 16.0851ms
[2026-02-11 07:24:33.526 DBG] OBS Settings :: Time to save 16.3373ms
[2026-02-11 07:24:33.542 DBG] MeldStudio Settings :: Time to save 16.3319ms
[2026-02-11 07:24:33.559 DBG] Credits :: Time to save 16.6227ms
[2026-02-11 07:24:33.577 DBG] Quotes :: Time to save 19.1588ms
[2026-02-11 07:24:33.649 DBG] Config :: Time to save 22.4125ms
[2026-02-11 07:24:45.752 DBG] ViewerRepo :: UpdatePresence(twitch, 5), 0.0332ms
[2026-02-11 07:24:45.855 DBG] TwitchService :: Presence Timer :: Artificially updated presence with a threshold of 5 minutes (102.4465ms)
[2026-02-11 07:25:45.755 DBG] ViewerRepo :: UpdatePresence(twitch, 5), 0.0334ms
[2026-02-11 07:25:45.850 DBG] TwitchService :: Presence Timer :: Artificially updated presence with a threshold of 5 minutes (95.4012ms)
[2026-02-11 07:26:45.765 DBG] ViewerRepo :: UpdatePresence(twitch, 5), 0.0299ms
[2026-02-11 07:26:45.861 DBG] TwitchService :: Presence Timer :: Artificially updated presence with a threshold of 5 minutes (97.2368ms)
[2026-02-11 07:27:45.768 DBG] ViewerRepo :: UpdatePresence(twitch, 5), 0.031ms
[2026-02-11 07:27:45.860 DBG] TwitchService :: Presence Timer :: Artificially updated presence with a threshold of 5 minutes (93.1911ms)
[2026-02-11 07:28:28.153 DBG] Credits :: Time to save 18.2614ms
[2026-02-11 07:28:45.772 DBG] ViewerRepo :: UpdatePresence(twitch, 5), 0.0301ms
[2026-02-11 07:28:45.865 DBG] TwitchService :: Presence Timer :: Artificially updated presence with a threshold of 5 minutes (94.0893ms)
[2026-02-11 07:29:33.645 DBG] AutoSave :: Auto saving settings...
[2026-02-11 07:29:33.663 DBG] Users :: Time to save 19.7451ms
[2026-02-11 07:29:33.689 DBG] Actions :: Time to save 24.5427ms
[2026-02-11 07:29:33.707 DBG] Commands :: Time to save 17.4475ms
[2026-02-11 07:29:33.725 DBG] Twitch Rewards :: Time to save 17.9609ms
[2026-02-11 07:29:33.736 DBG] Midi :: Time to save 11.6006ms
[2026-02-11 07:29:33.751 DBG] OBS Settings :: Time to save 14.7866ms
[2026-02-11 07:29:33.767 DBG] MeldStudio Settings :: Time to save 15.5361ms
[2026-02-11 07:29:33.781 DBG] Credits :: Time to save 15.1605ms
[2026-02-11 07:29:33.800 DBG] Quotes :: Time to save 18.793ms
[2026-02-11 07:29:33.865 DBG] Config :: Time to save 19.2239ms
[2026-02-11 07:29:45.779 DBG] ViewerRepo :: UpdatePresence(twitch, 5), 0.0313ms
[2026-02-11 07:29:45.875 DBG] TwitchService :: Presence Timer :: Artificially updated presence with a threshold of 5 minutes (96.0464ms)
[2026-02-11 07:30:45.791 DBG] ViewerRepo :: UpdatePresence(twitch, 5), 0.0313ms
[2026-02-11 07:30:45.889 DBG] TwitchService :: Presence Timer :: Artificially updated presence with a threshold of 5 minutes (98.2115ms)
[2026-02-11 07:31:45.793 DBG] ViewerRepo :: UpdatePresence(twitch, 5), 0.0332ms
[2026-02-11 07:31:45.892 DBG] TwitchService :: Presence Timer :: Artificially updated presence with a threshold of 5 minutes (99.2107ms)
[2026-02-11 07:32:45.796 DBG] ViewerRepo :: UpdatePresence(twitch, 5), 0.0309ms
[2026-02-11 07:32:45.889 DBG] TwitchService :: Presence Timer :: Artificially updated presence with a threshold of 5 minutes (93.8032ms)
[2026-02-11 07:33:28.159 DBG] Credits :: Time to save 18.2047ms
[2026-02-11 07:33:45.804 DBG] ViewerRepo :: UpdatePresence(twitch, 5), 0.0304ms
[2026-02-11 07:33:45.901 DBG] TwitchService :: Presence Timer :: Artificially updated presence with a threshold of 5 minutes (96.8976ms)
[2026-02-11 07:34:19.712 DBG] ActionDispatcher :: Queueing 'Sub Goal' (361aa588-5f31-4e19-b8a5-099cae52479d, TimedAction) to 'Default' (00000000-0000-0000-0000-000000000000), with 11 arguments
[2026-02-11 07:34:19.712 DBG] ActionQueue :: 'Default' (00000000-0000-0000-0000-000000000000) :: Enqueue action 361aa588-5f31-4e19-b8a5-099cae52479d
[2026-02-11 07:34:19.712 DBG] ActionQueue :: 'Default' (00000000-0000-0000-0000-000000000000) :: Handling queue
[2026-02-11 07:34:19.712 DBG] ActionQueue :: 'Default' (00000000-0000-0000-0000-000000000000) :: Performing non-blocking 'Sub Goal' (361aa588-5f31-4e19-b8a5-099cae52479d, e422871e-43bf-4a49-a924-5ce91e63ec8d)
[2026-02-11 07:34:33.857 DBG] AutoSave :: Auto saving settings...
[2026-02-11 07:34:33.875 DBG] Users :: Time to save 18.5988ms
[2026-02-11 07:34:33.900 DBG] Actions :: Time to save 24.7737ms
[2026-02-11 07:34:33.918 DBG] Commands :: Time to save 17.5847ms
[2026-02-11 07:34:33.935 DBG] Twitch Rewards :: Time to save 17.2571ms
[2026-02-11 07:34:33.947 DBG] Midi :: Time to save 11.9717ms
[2026-02-11 07:34:33.962 DBG] OBS Settings :: Time to save 15.5796ms
[2026-02-11 07:34:33.978 DBG] MeldStudio Settings :: Time to save 15.7045ms
[2026-02-11 07:34:33.994 DBG] Credits :: Time to save 16.0325ms
[2026-02-11 07:34:34.012 DBG] Quotes :: Time to save 17.168ms
[2026-02-11 07:34:34.081 DBG] Config :: Time to save 19.9431ms
[2026-02-11 07:34:45.818 DBG] ViewerRepo :: UpdatePresence(twitch, 5), 0.0307ms
[2026-02-11 07:34:45.914 DBG] TwitchService :: Presence Timer :: Artificially updated presence with a threshold of 5 minutes (96.7905ms)
[2026-02-11 07:35:45.835 DBG] ViewerRepo :: UpdatePresence(twitch, 5), 0.0307ms
[2026-02-11 07:35:45.929 DBG] TwitchService :: Presence Timer :: Artificially updated presence with a threshold of 5 minutes (95.1684ms)
[2026-02-11 07:36:45.840 DBG] ViewerRepo :: UpdatePresence(twitch, 5), 0.0321ms
[2026-02-11 07:36:45.930 DBG] TwitchService :: Presence Timer :: Artificially updated presence with a threshold of 5 minutes (90.5813ms)
[2026-02-11 07:37:45.842 DBG] ViewerRepo :: UpdatePresence(twitch, 5), 0.0315ms
[2026-02-11 07:37:45.937 DBG] TwitchService :: Presence Timer :: Artificially updated presence with a threshold of 5 minutes (95.8831ms)
[2026-02-11 07:38:28.162 DBG] Credits :: Time to save 19.3009ms
[2026-02-11 07:38:45.853 DBG] ViewerRepo :: UpdatePresence(twitch, 5), 0.0311ms
[2026-02-11 07:38:45.950 DBG] TwitchService :: Presence Timer :: Artificially updated presence with a threshold of 5 minutes (97.2171ms)
[2026-02-11 07:39:34.113 DBG] AutoSave :: Auto saving settings...
[2026-02-11 07:39:34.133 DBG] Users :: Time to save 20.352ms
[2026-02-11 07:39:34.158 DBG] Actions :: Time to save 24.5085ms
[2026-02-11 07:39:34.176 DBG] Commands :: Time to save 18.0792ms
[2026-02-11 07:39:34.189 DBG] Twitch Rewards :: Time to save 13.1475ms
[2026-02-11 07:39:34.204 DBG] Midi :: Time to save 15.2957ms
[2026-02-11 07:39:34.219 DBG] OBS Settings :: Time to save 15.0459ms
[2026-02-11 07:39:34.236 DBG] MeldStudio Settings :: Time to save 15.7574ms
[2026-02-11 07:39:34.250 DBG] Credits :: Time to save 15.1223ms
[2026-02-11 07:39:34.267 DBG] Quotes :: Time to save 16.601ms
[2026-02-11 07:39:34.351 DBG] Config :: Time to save 21.4955ms
[2026-02-11 07:39:45.865 DBG] ViewerRepo :: UpdatePresence(twitch, 5), 0.0313ms
[2026-02-11 07:39:45.967 DBG] TwitchService :: Presence Timer :: Artificially updated presence with a threshold of 5 minutes (102.6767ms)
[2026-02-11 07:40:45.866 DBG] ViewerRepo :: UpdatePresence(twitch, 5), 0.0327ms
[2026-02-11 07:40:45.962 DBG] TwitchService :: Presence Timer :: Artificially updated presence with a threshold of 5 minutes (96.9085ms)
[2026-02-11 07:41:45.874 DBG] ViewerRepo :: UpdatePresence(twitch, 5), 0.0317ms
[2026-02-11 07:41:45.970 DBG] TwitchService :: Presence Timer :: Artificially updated presence with a threshold of 5 minutes (95.5193ms)
[2026-02-11 07:42:45.881 DBG] ViewerRepo :: UpdatePresence(twitch, 5), 0.0301ms
[2026-02-11 07:42:45.979 DBG] TwitchService :: Presence Timer :: Artificially updated presence with a threshold of 5 minutes (98.8467ms)
[2026-02-11 07:43:28.163 DBG] Credits :: Time to save 17.8311ms
[2026-02-11 07:43:45.895 DBG] ViewerRepo :: UpdatePresence(twitch, 5), 0.0333ms
[2026-02-11 07:43:45.991 DBG] TwitchService :: Presence Timer :: Artificially updated presence with a threshold of 5 minutes (96.1175ms)
[2026-02-11 07:44:19.962 DBG] ActionDispatcher :: Queueing 'Sub Goal' (361aa588-5f31-4e19-b8a5-099cae52479d, TimedAction) to 'Default' (00000000-0000-0000-0000-000000000000), with 11 arguments
[2026-02-11 07:44:19.962 DBG] ActionQueue :: 'Default' (00000000-0000-0000-0000-000000000000) :: Enqueue action 361aa588-5f31-4e19-b8a5-099cae52479d
[2026-02-11 07:44:19.962 DBG] ActionQueue :: 'Default' (00000000-0000-0000-0000-000000000000) :: Handling queue
[2026-02-11 07:44:19.962 DBG] ActionQueue :: 'Default' (00000000-0000-0000-0000-000000000000) :: Performing non-blocking 'Sub Goal' (361aa588-5f31-4e19-b8a5-099cae52479d, 325d6bf0-cfff-491e-a447-5e12d4d03d94)
[2026-02-11 07:44:34.352 DBG] AutoSave :: Auto saving settings...
[2026-02-11 07:44:34.372 DBG] Users :: Time to save 20.3093ms
[2026-02-11 07:44:34.396 DBG] Actions :: Time to save 24.6557ms
[2026-02-11 07:44:34.412 DBG] Commands :: Time to save 16.3126ms
[2026-02-11 07:44:34.431 DBG] Twitch Rewards :: Time to save 17.9452ms
[2026-02-11 07:44:34.447 DBG] Midi :: Time to save 16.2836ms
[2026-02-11 07:44:34.463 DBG] OBS Settings :: Time to save 16.5877ms
[2026-02-11 07:44:34.477 DBG] MeldStudio Settings :: Time to save 14.51ms
[2026-02-11 07:44:34.494 DBG] Credits :: Time to save 17.201ms
[2026-02-11 07:44:34.514 DBG] Quotes :: Time to save 17.6159ms
[2026-02-11 07:44:34.573 DBG] Config :: Time to save 19.24ms
[2026-02-11 07:44:45.898 DBG] ViewerRepo :: UpdatePresence(twitch, 5), 0.0319ms
[2026-02-11 07:44:45.993 DBG] TwitchService :: Presence Timer :: Artificially updated presence with a threshold of 5 minutes (96.0292ms)
[2026-02-11 07:45:45.912 DBG] ViewerRepo :: UpdatePresence(twitch, 5), 0.0316ms
[2026-02-11 07:45:46.007 DBG] TwitchService :: Presence Timer :: Artificially updated presence with a threshold of 5 minutes (95.6699ms)
[2026-02-11 07:46:45.913 DBG] ViewerRepo :: UpdatePresence(twitch, 5), 0.0468ms
[2026-02-11 07:46:46.016 DBG] TwitchService :: Presence Timer :: Artificially updated presence with a threshold of 5 minutes (102.386ms)
[2026-02-11 07:47:45.924 DBG] ViewerRepo :: UpdatePresence(twitch, 5), 0.0322ms
[2026-02-11 07:47:46.023 DBG] TwitchService :: Presence Timer :: Artificially updated presence with a threshold of 5 minutes (99.076ms)
[2026-02-11 07:48:28.175 DBG] Credits :: Time to save 19.1954ms
[2026-02-11 07:48:45.925 DBG] ViewerRepo :: UpdatePresence(twitch, 5), 0.0328ms
[2026-02-11 07:48:46.022 DBG] TwitchService :: Presence Timer :: Artificially updated presence with a threshold of 5 minutes (97.0009ms)
[2026-02-11 07:49:34.581 DBG] AutoSave :: Auto saving settings...
[2026-02-11 07:49:34.600 DBG] Users :: Time to save 19.5507ms
[2026-02-11 07:49:34.624 DBG] Actions :: Time to save 24.279ms
[2026-02-11 07:49:34.643 DBG] Commands :: Time to save 17.6106ms
[2026-02-11 07:49:34.661 DBG] Twitch Rewards :: Time to save 18.8915ms
[2026-02-11 07:49:34.677 DBG] Midi :: Time to save 16.9356ms
[2026-02-11 07:49:34.693 DBG] OBS Settings :: Time to save 15.5754ms
[2026-02-11 07:49:34.709 DBG] MeldStudio Settings :: Time to save 15.0572ms
[2026-02-11 07:49:34.723 DBG] Credits :: Time to save 14.5927ms
[2026-02-11 07:49:34.740 DBG] Quotes :: Time to save 16.5733ms
[2026-02-11 07:49:34.800 DBG] Config :: Time to save 16.3202ms
[2026-02-11 07:49:45.936 DBG] ViewerRepo :: UpdatePresence(twitch, 5), 0.0323ms
[2026-02-11 07:49:46.031 DBG] TwitchService :: Presence Timer :: Artificially updated presence with a threshold of 5 minutes (94.5309ms)
[2026-02-11 07:50:45.944 DBG] ViewerRepo :: UpdatePresence(twitch, 5), 0.0315ms
[2026-02-11 07:50:46.040 DBG] TwitchService :: Presence Timer :: Artificially updated presence with a threshold of 5 minutes (96.3138ms)
[2026-02-11 07:51:45.953 DBG] ViewerRepo :: UpdatePresence(twitch, 5), 0.0319ms
[2026-02-11 07:51:46.050 DBG] TwitchService :: Presence Timer :: Artificially updated presence with a threshold of 5 minutes (96.7625ms)
[2026-02-11 07:52:45.956 DBG] ViewerRepo :: UpdatePresence(twitch, 5), 0.0308ms
[2026-02-11 07:52:46.055 DBG] TwitchService :: Presence Timer :: Artificially updated presence with a threshold of 5 minutes (98.755ms)
[2026-02-11 07:53:28.189 DBG] Credits :: Time to save 17.8267ms
[2026-02-11 07:53:45.967 DBG] ViewerRepo :: UpdatePresence(twitch, 5), 0.0327ms
[2026-02-11 07:53:46.065 DBG] TwitchService :: Presence Timer :: Artificially updated presence with a threshold of 5 minutes (98.2619ms)
[2026-02-11 07:54:20.163 DBG] ActionDispatcher :: Queueing 'Sub Goal' (361aa588-5f31-4e19-b8a5-099cae52479d, TimedAction) to 'Default' (00000000-0000-0000-0000-000000000000), with 11 arguments
[2026-02-11 07:54:20.163 DBG] ActionQueue :: 'Default' (00000000-0000-0000-0000-000000000000) :: Enqueue action 361aa588-5f31-4e19-b8a5-099cae52479d
[2026-02-11 07:54:20.163 DBG] ActionQueue :: 'Default' (00000000-0000-0000-0000-000000000000) :: Handling queue
[2026-02-11 07:54:20.163 DBG] ActionQueue :: 'Default' (00000000-0000-0000-0000-000000000000) :: Performing non-blocking 'Sub Goal' (361aa588-5f31-4e19-b8a5-099cae52479d, f5964ddc-e935-49e0-850a-e0e3e6f648f6)
[2026-02-11 07:54:34.802 DBG] AutoSave :: Auto saving settings...
[2026-02-11 07:54:34.820 DBG] Users :: Time to save 18.6275ms
[2026-02-11 07:54:34.844 DBG] Actions :: Time to save 23.8178ms
[2026-02-11 07:54:34.862 DBG] Commands :: Time to save 17.76ms
[2026-02-11 07:54:34.880 DBG] Twitch Rewards :: Time to save 17.5988ms
[2026-02-11 07:54:34.895 DBG] Midi :: Time to save 15.2898ms
[2026-02-11 07:54:34.911 DBG] OBS Settings :: Time to save 16.3312ms
[2026-02-11 07:54:34.925 DBG] MeldStudio Settings :: Time to save 15.0727ms
[2026-02-11 07:54:34.937 DBG] Credits :: Time to save 11.2351ms
[2026-02-11 07:54:34.955 DBG] Quotes :: Time to save 17.5536ms
[2026-02-11 07:54:35.024 DBG] Config :: Time to save 19.674ms
[2026-02-11 07:54:45.977 DBG] ViewerRepo :: UpdatePresence(twitch, 5), 0.0366ms
[2026-02-11 07:54:46.072 DBG] TwitchService :: Presence Timer :: Artificially updated presence with a threshold of 5 minutes (95.074ms)
[2026-02-11 07:55:45.977 DBG] ViewerRepo :: UpdatePresence(twitch, 5), 0.0317ms
[2026-02-11 07:55:46.073 DBG] TwitchService :: Presence Timer :: Artificially updated presence with a threshold of 5 minutes (96.7751ms)
[2026-02-11 07:56:45.980 DBG] ViewerRepo :: UpdatePresence(twitch, 5), 0.031ms
[2026-02-11 07:56:46.077 DBG] TwitchService :: Presence Timer :: Artificially updated presence with a threshold of 5 minutes (98.1035ms)
[2026-02-11 07:57:45.983 DBG] ViewerRepo :: UpdatePresence(twitch, 5), 0.032ms
[2026-02-11 07:57:46.081 DBG] TwitchService :: Presence Timer :: Artificially updated presence with a threshold of 5 minutes (98.1091ms)
[2026-02-11 07:58:28.201 DBG] Credits :: Time to save 20.3495ms
[2026-02-11 07:58:45.985 DBG] ViewerRepo :: UpdatePresence(twitch, 5), 0.0328ms
[2026-02-11 07:58:46.076 DBG] TwitchService :: Presence Timer :: Artificially updated presence with a threshold of 5 minutes (91.824ms)
[2026-02-11 07:59:35.020 DBG] AutoSave :: Auto saving settings...
[2026-02-11 07:59:35.043 DBG] Users :: Time to save 22.4802ms
[2026-02-11 07:59:35.067 DBG] Actions :: Time to save 25.3406ms
[2026-02-11 07:59:35.086 DBG] Commands :: Time to save 18.3709ms
[2026-02-11 07:59:35.105 DBG] Twitch Rewards :: Time to save 18.4535ms
[2026-02-11 07:59:35.121 DBG] Midi :: Time to save 16.011ms
[2026-02-11 07:59:35.136 DBG] OBS Settings :: Time to save 15.9405ms
[2026-02-11 07:59:35.152 DBG] MeldStudio Settings :: Time to save 15.3334ms
[2026-02-11 07:59:35.169 DBG] Credits :: Time to save 17.1147ms
[2026-02-11 07:59:35.188 DBG] Quotes :: Time to save 18.9267ms
[2026-02-11 07:59:35.243 DBG] Config :: Time to save 21.0125ms
[2026-02-11 07:59:46.000 DBG] ViewerRepo :: UpdatePresence(twitch, 5), 0.0306ms
[2026-02-11 07:59:46.119 DBG] TwitchService :: Presence Timer :: Artificially updated presence with a threshold of 5 minutes (119.5476ms)
[2026-02-11 08:00:46.007 DBG] ViewerRepo :: UpdatePresence(twitch, 5), 0.0319ms
[2026-02-11 08:00:46.105 DBG] TwitchService :: Presence Timer :: Artificially updated presence with a threshold of 5 minutes (97.8853ms)
[2026-02-11 08:01:46.021 DBG] ViewerRepo :: UpdatePresence(twitch, 5), 0.0369ms
[2026-02-11 08:01:46.116 DBG] TwitchService :: Presence Timer :: Artificially updated presence with a threshold of 5 minutes (95.4519ms)
[2026-02-11 08:02:07.633 DBG] StreamElements Socket :: Disconnected
[2026-02-11 08:02:07.633 INF] StreamElements Service :: Disconnected from Client
[2026-02-11 08:02:09.638 DBG] StreamElements Service :: Retrying client connection
[2026-02-11 08:02:09.638 INF] StreamElements Service :: Connecting to Client
[2026-02-11 08:02:09.638 DBG] StreamElements Socket :: Opening connection
[2026-02-11 08:02:09.923 INF] StreamElements Service :: Connected to Client
[2026-02-11 08:02:12.591 ERR] StreamElements Socket :: Tried to send message to StreamElements, connection is not open. 2
[2026-02-11 08:02:46.029 DBG] ViewerRepo :: UpdatePresence(twitch, 5), 0.0304ms
[2026-02-11 08:02:46.127 DBG] TwitchService :: Presence Timer :: Artificially updated presence with a threshold of 5 minutes (99.2262ms)
[2026-02-11 08:03:28.212 DBG] Credits :: Time to save 17.1166ms
[2026-02-11 08:03:46.042 DBG] ViewerRepo :: UpdatePresence(twitch, 5), 0.0307ms
[2026-02-11 08:03:46.139 DBG] TwitchService :: Presence Timer :: Artificially updated presence with a threshold of 5 minutes (97.6229ms)
[2026-02-11 08:04:20.279 DBG] ActionDispatcher :: Queueing 'Sub Goal' (361aa588-5f31-4e19-b8a5-099cae52479d, TimedAction) to 'Default' (00000000-0000-0000-0000-000000000000), with 11 arguments
[2026-02-11 08:04:20.279 DBG] ActionQueue :: 'Default' (00000000-0000-0000-0000-000000000000) :: Enqueue action 361aa588-5f31-4e19-b8a5-099cae52479d
[2026-02-11 08:04:20.279 DBG] ActionQueue :: 'Default' (00000000-0000-0000-0000-000000000000) :: Handling queue
[2026-02-11 08:04:20.279 DBG] ActionQueue :: 'Default' (00000000-0000-0000-0000-000000000000) :: Performing non-blocking 'Sub Goal' (361aa588-5f31-4e19-b8a5-099cae52479d, 55f08f16-37bc-41b9-95cb-681581c9460e)
[2026-02-11 08:04:35.280 DBG] AutoSave :: Auto saving settings...
[2026-02-11 08:04:35.302 DBG] Users :: Time to save 22.7447ms
[2026-02-11 08:04:35.327 DBG] Actions :: Time to save 24.9056ms
[2026-02-11 08:04:35.345 DBG] Commands :: Time to save 18.8297ms
[2026-02-11 08:04:35.363 DBG] Twitch Rewards :: Time to save 17.4334ms
[2026-02-11 08:04:35.379 DBG] Midi :: Time to save 15.4574ms
[2026-02-11 08:04:35.392 DBG] OBS Settings :: Time to save 13.8576ms
[2026-02-11 08:04:35.408 DBG] MeldStudio Settings :: Time to save 15.8033ms
[2026-02-11 08:04:35.425 DBG] Credits :: Time to save 16.0707ms
[2026-02-11 08:04:35.444 DBG] Quotes :: Time to save 18.6705ms
[2026-02-11 08:04:35.502 DBG] Config :: Time to save 19.3011ms
[2026-02-11 08:04:46.043 DBG] ViewerRepo :: UpdatePresence(twitch, 5), 0.0316ms
[2026-02-11 08:04:46.141 DBG] TwitchService :: Presence Timer :: Artificially updated presence with a threshold of 5 minutes (98.6693ms)
[2026-02-11 08:05:46.051 DBG] ViewerRepo :: UpdatePresence(twitch, 5), 0.0306ms
[2026-02-11 08:05:46.150 DBG] TwitchService :: Presence Timer :: Artificially updated presence with a threshold of 5 minutes (99.1719ms)
[2026-02-11 08:06:46.067 DBG] ViewerRepo :: UpdatePresence(twitch, 5), 0.0323ms
[2026-02-11 08:06:46.161 DBG] TwitchService :: Presence Timer :: Artificially updated presence with a threshold of 5 minutes (93.8374ms)
[2026-02-11 08:07:46.077 DBG] ViewerRepo :: UpdatePresence(twitch, 5), 0.0304ms
[2026-02-11 08:07:46.167 DBG] TwitchService :: Presence Timer :: Artificially updated presence with a threshold of 5 minutes (90.9871ms)
[2026-02-11 08:08:02.943 DBG] Streamer.bot Website Socket :: Disconnected
[2026-02-11 08:08:02.945 INF] Streamer.bot Service :: Disconnected from Website Client
[2026-02-11 08:08:04.950 DBG] Streamer.bot Service :: Retrying website client connection
[2026-02-11 08:08:04.951 INF] Streamer.bot Service :: Connecting to Website Client
[2026-02-11 08:08:04.951 DBG] Streamer.bot Website Socket :: Opening connection
[2026-02-11 08:08:05.202 INF] Streamer.bot Service :: Website Client authenticated
[2026-02-11 08:08:05.202 INF] Streamer.bot Service :: Connected to Website Client
[2026-02-11 08:08:28.224 DBG] Credits :: Time to save 18.0192ms
[2026-02-11 08:08:46.090 DBG] ViewerRepo :: UpdatePresence(twitch, 5), 0.0297ms
[2026-02-11 08:08:46.181 DBG] TwitchService :: Presence Timer :: Artificially updated presence with a threshold of 5 minutes (92.1384ms)
[2026-02-11 08:09:35.524 DBG] AutoSave :: Auto saving settings...
[2026-02-11 08:09:35.548 DBG] Users :: Time to save 24.4743ms
[2026-02-11 08:09:35.573 DBG] Actions :: Time to save 25.0141ms
[2026-02-11 08:09:35.593 DBG] Commands :: Time to save 20.4513ms
[2026-02-11 08:09:35.612 DBG] Twitch Rewards :: Time to save 18.1908ms
[2026-02-11 08:09:35.627 DBG] Midi :: Time to save 15.8651ms
[2026-02-11 08:09:35.644 DBG] OBS Settings :: Time to save 15.7861ms
[2026-02-11 08:09:35.658 DBG] MeldStudio Settings :: Time to save 15.0778ms
[2026-02-11 08:09:35.675 DBG] Credits :: Time to save 15.8486ms
[2026-02-11 08:09:35.693 DBG] Quotes :: Time to save 17.5848ms
[2026-02-11 08:09:35.749 DBG] Config :: Time to save 22.7714ms
[2026-02-11 08:09:46.100 DBG] ViewerRepo :: UpdatePresence(twitch, 5), 0.0302ms
[2026-02-11 08:09:46.195 DBG] TwitchService :: Presence Timer :: Artificially updated presence with a threshold of 5 minutes (95.6699ms)
[2026-02-11 08:10:46.105 DBG] ViewerRepo :: UpdatePresence(twitch, 5), 0.0329ms
[2026-02-11 08:10:46.200 DBG] TwitchService :: Presence Timer :: Artificially updated presence with a threshold of 5 minutes (95.9024ms)
[2026-02-11 08:11:46.110 DBG] ViewerRepo :: UpdatePresence(twitch, 5), 0.0304ms
[2026-02-11 08:11:46.206 DBG] TwitchService :: Presence Timer :: Artificially updated presence with a threshold of 5 minutes (96.5144ms)
[2026-02-11 08:12:46.124 DBG] ViewerRepo :: UpdatePresence(twitch, 5), 0.0294ms
[2026-02-11 08:12:46.217 DBG] TwitchService :: Presence Timer :: Artificially updated presence with a threshold of 5 minutes (93.3788ms)
[2026-02-11 08:13:28.237 DBG] Credits :: Time to save 18.8766ms
[2026-02-11 08:13:46.134 DBG] ViewerRepo :: UpdatePresence(twitch, 5), 0.0298ms
[2026-02-11 08:13:46.229 DBG] TwitchService :: Presence Timer :: Artificially updated presence with a threshold of 5 minutes (95.9439ms)
[2026-02-11 08:14:21.208 DBG] ActionDispatcher :: Queueing 'Sub Goal' (361aa588-5f31-4e19-b8a5-099cae52479d, TimedAction) to 'Default' (00000000-0000-0000-0000-000000000000), with 11 arguments
[2026-02-11 08:14:21.208 DBG] ActionQueue :: 'Default' (00000000-0000-0000-0000-000000000000) :: Enqueue action 361aa588-5f31-4e19-b8a5-099cae52479d
[2026-02-11 08:14:21.208 DBG] ActionQueue :: 'Default' (00000000-0000-0000-0000-000000000000) :: Handling queue
[2026-02-11 08:14:21.208 DBG] ActionQueue :: 'Default' (00000000-0000-0000-0000-000000000000) :: Performing non-blocking 'Sub Goal' (361aa588-5f31-4e19-b8a5-099cae52479d, 7164b6d6-f8b1-44b6-a19d-e7e792e2a08a)
[2026-02-11 08:14:35.806 DBG] AutoSave :: Auto saving settings...
[2026-02-11 08:14:35.829 DBG] Users :: Time to save 23.0603ms
[2026-02-11 08:14:35.854 DBG] Actions :: Time to save 24.7984ms
[2026-02-11 08:14:35.873 DBG] Commands :: Time to save 18.7296ms
[2026-02-11 08:14:35.891 DBG] Twitch Rewards :: Time to save 17.5701ms
[2026-02-11 08:14:35.906 DBG] Midi :: Time to save 15.42ms
[2026-02-11 08:14:35.922 DBG] OBS Settings :: Time to save 15.7682ms
[2026-02-11 08:14:35.937 DBG] MeldStudio Settings :: Time to save 14.9047ms
[2026-02-11 08:14:35.951 DBG] Credits :: Time to save 15.0316ms
[2026-02-11 08:14:35.969 DBG] Quotes :: Time to save 17.5197ms
[2026-02-11 08:14:36.030 DBG] Config :: Time to save 20.559ms
[2026-02-11 08:14:46.147 DBG] ViewerRepo :: UpdatePresence(twitch, 5), 0.0299ms
[2026-02-11 08:14:46.239 DBG] TwitchService :: Presence Timer :: Artificially updated presence with a threshold of 5 minutes (91.391ms)
[2026-02-11 08:15:46.151 DBG] ViewerRepo :: UpdatePresence(twitch, 5), 0.0338ms
[2026-02-11 08:15:46.240 DBG] TwitchService :: Presence Timer :: Artificially updated presence with a threshold of 5 minutes (90.0969ms)
[2026-02-11 08:16:46.167 DBG] ViewerRepo :: UpdatePresence(twitch, 5), 0.0319ms
[2026-02-11 08:16:46.772 DBG] TwitchService :: Presence Timer :: Artificially updated presence with a threshold of 5 minutes (606.5137ms)
[2026-02-11 08:17:46.178 DBG] ViewerRepo :: UpdatePresence(twitch, 5), 0.0305ms
[2026-02-11 08:17:46.273 DBG] TwitchService :: Presence Timer :: Artificially updated presence with a threshold of 5 minutes (95.7264ms)
[2026-02-11 08:18:28.240 DBG] Credits :: Time to save 18.2666ms
[2026-02-11 08:18:46.202 DBG] ViewerRepo :: UpdatePresence(twitch, 5), 0.0324ms
[2026-02-11 08:18:46.299 DBG] TwitchService :: Presence Timer :: Artificially updated presence with a threshold of 5 minutes (97.005ms)
[2026-02-11 08:19:36.038 DBG] AutoSave :: Auto saving settings...
[2026-02-11 08:19:36.061 DBG] Users :: Time to save 23.2379ms
[2026-02-11 08:19:36.085 DBG] Actions :: Time to save 24.0946ms
[2026-02-11 08:19:36.104 DBG] Commands :: Time to save 18.7169ms
[2026-02-11 08:19:36.123 DBG] Twitch Rewards :: Time to save 18.3387ms
[2026-02-11 08:19:36.138 DBG] Midi :: Time to save 15.4707ms
[2026-02-11 08:19:36.155 DBG] OBS Settings :: Time to save 16.1844ms
[2026-02-11 08:19:36.167 DBG] MeldStudio Settings :: Time to save 13.1502ms
[2026-02-11 08:19:36.184 DBG] Credits :: Time to save 15.9888ms
[2026-02-11 08:19:36.199 DBG] Quotes :: Time to save 16.1982ms
[2026-02-11 08:19:36.261 DBG] Config :: Time to save 21.1923ms
[2026-02-11 08:19:46.210 DBG] ViewerRepo :: UpdatePresence(twitch, 5), 0.0296ms
[2026-02-11 08:19:46.307 DBG] TwitchService :: Presence Timer :: Artificially updated presence with a threshold of 5 minutes (98.0169ms)
[2026-02-11 08:20:46.220 DBG] ViewerRepo :: UpdatePresence(twitch, 5), 0.0309ms
[2026-02-11 08:20:46.321 DBG] TwitchService :: Presence Timer :: Artificially updated presence with a threshold of 5 minutes (100.2822ms)
[2026-02-11 08:21:46.227 DBG] ViewerRepo :: UpdatePresence(twitch, 5), 0.0313ms
[2026-02-11 08:21:46.321 DBG] TwitchService :: Presence Timer :: Artificially updated presence with a threshold of 5 minutes (94.647ms)
[2026-02-11 08:22:46.239 DBG] ViewerRepo :: UpdatePresence(twitch, 5), 0.0308ms
[2026-02-11 08:22:46.334 DBG] TwitchService :: Presence Timer :: Artificially updated presence with a threshold of 5 minutes (94.6815ms)
[2026-02-11 08:23:28.241 DBG] Credits :: Time to save 17.3084ms
[2026-02-11 08:23:46.252 DBG] ViewerRepo :: UpdatePresence(twitch, 5), 0.032ms
[2026-02-11 08:23:46.346 DBG] TwitchService :: Presence Timer :: Artificially updated presence with a threshold of 5 minutes (94.2348ms)
[2026-02-11 08:24:21.256 DBG] ActionDispatcher :: Queueing 'Sub Goal' (361aa588-5f31-4e19-b8a5-099cae52479d, TimedAction) to 'Default' (00000000-0000-0000-0000-000000000000), with 11 arguments
[2026-02-11 08:24:21.256 DBG] ActionQueue :: 'Default' (00000000-0000-0000-0000-000000000000) :: Enqueue action 361aa588-5f31-4e19-b8a5-099cae52479d
[2026-02-11 08:24:21.256 DBG] ActionQueue :: 'Default' (00000000-0000-0000-0000-000000000000) :: Handling queue
[2026-02-11 08:24:21.256 DBG] ActionQueue :: 'Default' (00000000-0000-0000-0000-000000000000) :: Performing non-blocking 'Sub Goal' (361aa588-5f31-4e19-b8a5-099cae52479d, 59002e1f-61fd-401d-8806-32bf445addbc)
[2026-02-11 08:24:36.309 DBG] AutoSave :: Auto saving settings...
[2026-02-11 08:24:36.332 DBG] Users :: Time to save 23.3437ms
[2026-02-11 08:24:36.356 DBG] Actions :: Time to save 23.6351ms
[2026-02-11 08:24:36.374 DBG] Commands :: Time to save 17.6521ms
[2026-02-11 08:24:36.391 DBG] Twitch Rewards :: Time to save 17.6905ms
[2026-02-11 08:24:36.406 DBG] Midi :: Time to save 14.2891ms
[2026-02-11 08:24:36.421 DBG] OBS Settings :: Time to save 15.1383ms
[2026-02-11 08:24:36.436 DBG] MeldStudio Settings :: Time to save 14.7257ms
[2026-02-11 08:24:36.451 DBG] Credits :: Time to save 15.9038ms
[2026-02-11 08:24:36.470 DBG] Quotes :: Time to save 17.9931ms
[2026-02-11 08:24:36.532 DBG] Config :: Time to save 20.5396ms
[2026-02-11 08:24:46.256 DBG] ViewerRepo :: UpdatePresence(twitch, 5), 0.0334ms
[2026-02-11 08:24:46.348 DBG] TwitchService :: Presence Timer :: Artificially updated presence with a threshold of 5 minutes (92.9462ms)
[2026-02-11 08:25:46.259 DBG] ViewerRepo :: UpdatePresence(twitch, 5), 0.0327ms
[2026-02-11 08:25:46.354 DBG] TwitchService :: Presence Timer :: Artificially updated presence with a threshold of 5 minutes (94.921ms)
[2026-02-11 08:26:46.264 DBG] ViewerRepo :: UpdatePresence(twitch, 5), 0.046ms
[2026-02-11 08:26:46.358 DBG] TwitchService :: Presence Timer :: Artificially updated presence with a threshold of 5 minutes (94.4848ms)
[2026-02-11 08:27:46.271 DBG] ViewerRepo :: UpdatePresence(twitch, 5), 0.0325ms
[2026-02-11 08:27:46.365 DBG] TwitchService :: Presence Timer :: Artificially updated presence with a threshold of 5 minutes (93.6519ms)
[2026-02-11 08:28:28.254 DBG] Credits :: Time to save 20.0212ms
[2026-02-11 08:28:46.286 DBG] ViewerRepo :: UpdatePresence(twitch, 5), 0.0305ms
[2026-02-11 08:28:46.381 DBG] TwitchService :: Presence Timer :: Artificially updated presence with a threshold of 5 minutes (95.8881ms)
[2026-02-11 08:29:36.558 DBG] AutoSave :: Auto saving settings...
[2026-02-11 08:29:36.577 DBG] Users :: Time to save 19.6965ms
[2026-02-11 08:29:36.602 DBG] Actions :: Time to save 24.6767ms
[2026-02-11 08:29:36.620 DBG] Commands :: Time to save 17.5108ms
[2026-02-11 08:29:36.638 DBG] Twitch Rewards :: Time to save 17.9592ms
[2026-02-11 08:29:36.654 DBG] Midi :: Time to save 15.407ms
[2026-02-11 08:29:36.669 DBG] OBS Settings :: Time to save 15.5362ms
[2026-02-11 08:29:36.684 DBG] MeldStudio Settings :: Time to save 15.0589ms
[2026-02-11 08:29:36.699 DBG] Credits :: Time to save 15.2414ms
[2026-02-11 08:29:36.717 DBG] Quotes :: Time to save 17.2357ms
[2026-02-11 08:29:36.780 DBG] Config :: Time to save 20.0692ms
[2026-02-11 08:29:46.301 DBG] ViewerRepo :: UpdatePresence(twitch, 5), 0.032ms
[2026-02-11 08:29:46.399 DBG] TwitchService :: Presence Timer :: Artificially updated presence with a threshold of 5 minutes (98.1698ms)
[2026-02-11 08:30:46.307 DBG] ViewerRepo :: UpdatePresence(twitch, 5), 0.0298ms
[2026-02-11 08:30:46.402 DBG] TwitchService :: Presence Timer :: Artificially updated presence with a threshold of 5 minutes (96.4718ms)
[2026-02-11 08:31:46.309 DBG] ViewerRepo :: UpdatePresence(twitch, 5), 0.0335ms
[2026-02-11 08:31:46.402 DBG] TwitchService :: Presence Timer :: Artificially updated presence with a threshold of 5 minutes (93.3469ms)
[2026-02-11 08:32:46.315 DBG] ViewerRepo :: UpdatePresence(twitch, 5), 0.0422ms
[2026-02-11 08:32:46.414 DBG] TwitchService :: Presence Timer :: Artificially updated presence with a threshold of 5 minutes (99.8247ms)
[2026-02-11 08:33:28.265 DBG] Credits :: Time to save 18.1662ms
[2026-02-11 08:33:46.325 DBG] ViewerRepo :: UpdatePresence(twitch, 5), 0.0331ms
[2026-02-11 08:33:46.419 DBG] TwitchService :: Presence Timer :: Artificially updated presence with a threshold of 5 minutes (94.6249ms)
[2026-02-11 08:34:21.430 DBG] ActionDispatcher :: Queueing 'Sub Goal' (361aa588-5f31-4e19-b8a5-099cae52479d, TimedAction) to 'Default' (00000000-0000-0000-0000-000000000000), with 11 arguments
[2026-02-11 08:34:21.430 DBG] ActionQueue :: 'Default' (00000000-0000-0000-0000-000000000000) :: Enqueue action 361aa588-5f31-4e19-b8a5-099cae52479d
[2026-02-11 08:34:21.430 DBG] ActionQueue :: 'Default' (00000000-0000-0000-0000-000000000000) :: Handling queue
[2026-02-11 08:34:21.430 DBG] ActionQueue :: 'Default' (00000000-0000-0000-0000-000000000000) :: Performing non-blocking 'Sub Goal' (361aa588-5f31-4e19-b8a5-099cae52479d, c35d3207-a05d-41ab-8a79-d30542112e8a)
[2026-02-11 08:34:36.821 DBG] AutoSave :: Auto saving settings...
[2026-02-11 08:34:36.842 DBG] Users :: Time to save 21.1602ms
[2026-02-11 08:34:36.867 DBG] Actions :: Time to save 25.5672ms
[2026-02-11 08:34:36.886 DBG] Commands :: Time to save 18.1499ms
[2026-02-11 08:34:36.904 DBG] Twitch Rewards :: Time to save 18.1972ms
[2026-02-11 08:34:36.920 DBG] Midi :: Time to save 16.4412ms
[2026-02-11 08:34:36.937 DBG] OBS Settings :: Time to save 16.701ms
[2026-02-11 08:34:36.955 DBG] MeldStudio Settings :: Time to save 17.332ms
[2026-02-11 08:34:36.970 DBG] Credits :: Time to save 16.1447ms
[2026-02-11 08:34:36.986 DBG] Quotes :: Time to save 15.2557ms
[2026-02-11 08:34:37.045 DBG] Config :: Time to save 20.5017ms
[2026-02-11 08:34:46.325 DBG] ViewerRepo :: UpdatePresence(twitch, 5), 0.0305ms
[2026-02-11 08:34:46.417 DBG] TwitchService :: Presence Timer :: Artificially updated presence with a threshold of 5 minutes (92.6841ms)
[2026-02-11 08:35:46.335 DBG] ViewerRepo :: UpdatePresence(twitch, 5), 0.0306ms
[2026-02-11 08:35:46.439 DBG] TwitchService :: Presence Timer :: Artificially updated presence with a threshold of 5 minutes (103.4882ms)
[2026-02-11 08:36:46.348 DBG] ViewerRepo :: UpdatePresence(twitch, 5), 0.0442ms
[2026-02-11 08:36:46.448 DBG] TwitchService :: Presence Timer :: Artificially updated presence with a threshold of 5 minutes (100.5318ms)
[2026-02-11 08:37:46.350 DBG] ViewerRepo :: UpdatePresence(twitch, 5), 0.0336ms
[2026-02-11 08:37:46.447 DBG] TwitchService :: Presence Timer :: Artificially updated presence with a threshold of 5 minutes (97.5793ms)
[2026-02-11 08:38:28.277 DBG] Credits :: Time to save 18.1528ms
[2026-02-11 08:38:46.352 DBG] ViewerRepo :: UpdatePresence(twitch, 5), 0.0335ms
[2026-02-11 08:38:46.451 DBG] TwitchService :: Presence Timer :: Artificially updated presence with a threshold of 5 minutes (99.0807ms)
[2026-02-11 08:39:37.087 DBG] AutoSave :: Auto saving settings...
[2026-02-11 08:39:37.108 DBG] Users :: Time to save 21.2089ms
[2026-02-11 08:39:37.135 DBG] Actions :: Time to save 25.9142ms
[2026-02-11 08:39:37.152 DBG] Commands :: Time to save 18.0514ms
[2026-02-11 08:39:37.172 DBG] Twitch Rewards :: Time to save 19.7049ms
[2026-02-11 08:39:37.188 DBG] Midi :: Time to save 15.8153ms
[2026-02-11 08:39:37.204 DBG] OBS Settings :: Time to save 16.2041ms
[2026-02-11 08:39:37.219 DBG] MeldStudio Settings :: Time to save 14.8845ms
[2026-02-11 08:39:37.235 DBG] Credits :: Time to save 16.0426ms
[2026-02-11 08:39:37.254 DBG] Quotes :: Time to save 17.8432ms
[2026-02-11 08:39:37.310 DBG] Config :: Time to save 20.18ms
[2026-02-11 08:39:46.354 DBG] ViewerRepo :: UpdatePresence(twitch, 5), 0.0319ms
[2026-02-11 08:39:46.447 DBG] TwitchService :: Presence Timer :: Artificially updated presence with a threshold of 5 minutes (93.2316ms)
[2026-02-11 08:40:46.356 DBG] ViewerRepo :: UpdatePresence(twitch, 5), 0.0312ms
[2026-02-11 08:40:46.451 DBG] TwitchService :: Presence Timer :: Artificially updated presence with a threshold of 5 minutes (95.4247ms)
[2026-02-11 08:41:46.377 DBG] ViewerRepo :: UpdatePresence(twitch, 5), 0.0296ms
[2026-02-11 08:41:46.476 DBG] TwitchService :: Presence Timer :: Artificially updated presence with a threshold of 5 minutes (99.0014ms)
[2026-02-11 08:42:46.389 DBG] ViewerRepo :: UpdatePresence(twitch, 5), 0.0306ms
[2026-02-11 08:42:46.485 DBG] TwitchService :: Presence Timer :: Artificially updated presence with a threshold of 5 minutes (97.0373ms)
[2026-02-11 08:43:28.288 DBG] Credits :: Time to save 16.6223ms
[2026-02-11 08:43:46.399 DBG] ViewerRepo :: UpdatePresence(twitch, 5), 0.0302ms
[2026-02-11 08:43:46.495 DBG] TwitchService :: Presence Timer :: Artificially updated presence with a threshold of 5 minutes (95.6571ms)
[2026-02-11 08:44:22.095 DBG] ActionDispatcher :: Queueing 'Sub Goal' (361aa588-5f31-4e19-b8a5-099cae52479d, TimedAction) to 'Default' (00000000-0000-0000-0000-000000000000), with 11 arguments
[2026-02-11 08:44:22.095 DBG] ActionQueue :: 'Default' (00000000-0000-0000-0000-000000000000) :: Enqueue action 361aa588-5f31-4e19-b8a5-099cae52479d
[2026-02-11 08:44:22.095 DBG] ActionQueue :: 'Default' (00000000-0000-0000-0000-000000000000) :: Handling queue
[2026-02-11 08:44:22.095 DBG] ActionQueue :: 'Default' (00000000-0000-0000-0000-000000000000) :: Performing non-blocking 'Sub Goal' (361aa588-5f31-4e19-b8a5-099cae52479d, f2529701-c518-481c-aa14-bdac6a51f669)
[2026-02-11 08:44:37.340 DBG] AutoSave :: Auto saving settings...
[2026-02-11 08:44:37.360 DBG] Users :: Time to save 20.6433ms
[2026-02-11 08:44:37.385 DBG] Actions :: Time to save 25.024ms
[2026-02-11 08:44:37.404 DBG] Commands :: Time to save 18.0276ms
[2026-02-11 08:44:37.422 DBG] Twitch Rewards :: Time to save 18.1627ms
[2026-02-11 08:44:37.437 DBG] Midi :: Time to save 15.8967ms
[2026-02-11 08:44:37.452 DBG] OBS Settings :: Time to save 15.4479ms
[2026-02-11 08:44:37.468 DBG] MeldStudio Settings :: Time to save 15.5351ms
[2026-02-11 08:44:37.484 DBG] Credits :: Time to save 15.3913ms
[2026-02-11 08:44:37.496 DBG] Quotes :: Time to save 13.0938ms
[2026-02-11 08:44:37.561 DBG] Config :: Time to save 19.6944ms
[2026-02-11 08:44:46.405 DBG] ViewerRepo :: UpdatePresence(twitch, 5), 0.0314ms
[2026-02-11 08:44:46.501 DBG] TwitchService :: Presence Timer :: Artificially updated presence with a threshold of 5 minutes (96.9207ms)
[2026-02-11 08:45:46.423 DBG] ViewerRepo :: UpdatePresence(twitch, 5), 0.0322ms
[2026-02-11 08:45:46.520 DBG] TwitchService :: Presence Timer :: Artificially updated presence with a threshold of 5 minutes (97.0695ms)
[2026-02-11 08:46:46.435 DBG] ViewerRepo :: UpdatePresence(twitch, 5), 0.031ms
[2026-02-11 08:46:46.529 DBG] TwitchService :: Presence Timer :: Artificially updated presence with a threshold of 5 minutes (94.895ms)
[2026-02-11 08:47:46.454 DBG] ViewerRepo :: UpdatePresence(twitch, 5), 0.0322ms
[2026-02-11 08:47:46.552 DBG] TwitchService :: Presence Timer :: Artificially updated presence with a threshold of 5 minutes (98.8336ms)
[2026-02-11 08:48:28.291 DBG] Credits :: Time to save 16.7581ms
[2026-02-11 08:48:46.465 DBG] ViewerRepo :: UpdatePresence(twitch, 5), 0.0306ms
[2026-02-11 08:48:46.560 DBG] TwitchService :: Presence Timer :: Artificially updated presence with a threshold of 5 minutes (94.8366ms)
[2026-02-11 08:49:37.578 DBG] AutoSave :: Auto saving settings...
[2026-02-11 08:49:37.598 DBG] Users :: Time to save 20.7318ms
[2026-02-11 08:49:37.621 DBG] Actions :: Time to save 22.7208ms
[2026-02-11 08:49:37.639 DBG] Commands :: Time to save 17.5708ms
[2026-02-11 08:49:37.656 DBG] Twitch Rewards :: Time to save 17.892ms
[2026-02-11 08:49:37.669 DBG] Midi :: Time to save 12.786ms
[2026-02-11 08:49:37.684 DBG] OBS Settings :: Time to save 15.2354ms
[2026-02-11 08:49:37.701 DBG] MeldStudio Settings :: Time to save 16.2751ms
[2026-02-11 08:49:37.717 DBG] Credits :: Time to save 16.6102ms
[2026-02-11 08:49:37.734 DBG] Quotes :: Time to save 17.1997ms
[2026-02-11 08:49:37.799 DBG] Config :: Time to save 19.5383ms
[2026-02-11 08:49:46.472 DBG] ViewerRepo :: UpdatePresence(twitch, 5), 0.0315ms
[2026-02-11 08:49:46.566 DBG] TwitchService :: Presence Timer :: Artificially updated presence with a threshold of 5 minutes (94.3082ms)
[2026-02-11 08:50:46.479 DBG] ViewerRepo :: UpdatePresence(twitch, 5), 0.0299ms
[2026-02-11 08:50:46.576 DBG] TwitchService :: Presence Timer :: Artificially updated presence with a threshold of 5 minutes (97.8904ms)
[2026-02-11 08:51:46.484 DBG] ViewerRepo :: UpdatePresence(twitch, 5), 0.0287ms
[2026-02-11 08:51:46.578 DBG] TwitchService :: Presence Timer :: Artificially updated presence with a threshold of 5 minutes (93.9525ms)
[2026-02-11 08:52:46.490 DBG] ViewerRepo :: UpdatePresence(twitch, 5), 0.0468ms
[2026-02-11 08:52:46.589 DBG] TwitchService :: Presence Timer :: Artificially updated presence with a threshold of 5 minutes (98.8117ms)
[2026-02-11 08:53:28.294 DBG] Credits :: Time to save 20.0407ms
[2026-02-11 08:53:46.497 DBG] ViewerRepo :: UpdatePresence(twitch, 5), 0.0296ms
[2026-02-11 08:53:46.590 DBG] TwitchService :: Presence Timer :: Artificially updated presence with a threshold of 5 minutes (94.3183ms)
[2026-02-11 08:54:22.152 DBG] ActionDispatcher :: Queueing 'Sub Goal' (361aa588-5f31-4e19-b8a5-099cae52479d, TimedAction) to 'Default' (00000000-0000-0000-0000-000000000000), with 11 arguments
[2026-02-11 08:54:22.152 DBG] ActionQueue :: 'Default' (00000000-0000-0000-0000-000000000000) :: Enqueue action 361aa588-5f31-4e19-b8a5-099cae52479d
[2026-02-11 08:54:22.152 DBG] ActionQueue :: 'Default' (00000000-0000-0000-0000-000000000000) :: Handling queue
[2026-02-11 08:54:22.152 DBG] ActionQueue :: 'Default' (00000000-0000-0000-0000-000000000000) :: Performing non-blocking 'Sub Goal' (361aa588-5f31-4e19-b8a5-099cae52479d, 7685ae00-7f34-4154-8dae-52c067a6d658)
[2026-02-11 08:54:37.838 DBG] AutoSave :: Auto saving settings...
[2026-02-11 08:54:37.858 DBG] Users :: Time to save 20.2243ms
[2026-02-11 08:54:37.882 DBG] Actions :: Time to save 23.8874ms
[2026-02-11 08:54:37.899 DBG] Commands :: Time to save 17.825ms
[2026-02-11 08:54:37.916 DBG] Twitch Rewards :: Time to save 17.2998ms
[2026-02-11 08:54:37.934 DBG] Midi :: Time to save 17.686ms
[2026-02-11 08:54:37.951 DBG] OBS Settings :: Time to save 16.0147ms
[2026-02-11 08:54:37.965 DBG] MeldStudio Settings :: Time to save 15.1436ms
[2026-02-11 08:54:37.981 DBG] Credits :: Time to save 15.646ms
[2026-02-11 08:54:37.999 DBG] Quotes :: Time to save 16.8891ms
[2026-02-11 08:54:38.059 DBG] Config :: Time to save 19.1515ms
[2026-02-11 08:54:46.502 DBG] ViewerRepo :: UpdatePresence(twitch, 5), 0.0359ms
[2026-02-11 08:54:46.595 DBG] TwitchService :: Presence Timer :: Artificially updated presence with a threshold of 5 minutes (93.0213ms)
[2026-02-11 08:55:46.509 DBG] ViewerRepo :: UpdatePresence(twitch, 5), 0.0306ms
[2026-02-11 08:55:46.605 DBG] TwitchService :: Presence Timer :: Artificially updated presence with a threshold of 5 minutes (96.5855ms)
[2026-02-11 08:56:46.511 DBG] ViewerRepo :: UpdatePresence(twitch, 5), 0.0357ms
[2026-02-11 08:56:46.601 DBG] TwitchService :: Presence Timer :: Artificially updated presence with a threshold of 5 minutes (90.5364ms)
[2026-02-11 08:57:46.519 DBG] ViewerRepo :: UpdatePresence(twitch, 5), 0.0311ms
[2026-02-11 08:57:46.614 DBG] TwitchService :: Presence Timer :: Artificially updated presence with a threshold of 5 minutes (95.3378ms)
[2026-02-11 08:58:28.303 DBG] Credits :: Time to save 18.9463ms
[2026-02-11 08:58:46.522 DBG] ViewerRepo :: UpdatePresence(twitch, 5), 0.0308ms
[2026-02-11 08:58:46.616 DBG] TwitchService :: Presence Timer :: Artificially updated presence with a threshold of 5 minutes (94.4443ms)
[2026-02-11 08:59:38.083 DBG] AutoSave :: Auto saving settings...
[2026-02-11 08:59:38.104 DBG] Users :: Time to save 20.808ms
[2026-02-11 08:59:38.128 DBG] Actions :: Time to save 24.3903ms
[2026-02-11 08:59:38.148 DBG] Commands :: Time to save 19.4123ms
[2026-02-11 08:59:38.166 DBG] Twitch Rewards :: Time to save 18.5334ms
[2026-02-11 08:59:38.183 DBG] Midi :: Time to save 16.8634ms
[2026-02-11 08:59:38.200 DBG] OBS Settings :: Time to save 16.8946ms
[2026-02-11 08:59:38.215 DBG] MeldStudio Settings :: Time to save 15.2313ms
[2026-02-11 08:59:38.230 DBG] Credits :: Time to save 15.0469ms
[2026-02-11 08:59:38.249 DBG] Quotes :: Time to save 17.8895ms
[2026-02-11 08:59:38.306 DBG] Config :: Time to save 20.1853ms
[2026-02-11 08:59:46.529 DBG] ViewerRepo :: UpdatePresence(twitch, 5), 0.0309ms
[2026-02-11 08:59:46.627 DBG] TwitchService :: Presence Timer :: Artificially updated presence with a threshold of 5 minutes (97.4087ms)
[2026-02-11 09:00:46.538 DBG] ViewerRepo :: UpdatePresence(twitch, 5), 0.0289ms
[2026-02-11 09:00:46.633 DBG] TwitchService :: Presence Timer :: Artificially updated presence with a threshold of 5 minutes (95.6394ms)
[2026-02-11 09:01:46.541 DBG] ViewerRepo :: UpdatePresence(twitch, 5), 0.0366ms
[2026-02-11 09:01:46.640 DBG] TwitchService :: Presence Timer :: Artificially updated presence with a threshold of 5 minutes (99.4154ms)
[2026-02-11 09:02:46.555 DBG] ViewerRepo :: UpdatePresence(twitch, 5), 0.0341ms
[2026-02-11 09:02:46.651 DBG] TwitchService :: Presence Timer :: Artificially updated presence with a threshold of 5 minutes (96.2082ms)
[2026-02-11 09:03:28.313 DBG] Credits :: Time to save 18.265ms
[2026-02-11 09:03:46.566 DBG] ViewerRepo :: UpdatePresence(twitch, 5), 0.0308ms
[2026-02-11 09:03:46.662 DBG] TwitchService :: Presence Timer :: Artificially updated presence with a threshold of 5 minutes (96.805ms)
[2026-02-11 09:04:22.968 DBG] ActionDispatcher :: Queueing 'Sub Goal' (361aa588-5f31-4e19-b8a5-099cae52479d, TimedAction) to 'Default' (00000000-0000-0000-0000-000000000000), with 11 arguments
[2026-02-11 09:04:22.968 DBG] ActionQueue :: 'Default' (00000000-0000-0000-0000-000000000000) :: Enqueue action 361aa588-5f31-4e19-b8a5-099cae52479d
[2026-02-11 09:04:22.968 DBG] ActionQueue :: 'Default' (00000000-0000-0000-0000-000000000000) :: Handling queue
[2026-02-11 09:04:22.970 DBG] ActionQueue :: 'Default' (00000000-0000-0000-0000-000000000000) :: Performing non-blocking 'Sub Goal' (361aa588-5f31-4e19-b8a5-099cae52479d, 17f3cbd4-c920-4469-b626-ec91928ee4a5)
[2026-02-11 09:04:38.317 DBG] AutoSave :: Auto saving settings...
[2026-02-11 09:04:38.339 DBG] Users :: Time to save 21.1122ms
[2026-02-11 09:04:38.362 DBG] Actions :: Time to save 23.6164ms
[2026-02-11 09:04:38.380 DBG] Commands :: Time to save 17.6654ms
[2026-02-11 09:04:38.398 DBG] Twitch Rewards :: Time to save 18.5241ms
[2026-02-11 09:04:38.410 DBG] Midi :: Time to save 11.6182ms
[2026-02-11 09:04:38.425 DBG] OBS Settings :: Time to save 14.8574ms
[2026-02-11 09:04:38.441 DBG] MeldStudio Settings :: Time to save 15.9285ms
[2026-02-11 09:04:38.456 DBG] Credits :: Time to save 15.6832ms
[2026-02-11 09:04:38.473 DBG] Quotes :: Time to save 17.0648ms
[2026-02-11 09:04:38.541 DBG] Config :: Time to save 19.8604ms
[2026-02-11 09:04:46.575 DBG] ViewerRepo :: UpdatePresence(twitch, 5), 0.0317ms
[2026-02-11 09:04:46.666 DBG] TwitchService :: Presence Timer :: Artificially updated presence with a threshold of 5 minutes (91.0084ms)
[2026-02-11 09:05:46.575 DBG] ViewerRepo :: UpdatePresence(twitch, 5), 0.0299ms
[2026-02-11 09:05:46.670 DBG] TwitchService :: Presence Timer :: Artificially updated presence with a threshold of 5 minutes (94.7513ms)
[2026-02-11 09:06:46.590 DBG] ViewerRepo :: UpdatePresence(twitch, 5), 0.0324ms
[2026-02-11 09:06:46.689 DBG] TwitchService :: Presence Timer :: Artificially updated presence with a threshold of 5 minutes (99.5738ms)
[2026-02-11 09:07:46.603 DBG] ViewerRepo :: UpdatePresence(twitch, 5), 0.031ms
[2026-02-11 09:07:46.694 DBG] TwitchService :: Presence Timer :: Artificially updated presence with a threshold of 5 minutes (91.1752ms)
[2026-02-11 09:08:28.325 DBG] Credits :: Time to save 16.9775ms
[2026-02-11 09:08:46.606 DBG] ViewerRepo :: UpdatePresence(twitch, 5), 0.0308ms
[2026-02-11 09:08:46.704 DBG] TwitchService :: Presence Timer :: Artificially updated presence with a threshold of 5 minutes (97.8268ms)
[2026-02-11 09:09:38.571 DBG] AutoSave :: Auto saving settings...
[2026-02-11 09:09:38.593 DBG] Users :: Time to save 21.4618ms
[2026-02-11 09:09:38.618 DBG] Actions :: Time to save 24.562ms
[2026-02-11 09:09:38.635 DBG] Commands :: Time to save 17.6734ms
[2026-02-11 09:09:38.653 DBG] Twitch Rewards :: Time to save 18.1874ms
[2026-02-11 09:09:38.669 DBG] Midi :: Time to save 16.4057ms
[2026-02-11 09:09:38.685 DBG] OBS Settings :: Time to save 15.4945ms
[2026-02-11 09:09:38.702 DBG] MeldStudio Settings :: Time to save 16.9639ms
[2026-02-11 09:09:38.718 DBG] Credits :: Time to save 15.5884ms
[2026-02-11 09:09:38.732 DBG] Quotes :: Time to save 14.0443ms
[2026-02-11 09:09:38.794 DBG] Config :: Time to save 20.3946ms
[2026-02-11 09:09:46.607 DBG] ViewerRepo :: UpdatePresence(twitch, 5), 0.0359ms
[2026-02-11 09:09:46.699 DBG] TwitchService :: Presence Timer :: Artificially updated presence with a threshold of 5 minutes (91.4652ms)
[2026-02-11 09:10:46.626 DBG] ViewerRepo :: UpdatePresence(twitch, 5), 0.0443ms
[2026-02-11 09:10:46.720 DBG] TwitchService :: Presence Timer :: Artificially updated presence with a threshold of 5 minutes (95.169ms)
[2026-02-11 09:11:46.637 DBG] ViewerRepo :: UpdatePresence(twitch, 5), 0.0308ms
[2026-02-11 09:11:46.733 DBG] TwitchService :: Presence Timer :: Artificially updated presence with a threshold of 5 minutes (95.5404ms)
[2026-02-11 09:12:46.645 DBG] ViewerRepo :: UpdatePresence(twitch, 5), 0.0315ms
[2026-02-11 09:12:46.745 DBG] TwitchService :: Presence Timer :: Artificially updated presence with a threshold of 5 minutes (100.5612ms)
[2026-02-11 09:13:28.343 DBG] Credits :: Time to save 19.0116ms
[2026-02-11 09:13:46.659 DBG] ViewerRepo :: UpdatePresence(twitch, 5), 0.0314ms
[2026-02-11 09:13:46.756 DBG] TwitchService :: Presence Timer :: Artificially updated presence with a threshold of 5 minutes (97.8078ms)
[2026-02-11 09:14:23.103 DBG] ActionDispatcher :: Queueing 'Sub Goal' (361aa588-5f31-4e19-b8a5-099cae52479d, TimedAction) to 'Default' (00000000-0000-0000-0000-000000000000), with 11 arguments
[2026-02-11 09:14:23.103 DBG] ActionQueue :: 'Default' (00000000-0000-0000-0000-000000000000) :: Enqueue action 361aa588-5f31-4e19-b8a5-099cae52479d
[2026-02-11 09:14:23.103 DBG] ActionQueue :: 'Default' (00000000-0000-0000-0000-000000000000) :: Handling queue
[2026-02-11 09:14:23.104 DBG] ActionQueue :: 'Default' (00000000-0000-0000-0000-000000000000) :: Performing non-blocking 'Sub Goal' (361aa588-5f31-4e19-b8a5-099cae52479d, bda540eb-77af-4a23-b91b-cae88216385e)
[2026-02-11 09:14:38.795 DBG] AutoSave :: Auto saving settings...
[2026-02-11 09:14:38.815 DBG] Users :: Time to save 20.6073ms
[2026-02-11 09:14:38.840 DBG] Actions :: Time to save 23.6908ms
[2026-02-11 09:14:38.858 DBG] Commands :: Time to save 17.9074ms
[2026-02-11 09:14:38.874 DBG] Twitch Rewards :: Time to save 17.108ms
[2026-02-11 09:14:38.890 DBG] Midi :: Time to save 15.1076ms
[2026-02-11 09:14:38.905 DBG] OBS Settings :: Time to save 15.5845ms
[2026-02-11 09:14:38.920 DBG] MeldStudio Settings :: Time to save 15.0863ms
[2026-02-11 09:14:38.936 DBG] Credits :: Time to save 15.7426ms
[2026-02-11 09:14:38.953 DBG] Quotes :: Time to save 17.0602ms
[2026-02-11 09:14:39.019 DBG] Config :: Time to save 19.5177ms
[2026-02-11 09:14:46.674 DBG] ViewerRepo :: UpdatePresence(twitch, 5), 0.0322ms
[2026-02-11 09:14:46.770 DBG] TwitchService :: Presence Timer :: Artificially updated presence with a threshold of 5 minutes (96.6412ms)
[2026-02-11 09:15:46.683 DBG] ViewerRepo :: UpdatePresence(twitch, 5), 0.0341ms
[2026-02-11 09:15:46.782 DBG] TwitchService :: Presence Timer :: Artificially updated presence with a threshold of 5 minutes (98.921ms)
[2026-02-11 09:16:46.690 DBG] ViewerRepo :: UpdatePresence(twitch, 5), 0.031ms
[2026-02-11 09:16:47.292 DBG] TwitchService :: Presence Timer :: Artificially updated presence with a threshold of 5 minutes (602.4865ms)
[2026-02-11 09:17:46.705 DBG] ViewerRepo :: UpdatePresence(twitch, 5), 0.0326ms
[2026-02-11 09:17:46.800 DBG] TwitchService :: Presence Timer :: Artificially updated presence with a threshold of 5 minutes (96.1167ms)
[2026-02-11 09:18:28.347 DBG] Credits :: Time to save 18.3423ms
[2026-02-11 09:18:46.711 DBG] ViewerRepo :: UpdatePresence(twitch, 5), 0.0335ms
[2026-02-11 09:18:46.805 DBG] TwitchService :: Presence Timer :: Artificially updated presence with a threshold of 5 minutes (94.2843ms)
[2026-02-11 09:19:39.077 DBG] AutoSave :: Auto saving settings...
[2026-02-11 09:19:39.099 DBG] Users :: Time to save 20.4384ms
[2026-02-11 09:19:39.121 DBG] Actions :: Time to save 22.1938ms
[2026-02-11 09:19:39.139 DBG] Commands :: Time to save 18.9463ms
[2026-02-11 09:19:39.158 DBG] Twitch Rewards :: Time to save 18.3588ms
[2026-02-11 09:19:39.173 DBG] Midi :: Time to save 15.8841ms
[2026-02-11 09:19:39.190 DBG] OBS Settings :: Time to save 15.9653ms
[2026-02-11 09:19:39.205 DBG] MeldStudio Settings :: Time to save 15.2529ms
[2026-02-11 09:19:39.221 DBG] Credits :: Time to save 16.0057ms
[2026-02-11 09:19:39.236 DBG] Quotes :: Time to save 14.2739ms
[2026-02-11 09:19:39.300 DBG] Config :: Time to save 19.1427ms
[2026-02-11 09:19:46.736 DBG] ViewerRepo :: UpdatePresence(twitch, 5), 0.0301ms
[2026-02-11 09:19:46.828 DBG] TwitchService :: Presence Timer :: Artificially updated presence with a threshold of 5 minutes (91.8251ms)
[2026-02-11 09:20:46.738 DBG] ViewerRepo :: UpdatePresence(twitch, 5), 0.0342ms
[2026-02-11 09:20:46.831 DBG] TwitchService :: Presence Timer :: Artificially updated presence with a threshold of 5 minutes (93.0467ms)
[2026-02-11 09:21:46.742 DBG] ViewerRepo :: UpdatePresence(twitch, 5), 0.0304ms
[2026-02-11 09:21:46.839 DBG] TwitchService :: Presence Timer :: Artificially updated presence with a threshold of 5 minutes (96.8987ms)
[2026-02-11 09:22:46.751 DBG] ViewerRepo :: UpdatePresence(twitch, 5), 0.0319ms
[2026-02-11 09:22:46.844 DBG] TwitchService :: Presence Timer :: Artificially updated presence with a threshold of 5 minutes (93.2816ms)
[2026-02-11 09:23:28.361 DBG] Credits :: Time to save 18.4057ms
[2026-02-11 09:23:46.764 DBG] ViewerRepo :: UpdatePresence(twitch, 5), 0.0312ms
[2026-02-11 09:23:46.861 DBG] TwitchService :: Presence Timer :: Artificially updated presence with a threshold of 5 minutes (97.1015ms)
[2026-02-11 09:24:23.119 DBG] ActionDispatcher :: Queueing 'Sub Goal' (361aa588-5f31-4e19-b8a5-099cae52479d, TimedAction) to 'Default' (00000000-0000-0000-0000-000000000000), with 11 arguments
[2026-02-11 09:24:23.119 DBG] ActionQueue :: 'Default' (00000000-0000-0000-0000-000000000000) :: Enqueue action 361aa588-5f31-4e19-b8a5-099cae52479d
[2026-02-11 09:24:23.119 DBG] ActionQueue :: 'Default' (00000000-0000-0000-0000-000000000000) :: Handling queue
[2026-02-11 09:24:23.119 DBG] ActionQueue :: 'Default' (00000000-0000-0000-0000-000000000000) :: Performing non-blocking 'Sub Goal' (361aa588-5f31-4e19-b8a5-099cae52479d, f70d82ba-bde2-4b52-881e-e9e96afda417)
[2026-02-11 09:24:39.309 DBG] AutoSave :: Auto saving settings...
[2026-02-11 09:24:39.330 DBG] Users :: Time to save 20.5344ms
[2026-02-11 09:24:39.354 DBG] Actions :: Time to save 24.3263ms
[2026-02-11 09:24:39.367 DBG] Commands :: Time to save 13.2719ms
[2026-02-11 09:24:39.385 DBG] Twitch Rewards :: Time to save 17.4601ms
[2026-02-11 09:24:39.401 DBG] Midi :: Time to save 15.764ms
[2026-02-11 09:24:39.416 DBG] OBS Settings :: Time to save 15.2293ms
[2026-02-11 09:24:39.431 DBG] MeldStudio Settings :: Time to save 15.984ms
[2026-02-11 09:24:39.449 DBG] Credits :: Time to save 16.1556ms
[2026-02-11 09:24:39.464 DBG] Quotes :: Time to save 15.7623ms
[2026-02-11 09:24:39.531 DBG] Config :: Time to save 20.1973ms
[2026-02-11 09:24:46.769 DBG] ViewerRepo :: UpdatePresence(twitch, 5), 0.0306ms
[2026-02-11 09:24:46.861 DBG] TwitchService :: Presence Timer :: Artificially updated presence with a threshold of 5 minutes (91.3193ms)
[2026-02-11 09:25:46.778 DBG] ViewerRepo :: UpdatePresence(twitch, 5), 0.03ms
[2026-02-11 09:25:46.880 DBG] TwitchService :: Presence Timer :: Artificially updated presence with a threshold of 5 minutes (102.1963ms)
[2026-02-11 09:26:46.784 DBG] ViewerRepo :: UpdatePresence(twitch, 5), 0.0447ms
[2026-02-11 09:26:46.881 DBG] TwitchService :: Presence Timer :: Artificially updated presence with a threshold of 5 minutes (97.4564ms)
[2026-02-11 09:27:46.796 DBG] ViewerRepo :: UpdatePresence(twitch, 5), 0.0304ms
[2026-02-11 09:27:46.893 DBG] TwitchService :: Presence Timer :: Artificially updated presence with a threshold of 5 minutes (97.0543ms)
[2026-02-11 09:28:28.380 DBG] Credits :: Time to save 18.1438ms
[2026-02-11 09:28:46.804 DBG] ViewerRepo :: UpdatePresence(twitch, 5), 0.0292ms
[2026-02-11 09:28:46.899 DBG] TwitchService :: Presence Timer :: Artificially updated presence with a threshold of 5 minutes (95.9131ms)
[2026-02-11 09:29:39.569 DBG] AutoSave :: Auto saving settings...
[2026-02-11 09:29:39.590 DBG] Users :: Time to save 20.9663ms
[2026-02-11 09:29:39.613 DBG] Actions :: Time to save 23.1523ms
[2026-02-11 09:29:39.631 DBG] Commands :: Time to save 18.546ms
[2026-02-11 09:29:39.650 DBG] Twitch Rewards :: Time to save 17.9406ms
[2026-02-11 09:29:39.666 DBG] Midi :: Time to save 16.3965ms
[2026-02-11 09:29:39.683 DBG] OBS Settings :: Time to save 16.477ms
[2026-02-11 09:29:39.701 DBG] MeldStudio Settings :: Time to save 18.5933ms
[2026-02-11 09:29:39.717 DBG] Credits :: Time to save 15.3792ms
[2026-02-11 09:29:39.735 DBG] Quotes :: Time to save 17.8598ms
[2026-02-11 09:29:39.791 DBG] Config :: Time to save 19.6634ms
[2026-02-11 09:29:46.815 DBG] ViewerRepo :: UpdatePresence(twitch, 5), 0.0311ms
[2026-02-11 09:29:46.908 DBG] TwitchService :: Presence Timer :: Artificially updated presence with a threshold of 5 minutes (93.8791ms)
[2026-02-11 09:30:46.817 DBG] ViewerRepo :: UpdatePresence(twitch, 5), 0.0303ms
[2026-02-11 09:30:46.915 DBG] TwitchService :: Presence Timer :: Artificially updated presence with a threshold of 5 minutes (97.9895ms)
[2026-02-11 09:31:46.819 DBG] ViewerRepo :: UpdatePresence(twitch, 5), 0.0309ms
[2026-02-11 09:31:46.915 DBG] TwitchService :: Presence Timer :: Artificially updated presence with a threshold of 5 minutes (95.417ms)
[2026-02-11 09:32:46.822 DBG] ViewerRepo :: UpdatePresence(twitch, 5), 0.0335ms
[2026-02-11 09:32:46.921 DBG] TwitchService :: Presence Timer :: Artificially updated presence with a threshold of 5 minutes (99.4858ms)
[2026-02-11 09:33:28.387 DBG] Credits :: Time to save 19.3231ms
[2026-02-11 09:33:46.835 DBG] ViewerRepo :: UpdatePresence(twitch, 5), 0.0327ms
[2026-02-11 09:33:46.930 DBG] TwitchService :: Presence Timer :: Artificially updated presence with a threshold of 5 minutes (95.3939ms)
[2026-02-11 09:34:23.443 DBG] ActionDispatcher :: Queueing 'Sub Goal' (361aa588-5f31-4e19-b8a5-099cae52479d, TimedAction) to 'Default' (00000000-0000-0000-0000-000000000000), with 11 arguments
[2026-02-11 09:34:23.443 DBG] ActionQueue :: 'Default' (00000000-0000-0000-0000-000000000000) :: Enqueue action 361aa588-5f31-4e19-b8a5-099cae52479d
[2026-02-11 09:34:23.443 DBG] ActionQueue :: 'Default' (00000000-0000-0000-0000-000000000000) :: Handling queue
[2026-02-11 09:34:23.443 DBG] ActionQueue :: 'Default' (00000000-0000-0000-0000-000000000000) :: Performing non-blocking 'Sub Goal' (361aa588-5f31-4e19-b8a5-099cae52479d, fb9afe55-441e-4d95-905c-e624e6500fa8)
[2026-02-11 09:34:39.793 DBG] AutoSave :: Auto saving settings...
[2026-02-11 09:34:39.811 DBG] Users :: Time to save 19.5608ms
[2026-02-11 09:34:39.836 DBG] Actions :: Time to save 23.5984ms
[2026-02-11 09:34:39.853 DBG] Commands :: Time to save 17.7098ms
[2026-02-11 09:34:39.871 DBG] Twitch Rewards :: Time to save 17.4213ms
[2026-02-11 09:34:39.884 DBG] Midi :: Time to save 12.6919ms
[2026-02-11 09:34:39.899 DBG] OBS Settings :: Time to save 15.3507ms
[2026-02-11 09:34:39.911 DBG] MeldStudio Settings :: Time to save 12.4623ms
[2026-02-11 09:34:39.927 DBG] Credits :: Time to save 16.3617ms
[2026-02-11 09:34:39.945 DBG] Quotes :: Time to save 17.2907ms
[2026-02-11 09:34:40.011 DBG] Config :: Time to save 15.4275ms
[2026-02-11 09:34:46.847 DBG] ViewerRepo :: UpdatePresence(twitch, 5), 0.0334ms
[2026-02-11 09:34:46.945 DBG] TwitchService :: Presence Timer :: Artificially updated presence with a threshold of 5 minutes (97.3858ms)
[2026-02-11 09:35:46.850 DBG] ViewerRepo :: UpdatePresence(twitch, 5), 0.0306ms
[2026-02-11 09:35:46.946 DBG] TwitchService :: Presence Timer :: Artificially updated presence with a threshold of 5 minutes (95.9141ms)
[2026-02-11 09:36:46.867 DBG] ViewerRepo :: UpdatePresence(twitch, 5), 0.0379ms
[2026-02-11 09:36:46.966 DBG] TwitchService :: Presence Timer :: Artificially updated presence with a threshold of 5 minutes (99.1402ms)
[2026-02-11 09:37:46.878 DBG] ViewerRepo :: UpdatePresence(twitch, 5), 0.0318ms
[2026-02-11 09:37:46.971 DBG] TwitchService :: Presence Timer :: Artificially updated presence with a threshold of 5 minutes (94.1992ms)
[2026-02-11 09:38:28.390 DBG] Credits :: Time to save 17.9792ms
[2026-02-11 09:38:46.880 DBG] ViewerRepo :: UpdatePresence(twitch, 5), 0.0305ms
[2026-02-11 09:38:46.976 DBG] TwitchService :: Presence Timer :: Artificially updated presence with a threshold of 5 minutes (95.8529ms)
[2026-02-11 09:39:40.035 DBG] AutoSave :: Auto saving settings...
[2026-02-11 09:39:40.055 DBG] Users :: Time to save 20.7052ms
[2026-02-11 09:39:40.080 DBG] Actions :: Time to save 24.7734ms
[2026-02-11 09:39:40.098 DBG] Commands :: Time to save 17.8259ms
[2026-02-11 09:39:40.116 DBG] Twitch Rewards :: Time to save 18.1799ms
[2026-02-11 09:39:40.134 DBG] Midi :: Time to save 17.7954ms
[2026-02-11 09:39:40.146 DBG] OBS Settings :: Time to save 11.9077ms
[2026-02-11 09:39:40.164 DBG] MeldStudio Settings :: Time to save 17.4118ms
[2026-02-11 09:39:40.179 DBG] Credits :: Time to save 16.4033ms
[2026-02-11 09:39:40.199 DBG] Quotes :: Time to save 18.5924ms
[2026-02-11 09:39:40.258 DBG] Config :: Time to save 20.5171ms
[2026-02-11 09:39:46.885 DBG] ViewerRepo :: UpdatePresence(twitch, 5), 0.032ms
[2026-02-11 09:39:46.980 DBG] TwitchService :: Presence Timer :: Artificially updated presence with a threshold of 5 minutes (96.0142ms)
[2026-02-11 09:40:46.898 DBG] ViewerRepo :: UpdatePresence(twitch, 5), 0.0299ms
[2026-02-11 09:40:46.993 DBG] TwitchService :: Presence Timer :: Artificially updated presence with a threshold of 5 minutes (94.7876ms)
[2026-02-11 09:41:46.899 DBG] ViewerRepo :: UpdatePresence(twitch, 5), 0.0301ms
[2026-02-11 09:41:46.991 DBG] TwitchService :: Presence Timer :: Artificially updated presence with a threshold of 5 minutes (92.6812ms)
[2026-02-11 09:42:46.911 DBG] ViewerRepo :: UpdatePresence(twitch, 5), 0.0302ms
[2026-02-11 09:42:47.010 DBG] TwitchService :: Presence Timer :: Artificially updated presence with a threshold of 5 minutes (99.7031ms)
[2026-02-11 09:43:28.397 DBG] Credits :: Time to save 14.2893ms
[2026-02-11 09:43:46.913 DBG] ViewerRepo :: UpdatePresence(twitch, 5), 0.0308ms
[2026-02-11 09:43:47.010 DBG] TwitchService :: Presence Timer :: Artificially updated presence with a threshold of 5 minutes (97.3224ms)
[2026-02-11 09:44:23.543 DBG] ActionDispatcher :: Queueing 'Sub Goal' (361aa588-5f31-4e19-b8a5-099cae52479d, TimedAction) to 'Default' (00000000-0000-0000-0000-000000000000), with 11 arguments
[2026-02-11 09:44:23.543 DBG] ActionQueue :: 'Default' (00000000-0000-0000-0000-000000000000) :: Enqueue action 361aa588-5f31-4e19-b8a5-099cae52479d
[2026-02-11 09:44:23.543 DBG] ActionQueue :: 'Default' (00000000-0000-0000-0000-000000000000) :: Handling queue
[2026-02-11 09:44:23.543 DBG] ActionQueue :: 'Default' (00000000-0000-0000-0000-000000000000) :: Performing non-blocking 'Sub Goal' (361aa588-5f31-4e19-b8a5-099cae52479d, 6fd7b09d-1ce4-45e7-b13a-e0c029dc9513)
[2026-02-11 09:44:40.277 DBG] AutoSave :: Auto saving settings...
[2026-02-11 09:44:40.296 DBG] Users :: Time to save 19.8105ms
[2026-02-11 09:44:40.323 DBG] Actions :: Time to save 26.1263ms
[2026-02-11 09:44:40.342 DBG] Commands :: Time to save 19.1567ms
[2026-02-11 09:44:40.361 DBG] Twitch Rewards :: Time to save 18.5848ms
[2026-02-11 09:44:40.377 DBG] Midi :: Time to save 16.0372ms
[2026-02-11 09:44:40.389 DBG] OBS Settings :: Time to save 12.4641ms
[2026-02-11 09:44:40.405 DBG] MeldStudio Settings :: Time to save 16.8625ms
[2026-02-11 09:44:40.423 DBG] Credits :: Time to save 17.2646ms
[2026-02-11 09:44:40.442 DBG] Quotes :: Time to save 18.6027ms
[2026-02-11 09:44:40.499 DBG] Config :: Time to save 20.4077ms
[2026-02-11 09:44:46.918 DBG] ViewerRepo :: UpdatePresence(twitch, 5), 0.0304ms
[2026-02-11 09:44:47.019 DBG] TwitchService :: Presence Timer :: Artificially updated presence with a threshold of 5 minutes (100.8074ms)
[2026-02-11 09:45:46.926 DBG] ViewerRepo :: UpdatePresence(twitch, 5), 0.03ms
[2026-02-11 09:45:47.019 DBG] TwitchService :: Presence Timer :: Artificially updated presence with a threshold of 5 minutes (93.4995ms)
[2026-02-11 09:46:26.961 DBG] StreamElements Socket :: Disconnected
[2026-02-11 09:46:26.961 INF] StreamElements Service :: Disconnected from Client
[2026-02-11 09:46:28.976 DBG] StreamElements Service :: Retrying client connection
[2026-02-11 09:46:28.976 INF] StreamElements Service :: Connecting to Client
[2026-02-11 09:46:28.976 DBG] StreamElements Socket :: Opening connection
[2026-02-11 09:46:29.268 INF] StreamElements Service :: Connected to Client
[2026-02-11 09:46:46.940 DBG] ViewerRepo :: UpdatePresence(twitch, 5), 0.0319ms
[2026-02-11 09:46:47.040 DBG] TwitchService :: Presence Timer :: Artificially updated presence with a threshold of 5 minutes (99.7196ms)
[2026-02-11 09:47:46.946 DBG] ViewerRepo :: UpdatePresence(twitch, 5), 0.0328ms
[2026-02-11 09:47:47.038 DBG] TwitchService :: Presence Timer :: Artificially updated presence with a threshold of 5 minutes (92.9353ms)
[2026-02-11 09:48:28.414 DBG] Credits :: Time to save 18.037ms
[2026-02-11 09:48:46.960 DBG] ViewerRepo :: UpdatePresence(twitch, 5), 0.029ms
[2026-02-11 09:48:47.059 DBG] TwitchService :: Presence Timer :: Artificially updated presence with a threshold of 5 minutes (99.1614ms)
[2026-02-11 09:49:40.527 DBG] AutoSave :: Auto saving settings...
[2026-02-11 09:49:40.542 DBG] Users :: Time to save 15.5191ms
[2026-02-11 09:49:40.565 DBG] Actions :: Time to save 23.6017ms
[2026-02-11 09:49:40.583 DBG] Commands :: Time to save 17.6367ms
[2026-02-11 09:49:40.604 DBG] Twitch Rewards :: Time to save 19.5964ms
[2026-02-11 09:49:40.621 DBG] Midi :: Time to save 18.4516ms
[2026-02-11 09:49:40.640 DBG] OBS Settings :: Time to save 18.1703ms
[2026-02-11 09:49:40.658 DBG] MeldStudio Settings :: Time to save 17.8953ms
[2026-02-11 09:49:40.675 DBG] Credits :: Time to save 17.2682ms
[2026-02-11 09:49:40.693 DBG] Quotes :: Time to save 18.2764ms
[2026-02-11 09:49:40.751 DBG] Config :: Time to save 20.1612ms
[2026-02-11 09:49:46.964 DBG] ViewerRepo :: UpdatePresence(twitch, 5), 0.0305ms
[2026-02-11 09:49:47.057 DBG] TwitchService :: Presence Timer :: Artificially updated presence with a threshold of 5 minutes (93.9353ms)
[2026-02-11 09:50:46.978 DBG] ViewerRepo :: UpdatePresence(twitch, 5), 0.0295ms
[2026-02-11 09:50:47.071 DBG] TwitchService :: Presence Timer :: Artificially updated presence with a threshold of 5 minutes (92.8792ms)
[2026-02-11 09:51:46.986 DBG] ViewerRepo :: UpdatePresence(twitch, 5), 0.0314ms
[2026-02-11 09:51:47.085 DBG] TwitchService :: Presence Timer :: Artificially updated presence with a threshold of 5 minutes (99.3154ms)
[2026-02-11 09:52:46.999 DBG] ViewerRepo :: UpdatePresence(twitch, 5), 0.0325ms
[2026-02-11 09:52:47.095 DBG] TwitchService :: Presence Timer :: Artificially updated presence with a threshold of 5 minutes (96.6776ms)
[2026-02-11 09:53:28.415 DBG] Credits :: Time to save 17.5196ms
[2026-02-11 09:53:47.005 DBG] ViewerRepo :: UpdatePresence(twitch, 5), 0.0327ms
[2026-02-11 09:53:47.097 DBG] TwitchService :: Presence Timer :: Artificially updated presence with a threshold of 5 minutes (91.3244ms)
[2026-02-11 09:54:23.793 DBG] ActionDispatcher :: Queueing 'Sub Goal' (361aa588-5f31-4e19-b8a5-099cae52479d, TimedAction) to 'Default' (00000000-0000-0000-0000-000000000000), with 11 arguments
[2026-02-11 09:54:23.793 DBG] ActionQueue :: 'Default' (00000000-0000-0000-0000-000000000000) :: Enqueue action 361aa588-5f31-4e19-b8a5-099cae52479d
[2026-02-11 09:54:23.793 DBG] ActionQueue :: 'Default' (00000000-0000-0000-0000-000000000000) :: Handling queue
[2026-02-11 09:54:23.793 DBG] ActionQueue :: 'Default' (00000000-0000-0000-0000-000000000000) :: Performing non-blocking 'Sub Goal' (361aa588-5f31-4e19-b8a5-099cae52479d, 0fd0c95f-65a7-4f19-a7fc-d798216c2473)
[2026-02-11 09:54:40.745 DBG] AutoSave :: Auto saving settings...
[2026-02-11 09:54:40.768 DBG] Users :: Time to save 23.4968ms
[2026-02-11 09:54:40.792 DBG] Actions :: Time to save 24.4963ms
[2026-02-11 09:54:40.811 DBG] Commands :: Time to save 18.9532ms
[2026-02-11 09:54:40.830 DBG] Twitch Rewards :: Time to save 18.1673ms
[2026-02-11 09:54:40.845 DBG] Midi :: Time to save 16.5525ms
[2026-02-11 09:54:40.861 DBG] OBS Settings :: Time to save 15.7642ms
[2026-02-11 09:54:40.878 DBG] MeldStudio Settings :: Time to save 15.9247ms
[2026-02-11 09:54:40.894 DBG] Credits :: Time to save 16.2306ms
[2026-02-11 09:54:40.912 DBG] Quotes :: Time to save 17.9052ms
[2026-02-11 09:54:40.969 DBG] Config :: Time to save 21.5518ms
[2026-02-11 09:54:47.015 DBG] ViewerRepo :: UpdatePresence(twitch, 5), 0.0306ms
[2026-02-11 09:54:47.111 DBG] TwitchService :: Presence Timer :: Artificially updated presence with a threshold of 5 minutes (95.6136ms)
[2026-02-11 09:55:47.026 DBG] ViewerRepo :: UpdatePresence(twitch, 5), 0.0321ms
[2026-02-11 09:55:47.124 DBG] TwitchService :: Presence Timer :: Artificially updated presence with a threshold of 5 minutes (98.8263ms)
[2026-02-11 09:56:47.027 DBG] ViewerRepo :: UpdatePresence(twitch, 5), 0.0475ms
[2026-02-11 09:56:47.120 DBG] TwitchService :: Presence Timer :: Artificially updated presence with a threshold of 5 minutes (93.4773ms)
[2026-02-11 09:57:47.041 DBG] ViewerRepo :: UpdatePresence(twitch, 5), 0.033ms
[2026-02-11 09:57:47.137 DBG] TwitchService :: Presence Timer :: Artificially updated presence with a threshold of 5 minutes (95.8492ms)
[2026-02-11 09:58:28.424 DBG] Credits :: Time to save 18.1313ms
[2026-02-11 09:58:47.056 DBG] ViewerRepo :: UpdatePresence(twitch, 5), 0.0304ms
[2026-02-11 09:58:47.151 DBG] TwitchService :: Presence Timer :: Artificially updated presence with a threshold of 5 minutes (95.8359ms)
[2026-02-11 09:59:41.012 DBG] AutoSave :: Auto saving settings...
[2026-02-11 09:59:41.032 DBG] Users :: Time to save 20.299ms
[2026-02-11 09:59:41.054 DBG] Actions :: Time to save 22.6068ms
[2026-02-11 09:59:41.072 DBG] Commands :: Time to save 17.4105ms
[2026-02-11 09:59:41.090 DBG] Twitch Rewards :: Time to save 17.1758ms
[2026-02-11 09:59:41.105 DBG] Midi :: Time to save 15.185ms
[2026-02-11 09:59:41.120 DBG] OBS Settings :: Time to save 15.1705ms
[2026-02-11 09:59:41.135 DBG] MeldStudio Settings :: Time to save 15.2005ms
[2026-02-11 09:59:41.150 DBG] Credits :: Time to save 14.7504ms
[2026-02-11 09:59:41.168 DBG] Quotes :: Time to save 17.3115ms
[2026-02-11 09:59:41.234 DBG] Config :: Time to save 19.809ms
[2026-02-11 09:59:47.069 DBG] ViewerRepo :: UpdatePresence(twitch, 5), 0.0314ms
[2026-02-11 09:59:47.164 DBG] TwitchService :: Presence Timer :: Artificially updated presence with a threshold of 5 minutes (95.6421ms)
[2026-02-11 10:00:47.080 DBG] ViewerRepo :: UpdatePresence(twitch, 5), 0.0341ms
[2026-02-11 10:00:47.179 DBG] TwitchService :: Presence Timer :: Artificially updated presence with a threshold of 5 minutes (99.5131ms)
[2026-02-11 10:01:47.088 DBG] ViewerRepo :: UpdatePresence(twitch, 5), 0.0329ms
[2026-02-11 10:01:47.189 DBG] TwitchService :: Presence Timer :: Artificially updated presence with a threshold of 5 minutes (101.6651ms)
[2026-02-11 10:02:47.091 DBG] ViewerRepo :: UpdatePresence(twitch, 5), 0.0314ms
[2026-02-11 10:02:47.186 DBG] TwitchService :: Presence Timer :: Artificially updated presence with a threshold of 5 minutes (95.2551ms)
[2026-02-11 10:03:28.442 DBG] Credits :: Time to save 20.0431ms
[2026-02-11 10:03:47.098 DBG] ViewerRepo :: UpdatePresence(twitch, 5), 0.0322ms
[2026-02-11 10:03:47.191 DBG] TwitchService :: Presence Timer :: Artificially updated presence with a threshold of 5 minutes (93.8124ms)
[2026-02-11 10:04:24.168 DBG] ActionDispatcher :: Queueing 'Sub Goal' (361aa588-5f31-4e19-b8a5-099cae52479d, TimedAction) to 'Default' (00000000-0000-0000-0000-000000000000), with 11 arguments
[2026-02-11 10:04:24.168 DBG] ActionQueue :: 'Default' (00000000-0000-0000-0000-000000000000) :: Enqueue action 361aa588-5f31-4e19-b8a5-099cae52479d
[2026-02-11 10:04:24.168 DBG] ActionQueue :: 'Default' (00000000-0000-0000-0000-000000000000) :: Handling queue
[2026-02-11 10:04:24.168 DBG] ActionQueue :: 'Default' (00000000-0000-0000-0000-000000000000) :: Performing non-blocking 'Sub Goal' (361aa588-5f31-4e19-b8a5-099cae52479d, 4021b037-4ff5-4a00-a2ca-35515e6f6e90)
[2026-02-11 10:04:41.257 DBG] AutoSave :: Auto saving settings...
[2026-02-11 10:04:41.277 DBG] Users :: Time to save 20.6983ms
[2026-02-11 10:04:41.301 DBG] Actions :: Time to save 23.791ms
[2026-02-11 10:04:41.318 DBG] Commands :: Time to save 17.2193ms
[2026-02-11 10:04:41.336 DBG] Twitch Rewards :: Time to save 18.8508ms
[2026-02-11 10:04:41.354 DBG] Midi :: Time to save 17.0109ms
[2026-02-11 10:04:41.370 DBG] OBS Settings :: Time to save 15.9024ms
[2026-02-11 10:04:41.385 DBG] MeldStudio Settings :: Time to save 15.5725ms
[2026-02-11 10:04:41.401 DBG] Credits :: Time to save 15.8346ms
[2026-02-11 10:04:41.413 DBG] Quotes :: Time to save 12.0273ms
[2026-02-11 10:04:41.479 DBG] Config :: Time to save 18.9848ms
[2026-02-11 10:04:47.099 DBG] ViewerRepo :: UpdatePresence(twitch, 5), 0.0344ms
[2026-02-11 10:04:47.197 DBG] TwitchService :: Presence Timer :: Artificially updated presence with a threshold of 5 minutes (98.1852ms)
[2026-02-11 10:05:47.104 DBG] ViewerRepo :: UpdatePresence(twitch, 5), 0.0312ms
[2026-02-11 10:05:47.197 DBG] TwitchService :: Presence Timer :: Artificially updated presence with a threshold of 5 minutes (92.5817ms)
[2026-02-11 10:06:47.110 DBG] ViewerRepo :: UpdatePresence(twitch, 5), 0.0517ms
[2026-02-11 10:06:47.207 DBG] TwitchService :: Presence Timer :: Artificially updated presence with a threshold of 5 minutes (96.839ms)
[2026-02-11 10:07:47.115 DBG] ViewerRepo :: UpdatePresence(twitch, 5), 0.0362ms
[2026-02-11 10:07:47.213 DBG] TwitchService :: Presence Timer :: Artificially updated presence with a threshold of 5 minutes (98.0182ms)
[2026-02-11 10:08:28.445 DBG] Credits :: Time to save 17.7597ms
[2026-02-11 10:08:47.130 DBG] ViewerRepo :: UpdatePresence(twitch, 5), 0.0299ms
[2026-02-11 10:08:47.224 DBG] TwitchService :: Presence Timer :: Artificially updated presence with a threshold of 5 minutes (95.4571ms)
[2026-02-11 10:09:41.505 DBG] AutoSave :: Auto saving settings...
[2026-02-11 10:09:41.527 DBG] Users :: Time to save 21.3938ms
[2026-02-11 10:09:41.549 DBG] Actions :: Time to save 23.1493ms
[2026-02-11 10:09:41.568 DBG] Commands :: Time to save 17.9203ms
[2026-02-11 10:09:41.587 DBG] Twitch Rewards :: Time to save 19.106ms
[2026-02-11 10:09:41.602 DBG] Midi :: Time to save 15.401ms
[2026-02-11 10:09:41.619 DBG] OBS Settings :: Time to save 16.784ms
[2026-02-11 10:09:41.633 DBG] MeldStudio Settings :: Time to save 14.4412ms
[2026-02-11 10:09:41.650 DBG] Credits :: Time to save 15.9283ms
[2026-02-11 10:09:41.666 DBG] Quotes :: Time to save 17.1014ms
[2026-02-11 10:09:41.728 DBG] Config :: Time to save 20.267ms
[2026-02-11 10:09:47.132 DBG] ViewerRepo :: UpdatePresence(twitch, 5), 0.0358ms
[2026-02-11 10:09:47.225 DBG] TwitchService :: Presence Timer :: Artificially updated presence with a threshold of 5 minutes (93.6659ms)
[2026-02-11 10:10:47.145 DBG] ViewerRepo :: UpdatePresence(twitch, 5), 0.0334ms
[2026-02-11 10:10:47.243 DBG] TwitchService :: Presence Timer :: Artificially updated presence with a threshold of 5 minutes (98.343ms)
[2026-02-11 10:11:40.631 DBG] ActionDispatcher :: Queueing 'Psychadelic' (1ecd9921-49c4-4bb7-a078-77f261c69e68, TwitchRewardRedemption) to 'Default' (00000000-0000-0000-0000-000000000000), initiated by atomsmasher101 with 44 arguments
[2026-02-11 10:11:40.631 DBG] ActionQueue :: 'Default' (00000000-0000-0000-0000-000000000000) :: Enqueue action 1ecd9921-49c4-4bb7-a078-77f261c69e68
[2026-02-11 10:11:40.631 DBG] ActionQueue :: 'Default' (00000000-0000-0000-0000-000000000000) :: Handling queue
[2026-02-11 10:11:40.631 DBG] ActionQueue :: 'Default' (00000000-0000-0000-0000-000000000000) :: Performing non-blocking 'Psychadelic' (1ecd9921-49c4-4bb7-a078-77f261c69e68, 3fab420b-9634-4892-bb65-9e862aa39895), initiated by atomsmasher101 with 45 arguments
[2026-02-11 10:11:40.750 DBG] StreamElements Socket :: Unknown Twitch message type 'channelpointsredemption', '{"amount":500,"username":"atomsmasher101","displayName":"AtomSmasher101","providerId":"50822403","redemption":"Psychadelic","quantity":0,"avatar":"https://static-cdn.jtvnw.net/jtv_user_pictures/b2df9826-e39c-4838-a095-4a8a17e15a8c-profile_image-300x300.png"}'
[2026-02-11 10:11:47.158 DBG] ViewerRepo :: UpdatePresence(twitch, 5), 0.0307ms
[2026-02-11 10:11:47.252 DBG] TwitchService :: Presence Timer :: Artificially updated presence with a threshold of 5 minutes (94.5134ms)
[2026-02-11 10:12:14.030 DBG] ActionDispatcher :: Queueing 'Raid' (37efd3ff-07c3-4bd5-9e86-0cf355a048e6, TwitchRaid) to 'Blocking Queue' (b010a7bd-2056-4238-9302-fad378219231), initiated by ins_aim with 25 arguments
[2026-02-11 10:12:14.032 DBG] ActionQueue :: 'Blocking Queue' (b010a7bd-2056-4238-9302-fad378219231) :: Enqueue action 37efd3ff-07c3-4bd5-9e86-0cf355a048e6
[2026-02-11 10:12:14.032 DBG] ActionQueue :: 'Blocking Queue' (b010a7bd-2056-4238-9302-fad378219231) :: Handling queue
[2026-02-11 10:12:14.032 DBG] ActionQueue :: 'Blocking Queue' (b010a7bd-2056-4238-9302-fad378219231) :: Performing blocking 'Raid' (37efd3ff-07c3-4bd5-9e86-0cf355a048e6, 20b3819b-84c9-4a59-8e1a-e2bd41e67f88), initiated by ins_aim with 26 arguments
[2026-02-11 10:12:27.549 DBG] InlineCode :: Running 'Execute' entry point from instance 'cc7b23a7-c727-4f26-8fd9-c67cee40e0f0'
[2026-02-11 10:12:39.803 DBG] Attempting to run 'Govee-Scene Change Christmas' inline
[2026-02-11 10:12:39.803 DBG] InlineCode :: Running 'PreloadedSceneChange' entry point from instance 'f2387a06-b37b-41e6-b4cc-f28f13019893'
[2026-02-11 10:12:40.095 INF] Govee Success: lightScene set to {"paramId":3972,"id":3621}
[2026-02-11 10:12:40.095 DBG] Attempting to run 'Govee-Scene Change Christmas Backlight' inline
[2026-02-11 10:12:40.095 DBG] InlineCode :: Running 'PreloadedSceneChange' entry point from instance 'f2387a06-b37b-41e6-b4cc-f28f13019893'
[2026-02-11 10:12:40.360 INF] Govee Success: lightScene set to {"paramId":2818,"id":2710}
[2026-02-11 10:12:47.159 DBG] ViewerRepo :: UpdatePresence(twitch, 5), 0.0322ms
[2026-02-11 10:12:47.258 DBG] TwitchService :: Presence Timer :: Artificially updated presence with a threshold of 5 minutes (98.8002ms)
[2026-02-11 10:13:28.451 DBG] Credits :: Time to save 14.8609ms
[2026-02-11 10:13:32.694 DBG] Attempting to run 'Govee-Scene Change White Light' inline
[2026-02-11 10:13:32.694 DBG] InlineCode :: Running 'PreloadedSceneChange' entry point from instance 'f2387a06-b37b-41e6-b4cc-f28f13019893'
[2026-02-11 10:13:33.003 INF] Govee Success: lightScene set to {"paramId":13925,"id":8864}
[2026-02-11 10:13:33.003 DBG] Attempting to run 'Govee-Color Change Atom Green Backlight' inline
[2026-02-11 10:13:33.003 DBG] InlineCode :: Running 'ColorChange' entry point from instance 'f2387a06-b37b-41e6-b4cc-f28f13019893'
[2026-02-11 10:13:33.208 INF] Govee Success: colorRgb set to 65280
[2026-02-11 10:13:34.225 DBG] InlineCode :: Running 'Execute' entry point from instance '3fea83f0-ad54-492d-a7b6-aebd7cf0a0da'
[2026-02-11 10:13:34.994 DBG] ActionDispatcher :: Queueing 'Enable Rads' (a6f39ad9-e4df-4cc5-8d10-46e610fa0067, ObsSceneChanged) to 'Default' (00000000-0000-0000-0000-000000000000), with 15 arguments
[2026-02-11 10:13:34.994 DBG] ActionQueue :: 'Default' (00000000-0000-0000-0000-000000000000) :: Enqueue action a6f39ad9-e4df-4cc5-8d10-46e610fa0067
[2026-02-11 10:13:34.994 DBG] ActionQueue :: 'Default' (00000000-0000-0000-0000-000000000000) :: Handling queue
[2026-02-11 10:13:34.994 DBG] ActionQueue :: 'Default' (00000000-0000-0000-0000-000000000000) :: Performing non-blocking 'Enable Rads' (a6f39ad9-e4df-4cc5-8d10-46e610fa0067, f37095f1-382f-4d7f-bb80-7a8c5eefc1ac)
[2026-02-11 10:13:47.162 DBG] ViewerRepo :: UpdatePresence(twitch, 5), 0.0307ms
[2026-02-11 10:13:47.256 DBG] TwitchService :: Presence Timer :: Artificially updated presence with a threshold of 5 minutes (93.7177ms)
[2026-02-11 10:13:49.129 DBG] OBS-Websocket5 :: Disconnected
[2026-02-11 10:13:49.131 DBG] OBS :: Disconnected from OBS (127.0.0.1:4455)
[2026-02-11 10:14:19.136 DBG] OBS :: Retrying obs connection to OBS (127.0.0.1:4455)
[2026-02-11 10:14:19.137 DBG] OBS :: Opening websocket connection to OBS (127.0.0.1:4455)
[2026-02-11 10:14:19.137 DBG] OBS-Websocket5 :: Opening connection (ws://127.0.0.1:4455/api/websocket)
[2026-02-11 10:14:21.155 DBG] OBS-Websocket5 :: Disconnected
[2026-02-11 10:14:21.155 DBG] OBS :: Disconnected from OBS (127.0.0.1:4455)
[2026-02-11 10:14:25.177 DBG] ActionDispatcher :: Queueing 'Sub Goal' (361aa588-5f31-4e19-b8a5-099cae52479d, TimedAction) to 'Default' (00000000-0000-0000-0000-000000000000), with 11 arguments
[2026-02-11 10:14:25.177 DBG] ActionQueue :: 'Default' (00000000-0000-0000-0000-000000000000) :: Enqueue action 361aa588-5f31-4e19-b8a5-099cae52479d
[2026-02-11 10:14:25.177 DBG] ActionQueue :: 'Default' (00000000-0000-0000-0000-000000000000) :: Handling queue
[2026-02-11 10:14:25.177 DBG] ActionQueue :: 'Default' (00000000-0000-0000-0000-000000000000) :: Performing non-blocking 'Sub Goal' (361aa588-5f31-4e19-b8a5-099cae52479d, 791dd3e7-6e35-433e-9821-f17d12572e59)
[2026-02-11 10:14:41.754 DBG] AutoSave :: Auto saving settings...
[2026-02-11 10:14:41.770 DBG] Users :: Time to save 16.1561ms
[2026-02-11 10:14:41.794 DBG] Actions :: Time to save 24.2164ms
[2026-02-11 10:14:41.809 DBG] Commands :: Time to save 14.6123ms
[2026-02-11 10:14:41.827 DBG] Twitch Rewards :: Time to save 17.993ms
[2026-02-11 10:14:41.843 DBG] Midi :: Time to save 16.287ms
[2026-02-11 10:14:41.858 DBG] OBS Settings :: Time to save 14.9729ms
[2026-02-11 10:14:41.873 DBG] MeldStudio Settings :: Time to save 15.1047ms
[2026-02-11 10:14:41.888 DBG] Credits :: Time to save 14.4385ms
[2026-02-11 10:14:41.907 DBG] Quotes :: Time to save 19.0909ms
[2026-02-11 10:14:41.977 DBG] Config :: Time to save 18.8633ms
[2026-02-11 10:14:47.163 DBG] ViewerRepo :: UpdatePresence(twitch, 5), 0.029ms
[2026-02-11 10:14:47.257 DBG] TwitchService :: Presence Timer :: Artificially updated presence with a threshold of 5 minutes (94.8146ms)
[2026-02-11 10:14:51.161 DBG] OBS :: Retrying obs connection to OBS (127.0.0.1:4455)
[2026-02-11 10:14:51.161 DBG] OBS :: Opening websocket connection to OBS (127.0.0.1:4455)
[2026-02-11 10:14:51.161 DBG] OBS-Websocket5 :: Opening connection (ws://127.0.0.1:4455/api/websocket)
[2026-02-11 10:14:53.183 DBG] OBS-Websocket5 :: Disconnected
[2026-02-11 10:14:53.183 DBG] OBS :: Disconnected from OBS (127.0.0.1:4455)
[2026-02-11 10:15:23.186 DBG] OBS :: Retrying obs connection to OBS (127.0.0.1:4455)
[2026-02-11 10:15:23.186 DBG] OBS :: Opening websocket connection to OBS (127.0.0.1:4455)
[2026-02-11 10:15:23.186 DBG] OBS-Websocket5 :: Opening connection (ws://127.0.0.1:4455/api/websocket)
[2026-02-11 10:15:25.214 DBG] OBS-Websocket5 :: Disconnected
[2026-02-11 10:15:25.214 DBG] OBS :: Disconnected from OBS (127.0.0.1:4455)
[2026-02-11 10:15:47.168 DBG] ViewerRepo :: UpdatePresence(twitch, 5), 0.0304ms
[2026-02-11 10:15:47.258 DBG] TwitchService :: Presence Timer :: Artificially updated presence with a threshold of 5 minutes (90.1786ms)
[2026-02-11 10:15:55.222 DBG] OBS :: Retrying obs connection to OBS (127.0.0.1:4455)
[2026-02-11 10:15:55.222 DBG] OBS :: Opening websocket connection to OBS (127.0.0.1:4455)
[2026-02-11 10:15:55.222 DBG] OBS-Websocket5 :: Opening connection (ws://127.0.0.1:4455/api/websocket)
[2026-02-11 10:15:57.277 DBG] OBS-Websocket5 :: Disconnected
[2026-02-11 10:15:57.277 DBG] OBS :: Disconnected from OBS (127.0.0.1:4455)
[2026-02-11 10:16:27.294 DBG] OBS :: Retrying obs connection to OBS (127.0.0.1:4455)
[2026-02-11 10:16:27.294 DBG] OBS :: Opening websocket connection to OBS (127.0.0.1:4455)
[2026-02-11 10:16:27.294 DBG] OBS-Websocket5 :: Opening connection (ws://127.0.0.1:4455/api/websocket)
[2026-02-11 10:16:29.316 DBG] OBS-Websocket5 :: Disconnected
[2026-02-11 10:16:29.316 DBG] OBS :: Disconnected from OBS (127.0.0.1:4455)
[2026-02-11 10:16:47.173 DBG] ViewerRepo :: UpdatePresence(twitch, 5), 0.0372ms
[2026-02-11 10:16:47.271 DBG] TwitchService :: Presence Timer :: Artificially updated presence with a threshold of 5 minutes (97.8884ms)
[2026-02-11 10:16:59.329 DBG] OBS :: Retrying obs connection to OBS (127.0.0.1:4455)
[2026-02-11 10:16:59.329 DBG] OBS :: Opening websocket connection to OBS (127.0.0.1:4455)
[2026-02-11 10:16:59.329 DBG] OBS-Websocket5 :: Opening connection (ws://127.0.0.1:4455/api/websocket)
[2026-02-11 10:17:01.374 DBG] OBS-Websocket5 :: Disconnected
[2026-02-11 10:17:01.374 DBG] OBS :: Disconnected from OBS (127.0.0.1:4455)
[2026-02-11 10:17:31.387 DBG] OBS :: Retrying obs connection to OBS (127.0.0.1:4455)
[2026-02-11 10:17:31.387 DBG] OBS :: Opening websocket connection to OBS (127.0.0.1:4455)
[2026-02-11 10:17:31.387 DBG] OBS-Websocket5 :: Opening connection (ws://127.0.0.1:4455/api/websocket)
[2026-02-11 10:17:33.410 DBG] OBS-Websocket5 :: Disconnected
[2026-02-11 10:17:33.410 DBG] OBS :: Disconnected from OBS (127.0.0.1:4455)
[2026-02-11 10:17:47.187 DBG] ViewerRepo :: UpdatePresence(twitch, 5), 0.0317ms
[2026-02-11 10:17:47.780 DBG] TwitchService :: Presence Timer :: Artificially updated presence with a threshold of 5 minutes (593.923ms)
[2026-02-11 10:18:03.414 DBG] OBS :: Retrying obs connection to OBS (127.0.0.1:4455)
[2026-02-11 10:18:03.414 DBG] OBS :: Opening websocket connection to OBS (127.0.0.1:4455)
[2026-02-11 10:18:03.414 DBG] OBS-Websocket5 :: Opening connection (ws://127.0.0.1:4455/api/websocket)
[2026-02-11 10:18:05.444 DBG] OBS-Websocket5 :: Disconnected
[2026-02-11 10:18:05.444 DBG] OBS :: Disconnected from OBS (127.0.0.1:4455)
[2026-02-11 10:18:28.455 DBG] Credits :: Time to save 18.0011ms
[2026-02-11 10:18:35.456 DBG] OBS :: Retrying obs connection to OBS (127.0.0.1:4455)
[2026-02-11 10:18:35.456 DBG] OBS :: Opening websocket connection to OBS (127.0.0.1:4455)
[2026-02-11 10:18:35.456 DBG] OBS-Websocket5 :: Opening connection (ws://127.0.0.1:4455/api/websocket)
[2026-02-11 10:18:37.475 DBG] OBS-Websocket5 :: Disconnected
[2026-02-11 10:18:37.475 DBG] OBS :: Disconnected from OBS (127.0.0.1:4455)
[2026-02-11 10:18:47.202 DBG] ViewerRepo :: UpdatePresence(twitch, 5), 0.0308ms
[2026-02-11 10:18:47.302 DBG] TwitchService :: Presence Timer :: Artificially updated presence with a threshold of 5 minutes (99.4687ms)
[2026-02-11 10:19:07.502 DBG] OBS :: Retrying obs connection to OBS (127.0.0.1:4455)
[2026-02-11 10:19:07.502 DBG] OBS :: Opening websocket connection to OBS (127.0.0.1:4455)
[2026-02-11 10:19:07.502 DBG] OBS-Websocket5 :: Opening connection (ws://127.0.0.1:4455/api/websocket)
[2026-02-11 10:19:09.532 DBG] OBS-Websocket5 :: Disconnected
[2026-02-11 10:19:09.532 DBG] OBS :: Disconnected from OBS (127.0.0.1:4455)
[2026-02-11 10:19:39.542 DBG] OBS :: Retrying obs connection to OBS (127.0.0.1:4455)
[2026-02-11 10:19:39.542 DBG] OBS :: Opening websocket connection to OBS (127.0.0.1:4455)
[2026-02-11 10:19:39.542 DBG] OBS-Websocket5 :: Opening connection (ws://127.0.0.1:4455/api/websocket)
[2026-02-11 10:19:41.587 DBG] OBS-Websocket5 :: Disconnected
[2026-02-11 10:19:41.587 DBG] OBS :: Disconnected from OBS (127.0.0.1:4455)
[2026-02-11 10:19:42.009 DBG] AutoSave :: Auto saving settings...
[2026-02-11 10:19:42.030 DBG] Users :: Time to save 20.8481ms
[2026-02-11 10:19:42.053 DBG] Actions :: Time to save 23.4049ms
[2026-02-11 10:19:42.071 DBG] Commands :: Time to save 17.4719ms
[2026-02-11 10:19:42.087 DBG] Twitch Rewards :: Time to save 16.7685ms
[2026-02-11 10:19:42.104 DBG] Midi :: Time to save 16.8733ms
[2026-02-11 10:19:42.119 DBG] OBS Settings :: Time to save 15.0283ms
[2026-02-11 10:19:42.135 DBG] MeldStudio Settings :: Time to save 15.5481ms
[2026-02-11 10:19:42.151 DBG] Credits :: Time to save 16.1775ms
[2026-02-11 10:19:42.168 DBG] Quotes :: Time to save 17.0724ms
[2026-02-11 10:19:42.230 DBG] Config :: Time to save 18.1412ms
[2026-02-11 10:19:47.219 DBG] ViewerRepo :: UpdatePresence(twitch, 5), 0.0301ms
[2026-02-11 10:19:47.313 DBG] TwitchService :: Presence Timer :: Artificially updated presence with a threshold of 5 minutes (95.3441ms)
[2026-02-11 10:20:11.594 DBG] OBS :: Retrying obs connection to OBS (127.0.0.1:4455)
[2026-02-11 10:20:11.594 DBG] OBS :: Opening websocket connection to OBS (127.0.0.1:4455)
[2026-02-11 10:20:11.594 DBG] OBS-Websocket5 :: Opening connection (ws://127.0.0.1:4455/api/websocket)
[2026-02-11 10:20:13.650 DBG] OBS-Websocket5 :: Disconnected
[2026-02-11 10:20:13.650 DBG] OBS :: Disconnected from OBS (127.0.0.1:4455)
[2026-02-11 10:20:34.235 ERR] Clipboard :: An error was encountered when trying to access the clipboard for the Clipboard Changed event
System.OutOfMemoryException: Insufficient memory to continue the execution of the program.
   at System.Runtime.InteropServices.ComTypes.IDataObject.EnumFormatEtc(DATADIR direction)
   at System.Windows.DataObject.OleConverter.EnumFormatEtcInner(DATADIR dwDirection)
   at System.Windows.DataObject.OleConverter.GetFormats(Boolean autoConvert)
   at System.Windows.DataObject.GetFormats()
   at _WTgC4QYWB2MJRbAeK11MyJaZgSvA._sAQbBMPls7dreE7WrofAnFOY0GO(Object , EventArgs )
[2026-02-11 10:20:43.673 DBG] OBS :: Retrying obs connection to OBS (127.0.0.1:4455)
[2026-02-11 10:20:43.673 DBG] OBS :: Opening websocket connection to OBS (127.0.0.1:4455)
[2026-02-11 10:20:43.673 DBG] OBS-Websocket5 :: Opening connection (ws://127.0.0.1:4455/api/websocket)
[2026-02-11 10:20:45.727 DBG] OBS-Websocket5 :: Disconnected
[2026-02-11 10:20:45.727 DBG] OBS :: Disconnected from OBS (127.0.0.1:4455)
[2026-02-11 10:20:47.233 DBG] ViewerRepo :: UpdatePresence(twitch, 5), 0.03ms
[2026-02-11 10:20:47.329 DBG] TwitchService :: Presence Timer :: Artificially updated presence with a threshold of 5 minutes (96.48ms)
[2026-02-11 10:21:15.736 DBG] OBS :: Retrying obs connection to OBS (127.0.0.1:4455)
[2026-02-11 10:21:15.736 DBG] OBS :: Opening websocket connection to OBS (127.0.0.1:4455)
[2026-02-11 10:21:15.736 DBG] OBS-Websocket5 :: Opening connection (ws://127.0.0.1:4455/api/websocket)
[2026-02-11 10:21:17.780 DBG] OBS-Websocket5 :: Disconnected
[2026-02-11 10:21:17.780 DBG] OBS :: Disconnected from OBS (127.0.0.1:4455)
[2026-02-11 10:21:47.238 DBG] ViewerRepo :: UpdatePresence(twitch, 5), 0.0417ms
[2026-02-11 10:21:47.373 DBG] TwitchService :: Presence Timer :: Artificially updated presence with a threshold of 5 minutes (135.5424ms)
[2026-02-11 10:21:47.788 DBG] OBS :: Retrying obs connection to OBS (127.0.0.1:4455)
[2026-02-11 10:21:47.788 DBG] OBS :: Opening websocket connection to OBS (127.0.0.1:4455)
[2026-02-11 10:21:47.788 DBG] OBS-Websocket5 :: Opening connection (ws://127.0.0.1:4455/api/websocket)
[2026-02-11 10:21:49.835 DBG] OBS-Websocket5 :: Disconnected
[2026-02-11 10:21:49.835 DBG] OBS :: Disconnected from OBS (127.0.0.1:4455)
[2026-02-11 10:22:19.836 DBG] OBS :: Retrying obs connection to OBS (127.0.0.1:4455)
[2026-02-11 10:22:19.836 DBG] OBS :: Opening websocket connection to OBS (127.0.0.1:4455)
[2026-02-11 10:22:19.836 DBG] OBS-Websocket5 :: Opening connection (ws://127.0.0.1:4455/api/websocket)
[2026-02-11 10:22:21.873 DBG] OBS-Websocket5 :: Disconnected
[2026-02-11 10:22:21.873 DBG] OBS :: Disconnected from OBS (127.0.0.1:4455)
[2026-02-11 10:22:47.249 DBG] ViewerRepo :: UpdatePresence(twitch, 5), 0.0324ms
[2026-02-11 10:22:47.346 DBG] TwitchService :: Presence Timer :: Artificially updated presence with a threshold of 5 minutes (97.759ms)
[2026-02-11 10:22:51.884 DBG] OBS :: Retrying obs connection to OBS (127.0.0.1:4455)
[2026-02-11 10:22:51.884 DBG] OBS :: Opening websocket connection to OBS (127.0.0.1:4455)
[2026-02-11 10:22:51.884 DBG] OBS-Websocket5 :: Opening connection (ws://127.0.0.1:4455/api/websocket)
[2026-02-11 10:22:53.917 DBG] OBS-Websocket5 :: Disconnected
[2026-02-11 10:22:53.917 DBG] OBS :: Disconnected from OBS (127.0.0.1:4455)
[2026-02-11 10:23:23.930 DBG] OBS :: Retrying obs connection to OBS (127.0.0.1:4455)
[2026-02-11 10:23:23.930 DBG] OBS :: Opening websocket connection to OBS (127.0.0.1:4455)
[2026-02-11 10:23:23.930 DBG] OBS-Websocket5 :: Opening connection (ws://127.0.0.1:4455/api/websocket)
[2026-02-11 10:23:25.975 DBG] OBS-Websocket5 :: Disconnected
[2026-02-11 10:23:25.975 DBG] OBS :: Disconnected from OBS (127.0.0.1:4455)
[2026-02-11 10:23:28.458 DBG] Credits :: Time to save 17.7869ms
[2026-02-11 10:23:47.259 DBG] ViewerRepo :: UpdatePresence(twitch, 5), 0.0443ms
[2026-02-11 10:23:47.360 DBG] TwitchService :: Presence Timer :: Artificially updated presence with a threshold of 5 minutes (101.3164ms)
[2026-02-11 10:23:55.987 DBG] OBS :: Retrying obs connection to OBS (127.0.0.1:4455)
[2026-02-11 10:23:55.987 DBG] OBS :: Opening websocket connection to OBS (127.0.0.1:4455)
[2026-02-11 10:23:55.987 DBG] OBS-Websocket5 :: Opening connection (ws://127.0.0.1:4455/api/websocket)
[2026-02-11 10:23:58.047 DBG] OBS-Websocket5 :: Disconnected
[2026-02-11 10:23:58.047 DBG] OBS :: Disconnected from OBS (127.0.0.1:4455)
[2026-02-11 10:24:25.308 DBG] ActionDispatcher :: Queueing 'Sub Goal' (361aa588-5f31-4e19-b8a5-099cae52479d, TimedAction) to 'Default' (00000000-0000-0000-0000-000000000000), with 11 arguments
[2026-02-11 10:24:25.308 DBG] ActionQueue :: 'Default' (00000000-0000-0000-0000-000000000000) :: Enqueue action 361aa588-5f31-4e19-b8a5-099cae52479d
[2026-02-11 10:24:25.308 DBG] ActionQueue :: 'Default' (00000000-0000-0000-0000-000000000000) :: Handling queue
[2026-02-11 10:24:25.308 DBG] ActionQueue :: 'Default' (00000000-0000-0000-0000-000000000000) :: Performing non-blocking 'Sub Goal' (361aa588-5f31-4e19-b8a5-099cae52479d, fe097753-0961-438f-9d12-fb58187b06aa)
[2026-02-11 10:24:28.056 DBG] OBS :: Retrying obs connection to OBS (127.0.0.1:4455)
[2026-02-11 10:24:28.056 DBG] OBS :: Opening websocket connection to OBS (127.0.0.1:4455)
[2026-02-11 10:24:28.056 DBG] OBS-Websocket5 :: Opening connection (ws://127.0.0.1:4455/api/websocket)
[2026-02-11 10:24:30.100 DBG] OBS-Websocket5 :: Disconnected
[2026-02-11 10:24:30.100 DBG] OBS :: Disconnected from OBS (127.0.0.1:4455)
[2026-02-11 10:24:42.247 DBG] AutoSave :: Auto saving settings...
[2026-02-11 10:24:42.269 DBG] Users :: Time to save 22.5832ms
[2026-02-11 10:24:42.312 DBG] Actions :: Time to save 42.6829ms
[2026-02-11 10:24:42.331 DBG] Commands :: Time to save 18.9415ms
[2026-02-11 10:24:42.352 DBG] Twitch Rewards :: Time to save 20.8322ms
[2026-02-11 10:24:42.371 DBG] Midi :: Time to save 18.6162ms
[2026-02-11 10:24:42.391 DBG] OBS Settings :: Time to save 20.2322ms
[2026-02-11 10:24:42.408 DBG] MeldStudio Settings :: Time to save 16.975ms
[2026-02-11 10:24:42.425 DBG] Credits :: Time to save 17.0063ms
[2026-02-11 10:24:42.442 DBG] Quotes :: Time to save 16.9958ms
[2026-02-11 10:24:42.470 DBG] Config :: Time to save 18.5647ms
[2026-02-11 10:24:47.260 DBG] ViewerRepo :: UpdatePresence(twitch, 5), 0.0294ms
[2026-02-11 10:24:47.349 DBG] TwitchService :: Presence Timer :: Artificially updated presence with a threshold of 5 minutes (89.701ms)
[2026-02-11 10:25:00.106 DBG] OBS :: Retrying obs connection to OBS (127.0.0.1:4455)
[2026-02-11 10:25:00.106 DBG] OBS :: Opening websocket connection to OBS (127.0.0.1:4455)
[2026-02-11 10:25:00.106 DBG] OBS-Websocket5 :: Opening connection (ws://127.0.0.1:4455/api/websocket)
[2026-02-11 10:25:02.164 DBG] OBS-Websocket5 :: Disconnected
[2026-02-11 10:25:02.164 DBG] OBS :: Disconnected from OBS (127.0.0.1:4455)
[2026-02-11 10:25:32.174 DBG] OBS :: Retrying obs connection to OBS (127.0.0.1:4455)
[2026-02-11 10:25:32.174 DBG] OBS :: Opening websocket connection to OBS (127.0.0.1:4455)
[2026-02-11 10:25:32.174 DBG] OBS-Websocket5 :: Opening connection (ws://127.0.0.1:4455/api/websocket)
[2026-02-11 10:25:34.213 DBG] OBS-Websocket5 :: Disconnected
[2026-02-11 10:25:34.213 DBG] OBS :: Disconnected from OBS (127.0.0.1:4455)
[2026-02-11 10:25:47.261 DBG] ViewerRepo :: UpdatePresence(twitch, 5), 0.0314ms
[2026-02-11 10:25:47.355 DBG] TwitchService :: Presence Timer :: Artificially updated presence with a threshold of 5 minutes (94.4339ms)
[2026-02-11 10:26:04.226 DBG] OBS :: Retrying obs connection to OBS (127.0.0.1:4455)
[2026-02-11 10:26:04.226 DBG] OBS :: Opening websocket connection to OBS (127.0.0.1:4455)
[2026-02-11 10:26:04.226 DBG] OBS-Websocket5 :: Opening connection (ws://127.0.0.1:4455/api/websocket)
[2026-02-11 10:26:06.256 DBG] OBS-Websocket5 :: Disconnected
[2026-02-11 10:26:06.256 DBG] OBS :: Disconnected from OBS (127.0.0.1:4455)
[2026-02-11 10:26:36.269 DBG] OBS :: Retrying obs connection to OBS (127.0.0.1:4455)
[2026-02-11 10:26:36.269 DBG] OBS :: Opening websocket connection to OBS (127.0.0.1:4455)
[2026-02-11 10:26:36.269 DBG] OBS-Websocket5 :: Opening connection (ws://127.0.0.1:4455/api/websocket)
[2026-02-11 10:26:38.300 DBG] OBS-Websocket5 :: Disconnected
[2026-02-11 10:26:38.300 DBG] OBS :: Disconnected from OBS (127.0.0.1:4455)
[2026-02-11 10:26:47.276 DBG] ViewerRepo :: UpdatePresence(twitch, 5), 0.0322ms
[2026-02-11 10:26:47.372 DBG] TwitchService :: Presence Timer :: Artificially updated presence with a threshold of 5 minutes (96.22ms)
[2026-02-11 10:27:08.314 DBG] OBS :: Retrying obs connection to OBS (127.0.0.1:4455)
[2026-02-11 10:27:08.314 DBG] OBS :: Opening websocket connection to OBS (127.0.0.1:4455)
[2026-02-11 10:27:08.314 DBG] OBS-Websocket5 :: Opening connection (ws://127.0.0.1:4455/api/websocket)
[2026-02-11 10:27:10.358 DBG] OBS-Websocket5 :: Disconnected
[2026-02-11 10:27:10.358 DBG] OBS :: Disconnected from OBS (127.0.0.1:4455)
[2026-02-11 10:27:40.360 DBG] OBS :: Retrying obs connection to OBS (127.0.0.1:4455)
[2026-02-11 10:27:40.360 DBG] OBS :: Opening websocket connection to OBS (127.0.0.1:4455)
[2026-02-11 10:27:40.360 DBG] OBS-Websocket5 :: Opening connection (ws://127.0.0.1:4455/api/websocket)
[2026-02-11 10:27:42.404 DBG] OBS-Websocket5 :: Disconnected
[2026-02-11 10:27:42.404 DBG] OBS :: Disconnected from OBS (127.0.0.1:4455)
[2026-02-11 10:27:47.292 DBG] ViewerRepo :: UpdatePresence(twitch, 5), 0.0307ms
[2026-02-11 10:27:47.383 DBG] TwitchService :: Presence Timer :: Artificially updated presence with a threshold of 5 minutes (90.9113ms)
[2026-02-11 10:28:12.410 DBG] OBS :: Retrying obs connection to OBS (127.0.0.1:4455)
[2026-02-11 10:28:12.410 DBG] OBS :: Opening websocket connection to OBS (127.0.0.1:4455)
[2026-02-11 10:28:12.410 DBG] OBS-Websocket5 :: Opening connection (ws://127.0.0.1:4455/api/websocket)
[2026-02-11 10:28:14.453 DBG] OBS-Websocket5 :: Disconnected
[2026-02-11 10:28:14.453 DBG] OBS :: Disconnected from OBS (127.0.0.1:4455)
[2026-02-11 10:28:28.473 DBG] Credits :: Time to save 17.9271ms
[2026-02-11 10:28:44.457 DBG] OBS :: Retrying obs connection to OBS (127.0.0.1:4455)
[2026-02-11 10:28:44.457 DBG] OBS :: Opening websocket connection to OBS (127.0.0.1:4455)
[2026-02-11 10:28:44.457 DBG] OBS-Websocket5 :: Opening connection (ws://127.0.0.1:4455/api/websocket)
[2026-02-11 10:28:46.485 DBG] OBS-Websocket5 :: Disconnected
[2026-02-11 10:28:46.485 DBG] OBS :: Disconnected from OBS (127.0.0.1:4455)
[2026-02-11 10:28:47.296 DBG] ViewerRepo :: UpdatePresence(twitch, 5), 0.0305ms
[2026-02-11 10:28:47.390 DBG] TwitchService :: Presence Timer :: Artificially updated presence with a threshold of 5 minutes (94.1198ms)
[2026-02-11 10:29:16.494 DBG] OBS :: Retrying obs connection to OBS (127.0.0.1:4455)
[2026-02-11 10:29:16.494 DBG] OBS :: Opening websocket connection to OBS (127.0.0.1:4455)
[2026-02-11 10:29:16.494 DBG] OBS-Websocket5 :: Opening connection (ws://127.0.0.1:4455/api/websocket)
[2026-02-11 10:29:18.524 DBG] OBS-Websocket5 :: Disconnected
[2026-02-11 10:29:18.524 DBG] OBS :: Disconnected from OBS (127.0.0.1:4455)
[2026-02-11 10:29:42.553 DBG] AutoSave :: Auto saving settings...
[2026-02-11 10:29:42.573 DBG] Users :: Time to save 20.2974ms
[2026-02-11 10:29:42.596 DBG] Actions :: Time to save 22.7724ms
[2026-02-11 10:29:42.610 DBG] Commands :: Time to save 13.7873ms
[2026-02-11 10:29:42.627 DBG] Twitch Rewards :: Time to save 17.1919ms
[2026-02-11 10:29:42.642 DBG] Midi :: Time to save 15.1305ms
[2026-02-11 10:29:42.654 DBG] OBS Settings :: Time to save 11.7496ms
[2026-02-11 10:29:42.669 DBG] MeldStudio Settings :: Time to save 15.0508ms
[2026-02-11 10:29:42.684 DBG] Credits :: Time to save 15.0909ms
[2026-02-11 10:29:42.701 DBG] Quotes :: Time to save 17.401ms
[2026-02-11 10:29:42.776 DBG] Config :: Time to save 18.9088ms
[2026-02-11 10:29:47.311 DBG] ViewerRepo :: UpdatePresence(twitch, 5), 0.0304ms
[2026-02-11 10:29:47.409 DBG] TwitchService :: Presence Timer :: Artificially updated presence with a threshold of 5 minutes (98.3452ms)
[2026-02-11 10:29:48.530 DBG] OBS :: Retrying obs connection to OBS (127.0.0.1:4455)
[2026-02-11 10:29:48.530 DBG] OBS :: Opening websocket connection to OBS (127.0.0.1:4455)
[2026-02-11 10:29:48.530 DBG] OBS-Websocket5 :: Opening connection (ws://127.0.0.1:4455/api/websocket)
[2026-02-11 10:29:50.588 DBG] OBS-Websocket5 :: Disconnected
[2026-02-11 10:29:50.588 DBG] OBS :: Disconnected from OBS (127.0.0.1:4455)
[2026-02-11 10:30:20.598 DBG] OBS :: Retrying obs connection to OBS (127.0.0.1:4455)
[2026-02-11 10:30:20.598 DBG] OBS :: Opening websocket connection to OBS (127.0.0.1:4455)
[2026-02-11 10:30:20.598 DBG] OBS-Websocket5 :: Opening connection (ws://127.0.0.1:4455/api/websocket)
[2026-02-11 10:30:22.656 DBG] OBS-Websocket5 :: Disconnected
[2026-02-11 10:30:22.656 DBG] OBS :: Disconnected from OBS (127.0.0.1:4455)
[2026-02-11 10:30:47.312 DBG] ViewerRepo :: UpdatePresence(twitch, 5), 0.0316ms
[2026-02-11 10:30:47.407 DBG] TwitchService :: Presence Timer :: Artificially updated presence with a threshold of 5 minutes (94.9128ms)
[2026-02-11 10:30:52.671 DBG] OBS :: Retrying obs connection to OBS (127.0.0.1:4455)
[2026-02-11 10:30:52.671 DBG] OBS :: Opening websocket connection to OBS (127.0.0.1:4455)
[2026-02-11 10:30:52.671 DBG] OBS-Websocket5 :: Opening connection (ws://127.0.0.1:4455/api/websocket)
[2026-02-11 10:30:54.713 DBG] OBS-Websocket5 :: Disconnected
[2026-02-11 10:30:54.713 DBG] OBS :: Disconnected from OBS (127.0.0.1:4455)
[2026-02-11 10:31:24.734 DBG] OBS :: Retrying obs connection to OBS (127.0.0.1:4455)
[2026-02-11 10:31:24.734 DBG] OBS :: Opening websocket connection to OBS (127.0.0.1:4455)
[2026-02-11 10:31:24.734 DBG] OBS-Websocket5 :: Opening connection (ws://127.0.0.1:4455/api/websocket)
[2026-02-11 10:31:26.791 DBG] OBS-Websocket5 :: Disconnected
[2026-02-11 10:31:26.791 DBG] OBS :: Disconnected from OBS (127.0.0.1:4455)
[2026-02-11 10:31:47.329 DBG] ViewerRepo :: UpdatePresence(twitch, 5), 0.03ms
[2026-02-11 10:31:47.428 DBG] TwitchService :: Presence Timer :: Artificially updated presence with a threshold of 5 minutes (99.6449ms)
[2026-02-11 10:31:56.803 DBG] OBS :: Retrying obs connection to OBS (127.0.0.1:4455)
[2026-02-11 10:31:56.803 DBG] OBS :: Opening websocket connection to OBS (127.0.0.1:4455)
[2026-02-11 10:31:56.803 DBG] OBS-Websocket5 :: Opening connection (ws://127.0.0.1:4455/api/websocket)
[2026-02-11 10:31:58.827 DBG] OBS-Websocket5 :: Disconnected
[2026-02-11 10:31:58.827 DBG] OBS :: Disconnected from OBS (127.0.0.1:4455)
[2026-02-11 10:32:28.833 DBG] OBS :: Retrying obs connection to OBS (127.0.0.1:4455)
[2026-02-11 10:32:28.833 DBG] OBS :: Opening websocket connection to OBS (127.0.0.1:4455)
[2026-02-11 10:32:28.833 DBG] OBS-Websocket5 :: Opening connection (ws://127.0.0.1:4455/api/websocket)
[2026-02-11 10:32:30.861 DBG] OBS-Websocket5 :: Disconnected
[2026-02-11 10:32:30.861 DBG] OBS :: Disconnected from OBS (127.0.0.1:4455)
[2026-02-11 10:32:47.333 DBG] ViewerRepo :: UpdatePresence(twitch, 5), 0.0624ms
[2026-02-11 10:32:47.427 DBG] TwitchService :: Presence Timer :: Artificially updated presence with a threshold of 5 minutes (94.561ms)
[2026-02-11 10:32:53.920 DBG] Streamer.bot Website Socket :: Disconnected
[2026-02-11 10:32:53.920 INF] Streamer.bot Service :: Disconnected from Website Client
[2026-02-11 10:32:55.925 DBG] Streamer.bot Service :: Retrying website client connection
[2026-02-11 10:32:55.925 INF] Streamer.bot Service :: Connecting to Website Client
[2026-02-11 10:32:55.925 DBG] Streamer.bot Website Socket :: Opening connection
[2026-02-11 10:32:56.239 INF] Streamer.bot Service :: Website Client authenticated
[2026-02-11 10:32:56.239 INF] Streamer.bot Service :: Connected to Website Client
[2026-02-11 10:33:00.867 DBG] OBS :: Retrying obs connection to OBS (127.0.0.1:4455)
[2026-02-11 10:33:00.867 DBG] OBS :: Opening websocket connection to OBS (127.0.0.1:4455)
[2026-02-11 10:33:00.867 DBG] OBS-Websocket5 :: Opening connection (ws://127.0.0.1:4455/api/websocket)
[2026-02-11 10:33:02.888 DBG] OBS-Websocket5 :: Disconnected
[2026-02-11 10:33:02.888 DBG] OBS :: Disconnected from OBS (127.0.0.1:4455)
[2026-02-11 10:33:28.486 DBG] Credits :: Time to save 16.54ms
[2026-02-11 10:33:32.893 DBG] OBS :: Retrying obs connection to OBS (127.0.0.1:4455)
[2026-02-11 10:33:32.893 DBG] OBS :: Opening websocket connection to OBS (127.0.0.1:4455)
[2026-02-11 10:33:32.893 DBG] OBS-Websocket5 :: Opening connection (ws://127.0.0.1:4455/api/websocket)
[2026-02-11 10:33:34.929 DBG] OBS-Websocket5 :: Disconnected
[2026-02-11 10:33:34.929 DBG] OBS :: Disconnected from OBS (127.0.0.1:4455)
[2026-02-11 10:33:47.348 DBG] ViewerRepo :: UpdatePresence(twitch, 5), 0.0289ms
[2026-02-11 10:33:47.443 DBG] TwitchService :: Presence Timer :: Artificially updated presence with a threshold of 5 minutes (95.3836ms)
[2026-02-11 10:34:04.935 DBG] OBS :: Retrying obs connection to OBS (127.0.0.1:4455)
[2026-02-11 10:34:04.935 DBG] OBS :: Opening websocket connection to OBS (127.0.0.1:4455)
[2026-02-11 10:34:04.935 DBG] OBS-Websocket5 :: Opening connection (ws://127.0.0.1:4455/api/websocket)
[2026-02-11 10:34:06.979 DBG] OBS-Websocket5 :: Disconnected
[2026-02-11 10:34:06.979 DBG] OBS :: Disconnected from OBS (127.0.0.1:4455)
[2026-02-11 10:34:25.888 DBG] ActionDispatcher :: Queueing 'Sub Goal' (361aa588-5f31-4e19-b8a5-099cae52479d, TimedAction) to 'Default' (00000000-0000-0000-0000-000000000000), with 11 arguments
[2026-02-11 10:34:25.888 DBG] ActionQueue :: 'Default' (00000000-0000-0000-0000-000000000000) :: Enqueue action 361aa588-5f31-4e19-b8a5-099cae52479d
[2026-02-11 10:34:25.888 DBG] ActionQueue :: 'Default' (00000000-0000-0000-0000-000000000000) :: Handling queue
[2026-02-11 10:34:25.888 DBG] ActionQueue :: 'Default' (00000000-0000-0000-0000-000000000000) :: Performing non-blocking 'Sub Goal' (361aa588-5f31-4e19-b8a5-099cae52479d, 85fa5afd-bf5d-41eb-aa27-1da5a6934fa0)
[2026-02-11 10:34:36.996 DBG] OBS :: Retrying obs connection to OBS (127.0.0.1:4455)
[2026-02-11 10:34:36.996 DBG] OBS :: Opening websocket connection to OBS (127.0.0.1:4455)
[2026-02-11 10:34:36.996 DBG] OBS-Websocket5 :: Opening connection (ws://127.0.0.1:4455/api/websocket)
[2026-02-11 10:34:39.040 DBG] OBS-Websocket5 :: Disconnected
[2026-02-11 10:34:39.040 DBG] OBS :: Disconnected from OBS (127.0.0.1:4455)
[2026-02-11 10:34:42.788 DBG] AutoSave :: Auto saving settings...
[2026-02-11 10:34:42.806 DBG] Users :: Time to save 18.761ms
[2026-02-11 10:34:42.830 DBG] Actions :: Time to save 23.2882ms
[2026-02-11 10:34:42.846 DBG] Commands :: Time to save 16.4668ms
[2026-02-11 10:34:42.862 DBG] Twitch Rewards :: Time to save 15.5219ms
[2026-02-11 10:34:42.875 DBG] Midi :: Time to save 13.5669ms
[2026-02-11 10:34:42.890 DBG] OBS Settings :: Time to save 14.527ms
[2026-02-11 10:34:42.903 DBG] MeldStudio Settings :: Time to save 13.3341ms
[2026-02-11 10:34:42.917 DBG] Credits :: Time to save 13.6623ms
[2026-02-11 10:34:42.933 DBG] Quotes :: Time to save 15.6588ms
[2026-02-11 10:34:43.010 DBG] Config :: Time to save 19.4386ms
[2026-02-11 10:34:47.362 DBG] ViewerRepo :: UpdatePresence(twitch, 5), 0.0306ms
[2026-02-11 10:34:47.459 DBG] TwitchService :: Presence Timer :: Artificially updated presence with a threshold of 5 minutes (96.6243ms)
[2026-02-11 10:35:09.052 DBG] OBS :: Retrying obs connection to OBS (127.0.0.1:4455)
[2026-02-11 10:35:09.052 DBG] OBS :: Opening websocket connection to OBS (127.0.0.1:4455)
[2026-02-11 10:35:09.052 DBG] OBS-Websocket5 :: Opening connection (ws://127.0.0.1:4455/api/websocket)
[2026-02-11 10:35:11.100 DBG] OBS-Websocket5 :: Disconnected
[2026-02-11 10:35:11.100 DBG] OBS :: Disconnected from OBS (127.0.0.1:4455)
[2026-02-11 10:35:41.105 DBG] OBS :: Retrying obs connection to OBS (127.0.0.1:4455)
[2026-02-11 10:35:41.105 DBG] OBS :: Opening websocket connection to OBS (127.0.0.1:4455)
[2026-02-11 10:35:41.105 DBG] OBS-Websocket5 :: Opening connection (ws://127.0.0.1:4455/api/websocket)
[2026-02-11 10:35:43.163 DBG] OBS-Websocket5 :: Disconnected
[2026-02-11 10:35:43.163 DBG] OBS :: Disconnected from OBS (127.0.0.1:4455)
[2026-02-11 10:35:47.370 DBG] ViewerRepo :: UpdatePresence(twitch, 5), 0.0304ms
[2026-02-11 10:35:47.463 DBG] TwitchService :: Presence Timer :: Artificially updated presence with a threshold of 5 minutes (93.2749ms)
[2026-02-11 10:36:13.178 DBG] OBS :: Retrying obs connection to OBS (127.0.0.1:4455)
[2026-02-11 10:36:13.178 DBG] OBS :: Opening websocket connection to OBS (127.0.0.1:4455)
[2026-02-11 10:36:13.178 DBG] OBS-Websocket5 :: Opening connection (ws://127.0.0.1:4455/api/websocket)
[2026-02-11 10:36:15.234 DBG] OBS-Websocket5 :: Disconnected
[2026-02-11 10:36:15.234 DBG] OBS :: Disconnected from OBS (127.0.0.1:4455)
[2026-02-11 10:36:45.235 DBG] OBS :: Retrying obs connection to OBS (127.0.0.1:4455)
[2026-02-11 10:36:45.235 DBG] OBS :: Opening websocket connection to OBS (127.0.0.1:4455)
[2026-02-11 10:36:45.235 DBG] OBS-Websocket5 :: Opening connection (ws://127.0.0.1:4455/api/websocket)
[2026-02-11 10:36:47.264 DBG] OBS-Websocket5 :: Disconnected
[2026-02-11 10:36:47.264 DBG] OBS :: Disconnected from OBS (127.0.0.1:4455)
[2026-02-11 10:36:47.373 DBG] ViewerRepo :: UpdatePresence(twitch, 5), 0.0302ms
[2026-02-11 10:36:47.465 DBG] TwitchService :: Presence Timer :: Artificially updated presence with a threshold of 5 minutes (93.1562ms)
[2026-02-11 10:37:17.275 DBG] OBS :: Retrying obs connection to OBS (127.0.0.1:4455)
[2026-02-11 10:37:17.275 DBG] OBS :: Opening websocket connection to OBS (127.0.0.1:4455)
[2026-02-11 10:37:17.275 DBG] OBS-Websocket5 :: Opening connection (ws://127.0.0.1:4455/api/websocket)
[2026-02-11 10:37:19.320 DBG] OBS-Websocket5 :: Disconnected
[2026-02-11 10:37:19.320 DBG] OBS :: Disconnected from OBS (127.0.0.1:4455)
[2026-02-11 10:37:47.384 DBG] ViewerRepo :: UpdatePresence(twitch, 5), 0.0338ms
[2026-02-11 10:37:47.482 DBG] TwitchService :: Presence Timer :: Artificially updated presence with a threshold of 5 minutes (98.9233ms)
[2026-02-11 10:37:49.333 DBG] OBS :: Retrying obs connection to OBS (127.0.0.1:4455)
[2026-02-11 10:37:49.333 DBG] OBS :: Opening websocket connection to OBS (127.0.0.1:4455)
[2026-02-11 10:37:49.333 DBG] OBS-Websocket5 :: Opening connection (ws://127.0.0.1:4455/api/websocket)
[2026-02-11 10:37:51.364 DBG] OBS-Websocket5 :: Disconnected
[2026-02-11 10:37:51.364 DBG] OBS :: Disconnected from OBS (127.0.0.1:4455)
[2026-02-11 10:38:21.378 DBG] OBS :: Retrying obs connection to OBS (127.0.0.1:4455)
[2026-02-11 10:38:21.378 DBG] OBS :: Opening websocket connection to OBS (127.0.0.1:4455)
[2026-02-11 10:38:21.378 DBG] OBS-Websocket5 :: Opening connection (ws://127.0.0.1:4455/api/websocket)
[2026-02-11 10:38:23.438 DBG] OBS-Websocket5 :: Disconnected
[2026-02-11 10:38:23.438 DBG] OBS :: Disconnected from OBS (127.0.0.1:4455)
[2026-02-11 10:38:28.496 DBG] Credits :: Time to save 21.9586ms
[2026-02-11 10:38:47.408 DBG] ViewerRepo :: UpdatePresence(twitch, 5), 0.0302ms
[2026-02-11 10:38:47.503 DBG] TwitchService :: Presence Timer :: Artificially updated presence with a threshold of 5 minutes (95.6391ms)
[2026-02-11 10:38:53.443 DBG] OBS :: Retrying obs connection to OBS (127.0.0.1:4455)
[2026-02-11 10:38:53.443 DBG] OBS :: Opening websocket connection to OBS (127.0.0.1:4455)
[2026-02-11 10:38:53.443 DBG] OBS-Websocket5 :: Opening connection (ws://127.0.0.1:4455/api/websocket)
[2026-02-11 10:38:55.486 DBG] OBS-Websocket5 :: Disconnected
[2026-02-11 10:38:55.486 DBG] OBS :: Disconnected from OBS (127.0.0.1:4455)
[2026-02-11 10:39:25.493 DBG] OBS :: Retrying obs connection to OBS (127.0.0.1:4455)
[2026-02-11 10:39:25.493 DBG] OBS :: Opening websocket connection to OBS (127.0.0.1:4455)
[2026-02-11 10:39:25.493 DBG] OBS-Websocket5 :: Opening connection (ws://127.0.0.1:4455/api/websocket)
[2026-02-11 10:39:27.522 DBG] OBS-Websocket5 :: Disconnected
[2026-02-11 10:39:27.522 DBG] OBS :: Disconnected from OBS (127.0.0.1:4455)
[2026-02-11 10:39:43.020 DBG] AutoSave :: Auto saving settings...
[2026-02-11 10:39:43.039 DBG] Users :: Time to save 19.6402ms
[2026-02-11 10:39:43.062 DBG] Actions :: Time to save 22.8434ms
[2026-02-11 10:39:43.079 DBG] Commands :: Time to save 16.5246ms
[2026-02-11 10:39:43.094 DBG] Twitch Rewards :: Time to save 14.8164ms
[2026-02-11 10:39:43.110 DBG] Midi :: Time to save 15.8844ms
[2026-02-11 10:39:43.122 DBG] OBS Settings :: Time to save 12.7094ms
[2026-02-11 10:39:43.137 DBG] MeldStudio Settings :: Time to save 14.1651ms
[2026-02-11 10:39:43.152 DBG] Credits :: Time to save 15.1743ms
[2026-02-11 10:39:43.168 DBG] Quotes :: Time to save 16.7061ms
[2026-02-11 10:39:43.245 DBG] Config :: Time to save 18.9813ms
[2026-02-11 10:39:47.418 DBG] ViewerRepo :: UpdatePresence(twitch, 5), 0.0322ms
[2026-02-11 10:39:47.528 DBG] TwitchService :: Presence Timer :: Artificially updated presence with a threshold of 5 minutes (110.1329ms)
[2026-02-11 10:39:57.529 DBG] OBS :: Retrying obs connection to OBS (127.0.0.1:4455)
[2026-02-11 10:39:57.529 DBG] OBS :: Opening websocket connection to OBS (127.0.0.1:4455)
[2026-02-11 10:39:57.529 DBG] OBS-Websocket5 :: Opening connection (ws://127.0.0.1:4455/api/websocket)
[2026-02-11 10:39:59.544 DBG] OBS-Websocket5 :: Disconnected
[2026-02-11 10:39:59.544 DBG] OBS :: Disconnected from OBS (127.0.0.1:4455)
[2026-02-11 10:40:29.562 DBG] OBS :: Retrying obs connection to OBS (127.0.0.1:4455)
[2026-02-11 10:40:29.562 DBG] OBS :: Opening websocket connection to OBS (127.0.0.1:4455)
[2026-02-11 10:40:29.562 DBG] OBS-Websocket5 :: Opening connection (ws://127.0.0.1:4455/api/websocket)
[2026-02-11 10:40:31.621 DBG] OBS-Websocket5 :: Disconnected
[2026-02-11 10:40:31.621 DBG] OBS :: Disconnected from OBS (127.0.0.1:4455)
[2026-02-11 10:40:47.431 DBG] ViewerRepo :: UpdatePresence(twitch, 5), 0.045ms
[2026-02-11 10:40:47.530 DBG] TwitchService :: Presence Timer :: Artificially updated presence with a threshold of 5 minutes (98.7064ms)
[2026-02-11 10:41:01.632 DBG] OBS :: Retrying obs connection to OBS (127.0.0.1:4455)
[2026-02-11 10:41:01.632 DBG] OBS :: Opening websocket connection to OBS (127.0.0.1:4455)
[2026-02-11 10:41:01.632 DBG] OBS-Websocket5 :: Opening connection (ws://127.0.0.1:4455/api/websocket)
[2026-02-11 10:41:03.663 DBG] OBS-Websocket5 :: Disconnected
[2026-02-11 10:41:03.663 DBG] OBS :: Disconnected from OBS (127.0.0.1:4455)
[2026-02-11 10:41:33.672 DBG] OBS :: Retrying obs connection to OBS (127.0.0.1:4455)
[2026-02-11 10:41:33.672 DBG] OBS :: Opening websocket connection to OBS (127.0.0.1:4455)
[2026-02-11 10:41:33.672 DBG] OBS-Websocket5 :: Opening connection (ws://127.0.0.1:4455/api/websocket)
[2026-02-11 10:41:35.713 DBG] OBS-Websocket5 :: Disconnected
[2026-02-11 10:41:35.713 DBG] OBS :: Disconnected from OBS (127.0.0.1:4455)
[2026-02-11 10:41:47.446 DBG] ViewerRepo :: UpdatePresence(twitch, 5), 0.0306ms
[2026-02-11 10:41:47.547 DBG] TwitchService :: Presence Timer :: Artificially updated presence with a threshold of 5 minutes (101.4034ms)
[2026-02-11 10:42:05.728 DBG] OBS :: Retrying obs connection to OBS (127.0.0.1:4455)
[2026-02-11 10:42:05.728 DBG] OBS :: Opening websocket connection to OBS (127.0.0.1:4455)
[2026-02-11 10:42:05.728 DBG] OBS-Websocket5 :: Opening connection (ws://127.0.0.1:4455/api/websocket)
[2026-02-11 10:42:07.786 DBG] OBS-Websocket5 :: Disconnected
[2026-02-11 10:42:07.786 DBG] OBS :: Disconnected from OBS (127.0.0.1:4455)
[2026-02-11 10:42:37.801 DBG] OBS :: Retrying obs connection to OBS (127.0.0.1:4455)
[2026-02-11 10:42:37.801 DBG] OBS :: Opening websocket connection to OBS (127.0.0.1:4455)
[2026-02-11 10:42:37.801 DBG] OBS-Websocket5 :: Opening connection (ws://127.0.0.1:4455/api/websocket)
[2026-02-11 10:42:39.859 DBG] OBS-Websocket5 :: Disconnected
[2026-02-11 10:42:39.859 DBG] OBS :: Disconnected from OBS (127.0.0.1:4455)
[2026-02-11 10:42:47.450 DBG] ViewerRepo :: UpdatePresence(twitch, 5), 0.0322ms
[2026-02-11 10:42:47.546 DBG] TwitchService :: Presence Timer :: Artificially updated presence with a threshold of 5 minutes (96.5437ms)
[2026-02-11 10:43:09.870 DBG] OBS :: Retrying obs connection to OBS (127.0.0.1:4455)
[2026-02-11 10:43:09.870 DBG] OBS :: Opening websocket connection to OBS (127.0.0.1:4455)
[2026-02-11 10:43:09.870 DBG] OBS-Websocket5 :: Opening connection (ws://127.0.0.1:4455/api/websocket)
[2026-02-11 10:43:11.912 DBG] OBS-Websocket5 :: Disconnected
[2026-02-11 10:43:11.912 DBG] OBS :: Disconnected from OBS (127.0.0.1:4455)
[2026-02-11 10:43:28.495 DBG] Credits :: Time to save 16.7228ms
[2026-02-11 10:43:41.926 DBG] OBS :: Retrying obs connection to OBS (127.0.0.1:4455)
[2026-02-11 10:43:41.926 DBG] OBS :: Opening websocket connection to OBS (127.0.0.1:4455)
[2026-02-11 10:43:41.926 DBG] OBS-Websocket5 :: Opening connection (ws://127.0.0.1:4455/api/websocket)
[2026-02-11 10:43:43.962 DBG] OBS-Websocket5 :: Disconnected
[2026-02-11 10:43:43.962 DBG] OBS :: Disconnected from OBS (127.0.0.1:4455)
[2026-02-11 10:43:47.463 DBG] ViewerRepo :: UpdatePresence(twitch, 5), 0.0328ms
[2026-02-11 10:43:47.557 DBG] TwitchService :: Presence Timer :: Artificially updated presence with a threshold of 5 minutes (94.1089ms)
[2026-02-11 10:44:13.977 DBG] OBS :: Retrying obs connection to OBS (127.0.0.1:4455)
[2026-02-11 10:44:13.977 DBG] OBS :: Opening websocket connection to OBS (127.0.0.1:4455)
[2026-02-11 10:44:13.977 DBG] OBS-Websocket5 :: Opening connection (ws://127.0.0.1:4455/api/websocket)
[2026-02-11 10:44:16.008 DBG] OBS-Websocket5 :: Disconnected
[2026-02-11 10:44:16.008 DBG] OBS :: Disconnected from OBS (127.0.0.1:4455)
[2026-02-11 10:44:26.292 DBG] ActionDispatcher :: Queueing 'Sub Goal' (361aa588-5f31-4e19-b8a5-099cae52479d, TimedAction) to 'Default' (00000000-0000-0000-0000-000000000000), with 11 arguments
[2026-02-11 10:44:26.292 DBG] ActionQueue :: 'Default' (00000000-0000-0000-0000-000000000000) :: Enqueue action 361aa588-5f31-4e19-b8a5-099cae52479d
[2026-02-11 10:44:26.292 DBG] ActionQueue :: 'Default' (00000000-0000-0000-0000-000000000000) :: Handling queue
[2026-02-11 10:44:26.292 DBG] ActionQueue :: 'Default' (00000000-0000-0000-0000-000000000000) :: Performing non-blocking 'Sub Goal' (361aa588-5f31-4e19-b8a5-099cae52479d, ae773156-cde4-4e69-9386-b0b84706d9f1)
[2026-02-11 10:44:43.265 DBG] AutoSave :: Auto saving settings...
[2026-02-11 10:44:43.285 DBG] Users :: Time to save 19.9307ms
[2026-02-11 10:44:43.312 DBG] Actions :: Time to save 27.2818ms
[2026-02-11 10:44:43.332 DBG] Commands :: Time to save 20.4041ms
[2026-02-11 10:44:43.353 DBG] Twitch Rewards :: Time to save 21.0502ms
[2026-02-11 10:44:43.370 DBG] Midi :: Time to save 16.2756ms
[2026-02-11 10:44:43.385 DBG] OBS Settings :: Time to save 15.3185ms
[2026-02-11 10:44:43.400 DBG] MeldStudio Settings :: Time to save 14.8727ms
[2026-02-11 10:44:43.415 DBG] Credits :: Time to save 14.8ms
[2026-02-11 10:44:43.431 DBG] Quotes :: Time to save 15.7992ms
[2026-02-11 10:44:43.487 DBG] Config :: Time to save 19.2245ms
[2026-02-11 10:44:46.015 DBG] OBS :: Retrying obs connection to OBS (127.0.0.1:4455)
[2026-02-11 10:44:46.015 DBG] OBS :: Opening websocket connection to OBS (127.0.0.1:4455)
[2026-02-11 10:44:46.015 DBG] OBS-Websocket5 :: Opening connection (ws://127.0.0.1:4455/api/websocket)
[2026-02-11 10:44:47.472 DBG] ViewerRepo :: UpdatePresence(twitch, 5), 0.0292ms
[2026-02-11 10:44:47.566 DBG] TwitchService :: Presence Timer :: Artificially updated presence with a threshold of 5 minutes (94.1025ms)
[2026-02-11 10:44:48.040 DBG] OBS-Websocket5 :: Disconnected
[2026-02-11 10:44:48.040 DBG] OBS :: Disconnected from OBS (127.0.0.1:4455)
[2026-02-11 10:45:18.062 DBG] OBS :: Retrying obs connection to OBS (127.0.0.1:4455)
[2026-02-11 10:45:18.062 DBG] OBS :: Opening websocket connection to OBS (127.0.0.1:4455)
[2026-02-11 10:45:18.062 DBG] OBS-Websocket5 :: Opening connection (ws://127.0.0.1:4455/api/websocket)
[2026-02-11 10:45:20.083 DBG] OBS-Websocket5 :: Disconnected
[2026-02-11 10:45:20.083 DBG] OBS :: Disconnected from OBS (127.0.0.1:4455)
[2026-02-11 10:45:47.478 DBG] ViewerRepo :: UpdatePresence(twitch, 5), 0.044ms
[2026-02-11 10:45:47.573 DBG] TwitchService :: Presence Timer :: Artificially updated presence with a threshold of 5 minutes (94.6325ms)
[2026-02-11 10:45:50.087 DBG] OBS :: Retrying obs connection to OBS (127.0.0.1:4455)
[2026-02-11 10:45:50.087 DBG] OBS :: Opening websocket connection to OBS (127.0.0.1:4455)
[2026-02-11 10:45:50.087 DBG] OBS-Websocket5 :: Opening connection (ws://127.0.0.1:4455/api/websocket)
[2026-02-11 10:45:52.131 DBG] OBS-Websocket5 :: Disconnected
[2026-02-11 10:45:52.131 DBG] OBS :: Disconnected from OBS (127.0.0.1:4455)
[2026-02-11 10:46:22.134 DBG] OBS :: Retrying obs connection to OBS (127.0.0.1:4455)
[2026-02-11 10:46:22.134 DBG] OBS :: Opening websocket connection to OBS (127.0.0.1:4455)
[2026-02-11 10:46:22.134 DBG] OBS-Websocket5 :: Opening connection (ws://127.0.0.1:4455/api/websocket)
[2026-02-11 10:46:24.192 DBG] OBS-Websocket5 :: Disconnected
[2026-02-11 10:46:24.192 DBG] OBS :: Disconnected from OBS (127.0.0.1:4455)
[2026-02-11 10:46:37.460 DBG] StreamElements Socket :: Disconnected
[2026-02-11 10:46:37.462 INF] StreamElements Service :: Disconnected from Client
[2026-02-11 10:46:39.473 DBG] StreamElements Service :: Retrying client connection
[2026-02-11 10:46:39.473 INF] StreamElements Service :: Connecting to Client
[2026-02-11 10:46:39.473 DBG] StreamElements Socket :: Opening connection
[2026-02-11 10:46:39.765 INF] StreamElements Service :: Connected to Client
[2026-02-11 10:46:47.494 DBG] ViewerRepo :: UpdatePresence(twitch, 5), 0.0303ms
[2026-02-11 10:46:47.589 DBG] TwitchService :: Presence Timer :: Artificially updated presence with a threshold of 5 minutes (95.21ms)
[2026-02-11 10:46:54.207 DBG] OBS :: Retrying obs connection to OBS (127.0.0.1:4455)
[2026-02-11 10:46:54.207 DBG] OBS :: Opening websocket connection to OBS (127.0.0.1:4455)
[2026-02-11 10:46:54.207 DBG] OBS-Websocket5 :: Opening connection (ws://127.0.0.1:4455/api/websocket)
[2026-02-11 10:46:56.250 DBG] OBS-Websocket5 :: Disconnected
[2026-02-11 10:46:56.250 DBG] OBS :: Disconnected from OBS (127.0.0.1:4455)
[2026-02-11 10:47:26.260 DBG] OBS :: Retrying obs connection to OBS (127.0.0.1:4455)
[2026-02-11 10:47:26.260 DBG] OBS :: Opening websocket connection to OBS (127.0.0.1:4455)
[2026-02-11 10:47:26.260 DBG] OBS-Websocket5 :: Opening connection (ws://127.0.0.1:4455/api/websocket)
[2026-02-11 10:47:28.316 DBG] OBS-Websocket5 :: Disconnected
[2026-02-11 10:47:28.316 DBG] OBS :: Disconnected from OBS (127.0.0.1:4455)
[2026-02-11 10:47:47.503 DBG] ViewerRepo :: UpdatePresence(twitch, 5), 0.0302ms
[2026-02-11 10:47:47.599 DBG] TwitchService :: Presence Timer :: Artificially updated presence with a threshold of 5 minutes (96.662ms)
[2026-02-11 10:47:58.323 DBG] OBS :: Retrying obs connection to OBS (127.0.0.1:4455)
[2026-02-11 10:47:58.323 DBG] OBS :: Opening websocket connection to OBS (127.0.0.1:4455)
[2026-02-11 10:47:58.323 DBG] OBS-Websocket5 :: Opening connection (ws://127.0.0.1:4455/api/websocket)
[2026-02-11 10:48:00.359 DBG] OBS-Websocket5 :: Disconnected
[2026-02-11 10:48:00.359 DBG] OBS :: Disconnected from OBS (127.0.0.1:4455)
[2026-02-11 10:48:28.500 DBG] Credits :: Time to save 17.3599ms
[2026-02-11 10:48:30.366 DBG] OBS :: Retrying obs connection to OBS (127.0.0.1:4455)
[2026-02-11 10:48:30.366 DBG] OBS :: Opening websocket connection to OBS (127.0.0.1:4455)
[2026-02-11 10:48:30.366 DBG] OBS-Websocket5 :: Opening connection (ws://127.0.0.1:4455/api/websocket)
[2026-02-11 10:48:32.378 DBG] OBS-Websocket5 :: Disconnected
[2026-02-11 10:48:32.378 DBG] OBS :: Disconnected from OBS (127.0.0.1:4455)
[2026-02-11 10:48:47.510 DBG] ViewerRepo :: UpdatePresence(twitch, 5), 0.0305ms
[2026-02-11 10:48:47.607 DBG] TwitchService :: Presence Timer :: Artificially updated presence with a threshold of 5 minutes (96.4242ms)
[2026-02-11 10:49:02.384 DBG] OBS :: Retrying obs connection to OBS (127.0.0.1:4455)
[2026-02-11 10:49:02.384 DBG] OBS :: Opening websocket connection to OBS (127.0.0.1:4455)
[2026-02-11 10:49:02.384 DBG] OBS-Websocket5 :: Opening connection (ws://127.0.0.1:4455/api/websocket)
[2026-02-11 10:49:04.419 DBG] OBS-Websocket5 :: Disconnected
[2026-02-11 10:49:04.419 DBG] OBS :: Disconnected from OBS (127.0.0.1:4455)
[2026-02-11 10:49:34.427 DBG] OBS :: Retrying obs connection to OBS (127.0.0.1:4455)
[2026-02-11 10:49:34.427 DBG] OBS :: Opening websocket connection to OBS (127.0.0.1:4455)
[2026-02-11 10:49:34.427 DBG] OBS-Websocket5 :: Opening connection (ws://127.0.0.1:4455/api/websocket)
[2026-02-11 10:49:36.469 DBG] OBS-Websocket5 :: Disconnected
[2026-02-11 10:49:36.469 DBG] OBS :: Disconnected from OBS (127.0.0.1:4455)
[2026-02-11 10:49:43.498 DBG] AutoSave :: Auto saving settings...
[2026-02-11 10:49:43.520 DBG] Users :: Time to save 21.6953ms
[2026-02-11 10:49:43.546 DBG] Actions :: Time to save 25.4463ms
[2026-02-11 10:49:43.567 DBG] Commands :: Time to save 21.4646ms
[2026-02-11 10:49:43.588 DBG] Twitch Rewards :: Time to save 21.1763ms
[2026-02-11 10:49:43.606 DBG] Midi :: Time to save 18.1459ms
[2026-02-11 10:49:43.625 DBG] OBS Settings :: Time to save 18.26ms
[2026-02-11 10:49:43.643 DBG] MeldStudio Settings :: Time to save 18.6782ms
[2026-02-11 10:49:43.662 DBG] Credits :: Time to save 18.9686ms
[2026-02-11 10:49:43.682 DBG] Quotes :: Time to save 20.476ms
[2026-02-11 10:49:43.725 DBG] Config :: Time to save 24.0824ms
[2026-02-11 10:49:47.523 DBG] ViewerRepo :: UpdatePresence(twitch, 5), 0.0344ms
[2026-02-11 10:49:47.632 DBG] TwitchService :: Presence Timer :: Artificially updated presence with a threshold of 5 minutes (109.7171ms)
[2026-02-11 10:50:06.480 DBG] OBS :: Retrying obs connection to OBS (127.0.0.1:4455)
[2026-02-11 10:50:06.480 DBG] OBS :: Opening websocket connection to OBS (127.0.0.1:4455)
[2026-02-11 10:50:06.480 DBG] OBS-Websocket5 :: Opening connection (ws://127.0.0.1:4455/api/websocket)
[2026-02-11 10:50:08.524 DBG] OBS-Websocket5 :: Disconnected
[2026-02-11 10:50:08.524 DBG] OBS :: Disconnected from OBS (127.0.0.1:4455)
[2026-02-11 10:50:38.530 DBG] OBS :: Retrying obs connection to OBS (127.0.0.1:4455)
[2026-02-11 10:50:38.530 DBG] OBS :: Opening websocket connection to OBS (127.0.0.1:4455)
[2026-02-11 10:50:38.530 DBG] OBS-Websocket5 :: Opening connection (ws://127.0.0.1:4455/api/websocket)
[2026-02-11 10:50:40.553 DBG] OBS-Websocket5 :: Disconnected
[2026-02-11 10:50:40.553 DBG] OBS :: Disconnected from OBS (127.0.0.1:4455)
[2026-02-11 10:50:47.525 DBG] ViewerRepo :: UpdatePresence(twitch, 5), 0.0332ms
[2026-02-11 10:50:47.621 DBG] TwitchService :: Presence Timer :: Artificially updated presence with a threshold of 5 minutes (96.0736ms)
[2026-02-11 10:51:10.560 DBG] OBS :: Retrying obs connection to OBS (127.0.0.1:4455)
[2026-02-11 10:51:10.560 DBG] OBS :: Opening websocket connection to OBS (127.0.0.1:4455)
[2026-02-11 10:51:10.560 DBG] OBS-Websocket5 :: Opening connection (ws://127.0.0.1:4455/api/websocket)
[2026-02-11 10:51:12.603 DBG] OBS-Websocket5 :: Disconnected
[2026-02-11 10:51:12.603 DBG] OBS :: Disconnected from OBS (127.0.0.1:4455)
[2026-02-11 10:51:42.607 DBG] OBS :: Retrying obs connection to OBS (127.0.0.1:4455)
[2026-02-11 10:51:42.607 DBG] OBS :: Opening websocket connection to OBS (127.0.0.1:4455)
[2026-02-11 10:51:42.607 DBG] OBS-Websocket5 :: Opening connection (ws://127.0.0.1:4455/api/websocket)
[2026-02-11 10:51:44.633 DBG] OBS-Websocket5 :: Disconnected
[2026-02-11 10:51:44.633 DBG] OBS :: Disconnected from OBS (127.0.0.1:4455)
[2026-02-11 10:51:47.534 DBG] ViewerRepo :: UpdatePresence(twitch, 5), 0.0293ms
[2026-02-11 10:51:47.629 DBG] TwitchService :: Presence Timer :: Artificially updated presence with a threshold of 5 minutes (95.5991ms)
[2026-02-11 10:52:14.648 DBG] OBS :: Retrying obs connection to OBS (127.0.0.1:4455)
[2026-02-11 10:52:14.648 DBG] OBS :: Opening websocket connection to OBS (127.0.0.1:4455)
[2026-02-11 10:52:14.648 DBG] OBS-Websocket5 :: Opening connection (ws://127.0.0.1:4455/api/websocket)
[2026-02-11 10:52:16.691 DBG] OBS-Websocket5 :: Disconnected
[2026-02-11 10:52:16.691 DBG] OBS :: Disconnected from OBS (127.0.0.1:4455)
[2026-02-11 10:52:46.702 DBG] OBS :: Retrying obs connection to OBS (127.0.0.1:4455)
[2026-02-11 10:52:46.702 DBG] OBS :: Opening websocket connection to OBS (127.0.0.1:4455)
[2026-02-11 10:52:46.702 DBG] OBS-Websocket5 :: Opening connection (ws://127.0.0.1:4455/api/websocket)
[2026-02-11 10:52:47.547 DBG] ViewerRepo :: UpdatePresence(twitch, 5), 0.0307ms
[2026-02-11 10:52:47.642 DBG] TwitchService :: Presence Timer :: Artificially updated presence with a threshold of 5 minutes (95.3548ms)
[2026-02-11 10:52:48.735 DBG] OBS-Websocket5 :: Disconnected
[2026-02-11 10:52:48.735 DBG] OBS :: Disconnected from OBS (127.0.0.1:4455)
[2026-02-11 10:53:18.737 DBG] OBS :: Retrying obs connection to OBS (127.0.0.1:4455)
[2026-02-11 10:53:18.737 DBG] OBS :: Opening websocket connection to OBS (127.0.0.1:4455)
[2026-02-11 10:53:18.737 DBG] OBS-Websocket5 :: Opening connection (ws://127.0.0.1:4455/api/websocket)
[2026-02-11 10:53:20.766 DBG] OBS-Websocket5 :: Disconnected
[2026-02-11 10:53:20.766 DBG] OBS :: Disconnected from OBS (127.0.0.1:4455)
[2026-02-11 10:53:28.499 DBG] Credits :: Time to save 13.1144ms
[2026-02-11 10:53:47.559 DBG] ViewerRepo :: UpdatePresence(twitch, 5), 0.0404ms
[2026-02-11 10:53:47.655 DBG] TwitchService :: Presence Timer :: Artificially updated presence with a threshold of 5 minutes (96.634ms)
[2026-02-11 10:53:50.774 DBG] OBS :: Retrying obs connection to OBS (127.0.0.1:4455)
[2026-02-11 10:53:50.774 DBG] OBS :: Opening websocket connection to OBS (127.0.0.1:4455)
[2026-02-11 10:53:50.774 DBG] OBS-Websocket5 :: Opening connection (ws://127.0.0.1:4455/api/websocket)
[2026-02-11 10:53:52.791 DBG] OBS-Websocket5 :: Disconnected
[2026-02-11 10:53:52.791 DBG] OBS :: Disconnected from OBS (127.0.0.1:4455)
[2026-02-11 10:54:22.795 DBG] OBS :: Retrying obs connection to OBS (127.0.0.1:4455)
[2026-02-11 10:54:22.795 DBG] OBS :: Opening websocket connection to OBS (127.0.0.1:4455)
[2026-02-11 10:54:22.795 DBG] OBS-Websocket5 :: Opening connection (ws://127.0.0.1:4455/api/websocket)
[2026-02-11 10:54:24.851 DBG] OBS-Websocket5 :: Disconnected
[2026-02-11 10:54:24.851 DBG] OBS :: Disconnected from OBS (127.0.0.1:4455)
[2026-02-11 10:54:27.169 DBG] ActionDispatcher :: Queueing 'Sub Goal' (361aa588-5f31-4e19-b8a5-099cae52479d, TimedAction) to 'Default' (00000000-0000-0000-0000-000000000000), with 11 arguments
[2026-02-11 10:54:27.169 DBG] ActionQueue :: 'Default' (00000000-0000-0000-0000-000000000000) :: Enqueue action 361aa588-5f31-4e19-b8a5-099cae52479d
[2026-02-11 10:54:27.169 DBG] ActionQueue :: 'Default' (00000000-0000-0000-0000-000000000000) :: Handling queue
[2026-02-11 10:54:27.169 DBG] ActionQueue :: 'Default' (00000000-0000-0000-0000-000000000000) :: Performing non-blocking 'Sub Goal' (361aa588-5f31-4e19-b8a5-099cae52479d, 3dd0fde5-6b25-43ed-8589-58f5587a0a74)
[2026-02-11 10:54:43.764 DBG] AutoSave :: Auto saving settings...
[2026-02-11 10:54:43.786 DBG] Users :: Time to save 21.2028ms
[2026-02-11 10:54:43.807 DBG] Actions :: Time to save 21.2517ms
[2026-02-11 10:54:43.819 DBG] Commands :: Time to save 12.1613ms
[2026-02-11 10:54:43.832 DBG] Twitch Rewards :: Time to save 12.5724ms
[2026-02-11 10:54:43.847 DBG] Midi :: Time to save 15.8221ms
[2026-02-11 10:54:43.858 DBG] OBS Settings :: Time to save 10.7714ms
[2026-02-11 10:54:43.874 DBG] MeldStudio Settings :: Time to save 15.4302ms
[2026-02-11 10:54:43.885 DBG] Credits :: Time to save 10.4456ms
[2026-02-11 10:54:43.899 DBG] Quotes :: Time to save 14.4329ms
[2026-02-11 10:54:43.985 DBG] Config :: Time to save 18.0029ms
[2026-02-11 10:54:47.573 DBG] ViewerRepo :: UpdatePresence(twitch, 5), 0.0325ms
[2026-02-11 10:54:47.666 DBG] TwitchService :: Presence Timer :: Artificially updated presence with a threshold of 5 minutes (92.5823ms)
[2026-02-11 10:54:54.865 DBG] OBS :: Retrying obs connection to OBS (127.0.0.1:4455)
[2026-02-11 10:54:54.865 DBG] OBS :: Opening websocket connection to OBS (127.0.0.1:4455)
[2026-02-11 10:54:54.865 DBG] OBS-Websocket5 :: Opening connection (ws://127.0.0.1:4455/api/websocket)
[2026-02-11 10:54:56.906 DBG] OBS-Websocket5 :: Disconnected
[2026-02-11 10:54:56.906 DBG] OBS :: Disconnected from OBS (127.0.0.1:4455)
[2026-02-11 10:55:26.909 DBG] OBS :: Retrying obs connection to OBS (127.0.0.1:4455)
[2026-02-11 10:55:26.909 DBG] OBS :: Opening websocket connection to OBS (127.0.0.1:4455)
[2026-02-11 10:55:26.909 DBG] OBS-Websocket5 :: Opening connection (ws://127.0.0.1:4455/api/websocket)
[2026-02-11 10:55:28.944 DBG] OBS-Websocket5 :: Disconnected
[2026-02-11 10:55:28.944 DBG] OBS :: Disconnected from OBS (127.0.0.1:4455)
[2026-02-11 10:55:47.575 DBG] ViewerRepo :: UpdatePresence(twitch, 5), 0.0297ms
[2026-02-11 10:55:47.675 DBG] TwitchService :: Presence Timer :: Artificially updated presence with a threshold of 5 minutes (99.7486ms)
[2026-02-11 10:55:58.944 DBG] OBS :: Retrying obs connection to OBS (127.0.0.1:4455)
[2026-02-11 10:55:58.944 DBG] OBS :: Opening websocket connection to OBS (127.0.0.1:4455)
[2026-02-11 10:55:58.944 DBG] OBS-Websocket5 :: Opening connection (ws://127.0.0.1:4455/api/websocket)
[2026-02-11 10:56:00.984 DBG] OBS-Websocket5 :: Disconnected
[2026-02-11 10:56:00.984 DBG] OBS :: Disconnected from OBS (127.0.0.1:4455)
[2026-02-11 10:56:31.000 DBG] OBS :: Retrying obs connection to OBS (127.0.0.1:4455)
[2026-02-11 10:56:31.000 DBG] OBS :: Opening websocket connection to OBS (127.0.0.1:4455)
[2026-02-11 10:56:31.000 DBG] OBS-Websocket5 :: Opening connection (ws://127.0.0.1:4455/api/websocket)
[2026-02-11 10:56:33.030 DBG] OBS-Websocket5 :: Disconnected
[2026-02-11 10:56:33.030 DBG] OBS :: Disconnected from OBS (127.0.0.1:4455)
[2026-02-11 10:56:47.584 DBG] ViewerRepo :: UpdatePresence(twitch, 5), 0.0291ms
[2026-02-11 10:56:47.683 DBG] TwitchService :: Presence Timer :: Artificially updated presence with a threshold of 5 minutes (98.331ms)
[2026-02-11 10:57:03.045 DBG] OBS :: Retrying obs connection to OBS (127.0.0.1:4455)
[2026-02-11 10:57:03.045 DBG] OBS :: Opening websocket connection to OBS (127.0.0.1:4455)
[2026-02-11 10:57:03.045 DBG] OBS-Websocket5 :: Opening connection (ws://127.0.0.1:4455/api/websocket)
[2026-02-11 10:57:05.082 DBG] OBS-Websocket5 :: Disconnected
[2026-02-11 10:57:05.082 DBG] OBS :: Disconnected from OBS (127.0.0.1:4455)
[2026-02-11 10:57:35.092 DBG] OBS :: Retrying obs connection to OBS (127.0.0.1:4455)
[2026-02-11 10:57:35.092 DBG] OBS :: Opening websocket connection to OBS (127.0.0.1:4455)
[2026-02-11 10:57:35.092 DBG] OBS-Websocket5 :: Opening connection (ws://127.0.0.1:4455/api/websocket)
[2026-02-11 10:57:37.128 DBG] OBS-Websocket5 :: Disconnected
[2026-02-11 10:57:37.128 DBG] OBS :: Disconnected from OBS (127.0.0.1:4455)
[2026-02-11 10:57:47.597 DBG] ViewerRepo :: UpdatePresence(twitch, 5), 0.0309ms
[2026-02-11 10:57:47.696 DBG] TwitchService :: Presence Timer :: Artificially updated presence with a threshold of 5 minutes (97.8257ms)
[2026-02-11 10:58:00.030 DBG] Streamer.bot Website Socket :: Disconnected
[2026-02-11 10:58:00.031 INF] Streamer.bot Service :: Disconnected from Website Client
[2026-02-11 10:58:02.045 DBG] Streamer.bot Service :: Retrying website client connection
[2026-02-11 10:58:02.045 INF] Streamer.bot Service :: Connecting to Website Client
[2026-02-11 10:58:02.045 DBG] Streamer.bot Website Socket :: Opening connection
[2026-02-11 10:58:02.334 INF] Streamer.bot Service :: Website Client authenticated
[2026-02-11 10:58:02.334 INF] Streamer.bot Service :: Connected to Website Client
[2026-02-11 10:58:07.130 DBG] OBS :: Retrying obs connection to OBS (127.0.0.1:4455)
[2026-02-11 10:58:07.130 DBG] OBS :: Opening websocket connection to OBS (127.0.0.1:4455)
[2026-02-11 10:58:07.130 DBG] OBS-Websocket5 :: Opening connection (ws://127.0.0.1:4455/api/websocket)
[2026-02-11 10:58:09.173 DBG] OBS-Websocket5 :: Disconnected
[2026-02-11 10:58:09.173 DBG] OBS :: Disconnected from OBS (127.0.0.1:4455)
[2026-02-11 10:58:28.506 DBG] Credits :: Time to save 17.7691ms
[2026-02-11 10:58:39.185 DBG] OBS :: Retrying obs connection to OBS (127.0.0.1:4455)
[2026-02-11 10:58:39.185 DBG] OBS :: Opening websocket connection to OBS (127.0.0.1:4455)
[2026-02-11 10:58:39.185 DBG] OBS-Websocket5 :: Opening connection (ws://127.0.0.1:4455/api/websocket)
[2026-02-11 10:58:41.240 DBG] OBS-Websocket5 :: Disconnected
[2026-02-11 10:58:41.240 DBG] OBS :: Disconnected from OBS (127.0.0.1:4455)
[2026-02-11 10:58:47.604 DBG] ViewerRepo :: UpdatePresence(twitch, 5), 0.0296ms
[2026-02-11 10:58:47.699 DBG] TwitchService :: Presence Timer :: Artificially updated presence with a threshold of 5 minutes (95.4564ms)
[2026-02-11 10:59:11.249 DBG] OBS :: Retrying obs connection to OBS (127.0.0.1:4455)
[2026-02-11 10:59:11.249 DBG] OBS :: Opening websocket connection to OBS (127.0.0.1:4455)
[2026-02-11 10:59:11.249 DBG] OBS-Websocket5 :: Opening connection (ws://127.0.0.1:4455/api/websocket)
[2026-02-11 10:59:13.288 DBG] OBS-Websocket5 :: Disconnected
[2026-02-11 10:59:13.288 DBG] OBS :: Disconnected from OBS (127.0.0.1:4455)
[2026-02-11 10:59:43.302 DBG] OBS :: Retrying obs connection to OBS (127.0.0.1:4455)
[2026-02-11 10:59:43.302 DBG] OBS :: Opening websocket connection to OBS (127.0.0.1:4455)
[2026-02-11 10:59:43.302 DBG] OBS-Websocket5 :: Opening connection (ws://127.0.0.1:4455/api/websocket)
[2026-02-11 10:59:44.020 DBG] AutoSave :: Auto saving settings...
[2026-02-11 10:59:44.044 DBG] Users :: Time to save 24.0681ms
[2026-02-11 10:59:44.066 DBG] Actions :: Time to save 20.9104ms
[2026-02-11 10:59:44.083 DBG] Commands :: Time to save 17.1763ms
[2026-02-11 10:59:44.100 DBG] Twitch Rewards :: Time to save 17.8183ms
[2026-02-11 10:59:44.117 DBG] Midi :: Time to save 15.6555ms
[2026-02-11 10:59:44.133 DBG] OBS Settings :: Time to save 15.8914ms
[2026-02-11 10:59:44.148 DBG] MeldStudio Settings :: Time to save 15.2032ms
[2026-02-11 10:59:44.167 DBG] Credits :: Time to save 18.429ms
[2026-02-11 10:59:44.188 DBG] Quotes :: Time to save 21.1187ms
[2026-02-11 10:59:44.240 DBG] Config :: Time to save 15.8143ms
[2026-02-11 10:59:45.324 DBG] OBS-Websocket5 :: Disconnected
[2026-02-11 10:59:45.324 DBG] OBS :: Disconnected from OBS (127.0.0.1:4455)
[2026-02-11 10:59:47.616 DBG] ViewerRepo :: UpdatePresence(twitch, 5), 0.0302ms
[2026-02-11 10:59:47.712 DBG] TwitchService :: Presence Timer :: Artificially updated presence with a threshold of 5 minutes (96.2786ms)
[2026-02-11 11:00:15.337 DBG] OBS :: Retrying obs connection to OBS (127.0.0.1:4455)
[2026-02-11 11:00:15.337 DBG] OBS :: Opening websocket connection to OBS (127.0.0.1:4455)
[2026-02-11 11:00:15.337 DBG] OBS-Websocket5 :: Opening connection (ws://127.0.0.1:4455/api/websocket)
[2026-02-11 11:00:17.383 DBG] OBS-Websocket5 :: Disconnected
[2026-02-11 11:00:17.383 DBG] OBS :: Disconnected from OBS (127.0.0.1:4455)
[2026-02-11 11:00:47.397 DBG] OBS :: Retrying obs connection to OBS (127.0.0.1:4455)
[2026-02-11 11:00:47.397 DBG] OBS :: Opening websocket connection to OBS (127.0.0.1:4455)
[2026-02-11 11:00:47.397 DBG] OBS-Websocket5 :: Opening connection (ws://127.0.0.1:4455/api/websocket)
[2026-02-11 11:00:47.631 DBG] ViewerRepo :: UpdatePresence(twitch, 5), 0.0297ms
[2026-02-11 11:00:47.725 DBG] TwitchService :: Presence Timer :: Artificially updated presence with a threshold of 5 minutes (93.3259ms)
[2026-02-11 11:00:49.418 DBG] OBS-Websocket5 :: Disconnected
[2026-02-11 11:00:49.418 DBG] OBS :: Disconnected from OBS (127.0.0.1:4455)
[2026-02-11 11:01:19.427 DBG] OBS :: Retrying obs connection to OBS (127.0.0.1:4455)
[2026-02-11 11:01:19.427 DBG] OBS :: Opening websocket connection to OBS (127.0.0.1:4455)
[2026-02-11 11:01:19.427 DBG] OBS-Websocket5 :: Opening connection (ws://127.0.0.1:4455/api/websocket)
[2026-02-11 11:01:21.471 DBG] OBS-Websocket5 :: Disconnected
[2026-02-11 11:01:21.471 DBG] OBS :: Disconnected from OBS (127.0.0.1:4455)
[2026-02-11 11:01:47.635 DBG] ViewerRepo :: UpdatePresence(twitch, 5), 0.0307ms
[2026-02-11 11:01:47.732 DBG] TwitchService :: Presence Timer :: Artificially updated presence with a threshold of 5 minutes (96.9807ms)
[2026-02-11 11:01:51.472 DBG] OBS :: Retrying obs connection to OBS (127.0.0.1:4455)
[2026-02-11 11:01:51.472 DBG] OBS :: Opening websocket connection to OBS (127.0.0.1:4455)
[2026-02-11 11:01:51.472 DBG] OBS-Websocket5 :: Opening connection (ws://127.0.0.1:4455/api/websocket)
[2026-02-11 11:01:53.508 DBG] OBS-Websocket5 :: Disconnected
[2026-02-11 11:01:53.508 DBG] OBS :: Disconnected from OBS (127.0.0.1:4455)
[2026-02-11 11:02:23.521 DBG] OBS :: Retrying obs connection to OBS (127.0.0.1:4455)
[2026-02-11 11:02:23.521 DBG] OBS :: Opening websocket connection to OBS (127.0.0.1:4455)
[2026-02-11 11:02:23.521 DBG] OBS-Websocket5 :: Opening connection (ws://127.0.0.1:4455/api/websocket)
[2026-02-11 11:02:25.559 DBG] OBS-Websocket5 :: Disconnected
[2026-02-11 11:02:25.559 DBG] OBS :: Disconnected from OBS (127.0.0.1:4455)
[2026-02-11 11:02:47.645 DBG] ViewerRepo :: UpdatePresence(twitch, 5), 0.0435ms
[2026-02-11 11:02:47.742 DBG] TwitchService :: Presence Timer :: Artificially updated presence with a threshold of 5 minutes (97.5198ms)
[2026-02-11 11:02:55.568 DBG] OBS :: Retrying obs connection to OBS (127.0.0.1:4455)
[2026-02-11 11:02:55.568 DBG] OBS :: Opening websocket connection to OBS (127.0.0.1:4455)
[2026-02-11 11:02:55.568 DBG] OBS-Websocket5 :: Opening connection (ws://127.0.0.1:4455/api/websocket)
[2026-02-11 11:02:57.599 DBG] OBS-Websocket5 :: Disconnected
[2026-02-11 11:02:57.599 DBG] OBS :: Disconnected from OBS (127.0.0.1:4455)
[2026-02-11 11:03:27.599 DBG] OBS :: Retrying obs connection to OBS (127.0.0.1:4455)
[2026-02-11 11:03:27.599 DBG] OBS :: Opening websocket connection to OBS (127.0.0.1:4455)
[2026-02-11 11:03:27.599 DBG] OBS-Websocket5 :: Opening connection (ws://127.0.0.1:4455/api/websocket)
[2026-02-11 11:03:28.508 DBG] Credits :: Time to save 17.663ms
[2026-02-11 11:03:29.631 DBG] OBS-Websocket5 :: Disconnected
[2026-02-11 11:03:29.631 DBG] OBS :: Disconnected from OBS (127.0.0.1:4455)
[2026-02-11 11:03:30.671 DBG] Streamer.bot Website Socket :: Disconnected
[2026-02-11 11:03:30.671 INF] Streamer.bot Service :: Disconnected from Website Client
[2026-02-11 11:03:32.690 DBG] Streamer.bot Service :: Retrying website client connection
[2026-02-11 11:03:32.690 INF] Streamer.bot Service :: Connecting to Website Client
[2026-02-11 11:03:32.690 DBG] Streamer.bot Website Socket :: Opening connection
[2026-02-11 11:03:32.987 INF] Streamer.bot Service :: Website Client authenticated
[2026-02-11 11:03:32.987 INF] Streamer.bot Service :: Connected to Website Client
[2026-02-11 11:03:47.645 DBG] ViewerRepo :: UpdatePresence(twitch, 5), 0.0308ms
[2026-02-11 11:03:47.741 DBG] TwitchService :: Presence Timer :: Artificially updated presence with a threshold of 5 minutes (95.952ms)
[2026-02-11 11:03:59.643 DBG] OBS :: Retrying obs connection to OBS (127.0.0.1:4455)
[2026-02-11 11:03:59.643 DBG] OBS :: Opening websocket connection to OBS (127.0.0.1:4455)
[2026-02-11 11:03:59.643 DBG] OBS-Websocket5 :: Opening connection (ws://127.0.0.1:4455/api/websocket)
[2026-02-11 11:04:01.685 DBG] OBS-Websocket5 :: Disconnected
[2026-02-11 11:04:01.685 DBG] OBS :: Disconnected from OBS (127.0.0.1:4455)
[2026-02-11 11:04:27.817 DBG] ActionDispatcher :: Queueing 'Sub Goal' (361aa588-5f31-4e19-b8a5-099cae52479d, TimedAction) to 'Default' (00000000-0000-0000-0000-000000000000), with 11 arguments
[2026-02-11 11:04:27.817 DBG] ActionQueue :: 'Default' (00000000-0000-0000-0000-000000000000) :: Enqueue action 361aa588-5f31-4e19-b8a5-099cae52479d
[2026-02-11 11:04:27.817 DBG] ActionQueue :: 'Default' (00000000-0000-0000-0000-000000000000) :: Handling queue
[2026-02-11 11:04:27.817 DBG] ActionQueue :: 'Default' (00000000-0000-0000-0000-000000000000) :: Performing non-blocking 'Sub Goal' (361aa588-5f31-4e19-b8a5-099cae52479d, 358f7a3e-9e3c-46d3-aa92-9a9cc752b037)
[2026-02-11 11:04:31.691 DBG] OBS :: Retrying obs connection to OBS (127.0.0.1:4455)
[2026-02-11 11:04:31.691 DBG] OBS :: Opening websocket connection to OBS (127.0.0.1:4455)
[2026-02-11 11:04:31.691 DBG] OBS-Websocket5 :: Opening connection (ws://127.0.0.1:4455/api/websocket)
[2026-02-11 11:04:33.719 DBG] OBS-Websocket5 :: Disconnected
[2026-02-11 11:04:33.719 DBG] OBS :: Disconnected from OBS (127.0.0.1:4455)
[2026-02-11 11:04:44.288 DBG] AutoSave :: Auto saving settings...
[2026-02-11 11:04:44.309 DBG] Users :: Time to save 21.1847ms
[2026-02-11 11:04:44.338 DBG] Actions :: Time to save 29.61ms
[2026-02-11 11:04:44.356 DBG] Commands :: Time to save 18.2435ms
[2026-02-11 11:04:44.374 DBG] Twitch Rewards :: Time to save 18.1929ms
[2026-02-11 11:04:44.388 DBG] Midi :: Time to save 13.2933ms
[2026-02-11 11:04:44.398 DBG] OBS Settings :: Time to save 10.6048ms
[2026-02-11 11:04:44.409 DBG] MeldStudio Settings :: Time to save 10.6706ms
[2026-02-11 11:04:44.424 DBG] Credits :: Time to save 14.7211ms
[2026-02-11 11:04:44.436 DBG] Quotes :: Time to save 12.3383ms
[2026-02-11 11:04:44.508 DBG] Config :: Time to save 19.3875ms
[2026-02-11 11:04:47.657 DBG] ViewerRepo :: UpdatePresence(twitch, 5), 0.0307ms
[2026-02-11 11:04:47.754 DBG] TwitchService :: Presence Timer :: Artificially updated presence with a threshold of 5 minutes (97.0195ms)
[2026-02-11 11:05:03.723 DBG] OBS :: Retrying obs connection to OBS (127.0.0.1:4455)
[2026-02-11 11:05:03.723 DBG] OBS :: Opening websocket connection to OBS (127.0.0.1:4455)
[2026-02-11 11:05:03.723 DBG] OBS-Websocket5 :: Opening connection (ws://127.0.0.1:4455/api/websocket)
[2026-02-11 11:05:05.765 DBG] OBS-Websocket5 :: Disconnected
[2026-02-11 11:05:05.765 DBG] OBS :: Disconnected from OBS (127.0.0.1:4455)
[2026-02-11 11:05:35.777 DBG] OBS :: Retrying obs connection to OBS (127.0.0.1:4455)
[2026-02-11 11:05:35.777 DBG] OBS :: Opening websocket connection to OBS (127.0.0.1:4455)
[2026-02-11 11:05:35.777 DBG] OBS-Websocket5 :: Opening connection (ws://127.0.0.1:4455/api/websocket)
[2026-02-11 11:05:37.820 DBG] OBS-Websocket5 :: Disconnected
[2026-02-11 11:05:37.820 DBG] OBS :: Disconnected from OBS (127.0.0.1:4455)
[2026-02-11 11:05:47.658 DBG] ViewerRepo :: UpdatePresence(twitch, 5), 0.0326ms
[2026-02-11 11:05:47.756 DBG] TwitchService :: Presence Timer :: Artificially updated presence with a threshold of 5 minutes (98.5292ms)
[2026-02-11 11:06:07.830 DBG] OBS :: Retrying obs connection to OBS (127.0.0.1:4455)
[2026-02-11 11:06:07.830 DBG] OBS :: Opening websocket connection to OBS (127.0.0.1:4455)
[2026-02-11 11:06:07.830 DBG] OBS-Websocket5 :: Opening connection (ws://127.0.0.1:4455/api/websocket)
[2026-02-11 11:06:09.876 DBG] OBS-Websocket5 :: Disconnected
[2026-02-11 11:06:09.876 DBG] OBS :: Disconnected from OBS (127.0.0.1:4455)
[2026-02-11 11:06:39.886 DBG] OBS :: Retrying obs connection to OBS (127.0.0.1:4455)
[2026-02-11 11:06:39.886 DBG] OBS :: Opening websocket connection to OBS (127.0.0.1:4455)
[2026-02-11 11:06:39.886 DBG] OBS-Websocket5 :: Opening connection (ws://127.0.0.1:4455/api/websocket)
[2026-02-11 11:06:41.922 DBG] OBS-Websocket5 :: Disconnected
[2026-02-11 11:06:41.922 DBG] OBS :: Disconnected from OBS (127.0.0.1:4455)
[2026-02-11 11:06:47.673 DBG] ViewerRepo :: UpdatePresence(twitch, 5), 0.0304ms
[2026-02-11 11:06:47.771 DBG] TwitchService :: Presence Timer :: Artificially updated presence with a threshold of 5 minutes (97.4264ms)
[2026-02-11 11:07:11.926 DBG] OBS :: Retrying obs connection to OBS (127.0.0.1:4455)
[2026-02-11 11:07:11.926 DBG] OBS :: Opening websocket connection to OBS (127.0.0.1:4455)
[2026-02-11 11:07:11.926 DBG] OBS-Websocket5 :: Opening connection (ws://127.0.0.1:4455/api/websocket)
[2026-02-11 11:07:13.968 DBG] OBS-Websocket5 :: Disconnected
[2026-02-11 11:07:13.968 DBG] OBS :: Disconnected from OBS (127.0.0.1:4455)
[2026-02-11 11:07:43.978 DBG] OBS :: Retrying obs connection to OBS (127.0.0.1:4455)
[2026-02-11 11:07:43.978 DBG] OBS :: Opening websocket connection to OBS (127.0.0.1:4455)
[2026-02-11 11:07:43.978 DBG] OBS-Websocket5 :: Opening connection (ws://127.0.0.1:4455/api/websocket)
[2026-02-11 11:07:46.006 DBG] OBS-Websocket5 :: Disconnected
[2026-02-11 11:07:46.006 DBG] OBS :: Disconnected from OBS (127.0.0.1:4455)
[2026-02-11 11:07:47.678 DBG] ViewerRepo :: UpdatePresence(twitch, 5), 0.0414ms
[2026-02-11 11:07:47.772 DBG] TwitchService :: Presence Timer :: Artificially updated presence with a threshold of 5 minutes (95.3082ms)
[2026-02-11 11:08:16.013 DBG] OBS :: Retrying obs connection to OBS (127.0.0.1:4455)
[2026-02-11 11:08:16.013 DBG] OBS :: Opening websocket connection to OBS (127.0.0.1:4455)
[2026-02-11 11:08:16.013 DBG] OBS-Websocket5 :: Opening connection (ws://127.0.0.1:4455/api/websocket)
[2026-02-11 11:08:18.072 DBG] OBS-Websocket5 :: Disconnected
[2026-02-11 11:08:18.072 DBG] OBS :: Disconnected from OBS (127.0.0.1:4455)
[2026-02-11 11:08:28.514 DBG] Credits :: Time to save 12.25ms
[2026-02-11 11:08:47.684 DBG] ViewerRepo :: UpdatePresence(twitch, 5), 0.0303ms
[2026-02-11 11:08:47.777 DBG] TwitchService :: Presence Timer :: Artificially updated presence with a threshold of 5 minutes (92.9073ms)
[2026-02-11 11:08:48.075 DBG] OBS :: Retrying obs connection to OBS (127.0.0.1:4455)
[2026-02-11 11:08:48.075 DBG] OBS :: Opening websocket connection to OBS (127.0.0.1:4455)
[2026-02-11 11:08:48.075 DBG] OBS-Websocket5 :: Opening connection (ws://127.0.0.1:4455/api/websocket)
[2026-02-11 11:08:50.104 DBG] OBS-Websocket5 :: Disconnected
[2026-02-11 11:08:50.104 DBG] OBS :: Disconnected from OBS (127.0.0.1:4455)
[2026-02-11 11:09:20.125 DBG] OBS :: Retrying obs connection to OBS (127.0.0.1:4455)
[2026-02-11 11:09:20.125 DBG] OBS :: Opening websocket connection to OBS (127.0.0.1:4455)
[2026-02-11 11:09:20.125 DBG] OBS-Websocket5 :: Opening connection (ws://127.0.0.1:4455/api/websocket)
[2026-02-11 11:09:22.159 DBG] OBS-Websocket5 :: Disconnected
[2026-02-11 11:09:22.159 DBG] OBS :: Disconnected from OBS (127.0.0.1:4455)
[2026-02-11 11:09:44.524 DBG] AutoSave :: Auto saving settings...
[2026-02-11 11:09:44.538 DBG] Users :: Time to save 14.6795ms
[2026-02-11 11:09:44.556 DBG] Actions :: Time to save 17.5559ms
[2026-02-11 11:09:44.568 DBG] Commands :: Time to save 12.3181ms
[2026-02-11 11:09:44.579 DBG] Twitch Rewards :: Time to save 11.0264ms
[2026-02-11 11:09:44.589 DBG] Midi :: Time to save 9.7649ms
[2026-02-11 11:09:44.599 DBG] OBS Settings :: Time to save 9.5748ms
[2026-02-11 11:09:44.609 DBG] MeldStudio Settings :: Time to save 10.0672ms
[2026-02-11 11:09:44.619 DBG] Credits :: Time to save 9.6106ms
[2026-02-11 11:09:44.630 DBG] Quotes :: Time to save 11.8532ms
[2026-02-11 11:09:44.747 DBG] Config :: Time to save 19.8864ms
[2026-02-11 11:09:47.698 DBG] ViewerRepo :: UpdatePresence(twitch, 5), 0.0289ms
[2026-02-11 11:09:47.792 DBG] TwitchService :: Presence Timer :: Artificially updated presence with a threshold of 5 minutes (93.9767ms)
[2026-02-11 11:09:52.165 DBG] OBS :: Retrying obs connection to OBS (127.0.0.1:4455)
[2026-02-11 11:09:52.165 DBG] OBS :: Opening websocket connection to OBS (127.0.0.1:4455)
[2026-02-11 11:09:52.165 DBG] OBS-Websocket5 :: Opening connection (ws://127.0.0.1:4455/api/websocket)
[2026-02-11 11:09:54.219 DBG] OBS-Websocket5 :: Disconnected
[2026-02-11 11:09:54.219 DBG] OBS :: Disconnected from OBS (127.0.0.1:4455)
[2026-02-11 11:10:24.230 DBG] OBS :: Retrying obs connection to OBS (127.0.0.1:4455)
[2026-02-11 11:10:24.230 DBG] OBS :: Opening websocket connection to OBS (127.0.0.1:4455)
[2026-02-11 11:10:24.230 DBG] OBS-Websocket5 :: Opening connection (ws://127.0.0.1:4455/api/websocket)
[2026-02-11 11:10:26.289 DBG] OBS-Websocket5 :: Disconnected
[2026-02-11 11:10:26.289 DBG] OBS :: Disconnected from OBS (127.0.0.1:4455)
[2026-02-11 11:10:47.708 DBG] ViewerRepo :: UpdatePresence(twitch, 5), 0.0474ms
[2026-02-11 11:10:47.804 DBG] TwitchService :: Presence Timer :: Artificially updated presence with a threshold of 5 minutes (96.94ms)
[2026-02-11 11:10:56.301 DBG] OBS :: Retrying obs connection to OBS (127.0.0.1:4455)
[2026-02-11 11:10:56.301 DBG] OBS :: Opening websocket connection to OBS (127.0.0.1:4455)
[2026-02-11 11:10:56.301 DBG] OBS-Websocket5 :: Opening connection (ws://127.0.0.1:4455/api/websocket)
[2026-02-11 11:10:58.359 DBG] OBS-Websocket5 :: Disconnected
[2026-02-11 11:10:58.359 DBG] OBS :: Disconnected from OBS (127.0.0.1:4455)
[2026-02-11 11:11:28.375 DBG] OBS :: Retrying obs connection to OBS (127.0.0.1:4455)
[2026-02-11 11:11:28.375 DBG] OBS :: Opening websocket connection to OBS (127.0.0.1:4455)
[2026-02-11 11:11:28.375 DBG] OBS-Websocket5 :: Opening connection (ws://127.0.0.1:4455/api/websocket)
[2026-02-11 11:11:30.434 DBG] OBS-Websocket5 :: Disconnected
[2026-02-11 11:11:30.434 DBG] OBS :: Disconnected from OBS (127.0.0.1:4455)
[2026-02-11 11:11:47.718 DBG] ViewerRepo :: UpdatePresence(twitch, 5), 0.0292ms
[2026-02-11 11:11:47.811 DBG] TwitchService :: Presence Timer :: Artificially updated presence with a threshold of 5 minutes (93.3617ms)
[2026-02-11 11:12:00.443 DBG] OBS :: Retrying obs connection to OBS (127.0.0.1:4455)
[2026-02-11 11:12:00.443 DBG] OBS :: Opening websocket connection to OBS (127.0.0.1:4455)
[2026-02-11 11:12:00.443 DBG] OBS-Websocket5 :: Opening connection (ws://127.0.0.1:4455/api/websocket)
[2026-02-11 11:12:02.485 DBG] OBS-Websocket5 :: Disconnected
[2026-02-11 11:12:02.485 DBG] OBS :: Disconnected from OBS (127.0.0.1:4455)
[2026-02-11 11:12:32.493 DBG] OBS :: Retrying obs connection to OBS (127.0.0.1:4455)
[2026-02-11 11:12:32.493 DBG] OBS :: Opening websocket connection to OBS (127.0.0.1:4455)
[2026-02-11 11:12:32.493 DBG] OBS-Websocket5 :: Opening connection (ws://127.0.0.1:4455/api/websocket)
[2026-02-11 11:12:34.550 DBG] OBS-Websocket5 :: Disconnected
[2026-02-11 11:12:34.550 DBG] OBS :: Disconnected from OBS (127.0.0.1:4455)
[2026-02-11 11:12:47.723 DBG] ViewerRepo :: UpdatePresence(twitch, 5), 0.0302ms
[2026-02-11 11:12:47.819 DBG] TwitchService :: Presence Timer :: Artificially updated presence with a threshold of 5 minutes (95.4918ms)
[2026-02-11 11:13:04.562 DBG] OBS :: Retrying obs connection to OBS (127.0.0.1:4455)
[2026-02-11 11:13:04.562 DBG] OBS :: Opening websocket connection to OBS (127.0.0.1:4455)
[2026-02-11 11:13:04.562 DBG] OBS-Websocket5 :: Opening connection (ws://127.0.0.1:4455/api/websocket)
[2026-02-11 11:13:06.621 DBG] OBS-Websocket5 :: Disconnected
[2026-02-11 11:13:06.621 DBG] OBS :: Disconnected from OBS (127.0.0.1:4455)
[2026-02-11 11:13:28.528 DBG] Credits :: Time to save 13.0308ms
[2026-02-11 11:13:36.625 DBG] OBS :: Retrying obs connection to OBS (127.0.0.1:4455)
[2026-02-11 11:13:36.625 DBG] OBS :: Opening websocket connection to OBS (127.0.0.1:4455)
[2026-02-11 11:13:36.625 DBG] OBS-Websocket5 :: Opening connection (ws://127.0.0.1:4455/api/websocket)
[2026-02-11 11:13:38.684 DBG] OBS-Websocket5 :: Disconnected
[2026-02-11 11:13:38.684 DBG] OBS :: Disconnected from OBS (127.0.0.1:4455)
[2026-02-11 11:13:47.726 DBG] ViewerRepo :: UpdatePresence(twitch, 5), 0.0563ms
[2026-02-11 11:13:47.825 DBG] TwitchService :: Presence Timer :: Artificially updated presence with a threshold of 5 minutes (99.0218ms)
[2026-02-11 11:14:08.687 DBG] OBS :: Retrying obs connection to OBS (127.0.0.1:4455)
[2026-02-11 11:14:08.687 DBG] OBS :: Opening websocket connection to OBS (127.0.0.1:4455)
[2026-02-11 11:14:08.687 DBG] OBS-Websocket5 :: Opening connection (ws://127.0.0.1:4455/api/websocket)
[2026-02-11 11:14:10.702 DBG] OBS-Websocket5 :: Disconnected
[2026-02-11 11:14:10.702 DBG] OBS :: Disconnected from OBS (127.0.0.1:4455)
[2026-02-11 11:14:28.626 DBG] ActionDispatcher :: Queueing 'Sub Goal' (361aa588-5f31-4e19-b8a5-099cae52479d, TimedAction) to 'Default' (00000000-0000-0000-0000-000000000000), with 11 arguments
[2026-02-11 11:14:28.626 DBG] ActionQueue :: 'Default' (00000000-0000-0000-0000-000000000000) :: Enqueue action 361aa588-5f31-4e19-b8a5-099cae52479d
[2026-02-11 11:14:28.626 DBG] ActionQueue :: 'Default' (00000000-0000-0000-0000-000000000000) :: Handling queue
[2026-02-11 11:14:28.626 DBG] ActionQueue :: 'Default' (00000000-0000-0000-0000-000000000000) :: Performing non-blocking 'Sub Goal' (361aa588-5f31-4e19-b8a5-099cae52479d, 5b14655d-2e83-411b-a945-bbfa5df6f2e7)
[2026-02-11 11:14:40.706 DBG] OBS :: Retrying obs connection to OBS (127.0.0.1:4455)
[2026-02-11 11:14:40.706 DBG] OBS :: Opening websocket connection to OBS (127.0.0.1:4455)
[2026-02-11 11:14:40.706 DBG] OBS-Websocket5 :: Opening connection (ws://127.0.0.1:4455/api/websocket)
[2026-02-11 11:14:42.751 DBG] OBS-Websocket5 :: Disconnected
[2026-02-11 11:14:42.751 DBG] OBS :: Disconnected from OBS (127.0.0.1:4455)
[2026-02-11 11:14:44.728 DBG] AutoSave :: Auto saving settings...
[2026-02-11 11:14:44.747 DBG] Users :: Time to save 19.3976ms
[2026-02-11 11:14:44.767 DBG] Actions :: Time to save 19.2936ms
[2026-02-11 11:14:44.781 DBG] Commands :: Time to save 15.1954ms
[2026-02-11 11:14:44.801 DBG] Twitch Rewards :: Time to save 20.1122ms
[2026-02-11 11:14:44.819 DBG] Midi :: Time to save 16.7426ms
[2026-02-11 11:14:44.835 DBG] OBS Settings :: Time to save 16.8388ms
[2026-02-11 11:14:44.850 DBG] MeldStudio Settings :: Time to save 14.9694ms
[2026-02-11 11:14:44.866 DBG] Credits :: Time to save 15.3028ms
[2026-02-11 11:14:44.883 DBG] Quotes :: Time to save 17.8282ms
[2026-02-11 11:14:44.946 DBG] Config :: Time to save 14.0107ms
[2026-02-11 11:14:47.741 DBG] ViewerRepo :: UpdatePresence(twitch, 5), 0.0299ms
[2026-02-11 11:14:47.836 DBG] TwitchService :: Presence Timer :: Artificially updated presence with a threshold of 5 minutes (94.3302ms)
[2026-02-11 11:15:12.765 DBG] OBS :: Retrying obs connection to OBS (127.0.0.1:4455)
[2026-02-11 11:15:12.765 DBG] OBS :: Opening websocket connection to OBS (127.0.0.1:4455)
[2026-02-11 11:15:12.765 DBG] OBS-Websocket5 :: Opening connection (ws://127.0.0.1:4455/api/websocket)
[2026-02-11 11:15:14.789 DBG] OBS-Websocket5 :: Disconnected
[2026-02-11 11:15:14.789 DBG] OBS :: Disconnected from OBS (127.0.0.1:4455)
[2026-02-11 11:15:44.799 DBG] OBS :: Retrying obs connection to OBS (127.0.0.1:4455)
[2026-02-11 11:15:44.799 DBG] OBS :: Opening websocket connection to OBS (127.0.0.1:4455)
[2026-02-11 11:15:44.799 DBG] OBS-Websocket5 :: Opening connection (ws://127.0.0.1:4455/api/websocket)
[2026-02-11 11:15:46.810 DBG] OBS-Websocket5 :: Disconnected
[2026-02-11 11:15:46.810 DBG] OBS :: Disconnected from OBS (127.0.0.1:4455)
[2026-02-11 11:15:47.746 DBG] ViewerRepo :: UpdatePresence(twitch, 5), 0.0323ms
[2026-02-11 11:15:47.841 DBG] TwitchService :: Presence Timer :: Artificially updated presence with a threshold of 5 minutes (95.5914ms)
[2026-02-11 11:16:16.811 DBG] OBS :: Retrying obs connection to OBS (127.0.0.1:4455)
[2026-02-11 11:16:16.811 DBG] OBS :: Opening websocket connection to OBS (127.0.0.1:4455)
[2026-02-11 11:16:16.811 DBG] OBS-Websocket5 :: Opening connection (ws://127.0.0.1:4455/api/websocket)
[2026-02-11 11:16:18.822 DBG] OBS-Websocket5 :: Disconnected
[2026-02-11 11:16:18.822 DBG] OBS :: Disconnected from OBS (127.0.0.1:4455)
[2026-02-11 11:16:47.753 DBG] ViewerRepo :: UpdatePresence(twitch, 5), 0.0313ms
[2026-02-11 11:16:47.849 DBG] TwitchService :: Presence Timer :: Artificially updated presence with a threshold of 5 minutes (96.6949ms)
[2026-02-11 11:16:48.831 DBG] OBS :: Retrying obs connection to OBS (127.0.0.1:4455)
[2026-02-11 11:16:48.831 DBG] OBS :: Opening websocket connection to OBS (127.0.0.1:4455)
[2026-02-11 11:16:48.831 DBG] OBS-Websocket5 :: Opening connection (ws://127.0.0.1:4455/api/websocket)
[2026-02-11 11:16:50.875 DBG] OBS-Websocket5 :: Disconnected
[2026-02-11 11:16:50.875 DBG] OBS :: Disconnected from OBS (127.0.0.1:4455)
[2026-02-11 11:17:20.887 DBG] OBS :: Retrying obs connection to OBS (127.0.0.1:4455)
[2026-02-11 11:17:20.887 DBG] OBS :: Opening websocket connection to OBS (127.0.0.1:4455)
[2026-02-11 11:17:20.887 DBG] OBS-Websocket5 :: Opening connection (ws://127.0.0.1:4455/api/websocket)
[2026-02-11 11:17:22.917 DBG] OBS-Websocket5 :: Disconnected
[2026-02-11 11:17:22.917 DBG] OBS :: Disconnected from OBS (127.0.0.1:4455)
[2026-02-11 11:17:47.759 DBG] ViewerRepo :: UpdatePresence(twitch, 5), 0.0307ms
[2026-02-11 11:17:48.377 DBG] TwitchService :: Presence Timer :: Artificially updated presence with a threshold of 5 minutes (617.945ms)
[2026-02-11 11:17:52.924 DBG] OBS :: Retrying obs connection to OBS (127.0.0.1:4455)
[2026-02-11 11:17:52.924 DBG] OBS :: Opening websocket connection to OBS (127.0.0.1:4455)
[2026-02-11 11:17:52.924 DBG] OBS-Websocket5 :: Opening connection (ws://127.0.0.1:4455/api/websocket)
[2026-02-11 11:17:54.947 DBG] OBS-Websocket5 :: Disconnected
[2026-02-11 11:17:54.947 DBG] OBS :: Disconnected from OBS (127.0.0.1:4455)
[2026-02-11 11:18:24.955 DBG] OBS :: Retrying obs connection to OBS (127.0.0.1:4455)
[2026-02-11 11:18:24.955 DBG] OBS :: Opening websocket connection to OBS (127.0.0.1:4455)
[2026-02-11 11:18:24.955 DBG] OBS-Websocket5 :: Opening connection (ws://127.0.0.1:4455/api/websocket)
[2026-02-11 11:18:26.999 DBG] OBS-Websocket5 :: Disconnected
[2026-02-11 11:18:26.999 DBG] OBS :: Disconnected from OBS (127.0.0.1:4455)
[2026-02-11 11:18:28.546 DBG] Credits :: Time to save 12.6644ms
[2026-02-11 11:18:47.767 DBG] ViewerRepo :: UpdatePresence(twitch, 5), 0.0412ms
[2026-02-11 11:18:47.865 DBG] TwitchService :: Presence Timer :: Artificially updated presence with a threshold of 5 minutes (98.4913ms)
[2026-02-11 11:18:57.010 DBG] OBS :: Retrying obs connection to OBS (127.0.0.1:4455)
[2026-02-11 11:18:57.010 DBG] OBS :: Opening websocket connection to OBS (127.0.0.1:4455)
[2026-02-11 11:18:57.010 DBG] OBS-Websocket5 :: Opening connection (ws://127.0.0.1:4455/api/websocket)
[2026-02-11 11:18:59.051 DBG] OBS-Websocket5 :: Disconnected
[2026-02-11 11:18:59.051 DBG] OBS :: Disconnected from OBS (127.0.0.1:4455)
[2026-02-11 11:19:29.060 DBG] OBS :: Retrying obs connection to OBS (127.0.0.1:4455)
[2026-02-11 11:19:29.060 DBG] OBS :: Opening websocket connection to OBS (127.0.0.1:4455)
[2026-02-11 11:19:29.060 DBG] OBS-Websocket5 :: Opening connection (ws://127.0.0.1:4455/api/websocket)
[2026-02-11 11:19:31.120 DBG] OBS-Websocket5 :: Disconnected
[2026-02-11 11:19:31.120 DBG] OBS :: Disconnected from OBS (127.0.0.1:4455)
[2026-02-11 11:19:44.947 DBG] AutoSave :: Auto saving settings...
[2026-02-11 11:19:44.961 DBG] Users :: Time to save 14.0652ms
[2026-02-11 11:19:44.978 DBG] Actions :: Time to save 17.0251ms
[2026-02-11 11:19:44.990 DBG] Commands :: Time to save 12.2696ms
[2026-02-11 11:19:45.009 DBG] Twitch Rewards :: Time to save 18.7045ms
[2026-02-11 11:19:45.024 DBG] Midi :: Time to save 15.0651ms
[2026-02-11 11:19:45.035 DBG] OBS Settings :: Time to save 10.5292ms
[2026-02-11 11:19:45.047 DBG] MeldStudio Settings :: Time to save 11.5767ms
[2026-02-11 11:19:45.057 DBG] Credits :: Time to save 10.0292ms
[2026-02-11 11:19:45.068 DBG] Quotes :: Time to save 11.5459ms
[2026-02-11 11:19:45.171 DBG] Config :: Time to save 19.8316ms
[2026-02-11 11:19:47.770 DBG] ViewerRepo :: UpdatePresence(twitch, 5), 0.0309ms
[2026-02-11 11:19:47.867 DBG] TwitchService :: Presence Timer :: Artificially updated presence with a threshold of 5 minutes (96.9704ms)
[2026-02-11 11:20:01.133 DBG] OBS :: Retrying obs connection to OBS (127.0.0.1:4455)
[2026-02-11 11:20:01.133 DBG] OBS :: Opening websocket connection to OBS (127.0.0.1:4455)
[2026-02-11 11:20:01.133 DBG] OBS-Websocket5 :: Opening connection (ws://127.0.0.1:4455/api/websocket)
[2026-02-11 11:20:03.193 DBG] OBS-Websocket5 :: Disconnected
[2026-02-11 11:20:03.193 DBG] OBS :: Disconnected from OBS (127.0.0.1:4455)
[2026-02-11 11:20:33.204 DBG] OBS :: Retrying obs connection to OBS (127.0.0.1:4455)
[2026-02-11 11:20:33.204 DBG] OBS :: Opening websocket connection to OBS (127.0.0.1:4455)
[2026-02-11 11:20:33.204 DBG] OBS-Websocket5 :: Opening connection (ws://127.0.0.1:4455/api/websocket)
[2026-02-11 11:20:35.259 DBG] OBS-Websocket5 :: Disconnected
[2026-02-11 11:20:35.259 DBG] OBS :: Disconnected from OBS (127.0.0.1:4455)
[2026-02-11 11:20:47.773 DBG] ViewerRepo :: UpdatePresence(twitch, 5), 0.0301ms
[2026-02-11 11:20:47.877 DBG] TwitchService :: Presence Timer :: Artificially updated presence with a threshold of 5 minutes (104.3712ms)
[2026-02-11 11:21:05.265 DBG] OBS :: Retrying obs connection to OBS (127.0.0.1:4455)
[2026-02-11 11:21:05.265 DBG] OBS :: Opening websocket connection to OBS (127.0.0.1:4455)
[2026-02-11 11:21:05.265 DBG] OBS-Websocket5 :: Opening connection (ws://127.0.0.1:4455/api/websocket)
[2026-02-11 11:21:07.312 DBG] OBS-Websocket5 :: Disconnected
[2026-02-11 11:21:07.312 DBG] OBS :: Disconnected from OBS (127.0.0.1:4455)
[2026-02-11 11:21:37.326 DBG] OBS :: Retrying obs connection to OBS (127.0.0.1:4455)
[2026-02-11 11:21:37.326 DBG] OBS :: Opening websocket connection to OBS (127.0.0.1:4455)
[2026-02-11 11:21:37.326 DBG] OBS-Websocket5 :: Opening connection (ws://127.0.0.1:4455/api/websocket)
[2026-02-11 11:21:39.366 DBG] OBS-Websocket5 :: Disconnected
[2026-02-11 11:21:39.366 DBG] OBS :: Disconnected from OBS (127.0.0.1:4455)
[2026-02-11 11:21:47.789 DBG] ViewerRepo :: UpdatePresence(twitch, 5), 0.0549ms
[2026-02-11 11:21:47.884 DBG] TwitchService :: Presence Timer :: Artificially updated presence with a threshold of 5 minutes (95.7402ms)
[2026-02-11 11:22:09.372 DBG] OBS :: Retrying obs connection to OBS (127.0.0.1:4455)
[2026-02-11 11:22:09.372 DBG] OBS :: Opening websocket connection to OBS (127.0.0.1:4455)
[2026-02-11 11:22:09.372 DBG] OBS-Websocket5 :: Opening connection (ws://127.0.0.1:4455/api/websocket)
[2026-02-11 11:22:11.408 DBG] OBS-Websocket5 :: Disconnected
[2026-02-11 11:22:11.408 DBG] OBS :: Disconnected from OBS (127.0.0.1:4455)
[2026-02-11 11:22:41.410 DBG] OBS :: Retrying obs connection to OBS (127.0.0.1:4455)
[2026-02-11 11:22:41.410 DBG] OBS :: Opening websocket connection to OBS (127.0.0.1:4455)
[2026-02-11 11:22:41.410 DBG] OBS-Websocket5 :: Opening connection (ws://127.0.0.1:4455/api/websocket)
[2026-02-11 11:22:43.437 DBG] OBS-Websocket5 :: Disconnected
[2026-02-11 11:22:43.437 DBG] OBS :: Disconnected from OBS (127.0.0.1:4455)
[2026-02-11 11:22:47.802 DBG] ViewerRepo :: UpdatePresence(twitch, 5), 0.0297ms
[2026-02-11 11:22:47.899 DBG] TwitchService :: Presence Timer :: Artificially updated presence with a threshold of 5 minutes (96.4938ms)
[2026-02-11 11:23:13.442 DBG] OBS :: Retrying obs connection to OBS (127.0.0.1:4455)
[2026-02-11 11:23:13.442 DBG] OBS :: Opening websocket connection to OBS (127.0.0.1:4455)
[2026-02-11 11:23:13.442 DBG] OBS-Websocket5 :: Opening connection (ws://127.0.0.1:4455/api/websocket)
[2026-02-11 11:23:15.483 DBG] OBS-Websocket5 :: Disconnected
[2026-02-11 11:23:15.483 DBG] OBS :: Disconnected from OBS (127.0.0.1:4455)
[2026-02-11 11:23:16.214 DBG] StreamElements Socket :: Disconnected
[2026-02-11 11:23:16.214 INF] StreamElements Service :: Disconnected from Client
[2026-02-11 11:23:18.227 DBG] StreamElements Service :: Retrying client connection
[2026-02-11 11:23:18.227 INF] StreamElements Service :: Connecting to Client
[2026-02-11 11:23:18.227 DBG] StreamElements Socket :: Opening connection
[2026-02-11 11:23:18.624 INF] StreamElements Service :: Connected to Client
[2026-02-11 11:23:28.559 DBG] Credits :: Time to save 12.4195ms
[2026-02-11 11:23:45.487 DBG] OBS :: Retrying obs connection to OBS (127.0.0.1:4455)
[2026-02-11 11:23:45.487 DBG] OBS :: Opening websocket connection to OBS (127.0.0.1:4455)
[2026-02-11 11:23:45.487 DBG] OBS-Websocket5 :: Opening connection (ws://127.0.0.1:4455/api/websocket)
[2026-02-11 11:23:47.548 DBG] OBS-Websocket5 :: Disconnected
[2026-02-11 11:23:47.548 DBG] OBS :: Disconnected from OBS (127.0.0.1:4455)
[2026-02-11 11:23:47.817 DBG] ViewerRepo :: UpdatePresence(twitch, 5), 0.0303ms
[2026-02-11 11:23:47.914 DBG] TwitchService :: Presence Timer :: Artificially updated presence with a threshold of 5 minutes (97.6743ms)
[2026-02-11 11:24:17.558 DBG] OBS :: Retrying obs connection to OBS (127.0.0.1:4455)
[2026-02-11 11:24:17.558 DBG] OBS :: Opening websocket connection to OBS (127.0.0.1:4455)
[2026-02-11 11:24:17.558 DBG] OBS-Websocket5 :: Opening connection (ws://127.0.0.1:4455/api/websocket)
[2026-02-11 11:24:19.583 DBG] OBS-Websocket5 :: Disconnected
[2026-02-11 11:24:19.583 DBG] OBS :: Disconnected from OBS (127.0.0.1:4455)
[2026-02-11 11:24:29.600 DBG] ActionDispatcher :: Queueing 'Sub Goal' (361aa588-5f31-4e19-b8a5-099cae52479d, TimedAction) to 'Default' (00000000-0000-0000-0000-000000000000), with 11 arguments
[2026-02-11 11:24:29.600 DBG] ActionQueue :: 'Default' (00000000-0000-0000-0000-000000000000) :: Enqueue action 361aa588-5f31-4e19-b8a5-099cae52479d
[2026-02-11 11:24:29.600 DBG] ActionQueue :: 'Default' (00000000-0000-0000-0000-000000000000) :: Handling queue
[2026-02-11 11:24:29.600 DBG] ActionQueue :: 'Default' (00000000-0000-0000-0000-000000000000) :: Performing non-blocking 'Sub Goal' (361aa588-5f31-4e19-b8a5-099cae52479d, 679d7ecd-08ef-448e-80fc-1648abd2054f)
[2026-02-11 11:24:45.135 DBG] AutoSave :: Auto saving settings...
[2026-02-11 11:24:45.149 DBG] Users :: Time to save 14.461ms
[2026-02-11 11:24:45.166 DBG] Actions :: Time to save 17.0221ms
[2026-02-11 11:24:45.179 DBG] Commands :: Time to save 13.4197ms
[2026-02-11 11:24:45.196 DBG] Twitch Rewards :: Time to save 16.9703ms
[2026-02-11 11:24:45.211 DBG] Midi :: Time to save 14.9699ms
[2026-02-11 11:24:45.222 DBG] OBS Settings :: Time to save 10.7715ms
[2026-02-11 11:24:45.235 DBG] MeldStudio Settings :: Time to save 11.9839ms
[2026-02-11 11:24:45.251 DBG] Credits :: Time to save 17.1676ms
[2026-02-11 11:24:45.270 DBG] Quotes :: Time to save 18.0635ms
[2026-02-11 11:24:45.351 DBG] Config :: Time to save 13.6915ms
[2026-02-11 11:24:47.831 DBG] ViewerRepo :: UpdatePresence(twitch, 5), 0.0553ms
[2026-02-11 11:24:47.928 DBG] TwitchService :: Presence Timer :: Artificially updated presence with a threshold of 5 minutes (97.3748ms)
[2026-02-11 11:24:49.597 DBG] OBS :: Retrying obs connection to OBS (127.0.0.1:4455)
[2026-02-11 11:24:49.597 DBG] OBS :: Opening websocket connection to OBS (127.0.0.1:4455)
[2026-02-11 11:24:49.597 DBG] OBS-Websocket5 :: Opening connection (ws://127.0.0.1:4455/api/websocket)
[2026-02-11 11:24:51.620 DBG] OBS-Websocket5 :: Disconnected
[2026-02-11 11:24:51.620 DBG] OBS :: Disconnected from OBS (127.0.0.1:4455)
[2026-02-11 11:25:21.634 DBG] OBS :: Retrying obs connection to OBS (127.0.0.1:4455)
[2026-02-11 11:25:21.634 DBG] OBS :: Opening websocket connection to OBS (127.0.0.1:4455)
[2026-02-11 11:25:21.634 DBG] OBS-Websocket5 :: Opening connection (ws://127.0.0.1:4455/api/websocket)
[2026-02-11 11:25:23.664 DBG] OBS-Websocket5 :: Disconnected
[2026-02-11 11:25:23.664 DBG] OBS :: Disconnected from OBS (127.0.0.1:4455)
[2026-02-11 11:25:47.834 DBG] ViewerRepo :: UpdatePresence(twitch, 5), 0.0317ms
[2026-02-11 11:25:47.931 DBG] TwitchService :: Presence Timer :: Artificially updated presence with a threshold of 5 minutes (96.8373ms)
[2026-02-11 11:25:53.666 DBG] OBS :: Retrying obs connection to OBS (127.0.0.1:4455)
[2026-02-11 11:25:53.666 DBG] OBS :: Opening websocket connection to OBS (127.0.0.1:4455)
[2026-02-11 11:25:53.666 DBG] OBS-Websocket5 :: Opening connection (ws://127.0.0.1:4455/api/websocket)
[2026-02-11 11:25:55.700 DBG] OBS-Websocket5 :: Disconnected
[2026-02-11 11:25:55.700 DBG] OBS :: Disconnected from OBS (127.0.0.1:4455)
[2026-02-11 11:26:25.714 DBG] OBS :: Retrying obs connection to OBS (127.0.0.1:4455)
[2026-02-11 11:26:25.714 DBG] OBS :: Opening websocket connection to OBS (127.0.0.1:4455)
[2026-02-11 11:26:25.714 DBG] OBS-Websocket5 :: Opening connection (ws://127.0.0.1:4455/api/websocket)
[2026-02-11 11:26:27.741 DBG] OBS-Websocket5 :: Disconnected
[2026-02-11 11:26:27.741 DBG] OBS :: Disconnected from OBS (127.0.0.1:4455)
[2026-02-11 11:26:47.846 DBG] ViewerRepo :: UpdatePresence(twitch, 5), 0.03ms
[2026-02-11 11:26:47.945 DBG] TwitchService :: Presence Timer :: Artificially updated presence with a threshold of 5 minutes (99.6663ms)
[2026-02-11 11:26:57.767 DBG] OBS :: Retrying obs connection to OBS (127.0.0.1:4455)
[2026-02-11 11:26:57.767 DBG] OBS :: Opening websocket connection to OBS (127.0.0.1:4455)
[2026-02-11 11:26:57.767 DBG] OBS-Websocket5 :: Opening connection (ws://127.0.0.1:4455/api/websocket)
[2026-02-11 11:26:59.825 DBG] OBS-Websocket5 :: Disconnected
[2026-02-11 11:26:59.825 DBG] OBS :: Disconnected from OBS (127.0.0.1:4455)
[2026-02-11 11:27:29.835 DBG] OBS :: Retrying obs connection to OBS (127.0.0.1:4455)
[2026-02-11 11:27:29.835 DBG] OBS :: Opening websocket connection to OBS (127.0.0.1:4455)
[2026-02-11 11:27:29.835 DBG] OBS-Websocket5 :: Opening connection (ws://127.0.0.1:4455/api/websocket)
[2026-02-11 11:27:31.869 DBG] OBS-Websocket5 :: Disconnected
[2026-02-11 11:27:31.869 DBG] OBS :: Disconnected from OBS (127.0.0.1:4455)
[2026-02-11 11:27:47.860 DBG] ViewerRepo :: UpdatePresence(twitch, 5), 0.0321ms
[2026-02-11 11:27:47.954 DBG] TwitchService :: Presence Timer :: Artificially updated presence with a threshold of 5 minutes (93.8987ms)
[2026-02-11 11:28:01.884 DBG] OBS :: Retrying obs connection to OBS (127.0.0.1:4455)
[2026-02-11 11:28:01.884 DBG] OBS :: Opening websocket connection to OBS (127.0.0.1:4455)
[2026-02-11 11:28:01.884 DBG] OBS-Websocket5 :: Opening connection (ws://127.0.0.1:4455/api/websocket)
[2026-02-11 11:28:03.922 DBG] OBS-Websocket5 :: Disconnected
[2026-02-11 11:28:03.922 DBG] OBS :: Disconnected from OBS (127.0.0.1:4455)
[2026-02-11 11:28:28.577 DBG] Credits :: Time to save 17.6408ms
[2026-02-11 11:28:33.923 DBG] OBS :: Retrying obs connection to OBS (127.0.0.1:4455)
[2026-02-11 11:28:33.923 DBG] OBS :: Opening websocket connection to OBS (127.0.0.1:4455)
[2026-02-11 11:28:33.923 DBG] OBS-Websocket5 :: Opening connection (ws://127.0.0.1:4455/api/websocket)
[2026-02-11 11:28:35.946 DBG] OBS-Websocket5 :: Disconnected
[2026-02-11 11:28:35.946 DBG] OBS :: Disconnected from OBS (127.0.0.1:4455)
[2026-02-11 11:28:47.865 DBG] ViewerRepo :: UpdatePresence(twitch, 5), 0.0302ms
[2026-02-11 11:28:47.959 DBG] TwitchService :: Presence Timer :: Artificially updated presence with a threshold of 5 minutes (94.2534ms)
[2026-02-11 11:29:05.949 DBG] OBS :: Retrying obs connection to OBS (127.0.0.1:4455)
[2026-02-11 11:29:05.949 DBG] OBS :: Opening websocket connection to OBS (127.0.0.1:4455)
[2026-02-11 11:29:05.949 DBG] OBS-Websocket5 :: Opening connection (ws://127.0.0.1:4455/api/websocket)
[2026-02-11 11:29:07.993 DBG] OBS-Websocket5 :: Disconnected
[2026-02-11 11:29:07.993 DBG] OBS :: Disconnected from OBS (127.0.0.1:4455)
[2026-02-11 11:29:38.008 DBG] OBS :: Retrying obs connection to OBS (127.0.0.1:4455)
[2026-02-11 11:29:38.008 DBG] OBS :: Opening websocket connection to OBS (127.0.0.1:4455)
[2026-02-11 11:29:38.008 DBG] OBS-Websocket5 :: Opening connection (ws://127.0.0.1:4455/api/websocket)
[2026-02-11 11:29:40.064 DBG] OBS-Websocket5 :: Disconnected
[2026-02-11 11:29:40.064 DBG] OBS :: Disconnected from OBS (127.0.0.1:4455)
[2026-02-11 11:29:45.347 DBG] AutoSave :: Auto saving settings...
[2026-02-11 11:29:45.363 DBG] Users :: Time to save 15.4963ms
[2026-02-11 11:29:45.379 DBG] Actions :: Time to save 16.6129ms
[2026-02-11 11:29:45.391 DBG] Commands :: Time to save 11.2903ms
[2026-02-11 11:29:45.407 DBG] Twitch Rewards :: Time to save 15.8011ms
[2026-02-11 11:29:45.417 DBG] Midi :: Time to save 10.9237ms
[2026-02-11 11:29:45.429 DBG] OBS Settings :: Time to save 10.9691ms
[2026-02-11 11:29:45.444 DBG] MeldStudio Settings :: Time to save 15.272ms
[2026-02-11 11:29:45.459 DBG] Credits :: Time to save 15.3513ms
[2026-02-11 11:29:45.470 DBG] Quotes :: Time to save 11.2817ms
[2026-02-11 11:29:45.568 DBG] Config :: Time to save 19.3374ms
[2026-02-11 11:29:47.869 DBG] ViewerRepo :: UpdatePresence(twitch, 5), 0.0333ms
[2026-02-11 11:29:47.968 DBG] TwitchService :: Presence Timer :: Artificially updated presence with a threshold of 5 minutes (99.2816ms)
[2026-02-11 11:30:10.079 DBG] OBS :: Retrying obs connection to OBS (127.0.0.1:4455)
[2026-02-11 11:30:10.079 DBG] OBS :: Opening websocket connection to OBS (127.0.0.1:4455)
[2026-02-11 11:30:10.079 DBG] OBS-Websocket5 :: Opening connection (ws://127.0.0.1:4455/api/websocket)
[2026-02-11 11:30:12.135 DBG] OBS-Websocket5 :: Disconnected
[2026-02-11 11:30:12.135 DBG] OBS :: Disconnected from OBS (127.0.0.1:4455)
[2026-02-11 11:30:42.145 DBG] OBS :: Retrying obs connection to OBS (127.0.0.1:4455)
[2026-02-11 11:30:42.145 DBG] OBS :: Opening websocket connection to OBS (127.0.0.1:4455)
[2026-02-11 11:30:42.145 DBG] OBS-Websocket5 :: Opening connection (ws://127.0.0.1:4455/api/websocket)
[2026-02-11 11:30:44.189 DBG] OBS-Websocket5 :: Disconnected
[2026-02-11 11:30:44.189 DBG] OBS :: Disconnected from OBS (127.0.0.1:4455)
[2026-02-11 11:30:47.869 DBG] ViewerRepo :: UpdatePresence(twitch, 5), 0.0307ms
[2026-02-11 11:30:47.962 DBG] TwitchService :: Presence Timer :: Artificially updated presence with a threshold of 5 minutes (93.2594ms)
[2026-02-11 11:31:14.203 DBG] OBS :: Retrying obs connection to OBS (127.0.0.1:4455)
[2026-02-11 11:31:14.203 DBG] OBS :: Opening websocket connection to OBS (127.0.0.1:4455)
[2026-02-11 11:31:14.203 DBG] OBS-Websocket5 :: Opening connection (ws://127.0.0.1:4455/api/websocket)
[2026-02-11 11:31:16.247 DBG] OBS-Websocket5 :: Disconnected
[2026-02-11 11:31:16.247 DBG] OBS :: Disconnected from OBS (127.0.0.1:4455)
[2026-02-11 11:31:46.255 DBG] OBS :: Retrying obs connection to OBS (127.0.0.1:4455)
[2026-02-11 11:31:46.255 DBG] OBS :: Opening websocket connection to OBS (127.0.0.1:4455)
[2026-02-11 11:31:46.255 DBG] OBS-Websocket5 :: Opening connection (ws://127.0.0.1:4455/api/websocket)
[2026-02-11 11:31:47.879 DBG] ViewerRepo :: UpdatePresence(twitch, 5), 0.0403ms
[2026-02-11 11:31:47.979 DBG] TwitchService :: Presence Timer :: Artificially updated presence with a threshold of 5 minutes (99.9451ms)
[2026-02-11 11:31:48.301 DBG] OBS-Websocket5 :: Disconnected
[2026-02-11 11:31:48.301 DBG] OBS :: Disconnected from OBS (127.0.0.1:4455)
[2026-02-11 11:32:18.313 DBG] OBS :: Retrying obs connection to OBS (127.0.0.1:4455)
[2026-02-11 11:32:18.313 DBG] OBS :: Opening websocket connection to OBS (127.0.0.1:4455)
[2026-02-11 11:32:18.313 DBG] OBS-Websocket5 :: Opening connection (ws://127.0.0.1:4455/api/websocket)
[2026-02-11 11:32:20.355 DBG] OBS-Websocket5 :: Disconnected
[2026-02-11 11:32:20.355 DBG] OBS :: Disconnected from OBS (127.0.0.1:4455)
[2026-02-11 11:32:47.890 DBG] ViewerRepo :: UpdatePresence(twitch, 5), 0.0321ms
[2026-02-11 11:32:47.988 DBG] TwitchService :: Presence Timer :: Artificially updated presence with a threshold of 5 minutes (98.6338ms)
[2026-02-11 11:32:50.369 DBG] OBS :: Retrying obs connection to OBS (127.0.0.1:4455)
[2026-02-11 11:32:50.369 DBG] OBS :: Opening websocket connection to OBS (127.0.0.1:4455)
[2026-02-11 11:32:50.369 DBG] OBS-Websocket5 :: Opening connection (ws://127.0.0.1:4455/api/websocket)
[2026-02-11 11:32:52.431 DBG] OBS-Websocket5 :: Disconnected
[2026-02-11 11:32:52.431 DBG] OBS :: Disconnected from OBS (127.0.0.1:4455)
[2026-02-11 11:33:22.453 DBG] OBS :: Retrying obs connection to OBS (127.0.0.1:4455)
[2026-02-11 11:33:22.453 DBG] OBS :: Opening websocket connection to OBS (127.0.0.1:4455)
[2026-02-11 11:33:22.453 DBG] OBS-Websocket5 :: Opening connection (ws://127.0.0.1:4455/api/websocket)
[2026-02-11 11:33:24.495 DBG] OBS-Websocket5 :: Disconnected
[2026-02-11 11:33:24.495 DBG] OBS :: Disconnected from OBS (127.0.0.1:4455)
[2026-02-11 11:33:28.578 DBG] Credits :: Time to save 12.8694ms
[2026-02-11 11:33:47.891 DBG] ViewerRepo :: UpdatePresence(twitch, 5), 0.0553ms
[2026-02-11 11:33:47.988 DBG] TwitchService :: Presence Timer :: Artificially updated presence with a threshold of 5 minutes (97.3489ms)
[2026-02-11 11:33:54.510 DBG] OBS :: Retrying obs connection to OBS (127.0.0.1:4455)
[2026-02-11 11:33:54.510 DBG] OBS :: Opening websocket connection to OBS (127.0.0.1:4455)
[2026-02-11 11:33:54.510 DBG] OBS-Websocket5 :: Opening connection (ws://127.0.0.1:4455/api/websocket)
[2026-02-11 11:33:56.539 DBG] OBS-Websocket5 :: Disconnected
[2026-02-11 11:33:56.539 DBG] OBS :: Disconnected from OBS (127.0.0.1:4455)
[2026-02-11 11:34:26.544 DBG] OBS :: Retrying obs connection to OBS (127.0.0.1:4455)
[2026-02-11 11:34:26.544 DBG] OBS :: Opening websocket connection to OBS (127.0.0.1:4455)
[2026-02-11 11:34:26.544 DBG] OBS-Websocket5 :: Opening connection (ws://127.0.0.1:4455/api/websocket)
[2026-02-11 11:34:28.600 DBG] OBS-Websocket5 :: Disconnected
[2026-02-11 11:34:28.600 DBG] OBS :: Disconnected from OBS (127.0.0.1:4455)
[2026-02-11 11:34:30.470 DBG] ActionDispatcher :: Queueing 'Sub Goal' (361aa588-5f31-4e19-b8a5-099cae52479d, TimedAction) to 'Default' (00000000-0000-0000-0000-000000000000), with 11 arguments
[2026-02-11 11:34:30.470 DBG] ActionQueue :: 'Default' (00000000-0000-0000-0000-000000000000) :: Enqueue action 361aa588-5f31-4e19-b8a5-099cae52479d
[2026-02-11 11:34:30.470 DBG] ActionQueue :: 'Default' (00000000-0000-0000-0000-000000000000) :: Handling queue
[2026-02-11 11:34:30.470 DBG] ActionQueue :: 'Default' (00000000-0000-0000-0000-000000000000) :: Performing non-blocking 'Sub Goal' (361aa588-5f31-4e19-b8a5-099cae52479d, 15e636be-4a4d-4fc9-aae5-ef5f99332673)
[2026-02-11 11:34:45.572 DBG] AutoSave :: Auto saving settings...
[2026-02-11 11:34:45.586 DBG] Users :: Time to save 14.1625ms
[2026-02-11 11:34:45.604 DBG] Actions :: Time to save 17.7549ms
[2026-02-11 11:34:45.621 DBG] Commands :: Time to save 17.0943ms
[2026-02-11 11:34:45.639 DBG] Twitch Rewards :: Time to save 18.044ms
[2026-02-11 11:34:45.649 DBG] Midi :: Time to save 9.7226ms
[2026-02-11 11:34:45.664 DBG] OBS Settings :: Time to save 14.6673ms
[2026-02-11 11:34:45.674 DBG] MeldStudio Settings :: Time to save 10.02ms
[2026-02-11 11:34:45.684 DBG] Credits :: Time to save 9.9263ms
[2026-02-11 11:34:45.695 DBG] Quotes :: Time to save 11.0703ms
[2026-02-11 11:34:45.789 DBG] Config :: Time to save 13.7636ms
[2026-02-11 11:34:47.898 DBG] ViewerRepo :: UpdatePresence(twitch, 5), 0.0303ms
[2026-02-11 11:34:47.991 DBG] TwitchService :: Presence Timer :: Artificially updated presence with a threshold of 5 minutes (92.3885ms)
[2026-02-11 11:34:58.615 DBG] OBS :: Retrying obs connection to OBS (127.0.0.1:4455)
[2026-02-11 11:34:58.615 DBG] OBS :: Opening websocket connection to OBS (127.0.0.1:4455)
[2026-02-11 11:34:58.615 DBG] OBS-Websocket5 :: Opening connection (ws://127.0.0.1:4455/api/websocket)
[2026-02-11 11:35:00.646 DBG] OBS-Websocket5 :: Disconnected
[2026-02-11 11:35:00.646 DBG] OBS :: Disconnected from OBS (127.0.0.1:4455)
[2026-02-11 11:35:30.649 DBG] OBS :: Retrying obs connection to OBS (127.0.0.1:4455)
[2026-02-11 11:35:30.649 DBG] OBS :: Opening websocket connection to OBS (127.0.0.1:4455)
[2026-02-11 11:35:30.649 DBG] OBS-Websocket5 :: Opening connection (ws://127.0.0.1:4455/api/websocket)
[2026-02-11 11:35:32.691 DBG] OBS-Websocket5 :: Disconnected
[2026-02-11 11:35:32.691 DBG] OBS :: Disconnected from OBS (127.0.0.1:4455)
[2026-02-11 11:35:47.912 DBG] ViewerRepo :: UpdatePresence(twitch, 5), 0.0441ms
[2026-02-11 11:35:48.015 DBG] TwitchService :: Presence Timer :: Artificially updated presence with a threshold of 5 minutes (102.8407ms)
[2026-02-11 11:36:02.702 DBG] OBS :: Retrying obs connection to OBS (127.0.0.1:4455)
[2026-02-11 11:36:02.702 DBG] OBS :: Opening websocket connection to OBS (127.0.0.1:4455)
[2026-02-11 11:36:02.702 DBG] OBS-Websocket5 :: Opening connection (ws://127.0.0.1:4455/api/websocket)
[2026-02-11 11:36:04.743 DBG] OBS-Websocket5 :: Disconnected
[2026-02-11 11:36:04.743 DBG] OBS :: Disconnected from OBS (127.0.0.1:4455)
[2026-02-11 11:36:34.743 DBG] OBS :: Retrying obs connection to OBS (127.0.0.1:4455)
[2026-02-11 11:36:34.743 DBG] OBS :: Opening websocket connection to OBS (127.0.0.1:4455)
[2026-02-11 11:36:34.743 DBG] OBS-Websocket5 :: Opening connection (ws://127.0.0.1:4455/api/websocket)
[2026-02-11 11:36:36.803 DBG] OBS-Websocket5 :: Disconnected
[2026-02-11 11:36:36.803 DBG] OBS :: Disconnected from OBS (127.0.0.1:4455)
[2026-02-11 11:36:47.915 DBG] ViewerRepo :: UpdatePresence(twitch, 5), 0.0309ms
[2026-02-11 11:36:48.010 DBG] TwitchService :: Presence Timer :: Artificially updated presence with a threshold of 5 minutes (95.0784ms)
[2026-02-11 11:37:06.814 DBG] OBS :: Retrying obs connection to OBS (127.0.0.1:4455)
[2026-02-11 11:37:06.814 DBG] OBS :: Opening websocket connection to OBS (127.0.0.1:4455)
[2026-02-11 11:37:06.814 DBG] OBS-Websocket5 :: Opening connection (ws://127.0.0.1:4455/api/websocket)
[2026-02-11 11:37:08.844 DBG] OBS-Websocket5 :: Disconnected
[2026-02-11 11:37:08.844 DBG] OBS :: Disconnected from OBS (127.0.0.1:4455)
[2026-02-11 11:37:38.848 DBG] OBS :: Retrying obs connection to OBS (127.0.0.1:4455)
[2026-02-11 11:37:38.848 DBG] OBS :: Opening websocket connection to OBS (127.0.0.1:4455)
[2026-02-11 11:37:38.848 DBG] OBS-Websocket5 :: Opening connection (ws://127.0.0.1:4455/api/websocket)
[2026-02-11 11:37:40.876 DBG] OBS-Websocket5 :: Disconnected
[2026-02-11 11:37:40.876 DBG] OBS :: Disconnected from OBS (127.0.0.1:4455)
[2026-02-11 11:37:47.926 DBG] ViewerRepo :: UpdatePresence(twitch, 5), 0.0355ms
[2026-02-11 11:37:48.024 DBG] TwitchService :: Presence Timer :: Artificially updated presence with a threshold of 5 minutes (97.73ms)
[2026-02-11 11:38:10.884 DBG] OBS :: Retrying obs connection to OBS (127.0.0.1:4455)
[2026-02-11 11:38:10.884 DBG] OBS :: Opening websocket connection to OBS (127.0.0.1:4455)
[2026-02-11 11:38:10.884 DBG] OBS-Websocket5 :: Opening connection (ws://127.0.0.1:4455/api/websocket)
[2026-02-11 11:38:12.924 DBG] OBS-Websocket5 :: Disconnected
[2026-02-11 11:38:12.924 DBG] OBS :: Disconnected from OBS (127.0.0.1:4455)
[2026-02-11 11:38:28.588 DBG] Credits :: Time to save 17.3296ms
[2026-02-11 11:38:42.926 DBG] OBS :: Retrying obs connection to OBS (127.0.0.1:4455)
[2026-02-11 11:38:42.926 DBG] OBS :: Opening websocket connection to OBS (127.0.0.1:4455)
[2026-02-11 11:38:42.926 DBG] OBS-Websocket5 :: Opening connection (ws://127.0.0.1:4455/api/websocket)
[2026-02-11 11:38:44.954 DBG] OBS-Websocket5 :: Disconnected
[2026-02-11 11:38:44.954 DBG] OBS :: Disconnected from OBS (127.0.0.1:4455)
[2026-02-11 11:38:47.935 DBG] ViewerRepo :: UpdatePresence(twitch, 5), 0.0299ms
[2026-02-11 11:38:48.028 DBG] TwitchService :: Presence Timer :: Artificially updated presence with a threshold of 5 minutes (92.4516ms)
[2026-02-11 11:39:14.963 DBG] OBS :: Retrying obs connection to OBS (127.0.0.1:4455)
[2026-02-11 11:39:14.963 DBG] OBS :: Opening websocket connection to OBS (127.0.0.1:4455)
[2026-02-11 11:39:14.963 DBG] OBS-Websocket5 :: Opening connection (ws://127.0.0.1:4455/api/websocket)
[2026-02-11 11:39:17.009 DBG] OBS-Websocket5 :: Disconnected
[2026-02-11 11:39:17.009 DBG] OBS :: Disconnected from OBS (127.0.0.1:4455)
[2026-02-11 11:39:45.807 DBG] AutoSave :: Auto saving settings...
[2026-02-11 11:39:45.829 DBG] Users :: Time to save 22.2921ms
[2026-02-11 11:39:45.854 DBG] Actions :: Time to save 25.246ms
[2026-02-11 11:39:45.874 DBG] Commands :: Time to save 19.5925ms
[2026-02-11 11:39:45.894 DBG] Twitch Rewards :: Time to save 19.9283ms
[2026-02-11 11:39:45.911 DBG] Midi :: Time to save 16.4674ms
[2026-02-11 11:39:45.922 DBG] OBS Settings :: Time to save 10.9359ms
[2026-02-11 11:39:45.933 DBG] MeldStudio Settings :: Time to save 10.6674ms
[2026-02-11 11:39:45.942 DBG] Credits :: Time to save 9.6294ms
[2026-02-11 11:39:45.956 DBG] Quotes :: Time to save 14.0637ms
[2026-02-11 11:39:46.024 DBG] Config :: Time to save 14.2083ms
[2026-02-11 11:39:47.023 DBG] OBS :: Retrying obs connection to OBS (127.0.0.1:4455)
[2026-02-11 11:39:47.023 DBG] OBS :: Opening websocket connection to OBS (127.0.0.1:4455)
[2026-02-11 11:39:47.023 DBG] OBS-Websocket5 :: Opening connection (ws://127.0.0.1:4455/api/websocket)
[2026-02-11 11:39:47.944 DBG] ViewerRepo :: UpdatePresence(twitch, 5), 0.0295ms
[2026-02-11 11:39:48.045 DBG] TwitchService :: Presence Timer :: Artificially updated presence with a threshold of 5 minutes (100.5158ms)
[2026-02-11 11:39:49.083 DBG] OBS-Websocket5 :: Disconnected
[2026-02-11 11:39:49.083 DBG] OBS :: Disconnected from OBS (127.0.0.1:4455)
[2026-02-11 11:40:19.086 DBG] OBS :: Retrying obs connection to OBS (127.0.0.1:4455)
[2026-02-11 11:40:19.086 DBG] OBS :: Opening websocket connection to OBS (127.0.0.1:4455)
[2026-02-11 11:40:19.086 DBG] OBS-Websocket5 :: Opening connection (ws://127.0.0.1:4455/api/websocket)
[2026-02-11 11:40:21.138 DBG] OBS-Websocket5 :: Disconnected
[2026-02-11 11:40:21.138 DBG] OBS :: Disconnected from OBS (127.0.0.1:4455)
[2026-02-11 11:40:47.949 DBG] ViewerRepo :: UpdatePresence(twitch, 5), 0.0287ms
[2026-02-11 11:40:48.046 DBG] TwitchService :: Presence Timer :: Artificially updated presence with a threshold of 5 minutes (97.1092ms)
[2026-02-11 11:40:51.147 DBG] OBS :: Retrying obs connection to OBS (127.0.0.1:4455)
[2026-02-11 11:40:51.147 DBG] OBS :: Opening websocket connection to OBS (127.0.0.1:4455)
[2026-02-11 11:40:51.147 DBG] OBS-Websocket5 :: Opening connection (ws://127.0.0.1:4455/api/websocket)
[2026-02-11 11:40:53.207 DBG] OBS-Websocket5 :: Disconnected
[2026-02-11 11:40:53.207 DBG] OBS :: Disconnected from OBS (127.0.0.1:4455)
[2026-02-11 11:41:23.211 DBG] OBS :: Retrying obs connection to OBS (127.0.0.1:4455)
[2026-02-11 11:41:23.211 DBG] OBS :: Opening websocket connection to OBS (127.0.0.1:4455)
[2026-02-11 11:41:23.211 DBG] OBS-Websocket5 :: Opening connection (ws://127.0.0.1:4455/api/websocket)
[2026-02-11 11:41:25.245 DBG] OBS-Websocket5 :: Disconnected
[2026-02-11 11:41:25.245 DBG] OBS :: Disconnected from OBS (127.0.0.1:4455)
[2026-02-11 11:41:47.951 DBG] ViewerRepo :: UpdatePresence(twitch, 5), 0.0309ms
[2026-02-11 11:41:48.045 DBG] TwitchService :: Presence Timer :: Artificially updated presence with a threshold of 5 minutes (94.3919ms)
[2026-02-11 11:41:55.265 DBG] OBS :: Retrying obs connection to OBS (127.0.0.1:4455)
[2026-02-11 11:41:55.265 DBG] OBS :: Opening websocket connection to OBS (127.0.0.1:4455)
[2026-02-11 11:41:55.265 DBG] OBS-Websocket5 :: Opening connection (ws://127.0.0.1:4455/api/websocket)
[2026-02-11 11:41:57.293 DBG] OBS-Websocket5 :: Disconnected
[2026-02-11 11:41:57.293 DBG] OBS :: Disconnected from OBS (127.0.0.1:4455)
[2026-02-11 11:42:27.315 DBG] OBS :: Retrying obs connection to OBS (127.0.0.1:4455)
[2026-02-11 11:42:27.315 DBG] OBS :: Opening websocket connection to OBS (127.0.0.1:4455)
[2026-02-11 11:42:27.315 DBG] OBS-Websocket5 :: Opening connection (ws://127.0.0.1:4455/api/websocket)
[2026-02-11 11:42:29.362 DBG] OBS-Websocket5 :: Disconnected
[2026-02-11 11:42:29.362 DBG] OBS :: Disconnected from OBS (127.0.0.1:4455)
[2026-02-11 11:42:47.971 DBG] ViewerRepo :: UpdatePresence(twitch, 5), 0.0296ms
[2026-02-11 11:42:48.067 DBG] TwitchService :: Presence Timer :: Artificially updated presence with a threshold of 5 minutes (96.0101ms)
[2026-02-11 11:42:59.364 DBG] OBS :: Retrying obs connection to OBS (127.0.0.1:4455)
[2026-02-11 11:42:59.364 DBG] OBS :: Opening websocket connection to OBS (127.0.0.1:4455)
[2026-02-11 11:42:59.364 DBG] OBS-Websocket5 :: Opening connection (ws://127.0.0.1:4455/api/websocket)
[2026-02-11 11:43:01.420 DBG] OBS-Websocket5 :: Disconnected
[2026-02-11 11:43:01.420 DBG] OBS :: Disconnected from OBS (127.0.0.1:4455)
[2026-02-11 11:43:28.598 DBG] Credits :: Time to save 17.5578ms
[2026-02-11 11:43:31.422 DBG] OBS :: Retrying obs connection to OBS (127.0.0.1:4455)
[2026-02-11 11:43:31.422 DBG] OBS :: Opening websocket connection to OBS (127.0.0.1:4455)
[2026-02-11 11:43:31.422 DBG] OBS-Websocket5 :: Opening connection (ws://127.0.0.1:4455/api/websocket)
[2026-02-11 11:43:33.448 DBG] OBS-Websocket5 :: Disconnected
[2026-02-11 11:43:33.448 DBG] OBS :: Disconnected from OBS (127.0.0.1:4455)
[2026-02-11 11:43:47.974 DBG] ViewerRepo :: UpdatePresence(twitch, 5), 0.0304ms
[2026-02-11 11:43:48.070 DBG] TwitchService :: Presence Timer :: Artificially updated presence with a threshold of 5 minutes (96.784ms)
[2026-02-11 11:44:03.462 DBG] OBS :: Retrying obs connection to OBS (127.0.0.1:4455)
[2026-02-11 11:44:03.462 DBG] OBS :: Opening websocket connection to OBS (127.0.0.1:4455)
[2026-02-11 11:44:03.462 DBG] OBS-Websocket5 :: Opening connection (ws://127.0.0.1:4455/api/websocket)
[2026-02-11 11:44:05.503 DBG] OBS-Websocket5 :: Disconnected
[2026-02-11 11:44:05.503 DBG] OBS :: Disconnected from OBS (127.0.0.1:4455)
[2026-02-11 11:44:31.117 DBG] ActionDispatcher :: Queueing 'Sub Goal' (361aa588-5f31-4e19-b8a5-099cae52479d, TimedAction) to 'Default' (00000000-0000-0000-0000-000000000000), with 11 arguments
[2026-02-11 11:44:31.117 DBG] ActionQueue :: 'Default' (00000000-0000-0000-0000-000000000000) :: Enqueue action 361aa588-5f31-4e19-b8a5-099cae52479d
[2026-02-11 11:44:31.117 DBG] ActionQueue :: 'Default' (00000000-0000-0000-0000-000000000000) :: Handling queue
[2026-02-11 11:44:31.117 DBG] ActionQueue :: 'Default' (00000000-0000-0000-0000-000000000000) :: Performing non-blocking 'Sub Goal' (361aa588-5f31-4e19-b8a5-099cae52479d, ef76d3e1-9643-4e07-a35f-d39c604a1d2e)
[2026-02-11 11:44:35.515 DBG] OBS :: Retrying obs connection to OBS (127.0.0.1:4455)
[2026-02-11 11:44:35.515 DBG] OBS :: Opening websocket connection to OBS (127.0.0.1:4455)
[2026-02-11 11:44:35.515 DBG] OBS-Websocket5 :: Opening connection (ws://127.0.0.1:4455/api/websocket)
[2026-02-11 11:44:37.563 DBG] OBS-Websocket5 :: Disconnected
[2026-02-11 11:44:37.563 DBG] OBS :: Disconnected from OBS (127.0.0.1:4455)
[2026-02-11 11:44:46.039 DBG] AutoSave :: Auto saving settings...
[2026-02-11 11:44:46.058 DBG] Users :: Time to save 19.0784ms
[2026-02-11 11:44:46.074 DBG] Actions :: Time to save 16.0613ms
[2026-02-11 11:44:46.086 DBG] Commands :: Time to save 11.7284ms
[2026-02-11 11:44:46.097 DBG] Twitch Rewards :: Time to save 10.9644ms
[2026-02-11 11:44:46.109 DBG] Midi :: Time to save 11.3852ms
[2026-02-11 11:44:46.119 DBG] OBS Settings :: Time to save 9.8363ms
[2026-02-11 11:44:46.133 DBG] MeldStudio Settings :: Time to save 14.3123ms
[2026-02-11 11:44:46.148 DBG] Credits :: Time to save 14.9569ms
[2026-02-11 11:44:46.165 DBG] Quotes :: Time to save 17.2207ms
[2026-02-11 11:44:46.263 DBG] Config :: Time to save 19.8467ms
[2026-02-11 11:44:47.977 DBG] ViewerRepo :: UpdatePresence(twitch, 5), 0.0297ms
[2026-02-11 11:44:48.076 DBG] TwitchService :: Presence Timer :: Artificially updated presence with a threshold of 5 minutes (98.7403ms)
[2026-02-11 11:45:07.578 DBG] OBS :: Retrying obs connection to OBS (127.0.0.1:4455)
[2026-02-11 11:45:07.578 DBG] OBS :: Opening websocket connection to OBS (127.0.0.1:4455)
[2026-02-11 11:45:07.578 DBG] OBS-Websocket5 :: Opening connection (ws://127.0.0.1:4455/api/websocket)
[2026-02-11 11:45:09.623 DBG] OBS-Websocket5 :: Disconnected
[2026-02-11 11:45:09.623 DBG] OBS :: Disconnected from OBS (127.0.0.1:4455)
[2026-02-11 11:45:39.637 DBG] OBS :: Retrying obs connection to OBS (127.0.0.1:4455)
[2026-02-11 11:45:39.637 DBG] OBS :: Opening websocket connection to OBS (127.0.0.1:4455)
[2026-02-11 11:45:39.637 DBG] OBS-Websocket5 :: Opening connection (ws://127.0.0.1:4455/api/websocket)
[2026-02-11 11:45:41.695 DBG] OBS-Websocket5 :: Disconnected
[2026-02-11 11:45:41.695 DBG] OBS :: Disconnected from OBS (127.0.0.1:4455)
[2026-02-11 11:45:47.986 DBG] ViewerRepo :: UpdatePresence(twitch, 5), 0.0302ms
[2026-02-11 11:45:48.085 DBG] TwitchService :: Presence Timer :: Artificially updated presence with a threshold of 5 minutes (99.3045ms)
[2026-02-11 11:46:11.700 DBG] OBS :: Retrying obs connection to OBS (127.0.0.1:4455)
[2026-02-11 11:46:11.700 DBG] OBS :: Opening websocket connection to OBS (127.0.0.1:4455)
[2026-02-11 11:46:11.700 DBG] OBS-Websocket5 :: Opening connection (ws://127.0.0.1:4455/api/websocket)
[2026-02-11 11:46:13.732 DBG] OBS-Websocket5 :: Disconnected
[2026-02-11 11:46:13.732 DBG] OBS :: Disconnected from OBS (127.0.0.1:4455)
[2026-02-11 11:46:43.735 DBG] OBS :: Retrying obs connection to OBS (127.0.0.1:4455)
[2026-02-11 11:46:43.735 DBG] OBS :: Opening websocket connection to OBS (127.0.0.1:4455)
[2026-02-11 11:46:43.735 DBG] OBS-Websocket5 :: Opening connection (ws://127.0.0.1:4455/api/websocket)
[2026-02-11 11:46:45.791 DBG] OBS-Websocket5 :: Disconnected
[2026-02-11 11:46:45.791 DBG] OBS :: Disconnected from OBS (127.0.0.1:4455)
[2026-02-11 11:46:47.998 DBG] ViewerRepo :: UpdatePresence(twitch, 5), 0.0299ms
[2026-02-11 11:46:48.093 DBG] TwitchService :: Presence Timer :: Artificially updated presence with a threshold of 5 minutes (95.174ms)
[2026-02-11 11:47:15.806 DBG] OBS :: Retrying obs connection to OBS (127.0.0.1:4455)
[2026-02-11 11:47:15.806 DBG] OBS :: Opening websocket connection to OBS (127.0.0.1:4455)
[2026-02-11 11:47:15.806 DBG] OBS-Websocket5 :: Opening connection (ws://127.0.0.1:4455/api/websocket)
[2026-02-11 11:47:17.850 DBG] OBS-Websocket5 :: Disconnected
[2026-02-11 11:47:17.850 DBG] OBS :: Disconnected from OBS (127.0.0.1:4455)
[2026-02-11 11:47:47.853 DBG] OBS :: Retrying obs connection to OBS (127.0.0.1:4455)
[2026-02-11 11:47:47.853 DBG] OBS :: Opening websocket connection to OBS (127.0.0.1:4455)
[2026-02-11 11:47:47.853 DBG] OBS-Websocket5 :: Opening connection (ws://127.0.0.1:4455/api/websocket)
[2026-02-11 11:47:48.011 DBG] ViewerRepo :: UpdatePresence(twitch, 5), 0.0298ms
[2026-02-11 11:47:48.111 DBG] TwitchService :: Presence Timer :: Artificially updated presence with a threshold of 5 minutes (99.8595ms)
[2026-02-11 11:47:49.898 DBG] OBS-Websocket5 :: Disconnected
[2026-02-11 11:47:49.898 DBG] OBS :: Disconnected from OBS (127.0.0.1:4455)
[2026-02-11 11:48:19.903 DBG] OBS :: Retrying obs connection to OBS (127.0.0.1:4455)
[2026-02-11 11:48:19.903 DBG] OBS :: Opening websocket connection to OBS (127.0.0.1:4455)
[2026-02-11 11:48:19.903 DBG] OBS-Websocket5 :: Opening connection (ws://127.0.0.1:4455/api/websocket)
[2026-02-11 11:48:21.949 DBG] OBS-Websocket5 :: Disconnected
[2026-02-11 11:48:21.949 DBG] OBS :: Disconnected from OBS (127.0.0.1:4455)
[2026-02-11 11:48:28.599 DBG] Credits :: Time to save 11.7445ms
[2026-02-11 11:48:48.020 DBG] ViewerRepo :: UpdatePresence(twitch, 5), 0.0303ms
[2026-02-11 11:48:48.114 DBG] TwitchService :: Presence Timer :: Artificially updated presence with a threshold of 5 minutes (94.2687ms)
[2026-02-11 11:48:51.953 DBG] OBS :: Retrying obs connection to OBS (127.0.0.1:4455)
[2026-02-11 11:48:51.953 DBG] OBS :: Opening websocket connection to OBS (127.0.0.1:4455)
[2026-02-11 11:48:51.953 DBG] OBS-Websocket5 :: Opening connection (ws://127.0.0.1:4455/api/websocket)
[2026-02-11 11:48:53.983 DBG] OBS-Websocket5 :: Disconnected
[2026-02-11 11:48:53.983 DBG] OBS :: Disconnected from OBS (127.0.0.1:4455)
[2026-02-11 11:49:23.997 DBG] OBS :: Retrying obs connection to OBS (127.0.0.1:4455)
[2026-02-11 11:49:23.997 DBG] OBS :: Opening websocket connection to OBS (127.0.0.1:4455)
[2026-02-11 11:49:23.997 DBG] OBS-Websocket5 :: Opening connection (ws://127.0.0.1:4455/api/websocket)
[2026-02-11 11:49:26.043 DBG] OBS-Websocket5 :: Disconnected
[2026-02-11 11:49:26.043 DBG] OBS :: Disconnected from OBS (127.0.0.1:4455)
[2026-02-11 11:49:46.265 DBG] AutoSave :: Auto saving settings...
[2026-02-11 11:49:46.280 DBG] Users :: Time to save 14.6161ms
[2026-02-11 11:49:46.303 DBG] Actions :: Time to save 23.0878ms
[2026-02-11 11:49:46.321 DBG] Commands :: Time to save 18.5158ms
[2026-02-11 11:49:46.336 DBG] Twitch Rewards :: Time to save 14.4952ms
[2026-02-11 11:49:46.346 DBG] Midi :: Time to save 10.5326ms
[2026-02-11 11:49:46.357 DBG] OBS Settings :: Time to save 10.0172ms
[2026-02-11 11:49:46.371 DBG] MeldStudio Settings :: Time to save 14.7088ms
[2026-02-11 11:49:46.386 DBG] Credits :: Time to save 14.4537ms
[2026-02-11 11:49:46.397 DBG] Quotes :: Time to save 11.7798ms
[2026-02-11 11:49:46.481 DBG] Config :: Time to save 13.2886ms
[2026-02-11 11:49:48.035 DBG] ViewerRepo :: UpdatePresence(twitch, 5), 0.0304ms
[2026-02-11 11:49:48.138 DBG] TwitchService :: Presence Timer :: Artificially updated presence with a threshold of 5 minutes (102.9983ms)
[2026-02-11 11:49:56.052 DBG] OBS :: Retrying obs connection to OBS (127.0.0.1:4455)
[2026-02-11 11:49:56.052 DBG] OBS :: Opening websocket connection to OBS (127.0.0.1:4455)
[2026-02-11 11:49:56.052 DBG] OBS-Websocket5 :: Opening connection (ws://127.0.0.1:4455/api/websocket)
[2026-02-11 11:49:58.099 DBG] OBS-Websocket5 :: Disconnected
[2026-02-11 11:49:58.099 DBG] OBS :: Disconnected from OBS (127.0.0.1:4455)
[2026-02-11 11:50:28.110 DBG] OBS :: Retrying obs connection to OBS (127.0.0.1:4455)
[2026-02-11 11:50:28.110 DBG] OBS :: Opening websocket connection to OBS (127.0.0.1:4455)
[2026-02-11 11:50:28.110 DBG] OBS-Websocket5 :: Opening connection (ws://127.0.0.1:4455/api/websocket)
[2026-02-11 11:50:30.144 DBG] OBS-Websocket5 :: Disconnected
[2026-02-11 11:50:30.144 DBG] OBS :: Disconnected from OBS (127.0.0.1:4455)
[2026-02-11 11:50:48.036 DBG] ViewerRepo :: UpdatePresence(twitch, 5), 0.0546ms
[2026-02-11 11:50:48.131 DBG] TwitchService :: Presence Timer :: Artificially updated presence with a threshold of 5 minutes (94.7749ms)
[2026-02-11 11:51:00.150 DBG] OBS :: Retrying obs connection to OBS (127.0.0.1:4455)
[2026-02-11 11:51:00.150 DBG] OBS :: Opening websocket connection to OBS (127.0.0.1:4455)
[2026-02-11 11:51:00.150 DBG] OBS-Websocket5 :: Opening connection (ws://127.0.0.1:4455/api/websocket)
[2026-02-11 11:51:02.183 DBG] OBS-Websocket5 :: Disconnected
[2026-02-11 11:51:02.183 DBG] OBS :: Disconnected from OBS (127.0.0.1:4455)
[2026-02-11 11:51:32.196 DBG] OBS :: Retrying obs connection to OBS (127.0.0.1:4455)
[2026-02-11 11:51:32.196 DBG] OBS :: Opening websocket connection to OBS (127.0.0.1:4455)
[2026-02-11 11:51:32.196 DBG] OBS-Websocket5 :: Opening connection (ws://127.0.0.1:4455/api/websocket)
[2026-02-11 11:51:34.227 DBG] OBS-Websocket5 :: Disconnected
[2026-02-11 11:51:34.227 DBG] OBS :: Disconnected from OBS (127.0.0.1:4455)
[2026-02-11 11:51:48.051 DBG] ViewerRepo :: UpdatePresence(twitch, 5), 0.0291ms
[2026-02-11 11:51:48.147 DBG] TwitchService :: Presence Timer :: Artificially updated presence with a threshold of 5 minutes (96.5417ms)
[2026-02-11 11:52:04.236 DBG] OBS :: Retrying obs connection to OBS (127.0.0.1:4455)
[2026-02-11 11:52:04.236 DBG] OBS :: Opening websocket connection to OBS (127.0.0.1:4455)
[2026-02-11 11:52:04.236 DBG] OBS-Websocket5 :: Opening connection (ws://127.0.0.1:4455/api/websocket)
[2026-02-11 11:52:06.263 DBG] OBS-Websocket5 :: Disconnected
[2026-02-11 11:52:06.263 DBG] OBS :: Disconnected from OBS (127.0.0.1:4455)
[2026-02-11 11:52:36.276 DBG] OBS :: Retrying obs connection to OBS (127.0.0.1:4455)
[2026-02-11 11:52:36.276 DBG] OBS :: Opening websocket connection to OBS (127.0.0.1:4455)
[2026-02-11 11:52:36.276 DBG] OBS-Websocket5 :: Opening connection (ws://127.0.0.1:4455/api/websocket)
[2026-02-11 11:52:38.306 DBG] OBS-Websocket5 :: Disconnected
[2026-02-11 11:52:38.306 DBG] OBS :: Disconnected from OBS (127.0.0.1:4455)
[2026-02-11 11:52:48.063 DBG] ViewerRepo :: UpdatePresence(twitch, 5), 0.0292ms
[2026-02-11 11:52:48.164 DBG] TwitchService :: Presence Timer :: Artificially updated presence with a threshold of 5 minutes (100.9945ms)
[2026-02-11 11:53:08.317 DBG] OBS :: Retrying obs connection to OBS (127.0.0.1:4455)
[2026-02-11 11:53:08.317 DBG] OBS :: Opening websocket connection to OBS (127.0.0.1:4455)
[2026-02-11 11:53:08.317 DBG] OBS-Websocket5 :: Opening connection (ws://127.0.0.1:4455/api/websocket)
[2026-02-11 11:53:10.373 DBG] OBS-Websocket5 :: Disconnected
[2026-02-11 11:53:10.373 DBG] OBS :: Disconnected from OBS (127.0.0.1:4455)
[2026-02-11 11:53:28.616 DBG] Credits :: Time to save 17.7313ms
[2026-02-11 11:53:40.388 DBG] OBS :: Retrying obs connection to OBS (127.0.0.1:4455)
[2026-02-11 11:53:40.388 DBG] OBS :: Opening websocket connection to OBS (127.0.0.1:4455)
[2026-02-11 11:53:40.388 DBG] OBS-Websocket5 :: Opening connection (ws://127.0.0.1:4455/api/websocket)
[2026-02-11 11:53:42.417 DBG] OBS-Websocket5 :: Disconnected
[2026-02-11 11:53:42.417 DBG] OBS :: Disconnected from OBS (127.0.0.1:4455)
[2026-02-11 11:53:48.080 DBG] ViewerRepo :: UpdatePresence(twitch, 5), 0.0316ms
[2026-02-11 11:53:48.175 DBG] TwitchService :: Presence Timer :: Artificially updated presence with a threshold of 5 minutes (95.5467ms)
[2026-02-11 11:54:12.420 DBG] OBS :: Retrying obs connection to OBS (127.0.0.1:4455)
[2026-02-11 11:54:12.420 DBG] OBS :: Opening websocket connection to OBS (127.0.0.1:4455)
[2026-02-11 11:54:12.420 DBG] OBS-Websocket5 :: Opening connection (ws://127.0.0.1:4455/api/websocket)
[2026-02-11 11:54:14.477 DBG] OBS-Websocket5 :: Disconnected
[2026-02-11 11:54:14.477 DBG] OBS :: Disconnected from OBS (127.0.0.1:4455)
[2026-02-11 11:54:31.751 DBG] ActionDispatcher :: Queueing 'Sub Goal' (361aa588-5f31-4e19-b8a5-099cae52479d, TimedAction) to 'Default' (00000000-0000-0000-0000-000000000000), with 11 arguments
[2026-02-11 11:54:31.751 DBG] ActionQueue :: 'Default' (00000000-0000-0000-0000-000000000000) :: Enqueue action 361aa588-5f31-4e19-b8a5-099cae52479d
[2026-02-11 11:54:31.751 DBG] ActionQueue :: 'Default' (00000000-0000-0000-0000-000000000000) :: Handling queue
[2026-02-11 11:54:31.751 DBG] ActionQueue :: 'Default' (00000000-0000-0000-0000-000000000000) :: Performing non-blocking 'Sub Goal' (361aa588-5f31-4e19-b8a5-099cae52479d, 2a96ee5d-163f-473a-8716-d895b883ec11)
[2026-02-11 11:54:44.501 DBG] OBS :: Retrying obs connection to OBS (127.0.0.1:4455)
[2026-02-11 11:54:44.501 DBG] OBS :: Opening websocket connection to OBS (127.0.0.1:4455)
[2026-02-11 11:54:44.501 DBG] OBS-Websocket5 :: Opening connection (ws://127.0.0.1:4455/api/websocket)
[2026-02-11 11:54:46.515 DBG] AutoSave :: Auto saving settings...
[2026-02-11 11:54:46.531 DBG] OBS-Websocket5 :: Disconnected
[2026-02-11 11:54:46.531 DBG] OBS :: Disconnected from OBS (127.0.0.1:4455)
[2026-02-11 11:54:46.536 DBG] Users :: Time to save 21.2769ms
[2026-02-11 11:54:46.555 DBG] Actions :: Time to save 19.2109ms
[2026-02-11 11:54:46.568 DBG] Commands :: Time to save 12.9428ms
[2026-02-11 11:54:46.580 DBG] Twitch Rewards :: Time to save 11.5675ms
[2026-02-11 11:54:46.590 DBG] Midi :: Time to save 10.1888ms
[2026-02-11 11:54:46.604 DBG] OBS Settings :: Time to save 12.7122ms
[2026-02-11 11:54:46.615 DBG] MeldStudio Settings :: Time to save 11.9156ms
[2026-02-11 11:54:46.631 DBG] Credits :: Time to save 15.5575ms
[2026-02-11 11:54:46.643 DBG] Quotes :: Time to save 11.3904ms
[2026-02-11 11:54:46.742 DBG] Config :: Time to save 18.7947ms
[2026-02-11 11:54:48.091 DBG] ViewerRepo :: UpdatePresence(twitch, 5), 0.0301ms
[2026-02-11 11:54:48.185 DBG] TwitchService :: Presence Timer :: Artificially updated presence with a threshold of 5 minutes (93.6607ms)
[2026-02-11 11:55:16.536 DBG] OBS :: Retrying obs connection to OBS (127.0.0.1:4455)
[2026-02-11 11:55:16.536 DBG] OBS :: Opening websocket connection to OBS (127.0.0.1:4455)
[2026-02-11 11:55:16.536 DBG] OBS-Websocket5 :: Opening connection (ws://127.0.0.1:4455/api/websocket)
[2026-02-11 11:55:18.581 DBG] OBS-Websocket5 :: Disconnected
[2026-02-11 11:55:18.581 DBG] OBS :: Disconnected from OBS (127.0.0.1:4455)
[2026-02-11 11:55:48.092 DBG] ViewerRepo :: UpdatePresence(twitch, 5), 0.0312ms
[2026-02-11 11:55:48.187 DBG] TwitchService :: Presence Timer :: Artificially updated presence with a threshold of 5 minutes (94.2398ms)
[2026-02-11 11:55:48.596 DBG] OBS :: Retrying obs connection to OBS (127.0.0.1:4455)
[2026-02-11 11:55:48.596 DBG] OBS :: Opening websocket connection to OBS (127.0.0.1:4455)
[2026-02-11 11:55:48.596 DBG] OBS-Websocket5 :: Opening connection (ws://127.0.0.1:4455/api/websocket)
[2026-02-11 11:55:50.613 DBG] OBS-Websocket5 :: Disconnected
[2026-02-11 11:55:50.613 DBG] OBS :: Disconnected from OBS (127.0.0.1:4455)
[2026-02-11 11:56:20.629 DBG] OBS :: Retrying obs connection to OBS (127.0.0.1:4455)
[2026-02-11 11:56:20.629 DBG] OBS :: Opening websocket connection to OBS (127.0.0.1:4455)
[2026-02-11 11:56:20.629 DBG] OBS-Websocket5 :: Opening connection (ws://127.0.0.1:4455/api/websocket)
[2026-02-11 11:56:22.673 DBG] OBS-Websocket5 :: Disconnected
[2026-02-11 11:56:22.673 DBG] OBS :: Disconnected from OBS (127.0.0.1:4455)
[2026-02-11 11:56:48.104 DBG] ViewerRepo :: UpdatePresence(twitch, 5), 0.0326ms
[2026-02-11 11:56:48.197 DBG] TwitchService :: Presence Timer :: Artificially updated presence with a threshold of 5 minutes (93.9084ms)
[2026-02-11 11:56:52.688 DBG] OBS :: Retrying obs connection to OBS (127.0.0.1:4455)
[2026-02-11 11:56:52.688 DBG] OBS :: Opening websocket connection to OBS (127.0.0.1:4455)
[2026-02-11 11:56:52.688 DBG] OBS-Websocket5 :: Opening connection (ws://127.0.0.1:4455/api/websocket)
[2026-02-11 11:56:54.713 DBG] OBS-Websocket5 :: Disconnected
[2026-02-11 11:56:54.713 DBG] OBS :: Disconnected from OBS (127.0.0.1:4455)
[2026-02-11 11:57:24.713 DBG] OBS :: Retrying obs connection to OBS (127.0.0.1:4455)
[2026-02-11 11:57:24.713 DBG] OBS :: Opening websocket connection to OBS (127.0.0.1:4455)
[2026-02-11 11:57:24.713 DBG] OBS-Websocket5 :: Opening connection (ws://127.0.0.1:4455/api/websocket)
[2026-02-11 11:57:26.758 DBG] OBS-Websocket5 :: Disconnected
[2026-02-11 11:57:26.758 DBG] OBS :: Disconnected from OBS (127.0.0.1:4455)
[2026-02-11 11:57:48.117 DBG] ViewerRepo :: UpdatePresence(twitch, 5), 0.042ms
[2026-02-11 11:57:48.210 DBG] TwitchService :: Presence Timer :: Artificially updated presence with a threshold of 5 minutes (93.4365ms)
[2026-02-11 11:57:56.765 DBG] OBS :: Retrying obs connection to OBS (127.0.0.1:4455)
[2026-02-11 11:57:56.765 DBG] OBS :: Opening websocket connection to OBS (127.0.0.1:4455)
[2026-02-11 11:57:56.765 DBG] OBS-Websocket5 :: Opening connection (ws://127.0.0.1:4455/api/websocket)
[2026-02-11 11:57:58.809 DBG] OBS-Websocket5 :: Disconnected
[2026-02-11 11:57:58.809 DBG] OBS :: Disconnected from OBS (127.0.0.1:4455)
[2026-02-11 11:58:28.617 DBG] Credits :: Time to save 17.4ms
[2026-02-11 11:58:28.819 DBG] OBS :: Retrying obs connection to OBS (127.0.0.1:4455)
[2026-02-11 11:58:28.819 DBG] OBS :: Opening websocket connection to OBS (127.0.0.1:4455)
[2026-02-11 11:58:28.819 DBG] OBS-Websocket5 :: Opening connection (ws://127.0.0.1:4455/api/websocket)
[2026-02-11 11:58:30.862 DBG] OBS-Websocket5 :: Disconnected
[2026-02-11 11:58:30.862 DBG] OBS :: Disconnected from OBS (127.0.0.1:4455)
[2026-02-11 11:58:48.132 DBG] ViewerRepo :: UpdatePresence(twitch, 5), 0.0305ms
[2026-02-11 11:58:48.231 DBG] TwitchService :: Presence Timer :: Artificially updated presence with a threshold of 5 minutes (99.347ms)
[2026-02-11 11:59:00.864 DBG] OBS :: Retrying obs connection to OBS (127.0.0.1:4455)
[2026-02-11 11:59:00.864 DBG] OBS :: Opening websocket connection to OBS (127.0.0.1:4455)
[2026-02-11 11:59:00.864 DBG] OBS-Websocket5 :: Opening connection (ws://127.0.0.1:4455/api/websocket)
[2026-02-11 11:59:02.893 DBG] OBS-Websocket5 :: Disconnected
[2026-02-11 11:59:02.893 DBG] OBS :: Disconnected from OBS (127.0.0.1:4455)
[2026-02-11 11:59:32.908 DBG] OBS :: Retrying obs connection to OBS (127.0.0.1:4455)
[2026-02-11 11:59:32.908 DBG] OBS :: Opening websocket connection to OBS (127.0.0.1:4455)
[2026-02-11 11:59:32.908 DBG] OBS-Websocket5 :: Opening connection (ws://127.0.0.1:4455/api/websocket)
[2026-02-11 11:59:34.952 DBG] OBS-Websocket5 :: Disconnected
[2026-02-11 11:59:34.952 DBG] OBS :: Disconnected from OBS (127.0.0.1:4455)
[2026-02-11 11:59:46.716 DBG] AutoSave :: Auto saving settings...
[2026-02-11 11:59:46.735 DBG] Users :: Time to save 19.5153ms
[2026-02-11 11:59:46.757 DBG] Actions :: Time to save 22.6375ms
[2026-02-11 11:59:46.774 DBG] Commands :: Time to save 16.2409ms
[2026-02-11 11:59:46.789 DBG] Twitch Rewards :: Time to save 14.9993ms
[2026-02-11 11:59:46.799 DBG] Midi :: Time to save 10.2185ms
[2026-02-11 11:59:46.808 DBG] OBS Settings :: Time to save 9.5437ms
[2026-02-11 11:59:46.824 DBG] MeldStudio Settings :: Time to save 15.3074ms
[2026-02-11 11:59:46.834 DBG] Credits :: Time to save 10.2281ms
[2026-02-11 11:59:46.850 DBG] Quotes :: Time to save 15.62ms
[2026-02-11 11:59:46.937 DBG] Config :: Time to save 20.0682ms
[2026-02-11 11:59:48.134 DBG] ViewerRepo :: UpdatePresence(twitch, 5), 0.0527ms
[2026-02-11 11:59:48.230 DBG] TwitchService :: Presence Timer :: Artificially updated presence with a threshold of 5 minutes (96.0116ms)
[2026-02-11 12:00:04.965 DBG] OBS :: Retrying obs connection to OBS (127.0.0.1:4455)
[2026-02-11 12:00:04.965 DBG] OBS :: Opening websocket connection to OBS (127.0.0.1:4455)
[2026-02-11 12:00:04.965 DBG] OBS-Websocket5 :: Opening connection (ws://127.0.0.1:4455/api/websocket)
[2026-02-11 12:00:07.004 DBG] OBS-Websocket5 :: Disconnected
[2026-02-11 12:00:07.004 DBG] OBS :: Disconnected from OBS (127.0.0.1:4455)
[2026-02-11 12:00:37.009 DBG] OBS :: Retrying obs connection to OBS (127.0.0.1:4455)
[2026-02-11 12:00:37.009 DBG] OBS :: Opening websocket connection to OBS (127.0.0.1:4455)
[2026-02-11 12:00:37.009 DBG] OBS-Websocket5 :: Opening connection (ws://127.0.0.1:4455/api/websocket)
[2026-02-11 12:00:39.034 DBG] OBS-Websocket5 :: Disconnected
[2026-02-11 12:00:39.034 DBG] OBS :: Disconnected from OBS (127.0.0.1:4455)
[2026-02-11 12:00:48.149 DBG] ViewerRepo :: UpdatePresence(twitch, 5), 0.0396ms
[2026-02-11 12:00:48.243 DBG] TwitchService :: Presence Timer :: Artificially updated presence with a threshold of 5 minutes (93.0494ms)
[2026-02-11 12:01:09.046 DBG] OBS :: Retrying obs connection to OBS (127.0.0.1:4455)
[2026-02-11 12:01:09.046 DBG] OBS :: Opening websocket connection to OBS (127.0.0.1:4455)
[2026-02-11 12:01:09.046 DBG] OBS-Websocket5 :: Opening connection (ws://127.0.0.1:4455/api/websocket)
[2026-02-11 12:01:11.089 DBG] OBS-Websocket5 :: Disconnected
[2026-02-11 12:01:11.089 DBG] OBS :: Disconnected from OBS (127.0.0.1:4455)
[2026-02-11 12:01:41.092 DBG] OBS :: Retrying obs connection to OBS (127.0.0.1:4455)
[2026-02-11 12:01:41.092 DBG] OBS :: Opening websocket connection to OBS (127.0.0.1:4455)
[2026-02-11 12:01:41.092 DBG] OBS-Websocket5 :: Opening connection (ws://127.0.0.1:4455/api/websocket)
[2026-02-11 12:01:43.121 DBG] OBS-Websocket5 :: Disconnected
[2026-02-11 12:01:43.121 DBG] OBS :: Disconnected from OBS (127.0.0.1:4455)
[2026-02-11 12:01:48.173 DBG] ViewerRepo :: UpdatePresence(twitch, 5), 0.033ms
[2026-02-11 12:01:48.267 DBG] TwitchService :: Presence Timer :: Artificially updated presence with a threshold of 5 minutes (94.468ms)
[2026-02-11 12:02:13.122 DBG] OBS :: Retrying obs connection to OBS (127.0.0.1:4455)
[2026-02-11 12:02:13.122 DBG] OBS :: Opening websocket connection to OBS (127.0.0.1:4455)
[2026-02-11 12:02:13.122 DBG] OBS-Websocket5 :: Opening connection (ws://127.0.0.1:4455/api/websocket)
[2026-02-11 12:02:15.139 DBG] OBS-Websocket5 :: Disconnected
[2026-02-11 12:02:15.139 DBG] OBS :: Disconnected from OBS (127.0.0.1:4455)
[2026-02-11 12:02:45.144 DBG] OBS :: Retrying obs connection to OBS (127.0.0.1:4455)
[2026-02-11 12:02:45.144 DBG] OBS :: Opening websocket connection to OBS (127.0.0.1:4455)
[2026-02-11 12:02:45.144 DBG] OBS-Websocket5 :: Opening connection (ws://127.0.0.1:4455/api/websocket)
[2026-02-11 12:02:47.172 DBG] OBS-Websocket5 :: Disconnected
[2026-02-11 12:02:47.172 DBG] OBS :: Disconnected from OBS (127.0.0.1:4455)
[2026-02-11 12:02:48.187 DBG] ViewerRepo :: UpdatePresence(twitch, 5), 0.0282ms
[2026-02-11 12:02:48.282 DBG] TwitchService :: Presence Timer :: Artificially updated presence with a threshold of 5 minutes (94.8724ms)
[2026-02-11 12:03:17.174 DBG] OBS :: Retrying obs connection to OBS (127.0.0.1:4455)
[2026-02-11 12:03:17.174 DBG] OBS :: Opening websocket connection to OBS (127.0.0.1:4455)
[2026-02-11 12:03:17.174 DBG] OBS-Websocket5 :: Opening connection (ws://127.0.0.1:4455/api/websocket)
[2026-02-11 12:03:19.200 DBG] OBS-Websocket5 :: Disconnected
[2026-02-11 12:03:19.200 DBG] OBS :: Disconnected from OBS (127.0.0.1:4455)
[2026-02-11 12:03:28.619 DBG] Credits :: Time to save 17.6981ms
[2026-02-11 12:03:48.198 DBG] ViewerRepo :: UpdatePresence(twitch, 5), 0.0284ms
[2026-02-11 12:03:48.293 DBG] TwitchService :: Presence Timer :: Artificially updated presence with a threshold of 5 minutes (95.2055ms)
[2026-02-11 12:03:49.201 DBG] OBS :: Retrying obs connection to OBS (127.0.0.1:4455)
[2026-02-11 12:03:49.201 DBG] OBS :: Opening websocket connection to OBS (127.0.0.1:4455)
[2026-02-11 12:03:49.201 DBG] OBS-Websocket5 :: Opening connection (ws://127.0.0.1:4455/api/websocket)
[2026-02-11 12:03:51.258 DBG] OBS-Websocket5 :: Disconnected
[2026-02-11 12:03:51.258 DBG] OBS :: Disconnected from OBS (127.0.0.1:4455)
[2026-02-11 12:04:21.266 DBG] OBS :: Retrying obs connection to OBS (127.0.0.1:4455)
[2026-02-11 12:04:21.266 DBG] OBS :: Opening websocket connection to OBS (127.0.0.1:4455)
[2026-02-11 12:04:21.266 DBG] OBS-Websocket5 :: Opening connection (ws://127.0.0.1:4455/api/websocket)
[2026-02-11 12:04:23.286 DBG] OBS-Websocket5 :: Disconnected
[2026-02-11 12:04:23.286 DBG] OBS :: Disconnected from OBS (127.0.0.1:4455)
[2026-02-11 12:04:32.395 DBG] ActionDispatcher :: Queueing 'Sub Goal' (361aa588-5f31-4e19-b8a5-099cae52479d, TimedAction) to 'Default' (00000000-0000-0000-0000-000000000000), with 11 arguments
[2026-02-11 12:04:32.395 DBG] ActionQueue :: 'Default' (00000000-0000-0000-0000-000000000000) :: Enqueue action 361aa588-5f31-4e19-b8a5-099cae52479d
[2026-02-11 12:04:32.395 DBG] ActionQueue :: 'Default' (00000000-0000-0000-0000-000000000000) :: Handling queue
[2026-02-11 12:04:32.395 DBG] ActionQueue :: 'Default' (00000000-0000-0000-0000-000000000000) :: Performing non-blocking 'Sub Goal' (361aa588-5f31-4e19-b8a5-099cae52479d, af34530e-8c62-4d76-8bc8-2e4a595499e3)
[2026-02-11 12:04:46.932 DBG] AutoSave :: Auto saving settings...
[2026-02-11 12:04:46.957 DBG] Users :: Time to save 24.83ms
[2026-02-11 12:04:46.984 DBG] Actions :: Time to save 26.5848ms
[2026-02-11 12:04:47.003 DBG] Commands :: Time to save 19.8558ms
[2026-02-11 12:04:47.020 DBG] Twitch Rewards :: Time to save 16.7338ms
[2026-02-11 12:04:47.035 DBG] Midi :: Time to save 15.5601ms
[2026-02-11 12:04:47.046 DBG] OBS Settings :: Time to save 10.8285ms
[2026-02-11 12:04:47.056 DBG] MeldStudio Settings :: Time to save 9.8532ms
[2026-02-11 12:04:47.067 DBG] Credits :: Time to save 11.3971ms
[2026-02-11 12:04:47.083 DBG] Quotes :: Time to save 15.2352ms
[2026-02-11 12:04:47.146 DBG] Config :: Time to save 13.6117ms
[2026-02-11 12:04:48.213 DBG] ViewerRepo :: UpdatePresence(twitch, 5), 0.0356ms
[2026-02-11 12:04:48.309 DBG] TwitchService :: Presence Timer :: Artificially updated presence with a threshold of 5 minutes (96.2704ms)
[2026-02-11 12:04:53.293 DBG] OBS :: Retrying obs connection to OBS (127.0.0.1:4455)
[2026-02-11 12:04:53.293 DBG] OBS :: Opening websocket connection to OBS (127.0.0.1:4455)
[2026-02-11 12:04:53.293 DBG] OBS-Websocket5 :: Opening connection (ws://127.0.0.1:4455/api/websocket)
[2026-02-11 12:04:55.314 DBG] OBS-Websocket5 :: Disconnected
[2026-02-11 12:04:55.314 DBG] OBS :: Disconnected from OBS (127.0.0.1:4455)
[2026-02-11 12:05:25.328 DBG] OBS :: Retrying obs connection to OBS (127.0.0.1:4455)
[2026-02-11 12:05:25.328 DBG] OBS :: Opening websocket connection to OBS (127.0.0.1:4455)
[2026-02-11 12:05:25.328 DBG] OBS-Websocket5 :: Opening connection (ws://127.0.0.1:4455/api/websocket)
[2026-02-11 12:05:27.386 DBG] OBS-Websocket5 :: Disconnected
[2026-02-11 12:05:27.386 DBG] OBS :: Disconnected from OBS (127.0.0.1:4455)
[2026-02-11 12:05:48.216 DBG] ViewerRepo :: UpdatePresence(twitch, 5), 0.029ms
[2026-02-11 12:05:48.314 DBG] TwitchService :: Presence Timer :: Artificially updated presence with a threshold of 5 minutes (98.2437ms)
[2026-02-11 12:05:57.388 DBG] OBS :: Retrying obs connection to OBS (127.0.0.1:4455)
[2026-02-11 12:05:57.388 DBG] OBS :: Opening websocket connection to OBS (127.0.0.1:4455)
[2026-02-11 12:05:57.388 DBG] OBS-Websocket5 :: Opening connection (ws://127.0.0.1:4455/api/websocket)
[2026-02-11 12:05:59.437 DBG] OBS-Websocket5 :: Disconnected
[2026-02-11 12:05:59.437 DBG] OBS :: Disconnected from OBS (127.0.0.1:4455)
[2026-02-11 12:06:29.451 DBG] OBS :: Retrying obs connection to OBS (127.0.0.1:4455)
[2026-02-11 12:06:29.451 DBG] OBS :: Opening websocket connection to OBS (127.0.0.1:4455)
[2026-02-11 12:06:29.451 DBG] OBS-Websocket5 :: Opening connection (ws://127.0.0.1:4455/api/websocket)
[2026-02-11 12:06:31.470 DBG] OBS-Websocket5 :: Disconnected
[2026-02-11 12:06:31.470 DBG] OBS :: Disconnected from OBS (127.0.0.1:4455)
[2026-02-11 12:06:48.236 DBG] ViewerRepo :: UpdatePresence(twitch, 5), 0.0306ms
[2026-02-11 12:06:48.330 DBG] TwitchService :: Presence Timer :: Artificially updated presence with a threshold of 5 minutes (93.4271ms)
[2026-02-11 12:07:01.471 DBG] OBS :: Retrying obs connection to OBS (127.0.0.1:4455)
[2026-02-11 12:07:01.471 DBG] OBS :: Opening websocket connection to OBS (127.0.0.1:4455)
[2026-02-11 12:07:01.471 DBG] OBS-Websocket5 :: Opening connection (ws://127.0.0.1:4455/api/websocket)
[2026-02-11 12:07:03.516 DBG] OBS-Websocket5 :: Disconnected
[2026-02-11 12:07:03.516 DBG] OBS :: Disconnected from OBS (127.0.0.1:4455)
[2026-02-11 12:07:33.527 DBG] OBS :: Retrying obs connection to OBS (127.0.0.1:4455)
[2026-02-11 12:07:33.527 DBG] OBS :: Opening websocket connection to OBS (127.0.0.1:4455)
[2026-02-11 12:07:33.527 DBG] OBS-Websocket5 :: Opening connection (ws://127.0.0.1:4455/api/websocket)
[2026-02-11 12:07:35.572 DBG] OBS-Websocket5 :: Disconnected
[2026-02-11 12:07:35.572 DBG] OBS :: Disconnected from OBS (127.0.0.1:4455)
[2026-02-11 12:07:48.241 DBG] ViewerRepo :: UpdatePresence(twitch, 5), 0.0315ms
[2026-02-11 12:07:48.335 DBG] TwitchService :: Presence Timer :: Artificially updated presence with a threshold of 5 minutes (94.7198ms)
[2026-02-11 12:08:05.577 DBG] OBS :: Retrying obs connection to OBS (127.0.0.1:4455)
[2026-02-11 12:08:05.577 DBG] OBS :: Opening websocket connection to OBS (127.0.0.1:4455)
[2026-02-11 12:08:05.577 DBG] OBS-Websocket5 :: Opening connection (ws://127.0.0.1:4455/api/websocket)
[2026-02-11 12:08:07.633 DBG] OBS-Websocket5 :: Disconnected
[2026-02-11 12:08:07.633 DBG] OBS :: Disconnected from OBS (127.0.0.1:4455)
[2026-02-11 12:08:28.622 DBG] Credits :: Time to save 17.6654ms
[2026-02-11 12:08:37.635 DBG] OBS :: Retrying obs connection to OBS (127.0.0.1:4455)
[2026-02-11 12:08:37.635 DBG] OBS :: Opening websocket connection to OBS (127.0.0.1:4455)
[2026-02-11 12:08:37.635 DBG] OBS-Websocket5 :: Opening connection (ws://127.0.0.1:4455/api/websocket)
[2026-02-11 12:08:39.692 DBG] OBS-Websocket5 :: Disconnected
[2026-02-11 12:08:39.692 DBG] OBS :: Disconnected from OBS (127.0.0.1:4455)
[2026-02-11 12:08:48.252 DBG] ViewerRepo :: UpdatePresence(twitch, 5), 0.0302ms
[2026-02-11 12:08:48.351 DBG] TwitchService :: Presence Timer :: Artificially updated presence with a threshold of 5 minutes (98.9004ms)
[2026-02-11 12:09:09.708 DBG] OBS :: Retrying obs connection to OBS (127.0.0.1:4455)
[2026-02-11 12:09:09.708 DBG] OBS :: Opening websocket connection to OBS (127.0.0.1:4455)
[2026-02-11 12:09:09.708 DBG] OBS-Websocket5 :: Opening connection (ws://127.0.0.1:4455/api/websocket)
[2026-02-11 12:09:11.765 DBG] OBS-Websocket5 :: Disconnected
[2026-02-11 12:09:11.765 DBG] OBS :: Disconnected from OBS (127.0.0.1:4455)
[2026-02-11 12:09:37.077 DBG] Twitch EventSub (Broadcaster) :: Disconnected
[2026-02-11 12:09:37.077 INF] TwitchService :: Disconnected from Broadcaster EventSub
[2026-02-11 12:09:39.080 DBG] TwitchService :: Retrying broadcaster EventSub connection
[2026-02-11 12:09:39.081 INF] TwitchService :: Connecting to Broadcaster EventSub
[2026-02-11 12:09:39.081 DBG] Twitch EventSub (Broadcaster) :: Opening connection
[2026-02-11 12:09:39.303 DBG] Twitch EventSub (Broadcaster) :: Subscribing to 56 events
[2026-02-11 12:09:41.779 DBG] OBS :: Retrying obs connection to OBS (127.0.0.1:4455)
[2026-02-11 12:09:41.779 DBG] OBS :: Opening websocket connection to OBS (127.0.0.1:4455)
[2026-02-11 12:09:41.779 DBG] OBS-Websocket5 :: Opening connection (ws://127.0.0.1:4455/api/websocket)
[2026-02-11 12:09:43.821 DBG] OBS-Websocket5 :: Disconnected
[2026-02-11 12:09:43.821 DBG] OBS :: Disconnected from OBS (127.0.0.1:4455)
[2026-02-11 12:09:47.176 DBG] AutoSave :: Auto saving settings...
[2026-02-11 12:09:47.191 DBG] Users :: Time to save 14.7684ms
[2026-02-11 12:09:47.214 DBG] Actions :: Time to save 23.7818ms
[2026-02-11 12:09:47.232 DBG] Commands :: Time to save 17.7326ms
[2026-02-11 12:09:47.249 DBG] Twitch Rewards :: Time to save 18.0975ms
[2026-02-11 12:09:47.262 DBG] Midi :: Time to save 11.2534ms
[2026-02-11 12:09:47.278 DBG] OBS Settings :: Time to save 16.0566ms
[2026-02-11 12:09:47.294 DBG] MeldStudio Settings :: Time to save 16.4561ms
[2026-02-11 12:09:47.310 DBG] Credits :: Time to save 15.5617ms
[2026-02-11 12:09:47.328 DBG] Quotes :: Time to save 18.0765ms
[2026-02-11 12:09:47.392 DBG] Config :: Time to save 14.2617ms
[2026-02-11 12:09:48.268 DBG] ViewerRepo :: UpdatePresence(twitch, 5), 0.0285ms
[2026-02-11 12:09:48.363 DBG] TwitchService :: Presence Timer :: Artificially updated presence with a threshold of 5 minutes (95.2316ms)
[2026-02-11 12:09:48.957 INF] TwitchService :: Connected to Broadcaster EventSub, and authenticated
[2026-02-11 12:10:13.836 DBG] OBS :: Retrying obs connection to OBS (127.0.0.1:4455)
[2026-02-11 12:10:13.836 DBG] OBS :: Opening websocket connection to OBS (127.0.0.1:4455)
[2026-02-11 12:10:13.836 DBG] OBS-Websocket5 :: Opening connection (ws://127.0.0.1:4455/api/websocket)
[2026-02-11 12:10:15.894 DBG] OBS-Websocket5 :: Disconnected
[2026-02-11 12:10:15.894 DBG] OBS :: Disconnected from OBS (127.0.0.1:4455)
[2026-02-11 12:10:45.903 DBG] OBS :: Retrying obs connection to OBS (127.0.0.1:4455)
[2026-02-11 12:10:45.903 DBG] OBS :: Opening websocket connection to OBS (127.0.0.1:4455)
[2026-02-11 12:10:45.903 DBG] OBS-Websocket5 :: Opening connection (ws://127.0.0.1:4455/api/websocket)
[2026-02-11 12:10:47.943 DBG] OBS-Websocket5 :: Disconnected
[2026-02-11 12:10:47.943 DBG] OBS :: Disconnected from OBS (127.0.0.1:4455)
[2026-02-11 12:10:48.271 DBG] ViewerRepo :: UpdatePresence(twitch, 5), 0.0305ms
[2026-02-11 12:10:48.362 DBG] TwitchService :: Presence Timer :: Artificially updated presence with a threshold of 5 minutes (92.029ms)
[2026-02-11 12:11:17.944 DBG] OBS :: Retrying obs connection to OBS (127.0.0.1:4455)
[2026-02-11 12:11:17.944 DBG] OBS :: Opening websocket connection to OBS (127.0.0.1:4455)
[2026-02-11 12:11:17.944 DBG] OBS-Websocket5 :: Opening connection (ws://127.0.0.1:4455/api/websocket)
[2026-02-11 12:11:19.987 DBG] OBS-Websocket5 :: Disconnected
[2026-02-11 12:11:19.987 DBG] OBS :: Disconnected from OBS (127.0.0.1:4455)
[2026-02-11 12:11:48.276 DBG] ViewerRepo :: UpdatePresence(twitch, 5), 0.0291ms
[2026-02-11 12:11:48.378 DBG] TwitchService :: Presence Timer :: Artificially updated presence with a threshold of 5 minutes (102.1967ms)
[2026-02-11 12:11:49.993 DBG] OBS :: Retrying obs connection to OBS (127.0.0.1:4455)
[2026-02-11 12:11:49.993 DBG] OBS :: Opening websocket connection to OBS (127.0.0.1:4455)
[2026-02-11 12:11:49.993 DBG] OBS-Websocket5 :: Opening connection (ws://127.0.0.1:4455/api/websocket)
[2026-02-11 12:11:52.013 DBG] OBS-Websocket5 :: Disconnected
[2026-02-11 12:11:52.013 DBG] OBS :: Disconnected from OBS (127.0.0.1:4455)
[2026-02-11 12:12:22.017 DBG] OBS :: Retrying obs connection to OBS (127.0.0.1:4455)
[2026-02-11 12:12:22.017 DBG] OBS :: Opening websocket connection to OBS (127.0.0.1:4455)
[2026-02-11 12:12:22.017 DBG] OBS-Websocket5 :: Opening connection (ws://127.0.0.1:4455/api/websocket)
[2026-02-11 12:12:24.074 DBG] OBS-Websocket5 :: Disconnected
[2026-02-11 12:12:24.074 DBG] OBS :: Disconnected from OBS (127.0.0.1:4455)
[2026-02-11 12:12:48.279 DBG] ViewerRepo :: UpdatePresence(twitch, 5), 0.0291ms
[2026-02-11 12:12:48.372 DBG] TwitchService :: Presence Timer :: Artificially updated presence with a threshold of 5 minutes (94.0268ms)
[2026-02-11 12:12:54.085 DBG] OBS :: Retrying obs connection to OBS (127.0.0.1:4455)
[2026-02-11 12:12:54.085 DBG] OBS :: Opening websocket connection to OBS (127.0.0.1:4455)
[2026-02-11 12:12:54.085 DBG] OBS-Websocket5 :: Opening connection (ws://127.0.0.1:4455/api/websocket)
[2026-02-11 12:12:56.129 DBG] OBS-Websocket5 :: Disconnected
[2026-02-11 12:12:56.131 DBG] OBS :: Disconnected from OBS (127.0.0.1:4455)
[2026-02-11 12:13:26.139 DBG] OBS :: Retrying obs connection to OBS (127.0.0.1:4455)
[2026-02-11 12:13:26.139 DBG] OBS :: Opening websocket connection to OBS (127.0.0.1:4455)
[2026-02-11 12:13:26.139 DBG] OBS-Websocket5 :: Opening connection (ws://127.0.0.1:4455/api/websocket)
[2026-02-11 12:13:28.186 DBG] OBS-Websocket5 :: Disconnected
[2026-02-11 12:13:28.186 DBG] OBS :: Disconnected from OBS (127.0.0.1:4455)
[2026-02-11 12:13:28.625 DBG] Credits :: Time to save 18.3586ms
[2026-02-11 12:13:48.284 DBG] ViewerRepo :: UpdatePresence(twitch, 5), 0.0512ms
[2026-02-11 12:13:48.381 DBG] TwitchService :: Presence Timer :: Artificially updated presence with a threshold of 5 minutes (97.7145ms)
[2026-02-11 12:13:58.196 DBG] OBS :: Retrying obs connection to OBS (127.0.0.1:4455)
[2026-02-11 12:13:58.196 DBG] OBS :: Opening websocket connection to OBS (127.0.0.1:4455)
[2026-02-11 12:13:58.196 DBG] OBS-Websocket5 :: Opening connection (ws://127.0.0.1:4455/api/websocket)
[2026-02-11 12:14:00.256 DBG] OBS-Websocket5 :: Disconnected
[2026-02-11 12:14:00.256 DBG] OBS :: Disconnected from OBS (127.0.0.1:4455)
[2026-02-11 12:14:30.282 DBG] OBS :: Retrying obs connection to OBS (127.0.0.1:4455)
[2026-02-11 12:14:30.282 DBG] OBS :: Opening websocket connection to OBS (127.0.0.1:4455)
[2026-02-11 12:14:30.282 DBG] OBS-Websocket5 :: Opening connection (ws://127.0.0.1:4455/api/websocket)
[2026-02-11 12:14:32.312 DBG] OBS-Websocket5 :: Disconnected
[2026-02-11 12:14:32.312 DBG] OBS :: Disconnected from OBS (127.0.0.1:4455)
[2026-02-11 12:14:33.262 DBG] ActionDispatcher :: Queueing 'Sub Goal' (361aa588-5f31-4e19-b8a5-099cae52479d, TimedAction) to 'Default' (00000000-0000-0000-0000-000000000000), with 11 arguments
[2026-02-11 12:14:33.262 DBG] ActionQueue :: 'Default' (00000000-0000-0000-0000-000000000000) :: Enqueue action 361aa588-5f31-4e19-b8a5-099cae52479d
[2026-02-11 12:14:33.262 DBG] ActionQueue :: 'Default' (00000000-0000-0000-0000-000000000000) :: Handling queue
[2026-02-11 12:14:33.262 DBG] ActionQueue :: 'Default' (00000000-0000-0000-0000-000000000000) :: Performing non-blocking 'Sub Goal' (361aa588-5f31-4e19-b8a5-099cae52479d, 00cc69f8-0252-4986-b308-fef5c036ad46)
[2026-02-11 12:14:47.429 DBG] AutoSave :: Auto saving settings...
[2026-02-11 12:14:47.448 DBG] Users :: Time to save 20.4971ms
[2026-02-11 12:14:47.473 DBG] Actions :: Time to save 23.3363ms
[2026-02-11 12:14:47.489 DBG] Commands :: Time to save 17.0497ms
[2026-02-11 12:14:47.501 DBG] Twitch Rewards :: Time to save 11.5485ms
[2026-02-11 12:14:47.512 DBG] Midi :: Time to save 11.343ms
[2026-02-11 12:14:47.524 DBG] OBS Settings :: Time to save 11.5649ms
[2026-02-11 12:14:47.534 DBG] MeldStudio Settings :: Time to save 10.4369ms
[2026-02-11 12:14:47.544 DBG] Credits :: Time to save 10.0216ms
[2026-02-11 12:14:47.555 DBG] Quotes :: Time to save 10.6906ms
[2026-02-11 12:14:47.651 DBG] Config :: Time to save 20.0165ms
[2026-02-11 12:14:48.286 DBG] ViewerRepo :: UpdatePresence(twitch, 5), 0.0291ms
[2026-02-11 12:14:48.383 DBG] TwitchService :: Presence Timer :: Artificially updated presence with a threshold of 5 minutes (97.6235ms)
[2026-02-11 12:15:02.326 DBG] OBS :: Retrying obs connection to OBS (127.0.0.1:4455)
[2026-02-11 12:15:02.326 DBG] OBS :: Opening websocket connection to OBS (127.0.0.1:4455)
[2026-02-11 12:15:02.326 DBG] OBS-Websocket5 :: Opening connection (ws://127.0.0.1:4455/api/websocket)
[2026-02-11 12:15:04.357 DBG] OBS-Websocket5 :: Disconnected
[2026-02-11 12:15:04.357 DBG] OBS :: Disconnected from OBS (127.0.0.1:4455)
[2026-02-11 12:15:34.375 DBG] OBS :: Retrying obs connection to OBS (127.0.0.1:4455)
[2026-02-11 12:15:34.375 DBG] OBS :: Opening websocket connection to OBS (127.0.0.1:4455)
[2026-02-11 12:15:34.375 DBG] OBS-Websocket5 :: Opening connection (ws://127.0.0.1:4455/api/websocket)
[2026-02-11 12:15:36.434 DBG] OBS-Websocket5 :: Disconnected
[2026-02-11 12:15:36.434 DBG] OBS :: Disconnected from OBS (127.0.0.1:4455)
[2026-02-11 12:15:48.291 DBG] ViewerRepo :: UpdatePresence(twitch, 5), 0.0313ms
[2026-02-11 12:15:48.383 DBG] TwitchService :: Presence Timer :: Artificially updated presence with a threshold of 5 minutes (92.8128ms)
[2026-02-11 12:16:06.440 DBG] OBS :: Retrying obs connection to OBS (127.0.0.1:4455)
[2026-02-11 12:16:06.440 DBG] OBS :: Opening websocket connection to OBS (127.0.0.1:4455)
[2026-02-11 12:16:06.440 DBG] OBS-Websocket5 :: Opening connection (ws://127.0.0.1:4455/api/websocket)
[2026-02-11 12:16:08.500 DBG] OBS-Websocket5 :: Disconnected
[2026-02-11 12:16:08.500 DBG] OBS :: Disconnected from OBS (127.0.0.1:4455)
[2026-02-11 12:16:38.517 DBG] OBS :: Retrying obs connection to OBS (127.0.0.1:4455)
[2026-02-11 12:16:38.517 DBG] OBS :: Opening websocket connection to OBS (127.0.0.1:4455)
[2026-02-11 12:16:38.517 DBG] OBS-Websocket5 :: Opening connection (ws://127.0.0.1:4455/api/websocket)
[2026-02-11 12:16:40.570 DBG] OBS-Websocket5 :: Disconnected
[2026-02-11 12:16:40.570 DBG] OBS :: Disconnected from OBS (127.0.0.1:4455)
[2026-02-11 12:16:48.294 DBG] ViewerRepo :: UpdatePresence(twitch, 5), 0.0309ms
[2026-02-11 12:16:48.390 DBG] TwitchService :: Presence Timer :: Artificially updated presence with a threshold of 5 minutes (96.2109ms)
[2026-02-11 12:17:10.577 DBG] OBS :: Retrying obs connection to OBS (127.0.0.1:4455)
[2026-02-11 12:17:10.577 DBG] OBS :: Opening websocket connection to OBS (127.0.0.1:4455)
[2026-02-11 12:17:10.577 DBG] OBS-Websocket5 :: Opening connection (ws://127.0.0.1:4455/api/websocket)
[2026-02-11 12:17:12.603 DBG] OBS-Websocket5 :: Disconnected
[2026-02-11 12:17:12.603 DBG] OBS :: Disconnected from OBS (127.0.0.1:4455)
[2026-02-11 12:17:42.608 DBG] OBS :: Retrying obs connection to OBS (127.0.0.1:4455)
[2026-02-11 12:17:42.608 DBG] OBS :: Opening websocket connection to OBS (127.0.0.1:4455)
[2026-02-11 12:17:42.608 DBG] OBS-Websocket5 :: Opening connection (ws://127.0.0.1:4455/api/websocket)
[2026-02-11 12:17:44.634 DBG] OBS-Websocket5 :: Disconnected
[2026-02-11 12:17:44.634 DBG] OBS :: Disconnected from OBS (127.0.0.1:4455)
[2026-02-11 12:17:48.303 DBG] ViewerRepo :: UpdatePresence(twitch, 5), 0.0292ms
[2026-02-11 12:17:48.934 DBG] TwitchService :: Presence Timer :: Artificially updated presence with a threshold of 5 minutes (631.1432ms)
[2026-02-11 12:18:14.646 DBG] OBS :: Retrying obs connection to OBS (127.0.0.1:4455)
[2026-02-11 12:18:14.646 DBG] OBS :: Opening websocket connection to OBS (127.0.0.1:4455)
[2026-02-11 12:18:14.646 DBG] OBS-Websocket5 :: Opening connection (ws://127.0.0.1:4455/api/websocket)
[2026-02-11 12:18:16.678 DBG] OBS-Websocket5 :: Disconnected
[2026-02-11 12:18:16.678 DBG] OBS :: Disconnected from OBS (127.0.0.1:4455)
[2026-02-11 12:18:28.635 DBG] Credits :: Time to save 12.5475ms
[2026-02-11 12:18:46.678 DBG] OBS :: Retrying obs connection to OBS (127.0.0.1:4455)
[2026-02-11 12:18:46.678 DBG] OBS :: Opening websocket connection to OBS (127.0.0.1:4455)
[2026-02-11 12:18:46.678 DBG] OBS-Websocket5 :: Opening connection (ws://127.0.0.1:4455/api/websocket)
[2026-02-11 12:18:48.315 DBG] ViewerRepo :: UpdatePresence(twitch, 5), 0.0301ms
[2026-02-11 12:18:48.411 DBG] TwitchService :: Presence Timer :: Artificially updated presence with a threshold of 5 minutes (96.5614ms)
[2026-02-11 12:18:48.736 DBG] OBS-Websocket5 :: Disconnected
[2026-02-11 12:18:48.736 DBG] OBS :: Disconnected from OBS (127.0.0.1:4455)
[2026-02-11 12:19:18.737 DBG] OBS :: Retrying obs connection to OBS (127.0.0.1:4455)
[2026-02-11 12:19:18.737 DBG] OBS :: Opening websocket connection to OBS (127.0.0.1:4455)
[2026-02-11 12:19:18.737 DBG] OBS-Websocket5 :: Opening connection (ws://127.0.0.1:4455/api/websocket)
[2026-02-11 12:19:20.794 DBG] OBS-Websocket5 :: Disconnected
[2026-02-11 12:19:20.794 DBG] OBS :: Disconnected from OBS (127.0.0.1:4455)
[2026-02-11 12:19:47.673 DBG] AutoSave :: Auto saving settings...
[2026-02-11 12:19:47.695 DBG] Users :: Time to save 21.1851ms
[2026-02-11 12:19:47.713 DBG] Actions :: Time to save 18.9059ms
[2026-02-11 12:19:47.727 DBG] Commands :: Time to save 14.0572ms
[2026-02-11 12:19:47.738 DBG] Twitch Rewards :: Time to save 11.2493ms
[2026-02-11 12:19:47.748 DBG] Midi :: Time to save 9.7304ms
[2026-02-11 12:19:47.758 DBG] OBS Settings :: Time to save 9.4496ms
[2026-02-11 12:19:47.766 DBG] MeldStudio Settings :: Time to save 8.4935ms
[2026-02-11 12:19:47.782 DBG] Credits :: Time to save 15.4283ms
[2026-02-11 12:19:47.798 DBG] Quotes :: Time to save 16.7135ms
[2026-02-11 12:19:47.895 DBG] Config :: Time to save 19.0038ms
[2026-02-11 12:19:48.316 DBG] ViewerRepo :: UpdatePresence(twitch, 5), 0.0287ms
[2026-02-11 12:19:48.411 DBG] TwitchService :: Presence Timer :: Artificially updated presence with a threshold of 5 minutes (95.0584ms)
[2026-02-11 12:19:50.806 DBG] OBS :: Retrying obs connection to OBS (127.0.0.1:4455)
[2026-02-11 12:19:50.806 DBG] OBS :: Opening websocket connection to OBS (127.0.0.1:4455)
[2026-02-11 12:19:50.806 DBG] OBS-Websocket5 :: Opening connection (ws://127.0.0.1:4455/api/websocket)
[2026-02-11 12:19:52.865 DBG] OBS-Websocket5 :: Disconnected
[2026-02-11 12:19:52.865 DBG] OBS :: Disconnected from OBS (127.0.0.1:4455)
[2026-02-11 12:20:22.878 DBG] OBS :: Retrying obs connection to OBS (127.0.0.1:4455)
[2026-02-11 12:20:22.878 DBG] OBS :: Opening websocket connection to OBS (127.0.0.1:4455)
[2026-02-11 12:20:22.878 DBG] OBS-Websocket5 :: Opening connection (ws://127.0.0.1:4455/api/websocket)
[2026-02-11 12:20:24.934 DBG] OBS-Websocket5 :: Disconnected
[2026-02-11 12:20:24.934 DBG] OBS :: Disconnected from OBS (127.0.0.1:4455)
[2026-02-11 12:20:48.324 DBG] ViewerRepo :: UpdatePresence(twitch, 5), 0.0559ms
[2026-02-11 12:20:48.418 DBG] TwitchService :: Presence Timer :: Artificially updated presence with a threshold of 5 minutes (93.7986ms)
[2026-02-11 12:20:54.949 DBG] OBS :: Retrying obs connection to OBS (127.0.0.1:4455)
[2026-02-11 12:20:54.949 DBG] OBS :: Opening websocket connection to OBS (127.0.0.1:4455)
[2026-02-11 12:20:54.949 DBG] OBS-Websocket5 :: Opening connection (ws://127.0.0.1:4455/api/websocket)
[2026-02-11 12:20:56.994 DBG] OBS-Websocket5 :: Disconnected
[2026-02-11 12:20:56.994 DBG] OBS :: Disconnected from OBS (127.0.0.1:4455)
[2026-02-11 12:21:27.004 DBG] OBS :: Retrying obs connection to OBS (127.0.0.1:4455)
[2026-02-11 12:21:27.004 DBG] OBS :: Opening websocket connection to OBS (127.0.0.1:4455)
[2026-02-11 12:21:27.004 DBG] OBS-Websocket5 :: Opening connection (ws://127.0.0.1:4455/api/websocket)
[2026-02-11 12:21:29.034 DBG] OBS-Websocket5 :: Disconnected
[2026-02-11 12:21:29.034 DBG] OBS :: Disconnected from OBS (127.0.0.1:4455)
[2026-02-11 12:21:48.326 DBG] ViewerRepo :: UpdatePresence(twitch, 5), 0.0288ms
[2026-02-11 12:21:48.419 DBG] TwitchService :: Presence Timer :: Artificially updated presence with a threshold of 5 minutes (93.0591ms)
[2026-02-11 12:21:59.049 DBG] OBS :: Retrying obs connection to OBS (127.0.0.1:4455)
[2026-02-11 12:21:59.049 DBG] OBS :: Opening websocket connection to OBS (127.0.0.1:4455)
[2026-02-11 12:21:59.049 DBG] OBS-Websocket5 :: Opening connection (ws://127.0.0.1:4455/api/websocket)
[2026-02-11 12:22:01.080 DBG] OBS-Websocket5 :: Disconnected
[2026-02-11 12:22:01.080 DBG] OBS :: Disconnected from OBS (127.0.0.1:4455)
[2026-02-11 12:22:31.086 DBG] OBS :: Retrying obs connection to OBS (127.0.0.1:4455)
[2026-02-11 12:22:31.086 DBG] OBS :: Opening websocket connection to OBS (127.0.0.1:4455)
[2026-02-11 12:22:31.086 DBG] OBS-Websocket5 :: Opening connection (ws://127.0.0.1:4455/api/websocket)
[2026-02-11 12:22:33.116 DBG] OBS-Websocket5 :: Disconnected
[2026-02-11 12:22:33.116 DBG] OBS :: Disconnected from OBS (127.0.0.1:4455)
[2026-02-11 12:22:48.341 DBG] ViewerRepo :: UpdatePresence(twitch, 5), 0.0312ms
[2026-02-11 12:22:48.439 DBG] TwitchService :: Presence Timer :: Artificially updated presence with a threshold of 5 minutes (97.4848ms)
[2026-02-11 12:23:03.124 DBG] OBS :: Retrying obs connection to OBS (127.0.0.1:4455)
[2026-02-11 12:23:03.124 DBG] OBS :: Opening websocket connection to OBS (127.0.0.1:4455)
[2026-02-11 12:23:03.124 DBG] OBS-Websocket5 :: Opening connection (ws://127.0.0.1:4455/api/websocket)
[2026-02-11 12:23:05.158 DBG] OBS-Websocket5 :: Disconnected
[2026-02-11 12:23:05.158 DBG] OBS :: Disconnected from OBS (127.0.0.1:4455)
[2026-02-11 12:23:28.640 DBG] Credits :: Time to save 12.3203ms
[2026-02-11 12:23:35.168 DBG] OBS :: Retrying obs connection to OBS (127.0.0.1:4455)
[2026-02-11 12:23:35.168 DBG] OBS :: Opening websocket connection to OBS (127.0.0.1:4455)
[2026-02-11 12:23:35.168 DBG] OBS-Websocket5 :: Opening connection (ws://127.0.0.1:4455/api/websocket)
[2026-02-11 12:23:37.223 DBG] OBS-Websocket5 :: Disconnected
[2026-02-11 12:23:37.223 DBG] OBS :: Disconnected from OBS (127.0.0.1:4455)
[2026-02-11 12:23:48.351 DBG] ViewerRepo :: UpdatePresence(twitch, 5), 0.029ms
[2026-02-11 12:23:48.447 DBG] TwitchService :: Presence Timer :: Artificially updated presence with a threshold of 5 minutes (96.7725ms)
[2026-02-11 12:24:07.235 DBG] OBS :: Retrying obs connection to OBS (127.0.0.1:4455)
[2026-02-11 12:24:07.235 DBG] OBS :: Opening websocket connection to OBS (127.0.0.1:4455)
[2026-02-11 12:24:07.235 DBG] OBS-Websocket5 :: Opening connection (ws://127.0.0.1:4455/api/websocket)
[2026-02-11 12:24:09.290 DBG] OBS-Websocket5 :: Disconnected
[2026-02-11 12:24:09.290 DBG] OBS :: Disconnected from OBS (127.0.0.1:4455)
[2026-02-11 12:24:34.174 DBG] ActionDispatcher :: Queueing 'Sub Goal' (361aa588-5f31-4e19-b8a5-099cae52479d, TimedAction) to 'Default' (00000000-0000-0000-0000-000000000000), with 11 arguments
[2026-02-11 12:24:34.174 DBG] ActionQueue :: 'Default' (00000000-0000-0000-0000-000000000000) :: Enqueue action 361aa588-5f31-4e19-b8a5-099cae52479d
[2026-02-11 12:24:34.174 DBG] ActionQueue :: 'Default' (00000000-0000-0000-0000-000000000000) :: Handling queue
[2026-02-11 12:24:34.174 DBG] ActionQueue :: 'Default' (00000000-0000-0000-0000-000000000000) :: Performing non-blocking 'Sub Goal' (361aa588-5f31-4e19-b8a5-099cae52479d, 2ede0631-461d-4214-8929-87018588f0c8)
[2026-02-11 12:24:39.304 DBG] OBS :: Retrying obs connection to OBS (127.0.0.1:4455)
[2026-02-11 12:24:39.304 DBG] OBS :: Opening websocket connection to OBS (127.0.0.1:4455)
[2026-02-11 12:24:39.304 DBG] OBS-Websocket5 :: Opening connection (ws://127.0.0.1:4455/api/websocket)
[2026-02-11 12:24:41.361 DBG] OBS-Websocket5 :: Disconnected
[2026-02-11 12:24:41.361 DBG] OBS :: Disconnected from OBS (127.0.0.1:4455)
[2026-02-11 12:24:47.928 DBG] AutoSave :: Auto saving settings...
[2026-02-11 12:24:47.948 DBG] Users :: Time to save 19.977ms
[2026-02-11 12:24:47.971 DBG] Actions :: Time to save 23.2775ms
[2026-02-11 12:24:47.986 DBG] Commands :: Time to save 14.9587ms
[2026-02-11 12:24:48.004 DBG] Twitch Rewards :: Time to save 17.584ms
[2026-02-11 12:24:48.018 DBG] Midi :: Time to save 13.9714ms
[2026-02-11 12:24:48.033 DBG] OBS Settings :: Time to save 15.1848ms
[2026-02-11 12:24:48.043 DBG] MeldStudio Settings :: Time to save 10.0319ms
[2026-02-11 12:24:48.053 DBG] Credits :: Time to save 9.5775ms
[2026-02-11 12:24:48.069 DBG] Quotes :: Time to save 16.3421ms
[2026-02-11 12:24:48.145 DBG] Config :: Time to save 13.1538ms
[2026-02-11 12:24:48.365 DBG] ViewerRepo :: UpdatePresence(twitch, 5), 0.0299ms
[2026-02-11 12:24:48.460 DBG] TwitchService :: Presence Timer :: Artificially updated presence with a threshold of 5 minutes (95.1662ms)
[2026-02-11 12:25:11.367 DBG] OBS :: Retrying obs connection to OBS (127.0.0.1:4455)
[2026-02-11 12:25:11.367 DBG] OBS :: Opening websocket connection to OBS (127.0.0.1:4455)
[2026-02-11 12:25:11.367 DBG] OBS-Websocket5 :: Opening connection (ws://127.0.0.1:4455/api/websocket)
[2026-02-11 12:25:13.411 DBG] OBS-Websocket5 :: Disconnected
[2026-02-11 12:25:13.411 DBG] OBS :: Disconnected from OBS (127.0.0.1:4455)
[2026-02-11 12:25:43.416 DBG] OBS :: Retrying obs connection to OBS (127.0.0.1:4455)
[2026-02-11 12:25:43.416 DBG] OBS :: Opening websocket connection to OBS (127.0.0.1:4455)
[2026-02-11 12:25:43.416 DBG] OBS-Websocket5 :: Opening connection (ws://127.0.0.1:4455/api/websocket)
[2026-02-11 12:25:45.474 DBG] OBS-Websocket5 :: Disconnected
[2026-02-11 12:25:45.474 DBG] OBS :: Disconnected from OBS (127.0.0.1:4455)
[2026-02-11 12:25:48.372 DBG] ViewerRepo :: UpdatePresence(twitch, 5), 0.031ms
[2026-02-11 12:25:48.464 DBG] TwitchService :: Presence Timer :: Artificially updated presence with a threshold of 5 minutes (92.5958ms)
[2026-02-11 12:26:15.477 DBG] OBS :: Retrying obs connection to OBS (127.0.0.1:4455)
[2026-02-11 12:26:15.477 DBG] OBS :: Opening websocket connection to OBS (127.0.0.1:4455)
[2026-02-11 12:26:15.477 DBG] OBS-Websocket5 :: Opening connection (ws://127.0.0.1:4455/api/websocket)
[2026-02-11 12:26:17.521 DBG] OBS-Websocket5 :: Disconnected
[2026-02-11 12:26:17.521 DBG] OBS :: Disconnected from OBS (127.0.0.1:4455)
[2026-02-11 12:26:47.526 DBG] OBS :: Retrying obs connection to OBS (127.0.0.1:4455)
[2026-02-11 12:26:47.526 DBG] OBS :: Opening websocket connection to OBS (127.0.0.1:4455)
[2026-02-11 12:26:47.526 DBG] OBS-Websocket5 :: Opening connection (ws://127.0.0.1:4455/api/websocket)
[2026-02-11 12:26:48.381 DBG] ViewerRepo :: UpdatePresence(twitch, 5), 0.0275ms
[2026-02-11 12:26:48.480 DBG] TwitchService :: Presence Timer :: Artificially updated presence with a threshold of 5 minutes (99.1239ms)
[2026-02-11 12:26:49.557 DBG] OBS-Websocket5 :: Disconnected
[2026-02-11 12:26:49.557 DBG] OBS :: Disconnected from OBS (127.0.0.1:4455)
[2026-02-11 12:27:19.559 DBG] OBS :: Retrying obs connection to OBS (127.0.0.1:4455)
[2026-02-11 12:27:19.559 DBG] OBS :: Opening websocket connection to OBS (127.0.0.1:4455)
[2026-02-11 12:27:19.559 DBG] OBS-Websocket5 :: Opening connection (ws://127.0.0.1:4455/api/websocket)
[2026-02-11 12:27:21.590 DBG] OBS-Websocket5 :: Disconnected
[2026-02-11 12:27:21.590 DBG] OBS :: Disconnected from OBS (127.0.0.1:4455)
[2026-02-11 12:27:48.383 DBG] ViewerRepo :: UpdatePresence(twitch, 5), 0.0379ms
[2026-02-11 12:27:48.474 DBG] TwitchService :: Presence Timer :: Artificially updated presence with a threshold of 5 minutes (90.7579ms)
[2026-02-11 12:27:51.611 DBG] OBS :: Retrying obs connection to OBS (127.0.0.1:4455)
[2026-02-11 12:27:51.611 DBG] OBS :: Opening websocket connection to OBS (127.0.0.1:4455)
[2026-02-11 12:27:51.611 DBG] OBS-Websocket5 :: Opening connection (ws://127.0.0.1:4455/api/websocket)
[2026-02-11 12:27:53.667 DBG] OBS-Websocket5 :: Disconnected
[2026-02-11 12:27:53.667 DBG] OBS :: Disconnected from OBS (127.0.0.1:4455)
[2026-02-11 12:28:23.670 DBG] OBS :: Retrying obs connection to OBS (127.0.0.1:4455)
[2026-02-11 12:28:23.670 DBG] OBS :: Opening websocket connection to OBS (127.0.0.1:4455)
[2026-02-11 12:28:23.670 DBG] OBS-Websocket5 :: Opening connection (ws://127.0.0.1:4455/api/websocket)
[2026-02-11 12:28:25.701 DBG] OBS-Websocket5 :: Disconnected
[2026-02-11 12:28:25.701 DBG] OBS :: Disconnected from OBS (127.0.0.1:4455)
[2026-02-11 12:28:28.645 DBG] Credits :: Time to save 12.8168ms
[2026-02-11 12:28:48.397 DBG] ViewerRepo :: UpdatePresence(twitch, 5), 0.0303ms
[2026-02-11 12:28:48.494 DBG] TwitchService :: Presence Timer :: Artificially updated presence with a threshold of 5 minutes (97.377ms)
[2026-02-11 12:28:55.706 DBG] OBS :: Retrying obs connection to OBS (127.0.0.1:4455)
[2026-02-11 12:28:55.706 DBG] OBS :: Opening websocket connection to OBS (127.0.0.1:4455)
[2026-02-11 12:28:55.706 DBG] OBS-Websocket5 :: Opening connection (ws://127.0.0.1:4455/api/websocket)
[2026-02-11 12:28:57.750 DBG] OBS-Websocket5 :: Disconnected
[2026-02-11 12:28:57.750 DBG] OBS :: Disconnected from OBS (127.0.0.1:4455)
[2026-02-11 12:29:27.763 DBG] OBS :: Retrying obs connection to OBS (127.0.0.1:4455)
[2026-02-11 12:29:27.763 DBG] OBS :: Opening websocket connection to OBS (127.0.0.1:4455)
[2026-02-11 12:29:27.763 DBG] OBS-Websocket5 :: Opening connection (ws://127.0.0.1:4455/api/websocket)
[2026-02-11 12:29:29.795 DBG] OBS-Websocket5 :: Disconnected
[2026-02-11 12:29:29.795 DBG] OBS :: Disconnected from OBS (127.0.0.1:4455)
[2026-02-11 12:29:48.156 DBG] AutoSave :: Auto saving settings...
[2026-02-11 12:29:48.170 DBG] Users :: Time to save 14.124ms
[2026-02-11 12:29:48.188 DBG] Actions :: Time to save 17.873ms
[2026-02-11 12:29:48.205 DBG] Commands :: Time to save 17.0939ms
[2026-02-11 12:29:48.217 DBG] Twitch Rewards :: Time to save 11.622ms
[2026-02-11 12:29:48.227 DBG] Midi :: Time to save 10.355ms
[2026-02-11 12:29:48.240 DBG] OBS Settings :: Time to save 12.5633ms
[2026-02-11 12:29:48.255 DBG] MeldStudio Settings :: Time to save 15.1307ms
[2026-02-11 12:29:48.265 DBG] Credits :: Time to save 10.087ms
[2026-02-11 12:29:48.282 DBG] Quotes :: Time to save 17.2073ms
[2026-02-11 12:29:48.384 DBG] Config :: Time to save 13.5443ms
[2026-02-11 12:29:48.402 DBG] ViewerRepo :: UpdatePresence(twitch, 5), 0.0533ms
[2026-02-11 12:29:48.502 DBG] TwitchService :: Presence Timer :: Artificially updated presence with a threshold of 5 minutes (100.1039ms)
[2026-02-11 12:29:59.796 DBG] OBS :: Retrying obs connection to OBS (127.0.0.1:4455)
[2026-02-11 12:29:59.796 DBG] OBS :: Opening websocket connection to OBS (127.0.0.1:4455)
[2026-02-11 12:29:59.796 DBG] OBS-Websocket5 :: Opening connection (ws://127.0.0.1:4455/api/websocket)
[2026-02-11 12:30:01.827 DBG] OBS-Websocket5 :: Disconnected
[2026-02-11 12:30:01.827 DBG] OBS :: Disconnected from OBS (127.0.0.1:4455)
[2026-02-11 12:30:31.839 DBG] OBS :: Retrying obs connection to OBS (127.0.0.1:4455)
[2026-02-11 12:30:31.839 DBG] OBS :: Opening websocket connection to OBS (127.0.0.1:4455)
[2026-02-11 12:30:31.839 DBG] OBS-Websocket5 :: Opening connection (ws://127.0.0.1:4455/api/websocket)
[2026-02-11 12:30:33.880 DBG] OBS-Websocket5 :: Disconnected
[2026-02-11 12:30:33.880 DBG] OBS :: Disconnected from OBS (127.0.0.1:4455)
[2026-02-11 12:30:48.416 DBG] ViewerRepo :: UpdatePresence(twitch, 5), 0.054ms
[2026-02-11 12:30:48.516 DBG] TwitchService :: Presence Timer :: Artificially updated presence with a threshold of 5 minutes (100.5767ms)
[2026-02-11 12:31:03.888 DBG] OBS :: Retrying obs connection to OBS (127.0.0.1:4455)
[2026-02-11 12:31:03.888 DBG] OBS :: Opening websocket connection to OBS (127.0.0.1:4455)
[2026-02-11 12:31:03.888 DBG] OBS-Websocket5 :: Opening connection (ws://127.0.0.1:4455/api/websocket)
[2026-02-11 12:31:05.918 DBG] OBS-Websocket5 :: Disconnected
[2026-02-11 12:31:05.918 DBG] OBS :: Disconnected from OBS (127.0.0.1:4455)
[2026-02-11 12:31:35.924 DBG] OBS :: Retrying obs connection to OBS (127.0.0.1:4455)
[2026-02-11 12:31:35.924 DBG] OBS :: Opening websocket connection to OBS (127.0.0.1:4455)
[2026-02-11 12:31:35.924 DBG] OBS-Websocket5 :: Opening connection (ws://127.0.0.1:4455/api/websocket)
[2026-02-11 12:31:37.967 DBG] OBS-Websocket5 :: Disconnected
[2026-02-11 12:31:37.967 DBG] OBS :: Disconnected from OBS (127.0.0.1:4455)
[2026-02-11 12:31:48.439 DBG] ViewerRepo :: UpdatePresence(twitch, 5), 0.0433ms
[2026-02-11 12:31:48.544 DBG] TwitchService :: Presence Timer :: Artificially updated presence with a threshold of 5 minutes (104.3872ms)
[2026-02-11 12:32:07.976 DBG] OBS :: Retrying obs connection to OBS (127.0.0.1:4455)
[2026-02-11 12:32:07.976 DBG] OBS :: Opening websocket connection to OBS (127.0.0.1:4455)
[2026-02-11 12:32:07.976 DBG] OBS-Websocket5 :: Opening connection (ws://127.0.0.1:4455/api/websocket)
[2026-02-11 12:32:10.007 DBG] OBS-Websocket5 :: Disconnected
[2026-02-11 12:32:10.007 DBG] OBS :: Disconnected from OBS (127.0.0.1:4455)
[2026-02-11 12:32:12.810 DBG] Twitch EventSub (Bot) :: Disconnected
[2026-02-11 12:32:12.810 INF] TwitchService :: Disconnected from Bot EventSub
[2026-02-11 12:32:14.827 DBG] TwitchService :: Retrying Bot EventSub connection
[2026-02-11 12:32:14.827 INF] TwitchService :: Connecting to Bot EventSub
[2026-02-11 12:32:14.827 DBG] Twitch EventSub (Bot) :: Opening connection
[2026-02-11 12:32:14.961 DBG] Twitch EventSub (Bot) :: Subscribing to 1 events
[2026-02-11 12:32:15.333 INF] TwitchService :: Connected to Bot EventSub, and authenticated
[2026-02-11 12:32:40.010 DBG] OBS :: Retrying obs connection to OBS (127.0.0.1:4455)
[2026-02-11 12:32:40.010 DBG] OBS :: Opening websocket connection to OBS (127.0.0.1:4455)
[2026-02-11 12:32:40.010 DBG] OBS-Websocket5 :: Opening connection (ws://127.0.0.1:4455/api/websocket)
[2026-02-11 12:32:42.052 DBG] OBS-Websocket5 :: Disconnected
[2026-02-11 12:32:42.052 DBG] OBS :: Disconnected from OBS (127.0.0.1:4455)
[2026-02-11 12:32:48.448 DBG] ViewerRepo :: UpdatePresence(twitch, 5), 0.0296ms
[2026-02-11 12:32:48.544 DBG] TwitchService :: Presence Timer :: Artificially updated presence with a threshold of 5 minutes (96.456ms)
[2026-02-11 12:33:12.060 DBG] OBS :: Retrying obs connection to OBS (127.0.0.1:4455)
[2026-02-11 12:33:12.060 DBG] OBS :: Opening websocket connection to OBS (127.0.0.1:4455)
[2026-02-11 12:33:12.060 DBG] OBS-Websocket5 :: Opening connection (ws://127.0.0.1:4455/api/websocket)
[2026-02-11 12:33:14.109 DBG] OBS-Websocket5 :: Disconnected
[2026-02-11 12:33:14.109 DBG] OBS :: Disconnected from OBS (127.0.0.1:4455)
[2026-02-11 12:33:28.656 DBG] Credits :: Time to save 17.3965ms
[2026-02-11 12:33:44.117 DBG] OBS :: Retrying obs connection to OBS (127.0.0.1:4455)
[2026-02-11 12:33:44.117 DBG] OBS :: Opening websocket connection to OBS (127.0.0.1:4455)
[2026-02-11 12:33:44.117 DBG] OBS-Websocket5 :: Opening connection (ws://127.0.0.1:4455/api/websocket)
[2026-02-11 12:33:46.162 DBG] OBS-Websocket5 :: Disconnected
[2026-02-11 12:33:46.162 DBG] OBS :: Disconnected from OBS (127.0.0.1:4455)
[2026-02-11 12:33:48.451 DBG] ViewerRepo :: UpdatePresence(twitch, 5), 0.0299ms
[2026-02-11 12:33:48.560 DBG] TwitchService :: Presence Timer :: Artificially updated presence with a threshold of 5 minutes (109.2456ms)
[2026-02-11 12:34:16.172 DBG] OBS :: Retrying obs connection to OBS (127.0.0.1:4455)
[2026-02-11 12:34:16.172 DBG] OBS :: Opening websocket connection to OBS (127.0.0.1:4455)
[2026-02-11 12:34:16.172 DBG] OBS-Websocket5 :: Opening connection (ws://127.0.0.1:4455/api/websocket)
[2026-02-11 12:34:18.201 DBG] OBS-Websocket5 :: Disconnected
[2026-02-11 12:34:18.201 DBG] OBS :: Disconnected from OBS (127.0.0.1:4455)
[2026-02-11 12:34:35.074 DBG] ActionDispatcher :: Queueing 'Sub Goal' (361aa588-5f31-4e19-b8a5-099cae52479d, TimedAction) to 'Default' (00000000-0000-0000-0000-000000000000), with 11 arguments
[2026-02-11 12:34:35.074 DBG] ActionQueue :: 'Default' (00000000-0000-0000-0000-000000000000) :: Enqueue action 361aa588-5f31-4e19-b8a5-099cae52479d
[2026-02-11 12:34:35.074 DBG] ActionQueue :: 'Default' (00000000-0000-0000-0000-000000000000) :: Handling queue
[2026-02-11 12:34:35.074 DBG] ActionQueue :: 'Default' (00000000-0000-0000-0000-000000000000) :: Performing non-blocking 'Sub Goal' (361aa588-5f31-4e19-b8a5-099cae52479d, 6673095a-f75f-494f-b84f-d4470534438b)
[2026-02-11 12:34:48.214 DBG] OBS :: Retrying obs connection to OBS (127.0.0.1:4455)
[2026-02-11 12:34:48.214 DBG] OBS :: Opening websocket connection to OBS (127.0.0.1:4455)
[2026-02-11 12:34:48.214 DBG] OBS-Websocket5 :: Opening connection (ws://127.0.0.1:4455/api/websocket)
[2026-02-11 12:34:48.373 DBG] AutoSave :: Auto saving settings...
[2026-02-11 12:34:48.392 DBG] Users :: Time to save 19.8225ms
[2026-02-11 12:34:48.411 DBG] Actions :: Time to save 19.5735ms
[2026-02-11 12:34:48.427 DBG] Commands :: Time to save 15.6171ms
[2026-02-11 12:34:48.440 DBG] Twitch Rewards :: Time to save 12.3322ms
[2026-02-11 12:34:48.452 DBG] Midi :: Time to save 11.5939ms
[2026-02-11 12:34:48.462 DBG] OBS Settings :: Time to save 10.4898ms
[2026-02-11 12:34:48.465 DBG] ViewerRepo :: UpdatePresence(twitch, 5), 0.0346ms
[2026-02-11 12:34:48.476 DBG] MeldStudio Settings :: Time to save 13.8474ms
[2026-02-11 12:34:48.492 DBG] Credits :: Time to save 15.5233ms
[2026-02-11 12:34:48.507 DBG] Quotes :: Time to save 15.3763ms
[2026-02-11 12:34:48.557 DBG] TwitchService :: Presence Timer :: Artificially updated presence with a threshold of 5 minutes (92.169ms)
[2026-02-11 12:34:48.595 DBG] Config :: Time to save 19.9791ms
[2026-02-11 12:34:50.235 DBG] OBS-Websocket5 :: Disconnected
[2026-02-11 12:34:50.235 DBG] OBS :: Disconnected from OBS (127.0.0.1:4455)
[2026-02-11 12:35:20.247 DBG] OBS :: Retrying obs connection to OBS (127.0.0.1:4455)
[2026-02-11 12:35:20.247 DBG] OBS :: Opening websocket connection to OBS (127.0.0.1:4455)
[2026-02-11 12:35:20.247 DBG] OBS-Websocket5 :: Opening connection (ws://127.0.0.1:4455/api/websocket)
[2026-02-11 12:35:22.260 DBG] OBS-Websocket5 :: Disconnected
[2026-02-11 12:35:22.260 DBG] OBS :: Disconnected from OBS (127.0.0.1:4455)
[2026-02-11 12:35:48.475 DBG] ViewerRepo :: UpdatePresence(twitch, 5), 0.0328ms
[2026-02-11 12:35:48.590 DBG] TwitchService :: Presence Timer :: Artificially updated presence with a threshold of 5 minutes (115.5171ms)
[2026-02-11 12:35:52.265 DBG] OBS :: Retrying obs connection to OBS (127.0.0.1:4455)
[2026-02-11 12:35:52.265 DBG] OBS :: Opening websocket connection to OBS (127.0.0.1:4455)
[2026-02-11 12:35:52.265 DBG] OBS-Websocket5 :: Opening connection (ws://127.0.0.1:4455/api/websocket)
[2026-02-11 12:35:54.310 DBG] OBS-Websocket5 :: Disconnected
[2026-02-11 12:35:54.310 DBG] OBS :: Disconnected from OBS (127.0.0.1:4455)
[2026-02-11 12:36:24.314 DBG] OBS :: Retrying obs connection to OBS (127.0.0.1:4455)
[2026-02-11 12:36:24.314 DBG] OBS :: Opening websocket connection to OBS (127.0.0.1:4455)
[2026-02-11 12:36:24.314 DBG] OBS-Websocket5 :: Opening connection (ws://127.0.0.1:4455/api/websocket)
[2026-02-11 12:36:26.372 DBG] OBS-Websocket5 :: Disconnected
[2026-02-11 12:36:26.372 DBG] OBS :: Disconnected from OBS (127.0.0.1:4455)
[2026-02-11 12:36:48.488 DBG] ViewerRepo :: UpdatePresence(twitch, 5), 0.0319ms
[2026-02-11 12:36:48.583 DBG] TwitchService :: Presence Timer :: Artificially updated presence with a threshold of 5 minutes (94.8787ms)
[2026-02-11 12:36:56.387 DBG] OBS :: Retrying obs connection to OBS (127.0.0.1:4455)
[2026-02-11 12:36:56.387 DBG] OBS :: Opening websocket connection to OBS (127.0.0.1:4455)
[2026-02-11 12:36:56.387 DBG] OBS-Websocket5 :: Opening connection (ws://127.0.0.1:4455/api/websocket)
[2026-02-11 12:36:58.430 DBG] OBS-Websocket5 :: Disconnected
[2026-02-11 12:36:58.430 DBG] OBS :: Disconnected from OBS (127.0.0.1:4455)
[2026-02-11 12:37:28.432 DBG] OBS :: Retrying obs connection to OBS (127.0.0.1:4455)
[2026-02-11 12:37:28.432 DBG] OBS :: Opening websocket connection to OBS (127.0.0.1:4455)
[2026-02-11 12:37:28.432 DBG] OBS-Websocket5 :: Opening connection (ws://127.0.0.1:4455/api/websocket)
[2026-02-11 12:37:30.464 DBG] OBS-Websocket5 :: Disconnected
[2026-02-11 12:37:30.464 DBG] OBS :: Disconnected from OBS (127.0.0.1:4455)
[2026-02-11 12:37:48.492 DBG] ViewerRepo :: UpdatePresence(twitch, 5), 0.033ms
[2026-02-11 12:37:48.589 DBG] TwitchService :: Presence Timer :: Artificially updated presence with a threshold of 5 minutes (96.9653ms)
[2026-02-11 12:38:00.467 DBG] OBS :: Retrying obs connection to OBS (127.0.0.1:4455)
[2026-02-11 12:38:00.467 DBG] OBS :: Opening websocket connection to OBS (127.0.0.1:4455)
[2026-02-11 12:38:00.467 DBG] OBS-Websocket5 :: Opening connection (ws://127.0.0.1:4455/api/websocket)
[2026-02-11 12:38:02.516 DBG] OBS-Websocket5 :: Disconnected
[2026-02-11 12:38:02.516 DBG] OBS :: Disconnected from OBS (127.0.0.1:4455)
[2026-02-11 12:38:28.665 DBG] Credits :: Time to save 12.8238ms
[2026-02-11 12:38:32.519 DBG] OBS :: Retrying obs connection to OBS (127.0.0.1:4455)
[2026-02-11 12:38:32.519 DBG] OBS :: Opening websocket connection to OBS (127.0.0.1:4455)
[2026-02-11 12:38:32.519 DBG] OBS-Websocket5 :: Opening connection (ws://127.0.0.1:4455/api/websocket)
[2026-02-11 12:38:34.564 DBG] OBS-Websocket5 :: Disconnected
[2026-02-11 12:38:34.564 DBG] OBS :: Disconnected from OBS (127.0.0.1:4455)
[2026-02-11 12:38:48.493 DBG] ViewerRepo :: UpdatePresence(twitch, 5), 0.0324ms
[2026-02-11 12:38:48.591 DBG] TwitchService :: Presence Timer :: Artificially updated presence with a threshold of 5 minutes (98.9301ms)
[2026-02-11 12:39:04.574 DBG] OBS :: Retrying obs connection to OBS (127.0.0.1:4455)
[2026-02-11 12:39:04.574 DBG] OBS :: Opening websocket connection to OBS (127.0.0.1:4455)
[2026-02-11 12:39:04.574 DBG] OBS-Websocket5 :: Opening connection (ws://127.0.0.1:4455/api/websocket)
[2026-02-11 12:39:06.576 DBG] OBS-Websocket5 :: Disconnected
[2026-02-11 12:39:06.576 DBG] OBS :: Disconnected from OBS (127.0.0.1:4455)
[2026-02-11 12:39:36.583 DBG] OBS :: Retrying obs connection to OBS (127.0.0.1:4455)
[2026-02-11 12:39:36.583 DBG] OBS :: Opening websocket connection to OBS (127.0.0.1:4455)
[2026-02-11 12:39:36.583 DBG] OBS-Websocket5 :: Opening connection (ws://127.0.0.1:4455/api/websocket)
[2026-02-11 12:39:38.614 DBG] OBS-Websocket5 :: Disconnected
[2026-02-11 12:39:38.614 DBG] OBS :: Disconnected from OBS (127.0.0.1:4455)
[2026-02-11 12:39:48.497 DBG] ViewerRepo :: UpdatePresence(twitch, 5), 0.0417ms
[2026-02-11 12:39:48.595 DBG] TwitchService :: Presence Timer :: Artificially updated presence with a threshold of 5 minutes (98.3905ms)
[2026-02-11 12:39:48.606 DBG] AutoSave :: Auto saving settings...
[2026-02-11 12:39:48.628 DBG] Users :: Time to save 21.3215ms
[2026-02-11 12:39:48.651 DBG] Actions :: Time to save 23.0473ms
[2026-02-11 12:39:48.670 DBG] Commands :: Time to save 19.2732ms
[2026-02-11 12:39:48.688 DBG] Twitch Rewards :: Time to save 17.1401ms
[2026-02-11 12:39:48.703 DBG] Midi :: Time to save 16.0066ms
[2026-02-11 12:39:48.714 DBG] OBS Settings :: Time to save 11.0147ms
[2026-02-11 12:39:48.726 DBG] MeldStudio Settings :: Time to save 11.5368ms
[2026-02-11 12:39:48.738 DBG] Credits :: Time to save 12.862ms
[2026-02-11 12:39:48.752 DBG] Quotes :: Time to save 12.5942ms
[2026-02-11 12:39:48.828 DBG] Config :: Time to save 19.7743ms
[2026-02-11 12:40:08.623 DBG] OBS :: Retrying obs connection to OBS (127.0.0.1:4455)
[2026-02-11 12:40:08.623 DBG] OBS :: Opening websocket connection to OBS (127.0.0.1:4455)
[2026-02-11 12:40:08.623 DBG] OBS-Websocket5 :: Opening connection (ws://127.0.0.1:4455/api/websocket)
[2026-02-11 12:40:10.672 DBG] OBS-Websocket5 :: Disconnected
[2026-02-11 12:40:10.672 DBG] OBS :: Disconnected from OBS (127.0.0.1:4455)
[2026-02-11 12:40:40.684 DBG] OBS :: Retrying obs connection to OBS (127.0.0.1:4455)
[2026-02-11 12:40:40.684 DBG] OBS :: Opening websocket connection to OBS (127.0.0.1:4455)
[2026-02-11 12:40:40.684 DBG] OBS-Websocket5 :: Opening connection (ws://127.0.0.1:4455/api/websocket)
[2026-02-11 12:40:42.743 DBG] OBS-Websocket5 :: Disconnected
[2026-02-11 12:40:42.743 DBG] OBS :: Disconnected from OBS (127.0.0.1:4455)
[2026-02-11 12:40:48.510 DBG] ViewerRepo :: UpdatePresence(twitch, 5), 0.0563ms
[2026-02-11 12:40:48.606 DBG] TwitchService :: Presence Timer :: Artificially updated presence with a threshold of 5 minutes (96.2034ms)
[2026-02-11 12:41:12.745 DBG] OBS :: Retrying obs connection to OBS (127.0.0.1:4455)
[2026-02-11 12:41:12.745 DBG] OBS :: Opening websocket connection to OBS (127.0.0.1:4455)
[2026-02-11 12:41:12.745 DBG] OBS-Websocket5 :: Opening connection (ws://127.0.0.1:4455/api/websocket)
[2026-02-11 12:41:14.774 DBG] OBS-Websocket5 :: Disconnected
[2026-02-11 12:41:14.774 DBG] OBS :: Disconnected from OBS (127.0.0.1:4455)
[2026-02-11 12:41:44.786 DBG] OBS :: Retrying obs connection to OBS (127.0.0.1:4455)
[2026-02-11 12:41:44.786 DBG] OBS :: Opening websocket connection to OBS (127.0.0.1:4455)
[2026-02-11 12:41:44.786 DBG] OBS-Websocket5 :: Opening connection (ws://127.0.0.1:4455/api/websocket)
[2026-02-11 12:41:46.816 DBG] OBS-Websocket5 :: Disconnected
[2026-02-11 12:41:46.816 DBG] OBS :: Disconnected from OBS (127.0.0.1:4455)
[2026-02-11 12:41:48.533 DBG] ViewerRepo :: UpdatePresence(twitch, 5), 0.0436ms
[2026-02-11 12:41:48.627 DBG] TwitchService :: Presence Timer :: Artificially updated presence with a threshold of 5 minutes (94.6437ms)
[2026-02-11 12:42:16.833 DBG] OBS :: Retrying obs connection to OBS (127.0.0.1:4455)
[2026-02-11 12:42:16.833 DBG] OBS :: Opening websocket connection to OBS (127.0.0.1:4455)
[2026-02-11 12:42:16.833 DBG] OBS-Websocket5 :: Opening connection (ws://127.0.0.1:4455/api/websocket)
[2026-02-11 12:42:18.886 DBG] OBS-Websocket5 :: Disconnected
[2026-02-11 12:42:18.886 DBG] OBS :: Disconnected from OBS (127.0.0.1:4455)
[2026-02-11 12:42:48.538 DBG] ViewerRepo :: UpdatePresence(twitch, 5), 0.0311ms
[2026-02-11 12:42:48.633 DBG] TwitchService :: Presence Timer :: Artificially updated presence with a threshold of 5 minutes (96.2631ms)
[2026-02-11 12:42:48.895 DBG] OBS :: Retrying obs connection to OBS (127.0.0.1:4455)
[2026-02-11 12:42:48.895 DBG] OBS :: Opening websocket connection to OBS (127.0.0.1:4455)
[2026-02-11 12:42:48.895 DBG] OBS-Websocket5 :: Opening connection (ws://127.0.0.1:4455/api/websocket)
[2026-02-11 12:42:50.926 DBG] OBS-Websocket5 :: Disconnected
[2026-02-11 12:42:50.926 DBG] OBS :: Disconnected from OBS (127.0.0.1:4455)
[2026-02-11 12:43:20.930 DBG] OBS :: Retrying obs connection to OBS (127.0.0.1:4455)
[2026-02-11 12:43:20.930 DBG] OBS :: Opening websocket connection to OBS (127.0.0.1:4455)
[2026-02-11 12:43:20.930 DBG] OBS-Websocket5 :: Opening connection (ws://127.0.0.1:4455/api/websocket)
[2026-02-11 12:43:22.961 DBG] OBS-Websocket5 :: Disconnected
[2026-02-11 12:43:22.961 DBG] OBS :: Disconnected from OBS (127.0.0.1:4455)
[2026-02-11 12:43:28.674 DBG] Credits :: Time to save 16.7107ms
[2026-02-11 12:43:48.543 DBG] ViewerRepo :: UpdatePresence(twitch, 5), 0.0299ms
[2026-02-11 12:43:48.642 DBG] TwitchService :: Presence Timer :: Artificially updated presence with a threshold of 5 minutes (99.2858ms)
[2026-02-11 12:43:52.967 DBG] OBS :: Retrying obs connection to OBS (127.0.0.1:4455)
[2026-02-11 12:43:52.967 DBG] OBS :: Opening websocket connection to OBS (127.0.0.1:4455)
[2026-02-11 12:43:52.967 DBG] OBS-Websocket5 :: Opening connection (ws://127.0.0.1:4455/api/websocket)
[2026-02-11 12:43:55.027 DBG] OBS-Websocket5 :: Disconnected
[2026-02-11 12:43:55.027 DBG] OBS :: Disconnected from OBS (127.0.0.1:4455)
[2026-02-11 12:44:25.031 DBG] OBS :: Retrying obs connection to OBS (127.0.0.1:4455)
[2026-02-11 12:44:25.031 DBG] OBS :: Opening websocket connection to OBS (127.0.0.1:4455)
[2026-02-11 12:44:25.031 DBG] OBS-Websocket5 :: Opening connection (ws://127.0.0.1:4455/api/websocket)
[2026-02-11 12:44:27.078 DBG] OBS-Websocket5 :: Disconnected
[2026-02-11 12:44:27.078 DBG] OBS :: Disconnected from OBS (127.0.0.1:4455)
[2026-02-11 12:44:35.664 DBG] ActionDispatcher :: Queueing 'Sub Goal' (361aa588-5f31-4e19-b8a5-099cae52479d, TimedAction) to 'Default' (00000000-0000-0000-0000-000000000000), with 11 arguments
[2026-02-11 12:44:35.664 DBG] ActionQueue :: 'Default' (00000000-0000-0000-0000-000000000000) :: Enqueue action 361aa588-5f31-4e19-b8a5-099cae52479d
[2026-02-11 12:44:35.664 DBG] ActionQueue :: 'Default' (00000000-0000-0000-0000-000000000000) :: Handling queue
[2026-02-11 12:44:35.664 DBG] ActionQueue :: 'Default' (00000000-0000-0000-0000-000000000000) :: Performing non-blocking 'Sub Goal' (361aa588-5f31-4e19-b8a5-099cae52479d, 5cca55c2-d3c8-4439-aa29-5eed5eb0ec92)
[2026-02-11 12:44:48.554 DBG] ViewerRepo :: UpdatePresence(twitch, 5), 0.0295ms
[2026-02-11 12:44:48.652 DBG] TwitchService :: Presence Timer :: Artificially updated presence with a threshold of 5 minutes (97.9488ms)
[2026-02-11 12:44:48.851 DBG] AutoSave :: Auto saving settings...
[2026-02-11 12:44:48.865 DBG] Users :: Time to save 14.1771ms
[2026-02-11 12:44:48.890 DBG] Actions :: Time to save 24.4174ms
[2026-02-11 12:44:48.905 DBG] Commands :: Time to save 15.0428ms
[2026-02-11 12:44:48.917 DBG] Twitch Rewards :: Time to save 12.8637ms
[2026-02-11 12:44:48.928 DBG] Midi :: Time to save 10.263ms
[2026-02-11 12:44:48.938 DBG] OBS Settings :: Time to save 11.2963ms
[2026-02-11 12:44:48.950 DBG] MeldStudio Settings :: Time to save 10.731ms
[2026-02-11 12:44:48.961 DBG] Credits :: Time to save 10.6215ms
[2026-02-11 12:44:48.973 DBG] Quotes :: Time to save 12.25ms
[2026-02-11 12:44:49.066 DBG] Config :: Time to save 13.8926ms
[2026-02-11 12:44:57.078 DBG] OBS :: Retrying obs connection to OBS (127.0.0.1:4455)
[2026-02-11 12:44:57.078 DBG] OBS :: Opening websocket connection to OBS (127.0.0.1:4455)
[2026-02-11 12:44:57.078 DBG] OBS-Websocket5 :: Opening connection (ws://127.0.0.1:4455/api/websocket)
[2026-02-11 12:44:59.112 DBG] OBS-Websocket5 :: Disconnected
[2026-02-11 12:44:59.112 DBG] OBS :: Disconnected from OBS (127.0.0.1:4455)
[2026-02-11 12:45:29.115 DBG] OBS :: Retrying obs connection to OBS (127.0.0.1:4455)
[2026-02-11 12:45:29.115 DBG] OBS :: Opening websocket connection to OBS (127.0.0.1:4455)
[2026-02-11 12:45:29.115 DBG] OBS-Websocket5 :: Opening connection (ws://127.0.0.1:4455/api/websocket)
[2026-02-11 12:45:31.146 DBG] OBS-Websocket5 :: Disconnected
[2026-02-11 12:45:31.146 DBG] OBS :: Disconnected from OBS (127.0.0.1:4455)
[2026-02-11 12:45:48.568 DBG] ViewerRepo :: UpdatePresence(twitch, 5), 0.075ms
[2026-02-11 12:45:48.664 DBG] TwitchService :: Presence Timer :: Artificially updated presence with a threshold of 5 minutes (95.6176ms)
[2026-02-11 12:46:01.148 DBG] OBS :: Retrying obs connection to OBS (127.0.0.1:4455)
[2026-02-11 12:46:01.148 DBG] OBS :: Opening websocket connection to OBS (127.0.0.1:4455)
[2026-02-11 12:46:01.148 DBG] OBS-Websocket5 :: Opening connection (ws://127.0.0.1:4455/api/websocket)
[2026-02-11 12:46:03.180 DBG] OBS-Websocket5 :: Disconnected
[2026-02-11 12:46:03.180 DBG] OBS :: Disconnected from OBS (127.0.0.1:4455)
[2026-02-11 12:46:33.203 DBG] OBS :: Retrying obs connection to OBS (127.0.0.1:4455)
[2026-02-11 12:46:33.203 DBG] OBS :: Opening websocket connection to OBS (127.0.0.1:4455)
[2026-02-11 12:46:33.203 DBG] OBS-Websocket5 :: Opening connection (ws://127.0.0.1:4455/api/websocket)
[2026-02-11 12:46:35.237 DBG] OBS-Websocket5 :: Disconnected
[2026-02-11 12:46:35.237 DBG] OBS :: Disconnected from OBS (127.0.0.1:4455)
[2026-02-11 12:46:48.575 DBG] ViewerRepo :: UpdatePresence(twitch, 5), 0.0315ms
[2026-02-11 12:46:48.672 DBG] TwitchService :: Presence Timer :: Artificially updated presence with a threshold of 5 minutes (97.19ms)
[2026-02-11 12:47:05.241 DBG] OBS :: Retrying obs connection to OBS (127.0.0.1:4455)
[2026-02-11 12:47:05.241 DBG] OBS :: Opening websocket connection to OBS (127.0.0.1:4455)
[2026-02-11 12:47:05.241 DBG] OBS-Websocket5 :: Opening connection (ws://127.0.0.1:4455/api/websocket)
[2026-02-11 12:47:07.277 DBG] OBS-Websocket5 :: Disconnected
[2026-02-11 12:47:07.277 DBG] OBS :: Disconnected from OBS (127.0.0.1:4455)
[2026-02-11 12:47:37.281 DBG] OBS :: Retrying obs connection to OBS (127.0.0.1:4455)
[2026-02-11 12:47:37.281 DBG] OBS :: Opening websocket connection to OBS (127.0.0.1:4455)
[2026-02-11 12:47:37.281 DBG] OBS-Websocket5 :: Opening connection (ws://127.0.0.1:4455/api/websocket)
[2026-02-11 12:47:39.312 DBG] OBS-Websocket5 :: Disconnected
[2026-02-11 12:47:39.312 DBG] OBS :: Disconnected from OBS (127.0.0.1:4455)
[2026-02-11 12:47:48.582 DBG] ViewerRepo :: UpdatePresence(twitch, 5), 0.0304ms
[2026-02-11 12:47:48.675 DBG] TwitchService :: Presence Timer :: Artificially updated presence with a threshold of 5 minutes (93.478ms)
[2026-02-11 12:48:09.320 DBG] OBS :: Retrying obs connection to OBS (127.0.0.1:4455)
[2026-02-11 12:48:09.320 DBG] OBS :: Opening websocket connection to OBS (127.0.0.1:4455)
[2026-02-11 12:48:09.320 DBG] OBS-Websocket5 :: Opening connection (ws://127.0.0.1:4455/api/websocket)
[2026-02-11 12:48:11.364 DBG] OBS-Websocket5 :: Disconnected
[2026-02-11 12:48:11.364 DBG] OBS :: Disconnected from OBS (127.0.0.1:4455)
[2026-02-11 12:48:28.680 DBG] Credits :: Time to save 13.0681ms
[2026-02-11 12:48:41.367 DBG] OBS :: Retrying obs connection to OBS (127.0.0.1:4455)
[2026-02-11 12:48:41.367 DBG] OBS :: Opening websocket connection to OBS (127.0.0.1:4455)
[2026-02-11 12:48:41.367 DBG] OBS-Websocket5 :: Opening connection (ws://127.0.0.1:4455/api/websocket)
[2026-02-11 12:48:43.412 DBG] OBS-Websocket5 :: Disconnected
[2026-02-11 12:48:43.412 DBG] OBS :: Disconnected from OBS (127.0.0.1:4455)
[2026-02-11 12:48:48.583 DBG] ViewerRepo :: UpdatePresence(twitch, 5), 0.0331ms
[2026-02-11 12:48:48.682 DBG] TwitchService :: Presence Timer :: Artificially updated presence with a threshold of 5 minutes (99.2259ms)
[2026-02-11 12:49:13.414 DBG] OBS :: Retrying obs connection to OBS (127.0.0.1:4455)
[2026-02-11 12:49:13.414 DBG] OBS :: Opening websocket connection to OBS (127.0.0.1:4455)
[2026-02-11 12:49:13.414 DBG] OBS-Websocket5 :: Opening connection (ws://127.0.0.1:4455/api/websocket)
[2026-02-11 12:49:15.459 DBG] OBS-Websocket5 :: Disconnected
[2026-02-11 12:49:15.459 DBG] OBS :: Disconnected from OBS (127.0.0.1:4455)
[2026-02-11 12:49:45.460 DBG] OBS :: Retrying obs connection to OBS (127.0.0.1:4455)
[2026-02-11 12:49:45.460 DBG] OBS :: Opening websocket connection to OBS (127.0.0.1:4455)
[2026-02-11 12:49:45.460 DBG] OBS-Websocket5 :: Opening connection (ws://127.0.0.1:4455/api/websocket)
[2026-02-11 12:49:47.506 DBG] OBS-Websocket5 :: Disconnected
[2026-02-11 12:49:47.506 DBG] OBS :: Disconnected from OBS (127.0.0.1:4455)
[2026-02-11 12:49:48.598 DBG] ViewerRepo :: UpdatePresence(twitch, 5), 0.0313ms
[2026-02-11 12:49:48.696 DBG] TwitchService :: Presence Timer :: Artificially updated presence with a threshold of 5 minutes (97.7511ms)
[2026-02-11 12:49:49.086 DBG] AutoSave :: Auto saving settings...
[2026-02-11 12:49:49.102 DBG] Users :: Time to save 15.5518ms
[2026-02-11 12:49:49.125 DBG] Actions :: Time to save 22.7675ms
[2026-02-11 12:49:49.140 DBG] Commands :: Time to save 15.2895ms
[2026-02-11 12:49:49.156 DBG] Twitch Rewards :: Time to save 16.2468ms
[2026-02-11 12:49:49.168 DBG] Midi :: Time to save 11.9998ms
[2026-02-11 12:49:49.180 DBG] OBS Settings :: Time to save 11.538ms
[2026-02-11 12:49:49.196 DBG] MeldStudio Settings :: Time to save 16.0527ms
[2026-02-11 12:49:49.208 DBG] Credits :: Time to save 12.6859ms
[2026-02-11 12:49:49.225 DBG] Quotes :: Time to save 16.8973ms
[2026-02-11 12:49:49.306 DBG] Config :: Time to save 17.7232ms
[2026-02-11 12:50:17.511 DBG] OBS :: Retrying obs connection to OBS (127.0.0.1:4455)
[2026-02-11 12:50:17.511 DBG] OBS :: Opening websocket connection to OBS (127.0.0.1:4455)
[2026-02-11 12:50:17.511 DBG] OBS-Websocket5 :: Opening connection (ws://127.0.0.1:4455/api/websocket)
[2026-02-11 12:50:19.543 DBG] OBS-Websocket5 :: Disconnected
[2026-02-11 12:50:19.543 DBG] OBS :: Disconnected from OBS (127.0.0.1:4455)
[2026-02-11 12:50:48.600 DBG] ViewerRepo :: UpdatePresence(twitch, 5), 0.0311ms
[2026-02-11 12:50:48.693 DBG] TwitchService :: Presence Timer :: Artificially updated presence with a threshold of 5 minutes (93.0736ms)
[2026-02-11 12:50:49.556 DBG] OBS :: Retrying obs connection to OBS (127.0.0.1:4455)
[2026-02-11 12:50:49.556 DBG] OBS :: Opening websocket connection to OBS (127.0.0.1:4455)
[2026-02-11 12:50:49.556 DBG] OBS-Websocket5 :: Opening connection (ws://127.0.0.1:4455/api/websocket)
[2026-02-11 12:50:51.588 DBG] OBS-Websocket5 :: Disconnected
[2026-02-11 12:50:51.588 DBG] OBS :: Disconnected from OBS (127.0.0.1:4455)
[2026-02-11 12:51:21.608 DBG] OBS :: Retrying obs connection to OBS (127.0.0.1:4455)
[2026-02-11 12:51:21.608 DBG] OBS :: Opening websocket connection to OBS (127.0.0.1:4455)
[2026-02-11 12:51:21.608 DBG] OBS-Websocket5 :: Opening connection (ws://127.0.0.1:4455/api/websocket)
[2026-02-11 12:51:23.631 DBG] OBS-Websocket5 :: Disconnected
[2026-02-11 12:51:23.631 DBG] OBS :: Disconnected from OBS (127.0.0.1:4455)
[2026-02-11 12:51:48.612 DBG] ViewerRepo :: UpdatePresence(twitch, 5), 0.0428ms
[2026-02-11 12:51:48.708 DBG] TwitchService :: Presence Timer :: Artificially updated presence with a threshold of 5 minutes (97.0464ms)
[2026-02-11 12:51:53.642 DBG] OBS :: Retrying obs connection to OBS (127.0.0.1:4455)
[2026-02-11 12:51:53.642 DBG] OBS :: Opening websocket connection to OBS (127.0.0.1:4455)
[2026-02-11 12:51:53.642 DBG] OBS-Websocket5 :: Opening connection (ws://127.0.0.1:4455/api/websocket)
[2026-02-11 12:51:55.702 DBG] OBS-Websocket5 :: Disconnected
[2026-02-11 12:51:55.702 DBG] OBS :: Disconnected from OBS (127.0.0.1:4455)
[2026-02-11 12:52:25.720 DBG] OBS :: Retrying obs connection to OBS (127.0.0.1:4455)
[2026-02-11 12:52:25.720 DBG] OBS :: Opening websocket connection to OBS (127.0.0.1:4455)
[2026-02-11 12:52:25.720 DBG] OBS-Websocket5 :: Opening connection (ws://127.0.0.1:4455/api/websocket)
[2026-02-11 12:52:27.740 DBG] OBS-Websocket5 :: Disconnected
[2026-02-11 12:52:27.740 DBG] OBS :: Disconnected from OBS (127.0.0.1:4455)
[2026-02-11 12:52:48.616 DBG] ViewerRepo :: UpdatePresence(twitch, 5), 0.0321ms
[2026-02-11 12:52:48.709 DBG] TwitchService :: Presence Timer :: Artificially updated presence with a threshold of 5 minutes (93.47ms)
[2026-02-11 12:52:57.751 DBG] OBS :: Retrying obs connection to OBS (127.0.0.1:4455)
[2026-02-11 12:52:57.751 DBG] OBS :: Opening websocket connection to OBS (127.0.0.1:4455)
[2026-02-11 12:52:57.751 DBG] OBS-Websocket5 :: Opening connection (ws://127.0.0.1:4455/api/websocket)
[2026-02-11 12:52:59.796 DBG] OBS-Websocket5 :: Disconnected
[2026-02-11 12:52:59.796 DBG] OBS :: Disconnected from OBS (127.0.0.1:4455)
[2026-02-11 12:53:28.685 DBG] Credits :: Time to save 12.5343ms
[2026-02-11 12:53:29.811 DBG] OBS :: Retrying obs connection to OBS (127.0.0.1:4455)
[2026-02-11 12:53:29.811 DBG] OBS :: Opening websocket connection to OBS (127.0.0.1:4455)
[2026-02-11 12:53:29.811 DBG] OBS-Websocket5 :: Opening connection (ws://127.0.0.1:4455/api/websocket)
[2026-02-11 12:53:31.842 DBG] OBS-Websocket5 :: Disconnected
[2026-02-11 12:53:31.842 DBG] OBS :: Disconnected from OBS (127.0.0.1:4455)
[2026-02-11 12:53:48.617 DBG] ViewerRepo :: UpdatePresence(twitch, 5), 0.0293ms
[2026-02-11 12:53:48.716 DBG] TwitchService :: Presence Timer :: Artificially updated presence with a threshold of 5 minutes (99.2742ms)
[2026-02-11 12:54:01.856 DBG] OBS :: Retrying obs connection to OBS (127.0.0.1:4455)
[2026-02-11 12:54:01.856 DBG] OBS :: Opening websocket connection to OBS (127.0.0.1:4455)
[2026-02-11 12:54:01.856 DBG] OBS-Websocket5 :: Opening connection (ws://127.0.0.1:4455/api/websocket)
[2026-02-11 12:54:03.875 DBG] OBS-Websocket5 :: Disconnected
[2026-02-11 12:54:03.875 DBG] OBS :: Disconnected from OBS (127.0.0.1:4455)
[2026-02-11 12:54:33.883 DBG] OBS :: Retrying obs connection to OBS (127.0.0.1:4455)
[2026-02-11 12:54:33.883 DBG] OBS :: Opening websocket connection to OBS (127.0.0.1:4455)
[2026-02-11 12:54:33.883 DBG] OBS-Websocket5 :: Opening connection (ws://127.0.0.1:4455/api/websocket)
[2026-02-11 12:54:35.902 DBG] OBS-Websocket5 :: Disconnected
[2026-02-11 12:54:35.902 DBG] OBS :: Disconnected from OBS (127.0.0.1:4455)
[2026-02-11 12:54:36.571 DBG] ActionDispatcher :: Queueing 'Sub Goal' (361aa588-5f31-4e19-b8a5-099cae52479d, TimedAction) to 'Default' (00000000-0000-0000-0000-000000000000), with 11 arguments
[2026-02-11 12:54:36.571 DBG] ActionQueue :: 'Default' (00000000-0000-0000-0000-000000000000) :: Enqueue action 361aa588-5f31-4e19-b8a5-099cae52479d
[2026-02-11 12:54:36.571 DBG] ActionQueue :: 'Default' (00000000-0000-0000-0000-000000000000) :: Handling queue
[2026-02-11 12:54:36.571 DBG] ActionQueue :: 'Default' (00000000-0000-0000-0000-000000000000) :: Performing non-blocking 'Sub Goal' (361aa588-5f31-4e19-b8a5-099cae52479d, b61e508f-f7c4-46b0-b99b-0f4267e1c56b)
[2026-02-11 12:54:48.627 DBG] ViewerRepo :: UpdatePresence(twitch, 5), 0.0575ms
[2026-02-11 12:54:48.723 DBG] TwitchService :: Presence Timer :: Artificially updated presence with a threshold of 5 minutes (97.0241ms)
[2026-02-11 12:54:49.301 DBG] AutoSave :: Auto saving settings...
[2026-02-11 12:54:49.322 DBG] Users :: Time to save 21.1721ms
[2026-02-11 12:54:49.342 DBG] Actions :: Time to save 19.9871ms
[2026-02-11 12:54:49.356 DBG] Commands :: Time to save 14.086ms
[2026-02-11 12:54:49.368 DBG] Twitch Rewards :: Time to save 11.7855ms
[2026-02-11 12:54:49.377 DBG] Midi :: Time to save 9.7988ms
[2026-02-11 12:54:49.393 DBG] OBS Settings :: Time to save 15.9901ms
[2026-02-11 12:54:49.406 DBG] MeldStudio Settings :: Time to save 12.3078ms
[2026-02-11 12:54:49.416 DBG] Credits :: Time to save 10.0927ms
[2026-02-11 12:54:49.426 DBG] Quotes :: Time to save 10.426ms
[2026-02-11 12:54:49.517 DBG] Config :: Time to save 13.1271ms
[2026-02-11 12:55:05.917 DBG] OBS :: Retrying obs connection to OBS (127.0.0.1:4455)
[2026-02-11 12:55:05.917 DBG] OBS :: Opening websocket connection to OBS (127.0.0.1:4455)
[2026-02-11 12:55:05.917 DBG] OBS-Websocket5 :: Opening connection (ws://127.0.0.1:4455/api/websocket)
[2026-02-11 12:55:07.963 DBG] OBS-Websocket5 :: Disconnected
[2026-02-11 12:55:07.963 DBG] OBS :: Disconnected from OBS (127.0.0.1:4455)
[2026-02-11 12:55:37.967 DBG] OBS :: Retrying obs connection to OBS (127.0.0.1:4455)
[2026-02-11 12:55:37.967 DBG] OBS :: Opening websocket connection to OBS (127.0.0.1:4455)
[2026-02-11 12:55:37.967 DBG] OBS-Websocket5 :: Opening connection (ws://127.0.0.1:4455/api/websocket)
[2026-02-11 12:55:40.013 DBG] OBS-Websocket5 :: Disconnected
[2026-02-11 12:55:40.013 DBG] OBS :: Disconnected from OBS (127.0.0.1:4455)
[2026-02-11 12:55:48.635 DBG] ViewerRepo :: UpdatePresence(twitch, 5), 0.0563ms
[2026-02-11 12:55:48.728 DBG] TwitchService :: Presence Timer :: Artificially updated presence with a threshold of 5 minutes (93.1572ms)
[2026-02-11 12:56:10.026 DBG] OBS :: Retrying obs connection to OBS (127.0.0.1:4455)
[2026-02-11 12:56:10.026 DBG] OBS :: Opening websocket connection to OBS (127.0.0.1:4455)
[2026-02-11 12:56:10.026 DBG] OBS-Websocket5 :: Opening connection (ws://127.0.0.1:4455/api/websocket)
[2026-02-11 12:56:12.060 DBG] OBS-Websocket5 :: Disconnected
[2026-02-11 12:56:12.060 DBG] OBS :: Disconnected from OBS (127.0.0.1:4455)
[2026-02-11 12:56:42.062 DBG] OBS :: Retrying obs connection to OBS (127.0.0.1:4455)
[2026-02-11 12:56:42.062 DBG] OBS :: Opening websocket connection to OBS (127.0.0.1:4455)
[2026-02-11 12:56:42.062 DBG] OBS-Websocket5 :: Opening connection (ws://127.0.0.1:4455/api/websocket)
[2026-02-11 12:56:44.093 DBG] OBS-Websocket5 :: Disconnected
[2026-02-11 12:56:44.093 DBG] OBS :: Disconnected from OBS (127.0.0.1:4455)
[2026-02-11 12:56:48.658 DBG] ViewerRepo :: UpdatePresence(twitch, 5), 0.0289ms
[2026-02-11 12:56:48.752 DBG] TwitchService :: Presence Timer :: Artificially updated presence with a threshold of 5 minutes (94.5822ms)
[2026-02-11 12:57:14.101 DBG] OBS :: Retrying obs connection to OBS (127.0.0.1:4455)
[2026-02-11 12:57:14.101 DBG] OBS :: Opening websocket connection to OBS (127.0.0.1:4455)
[2026-02-11 12:57:14.101 DBG] OBS-Websocket5 :: Opening connection (ws://127.0.0.1:4455/api/websocket)
[2026-02-11 12:57:16.143 DBG] OBS-Websocket5 :: Disconnected
[2026-02-11 12:57:16.143 DBG] OBS :: Disconnected from OBS (127.0.0.1:4455)
[2026-02-11 12:57:46.170 DBG] OBS :: Retrying obs connection to OBS (127.0.0.1:4455)
[2026-02-11 12:57:46.170 DBG] OBS :: Opening websocket connection to OBS (127.0.0.1:4455)
[2026-02-11 12:57:46.170 DBG] OBS-Websocket5 :: Opening connection (ws://127.0.0.1:4455/api/websocket)
[2026-02-11 12:57:48.216 DBG] OBS-Websocket5 :: Disconnected
[2026-02-11 12:57:48.216 DBG] OBS :: Disconnected from OBS (127.0.0.1:4455)
[2026-02-11 12:57:48.666 DBG] ViewerRepo :: UpdatePresence(twitch, 5), 0.0427ms
[2026-02-11 12:57:48.762 DBG] TwitchService :: Presence Timer :: Artificially updated presence with a threshold of 5 minutes (95.8777ms)
[2026-02-11 12:58:18.224 DBG] OBS :: Retrying obs connection to OBS (127.0.0.1:4455)
[2026-02-11 12:58:18.224 DBG] OBS :: Opening websocket connection to OBS (127.0.0.1:4455)
[2026-02-11 12:58:18.224 DBG] OBS-Websocket5 :: Opening connection (ws://127.0.0.1:4455/api/websocket)
[2026-02-11 12:58:20.251 DBG] OBS-Websocket5 :: Disconnected
[2026-02-11 12:58:20.251 DBG] OBS :: Disconnected from OBS (127.0.0.1:4455)
[2026-02-11 12:58:28.692 DBG] Credits :: Time to save 13.7832ms
[2026-02-11 12:58:48.667 DBG] ViewerRepo :: UpdatePresence(twitch, 5), 0.0318ms
[2026-02-11 12:58:48.763 DBG] TwitchService :: Presence Timer :: Artificially updated presence with a threshold of 5 minutes (97.3738ms)
[2026-02-11 12:58:50.260 DBG] OBS :: Retrying obs connection to OBS (127.0.0.1:4455)
[2026-02-11 12:58:50.260 DBG] OBS :: Opening websocket connection to OBS (127.0.0.1:4455)
[2026-02-11 12:58:50.260 DBG] OBS-Websocket5 :: Opening connection (ws://127.0.0.1:4455/api/websocket)
[2026-02-11 12:58:52.319 DBG] OBS-Websocket5 :: Disconnected
[2026-02-11 12:58:52.319 DBG] OBS :: Disconnected from OBS (127.0.0.1:4455)
[2026-02-11 12:59:22.337 DBG] OBS :: Retrying obs connection to OBS (127.0.0.1:4455)
[2026-02-11 12:59:22.337 DBG] OBS :: Opening websocket connection to OBS (127.0.0.1:4455)
[2026-02-11 12:59:22.337 DBG] OBS-Websocket5 :: Opening connection (ws://127.0.0.1:4455/api/websocket)
[2026-02-11 12:59:24.359 DBG] OBS-Websocket5 :: Disconnected
[2026-02-11 12:59:24.359 DBG] OBS :: Disconnected from OBS (127.0.0.1:4455)
[2026-02-11 12:59:48.671 DBG] ViewerRepo :: UpdatePresence(twitch, 5), 0.0319ms
[2026-02-11 12:59:48.770 DBG] TwitchService :: Presence Timer :: Artificially updated presence with a threshold of 5 minutes (98.8117ms)
[2026-02-11 12:59:49.510 DBG] AutoSave :: Auto saving settings...
[2026-02-11 12:59:49.525 DBG] Users :: Time to save 14.0176ms
[2026-02-11 12:59:49.540 DBG] Actions :: Time to save 16.1513ms
[2026-02-11 12:59:49.556 DBG] Commands :: Time to save 15.5952ms
[2026-02-11 12:59:49.573 DBG] Twitch Rewards :: Time to save 16.2505ms
[2026-02-11 12:59:49.584 DBG] Midi :: Time to save 10.65ms
[2026-02-11 12:59:49.596 DBG] OBS Settings :: Time to save 12.0794ms
[2026-02-11 12:59:49.605 DBG] MeldStudio Settings :: Time to save 9.6166ms
[2026-02-11 12:59:49.616 DBG] Credits :: Time to save 10.5876ms
[2026-02-11 12:59:49.630 DBG] Quotes :: Time to save 14.1839ms
[2026-02-11 12:59:49.732 DBG] Config :: Time to save 18.6683ms
[2026-02-11 12:59:54.376 DBG] OBS :: Retrying obs connection to OBS (127.0.0.1:4455)
[2026-02-11 12:59:54.376 DBG] OBS :: Opening websocket connection to OBS (127.0.0.1:4455)
[2026-02-11 12:59:54.376 DBG] OBS-Websocket5 :: Opening connection (ws://127.0.0.1:4455/api/websocket)
[2026-02-11 12:59:56.409 DBG] OBS-Websocket5 :: Disconnected
[2026-02-11 12:59:56.409 DBG] OBS :: Disconnected from OBS (127.0.0.1:4455)
[2026-02-11 13:00:26.416 DBG] OBS :: Retrying obs connection to OBS (127.0.0.1:4455)
[2026-02-11 13:00:26.416 DBG] OBS :: Opening websocket connection to OBS (127.0.0.1:4455)
[2026-02-11 13:00:26.416 DBG] OBS-Websocket5 :: Opening connection (ws://127.0.0.1:4455/api/websocket)
[2026-02-11 13:00:28.451 DBG] OBS-Websocket5 :: Disconnected
[2026-02-11 13:00:28.451 DBG] OBS :: Disconnected from OBS (127.0.0.1:4455)
[2026-02-11 13:00:48.675 DBG] ViewerRepo :: UpdatePresence(twitch, 5), 0.0308ms
[2026-02-11 13:00:48.772 DBG] TwitchService :: Presence Timer :: Artificially updated presence with a threshold of 5 minutes (97.2995ms)
[2026-02-11 13:00:58.457 DBG] OBS :: Retrying obs connection to OBS (127.0.0.1:4455)
[2026-02-11 13:00:58.457 DBG] OBS :: Opening websocket connection to OBS (127.0.0.1:4455)
[2026-02-11 13:00:58.457 DBG] OBS-Websocket5 :: Opening connection (ws://127.0.0.1:4455/api/websocket)
[2026-02-11 13:01:00.502 DBG] OBS-Websocket5 :: Disconnected
[2026-02-11 13:01:00.502 DBG] OBS :: Disconnected from OBS (127.0.0.1:4455)
[2026-02-11 13:01:30.511 DBG] OBS :: Retrying obs connection to OBS (127.0.0.1:4455)
[2026-02-11 13:01:30.511 DBG] OBS :: Opening websocket connection to OBS (127.0.0.1:4455)
[2026-02-11 13:01:30.511 DBG] OBS-Websocket5 :: Opening connection (ws://127.0.0.1:4455/api/websocket)
[2026-02-11 13:01:32.541 DBG] OBS-Websocket5 :: Disconnected
[2026-02-11 13:01:32.541 DBG] OBS :: Disconnected from OBS (127.0.0.1:4455)
[2026-02-11 13:01:48.683 DBG] ViewerRepo :: UpdatePresence(twitch, 5), 0.0323ms
[2026-02-11 13:01:48.774 DBG] TwitchService :: Presence Timer :: Artificially updated presence with a threshold of 5 minutes (91.6423ms)
[2026-02-11 13:02:02.551 DBG] OBS :: Retrying obs connection to OBS (127.0.0.1:4455)
[2026-02-11 13:02:02.551 DBG] OBS :: Opening websocket connection to OBS (127.0.0.1:4455)
[2026-02-11 13:02:02.551 DBG] OBS-Websocket5 :: Opening connection (ws://127.0.0.1:4455/api/websocket)
[2026-02-11 13:02:04.581 DBG] OBS-Websocket5 :: Disconnected
[2026-02-11 13:02:04.581 DBG] OBS :: Disconnected from OBS (127.0.0.1:4455)
[2026-02-11 13:02:34.595 DBG] OBS :: Retrying obs connection to OBS (127.0.0.1:4455)
[2026-02-11 13:02:34.595 DBG] OBS :: Opening websocket connection to OBS (127.0.0.1:4455)
[2026-02-11 13:02:34.595 DBG] OBS-Websocket5 :: Opening connection (ws://127.0.0.1:4455/api/websocket)
[2026-02-11 13:02:36.651 DBG] OBS-Websocket5 :: Disconnected
[2026-02-11 13:02:36.651 DBG] OBS :: Disconnected from OBS (127.0.0.1:4455)
[2026-02-11 13:02:48.698 DBG] ViewerRepo :: UpdatePresence(twitch, 5), 0.042ms
[2026-02-11 13:02:48.795 DBG] TwitchService :: Presence Timer :: Artificially updated presence with a threshold of 5 minutes (98.3869ms)
[2026-02-11 13:03:06.666 DBG] OBS :: Retrying obs connection to OBS (127.0.0.1:4455)
[2026-02-11 13:03:06.666 DBG] OBS :: Opening websocket connection to OBS (127.0.0.1:4455)
[2026-02-11 13:03:06.666 DBG] OBS-Websocket5 :: Opening connection (ws://127.0.0.1:4455/api/websocket)
[2026-02-11 13:03:08.710 DBG] OBS-Websocket5 :: Disconnected
[2026-02-11 13:03:08.710 DBG] OBS :: Disconnected from OBS (127.0.0.1:4455)
[2026-02-11 13:03:28.708 DBG] Credits :: Time to save 14.5869ms
[2026-02-11 13:03:38.718 DBG] OBS :: Retrying obs connection to OBS (127.0.0.1:4455)
[2026-02-11 13:03:38.718 DBG] OBS :: Opening websocket connection to OBS (127.0.0.1:4455)
[2026-02-11 13:03:38.718 DBG] OBS-Websocket5 :: Opening connection (ws://127.0.0.1:4455/api/websocket)
[2026-02-11 13:03:40.754 DBG] OBS-Websocket5 :: Disconnected
[2026-02-11 13:03:40.754 DBG] OBS :: Disconnected from OBS (127.0.0.1:4455)
[2026-02-11 13:03:48.702 DBG] ViewerRepo :: UpdatePresence(twitch, 5), 0.0322ms
[2026-02-11 13:03:48.799 DBG] TwitchService :: Presence Timer :: Artificially updated presence with a threshold of 5 minutes (97.8945ms)
[2026-02-11 13:04:10.766 DBG] OBS :: Retrying obs connection to OBS (127.0.0.1:4455)
[2026-02-11 13:04:10.766 DBG] OBS :: Opening websocket connection to OBS (127.0.0.1:4455)
[2026-02-11 13:04:10.766 DBG] OBS-Websocket5 :: Opening connection (ws://127.0.0.1:4455/api/websocket)
[2026-02-11 13:04:12.798 DBG] OBS-Websocket5 :: Disconnected
[2026-02-11 13:04:12.798 DBG] OBS :: Disconnected from OBS (127.0.0.1:4455)
[2026-02-11 13:04:37.020 DBG] ActionDispatcher :: Queueing 'Sub Goal' (361aa588-5f31-4e19-b8a5-099cae52479d, TimedAction) to 'Default' (00000000-0000-0000-0000-000000000000), with 11 arguments
[2026-02-11 13:04:37.020 DBG] ActionQueue :: 'Default' (00000000-0000-0000-0000-000000000000) :: Enqueue action 361aa588-5f31-4e19-b8a5-099cae52479d
[2026-02-11 13:04:37.020 DBG] ActionQueue :: 'Default' (00000000-0000-0000-0000-000000000000) :: Handling queue
[2026-02-11 13:04:37.020 DBG] ActionQueue :: 'Default' (00000000-0000-0000-0000-000000000000) :: Performing non-blocking 'Sub Goal' (361aa588-5f31-4e19-b8a5-099cae52479d, 3572f8b1-c97f-4117-8ec6-e0c93dd2e444)
[2026-02-11 13:04:42.805 DBG] OBS :: Retrying obs connection to OBS (127.0.0.1:4455)
[2026-02-11 13:04:42.805 DBG] OBS :: Opening websocket connection to OBS (127.0.0.1:4455)
[2026-02-11 13:04:42.805 DBG] OBS-Websocket5 :: Opening connection (ws://127.0.0.1:4455/api/websocket)
[2026-02-11 13:04:44.820 DBG] OBS-Websocket5 :: Disconnected
[2026-02-11 13:04:44.820 DBG] OBS :: Disconnected from OBS (127.0.0.1:4455)
[2026-02-11 13:04:48.711 DBG] ViewerRepo :: UpdatePresence(twitch, 5), 0.0414ms
[2026-02-11 13:04:48.807 DBG] TwitchService :: Presence Timer :: Artificially updated presence with a threshold of 5 minutes (95.9991ms)
[2026-02-11 13:04:49.732 DBG] AutoSave :: Auto saving settings...
[2026-02-11 13:04:49.748 DBG] Users :: Time to save 16.2815ms
[2026-02-11 13:04:49.774 DBG] Actions :: Time to save 24.6656ms
[2026-02-11 13:04:49.791 DBG] Commands :: Time to save 17.1832ms
[2026-02-11 13:04:49.807 DBG] Twitch Rewards :: Time to save 16.7513ms
[2026-02-11 13:04:49.822 DBG] Midi :: Time to save 14.7192ms
[2026-02-11 13:04:49.838 DBG] OBS Settings :: Time to save 15.9595ms
[2026-02-11 13:04:49.854 DBG] MeldStudio Settings :: Time to save 15.1178ms
[2026-02-11 13:04:49.866 DBG] Credits :: Time to save 12.3716ms
[2026-02-11 13:04:49.876 DBG] Quotes :: Time to save 10.7287ms
[2026-02-11 13:04:49.952 DBG] Config :: Time to save 14.4817ms
[2026-02-11 13:05:14.831 DBG] OBS :: Retrying obs connection to OBS (127.0.0.1:4455)
[2026-02-11 13:05:14.831 DBG] OBS :: Opening websocket connection to OBS (127.0.0.1:4455)
[2026-02-11 13:05:14.831 DBG] OBS-Websocket5 :: Opening connection (ws://127.0.0.1:4455/api/websocket)
[2026-02-11 13:05:16.880 DBG] OBS-Websocket5 :: Disconnected
[2026-02-11 13:05:16.880 DBG] OBS :: Disconnected from OBS (127.0.0.1:4455)
[2026-02-11 13:05:46.883 DBG] OBS :: Retrying obs connection to OBS (127.0.0.1:4455)
[2026-02-11 13:05:46.883 DBG] OBS :: Opening websocket connection to OBS (127.0.0.1:4455)
[2026-02-11 13:05:46.883 DBG] OBS-Websocket5 :: Opening connection (ws://127.0.0.1:4455/api/websocket)
[2026-02-11 13:05:48.713 DBG] ViewerRepo :: UpdatePresence(twitch, 5), 0.0301ms
[2026-02-11 13:05:48.806 DBG] TwitchService :: Presence Timer :: Artificially updated presence with a threshold of 5 minutes (92.96ms)
[2026-02-11 13:05:48.916 DBG] OBS-Websocket5 :: Disconnected
[2026-02-11 13:05:48.916 DBG] OBS :: Disconnected from OBS (127.0.0.1:4455)
[2026-02-11 13:06:18.930 DBG] OBS :: Retrying obs connection to OBS (127.0.0.1:4455)
[2026-02-11 13:06:18.930 DBG] OBS :: Opening websocket connection to OBS (127.0.0.1:4455)
[2026-02-11 13:06:18.930 DBG] OBS-Websocket5 :: Opening connection (ws://127.0.0.1:4455/api/websocket)
[2026-02-11 13:06:20.977 DBG] OBS-Websocket5 :: Disconnected
[2026-02-11 13:06:20.977 DBG] OBS :: Disconnected from OBS (127.0.0.1:4455)
[2026-02-11 13:06:48.718 DBG] ViewerRepo :: UpdatePresence(twitch, 5), 0.0306ms
[2026-02-11 13:06:48.813 DBG] TwitchService :: Presence Timer :: Artificially updated presence with a threshold of 5 minutes (95.9384ms)
[2026-02-11 13:06:50.979 DBG] OBS :: Retrying obs connection to OBS (127.0.0.1:4455)
[2026-02-11 13:06:50.979 DBG] OBS :: Opening websocket connection to OBS (127.0.0.1:4455)
[2026-02-11 13:06:50.979 DBG] OBS-Websocket5 :: Opening connection (ws://127.0.0.1:4455/api/websocket)
[2026-02-11 13:06:53.024 DBG] OBS-Websocket5 :: Disconnected
[2026-02-11 13:06:53.024 DBG] OBS :: Disconnected from OBS (127.0.0.1:4455)
[2026-02-11 13:07:23.028 DBG] OBS :: Retrying obs connection to OBS (127.0.0.1:4455)
[2026-02-11 13:07:23.028 DBG] OBS :: Opening websocket connection to OBS (127.0.0.1:4455)
[2026-02-11 13:07:23.028 DBG] OBS-Websocket5 :: Opening connection (ws://127.0.0.1:4455/api/websocket)
[2026-02-11 13:07:25.077 DBG] OBS-Websocket5 :: Disconnected
[2026-02-11 13:07:25.077 DBG] OBS :: Disconnected from OBS (127.0.0.1:4455)
[2026-02-11 13:07:48.725 DBG] ViewerRepo :: UpdatePresence(twitch, 5), 0.03ms
[2026-02-11 13:07:48.819 DBG] TwitchService :: Presence Timer :: Artificially updated presence with a threshold of 5 minutes (94.6767ms)
[2026-02-11 13:07:55.079 DBG] OBS :: Retrying obs connection to OBS (127.0.0.1:4455)
[2026-02-11 13:07:55.079 DBG] OBS :: Opening websocket connection to OBS (127.0.0.1:4455)
[2026-02-11 13:07:55.079 DBG] OBS-Websocket5 :: Opening connection (ws://127.0.0.1:4455/api/websocket)
[2026-02-11 13:07:57.103 DBG] OBS-Websocket5 :: Disconnected
[2026-02-11 13:07:57.103 DBG] OBS :: Disconnected from OBS (127.0.0.1:4455)
[2026-02-11 13:08:27.104 DBG] OBS :: Retrying obs connection to OBS (127.0.0.1:4455)
[2026-02-11 13:08:27.104 DBG] OBS :: Opening websocket connection to OBS (127.0.0.1:4455)
[2026-02-11 13:08:27.104 DBG] OBS-Websocket5 :: Opening connection (ws://127.0.0.1:4455/api/websocket)
[2026-02-11 13:08:28.718 DBG] Credits :: Time to save 16.6814ms
[2026-02-11 13:08:29.125 DBG] OBS-Websocket5 :: Disconnected
[2026-02-11 13:08:29.125 DBG] OBS :: Disconnected from OBS (127.0.0.1:4455)
[2026-02-11 13:08:48.729 DBG] ViewerRepo :: UpdatePresence(twitch, 5), 0.0337ms
[2026-02-11 13:08:48.843 DBG] TwitchService :: Presence Timer :: Artificially updated presence with a threshold of 5 minutes (115.1086ms)
[2026-02-11 13:08:59.130 DBG] OBS :: Retrying obs connection to OBS (127.0.0.1:4455)
[2026-02-11 13:08:59.130 DBG] OBS :: Opening websocket connection to OBS (127.0.0.1:4455)
[2026-02-11 13:08:59.130 DBG] OBS-Websocket5 :: Opening connection (ws://127.0.0.1:4455/api/websocket)
[2026-02-11 13:09:01.164 DBG] OBS-Websocket5 :: Disconnected
[2026-02-11 13:09:01.164 DBG] OBS :: Disconnected from OBS (127.0.0.1:4455)
[2026-02-11 13:09:31.178 DBG] OBS :: Retrying obs connection to OBS (127.0.0.1:4455)
[2026-02-11 13:09:31.178 DBG] OBS :: Opening websocket connection to OBS (127.0.0.1:4455)
[2026-02-11 13:09:31.178 DBG] OBS-Websocket5 :: Opening connection (ws://127.0.0.1:4455/api/websocket)
[2026-02-11 13:09:33.200 DBG] OBS-Websocket5 :: Disconnected
[2026-02-11 13:09:33.200 DBG] OBS :: Disconnected from OBS (127.0.0.1:4455)
[2026-02-11 13:09:48.730 DBG] ViewerRepo :: UpdatePresence(twitch, 5), 0.0317ms
[2026-02-11 13:09:48.820 DBG] TwitchService :: Presence Timer :: Artificially updated presence with a threshold of 5 minutes (89.8601ms)
[2026-02-11 13:09:49.964 DBG] AutoSave :: Auto saving settings...
[2026-02-11 13:09:49.983 DBG] Users :: Time to save 19.4687ms
[2026-02-11 13:09:50.001 DBG] Actions :: Time to save 17.6556ms
[2026-02-11 13:09:50.013 DBG] Commands :: Time to save 12.3754ms
[2026-02-11 13:09:50.026 DBG] Twitch Rewards :: Time to save 12.9491ms
[2026-02-11 13:09:50.040 DBG] Midi :: Time to save 13.0902ms
[2026-02-11 13:09:50.053 DBG] OBS Settings :: Time to save 13.1464ms
[2026-02-11 13:09:50.067 DBG] MeldStudio Settings :: Time to save 14.348ms
[2026-02-11 13:09:50.077 DBG] Credits :: Time to save 9.9591ms
[2026-02-11 13:09:50.088 DBG] Quotes :: Time to save 10.4345ms
[2026-02-11 13:09:50.181 DBG] Config :: Time to save 13.4182ms
[2026-02-11 13:10:03.210 DBG] OBS :: Retrying obs connection to OBS (127.0.0.1:4455)
[2026-02-11 13:10:03.210 DBG] OBS :: Opening websocket connection to OBS (127.0.0.1:4455)
[2026-02-11 13:10:03.210 DBG] OBS-Websocket5 :: Opening connection (ws://127.0.0.1:4455/api/websocket)
[2026-02-11 13:10:05.270 DBG] OBS-Websocket5 :: Disconnected
[2026-02-11 13:10:05.270 DBG] OBS :: Disconnected from OBS (127.0.0.1:4455)
[2026-02-11 13:10:35.270 DBG] OBS :: Retrying obs connection to OBS (127.0.0.1:4455)
[2026-02-11 13:10:35.270 DBG] OBS :: Opening websocket connection to OBS (127.0.0.1:4455)
[2026-02-11 13:10:35.270 DBG] OBS-Websocket5 :: Opening connection (ws://127.0.0.1:4455/api/websocket)
[2026-02-11 13:10:37.297 DBG] OBS-Websocket5 :: Disconnected
[2026-02-11 13:10:37.297 DBG] OBS :: Disconnected from OBS (127.0.0.1:4455)
[2026-02-11 13:10:48.734 DBG] ViewerRepo :: UpdatePresence(twitch, 5), 0.0312ms
[2026-02-11 13:10:48.830 DBG] TwitchService :: Presence Timer :: Artificially updated presence with a threshold of 5 minutes (95.914ms)
[2026-02-11 13:11:07.302 DBG] OBS :: Retrying obs connection to OBS (127.0.0.1:4455)
[2026-02-11 13:11:07.302 DBG] OBS :: Opening websocket connection to OBS (127.0.0.1:4455)
[2026-02-11 13:11:07.302 DBG] OBS-Websocket5 :: Opening connection (ws://127.0.0.1:4455/api/websocket)
[2026-02-11 13:11:09.334 DBG] OBS-Websocket5 :: Disconnected
[2026-02-11 13:11:09.334 DBG] OBS :: Disconnected from OBS (127.0.0.1:4455)
[2026-02-11 13:11:39.347 DBG] OBS :: Retrying obs connection to OBS (127.0.0.1:4455)
[2026-02-11 13:11:39.347 DBG] OBS :: Opening websocket connection to OBS (127.0.0.1:4455)
[2026-02-11 13:11:39.347 DBG] OBS-Websocket5 :: Opening connection (ws://127.0.0.1:4455/api/websocket)
[2026-02-11 13:11:41.392 DBG] OBS-Websocket5 :: Disconnected
[2026-02-11 13:11:41.392 DBG] OBS :: Disconnected from OBS (127.0.0.1:4455)
[2026-02-11 13:11:48.745 DBG] ViewerRepo :: UpdatePresence(twitch, 5), 0.0637ms
[2026-02-11 13:11:48.841 DBG] TwitchService :: Presence Timer :: Artificially updated presence with a threshold of 5 minutes (96.3034ms)
[2026-02-11 13:12:11.405 DBG] OBS :: Retrying obs connection to OBS (127.0.0.1:4455)
[2026-02-11 13:12:11.405 DBG] OBS :: Opening websocket connection to OBS (127.0.0.1:4455)
[2026-02-11 13:12:11.405 DBG] OBS-Websocket5 :: Opening connection (ws://127.0.0.1:4455/api/websocket)
[2026-02-11 13:12:13.451 DBG] OBS-Websocket5 :: Disconnected
[2026-02-11 13:12:13.451 DBG] OBS :: Disconnected from OBS (127.0.0.1:4455)
[2026-02-11 13:12:43.459 DBG] OBS :: Retrying obs connection to OBS (127.0.0.1:4455)
[2026-02-11 13:12:43.459 DBG] OBS :: Opening websocket connection to OBS (127.0.0.1:4455)
[2026-02-11 13:12:43.459 DBG] OBS-Websocket5 :: Opening connection (ws://127.0.0.1:4455/api/websocket)
[2026-02-11 13:12:45.476 DBG] OBS-Websocket5 :: Disconnected
[2026-02-11 13:12:45.476 DBG] OBS :: Disconnected from OBS (127.0.0.1:4455)
[2026-02-11 13:12:48.753 DBG] ViewerRepo :: UpdatePresence(twitch, 5), 0.0402ms
[2026-02-11 13:12:48.847 DBG] TwitchService :: Presence Timer :: Artificially updated presence with a threshold of 5 minutes (92.6967ms)
[2026-02-11 13:13:15.489 DBG] OBS :: Retrying obs connection to OBS (127.0.0.1:4455)
[2026-02-11 13:13:15.489 DBG] OBS :: Opening websocket connection to OBS (127.0.0.1:4455)
[2026-02-11 13:13:15.489 DBG] OBS-Websocket5 :: Opening connection (ws://127.0.0.1:4455/api/websocket)
[2026-02-11 13:13:17.543 DBG] OBS-Websocket5 :: Disconnected
[2026-02-11 13:13:17.543 DBG] OBS :: Disconnected from OBS (127.0.0.1:4455)
[2026-02-11 13:13:28.730 DBG] Credits :: Time to save 17.4047ms
[2026-02-11 13:13:47.556 DBG] OBS :: Retrying obs connection to OBS (127.0.0.1:4455)
[2026-02-11 13:13:47.556 DBG] OBS :: Opening websocket connection to OBS (127.0.0.1:4455)
[2026-02-11 13:13:47.556 DBG] OBS-Websocket5 :: Opening connection (ws://127.0.0.1:4455/api/websocket)
[2026-02-11 13:13:48.767 DBG] ViewerRepo :: UpdatePresence(twitch, 5), 0.0307ms
[2026-02-11 13:13:48.861 DBG] TwitchService :: Presence Timer :: Artificially updated presence with a threshold of 5 minutes (94.8171ms)
[2026-02-11 13:13:49.564 DBG] OBS-Websocket5 :: Disconnected
[2026-02-11 13:13:49.564 DBG] OBS :: Disconnected from OBS (127.0.0.1:4455)
[2026-02-11 13:14:19.568 DBG] OBS :: Retrying obs connection to OBS (127.0.0.1:4455)
[2026-02-11 13:14:19.568 DBG] OBS :: Opening websocket connection to OBS (127.0.0.1:4455)
[2026-02-11 13:14:19.568 DBG] OBS-Websocket5 :: Opening connection (ws://127.0.0.1:4455/api/websocket)
[2026-02-11 13:14:21.612 DBG] OBS-Websocket5 :: Disconnected
[2026-02-11 13:14:21.612 DBG] OBS :: Disconnected from OBS (127.0.0.1:4455)
[2026-02-11 13:14:37.380 DBG] ActionDispatcher :: Queueing 'Sub Goal' (361aa588-5f31-4e19-b8a5-099cae52479d, TimedAction) to 'Default' (00000000-0000-0000-0000-000000000000), with 11 arguments
[2026-02-11 13:14:37.380 DBG] ActionQueue :: 'Default' (00000000-0000-0000-0000-000000000000) :: Enqueue action 361aa588-5f31-4e19-b8a5-099cae52479d
[2026-02-11 13:14:37.380 DBG] ActionQueue :: 'Default' (00000000-0000-0000-0000-000000000000) :: Handling queue
[2026-02-11 13:14:37.380 DBG] ActionQueue :: 'Default' (00000000-0000-0000-0000-000000000000) :: Performing non-blocking 'Sub Goal' (361aa588-5f31-4e19-b8a5-099cae52479d, e858a6b2-95f2-4d00-905f-39aebc445f68)
[2026-02-11 13:14:48.781 DBG] ViewerRepo :: UpdatePresence(twitch, 5), 0.0289ms
[2026-02-11 13:14:48.876 DBG] TwitchService :: Presence Timer :: Artificially updated presence with a threshold of 5 minutes (95.5518ms)
[2026-02-11 13:14:50.174 DBG] AutoSave :: Auto saving settings...
[2026-02-11 13:14:50.193 DBG] Users :: Time to save 19.3999ms
[2026-02-11 13:14:50.218 DBG] Actions :: Time to save 24.7525ms
[2026-02-11 13:14:50.237 DBG] Commands :: Time to save 19.3904ms
[2026-02-11 13:14:50.254 DBG] Twitch Rewards :: Time to save 16.9318ms
[2026-02-11 13:14:50.272 DBG] Midi :: Time to save 17.4697ms
[2026-02-11 13:14:50.288 DBG] OBS Settings :: Time to save 15.4859ms
[2026-02-11 13:14:50.304 DBG] MeldStudio Settings :: Time to save 15.534ms
[2026-02-11 13:14:50.320 DBG] Credits :: Time to save 16.3727ms
[2026-02-11 13:14:50.335 DBG] Quotes :: Time to save 15.9478ms
[2026-02-11 13:14:50.398 DBG] Config :: Time to save 19.6206ms
[2026-02-11 13:14:51.624 DBG] OBS :: Retrying obs connection to OBS (127.0.0.1:4455)
[2026-02-11 13:14:51.624 DBG] OBS :: Opening websocket connection to OBS (127.0.0.1:4455)
[2026-02-11 13:14:51.624 DBG] OBS-Websocket5 :: Opening connection (ws://127.0.0.1:4455/api/websocket)
[2026-02-11 13:14:53.669 DBG] OBS-Websocket5 :: Disconnected
[2026-02-11 13:14:53.669 DBG] OBS :: Disconnected from OBS (127.0.0.1:4455)
[2026-02-11 13:15:23.669 DBG] OBS :: Retrying obs connection to OBS (127.0.0.1:4455)
[2026-02-11 13:15:23.669 DBG] OBS :: Opening websocket connection to OBS (127.0.0.1:4455)
[2026-02-11 13:15:23.669 DBG] OBS-Websocket5 :: Opening connection (ws://127.0.0.1:4455/api/websocket)
[2026-02-11 13:15:25.715 DBG] OBS-Websocket5 :: Disconnected
[2026-02-11 13:15:25.715 DBG] OBS :: Disconnected from OBS (127.0.0.1:4455)
[2026-02-11 13:15:48.791 DBG] ViewerRepo :: UpdatePresence(twitch, 5), 0.0326ms
[2026-02-11 13:15:48.889 DBG] TwitchService :: Presence Timer :: Artificially updated presence with a threshold of 5 minutes (97.1054ms)
[2026-02-11 13:15:55.731 DBG] OBS :: Retrying obs connection to OBS (127.0.0.1:4455)
[2026-02-11 13:15:55.732 DBG] OBS :: Opening websocket connection to OBS (127.0.0.1:4455)
[2026-02-11 13:15:55.732 DBG] OBS-Websocket5 :: Opening connection (ws://127.0.0.1:4455/api/websocket)
[2026-02-11 13:15:57.774 DBG] OBS-Websocket5 :: Disconnected
[2026-02-11 13:15:57.774 DBG] OBS :: Disconnected from OBS (127.0.0.1:4455)
[2026-02-11 13:16:27.789 DBG] OBS :: Retrying obs connection to OBS (127.0.0.1:4455)
[2026-02-11 13:16:27.789 DBG] OBS :: Opening websocket connection to OBS (127.0.0.1:4455)
[2026-02-11 13:16:27.789 DBG] OBS-Websocket5 :: Opening connection (ws://127.0.0.1:4455/api/websocket)
[2026-02-11 13:16:29.832 DBG] OBS-Websocket5 :: Disconnected
[2026-02-11 13:16:29.832 DBG] OBS :: Disconnected from OBS (127.0.0.1:4455)
[2026-02-11 13:16:48.794 DBG] ViewerRepo :: UpdatePresence(twitch, 5), 0.0291ms
[2026-02-11 13:16:48.885 DBG] TwitchService :: Presence Timer :: Artificially updated presence with a threshold of 5 minutes (90.5922ms)
[2026-02-11 13:16:59.861 DBG] OBS :: Retrying obs connection to OBS (127.0.0.1:4455)
[2026-02-11 13:16:59.861 DBG] OBS :: Opening websocket connection to OBS (127.0.0.1:4455)
[2026-02-11 13:16:59.861 DBG] OBS-Websocket5 :: Opening connection (ws://127.0.0.1:4455/api/websocket)
[2026-02-11 13:17:01.890 DBG] OBS-Websocket5 :: Disconnected
[2026-02-11 13:17:01.890 DBG] OBS :: Disconnected from OBS (127.0.0.1:4455)
[2026-02-11 13:17:31.908 DBG] OBS :: Retrying obs connection to OBS (127.0.0.1:4455)
[2026-02-11 13:17:31.908 DBG] OBS :: Opening websocket connection to OBS (127.0.0.1:4455)
[2026-02-11 13:17:31.908 DBG] OBS-Websocket5 :: Opening connection (ws://127.0.0.1:4455/api/websocket)
[2026-02-11 13:17:33.928 DBG] OBS-Websocket5 :: Disconnected
[2026-02-11 13:17:33.928 DBG] OBS :: Disconnected from OBS (127.0.0.1:4455)
[2026-02-11 13:17:48.798 DBG] ViewerRepo :: UpdatePresence(twitch, 5), 0.0311ms
[2026-02-11 13:17:48.895 DBG] TwitchService :: Presence Timer :: Artificially updated presence with a threshold of 5 minutes (97.8024ms)
[2026-02-11 13:18:03.942 DBG] OBS :: Retrying obs connection to OBS (127.0.0.1:4455)
[2026-02-11 13:18:03.942 DBG] OBS :: Opening websocket connection to OBS (127.0.0.1:4455)
[2026-02-11 13:18:03.942 DBG] OBS-Websocket5 :: Opening connection (ws://127.0.0.1:4455/api/websocket)
[2026-02-11 13:18:05.973 DBG] OBS-Websocket5 :: Disconnected
[2026-02-11 13:18:05.973 DBG] OBS :: Disconnected from OBS (127.0.0.1:4455)
[2026-02-11 13:18:28.728 DBG] Credits :: Time to save 12.4436ms
[2026-02-11 13:18:35.988 DBG] OBS :: Retrying obs connection to OBS (127.0.0.1:4455)
[2026-02-11 13:18:35.988 DBG] OBS :: Opening websocket connection to OBS (127.0.0.1:4455)
[2026-02-11 13:18:35.988 DBG] OBS-Websocket5 :: Opening connection (ws://127.0.0.1:4455/api/websocket)
[2026-02-11 13:18:38.013 DBG] OBS-Websocket5 :: Disconnected
[2026-02-11 13:18:38.013 DBG] OBS :: Disconnected from OBS (127.0.0.1:4455)
[2026-02-11 13:18:48.811 DBG] ViewerRepo :: UpdatePresence(twitch, 5), 0.0304ms
[2026-02-11 13:18:49.402 DBG] TwitchService :: Presence Timer :: Artificially updated presence with a threshold of 5 minutes (591.4881ms)
[2026-02-11 13:19:08.027 DBG] OBS :: Retrying obs connection to OBS (127.0.0.1:4455)
[2026-02-11 13:19:08.027 DBG] OBS :: Opening websocket connection to OBS (127.0.0.1:4455)
[2026-02-11 13:19:08.027 DBG] OBS-Websocket5 :: Opening connection (ws://127.0.0.1:4455/api/websocket)
[2026-02-11 13:19:10.086 DBG] OBS-Websocket5 :: Disconnected
[2026-02-11 13:19:10.086 DBG] OBS :: Disconnected from OBS (127.0.0.1:4455)
[2026-02-11 13:19:40.099 DBG] OBS :: Retrying obs connection to OBS (127.0.0.1:4455)
[2026-02-11 13:19:40.099 DBG] OBS :: Opening websocket connection to OBS (127.0.0.1:4455)
[2026-02-11 13:19:40.099 DBG] OBS-Websocket5 :: Opening connection (ws://127.0.0.1:4455/api/websocket)
[2026-02-11 13:19:42.148 DBG] OBS-Websocket5 :: Disconnected
[2026-02-11 13:19:42.148 DBG] OBS :: Disconnected from OBS (127.0.0.1:4455)
[2026-02-11 13:19:48.821 DBG] ViewerRepo :: UpdatePresence(twitch, 5), 0.0286ms
[2026-02-11 13:19:48.918 DBG] TwitchService :: Presence Timer :: Artificially updated presence with a threshold of 5 minutes (96.6763ms)
[2026-02-11 13:19:50.445 DBG] AutoSave :: Auto saving settings...
[2026-02-11 13:19:50.464 DBG] Users :: Time to save 19.4856ms
[2026-02-11 13:19:50.487 DBG] Actions :: Time to save 22.6832ms
[2026-02-11 13:19:50.504 DBG] Commands :: Time to save 17.0085ms
[2026-02-11 13:19:50.520 DBG] Twitch Rewards :: Time to save 16.3383ms
[2026-02-11 13:19:50.538 DBG] Midi :: Time to save 17.286ms
[2026-02-11 13:19:50.552 DBG] OBS Settings :: Time to save 14.7639ms
[2026-02-11 13:19:50.567 DBG] MeldStudio Settings :: Time to save 14.803ms
[2026-02-11 13:19:50.583 DBG] Credits :: Time to save 15.806ms
[2026-02-11 13:19:50.600 DBG] Quotes :: Time to save 16.61ms
[2026-02-11 13:19:50.662 DBG] Config :: Time to save 13.2546ms
[2026-02-11 13:20:12.150 DBG] OBS :: Retrying obs connection to OBS (127.0.0.1:4455)
[2026-02-11 13:20:12.150 DBG] OBS :: Opening websocket connection to OBS (127.0.0.1:4455)
[2026-02-11 13:20:12.150 DBG] OBS-Websocket5 :: Opening connection (ws://127.0.0.1:4455/api/websocket)
[2026-02-11 13:20:14.194 DBG] OBS-Websocket5 :: Disconnected
[2026-02-11 13:20:14.194 DBG] OBS :: Disconnected from OBS (127.0.0.1:4455)
[2026-02-11 13:20:44.194 DBG] OBS :: Retrying obs connection to OBS (127.0.0.1:4455)
[2026-02-11 13:20:44.194 DBG] OBS :: Opening websocket connection to OBS (127.0.0.1:4455)
[2026-02-11 13:20:44.194 DBG] OBS-Websocket5 :: Opening connection (ws://127.0.0.1:4455/api/websocket)
[2026-02-11 13:20:46.240 DBG] OBS-Websocket5 :: Disconnected
[2026-02-11 13:20:46.240 DBG] OBS :: Disconnected from OBS (127.0.0.1:4455)
[2026-02-11 13:20:48.821 DBG] ViewerRepo :: UpdatePresence(twitch, 5), 0.0304ms
[2026-02-11 13:20:48.914 DBG] TwitchService :: Presence Timer :: Artificially updated presence with a threshold of 5 minutes (93.2748ms)
[2026-02-11 13:21:16.250 DBG] OBS :: Retrying obs connection to OBS (127.0.0.1:4455)
[2026-02-11 13:21:16.250 DBG] OBS :: Opening websocket connection to OBS (127.0.0.1:4455)
[2026-02-11 13:21:16.250 DBG] OBS-Websocket5 :: Opening connection (ws://127.0.0.1:4455/api/websocket)
[2026-02-11 13:21:18.292 DBG] OBS-Websocket5 :: Disconnected
[2026-02-11 13:21:18.292 DBG] OBS :: Disconnected from OBS (127.0.0.1:4455)
[2026-02-11 13:21:48.301 DBG] OBS :: Retrying obs connection to OBS (127.0.0.1:4455)
[2026-02-11 13:21:48.301 DBG] OBS :: Opening websocket connection to OBS (127.0.0.1:4455)
[2026-02-11 13:21:48.301 DBG] OBS-Websocket5 :: Opening connection (ws://127.0.0.1:4455/api/websocket)
[2026-02-11 13:21:48.835 DBG] ViewerRepo :: UpdatePresence(twitch, 5), 0.03ms
[2026-02-11 13:21:48.930 DBG] TwitchService :: Presence Timer :: Artificially updated presence with a threshold of 5 minutes (95.1667ms)
[2026-02-11 13:21:50.350 DBG] OBS-Websocket5 :: Disconnected
[2026-02-11 13:21:50.350 DBG] OBS :: Disconnected from OBS (127.0.0.1:4455)
[2026-02-11 13:22:20.353 DBG] OBS :: Retrying obs connection to OBS (127.0.0.1:4455)
[2026-02-11 13:22:20.353 DBG] OBS :: Opening websocket connection to OBS (127.0.0.1:4455)
[2026-02-11 13:22:20.353 DBG] OBS-Websocket5 :: Opening connection (ws://127.0.0.1:4455/api/websocket)
[2026-02-11 13:22:22.384 DBG] OBS-Websocket5 :: Disconnected
[2026-02-11 13:22:22.384 DBG] OBS :: Disconnected from OBS (127.0.0.1:4455)
[2026-02-11 13:22:48.839 DBG] ViewerRepo :: UpdatePresence(twitch, 5), 0.0286ms
[2026-02-11 13:22:48.995 DBG] TwitchService :: Presence Timer :: Artificially updated presence with a threshold of 5 minutes (155.5649ms)
[2026-02-11 13:22:52.389 DBG] OBS :: Retrying obs connection to OBS (127.0.0.1:4455)
[2026-02-11 13:22:52.389 DBG] OBS :: Opening websocket connection to OBS (127.0.0.1:4455)
[2026-02-11 13:22:52.389 DBG] OBS-Websocket5 :: Opening connection (ws://127.0.0.1:4455/api/websocket)
[2026-02-11 13:22:54.436 DBG] OBS-Websocket5 :: Disconnected
[2026-02-11 13:22:54.436 DBG] OBS :: Disconnected from OBS (127.0.0.1:4455)
[2026-02-11 13:23:24.447 DBG] OBS :: Retrying obs connection to OBS (127.0.0.1:4455)
[2026-02-11 13:23:24.447 DBG] OBS :: Opening websocket connection to OBS (127.0.0.1:4455)
[2026-02-11 13:23:24.447 DBG] OBS-Websocket5 :: Opening connection (ws://127.0.0.1:4455/api/websocket)
[2026-02-11 13:23:26.456 DBG] OBS-Websocket5 :: Disconnected
[2026-02-11 13:23:26.456 DBG] OBS :: Disconnected from OBS (127.0.0.1:4455)
[2026-02-11 13:23:28.743 DBG] Credits :: Time to save 17.6179ms
[2026-02-11 13:23:48.849 DBG] ViewerRepo :: UpdatePresence(twitch, 5), 0.0308ms
[2026-02-11 13:23:48.949 DBG] TwitchService :: Presence Timer :: Artificially updated presence with a threshold of 5 minutes (100.6844ms)
[2026-02-11 13:23:56.462 DBG] OBS :: Retrying obs connection to OBS (127.0.0.1:4455)
[2026-02-11 13:23:56.462 DBG] OBS :: Opening websocket connection to OBS (127.0.0.1:4455)
[2026-02-11 13:23:56.462 DBG] OBS-Websocket5 :: Opening connection (ws://127.0.0.1:4455/api/websocket)
[2026-02-11 13:23:58.512 DBG] OBS-Websocket5 :: Disconnected
[2026-02-11 13:23:58.512 DBG] OBS :: Disconnected from OBS (127.0.0.1:4455)
[2026-02-11 13:24:28.527 DBG] OBS :: Retrying obs connection to OBS (127.0.0.1:4455)
[2026-02-11 13:24:28.527 DBG] OBS :: Opening websocket connection to OBS (127.0.0.1:4455)
[2026-02-11 13:24:28.527 DBG] OBS-Websocket5 :: Opening connection (ws://127.0.0.1:4455/api/websocket)
[2026-02-11 13:24:30.571 DBG] OBS-Websocket5 :: Disconnected
[2026-02-11 13:24:30.571 DBG] OBS :: Disconnected from OBS (127.0.0.1:4455)
[2026-02-11 13:24:37.741 DBG] ActionDispatcher :: Queueing 'Sub Goal' (361aa588-5f31-4e19-b8a5-099cae52479d, TimedAction) to 'Default' (00000000-0000-0000-0000-000000000000), with 11 arguments
[2026-02-11 13:24:37.741 DBG] ActionQueue :: 'Default' (00000000-0000-0000-0000-000000000000) :: Enqueue action 361aa588-5f31-4e19-b8a5-099cae52479d
[2026-02-11 13:24:37.741 DBG] ActionQueue :: 'Default' (00000000-0000-0000-0000-000000000000) :: Handling queue
[2026-02-11 13:24:37.741 DBG] ActionQueue :: 'Default' (00000000-0000-0000-0000-000000000000) :: Performing non-blocking 'Sub Goal' (361aa588-5f31-4e19-b8a5-099cae52479d, bbe00d7f-6311-4821-b38f-0bf0964122fd)
[2026-02-11 13:24:48.862 DBG] ViewerRepo :: UpdatePresence(twitch, 5), 0.0418ms
[2026-02-11 13:24:48.959 DBG] TwitchService :: Presence Timer :: Artificially updated presence with a threshold of 5 minutes (97.3788ms)
[2026-02-11 13:24:50.679 DBG] AutoSave :: Auto saving settings...
[2026-02-11 13:24:50.697 DBG] Users :: Time to save 18.3016ms
[2026-02-11 13:24:50.720 DBG] Actions :: Time to save 23.3254ms
[2026-02-11 13:24:50.736 DBG] Commands :: Time to save 16.0539ms
[2026-02-11 13:24:50.755 DBG] Twitch Rewards :: Time to save 18.9446ms
[2026-02-11 13:24:50.770 DBG] Midi :: Time to save 14.7958ms
[2026-02-11 13:24:50.785 DBG] OBS Settings :: Time to save 14.2605ms
[2026-02-11 13:24:50.799 DBG] MeldStudio Settings :: Time to save 13.9556ms
[2026-02-11 13:24:50.814 DBG] Credits :: Time to save 14.8855ms
[2026-02-11 13:24:50.825 DBG] Quotes :: Time to save 11.2705ms
[2026-02-11 13:24:50.901 DBG] Config :: Time to save 20.2293ms
[2026-02-11 13:25:00.587 DBG] OBS :: Retrying obs connection to OBS (127.0.0.1:4455)
[2026-02-11 13:25:00.587 DBG] OBS :: Opening websocket connection to OBS (127.0.0.1:4455)
[2026-02-11 13:25:00.587 DBG] OBS-Websocket5 :: Opening connection (ws://127.0.0.1:4455/api/websocket)
[2026-02-11 13:25:02.632 DBG] OBS-Websocket5 :: Disconnected
[2026-02-11 13:25:02.632 DBG] OBS :: Disconnected from OBS (127.0.0.1:4455)
[2026-02-11 13:25:32.639 DBG] OBS :: Retrying obs connection to OBS (127.0.0.1:4455)
[2026-02-11 13:25:32.639 DBG] OBS :: Opening websocket connection to OBS (127.0.0.1:4455)
[2026-02-11 13:25:32.639 DBG] OBS-Websocket5 :: Opening connection (ws://127.0.0.1:4455/api/websocket)
[2026-02-11 13:25:34.668 DBG] OBS-Websocket5 :: Disconnected
[2026-02-11 13:25:34.668 DBG] OBS :: Disconnected from OBS (127.0.0.1:4455)
[2026-02-11 13:25:48.866 DBG] ViewerRepo :: UpdatePresence(twitch, 5), 0.0296ms
[2026-02-11 13:25:48.962 DBG] TwitchService :: Presence Timer :: Artificially updated presence with a threshold of 5 minutes (96.7002ms)
[2026-02-11 13:26:04.681 DBG] OBS :: Retrying obs connection to OBS (127.0.0.1:4455)
[2026-02-11 13:26:04.681 DBG] OBS :: Opening websocket connection to OBS (127.0.0.1:4455)
[2026-02-11 13:26:04.681 DBG] OBS-Websocket5 :: Opening connection (ws://127.0.0.1:4455/api/websocket)
[2026-02-11 13:26:06.742 DBG] OBS-Websocket5 :: Disconnected
[2026-02-11 13:26:06.742 DBG] OBS :: Disconnected from OBS (127.0.0.1:4455)
[2026-02-11 13:26:36.751 DBG] OBS :: Retrying obs connection to OBS (127.0.0.1:4455)
[2026-02-11 13:26:36.751 DBG] OBS :: Opening websocket connection to OBS (127.0.0.1:4455)
[2026-02-11 13:26:36.751 DBG] OBS-Websocket5 :: Opening connection (ws://127.0.0.1:4455/api/websocket)
[2026-02-11 13:26:38.796 DBG] OBS-Websocket5 :: Disconnected
[2026-02-11 13:26:38.796 DBG] OBS :: Disconnected from OBS (127.0.0.1:4455)
[2026-02-11 13:26:48.875 DBG] ViewerRepo :: UpdatePresence(twitch, 5), 0.0316ms
[2026-02-11 13:26:48.972 DBG] TwitchService :: Presence Timer :: Artificially updated presence with a threshold of 5 minutes (97.0957ms)
[2026-02-11 13:27:08.809 DBG] OBS :: Retrying obs connection to OBS (127.0.0.1:4455)
[2026-02-11 13:27:08.809 DBG] OBS :: Opening websocket connection to OBS (127.0.0.1:4455)
[2026-02-11 13:27:08.809 DBG] OBS-Websocket5 :: Opening connection (ws://127.0.0.1:4455/api/websocket)
[2026-02-11 13:27:10.849 DBG] OBS-Websocket5 :: Disconnected
[2026-02-11 13:27:10.849 DBG] OBS :: Disconnected from OBS (127.0.0.1:4455)
[2026-02-11 13:27:40.854 DBG] OBS :: Retrying obs connection to OBS (127.0.0.1:4455)
[2026-02-11 13:27:40.854 DBG] OBS :: Opening websocket connection to OBS (127.0.0.1:4455)
[2026-02-11 13:27:40.854 DBG] OBS-Websocket5 :: Opening connection (ws://127.0.0.1:4455/api/websocket)
[2026-02-11 13:27:42.908 DBG] OBS-Websocket5 :: Disconnected
[2026-02-11 13:27:42.908 DBG] OBS :: Disconnected from OBS (127.0.0.1:4455)
[2026-02-11 13:27:48.880 DBG] ViewerRepo :: UpdatePresence(twitch, 5), 0.0298ms
[2026-02-11 13:27:48.976 DBG] TwitchService :: Presence Timer :: Artificially updated presence with a threshold of 5 minutes (96.2991ms)
[2026-02-11 13:28:12.910 DBG] OBS :: Retrying obs connection to OBS (127.0.0.1:4455)
[2026-02-11 13:28:12.910 DBG] OBS :: Opening websocket connection to OBS (127.0.0.1:4455)
[2026-02-11 13:28:12.910 DBG] OBS-Websocket5 :: Opening connection (ws://127.0.0.1:4455/api/websocket)
[2026-02-11 13:28:14.951 DBG] OBS-Websocket5 :: Disconnected
[2026-02-11 13:28:14.951 DBG] OBS :: Disconnected from OBS (127.0.0.1:4455)
[2026-02-11 13:28:28.749 DBG] Credits :: Time to save 17.2813ms
[2026-02-11 13:28:44.965 DBG] OBS :: Retrying obs connection to OBS (127.0.0.1:4455)
[2026-02-11 13:28:44.965 DBG] OBS :: Opening websocket connection to OBS (127.0.0.1:4455)
[2026-02-11 13:28:44.965 DBG] OBS-Websocket5 :: Opening connection (ws://127.0.0.1:4455/api/websocket)
[2026-02-11 13:28:47.023 DBG] OBS-Websocket5 :: Disconnected
[2026-02-11 13:28:47.023 DBG] OBS :: Disconnected from OBS (127.0.0.1:4455)
[2026-02-11 13:28:48.895 DBG] ViewerRepo :: UpdatePresence(twitch, 5), 0.0298ms
[2026-02-11 13:28:48.989 DBG] TwitchService :: Presence Timer :: Artificially updated presence with a threshold of 5 minutes (94.3344ms)
[2026-02-11 13:29:17.040 DBG] OBS :: Retrying obs connection to OBS (127.0.0.1:4455)
[2026-02-11 13:29:17.040 DBG] OBS :: Opening websocket connection to OBS (127.0.0.1:4455)
[2026-02-11 13:29:17.040 DBG] OBS-Websocket5 :: Opening connection (ws://127.0.0.1:4455/api/websocket)
[2026-02-11 13:29:19.099 DBG] OBS-Websocket5 :: Disconnected
[2026-02-11 13:29:19.099 DBG] OBS :: Disconnected from OBS (127.0.0.1:4455)
[2026-02-11 13:29:48.923 DBG] ViewerRepo :: UpdatePresence(twitch, 5), 0.0289ms
[2026-02-11 13:29:49.020 DBG] TwitchService :: Presence Timer :: Artificially updated presence with a threshold of 5 minutes (97.708ms)
[2026-02-11 13:29:49.110 DBG] OBS :: Retrying obs connection to OBS (127.0.0.1:4455)
[2026-02-11 13:29:49.110 DBG] OBS :: Opening websocket connection to OBS (127.0.0.1:4455)
[2026-02-11 13:29:49.110 DBG] OBS-Websocket5 :: Opening connection (ws://127.0.0.1:4455/api/websocket)
[2026-02-11 13:29:50.889 DBG] AutoSave :: Auto saving settings...
[2026-02-11 13:29:50.908 DBG] Users :: Time to save 19.5908ms
[2026-02-11 13:29:50.928 DBG] Actions :: Time to save 19.4894ms
[2026-02-11 13:29:50.941 DBG] Commands :: Time to save 12.8824ms
[2026-02-11 13:29:50.952 DBG] Twitch Rewards :: Time to save 10.6299ms
[2026-02-11 13:29:50.962 DBG] Midi :: Time to save 9.7377ms
[2026-02-11 13:29:50.973 DBG] OBS Settings :: Time to save 11.4459ms
[2026-02-11 13:29:50.988 DBG] MeldStudio Settings :: Time to save 14.7197ms
[2026-02-11 13:29:50.997 DBG] Credits :: Time to save 9.7803ms
[2026-02-11 13:29:51.013 DBG] Quotes :: Time to save 15.2176ms
[2026-02-11 13:29:51.111 DBG] Config :: Time to save 19.022ms
[2026-02-11 13:29:51.153 DBG] OBS-Websocket5 :: Disconnected
[2026-02-11 13:29:51.153 DBG] OBS :: Disconnected from OBS (127.0.0.1:4455)
[2026-02-11 13:30:21.161 DBG] OBS :: Retrying obs connection to OBS (127.0.0.1:4455)
[2026-02-11 13:30:21.161 DBG] OBS :: Opening websocket connection to OBS (127.0.0.1:4455)
[2026-02-11 13:30:21.161 DBG] OBS-Websocket5 :: Opening connection (ws://127.0.0.1:4455/api/websocket)
[2026-02-11 13:30:23.201 DBG] OBS-Websocket5 :: Disconnected
[2026-02-11 13:30:23.201 DBG] OBS :: Disconnected from OBS (127.0.0.1:4455)
[2026-02-11 13:30:48.936 DBG] ViewerRepo :: UpdatePresence(twitch, 5), 0.0289ms
[2026-02-11 13:30:49.027 DBG] TwitchService :: Presence Timer :: Artificially updated presence with a threshold of 5 minutes (92.4914ms)
[2026-02-11 13:30:53.203 DBG] OBS :: Retrying obs connection to OBS (127.0.0.1:4455)
[2026-02-11 13:30:53.203 DBG] OBS :: Opening websocket connection to OBS (127.0.0.1:4455)
[2026-02-11 13:30:53.203 DBG] OBS-Websocket5 :: Opening connection (ws://127.0.0.1:4455/api/websocket)
[2026-02-11 13:30:55.257 DBG] OBS-Websocket5 :: Disconnected
[2026-02-11 13:30:55.257 DBG] OBS :: Disconnected from OBS (127.0.0.1:4455)
[2026-02-11 13:31:25.275 DBG] OBS :: Retrying obs connection to OBS (127.0.0.1:4455)
[2026-02-11 13:31:25.275 DBG] OBS :: Opening websocket connection to OBS (127.0.0.1:4455)
[2026-02-11 13:31:25.275 DBG] OBS-Websocket5 :: Opening connection (ws://127.0.0.1:4455/api/websocket)
[2026-02-11 13:31:27.329 DBG] OBS-Websocket5 :: Disconnected
[2026-02-11 13:31:27.329 DBG] OBS :: Disconnected from OBS (127.0.0.1:4455)
[2026-02-11 13:31:48.951 DBG] ViewerRepo :: UpdatePresence(twitch, 5), 0.0299ms
[2026-02-11 13:31:49.054 DBG] TwitchService :: Presence Timer :: Artificially updated presence with a threshold of 5 minutes (102.7974ms)
[2026-02-11 13:31:57.338 DBG] OBS :: Retrying obs connection to OBS (127.0.0.1:4455)
[2026-02-11 13:31:57.338 DBG] OBS :: Opening websocket connection to OBS (127.0.0.1:4455)
[2026-02-11 13:31:57.338 DBG] OBS-Websocket5 :: Opening connection (ws://127.0.0.1:4455/api/websocket)
[2026-02-11 13:31:59.370 DBG] OBS-Websocket5 :: Disconnected
[2026-02-11 13:31:59.370 DBG] OBS :: Disconnected from OBS (127.0.0.1:4455)
[2026-02-11 13:32:29.379 DBG] OBS :: Retrying obs connection to OBS (127.0.0.1:4455)
[2026-02-11 13:32:29.379 DBG] OBS :: Opening websocket connection to OBS (127.0.0.1:4455)
[2026-02-11 13:32:29.379 DBG] OBS-Websocket5 :: Opening connection (ws://127.0.0.1:4455/api/websocket)
[2026-02-11 13:32:31.439 DBG] OBS-Websocket5 :: Disconnected
[2026-02-11 13:32:31.439 DBG] OBS :: Disconnected from OBS (127.0.0.1:4455)
[2026-02-11 13:32:48.955 DBG] ViewerRepo :: UpdatePresence(twitch, 5), 0.0298ms
[2026-02-11 13:32:49.051 DBG] TwitchService :: Presence Timer :: Artificially updated presence with a threshold of 5 minutes (96.1273ms)
[2026-02-11 13:33:01.443 DBG] OBS :: Retrying obs connection to OBS (127.0.0.1:4455)
[2026-02-11 13:33:01.443 DBG] OBS :: Opening websocket connection to OBS (127.0.0.1:4455)
[2026-02-11 13:33:01.443 DBG] OBS-Websocket5 :: Opening connection (ws://127.0.0.1:4455/api/websocket)
[2026-02-11 13:33:03.456 DBG] OBS-Websocket5 :: Disconnected
[2026-02-11 13:33:03.456 DBG] OBS :: Disconnected from OBS (127.0.0.1:4455)
[2026-02-11 13:33:28.761 DBG] Credits :: Time to save 17.0033ms
[2026-02-11 13:33:33.458 DBG] OBS :: Retrying obs connection to OBS (127.0.0.1:4455)
[2026-02-11 13:33:33.458 DBG] OBS :: Opening websocket connection to OBS (127.0.0.1:4455)
[2026-02-11 13:33:33.458 DBG] OBS-Websocket5 :: Opening connection (ws://127.0.0.1:4455/api/websocket)
[2026-02-11 13:33:35.516 DBG] OBS-Websocket5 :: Disconnected
[2026-02-11 13:33:35.516 DBG] OBS :: Disconnected from OBS (127.0.0.1:4455)
[2026-02-11 13:33:48.966 DBG] ViewerRepo :: UpdatePresence(twitch, 5), 0.0307ms
[2026-02-11 13:33:49.070 DBG] TwitchService :: Presence Timer :: Artificially updated presence with a threshold of 5 minutes (103.7153ms)
[2026-02-11 13:34:05.526 DBG] OBS :: Retrying obs connection to OBS (127.0.0.1:4455)
[2026-02-11 13:34:05.526 DBG] OBS :: Opening websocket connection to OBS (127.0.0.1:4455)
[2026-02-11 13:34:05.526 DBG] OBS-Websocket5 :: Opening connection (ws://127.0.0.1:4455/api/websocket)
[2026-02-11 13:34:07.553 DBG] OBS-Websocket5 :: Disconnected
[2026-02-11 13:34:07.553 DBG] OBS :: Disconnected from OBS (127.0.0.1:4455)
[2026-02-11 13:34:37.569 DBG] OBS :: Retrying obs connection to OBS (127.0.0.1:4455)
[2026-02-11 13:34:37.569 DBG] OBS :: Opening websocket connection to OBS (127.0.0.1:4455)
[2026-02-11 13:34:37.569 DBG] OBS-Websocket5 :: Opening connection (ws://127.0.0.1:4455/api/websocket)
[2026-02-11 13:34:38.520 DBG] ActionDispatcher :: Queueing 'Sub Goal' (361aa588-5f31-4e19-b8a5-099cae52479d, TimedAction) to 'Default' (00000000-0000-0000-0000-000000000000), with 11 arguments
[2026-02-11 13:34:38.520 DBG] ActionQueue :: 'Default' (00000000-0000-0000-0000-000000000000) :: Enqueue action 361aa588-5f31-4e19-b8a5-099cae52479d
[2026-02-11 13:34:38.520 DBG] ActionQueue :: 'Default' (00000000-0000-0000-0000-000000000000) :: Handling queue
[2026-02-11 13:34:38.520 DBG] ActionQueue :: 'Default' (00000000-0000-0000-0000-000000000000) :: Performing non-blocking 'Sub Goal' (361aa588-5f31-4e19-b8a5-099cae52479d, a6dd2014-5301-445f-baed-366c90bb9dfe)
[2026-02-11 13:34:39.627 DBG] OBS-Websocket5 :: Disconnected
[2026-02-11 13:34:39.627 DBG] OBS :: Disconnected from OBS (127.0.0.1:4455)
[2026-02-11 13:34:48.973 DBG] ViewerRepo :: UpdatePresence(twitch, 5), 0.0291ms
[2026-02-11 13:34:49.066 DBG] TwitchService :: Presence Timer :: Artificially updated presence with a threshold of 5 minutes (92.6317ms)
[2026-02-11 13:34:51.111 DBG] AutoSave :: Auto saving settings...
[2026-02-11 13:34:51.131 DBG] Users :: Time to save 19.814ms
[2026-02-11 13:34:51.152 DBG] Actions :: Time to save 21.3853ms
[2026-02-11 13:34:51.169 DBG] Commands :: Time to save 16.821ms
[2026-02-11 13:34:51.187 DBG] Twitch Rewards :: Time to save 17.7821ms
[2026-02-11 13:34:51.200 DBG] Midi :: Time to save 13.6521ms
[2026-02-11 13:34:51.213 DBG] OBS Settings :: Time to save 13.0955ms
[2026-02-11 13:34:51.223 DBG] MeldStudio Settings :: Time to save 9.7941ms
[2026-02-11 13:34:51.233 DBG] Credits :: Time to save 9.8934ms
[2026-02-11 13:34:51.248 DBG] Quotes :: Time to save 15.2287ms
[2026-02-11 13:34:51.328 DBG] Config :: Time to save 13.2414ms
[2026-02-11 13:35:09.630 DBG] OBS :: Retrying obs connection to OBS (127.0.0.1:4455)
[2026-02-11 13:35:09.630 DBG] OBS :: Opening websocket connection to OBS (127.0.0.1:4455)
[2026-02-11 13:35:09.630 DBG] OBS-Websocket5 :: Opening connection (ws://127.0.0.1:4455/api/websocket)
[2026-02-11 13:35:11.660 DBG] OBS-Websocket5 :: Disconnected
[2026-02-11 13:35:11.660 DBG] OBS :: Disconnected from OBS (127.0.0.1:4455)
[2026-02-11 13:35:41.668 DBG] OBS :: Retrying obs connection to OBS (127.0.0.1:4455)
[2026-02-11 13:35:41.668 DBG] OBS :: Opening websocket connection to OBS (127.0.0.1:4455)
[2026-02-11 13:35:41.668 DBG] OBS-Websocket5 :: Opening connection (ws://127.0.0.1:4455/api/websocket)
[2026-02-11 13:35:43.727 DBG] OBS-Websocket5 :: Disconnected
[2026-02-11 13:35:43.727 DBG] OBS :: Disconnected from OBS (127.0.0.1:4455)
[2026-02-11 13:35:48.998 DBG] ViewerRepo :: UpdatePresence(twitch, 5), 0.0367ms
[2026-02-11 13:35:49.098 DBG] TwitchService :: Presence Timer :: Artificially updated presence with a threshold of 5 minutes (100.3765ms)
[2026-02-11 13:36:13.743 DBG] OBS :: Retrying obs connection to OBS (127.0.0.1:4455)
[2026-02-11 13:36:13.743 DBG] OBS :: Opening websocket connection to OBS (127.0.0.1:4455)
[2026-02-11 13:36:13.743 DBG] OBS-Websocket5 :: Opening connection (ws://127.0.0.1:4455/api/websocket)
[2026-02-11 13:36:15.787 DBG] OBS-Websocket5 :: Disconnected
[2026-02-11 13:36:15.787 DBG] OBS :: Disconnected from OBS (127.0.0.1:4455)
[2026-02-11 13:36:45.799 DBG] OBS :: Retrying obs connection to OBS (127.0.0.1:4455)
[2026-02-11 13:36:45.799 DBG] OBS :: Opening websocket connection to OBS (127.0.0.1:4455)
[2026-02-11 13:36:45.799 DBG] OBS-Websocket5 :: Opening connection (ws://127.0.0.1:4455/api/websocket)
[2026-02-11 13:36:47.826 DBG] OBS-Websocket5 :: Disconnected
[2026-02-11 13:36:47.826 DBG] OBS :: Disconnected from OBS (127.0.0.1:4455)
[2026-02-11 13:36:49.010 DBG] ViewerRepo :: UpdatePresence(twitch, 5), 0.0294ms
[2026-02-11 13:36:49.108 DBG] TwitchService :: Presence Timer :: Artificially updated presence with a threshold of 5 minutes (97.9279ms)
[2026-02-11 13:37:17.830 DBG] OBS :: Retrying obs connection to OBS (127.0.0.1:4455)
[2026-02-11 13:37:17.830 DBG] OBS :: Opening websocket connection to OBS (127.0.0.1:4455)
[2026-02-11 13:37:17.830 DBG] OBS-Websocket5 :: Opening connection (ws://127.0.0.1:4455/api/websocket)
[2026-02-11 13:37:19.848 DBG] OBS-Websocket5 :: Disconnected
[2026-02-11 13:37:19.848 DBG] OBS :: Disconnected from OBS (127.0.0.1:4455)
[2026-02-11 13:37:49.015 DBG] ViewerRepo :: UpdatePresence(twitch, 5), 0.0289ms
[2026-02-11 13:37:49.112 DBG] TwitchService :: Presence Timer :: Artificially updated presence with a threshold of 5 minutes (96.8072ms)
[2026-02-11 13:37:49.853 DBG] OBS :: Retrying obs connection to OBS (127.0.0.1:4455)
[2026-02-11 13:37:49.853 DBG] OBS :: Opening websocket connection to OBS (127.0.0.1:4455)
[2026-02-11 13:37:49.853 DBG] OBS-Websocket5 :: Opening connection (ws://127.0.0.1:4455/api/websocket)
[2026-02-11 13:37:51.908 DBG] OBS-Websocket5 :: Disconnected
[2026-02-11 13:37:51.908 DBG] OBS :: Disconnected from OBS (127.0.0.1:4455)
[2026-02-11 13:38:21.912 DBG] OBS :: Retrying obs connection to OBS (127.0.0.1:4455)
[2026-02-11 13:38:21.912 DBG] OBS :: Opening websocket connection to OBS (127.0.0.1:4455)
[2026-02-11 13:38:21.912 DBG] OBS-Websocket5 :: Opening connection (ws://127.0.0.1:4455/api/websocket)
[2026-02-11 13:38:23.939 DBG] OBS-Websocket5 :: Disconnected
[2026-02-11 13:38:23.939 DBG] OBS :: Disconnected from OBS (127.0.0.1:4455)
[2026-02-11 13:38:28.770 DBG] Credits :: Time to save 16.9335ms
[2026-02-11 13:38:49.027 DBG] ViewerRepo :: UpdatePresence(twitch, 5), 0.0298ms
[2026-02-11 13:38:49.127 DBG] TwitchService :: Presence Timer :: Artificially updated presence with a threshold of 5 minutes (100.2512ms)
[2026-02-11 13:38:53.943 DBG] OBS :: Retrying obs connection to OBS (127.0.0.1:4455)
[2026-02-11 13:38:53.943 DBG] OBS :: Opening websocket connection to OBS (127.0.0.1:4455)
[2026-02-11 13:38:53.943 DBG] OBS-Websocket5 :: Opening connection (ws://127.0.0.1:4455/api/websocket)
[2026-02-11 13:38:55.972 DBG] OBS-Websocket5 :: Disconnected
[2026-02-11 13:38:55.972 DBG] OBS :: Disconnected from OBS (127.0.0.1:4455)
[2026-02-11 13:39:25.973 DBG] OBS :: Retrying obs connection to OBS (127.0.0.1:4455)
[2026-02-11 13:39:25.973 DBG] OBS :: Opening websocket connection to OBS (127.0.0.1:4455)
[2026-02-11 13:39:25.973 DBG] OBS-Websocket5 :: Opening connection (ws://127.0.0.1:4455/api/websocket)
[2026-02-11 13:39:28.016 DBG] OBS-Websocket5 :: Disconnected
[2026-02-11 13:39:28.016 DBG] OBS :: Disconnected from OBS (127.0.0.1:4455)
[2026-02-11 13:39:49.040 DBG] ViewerRepo :: UpdatePresence(twitch, 5), 0.028ms
[2026-02-11 13:39:49.135 DBG] TwitchService :: Presence Timer :: Artificially updated presence with a threshold of 5 minutes (94.3906ms)
[2026-02-11 13:39:51.334 DBG] AutoSave :: Auto saving settings...
[2026-02-11 13:39:51.353 DBG] Users :: Time to save 18.405ms
[2026-02-11 13:39:51.370 DBG] Actions :: Time to save 18.0285ms
[2026-02-11 13:39:51.383 DBG] Commands :: Time to save 12.4321ms
[2026-02-11 13:39:51.394 DBG] Twitch Rewards :: Time to save 11.4337ms
[2026-02-11 13:39:51.405 DBG] Midi :: Time to save 10.2098ms
[2026-02-11 13:39:51.414 DBG] OBS Settings :: Time to save 9.5637ms
[2026-02-11 13:39:51.424 DBG] MeldStudio Settings :: Time to save 9.6986ms
[2026-02-11 13:39:51.436 DBG] Credits :: Time to save 11.3225ms
[2026-02-11 13:39:51.447 DBG] Quotes :: Time to save 11.398ms
[2026-02-11 13:39:51.551 DBG] Config :: Time to save 13.5713ms
[2026-02-11 13:39:58.028 DBG] OBS :: Retrying obs connection to OBS (127.0.0.1:4455)
[2026-02-11 13:39:58.028 DBG] OBS :: Opening websocket connection to OBS (127.0.0.1:4455)
[2026-02-11 13:39:58.028 DBG] OBS-Websocket5 :: Opening connection (ws://127.0.0.1:4455/api/websocket)
[2026-02-11 13:40:00.038 DBG] OBS-Websocket5 :: Disconnected
[2026-02-11 13:40:00.038 DBG] OBS :: Disconnected from OBS (127.0.0.1:4455)
[2026-02-11 13:40:30.044 DBG] OBS :: Retrying obs connection to OBS (127.0.0.1:4455)
[2026-02-11 13:40:30.044 DBG] OBS :: Opening websocket connection to OBS (127.0.0.1:4455)
[2026-02-11 13:40:30.044 DBG] OBS-Websocket5 :: Opening connection (ws://127.0.0.1:4455/api/websocket)
[2026-02-11 13:40:32.072 DBG] OBS-Websocket5 :: Disconnected
[2026-02-11 13:40:32.072 DBG] OBS :: Disconnected from OBS (127.0.0.1:4455)
[2026-02-11 13:40:49.052 DBG] ViewerRepo :: UpdatePresence(twitch, 5), 0.0295ms
[2026-02-11 13:40:49.151 DBG] TwitchService :: Presence Timer :: Artificially updated presence with a threshold of 5 minutes (99.2939ms)
[2026-02-11 13:41:02.085 DBG] OBS :: Retrying obs connection to OBS (127.0.0.1:4455)
[2026-02-11 13:41:02.085 DBG] OBS :: Opening websocket connection to OBS (127.0.0.1:4455)
[2026-02-11 13:41:02.085 DBG] OBS-Websocket5 :: Opening connection (ws://127.0.0.1:4455/api/websocket)
[2026-02-11 13:41:04.131 DBG] OBS-Websocket5 :: Disconnected
[2026-02-11 13:41:04.131 DBG] OBS :: Disconnected from OBS (127.0.0.1:4455)
[2026-02-11 13:41:34.158 DBG] OBS :: Retrying obs connection to OBS (127.0.0.1:4455)
[2026-02-11 13:41:34.158 DBG] OBS :: Opening websocket connection to OBS (127.0.0.1:4455)
[2026-02-11 13:41:34.158 DBG] OBS-Websocket5 :: Opening connection (ws://127.0.0.1:4455/api/websocket)
[2026-02-11 13:41:36.200 DBG] OBS-Websocket5 :: Disconnected
[2026-02-11 13:41:36.200 DBG] OBS :: Disconnected from OBS (127.0.0.1:4455)
[2026-02-11 13:41:49.077 DBG] ViewerRepo :: UpdatePresence(twitch, 5), 0.0307ms
[2026-02-11 13:41:49.173 DBG] TwitchService :: Presence Timer :: Artificially updated presence with a threshold of 5 minutes (96.7322ms)
[2026-02-11 13:42:06.215 DBG] OBS :: Retrying obs connection to OBS (127.0.0.1:4455)
[2026-02-11 13:42:06.215 DBG] OBS :: Opening websocket connection to OBS (127.0.0.1:4455)
[2026-02-11 13:42:06.215 DBG] OBS-Websocket5 :: Opening connection (ws://127.0.0.1:4455/api/websocket)
[2026-02-11 13:42:08.257 DBG] OBS-Websocket5 :: Disconnected
[2026-02-11 13:42:08.257 DBG] OBS :: Disconnected from OBS (127.0.0.1:4455)
[2026-02-11 13:42:38.263 DBG] OBS :: Retrying obs connection to OBS (127.0.0.1:4455)
[2026-02-11 13:42:38.263 DBG] OBS :: Opening websocket connection to OBS (127.0.0.1:4455)
[2026-02-11 13:42:38.263 DBG] OBS-Websocket5 :: Opening connection (ws://127.0.0.1:4455/api/websocket)
[2026-02-11 13:42:40.293 DBG] OBS-Websocket5 :: Disconnected
[2026-02-11 13:42:40.293 DBG] OBS :: Disconnected from OBS (127.0.0.1:4455)
[2026-02-11 13:42:49.090 DBG] ViewerRepo :: UpdatePresence(twitch, 5), 0.0294ms
[2026-02-11 13:42:49.180 DBG] TwitchService :: Presence Timer :: Artificially updated presence with a threshold of 5 minutes (90.7175ms)
[2026-02-11 13:43:10.302 DBG] OBS :: Retrying obs connection to OBS (127.0.0.1:4455)
[2026-02-11 13:43:10.302 DBG] OBS :: Opening websocket connection to OBS (127.0.0.1:4455)
[2026-02-11 13:43:10.302 DBG] OBS-Websocket5 :: Opening connection (ws://127.0.0.1:4455/api/websocket)
[2026-02-11 13:43:12.314 DBG] OBS-Websocket5 :: Disconnected
[2026-02-11 13:43:12.314 DBG] OBS :: Disconnected from OBS (127.0.0.1:4455)
[2026-02-11 13:43:28.773 DBG] Credits :: Time to save 14.6266ms
[2026-02-11 13:43:42.315 DBG] OBS :: Retrying obs connection to OBS (127.0.0.1:4455)
[2026-02-11 13:43:42.315 DBG] OBS :: Opening websocket connection to OBS (127.0.0.1:4455)
[2026-02-11 13:43:42.315 DBG] OBS-Websocket5 :: Opening connection (ws://127.0.0.1:4455/api/websocket)
[2026-02-11 13:43:42.320 DBG] OBS :: Connected to OBS (127.0.0.1:4455)
[2026-02-11 13:43:49.109 DBG] ViewerRepo :: UpdatePresence(twitch, 5), 0.0317ms
[2026-02-11 13:43:49.202 DBG] TwitchService :: Presence Timer :: Artificially updated presence with a threshold of 5 minutes (93.5285ms)
[2026-02-11 13:44:38.889 DBG] ActionDispatcher :: Queueing 'Sub Goal' (361aa588-5f31-4e19-b8a5-099cae52479d, TimedAction) to 'Default' (00000000-0000-0000-0000-000000000000), with 11 arguments
[2026-02-11 13:44:38.889 DBG] ActionQueue :: 'Default' (00000000-0000-0000-0000-000000000000) :: Enqueue action 361aa588-5f31-4e19-b8a5-099cae52479d
[2026-02-11 13:44:38.889 DBG] ActionQueue :: 'Default' (00000000-0000-0000-0000-000000000000) :: Handling queue
[2026-02-11 13:44:38.889 DBG] ActionQueue :: 'Default' (00000000-0000-0000-0000-000000000000) :: Performing non-blocking 'Sub Goal' (361aa588-5f31-4e19-b8a5-099cae52479d, e776ebbd-4b2c-4cd5-a021-e4bd4cc71305)
[2026-02-11 13:44:49.110 DBG] ViewerRepo :: UpdatePresence(twitch, 5), 0.0318ms
[2026-02-11 13:44:49.213 DBG] TwitchService :: Presence Timer :: Artificially updated presence with a threshold of 5 minutes (103.3706ms)
[2026-02-11 13:44:51.532 DBG] AutoSave :: Auto saving settings...
[2026-02-11 13:44:51.552 DBG] Users :: Time to save 20.2462ms
[2026-02-11 13:44:51.572 DBG] Actions :: Time to save 20.5801ms
[2026-02-11 13:44:51.590 DBG] Commands :: Time to save 16.6967ms
[2026-02-11 13:44:51.605 DBG] Twitch Rewards :: Time to save 15.724ms
[2026-02-11 13:44:51.619 DBG] Midi :: Time to save 13.5168ms
[2026-02-11 13:44:51.631 DBG] OBS Settings :: Time to save 12.3874ms
[2026-02-11 13:44:51.642 DBG] MeldStudio Settings :: Time to save 11.0565ms
[2026-02-11 13:44:51.654 DBG] Credits :: Time to save 11.6129ms
[2026-02-11 13:44:51.670 DBG] Quotes :: Time to save 15.5131ms
[2026-02-11 13:44:51.751 DBG] Config :: Time to save 14.2545ms
[2026-02-11 13:45:49.116 DBG] ViewerRepo :: UpdatePresence(twitch, 5), 0.0323ms
[2026-02-11 13:45:49.214 DBG] TwitchService :: Presence Timer :: Artificially updated presence with a threshold of 5 minutes (98.9162ms)
[2026-02-11 13:46:49.121 DBG] ViewerRepo :: UpdatePresence(twitch, 5), 0.0309ms
[2026-02-11 13:46:49.215 DBG] TwitchService :: Presence Timer :: Artificially updated presence with a threshold of 5 minutes (94.5626ms)
[2026-02-11 13:47:49.129 DBG] ViewerRepo :: UpdatePresence(twitch, 5), 0.0312ms
[2026-02-11 13:47:49.225 DBG] TwitchService :: Presence Timer :: Artificially updated presence with a threshold of 5 minutes (96.7142ms)
[2026-02-11 13:48:28.782 DBG] Credits :: Time to save 13.0388ms
[2026-02-11 13:48:47.266 DBG] ActionDispatcher :: Queueing 'Enable Rads' (a6f39ad9-e4df-4cc5-8d10-46e610fa0067, ObsSceneChanged) to 'Default' (00000000-0000-0000-0000-000000000000), with 15 arguments
[2026-02-11 13:48:47.266 DBG] ActionQueue :: 'Default' (00000000-0000-0000-0000-000000000000) :: Enqueue action a6f39ad9-e4df-4cc5-8d10-46e610fa0067
[2026-02-11 13:48:47.266 DBG] ActionQueue :: 'Default' (00000000-0000-0000-0000-000000000000) :: Handling queue
[2026-02-11 13:48:47.266 DBG] ActionQueue :: 'Default' (00000000-0000-0000-0000-000000000000) :: Performing non-blocking 'Enable Rads' (a6f39ad9-e4df-4cc5-8d10-46e610fa0067, 16a1cb0d-fc6d-4cc3-99b2-1c5e01a2f0ad)
[2026-02-11 13:48:49.135 DBG] ViewerRepo :: UpdatePresence(twitch, 5), 0.032ms
[2026-02-11 13:48:49.236 DBG] TwitchService :: Presence Timer :: Artificially updated presence with a threshold of 5 minutes (101.1919ms)
[2026-02-11 13:49:49.141 DBG] ViewerRepo :: UpdatePresence(twitch, 5), 0.046ms
[2026-02-11 13:49:49.234 DBG] TwitchService :: Presence Timer :: Artificially updated presence with a threshold of 5 minutes (92.9611ms)
[2026-02-11 13:49:51.746 DBG] AutoSave :: Auto saving settings...
[2026-02-11 13:49:51.761 DBG] Users :: Time to save 15.8531ms
[2026-02-11 13:49:51.783 DBG] Actions :: Time to save 21.6448ms
[2026-02-11 13:49:51.801 DBG] Commands :: Time to save 17.6648ms
[2026-02-11 13:49:51.814 DBG] Twitch Rewards :: Time to save 13.7767ms
[2026-02-11 13:49:51.826 DBG] Midi :: Time to save 11.9232ms
[2026-02-11 13:49:51.844 DBG] OBS Settings :: Time to save 16.9693ms
[2026-02-11 13:49:51.856 DBG] MeldStudio Settings :: Time to save 12.854ms
[2026-02-11 13:49:51.872 DBG] Credits :: Time to save 15.9687ms
[2026-02-11 13:49:51.889 DBG] Quotes :: Time to save 16.5014ms
[2026-02-11 13:49:51.971 DBG] Config :: Time to save 20.0545ms
[2026-02-11 13:50:49.144 DBG] ViewerRepo :: UpdatePresence(twitch, 5), 0.0322ms
[2026-02-11 13:50:49.242 DBG] TwitchService :: Presence Timer :: Artificially updated presence with a threshold of 5 minutes (97.6994ms)
[2026-02-11 13:51:49.163 DBG] ViewerRepo :: UpdatePresence(twitch, 5), 0.0327ms
[2026-02-11 13:51:49.262 DBG] TwitchService :: Presence Timer :: Artificially updated presence with a threshold of 5 minutes (98.9585ms)
[2026-02-11 13:52:40.933 DBG] ActionDispatcher :: Queueing 'Enable Rads' (a6f39ad9-e4df-4cc5-8d10-46e610fa0067, ObsSceneChanged) to 'Default' (00000000-0000-0000-0000-000000000000), with 15 arguments
[2026-02-11 13:52:40.933 DBG] ActionQueue :: 'Default' (00000000-0000-0000-0000-000000000000) :: Enqueue action a6f39ad9-e4df-4cc5-8d10-46e610fa0067
[2026-02-11 13:52:40.933 DBG] ActionQueue :: 'Default' (00000000-0000-0000-0000-000000000000) :: Handling queue
[2026-02-11 13:52:40.933 DBG] ActionQueue :: 'Default' (00000000-0000-0000-0000-000000000000) :: Performing non-blocking 'Enable Rads' (a6f39ad9-e4df-4cc5-8d10-46e610fa0067, 3b90bb2c-d596-4a55-b9ca-7e0f242f6857)
[2026-02-11 13:52:49.179 DBG] ViewerRepo :: UpdatePresence(twitch, 5), 0.0396ms
[2026-02-11 13:52:49.275 DBG] TwitchService :: Presence Timer :: Artificially updated presence with a threshold of 5 minutes (96.1739ms)
[2026-02-11 13:53:28.792 DBG] Credits :: Time to save 13.812ms
[2026-02-11 13:53:49.182 DBG] ViewerRepo :: UpdatePresence(twitch, 5), 0.0303ms
[2026-02-11 13:53:49.277 DBG] TwitchService :: Presence Timer :: Artificially updated presence with a threshold of 5 minutes (95.7404ms)
[2026-02-11 13:54:08.538 DBG] ActionDispatcher :: Queueing 'Psychadelic' (1ecd9921-49c4-4bb7-a078-77f261c69e68, TwitchRewardRedemption) to 'Default' (00000000-0000-0000-0000-000000000000), initiated by chrism146 with 33 arguments
[2026-02-11 13:54:08.538 DBG] ActionQueue :: 'Default' (00000000-0000-0000-0000-000000000000) :: Enqueue action 1ecd9921-49c4-4bb7-a078-77f261c69e68
[2026-02-11 13:54:08.538 DBG] ActionQueue :: 'Default' (00000000-0000-0000-0000-000000000000) :: Handling queue
[2026-02-11 13:54:08.538 DBG] ActionQueue :: 'Default' (00000000-0000-0000-0000-000000000000) :: Performing non-blocking 'Psychadelic' (1ecd9921-49c4-4bb7-a078-77f261c69e68, 489e18c2-9c66-4c24-adc0-d9310d561a1a), initiated by chrism146 with 34 arguments
[2026-02-11 13:54:39.749 DBG] ActionDispatcher :: Queueing 'Sub Goal' (361aa588-5f31-4e19-b8a5-099cae52479d, TimedAction) to 'Default' (00000000-0000-0000-0000-000000000000), with 11 arguments
[2026-02-11 13:54:39.749 DBG] ActionQueue :: 'Default' (00000000-0000-0000-0000-000000000000) :: Enqueue action 361aa588-5f31-4e19-b8a5-099cae52479d
[2026-02-11 13:54:39.749 DBG] ActionQueue :: 'Default' (00000000-0000-0000-0000-000000000000) :: Handling queue
[2026-02-11 13:54:39.749 DBG] ActionQueue :: 'Default' (00000000-0000-0000-0000-000000000000) :: Performing non-blocking 'Sub Goal' (361aa588-5f31-4e19-b8a5-099cae52479d, 226930c7-b00a-4f74-b87d-1ee5a7b39ae9)
[2026-02-11 13:54:49.185 DBG] ViewerRepo :: UpdatePresence(twitch, 5), 0.0427ms
[2026-02-11 13:54:49.282 DBG] TwitchService :: Presence Timer :: Artificially updated presence with a threshold of 5 minutes (97.7928ms)
[2026-02-11 13:54:51.997 DBG] AutoSave :: Auto saving settings...
[2026-02-11 13:54:52.020 DBG] Users :: Time to save 23.4744ms
[2026-02-11 13:54:52.043 DBG] Actions :: Time to save 22.4417ms
[2026-02-11 13:54:52.061 DBG] Commands :: Time to save 18.7209ms
[2026-02-11 13:54:52.077 DBG] Twitch Rewards :: Time to save 15.3816ms
[2026-02-11 13:54:52.093 DBG] Midi :: Time to save 15.9653ms
[2026-02-11 13:54:52.109 DBG] OBS Settings :: Time to save 15.8943ms
[2026-02-11 13:54:52.125 DBG] MeldStudio Settings :: Time to save 15.8249ms
[2026-02-11 13:54:52.141 DBG] Credits :: Time to save 16.1368ms
[2026-02-11 13:54:52.160 DBG] Quotes :: Time to save 19.081ms
[2026-02-11 13:54:52.219 DBG] Config :: Time to save 18.1026ms
[2026-02-11 13:55:49.199 DBG] ViewerRepo :: UpdatePresence(twitch, 5), 0.0305ms
[2026-02-11 13:55:49.290 DBG] TwitchService :: Presence Timer :: Artificially updated presence with a threshold of 5 minutes (91.4869ms)
[2026-02-11 13:56:49.202 DBG] ViewerRepo :: UpdatePresence(twitch, 5), 0.0321ms
[2026-02-11 13:56:49.297 DBG] TwitchService :: Presence Timer :: Artificially updated presence with a threshold of 5 minutes (95.821ms)
[2026-02-11 13:57:26.105 DBG] Users :: Time to save 16.1338ms
[2026-02-11 13:57:26.123 DBG] Actions :: Time to save 18.4878ms
[2026-02-11 13:57:26.137 DBG] Commands :: Time to save 13.8597ms
[2026-02-11 13:57:26.150 DBG] Twitch Rewards :: Time to save 13.115ms
[2026-02-11 13:57:26.161 DBG] Midi :: Time to save 11.1091ms
[2026-02-11 13:57:26.173 DBG] OBS Settings :: Time to save 12.1778ms
[2026-02-11 13:57:26.186 DBG] MeldStudio Settings :: Time to save 11.7978ms
[2026-02-11 13:57:26.197 DBG] Credits :: Time to save 12.2843ms
[2026-02-11 13:57:26.211 DBG] Quotes :: Time to save 13.4236ms
[2026-02-11 13:57:26.230 INF] Shutting down...
[2026-02-11 13:57:26.320 INF] Closing services...
[2026-02-11 13:57:26.320 DBG] UsbRemovalWatcher :: Disposed
[2026-02-11 13:57:26.321 DBG] ProcessWatcher :: Disposed
[2026-02-11 13:57:26.322 DBG] ProcessWatcher :: Disposed
[2026-02-11 13:57:26.326 DBG] Events Service :: Shutting down event queue thread
[2026-02-11 13:57:26.326 DBG] Events Service :: Shutting down application event queue thread
[2026-02-11 13:57:26.326 DBG] Events Service :: Shutting down raw event queue thread
[2026-02-11 13:57:26.329 DBG] Config :: Time to save 25.0397ms
[2026-02-11 13:57:26.333 DBG] DonorDrive :: Stopping service
[2026-02-11 13:57:26.334 DBG] Http Listener :: Channel is not active
[2026-02-11 13:57:26.334 DBG] Websocket Server :: Stopping server
[2026-02-11 13:57:26.335 DBG] MIDI Service :: Stopping service
[2026-02-11 13:57:26.347 DBG] OBS Service :: Stopping service
[2026-02-11 13:57:26.352 DBG] FileTailDaemon :: Waiting for file tails to shut down
[2026-02-11 13:57:26.354 DBG] MIDI Service :: Shutting down event thread
[2026-02-11 13:57:26.354 DBG] Websocket Server :: Shutting down queue thread
[2026-02-11 13:57:26.354 DBG] Websocket Server :: Shutting down command queue thread
[2026-02-11 13:57:26.367 DBG] SLOBS Service :: Stopping service
[2026-02-11 13:57:26.369 DBG] ActionDispatcher :: Shutting down action queues
[2026-02-11 13:57:26.371 INF] InlineCode :: Cleaning up '11' execute code instances
[2026-02-11 13:57:26.375 DBG] Websocket Client :: Disconnecting from all connected clients
[2026-02-11 13:57:26.377 DBG] FileWatcherDaemon :: Waiting for file watchers to shut down
[2026-02-11 13:57:26.379 DBG] ActionQueue :: Shutting down queue 00000000-0000-0000-0000-000000000000 thread
[2026-02-11 13:57:26.379 DBG] ActionQueue :: Shutting down queue b010a7bd-2056-4238-9302-fad378219231 thread
[2026-02-11 13:57:26.379 DBG] ActionQueue :: Shutting down queue 8c6ed466-566c-4b26-93c9-9338de27fff4 thread
[2026-02-11 13:57:26.379 DBG] ActionQueue :: Shutting down queue e0693c07-e52a-4914-a5b9-5a5a01e74b15 thread
[2026-02-11 13:57:26.379 DBG] ActionQueue :: Shutting down queue 1955c224-a7c9-41c0-9077-40868553d18a thread
[2026-02-11 13:57:26.379 DBG] ActionQueue :: Shutting down queue f5b88e4c-33be-41a6-a453-02af0b6c4fc3 thread
[2026-02-11 13:57:26.379 DBG] ActionQueue :: Shutting down queue ae5d9109-9a6d-4e18-97f5-21a70b15dd8b thread
[2026-02-11 13:57:26.381 DBG] InlineCode :: Unloading 'xdc26992a6f34746afcd181a1aa2afdb'
[2026-02-11 13:57:26.382 DBG] Websocket Custom Server :: Stopping all servers
[2026-02-11 13:57:26.383 DBG] Websocket Server (Godot Websocket) :: Stopping server
[2026-02-11 13:57:26.383 DBG] Websocket Server (Godot Websocket) :: Shutting down message queue thread
[2026-02-11 13:57:26.386 DBG] SpeechToText :: Disposing recognition engine
[2026-02-11 13:57:26.386 DBG] SpeechToText :: Shutting down queue thread
[2026-02-11 13:57:26.387 DBG] OBS :: Disconnecting from OBS (127.0.0.1:4455)
[2026-02-11 13:57:26.393 DBG] OBS-Websocket5 :: Disconnected
[2026-02-11 13:57:26.393 DBG] OBS :: Disconnected from OBS (127.0.0.1:4455)
[2026-02-11 13:57:26.393 DBG] Twitch (Broadcaster) :: Disconnected
[2026-02-11 13:57:26.393 DBG] OBS Service :: Shutting down event thread
[2026-02-11 13:57:26.395 INF] TwitchService :: Disconnected from Broadcaster Chat Client
[2026-02-11 13:57:26.422 DBG] InlineCode :: Unloading 'r4eef16e4f254fb88cb04782aa2f8c42'
[2026-02-11 13:57:26.437 DBG] MeldStudio Service :: Stopping service
[2026-02-11 13:57:26.437 DBG] Streamer.bot Website Socket :: Disconnected
[2026-02-11 13:57:26.437 INF] Streamer.bot Service :: Disconnected from Website Client
[2026-02-11 13:57:26.441 DBG] MeldStudio Service :: Shutting down event thread
[2026-02-11 13:57:26.491 DBG] InlineCode :: Unloading 'n93937f5eaa64d5193f3c48ce7393010'
[2026-02-11 13:57:26.528 DBG] StreamElements Socket :: Disconnected
[2026-02-11 13:57:26.528 INF] StreamElements Service :: Disconnected from Client
[2026-02-11 13:57:26.532 DBG] InlineCode :: Unloading 'ue47b2cc3b1d4171b34a7bbf1424b7e8'
[2026-02-11 13:57:26.557 DBG] InlineCode :: Unloading 'g2d611a95fdf4dd7ad9e7026f403b50d'
[2026-02-11 13:57:26.587 DBG] InlineCode :: Unloading 'aab42d7f260b4b829b919cafc9e30e20'
[2026-02-11 13:57:26.619 DBG] InlineCode :: Unloading 'j8ca87ea79014ad38fa845cc6fea9aad'
[2026-02-11 13:57:26.633 DBG] InlineCode :: Unloading 'pe552aac2e02471ba83e4bcbdfc2fff5'
[2026-02-11 13:57:26.887 DBG] InlineCode :: Unloading 'u34f164ae8204179a77afeabc91d5ffb'
[2026-02-11 13:57:26.887 DBG] Twitch EventSub (Broadcaster) :: Disconnected
[2026-02-11 13:57:26.887 INF] TwitchService :: Disconnected from Broadcaster EventSub
[2026-02-11 13:57:26.931 DBG] InlineCode :: Unloading 'oa6206031fa94c95b5344342c2387ed3'
[2026-02-11 13:57:26.975 DBG] InlineCode :: Unloading 'xd53557ffc034ca68e5dc1282632cd27'
[2026-02-11 13:57:26.979 INF] BTTV :: WebSocket Disconnected
[2026-02-11 13:57:27.057 DBG] InlineCode :: Cleaned up execute code instances
[2026-02-11 13:57:27.201 DBG] Twitch EventSub (Bot) :: Disconnected
[2026-02-11 13:57:27.201 INF] TwitchService :: Disconnected from Bot EventSub
[2026-02-11 13:57:27.283 DBG] Users :: Time to save 21.6921ms
[2026-02-11 13:57:27.284 DBG] Commands :: Time to save 21.6805ms
[2026-02-11 13:57:27.284 DBG] Quotes :: Time to save 23.0583ms
[2026-02-11 13:57:27.284 DBG] MeldStudio Settings :: Time to save 22.3249ms
[2026-02-11 13:57:27.285 DBG] Midi :: Time to save 21.8053ms
[2026-02-11 13:57:27.285 DBG] OBS Settings :: Time to save 23.0041ms
[2026-02-11 13:57:27.285 DBG] Twitch Rewards :: Time to save 22.5722ms
[2026-02-11 13:57:27.287 DBG] Config :: Time to save 25.3435ms
[2026-02-11 13:57:27.287 DBG] Credits :: Time to save 25.0697ms
[2026-02-11 13:57:27.303 DBG] Actions :: Time to save 42.2298ms
[2026-02-11 13:57:27.315 INF] Streamer.bot exited
[2026-02-11 13:58:46.607 INF] Streamer.bot (1.0.4)
[2026-02-11 13:58:46.610 INF] Startup Path: C:\Users\littl\Documents\GitHub\AtomSmasherStreamerbot
[2026-02-11 13:58:46.610 INF] Startup Args: 
[2026-02-11 13:58:46.610 INF] Startup Mode: UI
[2026-02-11 13:58:46.610 INF] Logging Level: Debug
[2026-02-11 13:58:46.611 INF] Instance Id: 06fed1eb-4928-42ca-9057-06594f534c13
[2026-02-11 13:58:46.611 INF] Instance Name: Streamer.bot
[2026-02-11 13:58:46.611 INF] Operating System: Windows
[2026-02-11 13:58:46.611 INF] UserInteractive: True
[2026-02-11 13:58:46.611 INF] WebView2: Found (v144.0.3719.115)
[2026-02-11 13:58:46.618 INF] Backing up data files
[2026-02-11 13:58:46.752 INF] Loading config
[2026-02-11 13:58:47.330 INF] Users :: Upgrade checks finished, 4.1392ms
[2026-02-11 13:58:47.346 DBG] Users :: Loaded 166 users.
[2026-02-11 13:58:47.392 DBG] Twitch Rewards :: Loaded 24 rewards.
[2026-02-11 13:58:49.595 DBG] Actions :: Loaded 136 actions.
[2026-02-11 13:58:49.601 DBG] OBS Settings :: Loaded.
[2026-02-11 13:58:49.605 DBG] MeldStudio Settings :: Loaded.
[2026-02-11 13:58:49.627 DBG] Commands :: Loaded 44 commands.
[2026-02-11 13:58:49.731 DBG] MIDI :: Loaded 0 actions.
[2026-02-11 13:58:50.492 INF] Streamer.bot Service :: Logging into account
[2026-02-11 13:58:50.589 INF] Streamer.bot Service :: Account (firehair) authenticated
[2026-02-11 13:58:52.988 DBG] Events Service :: Starting event queue thread
[2026-02-11 13:58:52.988 DBG] Events Service :: Starting raw event queue thread
[2026-02-11 13:58:52.988 DBG] Events Service :: Starting application event queue thread
[2026-02-11 13:58:52.992 DBG] Trigger Service :: Initialized
[2026-02-11 13:58:52.997 DBG] ActionQueue :: Starting queue 00000000-0000-0000-0000-000000000000 thread
[2026-02-11 13:58:52.998 DBG] ActionQueue :: Starting queue b010a7bd-2056-4238-9302-fad378219231 thread
[2026-02-11 13:58:52.998 DBG] ActionQueue :: Starting queue 8c6ed466-566c-4b26-93c9-9338de27fff4 thread
[2026-02-11 13:58:52.998 DBG] ActionQueue :: Starting queue e0693c07-e52a-4914-a5b9-5a5a01e74b15 thread
[2026-02-11 13:58:52.998 DBG] ActionQueue :: Starting queue 1955c224-a7c9-41c0-9077-40868553d18a thread
[2026-02-11 13:58:52.998 DBG] ActionQueue :: Starting queue f5b88e4c-33be-41a6-a453-02af0b6c4fc3 thread
[2026-02-11 13:58:52.998 DBG] ActionQueue :: Starting queue ae5d9109-9a6d-4e18-97f5-21a70b15dd8b thread
[2026-02-11 13:58:53.004 DBG] Quotes :: Loaded 8 quotes.
[2026-02-11 13:58:53.089 DBG] Viewers :: 8.8795ms to populate view model
[2026-02-11 13:58:53.414 INF] Streamer.bot Service :: Connecting to Website Client
[2026-02-11 13:58:53.417 DBG] Streamer.bot Website Socket :: Opening connection
[2026-02-11 13:58:53.426 DBG] OBS Service :: Starting event thread
[2026-02-11 13:58:53.426 DBG] MeldStudio Service :: Starting event thread
[2026-02-11 13:58:53.432 DBG] TwitchService :: Initializing
[2026-02-11 13:58:53.439 DBG] TwitchService :: Logging into Broadcaster account
[2026-02-11 13:58:53.445 DBG] OBS :: Opening websocket connection to OBS (127.0.0.1:4455)
[2026-02-11 13:58:53.445 DBG] TwitchService :: Logging into Bot account
[2026-02-11 13:58:53.447 DBG] OBS-Websocket5 :: Opening connection (ws://127.0.0.1:4455/api/websocket)
[2026-02-11 13:58:53.450 DBG] Websocket Client :: Auto connecting to clients
[2026-02-11 13:58:53.451 DBG] Websocket Custom Server :: Auto starting servers
[2026-02-11 13:58:53.452 DBG] Websocket Server :: Starting server (ws://127.0.0.1:8080)
[2026-02-11 13:58:53.453 DBG] Websocket Server (Godot Websocket) :: Starting server (ws://127.0.0.1:9090/)
[2026-02-11 13:58:53.456 DBG] Websocket Server :: Starting queue thread
[2026-02-11 13:58:53.456 DBG] Websocket Server (Godot Websocket) :: Starting message queue thread
[2026-02-11 13:58:53.458 DBG] Websocket Server :: Starting command queue thread
[2026-02-11 13:58:53.466 INF] MIDI Service :: Initializing 0 MIDI devices
[2026-02-11 13:58:53.469 INF] SpeechToText :: Initializing recognition engine
[2026-02-11 13:58:53.469 DBG] MIDI Service :: Starting event thread
[2026-02-11 13:58:53.472 DBG] UsbRemovalWatcher :: Disposed
[2026-02-11 13:58:53.472 INF] Input Service: Found 3 valid key inputs.
[2026-02-11 13:58:53.586 DBG] OBS :: Connected to OBS (127.0.0.1:4455)
[2026-02-11 13:58:53.637 DBG] SpeechToText :: Starting recognition engine
[2026-02-11 13:58:53.638 DBG] SpeechToText :: Starting queue thread
[2026-02-11 13:58:53.723 INF] Streamer.bot Service :: Website Client authenticated
[2026-02-11 13:58:53.724 INF] Streamer.bot Service :: Connected to Website Client
[2026-02-11 13:58:53.899 INF] TwitchService :: Fetching Broadcaster account information
[2026-02-11 13:58:53.916 INF] TwitchService :: Fetching Bot account information
[2026-02-11 13:58:53.931 INF] StreamElements :: Logging into account
[2026-02-11 13:58:54.005 INF] TwitchService :: Broadcaster account (atomsmasher101) authenticated
[2026-02-11 13:58:54.005 INF] TwitchService :: Bot account (atomsmasherbot) authenticated
[2026-02-11 13:58:54.007 INF] TwitchService :: Connecting to Bot EventSub
[2026-02-11 13:58:54.013 DBG] Twitch EventSub (Bot) :: Opening connection
[2026-02-11 13:58:54.050 INF] StreamElements :: Account (atomsmasher101) authenticated
[2026-02-11 13:58:54.052 INF] StreamElements Service :: Connecting to Client
[2026-02-11 13:58:54.054 DBG] StreamElements Socket :: Opening connection
[2026-02-11 13:58:54.076 DBG] Twitch Service :: Initializing Third Party Emote Handlers
[2026-02-11 13:58:54.077 DBG] Twitch Service :: Init rest
[2026-02-11 13:58:54.080 INF] 7TV :: Initializing user '50822403', on twitch
[2026-02-11 13:58:54.087 INF] BTTV :: Initializing user '50822403', on twitch
[2026-02-11 13:58:54.090 INF] BetterTTV.Socket :: Connecting to BTTV WebSocket, monitoring for changes for user '50822403' on twitch
[2026-02-11 13:58:54.096 INF] FFZ :: Initializing user 'atomsmasher101' (50822403), on twitch
[2026-02-11 13:58:54.140 INF] BTTV :: Loaded 65 global emotes
[2026-02-11 13:58:54.192 DBG] Twitch EventSub (Bot) :: Subscribing to 1 events
[2026-02-11 13:58:54.205 INF] FFZ :: Loaded 15 global emotes
[2026-02-11 13:58:54.223 ERR] BTTV :: Response error NotFound from BTTV channel endpoint.
[2026-02-11 13:58:54.264 DBG] Twitch Service :: Loaded 33 Twitch cheer emotes
[2026-02-11 13:58:54.282 WRN] FFZ :: Room not found, user does not have channel emotes configured.
[2026-02-11 13:58:54.282 INF] FFZ :: Loaded 0 channel emotes
[2026-02-11 13:58:54.300 DBG] Twitch Service :: Loaded 220 Twitch badges
[2026-02-11 13:58:54.377 INF] BTTV :: WebSocket Connected
[2026-02-11 13:58:54.405 DBG] Twitch Rewards :: Time to save 21.7431ms
[2026-02-11 13:58:54.420 INF] StreamElements Service :: Connected to Client
[2026-02-11 13:58:54.423 INF] TwitchService :: Connected to Bot EventSub, and authenticated
[2026-02-11 13:58:55.077 INF] 7TV :: Loaded 44 global emotes
[2026-02-11 13:58:55.251 ERR] 7TV :: Response error NotFound from 7TV channel endpoint.
[2026-02-11 13:58:55.395 DBG] Twitch Service :: Loaded 639 Twitch user emotes
[2026-02-11 13:58:55.607 DBG] Getting viewers for channel "atomsmasher101" (4)
[2026-02-11 13:58:55.608 DBG] Twitch Service :: Fetched viewers for channel (4)
[2026-02-11 13:58:55.612 DBG] Twitch Service :: (4) - Existing: 4, New Users: 0 (3.2013ms)
[2026-02-11 13:58:55.612 DBG] Twitch Service :: Viewers init in 213.9015ms
[2026-02-11 13:58:55.614 DBG] Twitch Service :: Loading editors for channel atomsmasher101
[2026-02-11 13:58:55.680 DBG] Twitch Service :: Found 7 editors for channel atomsmasher101
[2026-02-11 13:58:55.857 INF] Twitch Service :: Found 13 Moderators for the channel atomsmasher101
[2026-02-11 13:58:56.018 INF] Twitch Service :: Found 18 VIPs for the channel atomsmasher101
[2026-02-11 13:58:56.022 DBG] ViewerRepo :: Time to update mods and VIPs, 1.0699ms (nm: 0, em: 1, nv: 0, ev: 0, ru: 1)
[2026-02-11 13:58:56.022 DBG] Twitch Service :: Time to update/add mods and vips for the channel atomsmasher101, 339.7453ms
[2026-02-11 13:58:56.024 DBG] Twitch Service :: Loading subscribers for atomsmasher101
[2026-02-11 13:58:56.282 DBG] Twitch Service :: "AtomSmasher101" has 12 subscriptions.
[2026-02-11 13:58:56.317 INF] TwitchService :: Connecting to Broadcaster Chat Client
[2026-02-11 13:58:56.322 INF] TwitchService :: Connecting to Broadcaster EventSub
[2026-02-11 13:58:56.322 DBG] Twitch EventSub (Broadcaster) :: Opening connection
[2026-02-11 13:58:56.392 DBG] Twitch (Broadcaster) :: Opening connection
[2026-02-11 13:58:56.440 DBG] Twitch EventSub (Broadcaster) :: Subscribing to 56 events
[2026-02-11 13:58:56.475 DBG] Twitch (Broadcaster) :: Connected to irc.chat.twitch.tv:6697 (44.237.40.50:6697)
[2026-02-11 13:58:56.475 DBG] Twitch (Broadcaster) :: Negotiating SSL stream with irc.chat.twitch.tv
[2026-02-11 13:58:56.625 DBG] Twitch (Broadcaster) :: Twitch Client Socket opened
[2026-02-11 13:58:56.756 DBG] Twitch (Broadcaster) :: Listening and Authenticated
[2026-02-11 13:58:56.760 DBG] Twitch (Broadcaster) :: Joining chanel #atomsmasher101
[2026-02-11 13:58:56.762 INF] TwitchService :: Connected to Broadcaster Chat Client
[2026-02-11 13:59:01.517 INF] TwitchService :: Connected to Broadcaster EventSub, and authenticated
[2026-02-11 13:59:42.609 DBG] Users :: Time to save 17.3105ms
[2026-02-11 13:59:42.710 DBG] Actions :: Time to save 99.6433ms
[2026-02-11 13:59:42.730 DBG] Commands :: Time to save 17.8858ms
[2026-02-11 13:59:42.745 DBG] Twitch Rewards :: Time to save 15.2803ms
[2026-02-11 13:59:42.761 DBG] Midi :: Time to save 14.0836ms
[2026-02-11 13:59:42.777 DBG] OBS Settings :: Time to save 14.0551ms
[2026-02-11 13:59:42.792 DBG] MeldStudio Settings :: Time to save 13.849ms
[2026-02-11 13:59:42.815 DBG] Credits :: Time to save 19.3366ms
[2026-02-11 13:59:42.831 DBG] Quotes :: Time to save 14.6863ms
[2026-02-11 13:59:42.840 INF] Shutting down...
[2026-02-11 13:59:42.883 DBG] Config :: Time to save 78.1412ms
[2026-02-11 13:59:42.896 INF] Closing services...
[2026-02-11 13:59:42.896 DBG] UsbRemovalWatcher :: Disposed
[2026-02-11 13:59:42.897 DBG] ProcessWatcher :: Disposed
[2026-02-11 13:59:42.897 DBG] ProcessWatcher :: Disposed
[2026-02-11 13:59:42.901 DBG] Events Service :: Shutting down event queue thread
[2026-02-11 13:59:42.901 DBG] Events Service :: Shutting down application event queue thread
[2026-02-11 13:59:42.901 DBG] Events Service :: Shutting down raw event queue thread
[2026-02-11 13:59:42.923 DBG] Http Listener :: Channel is not active
[2026-02-11 13:59:42.927 DBG] DonorDrive :: Stopping service
[2026-02-11 13:59:42.928 DBG] MIDI Service :: Stopping service
[2026-02-11 13:59:42.929 DBG] OBS Service :: Stopping service
[2026-02-11 13:59:42.931 DBG] SLOBS Service :: Stopping service
[2026-02-11 13:59:42.932 DBG] ActionDispatcher :: Shutting down action queues
[2026-02-11 13:59:42.942 DBG] FileWatcherDaemon :: Waiting for file watchers to shut down
[2026-02-11 13:59:42.943 DBG] ActionQueue :: Shutting down queue 00000000-0000-0000-0000-000000000000 thread
[2026-02-11 13:59:42.943 DBG] ActionQueue :: Shutting down queue b010a7bd-2056-4238-9302-fad378219231 thread
[2026-02-11 13:59:42.943 DBG] ActionQueue :: Shutting down queue 8c6ed466-566c-4b26-93c9-9338de27fff4 thread
[2026-02-11 13:59:42.943 DBG] ActionQueue :: Shutting down queue e0693c07-e52a-4914-a5b9-5a5a01e74b15 thread
[2026-02-11 13:59:42.943 DBG] ActionQueue :: Shutting down queue 1955c224-a7c9-41c0-9077-40868553d18a thread
[2026-02-11 13:59:42.943 DBG] ActionQueue :: Shutting down queue f5b88e4c-33be-41a6-a453-02af0b6c4fc3 thread
[2026-02-11 13:59:42.943 DBG] ActionQueue :: Shutting down queue ae5d9109-9a6d-4e18-97f5-21a70b15dd8b thread
[2026-02-11 13:59:42.947 DBG] MIDI Service :: Shutting down event thread
[2026-02-11 13:59:42.949 DBG] FileTailDaemon :: Waiting for file tails to shut down
[2026-02-11 13:59:42.955 INF] InlineCode :: Cleaning up '0' execute code instances
[2026-02-11 13:59:42.956 DBG] Websocket Server :: Stopping server
[2026-02-11 13:59:42.957 DBG] Websocket Server :: Shutting down command queue thread
[2026-02-11 13:59:42.957 DBG] Websocket Server :: Shutting down queue thread
[2026-02-11 13:59:42.960 DBG] OBS :: Disconnecting from OBS (127.0.0.1:4455)
[2026-02-11 13:59:42.963 DBG] SpeechToText :: Disposing recognition engine
[2026-02-11 13:59:42.963 DBG] SpeechToText :: Shutting down queue thread
[2026-02-11 13:59:42.970 DBG] InlineCode :: Cleaned up execute code instances
[2026-02-11 13:59:42.972 DBG] Twitch (Broadcaster) :: Disconnected
[2026-02-11 13:59:42.975 INF] TwitchService :: Disconnected from Broadcaster Chat Client
[2026-02-11 13:59:42.976 DBG] Websocket Client :: Disconnecting from all connected clients
[2026-02-11 13:59:42.977 DBG] Websocket Custom Server :: Stopping all servers
[2026-02-11 13:59:42.983 DBG] Websocket Server (Godot Websocket) :: Stopping server
[2026-02-11 13:59:42.983 DBG] Websocket Server (Godot Websocket) :: Shutting down message queue thread
[2026-02-11 13:59:42.990 DBG] OBS-Websocket5 :: Disconnected
[2026-02-11 13:59:42.992 DBG] OBS :: Disconnected from OBS (127.0.0.1:4455)
[2026-02-11 13:59:42.993 DBG] OBS Service :: Shutting down event thread
[2026-02-11 13:59:43.000 DBG] MeldStudio Service :: Stopping service
[2026-02-11 13:59:43.003 DBG] MeldStudio Service :: Shutting down event thread
[2026-02-11 13:59:43.016 DBG] Streamer.bot Website Socket :: Disconnected
[2026-02-11 13:59:43.019 INF] Streamer.bot Service :: Disconnected from Website Client
[2026-02-11 13:59:43.146 DBG] StreamElements Socket :: Disconnected
[2026-02-11 13:59:43.149 INF] StreamElements Service :: Disconnected from Client
[2026-02-11 13:59:43.153 DBG] Twitch EventSub (Broadcaster) :: Disconnected
[2026-02-11 13:59:43.156 INF] TwitchService :: Disconnected from Broadcaster EventSub
[2026-02-11 13:59:43.248 INF] BTTV :: WebSocket Disconnected
[2026-02-11 13:59:43.431 DBG] Twitch EventSub (Bot) :: Disconnected
[2026-02-11 13:59:43.434 INF] TwitchService :: Disconnected from Bot EventSub
[2026-02-11 13:59:43.516 DBG] Quotes :: Time to save 23.6183ms
[2026-02-11 13:59:43.516 DBG] Twitch Rewards :: Time to save 22.9983ms
[2026-02-11 13:59:43.516 DBG] Commands :: Time to save 23.4191ms
[2026-02-11 13:59:43.516 DBG] Config :: Time to save 23.1508ms
[2026-02-11 13:59:43.517 DBG] Users :: Time to save 25.4369ms
[2026-02-11 13:59:43.517 DBG] OBS Settings :: Time to save 25.5977ms
[2026-02-11 13:59:43.517 DBG] Credits :: Time to save 23.4702ms
[2026-02-11 13:59:43.517 DBG] Midi :: Time to save 24.3969ms
[2026-02-11 13:59:43.519 DBG] MeldStudio Settings :: Time to save 25.8664ms
[2026-02-11 13:59:43.530 DBG] Actions :: Time to save 38.1334ms
[2026-02-11 13:59:43.531 INF] Streamer.bot exited
[2026-02-11 14:01:30.419 INF] Streamer.bot (1.0.4)
[2026-02-11 14:01:30.421 INF] Startup Path: C:\Users\littl\Documents\GitHub\AtomSmasherStreamerbot
[2026-02-11 14:01:30.421 INF] Startup Args: 
[2026-02-11 14:01:30.421 INF] Startup Mode: UI
[2026-02-11 14:01:30.422 INF] Logging Level: Debug
[2026-02-11 14:01:30.422 INF] Instance Id: 06fed1eb-4928-42ca-9057-06594f534c13
[2026-02-11 14:01:30.422 INF] Instance Name: Streamer.bot
[2026-02-11 14:01:30.422 INF] Operating System: Windows
[2026-02-11 14:01:30.422 INF] UserInteractive: True
[2026-02-11 14:01:30.422 INF] WebView2: Found (v144.0.3719.115)
[2026-02-11 14:01:30.428 INF] Backing up data files
[2026-02-11 14:01:30.559 INF] Loading config
[2026-02-11 14:01:30.827 INF] Users :: Upgrade checks finished, 4.3098ms
[2026-02-11 14:01:30.845 DBG] Users :: Loaded 166 users.
[2026-02-11 14:01:30.856 DBG] Twitch Rewards :: Loaded 24 rewards.
[2026-02-11 14:01:32.867 DBG] Actions :: Loaded 136 actions.
[2026-02-11 14:01:32.874 DBG] OBS Settings :: Loaded.
[2026-02-11 14:01:32.880 DBG] MeldStudio Settings :: Loaded.
[2026-02-11 14:01:32.905 DBG] Commands :: Loaded 44 commands.
[2026-02-11 14:01:33.007 DBG] MIDI :: Loaded 0 actions.
[2026-02-11 14:01:33.755 INF] Streamer.bot Service :: Logging into account
[2026-02-11 14:01:33.866 INF] Streamer.bot Service :: Account (firehair) authenticated
[2026-02-11 14:01:36.371 DBG] Events Service :: Starting application event queue thread
[2026-02-11 14:01:36.371 DBG] Events Service :: Starting event queue thread
[2026-02-11 14:01:36.371 DBG] Events Service :: Starting raw event queue thread
[2026-02-11 14:01:36.375 DBG] Trigger Service :: Initialized
[2026-02-11 14:01:36.380 DBG] ActionQueue :: Starting queue 00000000-0000-0000-0000-000000000000 thread
[2026-02-11 14:01:36.381 DBG] ActionQueue :: Starting queue b010a7bd-2056-4238-9302-fad378219231 thread
[2026-02-11 14:01:36.381 DBG] ActionQueue :: Starting queue 8c6ed466-566c-4b26-93c9-9338de27fff4 thread
[2026-02-11 14:01:36.381 DBG] ActionQueue :: Starting queue e0693c07-e52a-4914-a5b9-5a5a01e74b15 thread
[2026-02-11 14:01:36.381 DBG] ActionQueue :: Starting queue 1955c224-a7c9-41c0-9077-40868553d18a thread
[2026-02-11 14:01:36.381 DBG] ActionQueue :: Starting queue f5b88e4c-33be-41a6-a453-02af0b6c4fc3 thread
[2026-02-11 14:01:36.381 DBG] ActionQueue :: Starting queue ae5d9109-9a6d-4e18-97f5-21a70b15dd8b thread
[2026-02-11 14:01:36.387 DBG] Quotes :: Loaded 8 quotes.
[2026-02-11 14:01:36.480 DBG] Viewers :: 9.6053ms to populate view model
[2026-02-11 14:01:36.807 INF] Streamer.bot Service :: Connecting to Website Client
[2026-02-11 14:01:36.810 DBG] Streamer.bot Website Socket :: Opening connection
[2026-02-11 14:01:36.821 DBG] OBS Service :: Starting event thread
[2026-02-11 14:01:36.821 DBG] MeldStudio Service :: Starting event thread
[2026-02-11 14:01:36.827 DBG] TwitchService :: Initializing
[2026-02-11 14:01:36.835 DBG] TwitchService :: Logging into Broadcaster account
[2026-02-11 14:01:36.842 DBG] OBS :: Opening websocket connection to OBS (127.0.0.1:4455)
[2026-02-11 14:01:36.842 DBG] TwitchService :: Logging into Bot account
[2026-02-11 14:01:36.844 DBG] OBS-Websocket5 :: Opening connection (ws://127.0.0.1:4455/api/websocket)
[2026-02-11 14:01:36.850 DBG] Websocket Client :: Auto connecting to clients
[2026-02-11 14:01:36.850 DBG] Websocket Custom Server :: Auto starting servers
[2026-02-11 14:01:36.852 DBG] Websocket Server :: Starting server (ws://127.0.0.1:8080)
[2026-02-11 14:01:36.853 DBG] Websocket Server (Godot Websocket) :: Starting server (ws://127.0.0.1:9090/)
[2026-02-11 14:01:36.856 DBG] Websocket Server (Godot Websocket) :: Starting message queue thread
[2026-02-11 14:01:36.856 DBG] Websocket Server :: Starting queue thread
[2026-02-11 14:01:36.857 DBG] Websocket Server :: Starting command queue thread
[2026-02-11 14:01:36.864 INF] MIDI Service :: Initializing 0 MIDI devices
[2026-02-11 14:01:36.866 INF] SpeechToText :: Initializing recognition engine
[2026-02-11 14:01:36.867 DBG] MIDI Service :: Starting event thread
[2026-02-11 14:01:36.867 DBG] UsbRemovalWatcher :: Disposed
[2026-02-11 14:01:36.874 INF] Input Service: Found 3 valid key inputs.
[2026-02-11 14:01:36.979 DBG] SpeechToText :: Starting recognition engine
[2026-02-11 14:01:36.981 DBG] SpeechToText :: Starting queue thread
[2026-02-11 14:01:36.984 DBG] OBS :: Connected to OBS (127.0.0.1:4455)
[2026-02-11 14:01:37.121 INF] Streamer.bot Service :: Website Client authenticated
[2026-02-11 14:01:37.122 INF] Streamer.bot Service :: Connected to Website Client
[2026-02-11 14:01:37.165 INF] StreamElements :: Logging into account
[2026-02-11 14:01:37.290 INF] StreamElements :: Account (atomsmasher101) authenticated
[2026-02-11 14:01:37.291 INF] StreamElements Service :: Connecting to Client
[2026-02-11 14:01:37.295 DBG] StreamElements Socket :: Opening connection
[2026-02-11 14:01:37.303 INF] TwitchService :: Fetching Bot account information
[2026-02-11 14:01:37.323 INF] TwitchService :: Fetching Broadcaster account information
[2026-02-11 14:01:37.469 INF] TwitchService :: Broadcaster account (atomsmasher101) authenticated
[2026-02-11 14:01:37.469 INF] TwitchService :: Bot account (atomsmasherbot) authenticated
[2026-02-11 14:01:37.472 INF] TwitchService :: Connecting to Bot EventSub
[2026-02-11 14:01:37.477 DBG] Twitch EventSub (Bot) :: Opening connection
[2026-02-11 14:01:37.570 INF] StreamElements Service :: Connected to Client
[2026-02-11 14:01:37.595 DBG] Twitch Service :: Initializing Third Party Emote Handlers
[2026-02-11 14:01:37.597 DBG] Twitch Service :: Init rest
[2026-02-11 14:01:37.599 INF] 7TV :: Initializing user '50822403', on twitch
[2026-02-11 14:01:37.609 INF] BTTV :: Initializing user '50822403', on twitch
[2026-02-11 14:01:37.611 INF] BetterTTV.Socket :: Connecting to BTTV WebSocket, monitoring for changes for user '50822403' on twitch
[2026-02-11 14:01:37.620 INF] FFZ :: Initializing user 'atomsmasher101' (50822403), on twitch
[2026-02-11 14:01:37.665 INF] BTTV :: Loaded 65 global emotes
[2026-02-11 14:01:37.686 ERR] BTTV :: Response error NotFound from BTTV channel endpoint.
[2026-02-11 14:01:37.720 INF] FFZ :: Loaded 15 global emotes
[2026-02-11 14:01:37.740 DBG] Twitch EventSub (Bot) :: Subscribing to 1 events
[2026-02-11 14:01:37.782 WRN] FFZ :: Room not found, user does not have channel emotes configured.
[2026-02-11 14:01:37.782 INF] FFZ :: Loaded 0 channel emotes
[2026-02-11 14:01:37.907 INF] BTTV :: WebSocket Connected
[2026-02-11 14:01:37.916 DBG] Twitch Service :: Loaded 33 Twitch cheer emotes
[2026-02-11 14:01:38.009 DBG] Twitch Service :: Loaded 220 Twitch badges
[2026-02-11 14:01:38.059 DBG] Twitch Rewards :: Time to save 23.3614ms
[2026-02-11 14:01:38.135 INF] TwitchService :: Connected to Bot EventSub, and authenticated
[2026-02-11 14:01:38.630 INF] 7TV :: Loaded 44 global emotes
[2026-02-11 14:01:38.826 ERR] 7TV :: Response error NotFound from 7TV channel endpoint.
[2026-02-11 14:01:39.721 DBG] Twitch Service :: Loaded 639 Twitch user emotes
[2026-02-11 14:01:40.049 DBG] Getting viewers for channel "atomsmasher101" (4)
[2026-02-11 14:01:40.050 DBG] Twitch Service :: Fetched viewers for channel (4)
[2026-02-11 14:01:40.053 DBG] Twitch Service :: (4) - Existing: 4, New Users: 0 (3.3449ms)
[2026-02-11 14:01:40.053 DBG] Twitch Service :: Viewers init in 328.7009ms
[2026-02-11 14:01:40.056 DBG] Twitch Service :: Loading editors for channel atomsmasher101
[2026-02-11 14:01:40.157 DBG] Twitch Service :: Found 7 editors for channel atomsmasher101
[2026-02-11 14:01:40.457 INF] Twitch Service :: Found 13 Moderators for the channel atomsmasher101
[2026-02-11 14:01:40.587 INF] Twitch Service :: Found 18 VIPs for the channel atomsmasher101
[2026-02-11 14:01:40.591 DBG] ViewerRepo :: Time to update mods and VIPs, 0.8959ms (nm: 0, em: 1, nv: 0, ev: 0, ru: 1)
[2026-02-11 14:01:40.591 DBG] Twitch Service :: Time to update/add mods and vips for the channel atomsmasher101, 430.5057ms
[2026-02-11 14:01:40.593 DBG] Twitch Service :: Loading subscribers for atomsmasher101
[2026-02-11 14:01:40.852 DBG] Twitch Service :: "AtomSmasher101" has 12 subscriptions.
[2026-02-11 14:01:40.890 INF] TwitchService :: Connecting to Broadcaster Chat Client
[2026-02-11 14:01:40.895 INF] TwitchService :: Connecting to Broadcaster EventSub
[2026-02-11 14:01:40.896 DBG] Twitch EventSub (Broadcaster) :: Opening connection
[2026-02-11 14:01:41.104 DBG] Twitch EventSub (Broadcaster) :: Subscribing to 56 events
[2026-02-11 14:01:41.140 DBG] Twitch (Broadcaster) :: Opening connection
[2026-02-11 14:01:41.211 DBG] Twitch (Broadcaster) :: Connected to irc.chat.twitch.tv:6697 (44.227.173.36:6697)
[2026-02-11 14:01:41.211 DBG] Twitch (Broadcaster) :: Negotiating SSL stream with irc.chat.twitch.tv
[2026-02-11 14:01:41.327 DBG] Twitch (Broadcaster) :: Twitch Client Socket opened
[2026-02-11 14:01:41.471 DBG] Twitch (Broadcaster) :: Listening and Authenticated
[2026-02-11 14:01:41.474 DBG] Twitch (Broadcaster) :: Joining chanel #atomsmasher101
[2026-02-11 14:01:41.479 INF] TwitchService :: Connected to Broadcaster Chat Client
[2026-02-11 14:01:50.361 INF] TwitchService :: Connected to Broadcaster EventSub, and authenticated
[2026-02-11 14:02:41.347 DBG] ViewerRepo :: UpdatePresence(twitch, 5), 0.1875ms
[2026-02-11 14:02:41.443 DBG] TwitchService :: Presence Timer :: Artificially updated presence with a threshold of 5 minutes (96.5758ms)
[2026-02-11 14:03:41.359 DBG] ViewerRepo :: UpdatePresence(twitch, 5), 0.0335ms
[2026-02-11 14:03:41.454 DBG] TwitchService :: Presence Timer :: Artificially updated presence with a threshold of 5 minutes (95.3819ms)
[2026-02-11 14:03:53.742 INF] PlaySound Testing, playing 'C:\Stream Assets\Sound Effects\Flashbang - Sound Effect _ ProSounds.mp3' at 200%
[2026-02-11 14:04:41.361 DBG] ViewerRepo :: UpdatePresence(twitch, 5), 0.0324ms
[2026-02-11 14:04:41.457 DBG] TwitchService :: Presence Timer :: Artificially updated presence with a threshold of 5 minutes (96.5748ms)
[2026-02-11 14:05:41.375 DBG] ViewerRepo :: UpdatePresence(twitch, 5), 0.0388ms
[2026-02-11 14:05:41.467 DBG] TwitchService :: Presence Timer :: Artificially updated presence with a threshold of 5 minutes (92.2814ms)
[2026-02-11 14:06:33.339 DBG] Credits :: Time to save 17.0128ms
[2026-02-11 14:06:36.489 DBG] AutoSave :: Auto saving settings...
[2026-02-11 14:06:36.511 DBG] Users :: Time to save 19.7977ms
[2026-02-11 14:06:36.590 DBG] Actions :: Time to save 77.3574ms
[2026-02-11 14:06:36.609 DBG] Commands :: Time to save 17.0152ms
[2026-02-11 14:06:36.623 DBG] Twitch Rewards :: Time to save 14.5052ms
[2026-02-11 14:06:36.638 DBG] Midi :: Time to save 13.1699ms
[2026-02-11 14:06:36.655 DBG] OBS Settings :: Time to save 14.5445ms
[2026-02-11 14:06:36.669 DBG] MeldStudio Settings :: Time to save 13.9621ms
[2026-02-11 14:06:36.683 DBG] Credits :: Time to save 12.6162ms
[2026-02-11 14:06:36.702 DBG] Quotes :: Time to save 17.4094ms
[2026-02-11 14:06:36.750 DBG] Config :: Time to save 54.2837ms
[2026-02-11 14:06:41.380 DBG] ViewerRepo :: UpdatePresence(twitch, 5), 0.0412ms
[2026-02-11 14:06:41.471 DBG] TwitchService :: Presence Timer :: Artificially updated presence with a threshold of 5 minutes (92.0442ms)
[2026-02-11 14:07:41.385 DBG] ViewerRepo :: UpdatePresence(twitch, 5), 0.0579ms
[2026-02-11 14:07:41.483 DBG] TwitchService :: Presence Timer :: Artificially updated presence with a threshold of 5 minutes (98.0574ms)
[2026-02-11 14:08:41.401 DBG] ViewerRepo :: UpdatePresence(twitch, 5), 0.0451ms
[2026-02-11 14:08:41.499 DBG] TwitchService :: Presence Timer :: Artificially updated presence with a threshold of 5 minutes (99.578ms)
[2026-02-11 14:09:41.405 DBG] ViewerRepo :: UpdatePresence(twitch, 5), 0.0322ms
[2026-02-11 14:09:41.506 DBG] TwitchService :: Presence Timer :: Artificially updated presence with a threshold of 5 minutes (101.779ms)
[2026-02-11 14:09:46.425 DBG] ActionDispatcher :: Queueing 'Flashbang' (6294f14b-9334-40ac-9a84-a6db249555f6, TwitchRewardRedemption) to 'Default' (00000000-0000-0000-0000-000000000000), initiated by undeadpopshots with 33 arguments
[2026-02-11 14:09:46.429 DBG] ActionQueue :: 'Default' (00000000-0000-0000-0000-000000000000) :: Enqueue action 6294f14b-9334-40ac-9a84-a6db249555f6
[2026-02-11 14:09:46.429 DBG] ActionQueue :: 'Default' (00000000-0000-0000-0000-000000000000) :: Handling queue
[2026-02-11 14:09:46.436 DBG] ActionQueue :: 'Default' (00000000-0000-0000-0000-000000000000) :: Performing non-blocking 'Flashbang' (6294f14b-9334-40ac-9a84-a6db249555f6, a5293161-0b34-43e8-a2e1-80a1ef9e8a99), initiated by undeadpopshots with 34 arguments
[2026-02-11 14:10:05.369 DBG] ActionDispatcher :: Queueing 'Flashbang' (6294f14b-9334-40ac-9a84-a6db249555f6, TwitchRewardRedemption) to 'Default' (00000000-0000-0000-0000-000000000000), initiated by awes0men81 with 33 arguments
[2026-02-11 14:10:05.369 DBG] ActionQueue :: 'Default' (00000000-0000-0000-0000-000000000000) :: Enqueue action 6294f14b-9334-40ac-9a84-a6db249555f6
[2026-02-11 14:10:05.369 DBG] ActionQueue :: 'Default' (00000000-0000-0000-0000-000000000000) :: Handling queue
[2026-02-11 14:10:05.369 DBG] ActionQueue :: 'Default' (00000000-0000-0000-0000-000000000000) :: Performing non-blocking 'Flashbang' (6294f14b-9334-40ac-9a84-a6db249555f6, 56cd2174-4957-42a3-934f-556b3f4bb15e), initiated by awes0men81 with 34 arguments
[2026-02-11 14:10:16.961 DBG] ActionDispatcher :: Queueing 'Flashbang' (6294f14b-9334-40ac-9a84-a6db249555f6, TwitchRewardRedemption) to 'Default' (00000000-0000-0000-0000-000000000000), initiated by anotherrandomperson5345 with 33 arguments
[2026-02-11 14:10:16.961 DBG] ActionQueue :: 'Default' (00000000-0000-0000-0000-000000000000) :: Enqueue action 6294f14b-9334-40ac-9a84-a6db249555f6
[2026-02-11 14:10:16.961 DBG] ActionQueue :: 'Default' (00000000-0000-0000-0000-000000000000) :: Handling queue
[2026-02-11 14:10:16.962 DBG] ActionQueue :: 'Default' (00000000-0000-0000-0000-000000000000) :: Performing non-blocking 'Flashbang' (6294f14b-9334-40ac-9a84-a6db249555f6, 7fc23cb8-d3b1-4504-83d0-443e3b55af0e), initiated by anotherrandomperson5345 with 34 arguments
[2026-02-11 14:10:41.412 DBG] ViewerRepo :: UpdatePresence(twitch, 5), 0.0391ms
[2026-02-11 14:10:41.508 DBG] TwitchService :: Presence Timer :: Artificially updated presence with a threshold of 5 minutes (97.3965ms)
[2026-02-11 14:11:01.063 DBG] ActionDispatcher :: Queueing 'Flashbang' (6294f14b-9334-40ac-9a84-a6db249555f6, TwitchRewardRedemption) to 'Default' (00000000-0000-0000-0000-000000000000), initiated by badbxtch888 with 33 arguments
[2026-02-11 14:11:01.063 DBG] ActionQueue :: 'Default' (00000000-0000-0000-0000-000000000000) :: Enqueue action 6294f14b-9334-40ac-9a84-a6db249555f6
[2026-02-11 14:11:01.063 DBG] ActionQueue :: 'Default' (00000000-0000-0000-0000-000000000000) :: Handling queue
[2026-02-11 14:11:01.063 DBG] ActionQueue :: 'Default' (00000000-0000-0000-0000-000000000000) :: Performing non-blocking 'Flashbang' (6294f14b-9334-40ac-9a84-a6db249555f6, 59f46deb-8bad-4c93-a412-d06b42e49875), initiated by badbxtch888 with 34 arguments
[2026-02-11 14:11:13.737 DBG] ActionDispatcher :: Queueing 'Flashbang' (6294f14b-9334-40ac-9a84-a6db249555f6, TwitchRewardRedemption) to 'Default' (00000000-0000-0000-0000-000000000000), initiated by simplehero09 with 34 arguments
[2026-02-11 14:11:13.737 DBG] ActionQueue :: 'Default' (00000000-0000-0000-0000-000000000000) :: Enqueue action 6294f14b-9334-40ac-9a84-a6db249555f6
[2026-02-11 14:11:13.737 DBG] ActionQueue :: 'Default' (00000000-0000-0000-0000-000000000000) :: Handling queue
[2026-02-11 14:11:13.737 DBG] ActionQueue :: 'Default' (00000000-0000-0000-0000-000000000000) :: Performing non-blocking 'Flashbang' (6294f14b-9334-40ac-9a84-a6db249555f6, 42d3a584-c222-44c5-b7e5-ed139876a14a), initiated by simplehero09 with 35 arguments
[2026-02-11 14:11:30.764 DBG] ActionDispatcher :: Queueing 'Sub Goal' (361aa588-5f31-4e19-b8a5-099cae52479d, TimedAction) to 'Default' (00000000-0000-0000-0000-000000000000), with 11 arguments
[2026-02-11 14:11:30.764 DBG] ActionQueue :: 'Default' (00000000-0000-0000-0000-000000000000) :: Enqueue action 361aa588-5f31-4e19-b8a5-099cae52479d
[2026-02-11 14:11:30.764 DBG] ActionQueue :: 'Default' (00000000-0000-0000-0000-000000000000) :: Handling queue
[2026-02-11 14:11:30.764 DBG] ActionQueue :: 'Default' (00000000-0000-0000-0000-000000000000) :: Performing non-blocking 'Sub Goal' (361aa588-5f31-4e19-b8a5-099cae52479d, 9ff11966-6e0a-4f0f-855b-7cbfe26ac606)
[2026-02-11 14:11:33.341 DBG] Credits :: Time to save 13.7241ms
[2026-02-11 14:11:36.588 DBG] ActionDispatcher :: Queueing 'Flashbang' (6294f14b-9334-40ac-9a84-a6db249555f6, TwitchRewardRedemption) to 'Default' (00000000-0000-0000-0000-000000000000), initiated by whoviancat3 with 33 arguments
[2026-02-11 14:11:36.588 DBG] ActionQueue :: 'Default' (00000000-0000-0000-0000-000000000000) :: Enqueue action 6294f14b-9334-40ac-9a84-a6db249555f6
[2026-02-11 14:11:36.588 DBG] ActionQueue :: 'Default' (00000000-0000-0000-0000-000000000000) :: Handling queue
[2026-02-11 14:11:36.588 DBG] ActionQueue :: 'Default' (00000000-0000-0000-0000-000000000000) :: Performing non-blocking 'Flashbang' (6294f14b-9334-40ac-9a84-a6db249555f6, a93c35f3-6850-4cb0-aec6-0c9ba97ca073), initiated by whoviancat3 with 34 arguments
[2026-02-11 14:11:36.793 DBG] AutoSave :: Auto saving settings...
[2026-02-11 14:11:36.811 DBG] Users :: Time to save 18.5163ms
[2026-02-11 14:11:36.832 DBG] Actions :: Time to save 21.0272ms
[2026-02-11 14:11:36.849 DBG] Commands :: Time to save 16.4621ms
[2026-02-11 14:11:36.864 DBG] Twitch Rewards :: Time to save 14.6243ms
[2026-02-11 14:11:36.877 DBG] Midi :: Time to save 13.3972ms
[2026-02-11 14:11:36.889 DBG] OBS Settings :: Time to save 13.3433ms
[2026-02-11 14:11:36.904 DBG] MeldStudio Settings :: Time to save 13.4394ms
[2026-02-11 14:11:36.917 DBG] Credits :: Time to save 12.9571ms
[2026-02-11 14:11:36.931 DBG] Quotes :: Time to save 14.7118ms
[2026-02-11 14:11:37.012 DBG] Config :: Time to save 15.6041ms
[2026-02-11 14:11:41.439 DBG] ViewerRepo :: UpdatePresence(twitch, 5), 0.058ms
[2026-02-11 14:11:41.536 DBG] TwitchService :: Presence Timer :: Artificially updated presence with a threshold of 5 minutes (97.5532ms)
[2026-02-11 14:11:57.997 DBG] ActionDispatcher :: Queueing 'Flashbang' (6294f14b-9334-40ac-9a84-a6db249555f6, TwitchRewardRedemption) to 'Default' (00000000-0000-0000-0000-000000000000), initiated by captn0va with 33 arguments
[2026-02-11 14:11:57.997 DBG] ActionQueue :: 'Default' (00000000-0000-0000-0000-000000000000) :: Enqueue action 6294f14b-9334-40ac-9a84-a6db249555f6
[2026-02-11 14:11:57.997 DBG] ActionQueue :: 'Default' (00000000-0000-0000-0000-000000000000) :: Handling queue
[2026-02-11 14:11:57.997 DBG] ActionQueue :: 'Default' (00000000-0000-0000-0000-000000000000) :: Performing non-blocking 'Flashbang' (6294f14b-9334-40ac-9a84-a6db249555f6, 5ed56c55-9bfa-4b49-99dd-2a0a4952f095), initiated by captn0va with 34 arguments
[2026-02-11 14:12:22.479 DBG] ActionDispatcher :: Queueing 'Flashbang' (6294f14b-9334-40ac-9a84-a6db249555f6, TwitchRewardRedemption) to 'Default' (00000000-0000-0000-0000-000000000000), initiated by bk4841 with 33 arguments
[2026-02-11 14:12:22.479 DBG] ActionQueue :: 'Default' (00000000-0000-0000-0000-000000000000) :: Enqueue action 6294f14b-9334-40ac-9a84-a6db249555f6
[2026-02-11 14:12:22.479 DBG] ActionQueue :: 'Default' (00000000-0000-0000-0000-000000000000) :: Handling queue
[2026-02-11 14:12:22.479 DBG] ActionQueue :: 'Default' (00000000-0000-0000-0000-000000000000) :: Performing non-blocking 'Flashbang' (6294f14b-9334-40ac-9a84-a6db249555f6, ae8d782a-b7d8-40d2-89c4-47a026cbdef9), initiated by bk4841 with 34 arguments
[2026-02-11 14:12:34.629 DBG] Users :: Time to save 18.2449ms
[2026-02-11 14:12:34.649 DBG] Actions :: Time to save 20.2667ms
[2026-02-11 14:12:34.664 DBG] Commands :: Time to save 14.6741ms
[2026-02-11 14:12:34.679 DBG] Twitch Rewards :: Time to save 15.3295ms
[2026-02-11 14:12:34.693 DBG] Midi :: Time to save 14.1968ms
[2026-02-11 14:12:34.708 DBG] OBS Settings :: Time to save 15.0445ms
[2026-02-11 14:12:34.722 DBG] MeldStudio Settings :: Time to save 13.6265ms
[2026-02-11 14:12:34.736 DBG] Credits :: Time to save 13.0076ms
[2026-02-11 14:12:34.751 DBG] Quotes :: Time to save 15.5224ms
[2026-02-11 14:12:34.842 DBG] Config :: Time to save 17.5953ms
[2026-02-11 14:12:41.455 DBG] ViewerRepo :: UpdatePresence(twitch, 5), 0.0329ms
[2026-02-11 14:12:41.566 DBG] TwitchService :: Presence Timer :: Artificially updated presence with a threshold of 5 minutes (111.8281ms)
[2026-02-11 14:13:16.007 DBG] ActionDispatcher :: Queueing 'Close Up' (74333b77-e2fe-4e2e-a704-157e0cd40b91, TwitchRewardRedemption) to 'Default' (00000000-0000-0000-0000-000000000000), initiated by receivingforfeit with 33 arguments
[2026-02-11 14:13:16.007 DBG] ActionQueue :: 'Default' (00000000-0000-0000-0000-000000000000) :: Enqueue action 74333b77-e2fe-4e2e-a704-157e0cd40b91
[2026-02-11 14:13:16.007 DBG] ActionQueue :: 'Default' (00000000-0000-0000-0000-000000000000) :: Handling queue
[2026-02-11 14:13:16.007 DBG] ActionQueue :: 'Default' (00000000-0000-0000-0000-000000000000) :: Performing non-blocking 'Close Up' (74333b77-e2fe-4e2e-a704-157e0cd40b91, 352f4bb7-50d2-4d42-9267-dd0935c1ccb5), initiated by receivingforfeit with 34 arguments
[2026-02-11 14:13:41.459 DBG] ViewerRepo :: UpdatePresence(twitch, 5), 0.0369ms
[2026-02-11 14:13:41.552 DBG] TwitchService :: Presence Timer :: Artificially updated presence with a threshold of 5 minutes (93.8359ms)
[2026-02-11 14:14:41.466 DBG] ViewerRepo :: UpdatePresence(twitch, 5), 0.0325ms
[2026-02-11 14:14:41.565 DBG] TwitchService :: Presence Timer :: Artificially updated presence with a threshold of 5 minutes (99.3596ms)
[2026-02-11 14:15:41.478 DBG] ViewerRepo :: UpdatePresence(twitch, 5), 0.0329ms
[2026-02-11 14:15:41.574 DBG] TwitchService :: Presence Timer :: Artificially updated presence with a threshold of 5 minutes (95.7411ms)
[2026-02-11 14:16:33.339 DBG] Credits :: Time to save 13.7845ms
[2026-02-11 14:16:37.019 DBG] AutoSave :: Auto saving settings...
[2026-02-11 14:16:37.034 DBG] Users :: Time to save 15.7565ms
[2026-02-11 14:16:37.054 DBG] Actions :: Time to save 19.3973ms
[2026-02-11 14:16:37.067 DBG] Commands :: Time to save 13.496ms
[2026-02-11 14:16:37.083 DBG] Twitch Rewards :: Time to save 15.9861ms
[2026-02-11 14:16:37.095 DBG] Midi :: Time to save 11.4945ms
[2026-02-11 14:16:37.107 DBG] OBS Settings :: Time to save 12.4561ms
[2026-02-11 14:16:37.118 DBG] MeldStudio Settings :: Time to save 11.773ms
[2026-02-11 14:16:37.131 DBG] Credits :: Time to save 12.3631ms
[2026-02-11 14:16:37.144 DBG] Quotes :: Time to save 13.0971ms
[2026-02-11 14:16:37.237 DBG] Config :: Time to save 15.765ms
[2026-02-11 14:16:41.484 DBG] ViewerRepo :: UpdatePresence(twitch, 5), 0.0335ms
[2026-02-11 14:16:41.582 DBG] TwitchService :: Presence Timer :: Artificially updated presence with a threshold of 5 minutes (98.3353ms)
[2026-02-11 14:17:41.484 DBG] ViewerRepo :: UpdatePresence(twitch, 5), 0.0333ms
[2026-02-11 14:17:41.577 DBG] TwitchService :: Presence Timer :: Artificially updated presence with a threshold of 5 minutes (93.9179ms)
[2026-02-11 14:17:43.420 DBG] ActionDispatcher :: Queueing 'Psychadelic' (0ba474eb-8060-45c1-8fb1-bcfceefbf84a, TwitchRewardRedemption) to 'Default' (00000000-0000-0000-0000-000000000000), initiated by claritysnacks with 33 arguments
[2026-02-11 14:17:43.420 DBG] ActionQueue :: 'Default' (00000000-0000-0000-0000-000000000000) :: Enqueue action 0ba474eb-8060-45c1-8fb1-bcfceefbf84a
[2026-02-11 14:17:43.420 DBG] ActionQueue :: 'Default' (00000000-0000-0000-0000-000000000000) :: Handling queue
[2026-02-11 14:17:43.420 DBG] ActionQueue :: 'Default' (00000000-0000-0000-0000-000000000000) :: Performing non-blocking 'Psychadelic' (0ba474eb-8060-45c1-8fb1-bcfceefbf84a, 7a6a1c84-845f-4440-a2cb-b24c47eee223), initiated by claritysnacks with 34 arguments
[2026-02-11 14:18:41.498 DBG] ViewerRepo :: UpdatePresence(twitch, 5), 0.0314ms
[2026-02-11 14:18:41.596 DBG] TwitchService :: Presence Timer :: Artificially updated presence with a threshold of 5 minutes (97.3628ms)
[2026-02-11 14:18:50.443 DBG] ActionDispatcher :: Queueing 'Psychadelic' (0ba474eb-8060-45c1-8fb1-bcfceefbf84a, TwitchRewardRedemption) to 'Default' (00000000-0000-0000-0000-000000000000), initiated by battlezore with 33 arguments
[2026-02-11 14:18:50.443 DBG] ActionQueue :: 'Default' (00000000-0000-0000-0000-000000000000) :: Enqueue action 0ba474eb-8060-45c1-8fb1-bcfceefbf84a
[2026-02-11 14:18:50.443 DBG] ActionQueue :: 'Default' (00000000-0000-0000-0000-000000000000) :: Handling queue
[2026-02-11 14:18:50.443 DBG] ActionQueue :: 'Default' (00000000-0000-0000-0000-000000000000) :: Performing non-blocking 'Psychadelic' (0ba474eb-8060-45c1-8fb1-bcfceefbf84a, 3a2e43c4-5f19-487d-8f38-feedac88a811), initiated by battlezore with 34 arguments
[2026-02-11 14:19:41.504 DBG] ViewerRepo :: UpdatePresence(twitch, 5), 0.0445ms
[2026-02-11 14:19:41.601 DBG] TwitchService :: Presence Timer :: Artificially updated presence with a threshold of 5 minutes (96.3725ms)
[2026-02-11 14:20:14.759 DBG] ActionDispatcher :: Queueing 'Psychadelic' (0ba474eb-8060-45c1-8fb1-bcfceefbf84a, TwitchRewardRedemption) to 'Default' (00000000-0000-0000-0000-000000000000), initiated by wolfie_inc with 33 arguments
[2026-02-11 14:20:14.759 DBG] ActionQueue :: 'Default' (00000000-0000-0000-0000-000000000000) :: Enqueue action 0ba474eb-8060-45c1-8fb1-bcfceefbf84a
[2026-02-11 14:20:14.759 DBG] ActionQueue :: 'Default' (00000000-0000-0000-0000-000000000000) :: Handling queue
[2026-02-11 14:20:14.759 DBG] ActionQueue :: 'Default' (00000000-0000-0000-0000-000000000000) :: Performing non-blocking 'Psychadelic' (0ba474eb-8060-45c1-8fb1-bcfceefbf84a, d5a1f6f9-d0c1-49cc-846a-04825225247f), initiated by wolfie_inc with 34 arguments
[2026-02-11 14:20:41.519 DBG] ViewerRepo :: UpdatePresence(twitch, 5), 0.0338ms
[2026-02-11 14:20:41.616 DBG] TwitchService :: Presence Timer :: Artificially updated presence with a threshold of 5 minutes (96.4602ms)
[2026-02-11 14:21:12.426 DBG] ActionDispatcher :: Queueing 'Psychadelic' (0ba474eb-8060-45c1-8fb1-bcfceefbf84a, TwitchRewardRedemption) to 'Default' (00000000-0000-0000-0000-000000000000), initiated by recedingvariationbazyp with 33 arguments
[2026-02-11 14:21:12.426 DBG] ActionQueue :: 'Default' (00000000-0000-0000-0000-000000000000) :: Enqueue action 0ba474eb-8060-45c1-8fb1-bcfceefbf84a
[2026-02-11 14:21:12.426 DBG] ActionQueue :: 'Default' (00000000-0000-0000-0000-000000000000) :: Handling queue
[2026-02-11 14:21:12.426 DBG] ActionQueue :: 'Default' (00000000-0000-0000-0000-000000000000) :: Performing non-blocking 'Psychadelic' (0ba474eb-8060-45c1-8fb1-bcfceefbf84a, 6227809c-a380-4a26-a97c-51f73c2e6ec4), initiated by recedingvariationbazyp with 34 arguments
[2026-02-11 14:21:30.776 DBG] ActionDispatcher :: Queueing 'Sub Goal' (361aa588-5f31-4e19-b8a5-099cae52479d, TimedAction) to 'Default' (00000000-0000-0000-0000-000000000000), with 11 arguments
[2026-02-11 14:21:30.776 DBG] ActionQueue :: 'Default' (00000000-0000-0000-0000-000000000000) :: Enqueue action 361aa588-5f31-4e19-b8a5-099cae52479d
[2026-02-11 14:21:30.776 DBG] ActionQueue :: 'Default' (00000000-0000-0000-0000-000000000000) :: Handling queue
[2026-02-11 14:21:30.776 DBG] ActionQueue :: 'Default' (00000000-0000-0000-0000-000000000000) :: Performing non-blocking 'Sub Goal' (361aa588-5f31-4e19-b8a5-099cae52479d, 5f172494-53b9-41f9-b22b-7e5a2e5fbd3f)
[2026-02-11 14:21:33.348 DBG] Credits :: Time to save 19.7766ms
[2026-02-11 14:21:37.251 DBG] AutoSave :: Auto saving settings...
[2026-02-11 14:21:37.272 DBG] Users :: Time to save 20.9035ms
[2026-02-11 14:21:37.296 DBG] Actions :: Time to save 24.1902ms
[2026-02-11 14:21:37.315 DBG] Commands :: Time to save 19.2713ms
[2026-02-11 14:21:37.334 DBG] Twitch Rewards :: Time to save 18.7689ms
[2026-02-11 14:21:37.348 DBG] Midi :: Time to save 14.8511ms
[2026-02-11 14:21:37.365 DBG] OBS Settings :: Time to save 16.2328ms
[2026-02-11 14:21:37.382 DBG] MeldStudio Settings :: Time to save 16.3062ms
[2026-02-11 14:21:37.398 DBG] Credits :: Time to save 16.5758ms
[2026-02-11 14:21:37.417 DBG] Quotes :: Time to save 18.5139ms
[2026-02-11 14:21:37.476 DBG] Config :: Time to save 22.1369ms
[2026-02-11 14:21:41.521 DBG] ViewerRepo :: UpdatePresence(twitch, 5), 0.0358ms
[2026-02-11 14:21:41.613 DBG] TwitchService :: Presence Timer :: Artificially updated presence with a threshold of 5 minutes (93.0141ms)
[2026-02-11 14:22:41.533 DBG] ViewerRepo :: UpdatePresence(twitch, 5), 0.0366ms
[2026-02-11 14:22:41.627 DBG] TwitchService :: Presence Timer :: Artificially updated presence with a threshold of 5 minutes (94.0095ms)
[2026-02-11 14:23:41.539 DBG] ViewerRepo :: UpdatePresence(twitch, 5), 0.0334ms
[2026-02-11 14:23:41.636 DBG] TwitchService :: Presence Timer :: Artificially updated presence with a threshold of 5 minutes (96.2508ms)
[2026-02-11 14:24:06.469 DBG] ActionDispatcher :: Queueing 'Psychadelic' (0ba474eb-8060-45c1-8fb1-bcfceefbf84a, TwitchRewardRedemption) to 'Default' (00000000-0000-0000-0000-000000000000), initiated by sery_bot with 33 arguments
[2026-02-11 14:24:06.469 DBG] ActionQueue :: 'Default' (00000000-0000-0000-0000-000000000000) :: Enqueue action 0ba474eb-8060-45c1-8fb1-bcfceefbf84a
[2026-02-11 14:24:06.469 DBG] ActionQueue :: 'Default' (00000000-0000-0000-0000-000000000000) :: Handling queue
[2026-02-11 14:24:06.469 DBG] ActionQueue :: 'Default' (00000000-0000-0000-0000-000000000000) :: Performing non-blocking 'Psychadelic' (0ba474eb-8060-45c1-8fb1-bcfceefbf84a, 088ce3b5-6444-4d2d-9905-af55442deaa1), initiated by sery_bot with 34 arguments
[2026-02-11 14:24:41.544 DBG] ViewerRepo :: UpdatePresence(twitch, 5), 0.0489ms
[2026-02-11 14:24:41.641 DBG] TwitchService :: Presence Timer :: Artificially updated presence with a threshold of 5 minutes (97.198ms)
[2026-02-11 14:25:41.556 DBG] ViewerRepo :: UpdatePresence(twitch, 5), 0.0307ms
[2026-02-11 14:25:41.653 DBG] TwitchService :: Presence Timer :: Artificially updated presence with a threshold of 5 minutes (97.5703ms)
[2026-02-11 14:26:14.582 DBG] ActionDispatcher :: Queueing 'Psychadelic' (0ba474eb-8060-45c1-8fb1-bcfceefbf84a, TwitchRewardRedemption) to 'Default' (00000000-0000-0000-0000-000000000000), initiated by tiedyez with 33 arguments
[2026-02-11 14:26:14.582 DBG] ActionQueue :: 'Default' (00000000-0000-0000-0000-000000000000) :: Enqueue action 0ba474eb-8060-45c1-8fb1-bcfceefbf84a
[2026-02-11 14:26:14.582 DBG] ActionQueue :: 'Default' (00000000-0000-0000-0000-000000000000) :: Handling queue
[2026-02-11 14:26:14.582 DBG] ActionQueue :: 'Default' (00000000-0000-0000-0000-000000000000) :: Performing non-blocking 'Psychadelic' (0ba474eb-8060-45c1-8fb1-bcfceefbf84a, c4fcf0f9-6016-4eb5-9eec-f0e4b6b449e1), initiated by tiedyez with 34 arguments
[2026-02-11 14:26:33.353 DBG] Credits :: Time to save 13.3738ms
[2026-02-11 14:26:37.545 DBG] AutoSave :: Auto saving settings...
[2026-02-11 14:26:37.562 DBG] Users :: Time to save 16.9493ms
[2026-02-11 14:26:37.579 DBG] Actions :: Time to save 17.946ms
[2026-02-11 14:26:37.592 DBG] Commands :: Time to save 12.9546ms
[2026-02-11 14:26:37.608 DBG] Twitch Rewards :: Time to save 16.2766ms
[2026-02-11 14:26:37.621 DBG] Midi :: Time to save 11.8409ms
[2026-02-11 14:26:37.633 DBG] OBS Settings :: Time to save 12.506ms
[2026-02-11 14:26:37.646 DBG] MeldStudio Settings :: Time to save 13.1477ms
[2026-02-11 14:26:37.658 DBG] Credits :: Time to save 11.7815ms
[2026-02-11 14:26:37.671 DBG] Quotes :: Time to save 13.3125ms
[2026-02-11 14:26:37.764 DBG] Config :: Time to save 14.738ms
[2026-02-11 14:26:41.568 DBG] ViewerRepo :: UpdatePresence(twitch, 5), 0.0331ms
[2026-02-11 14:26:41.662 DBG] TwitchService :: Presence Timer :: Artificially updated presence with a threshold of 5 minutes (93.3462ms)
[2026-02-11 14:27:16.395 DBG] ActionDispatcher :: Queueing 'Psychadelic' (0ba474eb-8060-45c1-8fb1-bcfceefbf84a, TwitchRewardRedemption) to 'Default' (00000000-0000-0000-0000-000000000000), initiated by chrism146 with 33 arguments
[2026-02-11 14:27:16.395 DBG] ActionQueue :: 'Default' (00000000-0000-0000-0000-000000000000) :: Enqueue action 0ba474eb-8060-45c1-8fb1-bcfceefbf84a
[2026-02-11 14:27:16.395 DBG] ActionQueue :: 'Default' (00000000-0000-0000-0000-000000000000) :: Handling queue
[2026-02-11 14:27:16.395 DBG] ActionQueue :: 'Default' (00000000-0000-0000-0000-000000000000) :: Performing non-blocking 'Psychadelic' (0ba474eb-8060-45c1-8fb1-bcfceefbf84a, 8c1069b5-cb16-488b-ab5f-fef472aa77e7), initiated by chrism146 with 34 arguments
[2026-02-11 14:27:41.574 DBG] ViewerRepo :: UpdatePresence(twitch, 5), 0.0322ms
[2026-02-11 14:27:41.669 DBG] TwitchService :: Presence Timer :: Artificially updated presence with a threshold of 5 minutes (95.1661ms)
[2026-02-11 14:28:23.674 DBG] ActionDispatcher :: Queueing 'Psychadelic' (0ba474eb-8060-45c1-8fb1-bcfceefbf84a, TwitchRewardRedemption) to 'Default' (00000000-0000-0000-0000-000000000000), initiated by vwolfsbanev with 33 arguments
[2026-02-11 14:28:23.674 DBG] ActionQueue :: 'Default' (00000000-0000-0000-0000-000000000000) :: Enqueue action 0ba474eb-8060-45c1-8fb1-bcfceefbf84a
[2026-02-11 14:28:23.674 DBG] ActionQueue :: 'Default' (00000000-0000-0000-0000-000000000000) :: Handling queue
[2026-02-11 14:28:23.674 DBG] ActionQueue :: 'Default' (00000000-0000-0000-0000-000000000000) :: Performing non-blocking 'Psychadelic' (0ba474eb-8060-45c1-8fb1-bcfceefbf84a, bde19747-8fc2-43e6-806b-36abff4d05e7), initiated by vwolfsbanev with 34 arguments
[2026-02-11 14:28:41.575 DBG] ViewerRepo :: UpdatePresence(twitch, 5), 0.0322ms
[2026-02-11 14:28:41.671 DBG] TwitchService :: Presence Timer :: Artificially updated presence with a threshold of 5 minutes (96.7566ms)
[2026-02-11 14:28:49.754 DBG] ActionDispatcher :: Queueing 'Psychadelic' (0ba474eb-8060-45c1-8fb1-bcfceefbf84a, TwitchRewardRedemption) to 'Default' (00000000-0000-0000-0000-000000000000), initiated by middors with 33 arguments
[2026-02-11 14:28:49.754 DBG] ActionQueue :: 'Default' (00000000-0000-0000-0000-000000000000) :: Enqueue action 0ba474eb-8060-45c1-8fb1-bcfceefbf84a
[2026-02-11 14:28:49.754 DBG] ActionQueue :: 'Default' (00000000-0000-0000-0000-000000000000) :: Handling queue
[2026-02-11 14:28:49.754 DBG] ActionQueue :: 'Default' (00000000-0000-0000-0000-000000000000) :: Performing non-blocking 'Psychadelic' (0ba474eb-8060-45c1-8fb1-bcfceefbf84a, 42176717-021b-4887-ad86-151bd389b04d), initiated by middors with 34 arguments
[2026-02-11 14:29:41.584 DBG] ViewerRepo :: UpdatePresence(twitch, 5), 0.0317ms
[2026-02-11 14:29:41.676 DBG] TwitchService :: Presence Timer :: Artificially updated presence with a threshold of 5 minutes (93.2884ms)
[2026-02-11 14:30:02.364 DBG] ActionDispatcher :: Queueing 'Enable Rads' (a6f39ad9-e4df-4cc5-8d10-46e610fa0067, ObsSceneChanged) to 'Default' (00000000-0000-0000-0000-000000000000), with 15 arguments
[2026-02-11 14:30:02.364 DBG] ActionQueue :: 'Default' (00000000-0000-0000-0000-000000000000) :: Enqueue action a6f39ad9-e4df-4cc5-8d10-46e610fa0067
[2026-02-11 14:30:02.364 DBG] ActionQueue :: 'Default' (00000000-0000-0000-0000-000000000000) :: Handling queue
[2026-02-11 14:30:02.364 DBG] ActionQueue :: 'Default' (00000000-0000-0000-0000-000000000000) :: Performing non-blocking 'Enable Rads' (a6f39ad9-e4df-4cc5-8d10-46e610fa0067, 67d274a8-8fe6-44ed-b619-c7080b782f4a)
[2026-02-11 14:30:41.593 DBG] ViewerRepo :: UpdatePresence(twitch, 5), 0.0498ms
[2026-02-11 14:30:41.688 DBG] TwitchService :: Presence Timer :: Artificially updated presence with a threshold of 5 minutes (95.9112ms)
[2026-02-11 14:31:31.663 DBG] ActionDispatcher :: Queueing 'Sub Goal' (361aa588-5f31-4e19-b8a5-099cae52479d, TimedAction) to 'Default' (00000000-0000-0000-0000-000000000000), with 11 arguments
[2026-02-11 14:31:31.663 DBG] ActionQueue :: 'Default' (00000000-0000-0000-0000-000000000000) :: Enqueue action 361aa588-5f31-4e19-b8a5-099cae52479d
[2026-02-11 14:31:31.663 DBG] ActionQueue :: 'Default' (00000000-0000-0000-0000-000000000000) :: Handling queue
[2026-02-11 14:31:31.663 DBG] ActionQueue :: 'Default' (00000000-0000-0000-0000-000000000000) :: Performing non-blocking 'Sub Goal' (361aa588-5f31-4e19-b8a5-099cae52479d, 608c0c65-d081-45ff-88f4-22d894607b4c)
[2026-02-11 14:31:33.370 DBG] Credits :: Time to save 16.4676ms
[2026-02-11 14:31:37.754 DBG] AutoSave :: Auto saving settings...
[2026-02-11 14:31:37.769 DBG] Users :: Time to save 15.9933ms
[2026-02-11 14:31:37.794 DBG] Actions :: Time to save 23.8618ms
[2026-02-11 14:31:37.813 DBG] Commands :: Time to save 19.5943ms
[2026-02-11 14:31:37.832 DBG] Twitch Rewards :: Time to save 18.3034ms
[2026-02-11 14:31:37.849 DBG] Midi :: Time to save 17.3756ms
[2026-02-11 14:31:37.861 DBG] OBS Settings :: Time to save 12.1375ms
[2026-02-11 14:31:37.877 DBG] MeldStudio Settings :: Time to save 15.951ms
[2026-02-11 14:31:37.894 DBG] Credits :: Time to save 17.2236ms
[2026-02-11 14:31:37.915 DBG] Quotes :: Time to save 20.0314ms
[2026-02-11 14:31:37.978 DBG] Config :: Time to save 22.0271ms
[2026-02-11 14:31:41.601 DBG] ViewerRepo :: UpdatePresence(twitch, 5), 0.0314ms
[2026-02-11 14:31:41.696 DBG] TwitchService :: Presence Timer :: Artificially updated presence with a threshold of 5 minutes (94.8718ms)
[2026-02-11 14:32:41.617 DBG] ViewerRepo :: UpdatePresence(twitch, 5), 0.033ms
[2026-02-11 14:32:41.712 DBG] TwitchService :: Presence Timer :: Artificially updated presence with a threshold of 5 minutes (94.986ms)
[2026-02-11 14:33:41.621 DBG] ViewerRepo :: UpdatePresence(twitch, 5), 0.0349ms
[2026-02-11 14:33:41.717 DBG] TwitchService :: Presence Timer :: Artificially updated presence with a threshold of 5 minutes (96.7208ms)
[2026-02-11 14:34:41.634 DBG] ViewerRepo :: UpdatePresence(twitch, 5), 0.033ms
[2026-02-11 14:34:41.729 DBG] TwitchService :: Presence Timer :: Artificially updated presence with a threshold of 5 minutes (95.5449ms)
[2026-02-11 14:35:41.636 DBG] ViewerRepo :: UpdatePresence(twitch, 5), 0.0396ms
[2026-02-11 14:35:41.736 DBG] TwitchService :: Presence Timer :: Artificially updated presence with a threshold of 5 minutes (98.9999ms)
[2026-02-11 14:36:33.389 DBG] Credits :: Time to save 16.5651ms
[2026-02-11 14:36:38.008 DBG] AutoSave :: Auto saving settings...
[2026-02-11 14:36:38.029 DBG] Users :: Time to save 21.3311ms
[2026-02-11 14:36:38.054 DBG] Actions :: Time to save 24.7844ms
[2026-02-11 14:36:38.080 DBG] Commands :: Time to save 26.4561ms
[2026-02-11 14:36:38.103 DBG] Twitch Rewards :: Time to save 22.3446ms
[2026-02-11 14:36:38.122 DBG] Midi :: Time to save 18.5749ms
[2026-02-11 14:36:38.141 DBG] OBS Settings :: Time to save 18.8924ms
[2026-02-11 14:36:38.159 DBG] MeldStudio Settings :: Time to save 18.1151ms
[2026-02-11 14:36:38.177 DBG] Credits :: Time to save 18.2346ms
[2026-02-11 14:36:38.197 DBG] Quotes :: Time to save 20.396ms
[2026-02-11 14:36:38.230 DBG] Config :: Time to save 20.3086ms
[2026-02-11 14:36:41.658 DBG] ViewerRepo :: UpdatePresence(twitch, 5), 0.0329ms
[2026-02-11 14:36:41.752 DBG] TwitchService :: Presence Timer :: Artificially updated presence with a threshold of 5 minutes (94.7592ms)
[2026-02-11 14:37:41.661 DBG] ViewerRepo :: UpdatePresence(twitch, 5), 0.0324ms
[2026-02-11 14:37:41.757 DBG] TwitchService :: Presence Timer :: Artificially updated presence with a threshold of 5 minutes (95.4573ms)
[2026-02-11 14:38:41.664 DBG] ViewerRepo :: UpdatePresence(twitch, 5), 0.0341ms
[2026-02-11 14:38:41.758 DBG] TwitchService :: Presence Timer :: Artificially updated presence with a threshold of 5 minutes (94.6652ms)
[2026-02-11 14:39:41.681 DBG] ViewerRepo :: UpdatePresence(twitch, 5), 0.0322ms
[2026-02-11 14:39:41.775 DBG] TwitchService :: Presence Timer :: Artificially updated presence with a threshold of 5 minutes (94.4211ms)
[2026-02-11 14:40:41.684 DBG] ViewerRepo :: UpdatePresence(twitch, 5), 0.0341ms
[2026-02-11 14:40:41.781 DBG] TwitchService :: Presence Timer :: Artificially updated presence with a threshold of 5 minutes (97.4327ms)
[2026-02-11 14:41:32.442 DBG] ActionDispatcher :: Queueing 'Sub Goal' (361aa588-5f31-4e19-b8a5-099cae52479d, TimedAction) to 'Default' (00000000-0000-0000-0000-000000000000), with 11 arguments
[2026-02-11 14:41:32.442 DBG] ActionQueue :: 'Default' (00000000-0000-0000-0000-000000000000) :: Enqueue action 361aa588-5f31-4e19-b8a5-099cae52479d
[2026-02-11 14:41:32.442 DBG] ActionQueue :: 'Default' (00000000-0000-0000-0000-000000000000) :: Handling queue
[2026-02-11 14:41:32.442 DBG] ActionQueue :: 'Default' (00000000-0000-0000-0000-000000000000) :: Performing non-blocking 'Sub Goal' (361aa588-5f31-4e19-b8a5-099cae52479d, ed3b268b-883d-44d2-98ff-2997add7b7f7)
[2026-02-11 14:41:33.397 DBG] Credits :: Time to save 16.3883ms
[2026-02-11 14:41:38.285 DBG] AutoSave :: Auto saving settings...
[2026-02-11 14:41:38.309 DBG] Users :: Time to save 25.0827ms
[2026-02-11 14:41:38.337 DBG] Actions :: Time to save 27.2418ms
[2026-02-11 14:41:38.357 DBG] Commands :: Time to save 20.4738ms
[2026-02-11 14:41:38.376 DBG] Twitch Rewards :: Time to save 19.2203ms
[2026-02-11 14:41:38.394 DBG] Midi :: Time to save 17.248ms
[2026-02-11 14:41:38.413 DBG] OBS Settings :: Time to save 18.6353ms
[2026-02-11 14:41:38.429 DBG] MeldStudio Settings :: Time to save 15.9323ms
[2026-02-11 14:41:38.445 DBG] Credits :: Time to save 16.2793ms
[2026-02-11 14:41:38.458 DBG] Quotes :: Time to save 12.8524ms
[2026-02-11 14:41:38.501 DBG] Config :: Time to save 14.288ms
[2026-02-11 14:41:41.699 DBG] ViewerRepo :: UpdatePresence(twitch, 5), 0.0317ms
[2026-02-11 14:41:41.794 DBG] TwitchService :: Presence Timer :: Artificially updated presence with a threshold of 5 minutes (95.516ms)
[2026-02-11 14:42:41.707 DBG] ViewerRepo :: UpdatePresence(twitch, 5), 0.0326ms
[2026-02-11 14:42:41.800 DBG] TwitchService :: Presence Timer :: Artificially updated presence with a threshold of 5 minutes (94.4114ms)
[2026-02-11 14:43:41.716 DBG] ViewerRepo :: UpdatePresence(twitch, 5), 0.0336ms
[2026-02-11 14:43:41.816 DBG] TwitchService :: Presence Timer :: Artificially updated presence with a threshold of 5 minutes (100.2479ms)
[2026-02-11 14:44:41.722 DBG] ViewerRepo :: UpdatePresence(twitch, 5), 0.0329ms
[2026-02-11 14:44:41.816 DBG] TwitchService :: Presence Timer :: Artificially updated presence with a threshold of 5 minutes (94.1718ms)
[2026-02-11 14:45:41.727 DBG] ViewerRepo :: UpdatePresence(twitch, 5), 0.0336ms
[2026-02-11 14:45:41.824 DBG] TwitchService :: Presence Timer :: Artificially updated presence with a threshold of 5 minutes (98.0597ms)
[2026-02-11 14:46:33.404 DBG] Credits :: Time to save 17.1356ms
[2026-02-11 14:46:38.563 DBG] AutoSave :: Auto saving settings...
[2026-02-11 14:46:38.580 DBG] Users :: Time to save 17.1537ms
[2026-02-11 14:46:38.599 DBG] Actions :: Time to save 19.3212ms
[2026-02-11 14:46:38.615 DBG] Commands :: Time to save 15.1218ms
[2026-02-11 14:46:38.628 DBG] Twitch Rewards :: Time to save 13.4909ms
[2026-02-11 14:46:38.639 DBG] Midi :: Time to save 11.1032ms
[2026-02-11 14:46:38.655 DBG] OBS Settings :: Time to save 15.3196ms
[2026-02-11 14:46:38.670 DBG] MeldStudio Settings :: Time to save 14.8912ms
[2026-02-11 14:46:38.684 DBG] Credits :: Time to save 14.9053ms
[2026-02-11 14:46:38.701 DBG] Quotes :: Time to save 16.6143ms
[2026-02-11 14:46:38.788 DBG] Config :: Time to save 19.7799ms
[2026-02-11 14:46:41.730 DBG] ViewerRepo :: UpdatePresence(twitch, 5), 0.0319ms
[2026-02-11 14:46:41.824 DBG] TwitchService :: Presence Timer :: Artificially updated presence with a threshold of 5 minutes (93.8351ms)
[2026-02-11 14:47:41.732 DBG] ViewerRepo :: UpdatePresence(twitch, 5), 0.032ms
[2026-02-11 14:47:41.828 DBG] TwitchService :: Presence Timer :: Artificially updated presence with a threshold of 5 minutes (95.9667ms)
[2026-02-11 14:48:41.739 DBG] ViewerRepo :: UpdatePresence(twitch, 5), 0.032ms
[2026-02-11 14:48:41.836 DBG] TwitchService :: Presence Timer :: Artificially updated presence with a threshold of 5 minutes (98.4925ms)
[2026-02-11 14:49:41.752 DBG] ViewerRepo :: UpdatePresence(twitch, 5), 0.0342ms
[2026-02-11 14:49:41.849 DBG] TwitchService :: Presence Timer :: Artificially updated presence with a threshold of 5 minutes (96.9862ms)
[2026-02-11 14:50:41.761 DBG] ViewerRepo :: UpdatePresence(twitch, 5), 0.0356ms
[2026-02-11 14:50:41.858 DBG] TwitchService :: Presence Timer :: Artificially updated presence with a threshold of 5 minutes (97.0681ms)
[2026-02-11 14:51:33.126 DBG] ActionDispatcher :: Queueing 'Sub Goal' (361aa588-5f31-4e19-b8a5-099cae52479d, TimedAction) to 'Default' (00000000-0000-0000-0000-000000000000), with 11 arguments
[2026-02-11 14:51:33.126 DBG] ActionQueue :: 'Default' (00000000-0000-0000-0000-000000000000) :: Enqueue action 361aa588-5f31-4e19-b8a5-099cae52479d
[2026-02-11 14:51:33.126 DBG] ActionQueue :: 'Default' (00000000-0000-0000-0000-000000000000) :: Handling queue
[2026-02-11 14:51:33.126 DBG] ActionQueue :: 'Default' (00000000-0000-0000-0000-000000000000) :: Performing non-blocking 'Sub Goal' (361aa588-5f31-4e19-b8a5-099cae52479d, 62c7bfba-e483-44c9-8938-8695809244fb)
[2026-02-11 14:51:33.404 DBG] Credits :: Time to save 13.5448ms
[2026-02-11 14:51:38.788 DBG] AutoSave :: Auto saving settings...
[2026-02-11 14:51:38.814 DBG] Users :: Time to save 25.8172ms
[2026-02-11 14:51:38.840 DBG] Actions :: Time to save 26.6283ms
[2026-02-11 14:51:38.857 DBG] Commands :: Time to save 15.9739ms
[2026-02-11 14:51:38.876 DBG] Twitch Rewards :: Time to save 20.1702ms
[2026-02-11 14:51:38.896 DBG] Midi :: Time to save 19.6527ms
[2026-02-11 14:51:38.912 DBG] OBS Settings :: Time to save 16.3ms
[2026-02-11 14:51:38.929 DBG] MeldStudio Settings :: Time to save 16.5114ms
[2026-02-11 14:51:38.949 DBG] Credits :: Time to save 19.8071ms
[2026-02-11 14:51:38.969 DBG] Quotes :: Time to save 20.6356ms
[2026-02-11 14:51:39.012 DBG] Config :: Time to save 20.5235ms
[2026-02-11 14:51:41.765 DBG] ViewerRepo :: UpdatePresence(twitch, 5), 0.0337ms
[2026-02-11 14:51:41.860 DBG] TwitchService :: Presence Timer :: Artificially updated presence with a threshold of 5 minutes (95.4064ms)
[2026-02-11 14:52:02.548 DBG] ActionDispatcher :: Queueing 'Enable Rads' (a6f39ad9-e4df-4cc5-8d10-46e610fa0067, ObsSceneChanged) to 'Default' (00000000-0000-0000-0000-000000000000), with 15 arguments
[2026-02-11 14:52:02.548 DBG] ActionQueue :: 'Default' (00000000-0000-0000-0000-000000000000) :: Enqueue action a6f39ad9-e4df-4cc5-8d10-46e610fa0067
[2026-02-11 14:52:02.548 DBG] ActionQueue :: 'Default' (00000000-0000-0000-0000-000000000000) :: Handling queue
[2026-02-11 14:52:02.548 DBG] ActionQueue :: 'Default' (00000000-0000-0000-0000-000000000000) :: Performing non-blocking 'Enable Rads' (a6f39ad9-e4df-4cc5-8d10-46e610fa0067, 6d8bcd52-85d8-4d37-b039-eac8131432b9)
[2026-02-11 14:52:10.956 DBG] ActionDispatcher :: Queueing 'Psychadelic' (0ba474eb-8060-45c1-8fb1-bcfceefbf84a, TwitchRewardRedemption) to 'Default' (00000000-0000-0000-0000-000000000000), initiated by riskyrogue14 with 33 arguments
[2026-02-11 14:52:10.956 DBG] ActionQueue :: 'Default' (00000000-0000-0000-0000-000000000000) :: Enqueue action 0ba474eb-8060-45c1-8fb1-bcfceefbf84a
[2026-02-11 14:52:10.956 DBG] ActionQueue :: 'Default' (00000000-0000-0000-0000-000000000000) :: Handling queue
[2026-02-11 14:52:10.956 DBG] ActionQueue :: 'Default' (00000000-0000-0000-0000-000000000000) :: Performing non-blocking 'Psychadelic' (0ba474eb-8060-45c1-8fb1-bcfceefbf84a, 87a4a3a9-70b1-481d-a412-c6ded46de252), initiated by riskyrogue14 with 34 arguments
[2026-02-11 14:52:37.841 DBG] ActionDispatcher :: Queueing 'Psychadelic' (0ba474eb-8060-45c1-8fb1-bcfceefbf84a, TwitchRewardRedemption) to 'Default' (00000000-0000-0000-0000-000000000000), initiated by inlaidwelder with 33 arguments
[2026-02-11 14:52:37.841 DBG] ActionQueue :: 'Default' (00000000-0000-0000-0000-000000000000) :: Enqueue action 0ba474eb-8060-45c1-8fb1-bcfceefbf84a
[2026-02-11 14:52:37.841 DBG] ActionQueue :: 'Default' (00000000-0000-0000-0000-000000000000) :: Handling queue
[2026-02-11 14:52:37.842 DBG] ActionQueue :: 'Default' (00000000-0000-0000-0000-000000000000) :: Performing non-blocking 'Psychadelic' (0ba474eb-8060-45c1-8fb1-bcfceefbf84a, d82e0122-f68e-4a44-b407-13648cc9f6c6), initiated by inlaidwelder with 34 arguments
[2026-02-11 14:52:41.779 DBG] ViewerRepo :: UpdatePresence(twitch, 5), 0.0312ms
[2026-02-11 14:52:41.873 DBG] TwitchService :: Presence Timer :: Artificially updated presence with a threshold of 5 minutes (93.7984ms)
[2026-02-11 14:53:05.964 DBG] ActionDispatcher :: Queueing 'Psychadelic' (0ba474eb-8060-45c1-8fb1-bcfceefbf84a, TwitchRewardRedemption) to 'Default' (00000000-0000-0000-0000-000000000000), initiated by redfirextrevor with 33 arguments
[2026-02-11 14:53:05.964 DBG] ActionQueue :: 'Default' (00000000-0000-0000-0000-000000000000) :: Enqueue action 0ba474eb-8060-45c1-8fb1-bcfceefbf84a
[2026-02-11 14:53:05.964 DBG] ActionQueue :: 'Default' (00000000-0000-0000-0000-000000000000) :: Handling queue
[2026-02-11 14:53:05.964 DBG] ActionQueue :: 'Default' (00000000-0000-0000-0000-000000000000) :: Performing non-blocking 'Psychadelic' (0ba474eb-8060-45c1-8fb1-bcfceefbf84a, 5872514d-2228-4908-b7d0-bc7cf3dbe26d), initiated by redfirextrevor with 34 arguments
[2026-02-11 14:53:41.790 DBG] ViewerRepo :: UpdatePresence(twitch, 5), 0.0346ms
[2026-02-11 14:53:41.883 DBG] TwitchService :: Presence Timer :: Artificially updated presence with a threshold of 5 minutes (93.4192ms)
[2026-02-11 14:53:51.215 DBG] ActionDispatcher :: Queueing 'Enable Rads' (a6f39ad9-e4df-4cc5-8d10-46e610fa0067, ObsSceneChanged) to 'Default' (00000000-0000-0000-0000-000000000000), with 15 arguments
[2026-02-11 14:53:51.215 DBG] ActionQueue :: 'Default' (00000000-0000-0000-0000-000000000000) :: Enqueue action a6f39ad9-e4df-4cc5-8d10-46e610fa0067
[2026-02-11 14:53:51.215 DBG] ActionQueue :: 'Default' (00000000-0000-0000-0000-000000000000) :: Handling queue
[2026-02-11 14:53:51.215 DBG] ActionQueue :: 'Default' (00000000-0000-0000-0000-000000000000) :: Performing non-blocking 'Enable Rads' (a6f39ad9-e4df-4cc5-8d10-46e610fa0067, 7063a8fa-b364-49a8-88d7-808bde50f252)
[2026-02-11 14:53:53.515 DBG] ActionDispatcher :: Queueing 'Psychadelic' (0ba474eb-8060-45c1-8fb1-bcfceefbf84a, TwitchRewardRedemption) to 'Default' (00000000-0000-0000-0000-000000000000), initiated by rija18 with 33 arguments
[2026-02-11 14:53:53.515 DBG] ActionQueue :: 'Default' (00000000-0000-0000-0000-000000000000) :: Enqueue action 0ba474eb-8060-45c1-8fb1-bcfceefbf84a
[2026-02-11 14:53:53.515 DBG] ActionQueue :: 'Default' (00000000-0000-0000-0000-000000000000) :: Handling queue
[2026-02-11 14:53:53.515 DBG] ActionQueue :: 'Default' (00000000-0000-0000-0000-000000000000) :: Performing non-blocking 'Psychadelic' (0ba474eb-8060-45c1-8fb1-bcfceefbf84a, c516c3f0-c8e0-465f-9682-f8eb362c0831), initiated by rija18 with 34 arguments
[2026-02-11 14:54:41.804 DBG] ViewerRepo :: UpdatePresence(twitch, 5), 0.0338ms
[2026-02-11 14:54:41.900 DBG] TwitchService :: Presence Timer :: Artificially updated presence with a threshold of 5 minutes (96.0425ms)
[2026-02-11 14:54:57.013 DBG] ActionDispatcher :: Queueing 'Enable Rads' (a6f39ad9-e4df-4cc5-8d10-46e610fa0067, ObsSceneChanged) to 'Default' (00000000-0000-0000-0000-000000000000), with 15 arguments
[2026-02-11 14:54:57.013 DBG] ActionQueue :: 'Default' (00000000-0000-0000-0000-000000000000) :: Enqueue action a6f39ad9-e4df-4cc5-8d10-46e610fa0067
[2026-02-11 14:54:57.013 DBG] ActionQueue :: 'Default' (00000000-0000-0000-0000-000000000000) :: Handling queue
[2026-02-11 14:54:57.013 DBG] ActionQueue :: 'Default' (00000000-0000-0000-0000-000000000000) :: Performing non-blocking 'Enable Rads' (a6f39ad9-e4df-4cc5-8d10-46e610fa0067, 40a5ba6f-c7e4-456b-9178-06ea82087086)
[2026-02-11 14:54:59.719 DBG] ActionDispatcher :: Queueing 'Psychadelic' (0ba474eb-8060-45c1-8fb1-bcfceefbf84a, TwitchRewardRedemption) to 'Default' (00000000-0000-0000-0000-000000000000), initiated by creatisbot with 33 arguments
[2026-02-11 14:54:59.719 DBG] ActionQueue :: 'Default' (00000000-0000-0000-0000-000000000000) :: Enqueue action 0ba474eb-8060-45c1-8fb1-bcfceefbf84a
[2026-02-11 14:54:59.719 DBG] ActionQueue :: 'Default' (00000000-0000-0000-0000-000000000000) :: Handling queue
[2026-02-11 14:54:59.719 DBG] ActionQueue :: 'Default' (00000000-0000-0000-0000-000000000000) :: Performing non-blocking 'Psychadelic' (0ba474eb-8060-45c1-8fb1-bcfceefbf84a, f2d40235-6d33-4050-847e-d37d03f82c18), initiated by creatisbot with 34 arguments
[2026-02-11 14:55:39.624 DBG] ActionDispatcher :: Queueing 'Psychadelic' (0ba474eb-8060-45c1-8fb1-bcfceefbf84a, TwitchRewardRedemption) to 'Default' (00000000-0000-0000-0000-000000000000), initiated by mercilessdisclosurem5 with 33 arguments
[2026-02-11 14:55:39.625 DBG] ActionQueue :: 'Default' (00000000-0000-0000-0000-000000000000) :: Enqueue action 0ba474eb-8060-45c1-8fb1-bcfceefbf84a
[2026-02-11 14:55:39.625 DBG] ActionQueue :: 'Default' (00000000-0000-0000-0000-000000000000) :: Handling queue
[2026-02-11 14:55:39.625 DBG] ActionQueue :: 'Default' (00000000-0000-0000-0000-000000000000) :: Performing non-blocking 'Psychadelic' (0ba474eb-8060-45c1-8fb1-bcfceefbf84a, be3e3fc4-d772-4c52-b1f0-a6fc01e667e2), initiated by mercilessdisclosurem5 with 34 arguments
[2026-02-11 14:55:41.809 DBG] ViewerRepo :: UpdatePresence(twitch, 5), 0.0382ms
[2026-02-11 14:55:41.904 DBG] TwitchService :: Presence Timer :: Artificially updated presence with a threshold of 5 minutes (95.9166ms)
[2026-02-11 14:56:04.805 DBG] ActionDispatcher :: Queueing 'Change Recording Name' (c15a2aca-4005-4965-8f44-accb9781c365, ObsRecordingStopped) to 'Default' (00000000-0000-0000-0000-000000000000), with 13 arguments
[2026-02-11 14:56:04.805 DBG] ActionQueue :: 'Default' (00000000-0000-0000-0000-000000000000) :: Enqueue action c15a2aca-4005-4965-8f44-accb9781c365
[2026-02-11 14:56:04.805 DBG] ActionQueue :: 'Default' (00000000-0000-0000-0000-000000000000) :: Handling queue
[2026-02-11 14:56:04.805 DBG] ActionQueue :: 'Default' (00000000-0000-0000-0000-000000000000) :: Performing non-blocking 'Change Recording Name' (c15a2aca-4005-4965-8f44-accb9781c365, d9487f57-c86b-4021-adc4-e9cd491928f2)
[2026-02-11 14:56:09.819 DBG] InlineCode :: Creating and compiling instance for ''
[2026-02-11 14:56:12.156 DBG] InlineCode :: Running default entry point from instance '61905987-ff40-4d4b-b6de-009d25230bd2'
[2026-02-11 14:56:12.244 ERR] InlineCode :: There was an error running the instance for ''
System.IO.FileNotFoundException: Could not find file 'C:\Users\littl\Videos\Stream Recordings\.mp4'.
File name: 'C:\Users\littl\Videos\Stream Recordings\.mp4'
   at System.IO.__Error.WinIOError(Int32 errorCode, String maybeFullPath)
   at System.IO.File.InternalMove(String sourceFileName, String destFileName, Boolean checkHost)
   at h36a11a1b6d24c488b419c3cea36662b.CPHInline.Execute()
   at _qvWICFSGcJadAvnFSAXKD499KME._ICRxweZUix6yibvD2P8Y1CZjvBo(Dictionary`2 , String )
   at _qvWICFSGcJadAvnFSAXKD499KME._ICRxweZUix6yibvD2P8Y1CZjvBo(Dictionary`2 , String )
   at _mOmTqYKGqI4jFJa5lSTzEWXpfki._GjMSMDhB6FZ7HMt6ai4dt6t2iPg(Guid , _mt6qaYtzB3KbzHISkTBJYnHYjIA , Dictionary`2 , String , Boolean )
   at _c5L3xg5oCj0mC8CAVh1U0QxPwGh._C5dwc2njiIyGqFaPne8at5tflcD.MoveNext()
[2026-02-11 14:56:33.418 DBG] Credits :: Time to save 20.5752ms
[2026-02-11 14:56:39.040 DBG] AutoSave :: Auto saving settings...
[2026-02-11 14:56:39.058 DBG] Users :: Time to save 18.0703ms
[2026-02-11 14:56:39.083 DBG] Actions :: Time to save 24.9579ms
[2026-02-11 14:56:39.101 DBG] Commands :: Time to save 18.4596ms
[2026-02-11 14:56:39.119 DBG] Twitch Rewards :: Time to save 17.2665ms
[2026-02-11 14:56:39.135 DBG] Midi :: Time to save 15.8537ms
[2026-02-11 14:56:39.146 DBG] OBS Settings :: Time to save 11.2987ms
[2026-02-11 14:56:39.160 DBG] MeldStudio Settings :: Time to save 14.4263ms
[2026-02-11 14:56:39.174 DBG] Credits :: Time to save 13.5816ms
[2026-02-11 14:56:39.191 DBG] Quotes :: Time to save 17.2568ms
[2026-02-11 14:56:39.267 DBG] Config :: Time to save 20.2897ms
[2026-02-11 14:56:41.824 DBG] ViewerRepo :: UpdatePresence(twitch, 5), 0.0321ms
[2026-02-11 14:56:41.922 DBG] TwitchService :: Presence Timer :: Artificially updated presence with a threshold of 5 minutes (98.4142ms)
[2026-02-11 14:57:41.836 DBG] ViewerRepo :: UpdatePresence(twitch, 5), 0.0482ms
[2026-02-11 14:57:41.932 DBG] TwitchService :: Presence Timer :: Artificially updated presence with a threshold of 5 minutes (96.4138ms)
[2026-02-11 14:58:41.848 DBG] ViewerRepo :: UpdatePresence(twitch, 5), 0.0345ms
[2026-02-11 14:58:41.941 DBG] TwitchService :: Presence Timer :: Artificially updated presence with a threshold of 5 minutes (93.6089ms)
[2026-02-11 14:59:04.551 DBG] ActionDispatcher :: Queueing 'Psychadelic' (0ba474eb-8060-45c1-8fb1-bcfceefbf84a, TwitchRewardRedemption) to 'Default' (00000000-0000-0000-0000-000000000000), initiated by patricia_lopes3 with 33 arguments
[2026-02-11 14:59:04.551 DBG] ActionQueue :: 'Default' (00000000-0000-0000-0000-000000000000) :: Enqueue action 0ba474eb-8060-45c1-8fb1-bcfceefbf84a
[2026-02-11 14:59:04.551 DBG] ActionQueue :: 'Default' (00000000-0000-0000-0000-000000000000) :: Handling queue
[2026-02-11 14:59:04.552 DBG] ActionQueue :: 'Default' (00000000-0000-0000-0000-000000000000) :: Performing non-blocking 'Psychadelic' (0ba474eb-8060-45c1-8fb1-bcfceefbf84a, 5dc11aa3-2290-4af5-87e3-dd6a10cb252a), initiated by patricia_lopes3 with 34 arguments
[2026-02-11 14:59:30.929 DBG] ActionDispatcher :: Queueing 'Change Recording Name' (c15a2aca-4005-4965-8f44-accb9781c365, ObsRecordingStopped) to 'Default' (00000000-0000-0000-0000-000000000000), with 13 arguments
[2026-02-11 14:59:30.929 DBG] ActionQueue :: 'Default' (00000000-0000-0000-0000-000000000000) :: Enqueue action c15a2aca-4005-4965-8f44-accb9781c365
[2026-02-11 14:59:30.929 DBG] ActionQueue :: 'Default' (00000000-0000-0000-0000-000000000000) :: Handling queue
[2026-02-11 14:59:30.929 DBG] ActionQueue :: 'Default' (00000000-0000-0000-0000-000000000000) :: Performing non-blocking 'Change Recording Name' (c15a2aca-4005-4965-8f44-accb9781c365, 43eace10-222a-4a9d-8f15-7258e2ef7478)
[2026-02-11 14:59:35.935 DBG] InlineCode :: Running default entry point from instance '61905987-ff40-4d4b-b6de-009d25230bd2'
[2026-02-11 14:59:35.936 ERR] InlineCode :: There was an error running the instance for ''
System.IO.FileNotFoundException: Could not find file 'C:\Users\littl\Videos\Stream Recordings\.mp4'.
File name: 'C:\Users\littl\Videos\Stream Recordings\.mp4'
   at System.IO.__Error.WinIOError(Int32 errorCode, String maybeFullPath)
   at System.IO.File.InternalMove(String sourceFileName, String destFileName, Boolean checkHost)
   at h36a11a1b6d24c488b419c3cea36662b.CPHInline.Execute()
   at _qvWICFSGcJadAvnFSAXKD499KME._ICRxweZUix6yibvD2P8Y1CZjvBo(Dictionary`2 , String )
   at _qvWICFSGcJadAvnFSAXKD499KME._ICRxweZUix6yibvD2P8Y1CZjvBo(Dictionary`2 , String )
   at _mOmTqYKGqI4jFJa5lSTzEWXpfki._GjMSMDhB6FZ7HMt6ai4dt6t2iPg(Guid , _mt6qaYtzB3KbzHISkTBJYnHYjIA , Dictionary`2 , String , Boolean )
   at _c5L3xg5oCj0mC8CAVh1U0QxPwGh._C5dwc2njiIyGqFaPne8at5tflcD.MoveNext()
[2026-02-11 14:59:41.848 DBG] ViewerRepo :: UpdatePresence(twitch, 5), 0.0318ms
[2026-02-11 14:59:41.945 DBG] TwitchService :: Presence Timer :: Artificially updated presence with a threshold of 5 minutes (97.4077ms)
[2026-02-11 15:00:41.857 DBG] ViewerRepo :: UpdatePresence(twitch, 5), 0.0326ms
[2026-02-11 15:00:41.956 DBG] TwitchService :: Presence Timer :: Artificially updated presence with a threshold of 5 minutes (99.1377ms)
[2026-02-11 15:00:42.833 DBG] ActionDispatcher :: Queueing 'Psychadelic' (0ba474eb-8060-45c1-8fb1-bcfceefbf84a, TwitchRewardRedemption) to 'Default' (00000000-0000-0000-0000-000000000000), initiated by westcoastcutz with 33 arguments
[2026-02-11 15:00:42.833 DBG] ActionQueue :: 'Default' (00000000-0000-0000-0000-000000000000) :: Enqueue action 0ba474eb-8060-45c1-8fb1-bcfceefbf84a
[2026-02-11 15:00:42.833 DBG] ActionQueue :: 'Default' (00000000-0000-0000-0000-000000000000) :: Handling queue
[2026-02-11 15:00:42.834 DBG] ActionQueue :: 'Default' (00000000-0000-0000-0000-000000000000) :: Performing non-blocking 'Psychadelic' (0ba474eb-8060-45c1-8fb1-bcfceefbf84a, 8ea20aac-9e93-4070-a1b0-8f9ca934f689), initiated by westcoastcutz with 34 arguments
[2026-02-11 15:01:10.740 DBG] ActionDispatcher :: Queueing 'Change Recording Name' (c15a2aca-4005-4965-8f44-accb9781c365, ObsRecordingStopped) to 'Default' (00000000-0000-0000-0000-000000000000), with 13 arguments
[2026-02-11 15:01:10.740 DBG] ActionQueue :: 'Default' (00000000-0000-0000-0000-000000000000) :: Enqueue action c15a2aca-4005-4965-8f44-accb9781c365
[2026-02-11 15:01:10.740 DBG] ActionQueue :: 'Default' (00000000-0000-0000-0000-000000000000) :: Handling queue
[2026-02-11 15:01:10.740 DBG] ActionQueue :: 'Default' (00000000-0000-0000-0000-000000000000) :: Performing non-blocking 'Change Recording Name' (c15a2aca-4005-4965-8f44-accb9781c365, 899dd724-6ab7-464b-b168-22d733b1743e)
[2026-02-11 15:01:15.753 DBG] InlineCode :: Running default entry point from instance '61905987-ff40-4d4b-b6de-009d25230bd2'
[2026-02-11 15:01:15.754 ERR] InlineCode :: There was an error running the instance for ''
System.IO.FileNotFoundException: Could not find file 'C:\Users\littl\Videos\Stream Recordings\.mp4'.
File name: 'C:\Users\littl\Videos\Stream Recordings\.mp4'
   at System.IO.__Error.WinIOError(Int32 errorCode, String maybeFullPath)
   at System.IO.File.InternalMove(String sourceFileName, String destFileName, Boolean checkHost)
   at h36a11a1b6d24c488b419c3cea36662b.CPHInline.Execute()
   at _qvWICFSGcJadAvnFSAXKD499KME._ICRxweZUix6yibvD2P8Y1CZjvBo(Dictionary`2 , String )
   at _qvWICFSGcJadAvnFSAXKD499KME._ICRxweZUix6yibvD2P8Y1CZjvBo(Dictionary`2 , String )
   at _mOmTqYKGqI4jFJa5lSTzEWXpfki._GjMSMDhB6FZ7HMt6ai4dt6t2iPg(Guid , _mt6qaYtzB3KbzHISkTBJYnHYjIA , Dictionary`2 , String , Boolean )
   at _c5L3xg5oCj0mC8CAVh1U0QxPwGh._C5dwc2njiIyGqFaPne8at5tflcD.MoveNext()
[2026-02-11 15:01:25.763 DBG] Users :: Time to save 15.1353ms
[2026-02-11 15:01:25.783 DBG] Actions :: Time to save 20.4416ms
[2026-02-11 15:01:25.797 DBG] Commands :: Time to save 13.3369ms
[2026-02-11 15:01:25.809 DBG] Twitch Rewards :: Time to save 12.9302ms
[2026-02-11 15:01:25.821 DBG] Midi :: Time to save 11.9658ms
[2026-02-11 15:01:25.833 DBG] OBS Settings :: Time to save 11.478ms
[2026-02-11 15:01:25.845 DBG] MeldStudio Settings :: Time to save 11.3164ms
[2026-02-11 15:01:25.858 DBG] Credits :: Time to save 13.1331ms
[2026-02-11 15:01:25.871 DBG] Quotes :: Time to save 13.6054ms
[2026-02-11 15:01:25.970 DBG] Config :: Time to save 15.4709ms
[2026-02-11 15:01:33.426 DBG] Credits :: Time to save 13.1397ms
[2026-02-11 15:01:33.960 DBG] ActionDispatcher :: Queueing 'Sub Goal' (361aa588-5f31-4e19-b8a5-099cae52479d, TimedAction) to 'Default' (00000000-0000-0000-0000-000000000000), with 11 arguments
[2026-02-11 15:01:33.960 DBG] ActionQueue :: 'Default' (00000000-0000-0000-0000-000000000000) :: Enqueue action 361aa588-5f31-4e19-b8a5-099cae52479d
[2026-02-11 15:01:33.960 DBG] ActionQueue :: 'Default' (00000000-0000-0000-0000-000000000000) :: Handling queue
[2026-02-11 15:01:33.960 DBG] ActionQueue :: 'Default' (00000000-0000-0000-0000-000000000000) :: Performing non-blocking 'Sub Goal' (361aa588-5f31-4e19-b8a5-099cae52479d, 52582084-0ab4-4b95-abd3-f9f2ff4c091f)
[2026-02-11 15:01:35.473 DBG] OBS-Websocket5 :: Disconnected
[2026-02-11 15:01:35.474 DBG] OBS :: Disconnected from OBS (127.0.0.1:4455)
[2026-02-11 15:01:39.288 DBG] AutoSave :: Auto saving settings...
[2026-02-11 15:01:39.311 DBG] Users :: Time to save 23.0881ms
[2026-02-11 15:01:39.333 DBG] Actions :: Time to save 22.9181ms
[2026-02-11 15:01:39.351 DBG] Commands :: Time to save 17.6117ms
[2026-02-11 15:01:39.368 DBG] Twitch Rewards :: Time to save 16.5729ms
[2026-02-11 15:01:39.379 DBG] Midi :: Time to save 10.8298ms
[2026-02-11 15:01:39.396 DBG] OBS Settings :: Time to save 17.2482ms
[2026-02-11 15:01:39.410 DBG] MeldStudio Settings :: Time to save 13.407ms
[2026-02-11 15:01:39.423 DBG] Credits :: Time to save 13.2461ms
[2026-02-11 15:01:39.438 DBG] Quotes :: Time to save 14.789ms
[2026-02-11 15:01:39.508 DBG] Config :: Time to save 16.2304ms
[2026-02-11 15:01:41.875 DBG] ViewerRepo :: UpdatePresence(twitch, 5), 0.0331ms
[2026-02-11 15:01:42.506 DBG] TwitchService :: Presence Timer :: Artificially updated presence with a threshold of 5 minutes (630.9309ms)
[2026-02-11 15:02:05.480 DBG] OBS :: Retrying obs connection to OBS (127.0.0.1:4455)
[2026-02-11 15:02:05.480 DBG] OBS :: Opening websocket connection to OBS (127.0.0.1:4455)
[2026-02-11 15:02:05.480 DBG] OBS-Websocket5 :: Opening connection (ws://127.0.0.1:4455/api/websocket)
[2026-02-11 15:02:05.486 DBG] OBS :: Connected to OBS (127.0.0.1:4455)
[2026-02-11 15:02:41.889 DBG] ViewerRepo :: UpdatePresence(twitch, 5), 0.0333ms
[2026-02-11 15:02:41.985 DBG] TwitchService :: Presence Timer :: Artificially updated presence with a threshold of 5 minutes (95.9324ms)
[2026-02-11 15:03:41.899 DBG] ViewerRepo :: UpdatePresence(twitch, 5), 0.0507ms
[2026-02-11 15:03:42.008 DBG] TwitchService :: Presence Timer :: Artificially updated presence with a threshold of 5 minutes (109.5957ms)
[2026-02-11 15:04:41.911 DBG] ViewerRepo :: UpdatePresence(twitch, 5), 0.0311ms
[2026-02-11 15:04:42.003 DBG] TwitchService :: Presence Timer :: Artificially updated presence with a threshold of 5 minutes (91.9189ms)
[2026-02-11 15:05:41.918 DBG] ViewerRepo :: UpdatePresence(twitch, 5), 0.0335ms
[2026-02-11 15:05:42.011 DBG] TwitchService :: Presence Timer :: Artificially updated presence with a threshold of 5 minutes (94.1034ms)
[2026-02-11 15:05:57.715 DBG] Users :: Time to save 18.348ms
[2026-02-11 15:05:57.738 DBG] Actions :: Time to save 21.9156ms
[2026-02-11 15:05:57.753 DBG] Commands :: Time to save 16.0973ms
[2026-02-11 15:05:57.769 DBG] Twitch Rewards :: Time to save 15.1086ms
[2026-02-11 15:05:57.781 DBG] Midi :: Time to save 12.2031ms
[2026-02-11 15:05:57.794 DBG] OBS Settings :: Time to save 12.2535ms
[2026-02-11 15:05:57.806 DBG] MeldStudio Settings :: Time to save 12.2015ms
[2026-02-11 15:05:57.818 DBG] Credits :: Time to save 11.9986ms
[2026-02-11 15:05:57.832 DBG] Quotes :: Time to save 14.3025ms
[2026-02-11 15:05:57.914 DBG] Config :: Time to save 15.5581ms
[2026-02-11 15:06:33.435 DBG] Credits :: Time to save 18.7013ms
[2026-02-11 15:06:39.537 DBG] AutoSave :: Auto saving settings...
[2026-02-11 15:06:39.560 DBG] Users :: Time to save 23.2023ms
[2026-02-11 15:06:39.589 DBG] Actions :: Time to save 28.5765ms
[2026-02-11 15:06:39.607 DBG] Commands :: Time to save 18.2577ms
[2026-02-11 15:06:39.624 DBG] Twitch Rewards :: Time to save 17.2389ms
[2026-02-11 15:06:39.641 DBG] Midi :: Time to save 16.7201ms
[2026-02-11 15:06:39.657 DBG] OBS Settings :: Time to save 16.1741ms
[2026-02-11 15:06:39.675 DBG] MeldStudio Settings :: Time to save 17.7792ms
[2026-02-11 15:06:39.691 DBG] Credits :: Time to save 15.8889ms
[2026-02-11 15:06:39.710 DBG] Quotes :: Time to save 18.7944ms
[2026-02-11 15:06:39.759 DBG] Config :: Time to save 21.6573ms
[2026-02-11 15:06:41.920 DBG] ViewerRepo :: UpdatePresence(twitch, 5), 0.0367ms
[2026-02-11 15:06:42.015 DBG] TwitchService :: Presence Timer :: Artificially updated presence with a threshold of 5 minutes (95.4641ms)
[2026-02-11 15:07:41.928 DBG] ViewerRepo :: UpdatePresence(twitch, 5), 0.0422ms
[2026-02-11 15:07:42.023 DBG] TwitchService :: Presence Timer :: Artificially updated presence with a threshold of 5 minutes (95.1327ms)
[2026-02-11 15:08:41.933 DBG] ViewerRepo :: UpdatePresence(twitch, 5), 0.0355ms
[2026-02-11 15:08:42.032 DBG] TwitchService :: Presence Timer :: Artificially updated presence with a threshold of 5 minutes (99.1118ms)
[2026-02-11 15:09:41.941 DBG] ViewerRepo :: UpdatePresence(twitch, 5), 0.0324ms
[2026-02-11 15:09:42.031 DBG] TwitchService :: Presence Timer :: Artificially updated presence with a threshold of 5 minutes (90.4327ms)
[2026-02-11 15:10:41.955 DBG] ViewerRepo :: UpdatePresence(twitch, 5), 0.0489ms
[2026-02-11 15:10:42.050 DBG] TwitchService :: Presence Timer :: Artificially updated presence with a threshold of 5 minutes (95.8939ms)
[2026-02-11 15:11:33.445 DBG] Credits :: Time to save 21.5449ms
[2026-02-11 15:11:34.376 DBG] ActionDispatcher :: Queueing 'Sub Goal' (361aa588-5f31-4e19-b8a5-099cae52479d, TimedAction) to 'Default' (00000000-0000-0000-0000-000000000000), with 11 arguments
[2026-02-11 15:11:34.376 DBG] ActionQueue :: 'Default' (00000000-0000-0000-0000-000000000000) :: Enqueue action 361aa588-5f31-4e19-b8a5-099cae52479d
[2026-02-11 15:11:34.376 DBG] ActionQueue :: 'Default' (00000000-0000-0000-0000-000000000000) :: Handling queue
[2026-02-11 15:11:34.376 DBG] ActionQueue :: 'Default' (00000000-0000-0000-0000-000000000000) :: Performing non-blocking 'Sub Goal' (361aa588-5f31-4e19-b8a5-099cae52479d, 167cd795-edc0-45f9-bf85-3ca01931d616)
[2026-02-11 15:11:39.787 DBG] AutoSave :: Auto saving settings...
[2026-02-11 15:11:39.813 DBG] Users :: Time to save 26.6263ms
[2026-02-11 15:11:39.841 DBG] Actions :: Time to save 27.1388ms
[2026-02-11 15:11:39.856 DBG] Commands :: Time to save 14.6359ms
[2026-02-11 15:11:39.871 DBG] Twitch Rewards :: Time to save 15.2917ms
[2026-02-11 15:11:39.884 DBG] Midi :: Time to save 13.2012ms
[2026-02-11 15:11:39.902 DBG] OBS Settings :: Time to save 17.3959ms
[2026-02-11 15:11:39.918 DBG] MeldStudio Settings :: Time to save 16.5487ms
[2026-02-11 15:11:39.930 DBG] Credits :: Time to save 12.6259ms
[2026-02-11 15:11:39.944 DBG] Quotes :: Time to save 13.2281ms
[2026-02-11 15:11:40.013 DBG] Config :: Time to save 21.9935ms
[2026-02-11 15:11:41.961 DBG] ViewerRepo :: UpdatePresence(twitch, 5), 0.0324ms
[2026-02-11 15:11:42.053 DBG] TwitchService :: Presence Timer :: Artificially updated presence with a threshold of 5 minutes (92.6485ms)
[2026-02-11 15:12:41.967 DBG] ViewerRepo :: UpdatePresence(twitch, 5), 0.0341ms
[2026-02-11 15:12:42.065 DBG] TwitchService :: Presence Timer :: Artificially updated presence with a threshold of 5 minutes (98.5368ms)
[2026-02-11 15:13:15.888 DBG] ActionDispatcher :: Queueing 'Enable Rads' (a6f39ad9-e4df-4cc5-8d10-46e610fa0067, ObsSceneChanged) to 'Default' (00000000-0000-0000-0000-000000000000), with 15 arguments
[2026-02-11 15:13:15.888 DBG] ActionQueue :: 'Default' (00000000-0000-0000-0000-000000000000) :: Enqueue action a6f39ad9-e4df-4cc5-8d10-46e610fa0067
[2026-02-11 15:13:15.888 DBG] ActionQueue :: 'Default' (00000000-0000-0000-0000-000000000000) :: Handling queue
[2026-02-11 15:13:15.888 DBG] ActionQueue :: 'Default' (00000000-0000-0000-0000-000000000000) :: Performing non-blocking 'Enable Rads' (a6f39ad9-e4df-4cc5-8d10-46e610fa0067, a87b26b5-1d55-4e0e-944e-1c8e29ac3816)
[2026-02-11 15:13:16.668 DBG] ActionDispatcher :: Queueing 'Enable Rads' (a6f39ad9-e4df-4cc5-8d10-46e610fa0067, ObsSceneChanged) to 'Default' (00000000-0000-0000-0000-000000000000), with 15 arguments
[2026-02-11 15:13:16.668 DBG] ActionQueue :: 'Default' (00000000-0000-0000-0000-000000000000) :: Enqueue action a6f39ad9-e4df-4cc5-8d10-46e610fa0067
[2026-02-11 15:13:16.668 DBG] ActionQueue :: 'Default' (00000000-0000-0000-0000-000000000000) :: Handling queue
[2026-02-11 15:13:16.668 DBG] ActionQueue :: 'Default' (00000000-0000-0000-0000-000000000000) :: Performing non-blocking 'Enable Rads' (a6f39ad9-e4df-4cc5-8d10-46e610fa0067, b541b3e9-cbe8-40dc-ac10-ebf8b3a2b93b)
[2026-02-11 15:13:30.142 DBG] ActionDispatcher :: Queueing 'Change Recording Name' (c15a2aca-4005-4965-8f44-accb9781c365, ObsRecordingStopped) to 'Default' (00000000-0000-0000-0000-000000000000), with 14 arguments
[2026-02-11 15:13:30.142 DBG] ActionQueue :: 'Default' (00000000-0000-0000-0000-000000000000) :: Enqueue action c15a2aca-4005-4965-8f44-accb9781c365
[2026-02-11 15:13:30.142 DBG] ActionQueue :: 'Default' (00000000-0000-0000-0000-000000000000) :: Handling queue
[2026-02-11 15:13:30.142 DBG] ActionQueue :: 'Default' (00000000-0000-0000-0000-000000000000) :: Performing non-blocking 'Change Recording Name' (c15a2aca-4005-4965-8f44-accb9781c365, a3c29eee-da1b-431c-a181-107b83b7ec15)
[2026-02-11 15:13:35.157 DBG] InlineCode :: Running default entry point from instance '61905987-ff40-4d4b-b6de-009d25230bd2'
[2026-02-11 15:13:35.158 ERR] InlineCode :: There was an error running the instance for ''
System.IO.FileNotFoundException: Could not find file 'C:\Users\littl\Videos\Stream Recordings\.mp4'.
File name: 'C:\Users\littl\Videos\Stream Recordings\.mp4'
   at System.IO.__Error.WinIOError(Int32 errorCode, String maybeFullPath)
   at System.IO.File.InternalMove(String sourceFileName, String destFileName, Boolean checkHost)
   at h36a11a1b6d24c488b419c3cea36662b.CPHInline.Execute()
   at _qvWICFSGcJadAvnFSAXKD499KME._ICRxweZUix6yibvD2P8Y1CZjvBo(Dictionary`2 , String )
   at _qvWICFSGcJadAvnFSAXKD499KME._ICRxweZUix6yibvD2P8Y1CZjvBo(Dictionary`2 , String )
   at _mOmTqYKGqI4jFJa5lSTzEWXpfki._GjMSMDhB6FZ7HMt6ai4dt6t2iPg(Guid , _mt6qaYtzB3KbzHISkTBJYnHYjIA , Dictionary`2 , String , Boolean )
   at _c5L3xg5oCj0mC8CAVh1U0QxPwGh._C5dwc2njiIyGqFaPne8at5tflcD.MoveNext()
[2026-02-11 15:13:41.976 DBG] ViewerRepo :: UpdatePresence(twitch, 5), 0.0447ms
[2026-02-11 15:13:42.000 DBG] ActionDispatcher :: Queueing 'Psychadelic' (0ba474eb-8060-45c1-8fb1-bcfceefbf84a, TwitchRewardRedemption) to 'Default' (00000000-0000-0000-0000-000000000000), initiated by scrublife92 with 33 arguments
[2026-02-11 15:13:42.000 DBG] ActionQueue :: 'Default' (00000000-0000-0000-0000-000000000000) :: Enqueue action 0ba474eb-8060-45c1-8fb1-bcfceefbf84a
[2026-02-11 15:13:42.000 DBG] ActionQueue :: 'Default' (00000000-0000-0000-0000-000000000000) :: Handling queue
[2026-02-11 15:13:42.000 DBG] ActionQueue :: 'Default' (00000000-0000-0000-0000-000000000000) :: Performing non-blocking 'Psychadelic' (0ba474eb-8060-45c1-8fb1-bcfceefbf84a, ad6f8803-550e-4f79-9c37-fad5ec97d423), initiated by scrublife92 with 34 arguments
[2026-02-11 15:13:42.073 DBG] TwitchService :: Presence Timer :: Artificially updated presence with a threshold of 5 minutes (96.717ms)
[2026-02-11 15:14:41.977 DBG] ViewerRepo :: UpdatePresence(twitch, 5), 0.0339ms
[2026-02-11 15:14:42.074 DBG] TwitchService :: Presence Timer :: Artificially updated presence with a threshold of 5 minutes (96.633ms)
[2026-02-11 15:15:41.982 DBG] ViewerRepo :: UpdatePresence(twitch, 5), 0.0333ms
[2026-02-11 15:15:42.079 DBG] TwitchService :: Presence Timer :: Artificially updated presence with a threshold of 5 minutes (97.5378ms)
[2026-02-11 15:16:33.448 DBG] Credits :: Time to save 19.1588ms
[2026-02-11 15:16:40.041 DBG] AutoSave :: Auto saving settings...
[2026-02-11 15:16:40.061 DBG] Users :: Time to save 20.2208ms
[2026-02-11 15:16:40.085 DBG] Actions :: Time to save 23.7777ms
[2026-02-11 15:16:40.102 DBG] Commands :: Time to save 17.6865ms
[2026-02-11 15:16:40.121 DBG] Twitch Rewards :: Time to save 18.8387ms
[2026-02-11 15:16:40.133 DBG] Midi :: Time to save 12.3433ms
[2026-02-11 15:16:40.150 DBG] OBS Settings :: Time to save 16.1078ms
[2026-02-11 15:16:40.168 DBG] MeldStudio Settings :: Time to save 18.6708ms
[2026-02-11 15:16:40.187 DBG] Credits :: Time to save 18.8755ms
[2026-02-11 15:16:40.206 DBG] Quotes :: Time to save 18.7191ms
[2026-02-11 15:16:40.266 DBG] Config :: Time to save 22.2477ms
[2026-02-11 15:16:41.991 DBG] ViewerRepo :: UpdatePresence(twitch, 5), 0.0316ms
[2026-02-11 15:16:42.091 DBG] TwitchService :: Presence Timer :: Artificially updated presence with a threshold of 5 minutes (100.1472ms)
[2026-02-11 15:17:11.535 DBG] ActionDispatcher :: Queueing 'Psychadelic' (0ba474eb-8060-45c1-8fb1-bcfceefbf84a, TwitchRewardRedemption) to 'Default' (00000000-0000-0000-0000-000000000000), initiated by wreckage7861 with 33 arguments
[2026-02-11 15:17:11.535 DBG] ActionQueue :: 'Default' (00000000-0000-0000-0000-000000000000) :: Enqueue action 0ba474eb-8060-45c1-8fb1-bcfceefbf84a
[2026-02-11 15:17:11.535 DBG] ActionQueue :: 'Default' (00000000-0000-0000-0000-000000000000) :: Handling queue
[2026-02-11 15:17:11.535 DBG] ActionQueue :: 'Default' (00000000-0000-0000-0000-000000000000) :: Performing non-blocking 'Psychadelic' (0ba474eb-8060-45c1-8fb1-bcfceefbf84a, b7670733-8f20-4595-9a15-a9c0d6239dbe), initiated by wreckage7861 with 34 arguments
[2026-02-11 15:17:41.997 DBG] ViewerRepo :: UpdatePresence(twitch, 5), 0.0362ms
[2026-02-11 15:17:42.089 DBG] TwitchService :: Presence Timer :: Artificially updated presence with a threshold of 5 minutes (92.3848ms)
[2026-02-11 15:17:47.627 DBG] ActionDispatcher :: Queueing 'Psychadelic' (0ba474eb-8060-45c1-8fb1-bcfceefbf84a, TwitchRewardRedemption) to 'Default' (00000000-0000-0000-0000-000000000000), initiated by recedingvariationbazyp with 33 arguments
[2026-02-11 15:17:47.627 DBG] ActionQueue :: 'Default' (00000000-0000-0000-0000-000000000000) :: Enqueue action 0ba474eb-8060-45c1-8fb1-bcfceefbf84a
[2026-02-11 15:17:47.627 DBG] ActionQueue :: 'Default' (00000000-0000-0000-0000-000000000000) :: Handling queue
[2026-02-11 15:17:47.627 DBG] ActionQueue :: 'Default' (00000000-0000-0000-0000-000000000000) :: Performing non-blocking 'Psychadelic' (0ba474eb-8060-45c1-8fb1-bcfceefbf84a, 35d7b197-6e58-4371-a47e-a993a534a335), initiated by recedingvariationbazyp with 34 arguments
[2026-02-11 15:18:18.218 DBG] ActionDispatcher :: Queueing 'Flashbang' (6294f14b-9334-40ac-9a84-a6db249555f6, TwitchRewardRedemption) to 'Default' (00000000-0000-0000-0000-000000000000), initiated by jwongs with 33 arguments
[2026-02-11 15:18:18.218 DBG] ActionQueue :: 'Default' (00000000-0000-0000-0000-000000000000) :: Enqueue action 6294f14b-9334-40ac-9a84-a6db249555f6
[2026-02-11 15:18:18.218 DBG] ActionQueue :: 'Default' (00000000-0000-0000-0000-000000000000) :: Handling queue
[2026-02-11 15:18:18.220 DBG] ActionQueue :: 'Default' (00000000-0000-0000-0000-000000000000) :: Performing non-blocking 'Flashbang' (6294f14b-9334-40ac-9a84-a6db249555f6, 1bca0d78-9328-454e-abf5-2976c7853dc6), initiated by jwongs with 34 arguments
[2026-02-11 15:18:42.003 DBG] ViewerRepo :: UpdatePresence(twitch, 5), 0.0342ms
[2026-02-11 15:18:42.097 DBG] TwitchService :: Presence Timer :: Artificially updated presence with a threshold of 5 minutes (94.3755ms)
[2026-02-11 15:19:42.007 DBG] ViewerRepo :: UpdatePresence(twitch, 5), 0.0325ms
[2026-02-11 15:19:42.103 DBG] TwitchService :: Presence Timer :: Artificially updated presence with a threshold of 5 minutes (96.5659ms)
[2026-02-11 15:19:50.256 DBG] ActionDispatcher :: Queueing 'Flashbang' (6294f14b-9334-40ac-9a84-a6db249555f6, TwitchRewardRedemption) to 'Default' (00000000-0000-0000-0000-000000000000), initiated by payasomax420 with 33 arguments
[2026-02-11 15:19:50.256 DBG] ActionQueue :: 'Default' (00000000-0000-0000-0000-000000000000) :: Enqueue action 6294f14b-9334-40ac-9a84-a6db249555f6
[2026-02-11 15:19:50.256 DBG] ActionQueue :: 'Default' (00000000-0000-0000-0000-000000000000) :: Handling queue
[2026-02-11 15:19:50.256 DBG] ActionQueue :: 'Default' (00000000-0000-0000-0000-000000000000) :: Performing non-blocking 'Flashbang' (6294f14b-9334-40ac-9a84-a6db249555f6, 93a95583-12e3-46c0-ae3c-03b5d905493e), initiated by payasomax420 with 34 arguments
[2026-02-11 15:20:42.019 DBG] ViewerRepo :: UpdatePresence(twitch, 5), 0.0466ms
[2026-02-11 15:20:42.115 DBG] TwitchService :: Presence Timer :: Artificially updated presence with a threshold of 5 minutes (97.1089ms)
[2026-02-11 15:21:33.452 DBG] Credits :: Time to save 21.2166ms
[2026-02-11 15:21:35.054 DBG] ActionDispatcher :: Queueing 'Sub Goal' (361aa588-5f31-4e19-b8a5-099cae52479d, TimedAction) to 'Default' (00000000-0000-0000-0000-000000000000), with 11 arguments
[2026-02-11 15:21:35.054 DBG] ActionQueue :: 'Default' (00000000-0000-0000-0000-000000000000) :: Enqueue action 361aa588-5f31-4e19-b8a5-099cae52479d
[2026-02-11 15:21:35.054 DBG] ActionQueue :: 'Default' (00000000-0000-0000-0000-000000000000) :: Handling queue
[2026-02-11 15:21:35.054 DBG] ActionQueue :: 'Default' (00000000-0000-0000-0000-000000000000) :: Performing non-blocking 'Sub Goal' (361aa588-5f31-4e19-b8a5-099cae52479d, 13d6a880-2e15-4c6a-99bf-df6db5c50a06)
[2026-02-11 15:21:40.274 DBG] AutoSave :: Auto saving settings...
[2026-02-11 15:21:40.296 DBG] Users :: Time to save 22.6168ms
[2026-02-11 15:21:40.322 DBG] Actions :: Time to save 26.1783ms
[2026-02-11 15:21:40.343 DBG] Commands :: Time to save 20.8074ms
[2026-02-11 15:21:40.364 DBG] Twitch Rewards :: Time to save 20.707ms
[2026-02-11 15:21:40.380 DBG] Midi :: Time to save 16.2251ms
[2026-02-11 15:21:40.398 DBG] OBS Settings :: Time to save 18.303ms
[2026-02-11 15:21:40.416 DBG] MeldStudio Settings :: Time to save 17.1528ms
[2026-02-11 15:21:40.433 DBG] Credits :: Time to save 17.9375ms
[2026-02-11 15:21:40.449 DBG] Quotes :: Time to save 15.3387ms
[2026-02-11 15:21:40.502 DBG] Config :: Time to save 24.4039ms
[2026-02-11 15:21:42.025 DBG] ViewerRepo :: UpdatePresence(twitch, 5), 0.0336ms
[2026-02-11 15:21:42.121 DBG] TwitchService :: Presence Timer :: Artificially updated presence with a threshold of 5 minutes (96.1431ms)
[2026-02-11 15:22:04.768 DBG] ActionDispatcher :: Queueing 'Change Recording Name' (c15a2aca-4005-4965-8f44-accb9781c365, ObsRecordingStopped) to 'Default' (00000000-0000-0000-0000-000000000000), with 13 arguments
[2026-02-11 15:22:04.768 DBG] ActionQueue :: 'Default' (00000000-0000-0000-0000-000000000000) :: Enqueue action c15a2aca-4005-4965-8f44-accb9781c365
[2026-02-11 15:22:04.768 DBG] ActionQueue :: 'Default' (00000000-0000-0000-0000-000000000000) :: Handling queue
[2026-02-11 15:22:04.768 DBG] ActionQueue :: 'Default' (00000000-0000-0000-0000-000000000000) :: Performing non-blocking 'Change Recording Name' (c15a2aca-4005-4965-8f44-accb9781c365, 77608e63-736c-4d2d-9223-eebc600d0301)
[2026-02-11 15:22:09.775 DBG] InlineCode :: Running default entry point from instance '61905987-ff40-4d4b-b6de-009d25230bd2'
[2026-02-11 15:22:32.701 DBG] ActionDispatcher :: Queueing 'Flashbang' (6294f14b-9334-40ac-9a84-a6db249555f6, TwitchRewardRedemption) to 'Default' (00000000-0000-0000-0000-000000000000), initiated by twiztedtrench with 33 arguments
[2026-02-11 15:22:32.701 DBG] ActionQueue :: 'Default' (00000000-0000-0000-0000-000000000000) :: Enqueue action 6294f14b-9334-40ac-9a84-a6db249555f6
[2026-02-11 15:22:32.701 DBG] ActionQueue :: 'Default' (00000000-0000-0000-0000-000000000000) :: Handling queue
[2026-02-11 15:22:32.701 DBG] ActionQueue :: 'Default' (00000000-0000-0000-0000-000000000000) :: Performing non-blocking 'Flashbang' (6294f14b-9334-40ac-9a84-a6db249555f6, 941ad7d6-19ef-4356-bb11-c036e4c2a6a7), initiated by twiztedtrench with 34 arguments
[2026-02-11 15:22:42.030 DBG] ViewerRepo :: UpdatePresence(twitch, 5), 0.0326ms
[2026-02-11 15:22:42.129 DBG] TwitchService :: Presence Timer :: Artificially updated presence with a threshold of 5 minutes (99.8896ms)
[2026-02-11 15:22:44.801 DBG] ActionDispatcher :: Queueing 'Change Recording Name' (c15a2aca-4005-4965-8f44-accb9781c365, ObsRecordingStopped) to 'Default' (00000000-0000-0000-0000-000000000000), with 13 arguments
[2026-02-11 15:22:44.801 DBG] ActionQueue :: 'Default' (00000000-0000-0000-0000-000000000000) :: Enqueue action c15a2aca-4005-4965-8f44-accb9781c365
[2026-02-11 15:22:44.801 DBG] ActionQueue :: 'Default' (00000000-0000-0000-0000-000000000000) :: Handling queue
[2026-02-11 15:22:44.801 DBG] ActionQueue :: 'Default' (00000000-0000-0000-0000-000000000000) :: Performing non-blocking 'Change Recording Name' (c15a2aca-4005-4965-8f44-accb9781c365, 987b3dc4-93d3-432e-8dfe-1e2813e47ec9)
[2026-02-11 15:22:49.811 DBG] InlineCode :: Running default entry point from instance '61905987-ff40-4d4b-b6de-009d25230bd2'
[2026-02-11 15:23:42.041 DBG] ViewerRepo :: UpdatePresence(twitch, 5), 0.0335ms
[2026-02-11 15:23:42.138 DBG] TwitchService :: Presence Timer :: Artificially updated presence with a threshold of 5 minutes (97.2077ms)
[2026-02-11 15:23:59.464 DBG] ActionDispatcher :: Queueing 'Psychadelic' (0ba474eb-8060-45c1-8fb1-bcfceefbf84a, TwitchRewardRedemption) to 'Default' (00000000-0000-0000-0000-000000000000), initiated by mizersllama with 33 arguments
[2026-02-11 15:23:59.464 DBG] ActionQueue :: 'Default' (00000000-0000-0000-0000-000000000000) :: Enqueue action 0ba474eb-8060-45c1-8fb1-bcfceefbf84a
[2026-02-11 15:23:59.464 DBG] ActionQueue :: 'Default' (00000000-0000-0000-0000-000000000000) :: Handling queue
[2026-02-11 15:23:59.464 DBG] ActionQueue :: 'Default' (00000000-0000-0000-0000-000000000000) :: Performing non-blocking 'Psychadelic' (0ba474eb-8060-45c1-8fb1-bcfceefbf84a, 1b415934-c526-4128-b81e-9d0bcea0bc61), initiated by mizersllama with 34 arguments
[2026-02-11 15:24:42.045 DBG] ViewerRepo :: UpdatePresence(twitch, 5), 0.0344ms
[2026-02-11 15:24:42.139 DBG] TwitchService :: Presence Timer :: Artificially updated presence with a threshold of 5 minutes (94.0454ms)
[2026-02-11 15:24:45.815 DBG] ActionDispatcher :: Queueing 'Psychadelic' (0ba474eb-8060-45c1-8fb1-bcfceefbf84a, TwitchRewardRedemption) to 'Default' (00000000-0000-0000-0000-000000000000), initiated by rubysgyat with 33 arguments
[2026-02-11 15:24:45.815 DBG] ActionQueue :: 'Default' (00000000-0000-0000-0000-000000000000) :: Enqueue action 0ba474eb-8060-45c1-8fb1-bcfceefbf84a
[2026-02-11 15:24:45.815 DBG] ActionQueue :: 'Default' (00000000-0000-0000-0000-000000000000) :: Handling queue
[2026-02-11 15:24:45.815 DBG] ActionQueue :: 'Default' (00000000-0000-0000-0000-000000000000) :: Performing non-blocking 'Psychadelic' (0ba474eb-8060-45c1-8fb1-bcfceefbf84a, e5d545a1-7d34-48b4-9a32-3020d0f8f696), initiated by rubysgyat with 34 arguments
[2026-02-11 15:24:50.519 DBG] Streamer.bot Website Socket :: Disconnected
[2026-02-11 15:24:50.521 INF] Streamer.bot Service :: Disconnected from Website Client
[2026-02-11 15:24:52.522 DBG] Streamer.bot Service :: Retrying website client connection
[2026-02-11 15:24:52.522 INF] Streamer.bot Service :: Connecting to Website Client
[2026-02-11 15:24:52.522 DBG] Streamer.bot Website Socket :: Opening connection
[2026-02-11 15:24:52.857 INF] Streamer.bot Service :: Website Client authenticated
[2026-02-11 15:24:52.857 INF] Streamer.bot Service :: Connected to Website Client
[2026-02-11 15:25:33.170 DBG] ActionDispatcher :: Queueing 'Psychadelic' (0ba474eb-8060-45c1-8fb1-bcfceefbf84a, TwitchRewardRedemption) to 'Blocking Queue' (b010a7bd-2056-4238-9302-fad378219231), initiated by fourthwallhq with 33 arguments
[2026-02-11 15:25:33.170 DBG] ActionQueue :: 'Blocking Queue' (b010a7bd-2056-4238-9302-fad378219231) :: Enqueue action 0ba474eb-8060-45c1-8fb1-bcfceefbf84a
[2026-02-11 15:25:33.170 DBG] ActionQueue :: 'Blocking Queue' (b010a7bd-2056-4238-9302-fad378219231) :: Handling queue
[2026-02-11 15:25:33.170 DBG] ActionQueue :: 'Blocking Queue' (b010a7bd-2056-4238-9302-fad378219231) :: Performing blocking 'Psychadelic' (0ba474eb-8060-45c1-8fb1-bcfceefbf84a, 347c706c-873a-472b-849a-317f4b5cc758), initiated by fourthwallhq with 34 arguments
[2026-02-11 15:25:42.059 DBG] ViewerRepo :: UpdatePresence(twitch, 5), 0.0356ms
[2026-02-11 15:25:42.158 DBG] TwitchService :: Presence Timer :: Artificially updated presence with a threshold of 5 minutes (99.6098ms)
[2026-02-11 15:26:33.468 DBG] Credits :: Time to save 22.3099ms
[2026-02-11 15:26:40.519 DBG] AutoSave :: Auto saving settings...
[2026-02-11 15:26:40.540 DBG] Users :: Time to save 21.152ms
[2026-02-11 15:26:40.565 DBG] Actions :: Time to save 25.4729ms
[2026-02-11 15:26:40.586 DBG] Commands :: Time to save 21.1778ms
[2026-02-11 15:26:40.607 DBG] Twitch Rewards :: Time to save 19.7635ms
[2026-02-11 15:26:40.624 DBG] Midi :: Time to save 17.3109ms
[2026-02-11 15:26:40.640 DBG] OBS Settings :: Time to save 16.1463ms
[2026-02-11 15:26:40.653 DBG] MeldStudio Settings :: Time to save 13.3025ms
[2026-02-11 15:26:40.671 DBG] Credits :: Time to save 17.3898ms
[2026-02-11 15:26:40.690 DBG] Quotes :: Time to save 19.1614ms
[2026-02-11 15:26:40.751 DBG] Config :: Time to save 15.9355ms
[2026-02-11 15:26:42.079 DBG] ViewerRepo :: UpdatePresence(twitch, 5), 0.0433ms
[2026-02-11 15:26:42.172 DBG] TwitchService :: Presence Timer :: Artificially updated presence with a threshold of 5 minutes (92.5255ms)
[2026-02-11 15:27:42.094 DBG] ViewerRepo :: UpdatePresence(twitch, 5), 0.035ms
[2026-02-11 15:27:42.192 DBG] TwitchService :: Presence Timer :: Artificially updated presence with a threshold of 5 minutes (97.4955ms)
[2026-02-11 15:28:42.103 DBG] ViewerRepo :: UpdatePresence(twitch, 5), 0.0345ms
[2026-02-11 15:28:42.194 DBG] TwitchService :: Presence Timer :: Artificially updated presence with a threshold of 5 minutes (91.0904ms)
[2026-02-11 15:29:39.385 DBG] ActionDispatcher :: Queueing 'Enable Rads' (a6f39ad9-e4df-4cc5-8d10-46e610fa0067, ObsSceneChanged) to 'Default' (00000000-0000-0000-0000-000000000000), with 15 arguments
[2026-02-11 15:29:39.385 DBG] ActionQueue :: 'Default' (00000000-0000-0000-0000-000000000000) :: Enqueue action a6f39ad9-e4df-4cc5-8d10-46e610fa0067
[2026-02-11 15:29:39.385 DBG] ActionQueue :: 'Default' (00000000-0000-0000-0000-000000000000) :: Handling queue
[2026-02-11 15:29:39.385 DBG] ActionQueue :: 'Default' (00000000-0000-0000-0000-000000000000) :: Performing non-blocking 'Enable Rads' (a6f39ad9-e4df-4cc5-8d10-46e610fa0067, 66bde378-6b0d-4c04-a7af-e65fda9a9e34)
[2026-02-11 15:29:40.983 DBG] ActionDispatcher :: Queueing 'User Banned' (5e3037f6-014e-48b7-8fc0-cea63e523202, TwitchUserBanned) to 'Default' (00000000-0000-0000-0000-000000000000), initiated by badbxtch888 with 27 arguments
[2026-02-11 15:29:40.983 DBG] ActionQueue :: 'Default' (00000000-0000-0000-0000-000000000000) :: Enqueue action 5e3037f6-014e-48b7-8fc0-cea63e523202
[2026-02-11 15:29:40.983 DBG] ActionQueue :: 'Default' (00000000-0000-0000-0000-000000000000) :: Handling queue
[2026-02-11 15:29:40.983 DBG] ActionQueue :: 'Default' (00000000-0000-0000-0000-000000000000) :: Performing non-blocking 'User Banned' (5e3037f6-014e-48b7-8fc0-cea63e523202, ffbd7070-82c7-4c58-bab0-33443e39b181), initiated by badbxtch888 with 28 arguments
[2026-02-11 15:29:42.109 DBG] ViewerRepo :: UpdatePresence(twitch, 5), 0.0323ms
[2026-02-11 15:29:42.207 DBG] TwitchService :: Presence Timer :: Artificially updated presence with a threshold of 5 minutes (98.3283ms)
[2026-02-11 15:30:42.127 DBG] ViewerRepo :: UpdatePresence(twitch, 5), 0.0323ms
[2026-02-11 15:30:42.226 DBG] TwitchService :: Presence Timer :: Artificially updated presence with a threshold of 5 minutes (100.3938ms)
[2026-02-11 15:31:33.477 DBG] Credits :: Time to save 20.6705ms
[2026-02-11 15:31:35.687 DBG] ActionDispatcher :: Queueing 'Sub Goal' (361aa588-5f31-4e19-b8a5-099cae52479d, TimedAction) to 'Default' (00000000-0000-0000-0000-000000000000), with 11 arguments
[2026-02-11 15:31:35.687 DBG] ActionQueue :: 'Default' (00000000-0000-0000-0000-000000000000) :: Enqueue action 361aa588-5f31-4e19-b8a5-099cae52479d
[2026-02-11 15:31:35.687 DBG] ActionQueue :: 'Default' (00000000-0000-0000-0000-000000000000) :: Handling queue
[2026-02-11 15:31:35.687 DBG] ActionQueue :: 'Default' (00000000-0000-0000-0000-000000000000) :: Performing non-blocking 'Sub Goal' (361aa588-5f31-4e19-b8a5-099cae52479d, 16e48096-4f7d-475b-b207-8f4bc29c429d)
[2026-02-11 15:31:40.769 DBG] AutoSave :: Auto saving settings...
[2026-02-11 15:31:40.785 DBG] Users :: Time to save 15.8383ms
[2026-02-11 15:31:40.803 DBG] Actions :: Time to save 18.6229ms
[2026-02-11 15:31:40.818 DBG] Commands :: Time to save 14.2914ms
[2026-02-11 15:31:40.837 DBG] Twitch Rewards :: Time to save 18.8928ms
[2026-02-11 15:31:40.854 DBG] Midi :: Time to save 16.6416ms
[2026-02-11 15:31:40.867 DBG] OBS Settings :: Time to save 14.0986ms
[2026-02-11 15:31:40.880 DBG] MeldStudio Settings :: Time to save 11.5373ms
[2026-02-11 15:31:40.895 DBG] Credits :: Time to save 15.7639ms
[2026-02-11 15:31:40.908 DBG] Quotes :: Time to save 12.8397ms
[2026-02-11 15:31:40.986 DBG] Config :: Time to save 14.5058ms
[2026-02-11 15:31:42.134 DBG] ViewerRepo :: UpdatePresence(twitch, 5), 0.0338ms
[2026-02-11 15:31:42.228 DBG] TwitchService :: Presence Timer :: Artificially updated presence with a threshold of 5 minutes (94.3452ms)
[2026-02-11 15:31:45.536 DBG] ActionDispatcher :: Queueing 'Enable Rads' (a6f39ad9-e4df-4cc5-8d10-46e610fa0067, ObsSceneChanged) to 'Default' (00000000-0000-0000-0000-000000000000), with 15 arguments
[2026-02-11 15:31:45.536 DBG] ActionQueue :: 'Default' (00000000-0000-0000-0000-000000000000) :: Enqueue action a6f39ad9-e4df-4cc5-8d10-46e610fa0067
[2026-02-11 15:31:45.536 DBG] ActionQueue :: 'Default' (00000000-0000-0000-0000-000000000000) :: Handling queue
[2026-02-11 15:31:45.536 DBG] ActionQueue :: 'Default' (00000000-0000-0000-0000-000000000000) :: Performing non-blocking 'Enable Rads' (a6f39ad9-e4df-4cc5-8d10-46e610fa0067, e83034f9-cca4-46aa-83dc-9ef0dd031011)
[2026-02-11 15:32:22.026 DBG] ActionDispatcher :: Queueing 'User Banned' (5e3037f6-014e-48b7-8fc0-cea63e523202, TwitchUserBanned) to 'Default' (00000000-0000-0000-0000-000000000000), initiated by freakzilla with 27 arguments
[2026-02-11 15:32:22.027 DBG] ActionQueue :: 'Default' (00000000-0000-0000-0000-000000000000) :: Enqueue action 5e3037f6-014e-48b7-8fc0-cea63e523202
[2026-02-11 15:32:22.027 DBG] ActionQueue :: 'Default' (00000000-0000-0000-0000-000000000000) :: Handling queue
[2026-02-11 15:32:22.027 DBG] ActionQueue :: 'Default' (00000000-0000-0000-0000-000000000000) :: Performing non-blocking 'User Banned' (5e3037f6-014e-48b7-8fc0-cea63e523202, 36b901ff-db5d-4447-a372-65b319c23538), initiated by freakzilla with 28 arguments
[2026-02-11 15:32:42.148 DBG] ViewerRepo :: UpdatePresence(twitch, 5), 0.0327ms
[2026-02-11 15:32:42.245 DBG] TwitchService :: Presence Timer :: Artificially updated presence with a threshold of 5 minutes (97.4638ms)
[2026-02-11 15:33:42.162 DBG] ViewerRepo :: UpdatePresence(twitch, 5), 0.0332ms
[2026-02-11 15:33:42.261 DBG] TwitchService :: Presence Timer :: Artificially updated presence with a threshold of 5 minutes (99.1124ms)
[2026-02-11 15:34:42.172 DBG] ViewerRepo :: UpdatePresence(twitch, 5), 0.034ms
[2026-02-11 15:34:42.269 DBG] TwitchService :: Presence Timer :: Artificially updated presence with a threshold of 5 minutes (97.4875ms)
[2026-02-11 15:35:42.184 DBG] ViewerRepo :: UpdatePresence(twitch, 5), 0.0346ms
[2026-02-11 15:35:42.276 DBG] TwitchService :: Presence Timer :: Artificially updated presence with a threshold of 5 minutes (92.1679ms)
[2026-02-11 15:36:33.481 DBG] Credits :: Time to save 19.846ms
[2026-02-11 15:36:41.004 DBG] AutoSave :: Auto saving settings...
[2026-02-11 15:36:41.025 DBG] Users :: Time to save 21.1278ms
[2026-02-11 15:36:41.049 DBG] Actions :: Time to save 24.3703ms
[2026-02-11 15:36:41.068 DBG] Commands :: Time to save 18.8324ms
[2026-02-11 15:36:41.087 DBG] Twitch Rewards :: Time to save 19.2941ms
[2026-02-11 15:36:41.099 DBG] Midi :: Time to save 11.8712ms
[2026-02-11 15:36:41.110 DBG] OBS Settings :: Time to save 11.2641ms
[2026-02-11 15:36:41.126 DBG] MeldStudio Settings :: Time to save 15.5854ms
[2026-02-11 15:36:41.138 DBG] Credits :: Time to save 12.0552ms
[2026-02-11 15:36:41.151 DBG] Quotes :: Time to save 12.8872ms
[2026-02-11 15:36:41.227 DBG] Config :: Time to save 20.7401ms
[2026-02-11 15:36:42.189 DBG] ViewerRepo :: UpdatePresence(twitch, 5), 0.031ms
[2026-02-11 15:36:42.283 DBG] TwitchService :: Presence Timer :: Artificially updated presence with a threshold of 5 minutes (94.4388ms)
[2026-02-11 15:37:42.191 DBG] ViewerRepo :: UpdatePresence(twitch, 5), 0.0326ms
[2026-02-11 15:37:42.291 DBG] TwitchService :: Presence Timer :: Artificially updated presence with a threshold of 5 minutes (99.6877ms)
[2026-02-11 15:38:23.999 DBG] ActionDispatcher :: Queueing 'Enable Rads' (a6f39ad9-e4df-4cc5-8d10-46e610fa0067, ObsSceneChanged) to 'Default' (00000000-0000-0000-0000-000000000000), with 15 arguments
[2026-02-11 15:38:23.999 DBG] ActionQueue :: 'Default' (00000000-0000-0000-0000-000000000000) :: Enqueue action a6f39ad9-e4df-4cc5-8d10-46e610fa0067
[2026-02-11 15:38:23.999 DBG] ActionQueue :: 'Default' (00000000-0000-0000-0000-000000000000) :: Handling queue
[2026-02-11 15:38:23.999 DBG] ActionQueue :: 'Default' (00000000-0000-0000-0000-000000000000) :: Performing non-blocking 'Enable Rads' (a6f39ad9-e4df-4cc5-8d10-46e610fa0067, bfaaf466-26d2-4002-9687-419f878e1a54)
[2026-02-11 15:38:26.161 DBG] ActionDispatcher :: Queueing 'User Banned' (5e3037f6-014e-48b7-8fc0-cea63e523202, TwitchUserBanned) to 'Default' (00000000-0000-0000-0000-000000000000), initiated by salutaryoviductwwcsyqp with 27 arguments
[2026-02-11 15:38:26.161 DBG] ActionQueue :: 'Default' (00000000-0000-0000-0000-000000000000) :: Enqueue action 5e3037f6-014e-48b7-8fc0-cea63e523202
[2026-02-11 15:38:26.161 DBG] ActionQueue :: 'Default' (00000000-0000-0000-0000-000000000000) :: Handling queue
[2026-02-11 15:38:26.161 DBG] ActionQueue :: 'Default' (00000000-0000-0000-0000-000000000000) :: Performing non-blocking 'User Banned' (5e3037f6-014e-48b7-8fc0-cea63e523202, 7ace3813-49c9-4396-ad60-8625ec91ca17), initiated by salutaryoviductwwcsyqp with 28 arguments
[2026-02-11 15:38:26.261 DBG] TwitchApi :: Unable to lookup user: "users?login=salutaryoviductwwcsyqp"
[2026-02-11 15:38:42.203 DBG] ViewerRepo :: UpdatePresence(twitch, 5), 0.033ms
[2026-02-11 15:38:42.300 DBG] TwitchService :: Presence Timer :: Artificially updated presence with a threshold of 5 minutes (96.5752ms)
[2026-02-11 15:38:45.801 DBG] ActionDispatcher :: Queueing 'Enable Rads' (a6f39ad9-e4df-4cc5-8d10-46e610fa0067, ObsSceneChanged) to 'Default' (00000000-0000-0000-0000-000000000000), with 15 arguments
[2026-02-11 15:38:45.801 DBG] ActionQueue :: 'Default' (00000000-0000-0000-0000-000000000000) :: Enqueue action a6f39ad9-e4df-4cc5-8d10-46e610fa0067
[2026-02-11 15:38:45.801 DBG] ActionQueue :: 'Default' (00000000-0000-0000-0000-000000000000) :: Handling queue
[2026-02-11 15:38:45.801 DBG] ActionQueue :: 'Default' (00000000-0000-0000-0000-000000000000) :: Performing non-blocking 'Enable Rads' (a6f39ad9-e4df-4cc5-8d10-46e610fa0067, ed093e47-fe99-4cec-9aad-2ca0fa7a0ea9)
[2026-02-11 15:38:47.881 DBG] ActionDispatcher :: Queueing 'User Banned' (5e3037f6-014e-48b7-8fc0-cea63e523202, TwitchUserBanned) to 'Default' (00000000-0000-0000-0000-000000000000), initiated by siriusshots with 27 arguments
[2026-02-11 15:38:47.881 DBG] ActionQueue :: 'Default' (00000000-0000-0000-0000-000000000000) :: Enqueue action 5e3037f6-014e-48b7-8fc0-cea63e523202
[2026-02-11 15:38:47.881 DBG] ActionQueue :: 'Default' (00000000-0000-0000-0000-000000000000) :: Handling queue
[2026-02-11 15:38:47.881 DBG] ActionQueue :: 'Default' (00000000-0000-0000-0000-000000000000) :: Performing non-blocking 'User Banned' (5e3037f6-014e-48b7-8fc0-cea63e523202, d2ecf55d-f2de-4761-926d-abeb25f796e4), initiated by siriusshots with 28 arguments
[2026-02-11 15:39:40.719 DBG] ActionDispatcher :: Queueing 'Enable Rads' (a6f39ad9-e4df-4cc5-8d10-46e610fa0067, ObsSceneChanged) to 'Default' (00000000-0000-0000-0000-000000000000), with 15 arguments
[2026-02-11 15:39:40.719 DBG] ActionQueue :: 'Default' (00000000-0000-0000-0000-000000000000) :: Enqueue action a6f39ad9-e4df-4cc5-8d10-46e610fa0067
[2026-02-11 15:39:40.719 DBG] ActionQueue :: 'Default' (00000000-0000-0000-0000-000000000000) :: Handling queue
[2026-02-11 15:39:40.719 DBG] ActionQueue :: 'Default' (00000000-0000-0000-0000-000000000000) :: Performing non-blocking 'Enable Rads' (a6f39ad9-e4df-4cc5-8d10-46e610fa0067, c83814e7-20e4-4d0c-9207-6c83ad3168d4)
[2026-02-11 15:39:42.210 DBG] ViewerRepo :: UpdatePresence(twitch, 5), 0.0585ms
[2026-02-11 15:39:42.309 DBG] TwitchService :: Presence Timer :: Artificially updated presence with a threshold of 5 minutes (99.3153ms)
[2026-02-11 15:40:42.212 DBG] ViewerRepo :: UpdatePresence(twitch, 5), 0.036ms
[2026-02-11 15:40:42.314 DBG] TwitchService :: Presence Timer :: Artificially updated presence with a threshold of 5 minutes (101.6761ms)
[2026-02-11 15:41:08.196 DBG] ActionDispatcher :: Queueing 'Psychadelic' (0ba474eb-8060-45c1-8fb1-bcfceefbf84a, TwitchRewardRedemption) to 'Blocking Queue' (b010a7bd-2056-4238-9302-fad378219231), initiated by redfirextrevor with 33 arguments
[2026-02-11 15:41:08.196 DBG] ActionQueue :: 'Blocking Queue' (b010a7bd-2056-4238-9302-fad378219231) :: Enqueue action 0ba474eb-8060-45c1-8fb1-bcfceefbf84a
[2026-02-11 15:41:08.196 DBG] ActionQueue :: 'Blocking Queue' (b010a7bd-2056-4238-9302-fad378219231) :: Handling queue
[2026-02-11 15:41:08.196 DBG] ActionQueue :: 'Blocking Queue' (b010a7bd-2056-4238-9302-fad378219231) :: Performing blocking 'Psychadelic' (0ba474eb-8060-45c1-8fb1-bcfceefbf84a, f4d5e458-8002-44f8-b570-fdcc15075e9b), initiated by redfirextrevor with 34 arguments
[2026-02-11 15:41:33.479 DBG] Credits :: Time to save 14.4738ms
[2026-02-11 15:41:36.322 DBG] ActionDispatcher :: Queueing 'Sub Goal' (361aa588-5f31-4e19-b8a5-099cae52479d, TimedAction) to 'Default' (00000000-0000-0000-0000-000000000000), with 11 arguments
[2026-02-11 15:41:36.322 DBG] ActionQueue :: 'Default' (00000000-0000-0000-0000-000000000000) :: Enqueue action 361aa588-5f31-4e19-b8a5-099cae52479d
[2026-02-11 15:41:36.322 DBG] ActionQueue :: 'Default' (00000000-0000-0000-0000-000000000000) :: Handling queue
[2026-02-11 15:41:36.322 DBG] ActionQueue :: 'Default' (00000000-0000-0000-0000-000000000000) :: Performing non-blocking 'Sub Goal' (361aa588-5f31-4e19-b8a5-099cae52479d, 667fb898-3df7-44e7-b9e2-9cc2bf59c681)
[2026-02-11 15:41:41.246 DBG] AutoSave :: Auto saving settings...
[2026-02-11 15:41:41.264 DBG] Users :: Time to save 18.2742ms
[2026-02-11 15:41:41.285 DBG] Actions :: Time to save 20.5376ms
[2026-02-11 15:41:41.301 DBG] Commands :: Time to save 15.522ms
[2026-02-11 15:41:41.316 DBG] Twitch Rewards :: Time to save 15.9073ms
[2026-02-11 15:41:41.329 DBG] Midi :: Time to save 13.1644ms
[2026-02-11 15:41:41.343 DBG] OBS Settings :: Time to save 12.8923ms
[2026-02-11 15:41:41.356 DBG] MeldStudio Settings :: Time to save 13.7454ms
[2026-02-11 15:41:41.372 DBG] Credits :: Time to save 15.491ms
[2026-02-11 15:41:41.388 DBG] Quotes :: Time to save 16.614ms
[2026-02-11 15:41:41.474 DBG] Config :: Time to save 27.7038ms
[2026-02-11 15:41:42.215 DBG] ViewerRepo :: UpdatePresence(twitch, 5), 0.0326ms
[2026-02-11 15:41:42.306 DBG] TwitchService :: Presence Timer :: Artificially updated presence with a threshold of 5 minutes (91.4331ms)
[2026-02-11 15:41:54.102 DBG] ActionDispatcher :: Queueing 'Psychadelic' (0ba474eb-8060-45c1-8fb1-bcfceefbf84a, TwitchRewardRedemption) to 'Blocking Queue' (b010a7bd-2056-4238-9302-fad378219231), initiated by gumballv05 with 33 arguments
[2026-02-11 15:41:54.102 DBG] ActionQueue :: 'Blocking Queue' (b010a7bd-2056-4238-9302-fad378219231) :: Enqueue action 0ba474eb-8060-45c1-8fb1-bcfceefbf84a
[2026-02-11 15:41:54.103 DBG] ActionQueue :: 'Blocking Queue' (b010a7bd-2056-4238-9302-fad378219231) :: Handling queue
[2026-02-11 15:41:54.103 DBG] ActionQueue :: 'Blocking Queue' (b010a7bd-2056-4238-9302-fad378219231) :: Performing blocking 'Psychadelic' (0ba474eb-8060-45c1-8fb1-bcfceefbf84a, 98dd0820-ea23-41db-b005-002673adc743), initiated by gumballv05 with 34 arguments
[2026-02-11 15:42:25.404 DBG] ActionDispatcher :: Queueing 'Pucker Up!' (706b6fa6-0cf9-4e57-a8ed-0e994e2384ad, TwitchRewardRedemption) to 'Default' (00000000-0000-0000-0000-000000000000), initiated by regressz with 33 arguments
[2026-02-11 15:42:25.404 DBG] ActionQueue :: 'Default' (00000000-0000-0000-0000-000000000000) :: Enqueue action 706b6fa6-0cf9-4e57-a8ed-0e994e2384ad
[2026-02-11 15:42:25.404 DBG] ActionQueue :: 'Default' (00000000-0000-0000-0000-000000000000) :: Handling queue
[2026-02-11 15:42:25.405 DBG] ActionQueue :: 'Default' (00000000-0000-0000-0000-000000000000) :: Performing non-blocking 'Pucker Up!' (706b6fa6-0cf9-4e57-a8ed-0e994e2384ad, 4859270d-bcb8-438e-818d-f4545cf751ab), initiated by regressz with 34 arguments
[2026-02-11 15:42:38.212 DBG] ActionDispatcher :: Queueing 'My Cabbages!' (38963473-2d8d-43d2-a61b-152e59802d33, TwitchRewardRedemption) to 'Default' (00000000-0000-0000-0000-000000000000), initiated by paperclipcookies with 33 arguments
[2026-02-11 15:42:38.212 DBG] ActionQueue :: 'Default' (00000000-0000-0000-0000-000000000000) :: Enqueue action 38963473-2d8d-43d2-a61b-152e59802d33
[2026-02-11 15:42:38.212 DBG] ActionQueue :: 'Default' (00000000-0000-0000-0000-000000000000) :: Handling queue
[2026-02-11 15:42:38.212 DBG] ActionQueue :: 'Default' (00000000-0000-0000-0000-000000000000) :: Performing non-blocking 'My Cabbages!' (38963473-2d8d-43d2-a61b-152e59802d33, dd66716b-d5ec-456e-98d8-e589d8cbfd9c), initiated by paperclipcookies with 34 arguments
[2026-02-11 15:42:42.226 DBG] ViewerRepo :: UpdatePresence(twitch, 5), 0.0468ms
[2026-02-11 15:42:42.321 DBG] TwitchService :: Presence Timer :: Artificially updated presence with a threshold of 5 minutes (95.4508ms)
[2026-02-11 15:43:42.237 DBG] ViewerRepo :: UpdatePresence(twitch, 5), 0.033ms
[2026-02-11 15:43:42.338 DBG] TwitchService :: Presence Timer :: Artificially updated presence with a threshold of 5 minutes (101.8736ms)
[2026-02-11 15:44:42.244 DBG] ViewerRepo :: UpdatePresence(twitch, 5), 0.0404ms
[2026-02-11 15:44:42.338 DBG] TwitchService :: Presence Timer :: Artificially updated presence with a threshold of 5 minutes (94.7352ms)
[2026-02-11 15:45:19.178 DBG] ActionDispatcher :: Queueing 'My Cabbages!' (38963473-2d8d-43d2-a61b-152e59802d33, TwitchRewardRedemption) to 'Default' (00000000-0000-0000-0000-000000000000), initiated by bstewart1111 with 33 arguments
[2026-02-11 15:45:19.178 DBG] ActionQueue :: 'Default' (00000000-0000-0000-0000-000000000000) :: Enqueue action 38963473-2d8d-43d2-a61b-152e59802d33
[2026-02-11 15:45:19.178 DBG] ActionQueue :: 'Default' (00000000-0000-0000-0000-000000000000) :: Handling queue
[2026-02-11 15:45:19.178 DBG] ActionQueue :: 'Default' (00000000-0000-0000-0000-000000000000) :: Performing non-blocking 'My Cabbages!' (38963473-2d8d-43d2-a61b-152e59802d33, c2d77617-211b-4798-885d-1731f8d036cb), initiated by bstewart1111 with 34 arguments
[2026-02-11 15:45:26.493 DBG] ActionDispatcher :: Queueing 'Psychadelic' (0ba474eb-8060-45c1-8fb1-bcfceefbf84a, TwitchRewardRedemption) to 'Blocking Queue' (b010a7bd-2056-4238-9302-fad378219231), initiated by allnightdom with 33 arguments
[2026-02-11 15:45:26.493 DBG] ActionQueue :: 'Blocking Queue' (b010a7bd-2056-4238-9302-fad378219231) :: Enqueue action 0ba474eb-8060-45c1-8fb1-bcfceefbf84a
[2026-02-11 15:45:26.493 DBG] ActionQueue :: 'Blocking Queue' (b010a7bd-2056-4238-9302-fad378219231) :: Handling queue
[2026-02-11 15:45:26.493 DBG] ActionQueue :: 'Blocking Queue' (b010a7bd-2056-4238-9302-fad378219231) :: Performing blocking 'Psychadelic' (0ba474eb-8060-45c1-8fb1-bcfceefbf84a, 0203681c-d7ee-4c1c-af0c-28a46083f66f), initiated by allnightdom with 34 arguments
[2026-02-11 15:45:42.257 DBG] ViewerRepo :: UpdatePresence(twitch, 5), 0.036ms
[2026-02-11 15:45:42.348 DBG] TwitchService :: Presence Timer :: Artificially updated presence with a threshold of 5 minutes (92.2119ms)
[2026-02-11 15:46:33.494 DBG] Credits :: Time to save 14.5519ms
[2026-02-11 15:46:41.480 DBG] AutoSave :: Auto saving settings...
[2026-02-11 15:46:41.495 DBG] Users :: Time to save 15.6557ms
[2026-02-11 15:46:41.512 DBG] Actions :: Time to save 17.5065ms
[2026-02-11 15:46:41.526 DBG] Commands :: Time to save 13.5607ms
[2026-02-11 15:46:41.540 DBG] Twitch Rewards :: Time to save 13.4403ms
[2026-02-11 15:46:41.552 DBG] Midi :: Time to save 12.2303ms
[2026-02-11 15:46:41.564 DBG] OBS Settings :: Time to save 12.3622ms
[2026-02-11 15:46:41.576 DBG] MeldStudio Settings :: Time to save 11.5613ms
[2026-02-11 15:46:41.588 DBG] Credits :: Time to save 11.1273ms
[2026-02-11 15:46:41.600 DBG] Quotes :: Time to save 12.8569ms
[2026-02-11 15:46:41.696 DBG] Config :: Time to save 15.2659ms
[2026-02-11 15:46:42.259 DBG] ViewerRepo :: UpdatePresence(twitch, 5), 0.0349ms
[2026-02-11 15:46:42.360 DBG] TwitchService :: Presence Timer :: Artificially updated presence with a threshold of 5 minutes (101.4519ms)
[2026-02-11 15:47:19.294 DBG] ActionDispatcher :: Queueing 'Secret Tunnel' (2974d39b-dfae-4a1d-ad40-9f54d49ba67a, TwitchRewardRedemption) to 'Default' (00000000-0000-0000-0000-000000000000), initiated by bk4841 with 33 arguments
[2026-02-11 15:47:19.294 DBG] ActionQueue :: 'Default' (00000000-0000-0000-0000-000000000000) :: Enqueue action 2974d39b-dfae-4a1d-ad40-9f54d49ba67a
[2026-02-11 15:47:19.294 DBG] ActionQueue :: 'Default' (00000000-0000-0000-0000-000000000000) :: Handling queue
[2026-02-11 15:47:19.294 DBG] ActionQueue :: 'Default' (00000000-0000-0000-0000-000000000000) :: Performing non-blocking 'Secret Tunnel' (2974d39b-dfae-4a1d-ad40-9f54d49ba67a, 3820a1f3-dbe4-44f2-bfdf-ce06ffb2bd52), initiated by bk4841 with 34 arguments
[2026-02-11 15:47:42.263 DBG] ViewerRepo :: UpdatePresence(twitch, 5), 0.0389ms
[2026-02-11 15:47:42.358 DBG] TwitchService :: Presence Timer :: Artificially updated presence with a threshold of 5 minutes (95.8815ms)
[2026-02-11 15:48:42.272 DBG] ViewerRepo :: UpdatePresence(twitch, 5), 0.0382ms
[2026-02-11 15:48:42.368 DBG] TwitchService :: Presence Timer :: Artificially updated presence with a threshold of 5 minutes (95.7516ms)
[2026-02-11 15:49:42.276 DBG] ViewerRepo :: UpdatePresence(twitch, 5), 0.0468ms
[2026-02-11 15:49:42.372 DBG] TwitchService :: Presence Timer :: Artificially updated presence with a threshold of 5 minutes (95.7382ms)
[2026-02-11 15:50:42.289 DBG] ViewerRepo :: UpdatePresence(twitch, 5), 0.0445ms
[2026-02-11 15:50:42.386 DBG] TwitchService :: Presence Timer :: Artificially updated presence with a threshold of 5 minutes (97.5413ms)
[2026-02-11 15:51:33.506 DBG] Credits :: Time to save 13.8992ms
[2026-02-11 15:51:36.862 DBG] ActionDispatcher :: Queueing 'Sub Goal' (361aa588-5f31-4e19-b8a5-099cae52479d, TimedAction) to 'Default' (00000000-0000-0000-0000-000000000000), with 11 arguments
[2026-02-11 15:51:36.862 DBG] ActionQueue :: 'Default' (00000000-0000-0000-0000-000000000000) :: Enqueue action 361aa588-5f31-4e19-b8a5-099cae52479d
[2026-02-11 15:51:36.862 DBG] ActionQueue :: 'Default' (00000000-0000-0000-0000-000000000000) :: Handling queue
[2026-02-11 15:51:36.862 DBG] ActionQueue :: 'Default' (00000000-0000-0000-0000-000000000000) :: Performing non-blocking 'Sub Goal' (361aa588-5f31-4e19-b8a5-099cae52479d, 116103c8-cb2d-446c-baff-64507d8825d0)
[2026-02-11 15:51:41.683 DBG] AutoSave :: Auto saving settings...
[2026-02-11 15:51:41.700 DBG] Users :: Time to save 17.8489ms
[2026-02-11 15:51:41.724 DBG] Actions :: Time to save 23.6307ms
[2026-02-11 15:51:41.743 DBG] Commands :: Time to save 19.4624ms
[2026-02-11 15:51:41.763 DBG] Twitch Rewards :: Time to save 19.7617ms
[2026-02-11 15:51:41.780 DBG] Midi :: Time to save 16.816ms
[2026-02-11 15:51:41.794 DBG] OBS Settings :: Time to save 13.8462ms
[2026-02-11 15:51:41.812 DBG] MeldStudio Settings :: Time to save 17.9549ms
[2026-02-11 15:51:41.829 DBG] Credits :: Time to save 17.5347ms
[2026-02-11 15:51:41.851 DBG] Quotes :: Time to save 20.9428ms
[2026-02-11 15:51:41.903 DBG] Config :: Time to save 17.1141ms
[2026-02-11 15:51:42.290 DBG] ViewerRepo :: UpdatePresence(twitch, 5), 0.0579ms
[2026-02-11 15:51:42.386 DBG] TwitchService :: Presence Timer :: Artificially updated presence with a threshold of 5 minutes (95.8068ms)
[2026-02-11 15:52:42.296 DBG] ViewerRepo :: UpdatePresence(twitch, 5), 0.0324ms
[2026-02-11 15:52:42.396 DBG] TwitchService :: Presence Timer :: Artificially updated presence with a threshold of 5 minutes (100.5297ms)
[2026-02-11 15:53:42.304 DBG] ViewerRepo :: UpdatePresence(twitch, 5), 0.0501ms
[2026-02-11 15:53:42.399 DBG] TwitchService :: Presence Timer :: Artificially updated presence with a threshold of 5 minutes (95.2667ms)
[2026-02-11 15:54:42.316 DBG] ViewerRepo :: UpdatePresence(twitch, 5), 0.0341ms
[2026-02-11 15:54:42.409 DBG] TwitchService :: Presence Timer :: Artificially updated presence with a threshold of 5 minutes (93.864ms)
[2026-02-11 15:55:42.319 DBG] ViewerRepo :: UpdatePresence(twitch, 5), 0.0326ms
[2026-02-11 15:55:42.419 DBG] TwitchService :: Presence Timer :: Artificially updated presence with a threshold of 5 minutes (99.7782ms)
[2026-02-11 15:56:33.514 DBG] Credits :: Time to save 20.6757ms
[2026-02-11 15:56:41.923 DBG] AutoSave :: Auto saving settings...
[2026-02-11 15:56:41.946 DBG] Users :: Time to save 23.1327ms
[2026-02-11 15:56:41.970 DBG] Actions :: Time to save 24.3584ms
[2026-02-11 15:56:41.986 DBG] Commands :: Time to save 15.6234ms
[2026-02-11 15:56:42.000 DBG] Twitch Rewards :: Time to save 14.186ms
[2026-02-11 15:56:42.016 DBG] Midi :: Time to save 16.6453ms
[2026-02-11 15:56:42.030 DBG] OBS Settings :: Time to save 12.5735ms
[2026-02-11 15:56:42.043 DBG] MeldStudio Settings :: Time to save 12.5995ms
[2026-02-11 15:56:42.056 DBG] Credits :: Time to save 13.5146ms
[2026-02-11 15:56:42.073 DBG] Quotes :: Time to save 17.9088ms
[2026-02-11 15:56:42.142 DBG] Config :: Time to save 16.6471ms
[2026-02-11 15:56:42.329 DBG] ViewerRepo :: UpdatePresence(twitch, 5), 0.0328ms
[2026-02-11 15:56:42.428 DBG] TwitchService :: Presence Timer :: Artificially updated presence with a threshold of 5 minutes (99.0538ms)
[2026-02-11 15:57:42.332 DBG] ViewerRepo :: UpdatePresence(twitch, 5), 0.0436ms
[2026-02-11 15:57:42.427 DBG] TwitchService :: Presence Timer :: Artificially updated presence with a threshold of 5 minutes (95.4689ms)
[2026-02-11 15:58:42.337 DBG] ViewerRepo :: UpdatePresence(twitch, 5), 0.0316ms
[2026-02-11 15:58:42.434 DBG] TwitchService :: Presence Timer :: Artificially updated presence with a threshold of 5 minutes (97.9331ms)
[2026-02-11 15:59:42.339 DBG] ViewerRepo :: UpdatePresence(twitch, 5), 0.0319ms
[2026-02-11 15:59:42.435 DBG] TwitchService :: Presence Timer :: Artificially updated presence with a threshold of 5 minutes (96.0201ms)
[2026-02-11 16:00:42.349 DBG] ViewerRepo :: UpdatePresence(twitch, 5), 0.0358ms
[2026-02-11 16:00:42.447 DBG] TwitchService :: Presence Timer :: Artificially updated presence with a threshold of 5 minutes (97.9435ms)
[2026-02-11 16:01:33.518 DBG] Credits :: Time to save 14.6041ms
[2026-02-11 16:01:37.591 DBG] ActionDispatcher :: Queueing 'Sub Goal' (361aa588-5f31-4e19-b8a5-099cae52479d, TimedAction) to 'Default' (00000000-0000-0000-0000-000000000000), with 11 arguments
[2026-02-11 16:01:37.591 DBG] ActionQueue :: 'Default' (00000000-0000-0000-0000-000000000000) :: Enqueue action 361aa588-5f31-4e19-b8a5-099cae52479d
[2026-02-11 16:01:37.591 DBG] ActionQueue :: 'Default' (00000000-0000-0000-0000-000000000000) :: Handling queue
[2026-02-11 16:01:37.591 DBG] ActionQueue :: 'Default' (00000000-0000-0000-0000-000000000000) :: Performing non-blocking 'Sub Goal' (361aa588-5f31-4e19-b8a5-099cae52479d, ee0a8b9e-c60e-4826-b608-670fbbd48aa9)
[2026-02-11 16:01:42.146 DBG] AutoSave :: Auto saving settings...
[2026-02-11 16:01:42.171 DBG] Users :: Time to save 25.2415ms
[2026-02-11 16:01:42.197 DBG] Actions :: Time to save 25.9982ms
[2026-02-11 16:01:42.217 DBG] Commands :: Time to save 19.6823ms
[2026-02-11 16:01:42.239 DBG] Twitch Rewards :: Time to save 21.9532ms
[2026-02-11 16:01:42.257 DBG] Midi :: Time to save 17.502ms
[2026-02-11 16:01:42.273 DBG] OBS Settings :: Time to save 16.0958ms
[2026-02-11 16:01:42.290 DBG] MeldStudio Settings :: Time to save 17.3412ms
[2026-02-11 16:01:42.301 DBG] Credits :: Time to save 11.4195ms
[2026-02-11 16:01:42.320 DBG] Quotes :: Time to save 18.6922ms
[2026-02-11 16:01:42.351 DBG] ViewerRepo :: UpdatePresence(twitch, 5), 0.0325ms
[2026-02-11 16:01:42.371 DBG] Config :: Time to save 20.9038ms
[2026-02-11 16:01:42.453 DBG] TwitchService :: Presence Timer :: Artificially updated presence with a threshold of 5 minutes (101.6007ms)
[2026-02-11 16:02:42.363 DBG] ViewerRepo :: UpdatePresence(twitch, 5), 0.0336ms
[2026-02-11 16:02:42.972 DBG] TwitchService :: Presence Timer :: Artificially updated presence with a threshold of 5 minutes (608.6182ms)
[2026-02-11 16:03:42.375 DBG] ViewerRepo :: UpdatePresence(twitch, 5), 0.0343ms
[2026-02-11 16:03:42.470 DBG] TwitchService :: Presence Timer :: Artificially updated presence with a threshold of 5 minutes (95.166ms)
[2026-02-11 16:04:42.377 DBG] ViewerRepo :: UpdatePresence(twitch, 5), 0.0495ms
[2026-02-11 16:04:42.468 DBG] TwitchService :: Presence Timer :: Artificially updated presence with a threshold of 5 minutes (92.0486ms)
[2026-02-11 16:05:42.380 DBG] ViewerRepo :: UpdatePresence(twitch, 5), 0.0348ms
[2026-02-11 16:05:42.480 DBG] TwitchService :: Presence Timer :: Artificially updated presence with a threshold of 5 minutes (100.1414ms)
[2026-02-11 16:06:33.526 DBG] Credits :: Time to save 20.4921ms
[2026-02-11 16:06:42.408 DBG] AutoSave :: Auto saving settings...
[2026-02-11 16:06:42.408 DBG] ViewerRepo :: UpdatePresence(twitch, 5), 0.0341ms
[2026-02-11 16:06:42.429 DBG] Users :: Time to save 21.1677ms
[2026-02-11 16:06:42.454 DBG] Actions :: Time to save 24.2357ms
[2026-02-11 16:06:42.473 DBG] Commands :: Time to save 18.7058ms
[2026-02-11 16:06:42.492 DBG] Twitch Rewards :: Time to save 19.3926ms
[2026-02-11 16:06:42.509 DBG] Midi :: Time to save 16.9833ms
[2026-02-11 16:06:42.509 DBG] TwitchService :: Presence Timer :: Artificially updated presence with a threshold of 5 minutes (101.0945ms)
[2026-02-11 16:06:42.526 DBG] OBS Settings :: Time to save 17.5098ms
[2026-02-11 16:06:42.543 DBG] MeldStudio Settings :: Time to save 16.5151ms
[2026-02-11 16:06:42.555 DBG] Credits :: Time to save 12.2625ms
[2026-02-11 16:06:42.570 DBG] Quotes :: Time to save 14.3983ms
[2026-02-11 16:06:42.626 DBG] Config :: Time to save 14.3394ms
[2026-02-11 16:07:42.414 DBG] ViewerRepo :: UpdatePresence(twitch, 5), 0.0471ms
[2026-02-11 16:07:42.509 DBG] TwitchService :: Presence Timer :: Artificially updated presence with a threshold of 5 minutes (94.9884ms)
[2026-02-11 16:08:42.424 DBG] ViewerRepo :: UpdatePresence(twitch, 5), 0.0361ms
[2026-02-11 16:08:42.527 DBG] TwitchService :: Presence Timer :: Artificially updated presence with a threshold of 5 minutes (103.9485ms)
[2026-02-11 16:09:42.430 DBG] ViewerRepo :: UpdatePresence(twitch, 5), 0.0326ms
[2026-02-11 16:09:42.532 DBG] TwitchService :: Presence Timer :: Artificially updated presence with a threshold of 5 minutes (102.3583ms)
[2026-02-11 16:10:42.454 DBG] ViewerRepo :: UpdatePresence(twitch, 5), 0.0496ms
[2026-02-11 16:10:42.549 DBG] TwitchService :: Presence Timer :: Artificially updated presence with a threshold of 5 minutes (95.2271ms)
[2026-02-11 16:11:33.535 DBG] Credits :: Time to save 16.7553ms
[2026-02-11 16:11:38.358 DBG] ActionDispatcher :: Queueing 'Sub Goal' (361aa588-5f31-4e19-b8a5-099cae52479d, TimedAction) to 'Default' (00000000-0000-0000-0000-000000000000), with 11 arguments
[2026-02-11 16:11:38.358 DBG] ActionQueue :: 'Default' (00000000-0000-0000-0000-000000000000) :: Enqueue action 361aa588-5f31-4e19-b8a5-099cae52479d
[2026-02-11 16:11:38.358 DBG] ActionQueue :: 'Default' (00000000-0000-0000-0000-000000000000) :: Handling queue
[2026-02-11 16:11:38.358 DBG] ActionQueue :: 'Default' (00000000-0000-0000-0000-000000000000) :: Performing non-blocking 'Sub Goal' (361aa588-5f31-4e19-b8a5-099cae52479d, 45fc6417-afdb-4d6b-b1e6-ca0f08a5eed1)
[2026-02-11 16:11:42.458 DBG] ViewerRepo :: UpdatePresence(twitch, 5), 0.0426ms
[2026-02-11 16:11:42.552 DBG] TwitchService :: Presence Timer :: Artificially updated presence with a threshold of 5 minutes (93.8452ms)
[2026-02-11 16:11:42.645 DBG] AutoSave :: Auto saving settings...
[2026-02-11 16:11:42.661 DBG] Users :: Time to save 16.7613ms
[2026-02-11 16:11:42.680 DBG] Actions :: Time to save 19.0291ms
[2026-02-11 16:11:42.698 DBG] Commands :: Time to save 17.7189ms
[2026-02-11 16:11:42.717 DBG] Twitch Rewards :: Time to save 18.433ms
[2026-02-11 16:11:42.731 DBG] Midi :: Time to save 14.3222ms
[2026-02-11 16:11:42.743 DBG] OBS Settings :: Time to save 12.5648ms
[2026-02-11 16:11:42.763 DBG] MeldStudio Settings :: Time to save 19.1906ms
[2026-02-11 16:11:42.773 DBG] Credits :: Time to save 10.12ms
[2026-02-11 16:11:42.791 DBG] Quotes :: Time to save 18.2851ms
[2026-02-11 16:11:42.871 DBG] Config :: Time to save 21.5416ms
[2026-02-11 16:12:42.473 DBG] ViewerRepo :: UpdatePresence(twitch, 5), 0.0337ms
[2026-02-11 16:12:42.578 DBG] TwitchService :: Presence Timer :: Artificially updated presence with a threshold of 5 minutes (104.9336ms)
[2026-02-11 16:13:42.490 DBG] ViewerRepo :: UpdatePresence(twitch, 5), 0.035ms
[2026-02-11 16:13:42.590 DBG] TwitchService :: Presence Timer :: Artificially updated presence with a threshold of 5 minutes (100.7177ms)
[2026-02-11 16:14:42.493 DBG] ViewerRepo :: UpdatePresence(twitch, 5), 0.0479ms
[2026-02-11 16:14:42.588 DBG] TwitchService :: Presence Timer :: Artificially updated presence with a threshold of 5 minutes (96.2209ms)
[2026-02-11 16:15:42.506 DBG] ViewerRepo :: UpdatePresence(twitch, 5), 0.0492ms
[2026-02-11 16:15:42.599 DBG] TwitchService :: Presence Timer :: Artificially updated presence with a threshold of 5 minutes (93.882ms)
[2026-02-11 16:16:33.567 DBG] Credits :: Time to save 18.9226ms
[2026-02-11 16:16:42.508 DBG] ViewerRepo :: UpdatePresence(twitch, 5), 0.038ms
[2026-02-11 16:16:42.607 DBG] TwitchService :: Presence Timer :: Artificially updated presence with a threshold of 5 minutes (99.2229ms)
[2026-02-11 16:16:42.884 DBG] AutoSave :: Auto saving settings...
[2026-02-11 16:16:42.901 DBG] Users :: Time to save 15.8885ms
[2026-02-11 16:16:42.919 DBG] Actions :: Time to save 18.6769ms
[2026-02-11 16:16:42.935 DBG] Commands :: Time to save 15.3973ms
[2026-02-11 16:16:42.948 DBG] Twitch Rewards :: Time to save 12.8439ms
[2026-02-11 16:16:42.964 DBG] Midi :: Time to save 16.9047ms
[2026-02-11 16:16:42.980 DBG] OBS Settings :: Time to save 16.0132ms
[2026-02-11 16:16:42.997 DBG] MeldStudio Settings :: Time to save 16.5092ms
[2026-02-11 16:16:43.011 DBG] Credits :: Time to save 13.6218ms
[2026-02-11 16:16:43.024 DBG] Quotes :: Time to save 14.5171ms
[2026-02-11 16:16:43.107 DBG] Config :: Time to save 20.5243ms
[2026-02-11 16:17:42.532 DBG] ViewerRepo :: UpdatePresence(twitch, 5), 0.0318ms
[2026-02-11 16:17:42.632 DBG] TwitchService :: Presence Timer :: Artificially updated presence with a threshold of 5 minutes (100.2903ms)
[2026-02-11 16:18:42.546 DBG] ViewerRepo :: UpdatePresence(twitch, 5), 0.0333ms
[2026-02-11 16:18:42.641 DBG] TwitchService :: Presence Timer :: Artificially updated presence with a threshold of 5 minutes (95.5992ms)
[2026-02-11 16:18:52.821 DBG] ActionDispatcher :: Queueing 'Rap Song' (b177a7d1-f586-48dd-a639-94a0bcbbf60c, TwitchRewardRedemption) to 'Default' (00000000-0000-0000-0000-000000000000), initiated by ry21gu with 33 arguments
[2026-02-11 16:18:52.821 DBG] ActionQueue :: 'Default' (00000000-0000-0000-0000-000000000000) :: Enqueue action b177a7d1-f586-48dd-a639-94a0bcbbf60c
[2026-02-11 16:18:52.821 DBG] ActionQueue :: 'Default' (00000000-0000-0000-0000-000000000000) :: Handling queue
[2026-02-11 16:18:52.821 DBG] ActionQueue :: 'Default' (00000000-0000-0000-0000-000000000000) :: Performing non-blocking 'Rap Song' (b177a7d1-f586-48dd-a639-94a0bcbbf60c, 363dd1fe-8675-485b-b001-7c802398c3da), initiated by ry21gu with 34 arguments
[2026-02-11 16:19:42.556 DBG] ViewerRepo :: UpdatePresence(twitch, 5), 0.0375ms
[2026-02-11 16:19:42.650 DBG] TwitchService :: Presence Timer :: Artificially updated presence with a threshold of 5 minutes (94.2577ms)
[2026-02-11 16:19:44.273 DBG] Streamer.bot Website Socket :: Disconnected
[2026-02-11 16:19:44.273 INF] Streamer.bot Service :: Disconnected from Website Client
[2026-02-11 16:19:46.282 DBG] Streamer.bot Service :: Retrying website client connection
[2026-02-11 16:19:46.282 INF] Streamer.bot Service :: Connecting to Website Client
[2026-02-11 16:19:46.282 DBG] Streamer.bot Website Socket :: Opening connection
[2026-02-11 16:19:46.578 INF] Streamer.bot Service :: Website Client authenticated
[2026-02-11 16:19:46.578 INF] Streamer.bot Service :: Connected to Website Client
[2026-02-11 16:20:42.557 DBG] ViewerRepo :: UpdatePresence(twitch, 5), 0.033ms
[2026-02-11 16:20:42.653 DBG] TwitchService :: Presence Timer :: Artificially updated presence with a threshold of 5 minutes (95.5161ms)
[2026-02-11 16:21:33.568 DBG] Credits :: Time to save 14.2351ms
[2026-02-11 16:21:38.375 DBG] ActionDispatcher :: Queueing 'Sub Goal' (361aa588-5f31-4e19-b8a5-099cae52479d, TimedAction) to 'Default' (00000000-0000-0000-0000-000000000000), with 11 arguments
[2026-02-11 16:21:38.375 DBG] ActionQueue :: 'Default' (00000000-0000-0000-0000-000000000000) :: Enqueue action 361aa588-5f31-4e19-b8a5-099cae52479d
[2026-02-11 16:21:38.375 DBG] ActionQueue :: 'Default' (00000000-0000-0000-0000-000000000000) :: Handling queue
[2026-02-11 16:21:38.375 DBG] ActionQueue :: 'Default' (00000000-0000-0000-0000-000000000000) :: Performing non-blocking 'Sub Goal' (361aa588-5f31-4e19-b8a5-099cae52479d, 7bffc365-1194-4944-b58d-082966b00989)
[2026-02-11 16:21:42.570 DBG] ViewerRepo :: UpdatePresence(twitch, 5), 0.058ms
[2026-02-11 16:21:42.666 DBG] TwitchService :: Presence Timer :: Artificially updated presence with a threshold of 5 minutes (95.5178ms)
[2026-02-11 16:21:43.101 DBG] AutoSave :: Auto saving settings...
[2026-02-11 16:21:43.116 DBG] Users :: Time to save 15.9053ms
[2026-02-11 16:21:43.137 DBG] Actions :: Time to save 20.4288ms
[2026-02-11 16:21:43.151 DBG] Commands :: Time to save 13.3996ms
[2026-02-11 16:21:43.164 DBG] Twitch Rewards :: Time to save 13.367ms
[2026-02-11 16:21:43.180 DBG] Midi :: Time to save 16.7598ms
[2026-02-11 16:21:43.193 DBG] OBS Settings :: Time to save 11.9343ms
[2026-02-11 16:21:43.209 DBG] MeldStudio Settings :: Time to save 15.8813ms
[2026-02-11 16:21:43.223 DBG] Credits :: Time to save 14.6038ms
[2026-02-11 16:21:43.242 DBG] Quotes :: Time to save 18.2512ms
[2026-02-11 16:21:43.320 DBG] Config :: Time to save 17.3678ms
[2026-02-11 16:22:42.582 DBG] ViewerRepo :: UpdatePresence(twitch, 5), 0.0318ms
[2026-02-11 16:22:42.676 DBG] TwitchService :: Presence Timer :: Artificially updated presence with a threshold of 5 minutes (94.6931ms)
[2026-02-11 16:23:42.591 DBG] ViewerRepo :: UpdatePresence(twitch, 5), 0.0346ms
[2026-02-11 16:23:42.687 DBG] TwitchService :: Presence Timer :: Artificially updated presence with a threshold of 5 minutes (96.0386ms)
[2026-02-11 16:24:42.591 DBG] ViewerRepo :: UpdatePresence(twitch, 5), 0.0359ms
[2026-02-11 16:24:42.685 DBG] TwitchService :: Presence Timer :: Artificially updated presence with a threshold of 5 minutes (94.3007ms)
[2026-02-11 16:25:34.678 DBG] Streamer.bot Website Socket :: Disconnected
[2026-02-11 16:25:34.678 INF] Streamer.bot Service :: Disconnected from Website Client
[2026-02-11 16:25:36.690 DBG] Streamer.bot Service :: Retrying website client connection
[2026-02-11 16:25:36.690 INF] Streamer.bot Service :: Connecting to Website Client
[2026-02-11 16:25:36.690 DBG] Streamer.bot Website Socket :: Opening connection
[2026-02-11 16:25:37.004 INF] Streamer.bot Service :: Website Client authenticated
[2026-02-11 16:25:37.004 INF] Streamer.bot Service :: Connected to Website Client
[2026-02-11 16:25:42.603 DBG] ViewerRepo :: UpdatePresence(twitch, 5), 0.033ms
[2026-02-11 16:25:42.698 DBG] TwitchService :: Presence Timer :: Artificially updated presence with a threshold of 5 minutes (96.2361ms)
[2026-02-11 16:26:33.598 DBG] Credits :: Time to save 20.2117ms
[2026-02-11 16:26:42.618 DBG] ViewerRepo :: UpdatePresence(twitch, 5), 0.0473ms
[2026-02-11 16:26:42.717 DBG] TwitchService :: Presence Timer :: Artificially updated presence with a threshold of 5 minutes (99.5435ms)
[2026-02-11 16:26:43.318 DBG] AutoSave :: Auto saving settings...
[2026-02-11 16:26:43.339 DBG] Users :: Time to save 21.1376ms
[2026-02-11 16:26:43.360 DBG] Actions :: Time to save 20.2129ms
[2026-02-11 16:26:43.377 DBG] Commands :: Time to save 17.2569ms
[2026-02-11 16:26:43.395 DBG] Twitch Rewards :: Time to save 18.0809ms
[2026-02-11 16:26:43.411 DBG] Midi :: Time to save 15.4752ms
[2026-02-11 16:26:43.427 DBG] OBS Settings :: Time to save 15.7279ms
[2026-02-11 16:26:43.442 DBG] MeldStudio Settings :: Time to save 16.1452ms
[2026-02-11 16:26:43.458 DBG] Credits :: Time to save 15.579ms
[2026-02-11 16:26:43.476 DBG] Quotes :: Time to save 17.9446ms
[2026-02-11 16:26:43.538 DBG] Config :: Time to save 16.7858ms
[2026-02-11 16:27:42.622 DBG] ViewerRepo :: UpdatePresence(twitch, 5), 0.0468ms
[2026-02-11 16:27:42.717 DBG] TwitchService :: Presence Timer :: Artificially updated presence with a threshold of 5 minutes (95.0306ms)
[2026-02-11 16:27:42.878 DBG] OBS-Websocket5 :: Disconnected
[2026-02-11 16:27:42.878 DBG] OBS :: Disconnected from OBS (127.0.0.1:4455)
[2026-02-11 16:27:46.376 DBG] Users :: Time to save 15.4052ms
[2026-02-11 16:27:46.393 DBG] Actions :: Time to save 16.823ms
[2026-02-11 16:27:46.408 DBG] Commands :: Time to save 14.5265ms
[2026-02-11 16:27:46.420 DBG] Twitch Rewards :: Time to save 13.1452ms
[2026-02-11 16:27:46.432 DBG] Midi :: Time to save 11.3056ms
[2026-02-11 16:27:46.444 DBG] OBS Settings :: Time to save 11.9066ms
[2026-02-11 16:27:46.456 DBG] MeldStudio Settings :: Time to save 11.9356ms
[2026-02-11 16:27:46.467 DBG] Credits :: Time to save 10.6231ms
[2026-02-11 16:27:46.479 DBG] Quotes :: Time to save 12.6096ms
[2026-02-11 16:27:46.481 INF] Shutting down...
[2026-02-11 16:27:46.596 DBG] Config :: Time to save 27.7576ms
[2026-02-11 16:27:46.601 INF] Closing services...
[2026-02-11 16:27:46.601 DBG] UsbRemovalWatcher :: Disposed
[2026-02-11 16:27:46.601 DBG] ProcessWatcher :: Disposed
[2026-02-11 16:27:46.602 DBG] ProcessWatcher :: Disposed
[2026-02-11 16:27:46.605 DBG] Events Service :: Shutting down event queue thread
[2026-02-11 16:27:46.605 DBG] Events Service :: Shutting down application event queue thread
[2026-02-11 16:27:46.605 DBG] Events Service :: Shutting down raw event queue thread
[2026-02-11 16:27:46.610 DBG] Http Listener :: Channel is not active
[2026-02-11 16:27:46.613 DBG] Websocket Server :: Stopping server
[2026-02-11 16:27:46.614 DBG] DonorDrive :: Stopping service
[2026-02-11 16:27:46.616 DBG] MIDI Service :: Stopping service
[2026-02-11 16:27:46.618 DBG] OBS Service :: Stopping service
[2026-02-11 16:27:46.624 DBG] ActionDispatcher :: Shutting down action queues
[2026-02-11 16:27:46.624 DBG] FileTailDaemon :: Waiting for file tails to shut down
[2026-02-11 16:27:46.626 DBG] Websocket Server :: Shutting down command queue thread
[2026-02-11 16:27:46.626 DBG] Websocket Server :: Shutting down queue thread
[2026-02-11 16:27:46.626 DBG] MIDI Service :: Shutting down event thread
[2026-02-11 16:27:46.635 DBG] FileWatcherDaemon :: Waiting for file watchers to shut down
[2026-02-11 16:27:46.639 DBG] OBS Service :: Shutting down event thread
[2026-02-11 16:27:46.666 DBG] SLOBS Service :: Stopping service
[2026-02-11 16:27:46.679 DBG] ActionQueue :: Shutting down queue 00000000-0000-0000-0000-000000000000 thread
[2026-02-11 16:27:46.679 DBG] ActionQueue :: Shutting down queue b010a7bd-2056-4238-9302-fad378219231 thread
[2026-02-11 16:27:46.679 DBG] ActionQueue :: Shutting down queue 8c6ed466-566c-4b26-93c9-9338de27fff4 thread
[2026-02-11 16:27:46.679 DBG] ActionQueue :: Shutting down queue e0693c07-e52a-4914-a5b9-5a5a01e74b15 thread
[2026-02-11 16:27:46.679 DBG] ActionQueue :: Shutting down queue 1955c224-a7c9-41c0-9077-40868553d18a thread
[2026-02-11 16:27:46.679 DBG] ActionQueue :: Shutting down queue f5b88e4c-33be-41a6-a453-02af0b6c4fc3 thread
[2026-02-11 16:27:46.679 DBG] ActionQueue :: Shutting down queue ae5d9109-9a6d-4e18-97f5-21a70b15dd8b thread
[2026-02-11 16:27:46.695 DBG] Websocket Client :: Disconnecting from all connected clients
[2026-02-11 16:27:46.696 DBG] Websocket Custom Server :: Stopping all servers
[2026-02-11 16:27:46.700 DBG] SpeechToText :: Disposing recognition engine
[2026-02-11 16:27:46.701 DBG] SpeechToText :: Shutting down queue thread
[2026-02-11 16:27:46.702 INF] InlineCode :: Cleaning up '1' execute code instances
[2026-02-11 16:27:46.702 DBG] Websocket Server (Godot Websocket) :: Stopping server
[2026-02-11 16:27:46.703 DBG] Websocket Server (Godot Websocket) :: Shutting down message queue thread
[2026-02-11 16:27:46.708 DBG] InlineCode :: Unloading 'h36a11a1b6d24c488b419c3cea36662b'
[2026-02-11 16:27:46.716 DBG] Streamer.bot Website Socket :: Disconnected
[2026-02-11 16:27:46.716 INF] Streamer.bot Service :: Disconnected from Website Client
[2026-02-11 16:27:46.722 DBG] Twitch (Broadcaster) :: Disconnected
[2026-02-11 16:27:46.724 INF] TwitchService :: Disconnected from Broadcaster Chat Client
[2026-02-11 16:27:46.731 DBG] InlineCode :: Cleaned up execute code instances
[2026-02-11 16:27:46.741 DBG] MeldStudio Service :: Stopping service
[2026-02-11 16:27:46.746 DBG] MeldStudio Service :: Shutting down event thread
[2026-02-11 16:27:47.135 DBG] Twitch EventSub (Broadcaster) :: Disconnected
[2026-02-11 16:27:47.136 INF] TwitchService :: Disconnected from Broadcaster EventSub
[2026-02-11 16:27:47.235 INF] BTTV :: WebSocket Disconnected
[2026-02-11 16:27:47.578 DBG] Twitch EventSub (Bot) :: Disconnected
[2026-02-11 16:27:47.580 INF] TwitchService :: Disconnected from Bot EventSub
[2026-02-11 16:27:51.778 DBG] StreamElements Socket :: Disconnected
[2026-02-11 16:27:51.781 INF] StreamElements Service :: Disconnected from Client
[2026-02-11 16:27:51.804 DBG] Credits :: Time to save 22.888ms
[2026-02-11 16:27:51.807 DBG] OBS Settings :: Time to save 24.5113ms
[2026-02-11 16:27:51.808 DBG] Users :: Time to save 25.9291ms
[2026-02-11 16:27:51.808 DBG] Midi :: Time to save 25.0279ms
[2026-02-11 16:27:51.808 DBG] MeldStudio Settings :: Time to save 25.6531ms
[2026-02-11 16:27:51.808 DBG] Config :: Time to save 25.0438ms
[2026-02-11 16:27:51.809 DBG] Commands :: Time to save 25.7079ms
[2026-02-11 16:27:51.811 DBG] Quotes :: Time to save 28.5421ms
[2026-02-11 16:27:51.811 DBG] Twitch Rewards :: Time to save 27.8092ms
[2026-02-11 16:27:51.823 DBG] Actions :: Time to save 40.7671ms
[2026-02-11 16:27:51.824 INF] Streamer.bot exited
