[2026-04-09 00:00:12.460 DBG] ViewerRepo :: UpdatePresence(twitch, 5), 0.0362ms
[2026-04-09 00:00:12.553 DBG] TwitchService :: Presence Timer :: Artificially updated presence with a threshold of 5 minutes (93.2516ms)
[2026-04-09 00:01:12.475 DBG] ViewerRepo :: UpdatePresence(twitch, 5), 0.0362ms
[2026-04-09 00:01:12.569 DBG] TwitchService :: Presence Timer :: Artificially updated presence with a threshold of 5 minutes (95.3159ms)
[2026-04-09 00:02:03.390 DBG] Credits :: Time to save 17.6352ms
[2026-04-09 00:02:10.177 DBG] AutoSave :: Auto saving settings...
[2026-04-09 00:02:10.196 DBG] Users :: Time to save 19.1032ms
[2026-04-09 00:02:10.221 DBG] Actions :: Time to save 25.0912ms
[2026-04-09 00:02:10.237 DBG] Commands :: Time to save 15.2562ms
[2026-04-09 00:02:10.252 DBG] Twitch Rewards :: Time to save 16.0751ms
[2026-04-09 00:02:10.268 DBG] Midi :: Time to save 15.1028ms
[2026-04-09 00:02:10.282 DBG] OBS Settings :: Time to save 13.8103ms
[2026-04-09 00:02:10.296 DBG] MeldStudio Settings :: Time to save 14.188ms
[2026-04-09 00:02:10.309 DBG] Credits :: Time to save 13.6384ms
[2026-04-09 00:02:10.326 DBG] Quotes :: Time to save 17.145ms
[2026-04-09 00:02:10.396 DBG] Config :: Time to save 18.2989ms
[2026-04-09 00:02:12.479 DBG] ViewerRepo :: UpdatePresence(twitch, 5), 0.0353ms
[2026-04-09 00:02:12.571 DBG] TwitchService :: Presence Timer :: Artificially updated presence with a threshold of 5 minutes (92.1742ms)
[2026-04-09 00:03:12.498 DBG] ViewerRepo :: UpdatePresence(twitch, 5), 0.035ms
[2026-04-09 00:03:12.591 DBG] TwitchService :: Presence Timer :: Artificially updated presence with a threshold of 5 minutes (92.7889ms)
[2026-04-09 00:03:56.414 DBG] Streamer.bot Website Socket :: Disconnected
[2026-04-09 00:03:56.415 INF] Streamer.bot Service :: Disconnected from Website Client
[2026-04-09 00:03:58.426 DBG] Streamer.bot Service :: Retrying website client connection
[2026-04-09 00:03:58.426 INF] Streamer.bot Service :: Connecting to Website Client
[2026-04-09 00:03:58.426 DBG] Streamer.bot Website Socket :: Opening connection
[2026-04-09 00:03:58.712 INF] Streamer.bot Service :: Website Client authenticated
[2026-04-09 00:03:58.712 INF] Streamer.bot Service :: Connected to Website Client
[2026-04-09 00:04:12.501 DBG] ViewerRepo :: UpdatePresence(twitch, 5), 0.0341ms
[2026-04-09 00:04:12.601 DBG] TwitchService :: Presence Timer :: Artificially updated presence with a threshold of 5 minutes (100.4126ms)
[2026-04-09 00:05:12.516 DBG] ViewerRepo :: UpdatePresence(twitch, 5), 0.0366ms
[2026-04-09 00:05:12.611 DBG] TwitchService :: Presence Timer :: Artificially updated presence with a threshold of 5 minutes (95.9207ms)
[2026-04-09 00:06:12.530 DBG] ViewerRepo :: UpdatePresence(twitch, 5), 0.0355ms
[2026-04-09 00:06:12.625 DBG] TwitchService :: Presence Timer :: Artificially updated presence with a threshold of 5 minutes (95.9095ms)
[2026-04-09 00:07:03.394 DBG] Credits :: Time to save 17.8532ms
[2026-04-09 00:07:05.274 DBG] ActionDispatcher :: Queueing 'Sub Goal' (361aa588-5f31-4e19-b8a5-099cae52479d, TimedAction) to 'Default' (00000000-0000-0000-0000-000000000000), with 11 arguments
[2026-04-09 00:07:05.274 DBG] ActionQueue :: 'Default' (00000000-0000-0000-0000-000000000000) :: Enqueue action 361aa588-5f31-4e19-b8a5-099cae52479d
[2026-04-09 00:07:05.274 DBG] ActionQueue :: 'Default' (00000000-0000-0000-0000-000000000000) :: Handling queue
[2026-04-09 00:07:05.274 DBG] ActionQueue :: 'Default' (00000000-0000-0000-0000-000000000000) :: Performing non-blocking 'Sub Goal' (361aa588-5f31-4e19-b8a5-099cae52479d, ff85043d-e47c-4cfa-ac10-40191d74af81)
[2026-04-09 00:07:10.415 DBG] AutoSave :: Auto saving settings...
[2026-04-09 00:07:10.435 DBG] Users :: Time to save 19.779ms
[2026-04-09 00:07:10.463 DBG] Actions :: Time to save 28.476ms
[2026-04-09 00:07:10.480 DBG] Commands :: Time to save 16.585ms
[2026-04-09 00:07:10.497 DBG] Twitch Rewards :: Time to save 17.3793ms
[2026-04-09 00:07:10.511 DBG] Midi :: Time to save 13.9783ms
[2026-04-09 00:07:10.525 DBG] OBS Settings :: Time to save 14.2418ms
[2026-04-09 00:07:10.539 DBG] MeldStudio Settings :: Time to save 13.7827ms
[2026-04-09 00:07:10.552 DBG] Credits :: Time to save 12.4293ms
[2026-04-09 00:07:10.568 DBG] Quotes :: Time to save 16.5467ms
[2026-04-09 00:07:10.638 DBG] Config :: Time to save 21.346ms
[2026-04-09 00:07:12.546 DBG] ViewerRepo :: UpdatePresence(twitch, 5), 0.0356ms
[2026-04-09 00:07:12.631 DBG] TwitchService :: Presence Timer :: Artificially updated presence with a threshold of 5 minutes (85.8383ms)
[2026-04-09 00:08:12.548 DBG] ViewerRepo :: UpdatePresence(twitch, 5), 0.0353ms
[2026-04-09 00:08:12.642 DBG] TwitchService :: Presence Timer :: Artificially updated presence with a threshold of 5 minutes (93.6408ms)
[2026-04-09 00:09:12.558 DBG] ViewerRepo :: UpdatePresence(twitch, 5), 0.037ms
[2026-04-09 00:09:12.650 DBG] TwitchService :: Presence Timer :: Artificially updated presence with a threshold of 5 minutes (92.5417ms)
[2026-04-09 00:10:12.564 DBG] ViewerRepo :: UpdatePresence(twitch, 5), 0.0369ms
[2026-04-09 00:10:12.659 DBG] TwitchService :: Presence Timer :: Artificially updated presence with a threshold of 5 minutes (95.6181ms)
[2026-04-09 00:11:12.578 DBG] ViewerRepo :: UpdatePresence(twitch, 5), 0.0356ms
[2026-04-09 00:11:12.671 DBG] TwitchService :: Presence Timer :: Artificially updated presence with a threshold of 5 minutes (93.0025ms)
[2026-04-09 00:12:03.392 DBG] Credits :: Time to save 15.2434ms
[2026-04-09 00:12:10.702 DBG] AutoSave :: Auto saving settings...
[2026-04-09 00:12:10.720 DBG] Users :: Time to save 18.802ms
[2026-04-09 00:12:10.745 DBG] Actions :: Time to save 25.0531ms
[2026-04-09 00:12:10.764 DBG] Commands :: Time to save 18.837ms
[2026-04-09 00:12:10.782 DBG] Twitch Rewards :: Time to save 17.6471ms
[2026-04-09 00:12:10.799 DBG] Midi :: Time to save 16.3615ms
[2026-04-09 00:12:10.815 DBG] OBS Settings :: Time to save 15.9043ms
[2026-04-09 00:12:10.826 DBG] MeldStudio Settings :: Time to save 11.3295ms
[2026-04-09 00:12:10.841 DBG] Credits :: Time to save 15.117ms
[2026-04-09 00:12:10.859 DBG] Quotes :: Time to save 18.3094ms
[2026-04-09 00:12:10.921 DBG] Config :: Time to save 16.7524ms
[2026-04-09 00:12:12.585 DBG] ViewerRepo :: UpdatePresence(twitch, 5), 0.0357ms
[2026-04-09 00:12:12.675 DBG] TwitchService :: Presence Timer :: Artificially updated presence with a threshold of 5 minutes (90.8902ms)
[2026-04-09 00:13:12.589 DBG] ViewerRepo :: UpdatePresence(twitch, 5), 0.0348ms
[2026-04-09 00:13:12.679 DBG] TwitchService :: Presence Timer :: Artificially updated presence with a threshold of 5 minutes (90.0091ms)
[2026-04-09 00:14:12.597 DBG] ViewerRepo :: UpdatePresence(twitch, 5), 0.0361ms
[2026-04-09 00:14:12.688 DBG] TwitchService :: Presence Timer :: Artificially updated presence with a threshold of 5 minutes (92.1268ms)
[2026-04-09 00:15:12.598 DBG] ViewerRepo :: UpdatePresence(twitch, 5), 0.0417ms
[2026-04-09 00:15:12.690 DBG] TwitchService :: Presence Timer :: Artificially updated presence with a threshold of 5 minutes (92.5103ms)
[2026-04-09 00:16:12.607 DBG] ViewerRepo :: UpdatePresence(twitch, 5), 0.0383ms
[2026-04-09 00:16:12.704 DBG] TwitchService :: Presence Timer :: Artificially updated presence with a threshold of 5 minutes (97.1942ms)
[2026-04-09 00:17:03.400 DBG] Credits :: Time to save 16.1393ms
[2026-04-09 00:17:06.051 DBG] ActionDispatcher :: Queueing 'Sub Goal' (361aa588-5f31-4e19-b8a5-099cae52479d, TimedAction) to 'Default' (00000000-0000-0000-0000-000000000000), with 11 arguments
[2026-04-09 00:17:06.051 DBG] ActionQueue :: 'Default' (00000000-0000-0000-0000-000000000000) :: Enqueue action 361aa588-5f31-4e19-b8a5-099cae52479d
[2026-04-09 00:17:06.051 DBG] ActionQueue :: 'Default' (00000000-0000-0000-0000-000000000000) :: Handling queue
[2026-04-09 00:17:06.051 DBG] ActionQueue :: 'Default' (00000000-0000-0000-0000-000000000000) :: Performing non-blocking 'Sub Goal' (361aa588-5f31-4e19-b8a5-099cae52479d, 671b6ff2-8b00-4151-9df4-e9ce4ec14607)
[2026-04-09 00:17:10.950 DBG] AutoSave :: Auto saving settings...
[2026-04-09 00:17:10.970 DBG] Users :: Time to save 20.1307ms
[2026-04-09 00:17:10.993 DBG] Actions :: Time to save 23.0171ms
[2026-04-09 00:17:11.011 DBG] Commands :: Time to save 17.516ms
[2026-04-09 00:17:11.028 DBG] Twitch Rewards :: Time to save 16.8844ms
[2026-04-09 00:17:11.041 DBG] Midi :: Time to save 13.8042ms
[2026-04-09 00:17:11.056 DBG] OBS Settings :: Time to save 13.9741ms
[2026-04-09 00:17:11.071 DBG] MeldStudio Settings :: Time to save 15.4144ms
[2026-04-09 00:17:11.086 DBG] Credits :: Time to save 16.3793ms
[2026-04-09 00:17:11.107 DBG] Quotes :: Time to save 19.0014ms
[2026-04-09 00:17:11.172 DBG] Config :: Time to save 18.1182ms
[2026-04-09 00:17:12.618 DBG] ViewerRepo :: UpdatePresence(twitch, 5), 0.0647ms
[2026-04-09 00:17:12.708 DBG] TwitchService :: Presence Timer :: Artificially updated presence with a threshold of 5 minutes (90.1631ms)
[2026-04-09 00:18:12.624 DBG] ViewerRepo :: UpdatePresence(twitch, 5), 0.0353ms
[2026-04-09 00:18:12.715 DBG] TwitchService :: Presence Timer :: Artificially updated presence with a threshold of 5 minutes (91.428ms)
[2026-04-09 00:19:12.629 DBG] ViewerRepo :: UpdatePresence(twitch, 5), 0.0368ms
[2026-04-09 00:19:12.720 DBG] TwitchService :: Presence Timer :: Artificially updated presence with a threshold of 5 minutes (91.3176ms)
[2026-04-09 00:20:12.638 DBG] ViewerRepo :: UpdatePresence(twitch, 5), 0.0358ms
[2026-04-09 00:20:12.731 DBG] TwitchService :: Presence Timer :: Artificially updated presence with a threshold of 5 minutes (93.6489ms)
[2026-04-09 00:21:12.648 DBG] ViewerRepo :: UpdatePresence(twitch, 5), 0.0357ms
[2026-04-09 00:21:12.740 DBG] TwitchService :: Presence Timer :: Artificially updated presence with a threshold of 5 minutes (91.8978ms)
[2026-04-09 00:22:03.422 DBG] Credits :: Time to save 16.0019ms
[2026-04-09 00:22:11.202 DBG] AutoSave :: Auto saving settings...
[2026-04-09 00:22:11.220 DBG] Users :: Time to save 18.3914ms
[2026-04-09 00:22:11.245 DBG] Actions :: Time to save 24.155ms
[2026-04-09 00:22:11.261 DBG] Commands :: Time to save 16.8973ms
[2026-04-09 00:22:11.279 DBG] Twitch Rewards :: Time to save 17.6431ms
[2026-04-09 00:22:11.292 DBG] Midi :: Time to save 12.6975ms
[2026-04-09 00:22:11.304 DBG] OBS Settings :: Time to save 11.4864ms
[2026-04-09 00:22:11.320 DBG] MeldStudio Settings :: Time to save 16.4652ms
[2026-04-09 00:22:11.335 DBG] Credits :: Time to save 14.6998ms
[2026-04-09 00:22:11.352 DBG] Quotes :: Time to save 17.5736ms
[2026-04-09 00:22:11.424 DBG] Config :: Time to save 18.6915ms
[2026-04-09 00:22:12.650 DBG] ViewerRepo :: UpdatePresence(twitch, 5), 0.0364ms
[2026-04-09 00:22:12.742 DBG] TwitchService :: Presence Timer :: Artificially updated presence with a threshold of 5 minutes (92.7226ms)
[2026-04-09 00:23:12.653 DBG] ViewerRepo :: UpdatePresence(twitch, 5), 0.0357ms
[2026-04-09 00:23:12.747 DBG] TwitchService :: Presence Timer :: Artificially updated presence with a threshold of 5 minutes (94.0097ms)
[2026-04-09 00:24:12.670 DBG] ViewerRepo :: UpdatePresence(twitch, 5), 0.0354ms
[2026-04-09 00:24:12.766 DBG] TwitchService :: Presence Timer :: Artificially updated presence with a threshold of 5 minutes (95.6478ms)
[2026-04-09 00:25:12.680 DBG] ViewerRepo :: UpdatePresence(twitch, 5), 0.0398ms
[2026-04-09 00:25:12.779 DBG] TwitchService :: Presence Timer :: Artificially updated presence with a threshold of 5 minutes (99.1357ms)
[2026-04-09 00:26:12.684 DBG] ViewerRepo :: UpdatePresence(twitch, 5), 0.0364ms
[2026-04-09 00:26:12.779 DBG] TwitchService :: Presence Timer :: Artificially updated presence with a threshold of 5 minutes (95.9559ms)
[2026-04-09 00:27:03.433 DBG] Credits :: Time to save 15.3645ms
[2026-04-09 00:27:06.992 DBG] ActionDispatcher :: Queueing 'Sub Goal' (361aa588-5f31-4e19-b8a5-099cae52479d, TimedAction) to 'Default' (00000000-0000-0000-0000-000000000000), with 11 arguments
[2026-04-09 00:27:06.992 DBG] ActionQueue :: 'Default' (00000000-0000-0000-0000-000000000000) :: Enqueue action 361aa588-5f31-4e19-b8a5-099cae52479d
[2026-04-09 00:27:06.992 DBG] ActionQueue :: 'Default' (00000000-0000-0000-0000-000000000000) :: Handling queue
[2026-04-09 00:27:06.992 DBG] ActionQueue :: 'Default' (00000000-0000-0000-0000-000000000000) :: Performing non-blocking 'Sub Goal' (361aa588-5f31-4e19-b8a5-099cae52479d, a8f9d118-b080-4fc6-aaf1-c4c23b80c100)
[2026-04-09 00:27:11.436 DBG] AutoSave :: Auto saving settings...
[2026-04-09 00:27:11.456 DBG] Users :: Time to save 20.7994ms
[2026-04-09 00:27:11.479 DBG] Actions :: Time to save 22.622ms
[2026-04-09 00:27:11.496 DBG] Commands :: Time to save 16.5946ms
[2026-04-09 00:27:11.512 DBG] Twitch Rewards :: Time to save 16.5982ms
[2026-04-09 00:27:11.527 DBG] Midi :: Time to save 14.4159ms
[2026-04-09 00:27:11.541 DBG] OBS Settings :: Time to save 14.2914ms
[2026-04-09 00:27:11.555 DBG] MeldStudio Settings :: Time to save 13.9974ms
[2026-04-09 00:27:11.570 DBG] Credits :: Time to save 14.9632ms
[2026-04-09 00:27:11.587 DBG] Quotes :: Time to save 16.6043ms
[2026-04-09 00:27:11.657 DBG] Config :: Time to save 18.7678ms
[2026-04-09 00:27:12.693 DBG] ViewerRepo :: UpdatePresence(twitch, 5), 0.0388ms
[2026-04-09 00:27:12.786 DBG] TwitchService :: Presence Timer :: Artificially updated presence with a threshold of 5 minutes (92.9649ms)
[2026-04-09 00:28:12.716 DBG] ViewerRepo :: UpdatePresence(twitch, 5), 0.0341ms
[2026-04-09 00:28:12.810 DBG] TwitchService :: Presence Timer :: Artificially updated presence with a threshold of 5 minutes (94.4174ms)
[2026-04-09 00:29:12.721 DBG] ViewerRepo :: UpdatePresence(twitch, 5), 0.035ms
[2026-04-09 00:29:12.814 DBG] TwitchService :: Presence Timer :: Artificially updated presence with a threshold of 5 minutes (92.85ms)
[2026-04-09 00:30:12.734 DBG] ViewerRepo :: UpdatePresence(twitch, 5), 0.036ms
[2026-04-09 00:30:12.829 DBG] TwitchService :: Presence Timer :: Artificially updated presence with a threshold of 5 minutes (95.3162ms)
[2026-04-09 00:31:12.742 DBG] ViewerRepo :: UpdatePresence(twitch, 5), 0.0392ms
[2026-04-09 00:31:12.838 DBG] TwitchService :: Presence Timer :: Artificially updated presence with a threshold of 5 minutes (95.8863ms)
[2026-04-09 00:32:03.449 DBG] Credits :: Time to save 18.1269ms
[2026-04-09 00:32:11.659 DBG] AutoSave :: Auto saving settings...
[2026-04-09 00:32:11.677 DBG] Users :: Time to save 18.6679ms
[2026-04-09 00:32:11.702 DBG] Actions :: Time to save 24.9668ms
[2026-04-09 00:32:11.722 DBG] Commands :: Time to save 18.8034ms
[2026-04-09 00:32:11.739 DBG] Twitch Rewards :: Time to save 17.285ms
[2026-04-09 00:32:11.752 DBG] Midi :: Time to save 13.9826ms
[2026-04-09 00:32:11.765 DBG] OBS Settings :: Time to save 11.6345ms
[2026-04-09 00:32:11.778 DBG] MeldStudio Settings :: Time to save 13.7146ms
[2026-04-09 00:32:11.793 DBG] Credits :: Time to save 14.8023ms
[2026-04-09 00:32:11.811 DBG] Quotes :: Time to save 17.4309ms
[2026-04-09 00:32:11.880 DBG] Config :: Time to save 19.4715ms
[2026-04-09 00:32:12.746 DBG] ViewerRepo :: UpdatePresence(twitch, 5), 0.0356ms
[2026-04-09 00:32:12.848 DBG] TwitchService :: Presence Timer :: Artificially updated presence with a threshold of 5 minutes (103.2881ms)
[2026-04-09 00:33:12.760 DBG] ViewerRepo :: UpdatePresence(twitch, 5), 0.0369ms
[2026-04-09 00:33:12.852 DBG] TwitchService :: Presence Timer :: Artificially updated presence with a threshold of 5 minutes (92.3733ms)
[2026-04-09 00:34:12.762 DBG] ViewerRepo :: UpdatePresence(twitch, 5), 0.0343ms
[2026-04-09 00:34:12.857 DBG] TwitchService :: Presence Timer :: Artificially updated presence with a threshold of 5 minutes (95.1273ms)
[2026-04-09 00:35:12.777 DBG] ViewerRepo :: UpdatePresence(twitch, 5), 0.0379ms
[2026-04-09 00:35:12.868 DBG] TwitchService :: Presence Timer :: Artificially updated presence with a threshold of 5 minutes (91.5668ms)
[2026-04-09 00:36:12.796 DBG] ViewerRepo :: UpdatePresence(twitch, 5), 0.0355ms
[2026-04-09 00:36:12.890 DBG] TwitchService :: Presence Timer :: Artificially updated presence with a threshold of 5 minutes (94.9499ms)
[2026-04-09 00:37:03.457 DBG] Credits :: Time to save 19.8326ms
[2026-04-09 00:37:07.731 DBG] ActionDispatcher :: Queueing 'Sub Goal' (361aa588-5f31-4e19-b8a5-099cae52479d, TimedAction) to 'Default' (00000000-0000-0000-0000-000000000000), with 11 arguments
[2026-04-09 00:37:07.731 DBG] ActionQueue :: 'Default' (00000000-0000-0000-0000-000000000000) :: Enqueue action 361aa588-5f31-4e19-b8a5-099cae52479d
[2026-04-09 00:37:07.731 DBG] ActionQueue :: 'Default' (00000000-0000-0000-0000-000000000000) :: Handling queue
[2026-04-09 00:37:07.731 DBG] ActionQueue :: 'Default' (00000000-0000-0000-0000-000000000000) :: Performing non-blocking 'Sub Goal' (361aa588-5f31-4e19-b8a5-099cae52479d, 1877f90f-a20e-4993-b349-558b62ddfe44)
[2026-04-09 00:37:11.892 DBG] AutoSave :: Auto saving settings...
[2026-04-09 00:37:11.911 DBG] Users :: Time to save 19.1604ms
[2026-04-09 00:37:11.935 DBG] Actions :: Time to save 24.2492ms
[2026-04-09 00:37:11.952 DBG] Commands :: Time to save 16.7232ms
[2026-04-09 00:37:11.969 DBG] Twitch Rewards :: Time to save 16.8281ms
[2026-04-09 00:37:11.982 DBG] Midi :: Time to save 13.6817ms
[2026-04-09 00:37:11.997 DBG] OBS Settings :: Time to save 14.546ms
[2026-04-09 00:37:12.012 DBG] MeldStudio Settings :: Time to save 14.9129ms
[2026-04-09 00:37:12.026 DBG] Credits :: Time to save 13.7824ms
[2026-04-09 00:37:12.042 DBG] Quotes :: Time to save 16.8918ms
[2026-04-09 00:37:12.112 DBG] Config :: Time to save 18.6316ms
[2026-04-09 00:37:12.808 DBG] ViewerRepo :: UpdatePresence(twitch, 5), 0.0362ms
[2026-04-09 00:37:12.905 DBG] TwitchService :: Presence Timer :: Artificially updated presence with a threshold of 5 minutes (97.1193ms)
[2026-04-09 00:38:12.819 DBG] ViewerRepo :: UpdatePresence(twitch, 5), 0.05ms
[2026-04-09 00:38:12.909 DBG] TwitchService :: Presence Timer :: Artificially updated presence with a threshold of 5 minutes (90.5959ms)
[2026-04-09 00:39:12.829 DBG] ViewerRepo :: UpdatePresence(twitch, 5), 0.0355ms
[2026-04-09 00:39:12.918 DBG] TwitchService :: Presence Timer :: Artificially updated presence with a threshold of 5 minutes (89.3347ms)
[2026-04-09 00:40:12.830 DBG] ViewerRepo :: UpdatePresence(twitch, 5), 0.0361ms
[2026-04-09 00:40:12.924 DBG] TwitchService :: Presence Timer :: Artificially updated presence with a threshold of 5 minutes (93.9319ms)
[2026-04-09 00:41:12.838 DBG] ViewerRepo :: UpdatePresence(twitch, 5), 0.0364ms
[2026-04-09 00:41:12.930 DBG] TwitchService :: Presence Timer :: Artificially updated presence with a threshold of 5 minutes (92.8071ms)
[2026-04-09 00:42:03.464 DBG] Credits :: Time to save 16.6939ms
[2026-04-09 00:42:12.149 DBG] AutoSave :: Auto saving settings...
[2026-04-09 00:42:12.166 DBG] Users :: Time to save 18.3329ms
[2026-04-09 00:42:12.190 DBG] Actions :: Time to save 22.8089ms
[2026-04-09 00:42:12.207 DBG] Commands :: Time to save 16.3675ms
[2026-04-09 00:42:12.224 DBG] Twitch Rewards :: Time to save 18.0456ms
[2026-04-09 00:42:12.238 DBG] Midi :: Time to save 13.4164ms
[2026-04-09 00:42:12.252 DBG] OBS Settings :: Time to save 13.7694ms
[2026-04-09 00:42:12.267 DBG] MeldStudio Settings :: Time to save 15.0076ms
[2026-04-09 00:42:12.282 DBG] Credits :: Time to save 14.5755ms
[2026-04-09 00:42:12.298 DBG] Quotes :: Time to save 16.5131ms
[2026-04-09 00:42:12.369 DBG] Config :: Time to save 17.7766ms
[2026-04-09 00:42:12.850 DBG] ViewerRepo :: UpdatePresence(twitch, 5), 0.038ms
[2026-04-09 00:42:12.946 DBG] TwitchService :: Presence Timer :: Artificially updated presence with a threshold of 5 minutes (96.162ms)
[2026-04-09 00:43:12.865 DBG] ViewerRepo :: UpdatePresence(twitch, 5), 0.0353ms
[2026-04-09 00:43:12.956 DBG] TwitchService :: Presence Timer :: Artificially updated presence with a threshold of 5 minutes (91.4668ms)
[2026-04-09 00:44:12.872 DBG] ViewerRepo :: UpdatePresence(twitch, 5), 0.0351ms
[2026-04-09 00:44:12.960 DBG] TwitchService :: Presence Timer :: Artificially updated presence with a threshold of 5 minutes (88.4655ms)
[2026-04-09 00:45:12.877 DBG] ViewerRepo :: UpdatePresence(twitch, 5), 0.0355ms
[2026-04-09 00:45:12.968 DBG] TwitchService :: Presence Timer :: Artificially updated presence with a threshold of 5 minutes (91.1743ms)
[2026-04-09 00:46:12.883 DBG] ViewerRepo :: UpdatePresence(twitch, 5), 0.0348ms
[2026-04-09 00:46:12.970 DBG] TwitchService :: Presence Timer :: Artificially updated presence with a threshold of 5 minutes (88.357ms)
[2026-04-09 00:47:03.467 DBG] Credits :: Time to save 17.9992ms
[2026-04-09 00:47:08.302 DBG] ActionDispatcher :: Queueing 'Sub Goal' (361aa588-5f31-4e19-b8a5-099cae52479d, TimedAction) to 'Default' (00000000-0000-0000-0000-000000000000), with 11 arguments
[2026-04-09 00:47:08.302 DBG] ActionQueue :: 'Default' (00000000-0000-0000-0000-000000000000) :: Enqueue action 361aa588-5f31-4e19-b8a5-099cae52479d
[2026-04-09 00:47:08.302 DBG] ActionQueue :: 'Default' (00000000-0000-0000-0000-000000000000) :: Handling queue
[2026-04-09 00:47:08.302 DBG] ActionQueue :: 'Default' (00000000-0000-0000-0000-000000000000) :: Performing non-blocking 'Sub Goal' (361aa588-5f31-4e19-b8a5-099cae52479d, d30f6ef5-ec07-4dea-a533-d957add122da)
[2026-04-09 00:47:12.365 DBG] AutoSave :: Auto saving settings...
[2026-04-09 00:47:12.384 DBG] Users :: Time to save 19.4605ms
[2026-04-09 00:47:12.410 DBG] Actions :: Time to save 26.4818ms
[2026-04-09 00:47:12.427 DBG] Commands :: Time to save 16.2613ms
[2026-04-09 00:47:12.444 DBG] Twitch Rewards :: Time to save 16.6195ms
[2026-04-09 00:47:12.457 DBG] Midi :: Time to save 13.8065ms
[2026-04-09 00:47:12.472 DBG] OBS Settings :: Time to save 14.9437ms
[2026-04-09 00:47:12.486 DBG] MeldStudio Settings :: Time to save 14.1595ms
[2026-04-09 00:47:12.501 DBG] Credits :: Time to save 14.249ms
[2026-04-09 00:47:12.516 DBG] Quotes :: Time to save 15.1913ms
[2026-04-09 00:47:12.585 DBG] Config :: Time to save 18.9454ms
[2026-04-09 00:47:12.895 DBG] ViewerRepo :: UpdatePresence(twitch, 5), 0.0351ms
[2026-04-09 00:47:13.430 DBG] TwitchService :: Presence Timer :: Artificially updated presence with a threshold of 5 minutes (535.4468ms)
[2026-04-09 00:48:12.902 DBG] ViewerRepo :: UpdatePresence(twitch, 5), 0.0361ms
[2026-04-09 00:48:12.997 DBG] TwitchService :: Presence Timer :: Artificially updated presence with a threshold of 5 minutes (95.3027ms)
[2026-04-09 00:49:12.908 DBG] ViewerRepo :: UpdatePresence(twitch, 5), 0.0385ms
[2026-04-09 00:49:13.005 DBG] TwitchService :: Presence Timer :: Artificially updated presence with a threshold of 5 minutes (96.5517ms)
[2026-04-09 00:50:12.910 DBG] ViewerRepo :: UpdatePresence(twitch, 5), 0.0352ms
[2026-04-09 00:50:13.003 DBG] TwitchService :: Presence Timer :: Artificially updated presence with a threshold of 5 minutes (93.9194ms)
[2026-04-09 00:51:12.918 DBG] ViewerRepo :: UpdatePresence(twitch, 5), 0.037ms
[2026-04-09 00:51:13.014 DBG] TwitchService :: Presence Timer :: Artificially updated presence with a threshold of 5 minutes (95.921ms)
[2026-04-09 00:52:03.478 DBG] Credits :: Time to save 16.363ms
[2026-04-09 00:52:12.645 DBG] AutoSave :: Auto saving settings...
[2026-04-09 00:52:12.664 DBG] Users :: Time to save 19.2035ms
[2026-04-09 00:52:12.687 DBG] Actions :: Time to save 22.7201ms
[2026-04-09 00:52:12.703 DBG] Commands :: Time to save 17.2362ms
[2026-04-09 00:52:12.720 DBG] Twitch Rewards :: Time to save 16.5923ms
[2026-04-09 00:52:12.734 DBG] Midi :: Time to save 13.7255ms
[2026-04-09 00:52:12.750 DBG] OBS Settings :: Time to save 16.3132ms
[2026-04-09 00:52:12.766 DBG] MeldStudio Settings :: Time to save 15.8892ms
[2026-04-09 00:52:12.781 DBG] Credits :: Time to save 14.8915ms
[2026-04-09 00:52:12.797 DBG] Quotes :: Time to save 16.5651ms
[2026-04-09 00:52:12.864 DBG] Config :: Time to save 19.4148ms
[2026-04-09 00:52:12.938 DBG] ViewerRepo :: UpdatePresence(twitch, 5), 0.035ms
[2026-04-09 00:52:13.030 DBG] TwitchService :: Presence Timer :: Artificially updated presence with a threshold of 5 minutes (92.7398ms)
[2026-04-09 00:53:12.939 DBG] ViewerRepo :: UpdatePresence(twitch, 5), 0.0363ms
[2026-04-09 00:53:13.028 DBG] TwitchService :: Presence Timer :: Artificially updated presence with a threshold of 5 minutes (89.2009ms)
[2026-04-09 00:54:12.954 DBG] ViewerRepo :: UpdatePresence(twitch, 5), 0.0352ms
[2026-04-09 00:54:13.045 DBG] TwitchService :: Presence Timer :: Artificially updated presence with a threshold of 5 minutes (91.6408ms)
[2026-04-09 00:55:12.965 DBG] ViewerRepo :: UpdatePresence(twitch, 5), 0.0359ms
[2026-04-09 00:55:13.060 DBG] TwitchService :: Presence Timer :: Artificially updated presence with a threshold of 5 minutes (95.5357ms)
[2026-04-09 00:56:12.969 DBG] ViewerRepo :: UpdatePresence(twitch, 5), 0.0465ms
[2026-04-09 00:56:13.061 DBG] TwitchService :: Presence Timer :: Artificially updated presence with a threshold of 5 minutes (92.6512ms)
[2026-04-09 00:57:03.498 DBG] Credits :: Time to save 17.1803ms
[2026-04-09 00:57:08.694 DBG] ActionDispatcher :: Queueing 'Sub Goal' (361aa588-5f31-4e19-b8a5-099cae52479d, TimedAction) to 'Default' (00000000-0000-0000-0000-000000000000), with 11 arguments
[2026-04-09 00:57:08.694 DBG] ActionQueue :: 'Default' (00000000-0000-0000-0000-000000000000) :: Enqueue action 361aa588-5f31-4e19-b8a5-099cae52479d
[2026-04-09 00:57:08.694 DBG] ActionQueue :: 'Default' (00000000-0000-0000-0000-000000000000) :: Handling queue
[2026-04-09 00:57:08.694 DBG] ActionQueue :: 'Default' (00000000-0000-0000-0000-000000000000) :: Performing non-blocking 'Sub Goal' (361aa588-5f31-4e19-b8a5-099cae52479d, 87cfa550-6dd4-4d37-bfad-506dcec1e632)
[2026-04-09 00:57:12.922 DBG] AutoSave :: Auto saving settings...
[2026-04-09 00:57:12.941 DBG] Users :: Time to save 18.9542ms
[2026-04-09 00:57:12.965 DBG] Actions :: Time to save 24.1492ms
[2026-04-09 00:57:12.969 DBG] ViewerRepo :: UpdatePresence(twitch, 5), 0.0412ms
[2026-04-09 00:57:12.981 DBG] Commands :: Time to save 16.486ms
[2026-04-09 00:57:12.999 DBG] Twitch Rewards :: Time to save 17.7981ms
[2026-04-09 00:57:13.014 DBG] Midi :: Time to save 14.3256ms
[2026-04-09 00:57:13.029 DBG] OBS Settings :: Time to save 15.3149ms
[2026-04-09 00:57:13.042 DBG] MeldStudio Settings :: Time to save 13.7155ms
[2026-04-09 00:57:13.057 DBG] Credits :: Time to save 14.5292ms
[2026-04-09 00:57:13.061 DBG] TwitchService :: Presence Timer :: Artificially updated presence with a threshold of 5 minutes (92.983ms)
[2026-04-09 00:57:13.073 DBG] Quotes :: Time to save 16.5355ms
[2026-04-09 00:57:13.158 DBG] Config :: Time to save 18.2212ms
[2026-04-09 00:58:12.978 DBG] ViewerRepo :: UpdatePresence(twitch, 5), 0.0371ms
[2026-04-09 00:58:13.077 DBG] TwitchService :: Presence Timer :: Artificially updated presence with a threshold of 5 minutes (98.1276ms)
[2026-04-09 00:59:12.991 DBG] ViewerRepo :: UpdatePresence(twitch, 5), 0.0366ms
[2026-04-09 00:59:13.082 DBG] TwitchService :: Presence Timer :: Artificially updated presence with a threshold of 5 minutes (92.0713ms)
[2026-04-09 01:00:13.001 DBG] ViewerRepo :: UpdatePresence(twitch, 5), 0.0378ms
[2026-04-09 01:00:13.092 DBG] TwitchService :: Presence Timer :: Artificially updated presence with a threshold of 5 minutes (91.1624ms)
[2026-04-09 01:01:13.011 DBG] ViewerRepo :: UpdatePresence(twitch, 5), 0.0386ms
[2026-04-09 01:01:13.102 DBG] TwitchService :: Presence Timer :: Artificially updated presence with a threshold of 5 minutes (91.2783ms)
[2026-04-09 01:02:03.504 DBG] Credits :: Time to save 16.6145ms
[2026-04-09 01:02:13.027 DBG] ViewerRepo :: UpdatePresence(twitch, 5), 0.0346ms
[2026-04-09 01:02:13.122 DBG] TwitchService :: Presence Timer :: Artificially updated presence with a threshold of 5 minutes (96.0519ms)
[2026-04-09 01:02:13.163 DBG] AutoSave :: Auto saving settings...
[2026-04-09 01:02:13.182 DBG] Users :: Time to save 18.6534ms
[2026-04-09 01:02:13.205 DBG] Actions :: Time to save 22.8327ms
[2026-04-09 01:02:13.223 DBG] Commands :: Time to save 18.7374ms
[2026-04-09 01:02:13.241 DBG] Twitch Rewards :: Time to save 17.1958ms
[2026-04-09 01:02:13.255 DBG] Midi :: Time to save 13.5357ms
[2026-04-09 01:02:13.268 DBG] OBS Settings :: Time to save 13.9264ms
[2026-04-09 01:02:13.284 DBG] MeldStudio Settings :: Time to save 15.1962ms
[2026-04-09 01:02:13.298 DBG] Credits :: Time to save 14.6743ms
[2026-04-09 01:02:13.313 DBG] Quotes :: Time to save 14.961ms
[2026-04-09 01:02:13.382 DBG] Config :: Time to save 18.2667ms
[2026-04-09 01:03:13.032 DBG] ViewerRepo :: UpdatePresence(twitch, 5), 0.0364ms
[2026-04-09 01:03:13.127 DBG] TwitchService :: Presence Timer :: Artificially updated presence with a threshold of 5 minutes (94.6895ms)
[2026-04-09 01:04:13.047 DBG] ViewerRepo :: UpdatePresence(twitch, 5), 0.0377ms
[2026-04-09 01:04:13.143 DBG] TwitchService :: Presence Timer :: Artificially updated presence with a threshold of 5 minutes (96.4449ms)
[2026-04-09 01:05:13.060 DBG] ViewerRepo :: UpdatePresence(twitch, 5), 0.0434ms
[2026-04-09 01:05:13.154 DBG] TwitchService :: Presence Timer :: Artificially updated presence with a threshold of 5 minutes (93.9879ms)
[2026-04-09 01:06:13.074 DBG] ViewerRepo :: UpdatePresence(twitch, 5), 0.0432ms
[2026-04-09 01:06:13.174 DBG] TwitchService :: Presence Timer :: Artificially updated presence with a threshold of 5 minutes (100.4407ms)
[2026-04-09 01:07:03.511 DBG] Credits :: Time to save 19.4841ms
[2026-04-09 01:07:09.135 DBG] ActionDispatcher :: Queueing 'Sub Goal' (361aa588-5f31-4e19-b8a5-099cae52479d, TimedAction) to 'Default' (00000000-0000-0000-0000-000000000000), with 11 arguments
[2026-04-09 01:07:09.135 DBG] ActionQueue :: 'Default' (00000000-0000-0000-0000-000000000000) :: Enqueue action 361aa588-5f31-4e19-b8a5-099cae52479d
[2026-04-09 01:07:09.135 DBG] ActionQueue :: 'Default' (00000000-0000-0000-0000-000000000000) :: Handling queue
[2026-04-09 01:07:09.135 DBG] ActionQueue :: 'Default' (00000000-0000-0000-0000-000000000000) :: Performing non-blocking 'Sub Goal' (361aa588-5f31-4e19-b8a5-099cae52479d, ccf44090-a23c-462c-88e9-62239ae92dc7)
[2026-04-09 01:07:13.087 DBG] ViewerRepo :: UpdatePresence(twitch, 5), 0.0362ms
[2026-04-09 01:07:13.182 DBG] TwitchService :: Presence Timer :: Artificially updated presence with a threshold of 5 minutes (95.8778ms)
[2026-04-09 01:07:13.397 DBG] AutoSave :: Auto saving settings...
[2026-04-09 01:07:13.416 DBG] Users :: Time to save 19.3852ms
[2026-04-09 01:07:13.442 DBG] Actions :: Time to save 26.4815ms
[2026-04-09 01:07:13.460 DBG] Commands :: Time to save 18.0297ms
[2026-04-09 01:07:13.478 DBG] Twitch Rewards :: Time to save 17.2305ms
[2026-04-09 01:07:13.492 DBG] Midi :: Time to save 14.1605ms
[2026-04-09 01:07:13.506 DBG] OBS Settings :: Time to save 15.1622ms
[2026-04-09 01:07:13.521 DBG] MeldStudio Settings :: Time to save 13.8611ms
[2026-04-09 01:07:13.536 DBG] Credits :: Time to save 13.9974ms
[2026-04-09 01:07:13.555 DBG] Quotes :: Time to save 19.322ms
[2026-04-09 01:07:13.617 DBG] Config :: Time to save 19.0319ms
[2026-04-09 01:08:13.101 DBG] ViewerRepo :: UpdatePresence(twitch, 5), 0.0348ms
[2026-04-09 01:08:13.196 DBG] TwitchService :: Presence Timer :: Artificially updated presence with a threshold of 5 minutes (95.1847ms)
[2026-04-09 01:09:13.110 DBG] ViewerRepo :: UpdatePresence(twitch, 5), 0.0364ms
[2026-04-09 01:09:13.204 DBG] TwitchService :: Presence Timer :: Artificially updated presence with a threshold of 5 minutes (94.6181ms)
[2026-04-09 01:10:13.121 DBG] ViewerRepo :: UpdatePresence(twitch, 5), 0.0541ms
[2026-04-09 01:10:13.216 DBG] TwitchService :: Presence Timer :: Artificially updated presence with a threshold of 5 minutes (95.1009ms)
[2026-04-09 01:11:13.134 DBG] ViewerRepo :: UpdatePresence(twitch, 5), 0.0357ms
[2026-04-09 01:11:13.227 DBG] TwitchService :: Presence Timer :: Artificially updated presence with a threshold of 5 minutes (94.2886ms)
[2026-04-09 01:12:03.508 DBG] Credits :: Time to save 16.0938ms
[2026-04-09 01:12:13.148 DBG] ViewerRepo :: UpdatePresence(twitch, 5), 0.0376ms
[2026-04-09 01:12:13.243 DBG] TwitchService :: Presence Timer :: Artificially updated presence with a threshold of 5 minutes (95.2989ms)
[2026-04-09 01:12:13.630 DBG] AutoSave :: Auto saving settings...
[2026-04-09 01:12:13.648 DBG] Users :: Time to save 18.1044ms
[2026-04-09 01:12:13.672 DBG] Actions :: Time to save 23.8766ms
[2026-04-09 01:12:13.688 DBG] Commands :: Time to save 16.2884ms
[2026-04-09 01:12:13.706 DBG] Twitch Rewards :: Time to save 17.0548ms
[2026-04-09 01:12:13.720 DBG] Midi :: Time to save 14.2576ms
[2026-04-09 01:12:13.735 DBG] OBS Settings :: Time to save 15.592ms
[2026-04-09 01:12:13.750 DBG] MeldStudio Settings :: Time to save 14.4666ms
[2026-04-09 01:12:13.764 DBG] Credits :: Time to save 14.2051ms
[2026-04-09 01:12:13.782 DBG] Quotes :: Time to save 17.6134ms
[2026-04-09 01:12:13.851 DBG] Config :: Time to save 19.5348ms
[2026-04-09 01:13:13.151 DBG] ViewerRepo :: UpdatePresence(twitch, 5), 0.0357ms
[2026-04-09 01:13:13.248 DBG] TwitchService :: Presence Timer :: Artificially updated presence with a threshold of 5 minutes (97.0983ms)
[2026-04-09 01:14:13.160 DBG] ViewerRepo :: UpdatePresence(twitch, 5), 0.0342ms
[2026-04-09 01:14:13.249 DBG] TwitchService :: Presence Timer :: Artificially updated presence with a threshold of 5 minutes (89.3584ms)
[2026-04-09 01:15:13.167 DBG] ViewerRepo :: UpdatePresence(twitch, 5), 0.0384ms
[2026-04-09 01:15:13.267 DBG] TwitchService :: Presence Timer :: Artificially updated presence with a threshold of 5 minutes (99.5515ms)
[2026-04-09 01:16:13.170 DBG] ViewerRepo :: UpdatePresence(twitch, 5), 0.0376ms
[2026-04-09 01:16:13.258 DBG] TwitchService :: Presence Timer :: Artificially updated presence with a threshold of 5 minutes (88.3023ms)
[2026-04-09 01:17:03.522 DBG] Credits :: Time to save 17.6642ms
[2026-04-09 01:17:09.612 DBG] ActionDispatcher :: Queueing 'Sub Goal' (361aa588-5f31-4e19-b8a5-099cae52479d, TimedAction) to 'Default' (00000000-0000-0000-0000-000000000000), with 11 arguments
[2026-04-09 01:17:09.612 DBG] ActionQueue :: 'Default' (00000000-0000-0000-0000-000000000000) :: Enqueue action 361aa588-5f31-4e19-b8a5-099cae52479d
[2026-04-09 01:17:09.612 DBG] ActionQueue :: 'Default' (00000000-0000-0000-0000-000000000000) :: Handling queue
[2026-04-09 01:17:09.612 DBG] ActionQueue :: 'Default' (00000000-0000-0000-0000-000000000000) :: Performing non-blocking 'Sub Goal' (361aa588-5f31-4e19-b8a5-099cae52479d, 88419832-4341-457f-af0c-c3dd496e9a39)
[2026-04-09 01:17:13.171 DBG] ViewerRepo :: UpdatePresence(twitch, 5), 0.0373ms
[2026-04-09 01:17:13.268 DBG] TwitchService :: Presence Timer :: Artificially updated presence with a threshold of 5 minutes (96.9219ms)
[2026-04-09 01:17:13.853 DBG] AutoSave :: Auto saving settings...
[2026-04-09 01:17:13.872 DBG] Users :: Time to save 19.0641ms
[2026-04-09 01:17:13.896 DBG] Actions :: Time to save 23.2121ms
[2026-04-09 01:17:13.912 DBG] Commands :: Time to save 16.4857ms
[2026-04-09 01:17:13.924 DBG] Twitch Rewards :: Time to save 12.0639ms
[2026-04-09 01:17:13.938 DBG] Midi :: Time to save 13.7229ms
[2026-04-09 01:17:13.952 DBG] OBS Settings :: Time to save 13.8476ms
[2026-04-09 01:17:13.967 DBG] MeldStudio Settings :: Time to save 14.6615ms
[2026-04-09 01:17:13.981 DBG] Credits :: Time to save 15.0231ms
[2026-04-09 01:17:13.998 DBG] Quotes :: Time to save 16.7293ms
[2026-04-09 01:17:14.074 DBG] Config :: Time to save 18.7075ms
[2026-04-09 01:18:13.173 DBG] ViewerRepo :: UpdatePresence(twitch, 5), 0.0346ms
[2026-04-09 01:18:13.270 DBG] TwitchService :: Presence Timer :: Artificially updated presence with a threshold of 5 minutes (97.5445ms)
[2026-04-09 01:19:13.185 DBG] ViewerRepo :: UpdatePresence(twitch, 5), 0.0388ms
[2026-04-09 01:19:13.280 DBG] TwitchService :: Presence Timer :: Artificially updated presence with a threshold of 5 minutes (95.6268ms)
[2026-04-09 01:20:13.189 DBG] ViewerRepo :: UpdatePresence(twitch, 5), 0.0361ms
[2026-04-09 01:20:13.284 DBG] TwitchService :: Presence Timer :: Artificially updated presence with a threshold of 5 minutes (95.5546ms)
[2026-04-09 01:21:13.195 DBG] ViewerRepo :: UpdatePresence(twitch, 5), 0.0364ms
[2026-04-09 01:21:13.282 DBG] TwitchService :: Presence Timer :: Artificially updated presence with a threshold of 5 minutes (87.3027ms)
[2026-04-09 01:22:03.537 DBG] Credits :: Time to save 17.6987ms
[2026-04-09 01:22:13.209 DBG] ViewerRepo :: UpdatePresence(twitch, 5), 0.0366ms
[2026-04-09 01:22:13.306 DBG] TwitchService :: Presence Timer :: Artificially updated presence with a threshold of 5 minutes (96.5694ms)
[2026-04-09 01:22:14.125 DBG] AutoSave :: Auto saving settings...
[2026-04-09 01:22:14.144 DBG] Users :: Time to save 19.1347ms
[2026-04-09 01:22:14.167 DBG] Actions :: Time to save 24.1748ms
[2026-04-09 01:22:14.185 DBG] Commands :: Time to save 17.4829ms
[2026-04-09 01:22:14.200 DBG] Twitch Rewards :: Time to save 15.3604ms
[2026-04-09 01:22:14.216 DBG] Midi :: Time to save 14.9309ms
[2026-04-09 01:22:14.229 DBG] OBS Settings :: Time to save 14.207ms
[2026-04-09 01:22:14.246 DBG] MeldStudio Settings :: Time to save 15.5775ms
[2026-04-09 01:22:14.261 DBG] Credits :: Time to save 15.7443ms
[2026-04-09 01:22:14.277 DBG] Quotes :: Time to save 16.1394ms
[2026-04-09 01:22:14.347 DBG] Config :: Time to save 21.4013ms
[2026-04-09 01:23:13.224 DBG] ViewerRepo :: UpdatePresence(twitch, 5), 0.0343ms
[2026-04-09 01:23:13.321 DBG] TwitchService :: Presence Timer :: Artificially updated presence with a threshold of 5 minutes (97.8416ms)
[2026-04-09 01:24:13.230 DBG] ViewerRepo :: UpdatePresence(twitch, 5), 0.0347ms
[2026-04-09 01:24:13.322 DBG] TwitchService :: Presence Timer :: Artificially updated presence with a threshold of 5 minutes (92.2193ms)
[2026-04-09 01:25:13.245 DBG] ViewerRepo :: UpdatePresence(twitch, 5), 0.0396ms
[2026-04-09 01:25:13.336 DBG] TwitchService :: Presence Timer :: Artificially updated presence with a threshold of 5 minutes (91.976ms)
[2026-04-09 01:26:13.262 DBG] ViewerRepo :: UpdatePresence(twitch, 5), 0.0393ms
[2026-04-09 01:26:13.351 DBG] TwitchService :: Presence Timer :: Artificially updated presence with a threshold of 5 minutes (88.8117ms)
[2026-04-09 01:27:03.540 DBG] Credits :: Time to save 16.8196ms
[2026-04-09 01:27:09.968 DBG] ActionDispatcher :: Queueing 'Sub Goal' (361aa588-5f31-4e19-b8a5-099cae52479d, TimedAction) to 'Default' (00000000-0000-0000-0000-000000000000), with 11 arguments
[2026-04-09 01:27:09.968 DBG] ActionQueue :: 'Default' (00000000-0000-0000-0000-000000000000) :: Enqueue action 361aa588-5f31-4e19-b8a5-099cae52479d
[2026-04-09 01:27:09.968 DBG] ActionQueue :: 'Default' (00000000-0000-0000-0000-000000000000) :: Handling queue
[2026-04-09 01:27:09.968 DBG] ActionQueue :: 'Default' (00000000-0000-0000-0000-000000000000) :: Performing non-blocking 'Sub Goal' (361aa588-5f31-4e19-b8a5-099cae52479d, 709a84f1-8775-48a5-80c6-0297e86a89da)
[2026-04-09 01:27:13.278 DBG] ViewerRepo :: UpdatePresence(twitch, 5), 0.0395ms
[2026-04-09 01:27:13.375 DBG] TwitchService :: Presence Timer :: Artificially updated presence with a threshold of 5 minutes (96.9692ms)
[2026-04-09 01:27:14.376 DBG] AutoSave :: Auto saving settings...
[2026-04-09 01:27:14.394 DBG] Users :: Time to save 18.9046ms
[2026-04-09 01:27:14.418 DBG] Actions :: Time to save 23.9236ms
[2026-04-09 01:27:14.435 DBG] Commands :: Time to save 16.6161ms
[2026-04-09 01:27:14.451 DBG] Twitch Rewards :: Time to save 16.6237ms
[2026-04-09 01:27:14.466 DBG] Midi :: Time to save 13.927ms
[2026-04-09 01:27:14.480 DBG] OBS Settings :: Time to save 14.5711ms
[2026-04-09 01:27:14.494 DBG] MeldStudio Settings :: Time to save 14.1331ms
[2026-04-09 01:27:14.509 DBG] Credits :: Time to save 14.5126ms
[2026-04-09 01:27:14.525 DBG] Quotes :: Time to save 16.785ms
[2026-04-09 01:27:14.614 DBG] Config :: Time to save 20.8537ms
[2026-04-09 01:28:13.285 DBG] ViewerRepo :: UpdatePresence(twitch, 5), 0.0377ms
[2026-04-09 01:28:13.378 DBG] TwitchService :: Presence Timer :: Artificially updated presence with a threshold of 5 minutes (93.7663ms)
[2026-04-09 01:29:13.298 DBG] ViewerRepo :: UpdatePresence(twitch, 5), 0.0387ms
[2026-04-09 01:29:13.390 DBG] TwitchService :: Presence Timer :: Artificially updated presence with a threshold of 5 minutes (92.4578ms)
[2026-04-09 01:30:13.305 DBG] ViewerRepo :: UpdatePresence(twitch, 5), 0.0389ms
[2026-04-09 01:30:13.405 DBG] TwitchService :: Presence Timer :: Artificially updated presence with a threshold of 5 minutes (99.8714ms)
[2026-04-09 01:31:10.272 DBG] Streamer.bot Website Socket :: Disconnected
[2026-04-09 01:31:10.272 INF] Streamer.bot Service :: Disconnected from Website Client
[2026-04-09 01:31:12.296 DBG] Streamer.bot Service :: Retrying website client connection
[2026-04-09 01:31:12.296 INF] Streamer.bot Service :: Connecting to Website Client
[2026-04-09 01:31:12.296 DBG] Streamer.bot Website Socket :: Opening connection
[2026-04-09 01:31:12.649 INF] Streamer.bot Service :: Website Client authenticated
[2026-04-09 01:31:12.649 INF] Streamer.bot Service :: Connected to Website Client
[2026-04-09 01:31:13.319 DBG] ViewerRepo :: UpdatePresence(twitch, 5), 0.0567ms
[2026-04-09 01:31:13.412 DBG] TwitchService :: Presence Timer :: Artificially updated presence with a threshold of 5 minutes (93.4991ms)
[2026-04-09 01:32:03.541 DBG] Credits :: Time to save 16.7655ms
[2026-04-09 01:32:13.327 DBG] ViewerRepo :: UpdatePresence(twitch, 5), 0.0377ms
[2026-04-09 01:32:13.424 DBG] TwitchService :: Presence Timer :: Artificially updated presence with a threshold of 5 minutes (97.4471ms)
[2026-04-09 01:32:14.618 DBG] AutoSave :: Auto saving settings...
[2026-04-09 01:32:14.637 DBG] Users :: Time to save 19.2288ms
[2026-04-09 01:32:14.662 DBG] Actions :: Time to save 25.7466ms
[2026-04-09 01:32:14.679 DBG] Commands :: Time to save 16.3132ms
[2026-04-09 01:32:14.696 DBG] Twitch Rewards :: Time to save 16.5948ms
[2026-04-09 01:32:14.711 DBG] Midi :: Time to save 15.1584ms
[2026-04-09 01:32:14.725 DBG] OBS Settings :: Time to save 14.0212ms
[2026-04-09 01:32:14.740 DBG] MeldStudio Settings :: Time to save 14.7625ms
[2026-04-09 01:32:14.755 DBG] Credits :: Time to save 14.2213ms
[2026-04-09 01:32:14.772 DBG] Quotes :: Time to save 17.7466ms
[2026-04-09 01:32:14.840 DBG] Config :: Time to save 19.8822ms
[2026-04-09 01:33:13.344 DBG] ViewerRepo :: UpdatePresence(twitch, 5), 0.0364ms
[2026-04-09 01:33:13.437 DBG] TwitchService :: Presence Timer :: Artificially updated presence with a threshold of 5 minutes (93.3548ms)
[2026-04-09 01:34:13.353 DBG] ViewerRepo :: UpdatePresence(twitch, 5), 0.0438ms
[2026-04-09 01:34:13.448 DBG] TwitchService :: Presence Timer :: Artificially updated presence with a threshold of 5 minutes (95.0225ms)
[2026-04-09 01:35:13.353 DBG] ViewerRepo :: UpdatePresence(twitch, 5), 0.0359ms
[2026-04-09 01:35:13.448 DBG] TwitchService :: Presence Timer :: Artificially updated presence with a threshold of 5 minutes (94.671ms)
[2026-04-09 01:36:13.357 DBG] ViewerRepo :: UpdatePresence(twitch, 5), 0.0419ms
[2026-04-09 01:36:13.452 DBG] TwitchService :: Presence Timer :: Artificially updated presence with a threshold of 5 minutes (95.6653ms)
[2026-04-09 01:37:03.544 DBG] Credits :: Time to save 16.5231ms
[2026-04-09 01:37:10.340 DBG] ActionDispatcher :: Queueing 'Sub Goal' (361aa588-5f31-4e19-b8a5-099cae52479d, TimedAction) to 'Default' (00000000-0000-0000-0000-000000000000), with 11 arguments
[2026-04-09 01:37:10.340 DBG] ActionQueue :: 'Default' (00000000-0000-0000-0000-000000000000) :: Enqueue action 361aa588-5f31-4e19-b8a5-099cae52479d
[2026-04-09 01:37:10.340 DBG] ActionQueue :: 'Default' (00000000-0000-0000-0000-000000000000) :: Handling queue
[2026-04-09 01:37:10.340 DBG] ActionQueue :: 'Default' (00000000-0000-0000-0000-000000000000) :: Performing non-blocking 'Sub Goal' (361aa588-5f31-4e19-b8a5-099cae52479d, 5330cc33-b91c-4fc2-9581-999802d02527)
[2026-04-09 01:37:13.367 DBG] ViewerRepo :: UpdatePresence(twitch, 5), 0.0372ms
[2026-04-09 01:37:13.458 DBG] TwitchService :: Presence Timer :: Artificially updated presence with a threshold of 5 minutes (91.728ms)
[2026-04-09 01:37:14.847 DBG] AutoSave :: Auto saving settings...
[2026-04-09 01:37:14.867 DBG] Users :: Time to save 20.183ms
[2026-04-09 01:37:14.892 DBG] Actions :: Time to save 25.5114ms
[2026-04-09 01:37:14.908 DBG] Commands :: Time to save 16.6603ms
[2026-04-09 01:37:14.925 DBG] Twitch Rewards :: Time to save 16.6819ms
[2026-04-09 01:37:14.936 DBG] Midi :: Time to save 9.7531ms
[2026-04-09 01:37:14.950 DBG] OBS Settings :: Time to save 14.3386ms
[2026-04-09 01:37:14.966 DBG] MeldStudio Settings :: Time to save 15.4374ms
[2026-04-09 01:37:14.977 DBG] Credits :: Time to save 11.8028ms
[2026-04-09 01:37:14.994 DBG] Quotes :: Time to save 16.5235ms
[2026-04-09 01:37:15.066 DBG] Config :: Time to save 18.0706ms
[2026-04-09 01:38:13.378 DBG] ViewerRepo :: UpdatePresence(twitch, 5), 0.0449ms
[2026-04-09 01:38:13.475 DBG] TwitchService :: Presence Timer :: Artificially updated presence with a threshold of 5 minutes (96.7627ms)
[2026-04-09 01:39:13.391 DBG] ViewerRepo :: UpdatePresence(twitch, 5), 0.0375ms
[2026-04-09 01:39:13.487 DBG] TwitchService :: Presence Timer :: Artificially updated presence with a threshold of 5 minutes (95.6853ms)
[2026-04-09 01:40:13.406 DBG] ViewerRepo :: UpdatePresence(twitch, 5), 0.0373ms
[2026-04-09 01:40:13.497 DBG] TwitchService :: Presence Timer :: Artificially updated presence with a threshold of 5 minutes (92.2222ms)
[2026-04-09 01:41:13.419 DBG] ViewerRepo :: UpdatePresence(twitch, 5), 0.0358ms
[2026-04-09 01:41:13.508 DBG] TwitchService :: Presence Timer :: Artificially updated presence with a threshold of 5 minutes (88.9532ms)
[2026-04-09 01:42:03.556 DBG] Credits :: Time to save 17.5535ms
[2026-04-09 01:42:13.425 DBG] ViewerRepo :: UpdatePresence(twitch, 5), 0.0484ms
[2026-04-09 01:42:13.517 DBG] TwitchService :: Presence Timer :: Artificially updated presence with a threshold of 5 minutes (92.4422ms)
[2026-04-09 01:42:15.130 DBG] AutoSave :: Auto saving settings...
[2026-04-09 01:42:15.149 DBG] Users :: Time to save 18.7741ms
[2026-04-09 01:42:15.173 DBG] Actions :: Time to save 25.0576ms
[2026-04-09 01:42:15.190 DBG] Commands :: Time to save 16.6504ms
[2026-04-09 01:42:15.207 DBG] Twitch Rewards :: Time to save 16.662ms
[2026-04-09 01:42:15.223 DBG] Midi :: Time to save 15.9052ms
[2026-04-09 01:42:15.237 DBG] OBS Settings :: Time to save 13.7084ms
[2026-04-09 01:42:15.252 DBG] MeldStudio Settings :: Time to save 15.2173ms
[2026-04-09 01:42:15.267 DBG] Credits :: Time to save 14.2375ms
[2026-04-09 01:42:15.284 DBG] Quotes :: Time to save 17.1413ms
[2026-04-09 01:42:15.350 DBG] Config :: Time to save 19.4028ms
[2026-04-09 01:43:13.429 DBG] ViewerRepo :: UpdatePresence(twitch, 5), 0.0377ms
[2026-04-09 01:43:13.522 DBG] TwitchService :: Presence Timer :: Artificially updated presence with a threshold of 5 minutes (93.3394ms)
[2026-04-09 01:44:13.451 DBG] ViewerRepo :: UpdatePresence(twitch, 5), 0.0345ms
[2026-04-09 01:44:13.542 DBG] TwitchService :: Presence Timer :: Artificially updated presence with a threshold of 5 minutes (91.7152ms)
[2026-04-09 01:45:13.462 DBG] ViewerRepo :: UpdatePresence(twitch, 5), 0.0381ms
[2026-04-09 01:45:13.556 DBG] TwitchService :: Presence Timer :: Artificially updated presence with a threshold of 5 minutes (94.5872ms)
[2026-04-09 01:46:13.464 DBG] ViewerRepo :: UpdatePresence(twitch, 5), 0.0359ms
[2026-04-09 01:46:13.560 DBG] TwitchService :: Presence Timer :: Artificially updated presence with a threshold of 5 minutes (95.8873ms)
[2026-04-09 01:47:03.572 DBG] Credits :: Time to save 17.1858ms
[2026-04-09 01:47:10.772 DBG] ActionDispatcher :: Queueing 'Sub Goal' (361aa588-5f31-4e19-b8a5-099cae52479d, TimedAction) to 'Default' (00000000-0000-0000-0000-000000000000), with 11 arguments
[2026-04-09 01:47:10.772 DBG] ActionQueue :: 'Default' (00000000-0000-0000-0000-000000000000) :: Enqueue action 361aa588-5f31-4e19-b8a5-099cae52479d
[2026-04-09 01:47:10.772 DBG] ActionQueue :: 'Default' (00000000-0000-0000-0000-000000000000) :: Handling queue
[2026-04-09 01:47:10.772 DBG] ActionQueue :: 'Default' (00000000-0000-0000-0000-000000000000) :: Performing non-blocking 'Sub Goal' (361aa588-5f31-4e19-b8a5-099cae52479d, 6815b17f-e292-4daa-8b7e-bb28840c8dde)
[2026-04-09 01:47:13.477 DBG] ViewerRepo :: UpdatePresence(twitch, 5), 0.0354ms
[2026-04-09 01:47:14.058 DBG] TwitchService :: Presence Timer :: Artificially updated presence with a threshold of 5 minutes (581.6015ms)
[2026-04-09 01:47:15.380 DBG] AutoSave :: Auto saving settings...
[2026-04-09 01:47:15.395 DBG] Users :: Time to save 14.7533ms
[2026-04-09 01:47:15.420 DBG] Actions :: Time to save 25.7469ms
[2026-04-09 01:47:15.438 DBG] Commands :: Time to save 17.3932ms
[2026-04-09 01:47:15.456 DBG] Twitch Rewards :: Time to save 17.5023ms
[2026-04-09 01:47:15.470 DBG] Midi :: Time to save 14.604ms
[2026-04-09 01:47:15.485 DBG] OBS Settings :: Time to save 14.8092ms
[2026-04-09 01:47:15.496 DBG] MeldStudio Settings :: Time to save 10.2466ms
[2026-04-09 01:47:15.507 DBG] Credits :: Time to save 11.4794ms
[2026-04-09 01:47:15.522 DBG] Quotes :: Time to save 16.4559ms
[2026-04-09 01:47:15.601 DBG] Config :: Time to save 19.1518ms
[2026-04-09 01:48:13.489 DBG] ViewerRepo :: UpdatePresence(twitch, 5), 0.0527ms
[2026-04-09 01:48:13.622 DBG] TwitchService :: Presence Timer :: Artificially updated presence with a threshold of 5 minutes (132.9934ms)
[2026-04-09 01:49:13.492 DBG] ViewerRepo :: UpdatePresence(twitch, 5), 0.0384ms
[2026-04-09 01:49:13.587 DBG] TwitchService :: Presence Timer :: Artificially updated presence with a threshold of 5 minutes (94.7136ms)
[2026-04-09 01:50:13.497 DBG] ViewerRepo :: UpdatePresence(twitch, 5), 0.0348ms
[2026-04-09 01:50:13.591 DBG] TwitchService :: Presence Timer :: Artificially updated presence with a threshold of 5 minutes (94.7281ms)
[2026-04-09 01:51:13.506 DBG] ViewerRepo :: UpdatePresence(twitch, 5), 0.0501ms
[2026-04-09 01:51:13.600 DBG] TwitchService :: Presence Timer :: Artificially updated presence with a threshold of 5 minutes (93.7809ms)
[2026-04-09 01:52:03.595 DBG] Credits :: Time to save 16.5721ms
[2026-04-09 01:52:13.510 DBG] ViewerRepo :: UpdatePresence(twitch, 5), 0.0359ms
[2026-04-09 01:52:13.604 DBG] TwitchService :: Presence Timer :: Artificially updated presence with a threshold of 5 minutes (93.9607ms)
[2026-04-09 01:52:15.607 DBG] AutoSave :: Auto saving settings...
[2026-04-09 01:52:15.625 DBG] Users :: Time to save 18.4393ms
[2026-04-09 01:52:15.648 DBG] Actions :: Time to save 23.278ms
[2026-04-09 01:52:15.665 DBG] Commands :: Time to save 16.9642ms
[2026-04-09 01:52:15.681 DBG] Twitch Rewards :: Time to save 16.2855ms
[2026-04-09 01:52:15.692 DBG] Midi :: Time to save 11.2977ms
[2026-04-09 01:52:15.707 DBG] OBS Settings :: Time to save 13.4836ms
[2026-04-09 01:52:15.721 DBG] MeldStudio Settings :: Time to save 14.6563ms
[2026-04-09 01:52:15.736 DBG] Credits :: Time to save 14.3382ms
[2026-04-09 01:52:15.753 DBG] Quotes :: Time to save 17.6312ms
[2026-04-09 01:52:15.827 DBG] Config :: Time to save 18.0281ms
[2026-04-09 01:53:13.516 DBG] ViewerRepo :: UpdatePresence(twitch, 5), 0.0368ms
[2026-04-09 01:53:13.612 DBG] TwitchService :: Presence Timer :: Artificially updated presence with a threshold of 5 minutes (96.5529ms)
[2026-04-09 01:54:13.530 DBG] ViewerRepo :: UpdatePresence(twitch, 5), 0.037ms
[2026-04-09 01:54:13.624 DBG] TwitchService :: Presence Timer :: Artificially updated presence with a threshold of 5 minutes (94.1155ms)
[2026-04-09 01:55:13.546 DBG] ViewerRepo :: UpdatePresence(twitch, 5), 0.0397ms
[2026-04-09 01:55:13.657 DBG] TwitchService :: Presence Timer :: Artificially updated presence with a threshold of 5 minutes (111.6646ms)
[2026-04-09 01:56:13.559 DBG] ViewerRepo :: UpdatePresence(twitch, 5), 0.0445ms
[2026-04-09 01:56:13.651 DBG] TwitchService :: Presence Timer :: Artificially updated presence with a threshold of 5 minutes (92.2304ms)
[2026-04-09 01:57:03.600 DBG] Credits :: Time to save 16.301ms
[2026-04-09 01:57:11.764 DBG] ActionDispatcher :: Queueing 'Sub Goal' (361aa588-5f31-4e19-b8a5-099cae52479d, TimedAction) to 'Default' (00000000-0000-0000-0000-000000000000), with 11 arguments
[2026-04-09 01:57:11.764 DBG] ActionQueue :: 'Default' (00000000-0000-0000-0000-000000000000) :: Enqueue action 361aa588-5f31-4e19-b8a5-099cae52479d
[2026-04-09 01:57:11.764 DBG] ActionQueue :: 'Default' (00000000-0000-0000-0000-000000000000) :: Handling queue
[2026-04-09 01:57:11.764 DBG] ActionQueue :: 'Default' (00000000-0000-0000-0000-000000000000) :: Performing non-blocking 'Sub Goal' (361aa588-5f31-4e19-b8a5-099cae52479d, 28db34b9-8be7-42ef-b198-8e297102254e)
[2026-04-09 01:57:13.565 DBG] ViewerRepo :: UpdatePresence(twitch, 5), 0.0373ms
[2026-04-09 01:57:13.653 DBG] TwitchService :: Presence Timer :: Artificially updated presence with a threshold of 5 minutes (88.5348ms)
[2026-04-09 01:57:15.846 DBG] AutoSave :: Auto saving settings...
[2026-04-09 01:57:15.864 DBG] Users :: Time to save 18.808ms
[2026-04-09 01:57:15.882 DBG] Actions :: Time to save 17.7984ms
[2026-04-09 01:57:15.899 DBG] Commands :: Time to save 16.7067ms
[2026-04-09 01:57:15.916 DBG] Twitch Rewards :: Time to save 16.4481ms
[2026-04-09 01:57:15.930 DBG] Midi :: Time to save 13.9634ms
[2026-04-09 01:57:15.945 DBG] OBS Settings :: Time to save 15.0994ms
[2026-04-09 01:57:15.960 DBG] MeldStudio Settings :: Time to save 15.7524ms
[2026-04-09 01:57:15.976 DBG] Credits :: Time to save 14.883ms
[2026-04-09 01:57:15.992 DBG] Quotes :: Time to save 17.2567ms
[2026-04-09 01:57:16.068 DBG] Config :: Time to save 20.0521ms
[2026-04-09 01:58:13.576 DBG] ViewerRepo :: UpdatePresence(twitch, 5), 0.0393ms
[2026-04-09 01:58:13.664 DBG] TwitchService :: Presence Timer :: Artificially updated presence with a threshold of 5 minutes (88.5292ms)
[2026-04-09 01:59:13.592 DBG] ViewerRepo :: UpdatePresence(twitch, 5), 0.0373ms
[2026-04-09 01:59:13.684 DBG] TwitchService :: Presence Timer :: Artificially updated presence with a threshold of 5 minutes (91.6795ms)
[2026-04-09 02:00:13.599 DBG] ViewerRepo :: UpdatePresence(twitch, 5), 0.0478ms
[2026-04-09 02:00:13.693 DBG] TwitchService :: Presence Timer :: Artificially updated presence with a threshold of 5 minutes (94.5053ms)
[2026-04-09 02:01:13.605 DBG] ViewerRepo :: UpdatePresence(twitch, 5), 0.0377ms
[2026-04-09 02:01:13.694 DBG] TwitchService :: Presence Timer :: Artificially updated presence with a threshold of 5 minutes (89.8235ms)
[2026-04-09 02:02:03.616 DBG] Credits :: Time to save 17.5018ms
[2026-04-09 02:02:13.612 DBG] ViewerRepo :: UpdatePresence(twitch, 5), 0.0365ms
[2026-04-09 02:02:13.704 DBG] TwitchService :: Presence Timer :: Artificially updated presence with a threshold of 5 minutes (92.2326ms)
[2026-04-09 02:02:16.108 DBG] AutoSave :: Auto saving settings...
[2026-04-09 02:02:16.126 DBG] Users :: Time to save 19.0579ms
[2026-04-09 02:02:16.151 DBG] Actions :: Time to save 23.9332ms
[2026-04-09 02:02:16.167 DBG] Commands :: Time to save 17.1009ms
[2026-04-09 02:02:16.183 DBG] Twitch Rewards :: Time to save 16.317ms
[2026-04-09 02:02:16.197 DBG] Midi :: Time to save 13.6796ms
[2026-04-09 02:02:16.213 DBG] OBS Settings :: Time to save 14.9646ms
[2026-04-09 02:02:16.225 DBG] MeldStudio Settings :: Time to save 11.7ms
[2026-04-09 02:02:16.235 DBG] Credits :: Time to save 10.116ms
[2026-04-09 02:02:16.251 DBG] Quotes :: Time to save 17.2183ms
[2026-04-09 02:02:16.329 DBG] Config :: Time to save 20.4958ms
[2026-04-09 02:03:13.626 DBG] ViewerRepo :: UpdatePresence(twitch, 5), 0.0365ms
[2026-04-09 02:03:13.724 DBG] TwitchService :: Presence Timer :: Artificially updated presence with a threshold of 5 minutes (97.9464ms)
[2026-04-09 02:04:13.626 DBG] ViewerRepo :: UpdatePresence(twitch, 5), 0.0355ms
[2026-04-09 02:04:13.720 DBG] TwitchService :: Presence Timer :: Artificially updated presence with a threshold of 5 minutes (94.2092ms)
[2026-04-09 02:05:13.639 DBG] ViewerRepo :: UpdatePresence(twitch, 5), 0.0363ms
[2026-04-09 02:05:13.733 DBG] TwitchService :: Presence Timer :: Artificially updated presence with a threshold of 5 minutes (94.6756ms)
[2026-04-09 02:06:13.646 DBG] ViewerRepo :: UpdatePresence(twitch, 5), 0.0354ms
[2026-04-09 02:06:13.745 DBG] TwitchService :: Presence Timer :: Artificially updated presence with a threshold of 5 minutes (99.4208ms)
[2026-04-09 02:07:03.640 DBG] Credits :: Time to save 16.6453ms
[2026-04-09 02:07:11.892 DBG] ActionDispatcher :: Queueing 'Sub Goal' (361aa588-5f31-4e19-b8a5-099cae52479d, TimedAction) to 'Default' (00000000-0000-0000-0000-000000000000), with 11 arguments
[2026-04-09 02:07:11.892 DBG] ActionQueue :: 'Default' (00000000-0000-0000-0000-000000000000) :: Enqueue action 361aa588-5f31-4e19-b8a5-099cae52479d
[2026-04-09 02:07:11.892 DBG] ActionQueue :: 'Default' (00000000-0000-0000-0000-000000000000) :: Handling queue
[2026-04-09 02:07:11.892 DBG] ActionQueue :: 'Default' (00000000-0000-0000-0000-000000000000) :: Performing non-blocking 'Sub Goal' (361aa588-5f31-4e19-b8a5-099cae52479d, 86e80f88-618e-475c-b8c6-b9b4dd218286)
[2026-04-09 02:07:13.660 DBG] ViewerRepo :: UpdatePresence(twitch, 5), 0.036ms
[2026-04-09 02:07:13.757 DBG] TwitchService :: Presence Timer :: Artificially updated presence with a threshold of 5 minutes (96.9953ms)
[2026-04-09 02:07:16.346 DBG] AutoSave :: Auto saving settings...
[2026-04-09 02:07:16.364 DBG] Users :: Time to save 18.7071ms
[2026-04-09 02:07:16.388 DBG] Actions :: Time to save 23.9255ms
[2026-04-09 02:07:16.404 DBG] Commands :: Time to save 16.2464ms
[2026-04-09 02:07:16.422 DBG] Twitch Rewards :: Time to save 17.942ms
[2026-04-09 02:07:16.437 DBG] Midi :: Time to save 14.5747ms
[2026-04-09 02:07:16.452 DBG] OBS Settings :: Time to save 15.8117ms
[2026-04-09 02:07:16.467 DBG] MeldStudio Settings :: Time to save 14.8112ms
[2026-04-09 02:07:16.482 DBG] Credits :: Time to save 14.0042ms
[2026-04-09 02:07:16.498 DBG] Quotes :: Time to save 16.5839ms
[2026-04-09 02:07:16.584 DBG] Config :: Time to save 20.1928ms
[2026-04-09 02:08:13.675 DBG] ViewerRepo :: UpdatePresence(twitch, 5), 0.0364ms
[2026-04-09 02:08:13.769 DBG] TwitchService :: Presence Timer :: Artificially updated presence with a threshold of 5 minutes (94.2508ms)
[2026-04-09 02:09:13.679 DBG] ViewerRepo :: UpdatePresence(twitch, 5), 0.0356ms
[2026-04-09 02:09:13.776 DBG] TwitchService :: Presence Timer :: Artificially updated presence with a threshold of 5 minutes (96.4141ms)
[2026-04-09 02:10:13.701 DBG] ViewerRepo :: UpdatePresence(twitch, 5), 0.0405ms
[2026-04-09 02:10:13.795 DBG] TwitchService :: Presence Timer :: Artificially updated presence with a threshold of 5 minutes (93.7555ms)
[2026-04-09 02:11:13.704 DBG] ViewerRepo :: UpdatePresence(twitch, 5), 0.0876ms
[2026-04-09 02:11:13.797 DBG] TwitchService :: Presence Timer :: Artificially updated presence with a threshold of 5 minutes (93.3019ms)
[2026-04-09 02:12:03.649 DBG] Credits :: Time to save 16.3265ms
[2026-04-09 02:12:13.715 DBG] ViewerRepo :: UpdatePresence(twitch, 5), 0.0347ms
[2026-04-09 02:12:13.812 DBG] TwitchService :: Presence Timer :: Artificially updated presence with a threshold of 5 minutes (98.2653ms)
[2026-04-09 02:12:16.590 DBG] AutoSave :: Auto saving settings...
[2026-04-09 02:12:16.607 DBG] Users :: Time to save 17.4742ms
[2026-04-09 02:12:16.631 DBG] Actions :: Time to save 23.4354ms
[2026-04-09 02:12:16.647 DBG] Commands :: Time to save 17.0806ms
[2026-04-09 02:12:16.665 DBG] Twitch Rewards :: Time to save 16.5059ms
[2026-04-09 02:12:16.678 DBG] Midi :: Time to save 14.0914ms
[2026-04-09 02:12:16.694 DBG] OBS Settings :: Time to save 14.8672ms
[2026-04-09 02:12:16.708 DBG] MeldStudio Settings :: Time to save 14.952ms
[2026-04-09 02:12:16.722 DBG] Credits :: Time to save 14.0071ms
[2026-04-09 02:12:16.739 DBG] Quotes :: Time to save 16.8903ms
[2026-04-09 02:12:16.825 DBG] Config :: Time to save 18.943ms
[2026-04-09 02:13:13.720 DBG] ViewerRepo :: UpdatePresence(twitch, 5), 0.0409ms
[2026-04-09 02:13:13.808 DBG] TwitchService :: Presence Timer :: Artificially updated presence with a threshold of 5 minutes (88.8045ms)
[2026-04-09 02:14:13.727 DBG] ViewerRepo :: UpdatePresence(twitch, 5), 0.0356ms
[2026-04-09 02:14:13.825 DBG] TwitchService :: Presence Timer :: Artificially updated presence with a threshold of 5 minutes (98.0655ms)
[2026-04-09 02:15:13.738 DBG] ViewerRepo :: UpdatePresence(twitch, 5), 0.0371ms
[2026-04-09 02:15:13.832 DBG] TwitchService :: Presence Timer :: Artificially updated presence with a threshold of 5 minutes (94.7216ms)
[2026-04-09 02:16:13.765 DBG] ViewerRepo :: UpdatePresence(twitch, 5), 0.0366ms
[2026-04-09 02:16:13.854 DBG] TwitchService :: Presence Timer :: Artificially updated presence with a threshold of 5 minutes (89.7512ms)
[2026-04-09 02:17:03.672 DBG] Credits :: Time to save 16.5668ms
[2026-04-09 02:17:11.949 DBG] ActionDispatcher :: Queueing 'Sub Goal' (361aa588-5f31-4e19-b8a5-099cae52479d, TimedAction) to 'Default' (00000000-0000-0000-0000-000000000000), with 11 arguments
[2026-04-09 02:17:11.949 DBG] ActionQueue :: 'Default' (00000000-0000-0000-0000-000000000000) :: Enqueue action 361aa588-5f31-4e19-b8a5-099cae52479d
[2026-04-09 02:17:11.949 DBG] ActionQueue :: 'Default' (00000000-0000-0000-0000-000000000000) :: Handling queue
[2026-04-09 02:17:11.949 DBG] ActionQueue :: 'Default' (00000000-0000-0000-0000-000000000000) :: Performing non-blocking 'Sub Goal' (361aa588-5f31-4e19-b8a5-099cae52479d, 3d624d4a-b596-4ec0-89a2-66d0aba3e83b)
[2026-04-09 02:17:13.781 DBG] ViewerRepo :: UpdatePresence(twitch, 5), 0.036ms
[2026-04-09 02:17:13.874 DBG] TwitchService :: Presence Timer :: Artificially updated presence with a threshold of 5 minutes (92.7219ms)
[2026-04-09 02:17:16.874 DBG] AutoSave :: Auto saving settings...
[2026-04-09 02:17:16.892 DBG] Users :: Time to save 18.5176ms
[2026-04-09 02:17:16.916 DBG] Actions :: Time to save 23.5825ms
[2026-04-09 02:17:16.932 DBG] Commands :: Time to save 16.3637ms
[2026-04-09 02:17:16.948 DBG] Twitch Rewards :: Time to save 16.7667ms
[2026-04-09 02:17:16.961 DBG] Midi :: Time to save 12.5504ms
[2026-04-09 02:17:16.977 DBG] OBS Settings :: Time to save 15.7234ms
[2026-04-09 02:17:16.992 DBG] MeldStudio Settings :: Time to save 15.0295ms
[2026-04-09 02:17:17.007 DBG] Credits :: Time to save 15.3219ms
[2026-04-09 02:17:17.024 DBG] Quotes :: Time to save 16.4372ms
[2026-04-09 02:17:17.095 DBG] Config :: Time to save 19.7313ms
[2026-04-09 02:18:13.795 DBG] ViewerRepo :: UpdatePresence(twitch, 5), 0.0377ms
[2026-04-09 02:18:13.885 DBG] TwitchService :: Presence Timer :: Artificially updated presence with a threshold of 5 minutes (90.3636ms)
[2026-04-09 02:19:13.811 DBG] ViewerRepo :: UpdatePresence(twitch, 5), 0.0377ms
[2026-04-09 02:19:13.908 DBG] TwitchService :: Presence Timer :: Artificially updated presence with a threshold of 5 minutes (96.9698ms)
[2026-04-09 02:20:13.828 DBG] ViewerRepo :: UpdatePresence(twitch, 5), 0.0357ms
[2026-04-09 02:20:13.922 DBG] TwitchService :: Presence Timer :: Artificially updated presence with a threshold of 5 minutes (95.4637ms)
[2026-04-09 02:21:13.833 DBG] ViewerRepo :: UpdatePresence(twitch, 5), 0.0373ms
[2026-04-09 02:21:13.932 DBG] TwitchService :: Presence Timer :: Artificially updated presence with a threshold of 5 minutes (98.9284ms)
[2026-04-09 02:22:03.672 DBG] Credits :: Time to save 16.1341ms
[2026-04-09 02:22:13.845 DBG] ViewerRepo :: UpdatePresence(twitch, 5), 0.0361ms
[2026-04-09 02:22:13.936 DBG] TwitchService :: Presence Timer :: Artificially updated presence with a threshold of 5 minutes (91.4742ms)
[2026-04-09 02:22:17.140 DBG] AutoSave :: Auto saving settings...
[2026-04-09 02:22:17.156 DBG] Users :: Time to save 15.7481ms
[2026-04-09 02:22:17.179 DBG] Actions :: Time to save 23.3536ms
[2026-04-09 02:22:17.197 DBG] Commands :: Time to save 17.1463ms
[2026-04-09 02:22:17.214 DBG] Twitch Rewards :: Time to save 17.8985ms
[2026-04-09 02:22:17.228 DBG] Midi :: Time to save 14.1049ms
[2026-04-09 02:22:17.241 DBG] OBS Settings :: Time to save 12.3925ms
[2026-04-09 02:22:17.251 DBG] MeldStudio Settings :: Time to save 10.1357ms
[2026-04-09 02:22:17.266 DBG] Credits :: Time to save 15.3435ms
[2026-04-09 02:22:17.281 DBG] Quotes :: Time to save 14.2484ms
[2026-04-09 02:22:17.375 DBG] Config :: Time to save 18.7147ms
[2026-04-09 02:23:13.857 DBG] ViewerRepo :: UpdatePresence(twitch, 5), 0.0359ms
[2026-04-09 02:23:13.954 DBG] TwitchService :: Presence Timer :: Artificially updated presence with a threshold of 5 minutes (97.3129ms)
[2026-04-09 02:24:13.864 DBG] ViewerRepo :: UpdatePresence(twitch, 5), 0.0457ms
[2026-04-09 02:24:13.958 DBG] TwitchService :: Presence Timer :: Artificially updated presence with a threshold of 5 minutes (94.4278ms)
[2026-04-09 02:25:13.889 DBG] ViewerRepo :: UpdatePresence(twitch, 5), 0.0353ms
[2026-04-09 02:25:13.984 DBG] TwitchService :: Presence Timer :: Artificially updated presence with a threshold of 5 minutes (95.0519ms)
[2026-04-09 02:26:13.899 DBG] ViewerRepo :: UpdatePresence(twitch, 5), 0.0373ms
[2026-04-09 02:26:13.990 DBG] TwitchService :: Presence Timer :: Artificially updated presence with a threshold of 5 minutes (91.2117ms)
[2026-04-09 02:27:03.675 DBG] Credits :: Time to save 15.393ms
[2026-04-09 02:27:12.349 DBG] ActionDispatcher :: Queueing 'Sub Goal' (361aa588-5f31-4e19-b8a5-099cae52479d, TimedAction) to 'Default' (00000000-0000-0000-0000-000000000000), with 11 arguments
[2026-04-09 02:27:12.349 DBG] ActionQueue :: 'Default' (00000000-0000-0000-0000-000000000000) :: Enqueue action 361aa588-5f31-4e19-b8a5-099cae52479d
[2026-04-09 02:27:12.349 DBG] ActionQueue :: 'Default' (00000000-0000-0000-0000-000000000000) :: Handling queue
[2026-04-09 02:27:12.349 DBG] ActionQueue :: 'Default' (00000000-0000-0000-0000-000000000000) :: Performing non-blocking 'Sub Goal' (361aa588-5f31-4e19-b8a5-099cae52479d, fd2c2824-10eb-4801-b67f-90797fcf10d4)
[2026-04-09 02:27:13.904 DBG] ViewerRepo :: UpdatePresence(twitch, 5), 0.0364ms
[2026-04-09 02:27:13.997 DBG] TwitchService :: Presence Timer :: Artificially updated presence with a threshold of 5 minutes (94.0569ms)
[2026-04-09 02:27:17.333 DBG] AutoSave :: Auto saving settings...
[2026-04-09 02:27:17.351 DBG] Users :: Time to save 17.9025ms
[2026-04-09 02:27:17.378 DBG] Actions :: Time to save 27.0867ms
[2026-04-09 02:27:17.390 DBG] Commands :: Time to save 12.3025ms
[2026-04-09 02:27:17.407 DBG] Twitch Rewards :: Time to save 16.6561ms
[2026-04-09 02:27:17.421 DBG] Midi :: Time to save 14.0669ms
[2026-04-09 02:27:17.433 DBG] OBS Settings :: Time to save 11.7817ms
[2026-04-09 02:27:17.448 DBG] MeldStudio Settings :: Time to save 14.8357ms
[2026-04-09 02:27:17.462 DBG] Credits :: Time to save 14.7853ms
[2026-04-09 02:27:17.480 DBG] Quotes :: Time to save 17.7622ms
[2026-04-09 02:27:17.555 DBG] Config :: Time to save 19.7871ms
[2026-04-09 02:28:13.921 DBG] ViewerRepo :: UpdatePresence(twitch, 5), 0.0363ms
[2026-04-09 02:28:14.012 DBG] TwitchService :: Presence Timer :: Artificially updated presence with a threshold of 5 minutes (91.035ms)
[2026-04-09 02:29:13.924 DBG] ViewerRepo :: UpdatePresence(twitch, 5), 0.0373ms
[2026-04-09 02:29:14.025 DBG] TwitchService :: Presence Timer :: Artificially updated presence with a threshold of 5 minutes (100.8045ms)
[2026-04-09 02:30:13.931 DBG] ViewerRepo :: UpdatePresence(twitch, 5), 0.0373ms
[2026-04-09 02:30:14.028 DBG] TwitchService :: Presence Timer :: Artificially updated presence with a threshold of 5 minutes (97.0869ms)
[2026-04-09 02:31:13.945 DBG] ViewerRepo :: UpdatePresence(twitch, 5), 0.0378ms
[2026-04-09 02:31:14.032 DBG] TwitchService :: Presence Timer :: Artificially updated presence with a threshold of 5 minutes (88.6466ms)
[2026-04-09 02:32:03.678 DBG] Credits :: Time to save 14.3769ms
[2026-04-09 02:32:13.967 DBG] ViewerRepo :: UpdatePresence(twitch, 5), 0.038ms
[2026-04-09 02:32:14.058 DBG] TwitchService :: Presence Timer :: Artificially updated presence with a threshold of 5 minutes (91.5944ms)
[2026-04-09 02:32:17.571 DBG] AutoSave :: Auto saving settings...
[2026-04-09 02:32:17.590 DBG] Users :: Time to save 19.0228ms
[2026-04-09 02:32:17.617 DBG] Actions :: Time to save 26.5502ms
[2026-04-09 02:32:17.635 DBG] Commands :: Time to save 17.5079ms
[2026-04-09 02:32:17.651 DBG] Twitch Rewards :: Time to save 16.8861ms
[2026-04-09 02:32:17.666 DBG] Midi :: Time to save 14.3153ms
[2026-04-09 02:32:17.682 DBG] OBS Settings :: Time to save 16.6698ms
[2026-04-09 02:32:17.697 DBG] MeldStudio Settings :: Time to save 14.7148ms
[2026-04-09 02:32:17.711 DBG] Credits :: Time to save 14.2835ms
[2026-04-09 02:32:17.730 DBG] Quotes :: Time to save 18.7728ms
[2026-04-09 02:32:17.802 DBG] Config :: Time to save 15.1898ms
[2026-04-09 02:33:13.982 DBG] ViewerRepo :: UpdatePresence(twitch, 5), 0.0357ms
[2026-04-09 02:33:14.076 DBG] TwitchService :: Presence Timer :: Artificially updated presence with a threshold of 5 minutes (94.3218ms)
[2026-04-09 02:34:13.988 DBG] ViewerRepo :: UpdatePresence(twitch, 5), 0.0382ms
[2026-04-09 02:34:14.086 DBG] TwitchService :: Presence Timer :: Artificially updated presence with a threshold of 5 minutes (97.6007ms)
[2026-04-09 02:35:13.990 DBG] ViewerRepo :: UpdatePresence(twitch, 5), 0.035ms
[2026-04-09 02:35:14.085 DBG] TwitchService :: Presence Timer :: Artificially updated presence with a threshold of 5 minutes (94.237ms)
[2026-04-09 02:36:13.997 DBG] ViewerRepo :: UpdatePresence(twitch, 5), 0.0361ms
[2026-04-09 02:36:14.090 DBG] TwitchService :: Presence Timer :: Artificially updated presence with a threshold of 5 minutes (94.2575ms)
[2026-04-09 02:37:03.692 DBG] Credits :: Time to save 18.7791ms
[2026-04-09 02:37:12.588 DBG] ActionDispatcher :: Queueing 'Sub Goal' (361aa588-5f31-4e19-b8a5-099cae52479d, TimedAction) to 'Default' (00000000-0000-0000-0000-000000000000), with 11 arguments
[2026-04-09 02:37:12.588 DBG] ActionQueue :: 'Default' (00000000-0000-0000-0000-000000000000) :: Enqueue action 361aa588-5f31-4e19-b8a5-099cae52479d
[2026-04-09 02:37:12.588 DBG] ActionQueue :: 'Default' (00000000-0000-0000-0000-000000000000) :: Handling queue
[2026-04-09 02:37:12.588 DBG] ActionQueue :: 'Default' (00000000-0000-0000-0000-000000000000) :: Performing non-blocking 'Sub Goal' (361aa588-5f31-4e19-b8a5-099cae52479d, f7f695ff-daaf-4a5c-bc2d-ed7a8d23557d)
[2026-04-09 02:37:13.998 DBG] ViewerRepo :: UpdatePresence(twitch, 5), 0.0397ms
[2026-04-09 02:37:14.089 DBG] TwitchService :: Presence Timer :: Artificially updated presence with a threshold of 5 minutes (91.6278ms)
[2026-04-09 02:37:17.832 DBG] AutoSave :: Auto saving settings...
[2026-04-09 02:37:17.851 DBG] Users :: Time to save 19.5015ms
[2026-04-09 02:37:17.876 DBG] Actions :: Time to save 24.1521ms
[2026-04-09 02:37:17.892 DBG] Commands :: Time to save 16.2432ms
[2026-04-09 02:37:17.910 DBG] Twitch Rewards :: Time to save 17.9868ms
[2026-04-09 02:37:17.926 DBG] Midi :: Time to save 15.0335ms
[2026-04-09 02:37:17.940 DBG] OBS Settings :: Time to save 15.1872ms
[2026-04-09 02:37:17.957 DBG] MeldStudio Settings :: Time to save 15.9528ms
[2026-04-09 02:37:17.974 DBG] Credits :: Time to save 17.1ms
[2026-04-09 02:37:17.988 DBG] Quotes :: Time to save 14.4154ms
[2026-04-09 02:37:18.052 DBG] Config :: Time to save 18.8257ms
[2026-04-09 02:38:14.015 DBG] ViewerRepo :: UpdatePresence(twitch, 5), 0.0398ms
[2026-04-09 02:38:14.108 DBG] TwitchService :: Presence Timer :: Artificially updated presence with a threshold of 5 minutes (94.1327ms)
[2026-04-09 02:39:14.029 DBG] ViewerRepo :: UpdatePresence(twitch, 5), 0.0375ms
[2026-04-09 02:39:14.126 DBG] TwitchService :: Presence Timer :: Artificially updated presence with a threshold of 5 minutes (96.6636ms)
[2026-04-09 02:40:14.045 DBG] ViewerRepo :: UpdatePresence(twitch, 5), 0.0369ms
[2026-04-09 02:40:14.147 DBG] TwitchService :: Presence Timer :: Artificially updated presence with a threshold of 5 minutes (102.3395ms)
[2026-04-09 02:41:14.054 DBG] ViewerRepo :: UpdatePresence(twitch, 5), 0.0386ms
[2026-04-09 02:41:14.147 DBG] TwitchService :: Presence Timer :: Artificially updated presence with a threshold of 5 minutes (93.3037ms)
[2026-04-09 02:42:03.695 DBG] Credits :: Time to save 17.0334ms
[2026-04-09 02:42:14.062 DBG] ViewerRepo :: UpdatePresence(twitch, 5), 0.0351ms
[2026-04-09 02:42:14.154 DBG] TwitchService :: Presence Timer :: Artificially updated presence with a threshold of 5 minutes (93.1031ms)
[2026-04-09 02:42:18.095 DBG] AutoSave :: Auto saving settings...
[2026-04-09 02:42:18.114 DBG] Users :: Time to save 19.3448ms
[2026-04-09 02:42:18.136 DBG] Actions :: Time to save 22.1853ms
[2026-04-09 02:42:18.152 DBG] Commands :: Time to save 16.5388ms
[2026-04-09 02:42:18.170 DBG] Twitch Rewards :: Time to save 17.6007ms
[2026-04-09 02:42:18.185 DBG] Midi :: Time to save 14.0364ms
[2026-04-09 02:42:18.199 DBG] OBS Settings :: Time to save 14.9747ms
[2026-04-09 02:42:18.214 DBG] MeldStudio Settings :: Time to save 14.2303ms
[2026-04-09 02:42:18.228 DBG] Credits :: Time to save 14.5235ms
[2026-04-09 02:42:18.246 DBG] Quotes :: Time to save 17.4115ms
[2026-04-09 02:42:18.330 DBG] Config :: Time to save 17.9399ms
[2026-04-09 02:43:12.969 DBG] Twitch EventSub (Broadcaster) :: Disconnected
[2026-04-09 02:43:12.970 INF] TwitchService :: Disconnected from Broadcaster EventSub
[2026-04-09 02:43:14.070 DBG] ViewerRepo :: UpdatePresence(twitch, 5), 0.036ms
[2026-04-09 02:43:14.160 DBG] TwitchService :: Presence Timer :: Artificially updated presence with a threshold of 5 minutes (90.2962ms)
[2026-04-09 02:43:14.975 DBG] TwitchService :: Retrying broadcaster EventSub connection
[2026-04-09 02:43:14.975 INF] TwitchService :: Connecting to Broadcaster EventSub
[2026-04-09 02:43:14.975 DBG] Twitch EventSub (Broadcaster) :: Opening connection
[2026-04-09 02:43:15.184 DBG] Twitch EventSub (Broadcaster) :: Subscribing to 56 events
[2026-04-09 02:43:24.449 INF] TwitchService :: Connected to Broadcaster EventSub, and authenticated
[2026-04-09 02:44:14.072 DBG] ViewerRepo :: UpdatePresence(twitch, 5), 0.0359ms
[2026-04-09 02:44:14.165 DBG] TwitchService :: Presence Timer :: Artificially updated presence with a threshold of 5 minutes (94.0248ms)
[2026-04-09 02:45:14.086 DBG] ViewerRepo :: UpdatePresence(twitch, 5), 0.0365ms
[2026-04-09 02:45:14.178 DBG] TwitchService :: Presence Timer :: Artificially updated presence with a threshold of 5 minutes (92.7735ms)
[2026-04-09 02:45:45.097 DBG] Twitch EventSub (Bot) :: Disconnected
[2026-04-09 02:45:45.099 INF] TwitchService :: Disconnected from Bot EventSub
[2026-04-09 02:45:47.109 DBG] TwitchService :: Retrying Bot EventSub connection
[2026-04-09 02:45:47.109 INF] TwitchService :: Connecting to Bot EventSub
[2026-04-09 02:45:47.109 DBG] Twitch EventSub (Bot) :: Opening connection
[2026-04-09 02:45:47.231 DBG] Twitch EventSub (Bot) :: Subscribing to 1 events
[2026-04-09 02:45:47.604 INF] TwitchService :: Connected to Bot EventSub, and authenticated
[2026-04-09 02:46:14.098 DBG] ViewerRepo :: UpdatePresence(twitch, 5), 0.0351ms
[2026-04-09 02:46:14.195 DBG] TwitchService :: Presence Timer :: Artificially updated presence with a threshold of 5 minutes (97.0323ms)
[2026-04-09 02:47:03.706 DBG] Credits :: Time to save 17.6977ms
[2026-04-09 02:47:12.703 DBG] ActionDispatcher :: Queueing 'Sub Goal' (361aa588-5f31-4e19-b8a5-099cae52479d, TimedAction) to 'Default' (00000000-0000-0000-0000-000000000000), with 11 arguments
[2026-04-09 02:47:12.703 DBG] ActionQueue :: 'Default' (00000000-0000-0000-0000-000000000000) :: Enqueue action 361aa588-5f31-4e19-b8a5-099cae52479d
[2026-04-09 02:47:12.704 DBG] ActionQueue :: 'Default' (00000000-0000-0000-0000-000000000000) :: Handling queue
[2026-04-09 02:47:12.704 DBG] ActionQueue :: 'Default' (00000000-0000-0000-0000-000000000000) :: Performing non-blocking 'Sub Goal' (361aa588-5f31-4e19-b8a5-099cae52479d, 53f9c6b7-5fb5-4760-9f33-ec6b14ff9853)
[2026-04-09 02:47:14.101 DBG] ViewerRepo :: UpdatePresence(twitch, 5), 0.0366ms
[2026-04-09 02:47:14.677 DBG] TwitchService :: Presence Timer :: Artificially updated presence with a threshold of 5 minutes (577.0709ms)
[2026-04-09 02:47:18.323 DBG] AutoSave :: Auto saving settings...
[2026-04-09 02:47:18.341 DBG] Users :: Time to save 18.4522ms
[2026-04-09 02:47:18.367 DBG] Actions :: Time to save 25.3091ms
[2026-04-09 02:47:18.384 DBG] Commands :: Time to save 16.5767ms
[2026-04-09 02:47:18.400 DBG] Twitch Rewards :: Time to save 16.4472ms
[2026-04-09 02:47:18.416 DBG] Midi :: Time to save 15.4053ms
[2026-04-09 02:47:18.429 DBG] OBS Settings :: Time to save 14.3194ms
[2026-04-09 02:47:18.446 DBG] MeldStudio Settings :: Time to save 16.3615ms
[2026-04-09 02:47:18.461 DBG] Credits :: Time to save 14.4155ms
[2026-04-09 02:47:18.477 DBG] Quotes :: Time to save 16.8416ms
[2026-04-09 02:47:18.546 DBG] Config :: Time to save 20.3457ms
[2026-04-09 02:48:14.111 DBG] ViewerRepo :: UpdatePresence(twitch, 5), 0.0378ms
[2026-04-09 02:48:14.206 DBG] TwitchService :: Presence Timer :: Artificially updated presence with a threshold of 5 minutes (94.1465ms)
[2026-04-09 02:49:14.112 DBG] ViewerRepo :: UpdatePresence(twitch, 5), 0.0362ms
[2026-04-09 02:49:14.209 DBG] TwitchService :: Presence Timer :: Artificially updated presence with a threshold of 5 minutes (97.1668ms)
[2026-04-09 02:50:14.139 DBG] ViewerRepo :: UpdatePresence(twitch, 5), 0.0445ms
[2026-04-09 02:50:14.230 DBG] TwitchService :: Presence Timer :: Artificially updated presence with a threshold of 5 minutes (90.8982ms)
[2026-04-09 02:51:14.154 DBG] ViewerRepo :: UpdatePresence(twitch, 5), 0.0375ms
[2026-04-09 02:51:14.248 DBG] TwitchService :: Presence Timer :: Artificially updated presence with a threshold of 5 minutes (95.119ms)
[2026-04-09 02:52:03.726 DBG] Credits :: Time to save 17.933ms
[2026-04-09 02:52:14.162 DBG] ViewerRepo :: UpdatePresence(twitch, 5), 0.0374ms
[2026-04-09 02:52:14.257 DBG] TwitchService :: Presence Timer :: Artificially updated presence with a threshold of 5 minutes (94.6853ms)
[2026-04-09 02:52:18.570 DBG] AutoSave :: Auto saving settings...
[2026-04-09 02:52:18.590 DBG] Users :: Time to save 20.5292ms
[2026-04-09 02:52:18.614 DBG] Actions :: Time to save 24.5691ms
[2026-04-09 02:52:18.631 DBG] Commands :: Time to save 16.7625ms
[2026-04-09 02:52:18.647 DBG] Twitch Rewards :: Time to save 16.4191ms
[2026-04-09 02:52:18.661 DBG] Midi :: Time to save 13.7504ms
[2026-04-09 02:52:18.676 DBG] OBS Settings :: Time to save 14.5056ms
[2026-04-09 02:52:18.691 DBG] MeldStudio Settings :: Time to save 15.2846ms
[2026-04-09 02:52:18.706 DBG] Credits :: Time to save 14.1842ms
[2026-04-09 02:52:18.722 DBG] Quotes :: Time to save 16.6433ms
[2026-04-09 02:52:18.788 DBG] Config :: Time to save 18.6365ms
[2026-04-09 02:53:14.166 DBG] ViewerRepo :: UpdatePresence(twitch, 5), 0.0369ms
[2026-04-09 02:53:14.261 DBG] TwitchService :: Presence Timer :: Artificially updated presence with a threshold of 5 minutes (95.0382ms)
[2026-04-09 02:54:14.170 DBG] ViewerRepo :: UpdatePresence(twitch, 5), 0.0367ms
[2026-04-09 02:54:14.264 DBG] TwitchService :: Presence Timer :: Artificially updated presence with a threshold of 5 minutes (93.4851ms)
[2026-04-09 02:55:14.180 DBG] ViewerRepo :: UpdatePresence(twitch, 5), 0.0355ms
[2026-04-09 02:55:14.272 DBG] TwitchService :: Presence Timer :: Artificially updated presence with a threshold of 5 minutes (93.61ms)
[2026-04-09 02:56:14.189 DBG] ViewerRepo :: UpdatePresence(twitch, 5), 0.0452ms
[2026-04-09 02:56:14.284 DBG] TwitchService :: Presence Timer :: Artificially updated presence with a threshold of 5 minutes (95.4589ms)
[2026-04-09 02:57:03.749 DBG] Credits :: Time to save 15.8506ms
[2026-04-09 02:57:12.818 DBG] ActionDispatcher :: Queueing 'Sub Goal' (361aa588-5f31-4e19-b8a5-099cae52479d, TimedAction) to 'Default' (00000000-0000-0000-0000-000000000000), with 11 arguments
[2026-04-09 02:57:12.818 DBG] ActionQueue :: 'Default' (00000000-0000-0000-0000-000000000000) :: Enqueue action 361aa588-5f31-4e19-b8a5-099cae52479d
[2026-04-09 02:57:12.818 DBG] ActionQueue :: 'Default' (00000000-0000-0000-0000-000000000000) :: Handling queue
[2026-04-09 02:57:12.818 DBG] ActionQueue :: 'Default' (00000000-0000-0000-0000-000000000000) :: Performing non-blocking 'Sub Goal' (361aa588-5f31-4e19-b8a5-099cae52479d, 1db19c1e-15c2-48fb-b570-eeac9a60a947)
[2026-04-09 02:57:14.205 DBG] ViewerRepo :: UpdatePresence(twitch, 5), 0.0366ms
[2026-04-09 02:57:14.298 DBG] TwitchService :: Presence Timer :: Artificially updated presence with a threshold of 5 minutes (93.9862ms)
[2026-04-09 02:57:18.780 DBG] AutoSave :: Auto saving settings...
[2026-04-09 02:57:18.799 DBG] Users :: Time to save 19.4056ms
[2026-04-09 02:57:18.825 DBG] Actions :: Time to save 25.6234ms
[2026-04-09 02:57:18.841 DBG] Commands :: Time to save 16.4176ms
[2026-04-09 02:57:18.859 DBG] Twitch Rewards :: Time to save 17.337ms
[2026-04-09 02:57:18.872 DBG] Midi :: Time to save 13.2857ms
[2026-04-09 02:57:18.882 DBG] OBS Settings :: Time to save 10.251ms
[2026-04-09 02:57:18.897 DBG] MeldStudio Settings :: Time to save 14.0554ms
[2026-04-09 02:57:18.911 DBG] Credits :: Time to save 13.925ms
[2026-04-09 02:57:18.928 DBG] Quotes :: Time to save 17.4983ms
[2026-04-09 02:57:19.000 DBG] Config :: Time to save 19.5283ms
[2026-04-09 02:58:14.211 DBG] ViewerRepo :: UpdatePresence(twitch, 5), 0.0492ms
[2026-04-09 02:58:14.305 DBG] TwitchService :: Presence Timer :: Artificially updated presence with a threshold of 5 minutes (93.9478ms)
[2026-04-09 02:59:14.215 DBG] ViewerRepo :: UpdatePresence(twitch, 5), 0.0368ms
[2026-04-09 02:59:14.308 DBG] TwitchService :: Presence Timer :: Artificially updated presence with a threshold of 5 minutes (93.0126ms)
[2026-04-09 03:00:14.229 DBG] ViewerRepo :: UpdatePresence(twitch, 5), 0.0355ms
[2026-04-09 03:00:14.326 DBG] TwitchService :: Presence Timer :: Artificially updated presence with a threshold of 5 minutes (96.7049ms)
[2026-04-09 03:01:14.236 DBG] ViewerRepo :: UpdatePresence(twitch, 5), 0.0433ms
[2026-04-09 03:01:14.327 DBG] TwitchService :: Presence Timer :: Artificially updated presence with a threshold of 5 minutes (91.2097ms)
[2026-04-09 03:02:03.755 DBG] Credits :: Time to save 15.7565ms
[2026-04-09 03:02:14.246 DBG] ViewerRepo :: UpdatePresence(twitch, 5), 0.0343ms
[2026-04-09 03:02:14.342 DBG] TwitchService :: Presence Timer :: Artificially updated presence with a threshold of 5 minutes (96.4106ms)
[2026-04-09 03:02:19.017 DBG] AutoSave :: Auto saving settings...
[2026-04-09 03:02:19.036 DBG] Users :: Time to save 18.9183ms
[2026-04-09 03:02:19.059 DBG] Actions :: Time to save 23.5875ms
[2026-04-09 03:02:19.076 DBG] Commands :: Time to save 16.8599ms
[2026-04-09 03:02:19.092 DBG] Twitch Rewards :: Time to save 16.4232ms
[2026-04-09 03:02:19.104 DBG] Midi :: Time to save 10.853ms
[2026-04-09 03:02:19.117 DBG] OBS Settings :: Time to save 13.4798ms
[2026-04-09 03:02:19.131 DBG] MeldStudio Settings :: Time to save 14.4966ms
[2026-04-09 03:02:19.145 DBG] Credits :: Time to save 13.7199ms
[2026-04-09 03:02:19.162 DBG] Quotes :: Time to save 16.4092ms
[2026-04-09 03:02:19.251 DBG] Config :: Time to save 18.2919ms
[2026-04-09 03:03:14.259 DBG] ViewerRepo :: UpdatePresence(twitch, 5), 0.0373ms
[2026-04-09 03:03:14.352 DBG] TwitchService :: Presence Timer :: Artificially updated presence with a threshold of 5 minutes (94.1653ms)
[2026-04-09 03:04:14.265 DBG] ViewerRepo :: UpdatePresence(twitch, 5), 0.0372ms
[2026-04-09 03:04:14.359 DBG] TwitchService :: Presence Timer :: Artificially updated presence with a threshold of 5 minutes (95.0751ms)
[2026-04-09 03:05:14.276 DBG] ViewerRepo :: UpdatePresence(twitch, 5), 0.0435ms
[2026-04-09 03:05:14.369 DBG] TwitchService :: Presence Timer :: Artificially updated presence with a threshold of 5 minutes (94.2355ms)
[2026-04-09 03:06:14.278 DBG] ViewerRepo :: UpdatePresence(twitch, 5), 0.0359ms
[2026-04-09 03:06:14.376 DBG] TwitchService :: Presence Timer :: Artificially updated presence with a threshold of 5 minutes (98.5604ms)
[2026-04-09 03:07:03.764 DBG] Credits :: Time to save 13.703ms
[2026-04-09 03:07:13.671 DBG] ActionDispatcher :: Queueing 'Sub Goal' (361aa588-5f31-4e19-b8a5-099cae52479d, TimedAction) to 'Default' (00000000-0000-0000-0000-000000000000), with 11 arguments
[2026-04-09 03:07:13.671 DBG] ActionQueue :: 'Default' (00000000-0000-0000-0000-000000000000) :: Enqueue action 361aa588-5f31-4e19-b8a5-099cae52479d
[2026-04-09 03:07:13.671 DBG] ActionQueue :: 'Default' (00000000-0000-0000-0000-000000000000) :: Handling queue
[2026-04-09 03:07:13.671 DBG] ActionQueue :: 'Default' (00000000-0000-0000-0000-000000000000) :: Performing non-blocking 'Sub Goal' (361aa588-5f31-4e19-b8a5-099cae52479d, 4b71f25e-a60c-4f00-986a-0bf5b2cee8f8)
[2026-04-09 03:07:14.289 DBG] ViewerRepo :: UpdatePresence(twitch, 5), 0.0386ms
[2026-04-09 03:07:14.386 DBG] TwitchService :: Presence Timer :: Artificially updated presence with a threshold of 5 minutes (96.9947ms)
[2026-04-09 03:07:19.311 DBG] AutoSave :: Auto saving settings...
[2026-04-09 03:07:19.328 DBG] Users :: Time to save 17.778ms
[2026-04-09 03:07:19.352 DBG] Actions :: Time to save 24.0613ms
[2026-04-09 03:07:19.369 DBG] Commands :: Time to save 16.4772ms
[2026-04-09 03:07:19.387 DBG] Twitch Rewards :: Time to save 17.4418ms
[2026-04-09 03:07:19.398 DBG] Midi :: Time to save 11.2602ms
[2026-04-09 03:07:19.413 DBG] OBS Settings :: Time to save 13.9581ms
[2026-04-09 03:07:19.427 DBG] MeldStudio Settings :: Time to save 14.517ms
[2026-04-09 03:07:19.442 DBG] Credits :: Time to save 15.1324ms
[2026-04-09 03:07:19.459 DBG] Quotes :: Time to save 17.0429ms
[2026-04-09 03:07:19.531 DBG] Config :: Time to save 18.0682ms
[2026-04-09 03:08:14.301 DBG] ViewerRepo :: UpdatePresence(twitch, 5), 0.0424ms
[2026-04-09 03:08:14.396 DBG] TwitchService :: Presence Timer :: Artificially updated presence with a threshold of 5 minutes (95.0588ms)
[2026-04-09 03:09:14.317 DBG] ViewerRepo :: UpdatePresence(twitch, 5), 0.0416ms
[2026-04-09 03:09:14.407 DBG] TwitchService :: Presence Timer :: Artificially updated presence with a threshold of 5 minutes (90.7361ms)
[2026-04-09 03:10:14.331 DBG] ViewerRepo :: UpdatePresence(twitch, 5), 0.0349ms
[2026-04-09 03:10:14.424 DBG] TwitchService :: Presence Timer :: Artificially updated presence with a threshold of 5 minutes (93.6686ms)
[2026-04-09 03:11:14.342 DBG] ViewerRepo :: UpdatePresence(twitch, 5), 0.0344ms
[2026-04-09 03:11:14.437 DBG] TwitchService :: Presence Timer :: Artificially updated presence with a threshold of 5 minutes (95.4561ms)
[2026-04-09 03:12:03.770 DBG] Credits :: Time to save 16.4281ms
[2026-04-09 03:12:14.347 DBG] ViewerRepo :: UpdatePresence(twitch, 5), 0.0413ms
[2026-04-09 03:12:14.451 DBG] TwitchService :: Presence Timer :: Artificially updated presence with a threshold of 5 minutes (105.1698ms)
[2026-04-09 03:12:19.543 DBG] AutoSave :: Auto saving settings...
[2026-04-09 03:12:19.562 DBG] Users :: Time to save 18.7366ms
[2026-04-09 03:12:19.587 DBG] Actions :: Time to save 25.3262ms
[2026-04-09 03:12:19.605 DBG] Commands :: Time to save 17.6299ms
[2026-04-09 03:12:19.621 DBG] Twitch Rewards :: Time to save 16.2046ms
[2026-04-09 03:12:19.636 DBG] Midi :: Time to save 14.9296ms
[2026-04-09 03:12:19.651 DBG] OBS Settings :: Time to save 15.1852ms
[2026-04-09 03:12:19.665 DBG] MeldStudio Settings :: Time to save 13.8425ms
[2026-04-09 03:12:19.678 DBG] Credits :: Time to save 13.2084ms
[2026-04-09 03:12:19.695 DBG] Quotes :: Time to save 16.7129ms
[2026-04-09 03:12:19.762 DBG] Config :: Time to save 17.9986ms
[2026-04-09 03:13:14.357 DBG] ViewerRepo :: UpdatePresence(twitch, 5), 0.0358ms
[2026-04-09 03:13:14.447 DBG] TwitchService :: Presence Timer :: Artificially updated presence with a threshold of 5 minutes (90.8625ms)
[2026-04-09 03:14:14.366 DBG] ViewerRepo :: UpdatePresence(twitch, 5), 0.0363ms
[2026-04-09 03:14:14.464 DBG] TwitchService :: Presence Timer :: Artificially updated presence with a threshold of 5 minutes (97.6605ms)
[2026-04-09 03:15:14.379 DBG] ViewerRepo :: UpdatePresence(twitch, 5), 0.0383ms
[2026-04-09 03:15:14.475 DBG] TwitchService :: Presence Timer :: Artificially updated presence with a threshold of 5 minutes (95.2325ms)
[2026-04-09 03:16:14.388 DBG] ViewerRepo :: UpdatePresence(twitch, 5), 0.0351ms
[2026-04-09 03:16:14.478 DBG] TwitchService :: Presence Timer :: Artificially updated presence with a threshold of 5 minutes (90.7507ms)
[2026-04-09 03:17:03.775 DBG] Credits :: Time to save 17.2352ms
[2026-04-09 03:17:13.776 DBG] ActionDispatcher :: Queueing 'Sub Goal' (361aa588-5f31-4e19-b8a5-099cae52479d, TimedAction) to 'Default' (00000000-0000-0000-0000-000000000000), with 11 arguments
[2026-04-09 03:17:13.776 DBG] ActionQueue :: 'Default' (00000000-0000-0000-0000-000000000000) :: Enqueue action 361aa588-5f31-4e19-b8a5-099cae52479d
[2026-04-09 03:17:13.776 DBG] ActionQueue :: 'Default' (00000000-0000-0000-0000-000000000000) :: Handling queue
[2026-04-09 03:17:13.776 DBG] ActionQueue :: 'Default' (00000000-0000-0000-0000-000000000000) :: Performing non-blocking 'Sub Goal' (361aa588-5f31-4e19-b8a5-099cae52479d, 9e1e2b84-e2b0-4451-94a8-6d2299212aa5)
[2026-04-09 03:17:14.398 DBG] ViewerRepo :: UpdatePresence(twitch, 5), 0.0342ms
[2026-04-09 03:17:14.492 DBG] TwitchService :: Presence Timer :: Artificially updated presence with a threshold of 5 minutes (95.7594ms)
[2026-04-09 03:17:19.788 DBG] AutoSave :: Auto saving settings...
[2026-04-09 03:17:19.806 DBG] Users :: Time to save 18.4192ms
[2026-04-09 03:17:19.831 DBG] Actions :: Time to save 24.5889ms
[2026-04-09 03:17:19.847 DBG] Commands :: Time to save 16.6173ms
[2026-04-09 03:17:19.864 DBG] Twitch Rewards :: Time to save 16.0278ms
[2026-04-09 03:17:19.877 DBG] Midi :: Time to save 13.8602ms
[2026-04-09 03:17:19.892 DBG] OBS Settings :: Time to save 14.9201ms
[2026-04-09 03:17:19.908 DBG] MeldStudio Settings :: Time to save 15.249ms
[2026-04-09 03:17:19.922 DBG] Credits :: Time to save 14.5071ms
[2026-04-09 03:17:19.940 DBG] Quotes :: Time to save 17.7524ms
[2026-04-09 03:17:20.008 DBG] Config :: Time to save 18.3855ms
[2026-04-09 03:18:14.404 DBG] ViewerRepo :: UpdatePresence(twitch, 5), 0.0412ms
[2026-04-09 03:18:14.502 DBG] TwitchService :: Presence Timer :: Artificially updated presence with a threshold of 5 minutes (98.4097ms)
[2026-04-09 03:19:14.411 DBG] ViewerRepo :: UpdatePresence(twitch, 5), 0.0376ms
[2026-04-09 03:19:14.501 DBG] TwitchService :: Presence Timer :: Artificially updated presence with a threshold of 5 minutes (90.5129ms)
[2026-04-09 03:20:14.420 DBG] ViewerRepo :: UpdatePresence(twitch, 5), 0.0374ms
[2026-04-09 03:20:14.513 DBG] TwitchService :: Presence Timer :: Artificially updated presence with a threshold of 5 minutes (93.0445ms)
[2026-04-09 03:21:14.426 DBG] ViewerRepo :: UpdatePresence(twitch, 5), 0.0371ms
[2026-04-09 03:21:14.516 DBG] TwitchService :: Presence Timer :: Artificially updated presence with a threshold of 5 minutes (90.9864ms)
[2026-04-09 03:22:03.775 DBG] Credits :: Time to save 15.8196ms
[2026-04-09 03:22:14.438 DBG] ViewerRepo :: UpdatePresence(twitch, 5), 0.0379ms
[2026-04-09 03:22:14.529 DBG] TwitchService :: Presence Timer :: Artificially updated presence with a threshold of 5 minutes (91.0781ms)
[2026-04-09 03:22:20.051 DBG] AutoSave :: Auto saving settings...
[2026-04-09 03:22:20.069 DBG] Users :: Time to save 18.0644ms
[2026-04-09 03:22:20.093 DBG] Actions :: Time to save 24.2874ms
[2026-04-09 03:22:20.110 DBG] Commands :: Time to save 16.5694ms
[2026-04-09 03:22:20.126 DBG] Twitch Rewards :: Time to save 15.3282ms
[2026-04-09 03:22:20.139 DBG] Midi :: Time to save 14.1461ms
[2026-04-09 03:22:20.155 DBG] OBS Settings :: Time to save 15.0692ms
[2026-04-09 03:22:20.167 DBG] MeldStudio Settings :: Time to save 11.9507ms
[2026-04-09 03:22:20.180 DBG] Credits :: Time to save 14.0149ms
[2026-04-09 03:22:20.196 DBG] Quotes :: Time to save 15.8961ms
[2026-04-09 03:22:20.282 DBG] Config :: Time to save 17.6647ms
[2026-04-09 03:23:14.451 DBG] ViewerRepo :: UpdatePresence(twitch, 5), 0.0363ms
[2026-04-09 03:23:14.542 DBG] TwitchService :: Presence Timer :: Artificially updated presence with a threshold of 5 minutes (92.7485ms)
[2026-04-09 03:24:14.466 DBG] ViewerRepo :: UpdatePresence(twitch, 5), 0.0359ms
[2026-04-09 03:24:14.559 DBG] TwitchService :: Presence Timer :: Artificially updated presence with a threshold of 5 minutes (93.7004ms)
[2026-04-09 03:25:14.474 DBG] ViewerRepo :: UpdatePresence(twitch, 5), 0.0378ms
[2026-04-09 03:25:14.561 DBG] TwitchService :: Presence Timer :: Artificially updated presence with a threshold of 5 minutes (87.5133ms)
[2026-04-09 03:26:14.476 DBG] ViewerRepo :: UpdatePresence(twitch, 5), 0.0362ms
[2026-04-09 03:26:14.572 DBG] TwitchService :: Presence Timer :: Artificially updated presence with a threshold of 5 minutes (97.0931ms)
[2026-04-09 03:27:03.789 DBG] Credits :: Time to save 16.964ms
[2026-04-09 03:27:14.482 DBG] ViewerRepo :: UpdatePresence(twitch, 5), 0.0546ms
[2026-04-09 03:27:14.584 DBG] TwitchService :: Presence Timer :: Artificially updated presence with a threshold of 5 minutes (101.5173ms)
[2026-04-09 03:27:14.731 DBG] ActionDispatcher :: Queueing 'Sub Goal' (361aa588-5f31-4e19-b8a5-099cae52479d, TimedAction) to 'Default' (00000000-0000-0000-0000-000000000000), with 11 arguments
[2026-04-09 03:27:14.731 DBG] ActionQueue :: 'Default' (00000000-0000-0000-0000-000000000000) :: Enqueue action 361aa588-5f31-4e19-b8a5-099cae52479d
[2026-04-09 03:27:14.731 DBG] ActionQueue :: 'Default' (00000000-0000-0000-0000-000000000000) :: Handling queue
[2026-04-09 03:27:14.731 DBG] ActionQueue :: 'Default' (00000000-0000-0000-0000-000000000000) :: Performing non-blocking 'Sub Goal' (361aa588-5f31-4e19-b8a5-099cae52479d, bb330b6b-2cdd-4de5-8511-7688a45463ee)
[2026-04-09 03:27:20.266 DBG] AutoSave :: Auto saving settings...
[2026-04-09 03:27:20.284 DBG] Users :: Time to save 18.365ms
[2026-04-09 03:27:20.309 DBG] Actions :: Time to save 25.3901ms
[2026-04-09 03:27:20.327 DBG] Commands :: Time to save 17.5985ms
[2026-04-09 03:27:20.344 DBG] Twitch Rewards :: Time to save 16.3115ms
[2026-04-09 03:27:20.357 DBG] Midi :: Time to save 13.4392ms
[2026-04-09 03:27:20.370 DBG] OBS Settings :: Time to save 13.8555ms
[2026-04-09 03:27:20.387 DBG] MeldStudio Settings :: Time to save 16.9807ms
[2026-04-09 03:27:20.399 DBG] Credits :: Time to save 11.1583ms
[2026-04-09 03:27:20.417 DBG] Quotes :: Time to save 17.202ms
[2026-04-09 03:27:20.500 DBG] Config :: Time to save 17.9879ms
[2026-04-09 03:28:14.487 DBG] ViewerRepo :: UpdatePresence(twitch, 5), 0.0354ms
[2026-04-09 03:28:14.579 DBG] TwitchService :: Presence Timer :: Artificially updated presence with a threshold of 5 minutes (93.2644ms)
[2026-04-09 03:29:14.499 DBG] ViewerRepo :: UpdatePresence(twitch, 5), 0.0375ms
[2026-04-09 03:29:14.592 DBG] TwitchService :: Presence Timer :: Artificially updated presence with a threshold of 5 minutes (94.0515ms)
[2026-04-09 03:30:14.509 DBG] ViewerRepo :: UpdatePresence(twitch, 5), 0.0366ms
[2026-04-09 03:30:14.598 DBG] TwitchService :: Presence Timer :: Artificially updated presence with a threshold of 5 minutes (90.7132ms)
[2026-04-09 03:31:14.509 DBG] ViewerRepo :: UpdatePresence(twitch, 5), 0.0388ms
[2026-04-09 03:31:14.600 DBG] TwitchService :: Presence Timer :: Artificially updated presence with a threshold of 5 minutes (91.4108ms)
[2026-04-09 03:32:03.792 DBG] Credits :: Time to save 16.6767ms
[2026-04-09 03:32:14.525 DBG] ViewerRepo :: UpdatePresence(twitch, 5), 0.035ms
[2026-04-09 03:32:14.618 DBG] TwitchService :: Presence Timer :: Artificially updated presence with a threshold of 5 minutes (94.0312ms)
[2026-04-09 03:32:20.498 DBG] AutoSave :: Auto saving settings...
[2026-04-09 03:32:20.517 DBG] Users :: Time to save 19.6678ms
[2026-04-09 03:32:20.541 DBG] Actions :: Time to save 23.3022ms
[2026-04-09 03:32:20.558 DBG] Commands :: Time to save 17.1615ms
[2026-04-09 03:32:20.574 DBG] Twitch Rewards :: Time to save 15.7388ms
[2026-04-09 03:32:20.587 DBG] Midi :: Time to save 13.9909ms
[2026-04-09 03:32:20.604 DBG] OBS Settings :: Time to save 15.7121ms
[2026-04-09 03:32:20.619 DBG] MeldStudio Settings :: Time to save 15.8645ms
[2026-04-09 03:32:20.634 DBG] Credits :: Time to save 13.9101ms
[2026-04-09 03:32:20.650 DBG] Quotes :: Time to save 16.6928ms
[2026-04-09 03:32:20.719 DBG] Config :: Time to save 18.8933ms
[2026-04-09 03:33:14.533 DBG] ViewerRepo :: UpdatePresence(twitch, 5), 0.0377ms
[2026-04-09 03:33:14.625 DBG] TwitchService :: Presence Timer :: Artificially updated presence with a threshold of 5 minutes (92.2057ms)
[2026-04-09 03:34:14.534 DBG] ViewerRepo :: UpdatePresence(twitch, 5), 0.039ms
[2026-04-09 03:34:14.628 DBG] TwitchService :: Presence Timer :: Artificially updated presence with a threshold of 5 minutes (93.7752ms)
[2026-04-09 03:35:14.559 DBG] ViewerRepo :: UpdatePresence(twitch, 5), 0.0355ms
[2026-04-09 03:35:14.657 DBG] TwitchService :: Presence Timer :: Artificially updated presence with a threshold of 5 minutes (98.3761ms)
[2026-04-09 03:36:14.568 DBG] ViewerRepo :: UpdatePresence(twitch, 5), 0.0512ms
[2026-04-09 03:36:14.666 DBG] TwitchService :: Presence Timer :: Artificially updated presence with a threshold of 5 minutes (97.4076ms)
[2026-04-09 03:37:03.810 DBG] Credits :: Time to save 13.7556ms
[2026-04-09 03:37:14.584 DBG] ViewerRepo :: UpdatePresence(twitch, 5), 0.038ms
[2026-04-09 03:37:14.676 DBG] TwitchService :: Presence Timer :: Artificially updated presence with a threshold of 5 minutes (92.2001ms)
[2026-04-09 03:37:14.848 DBG] ActionDispatcher :: Queueing 'Sub Goal' (361aa588-5f31-4e19-b8a5-099cae52479d, TimedAction) to 'Default' (00000000-0000-0000-0000-000000000000), with 11 arguments
[2026-04-09 03:37:14.848 DBG] ActionQueue :: 'Default' (00000000-0000-0000-0000-000000000000) :: Enqueue action 361aa588-5f31-4e19-b8a5-099cae52479d
[2026-04-09 03:37:14.848 DBG] ActionQueue :: 'Default' (00000000-0000-0000-0000-000000000000) :: Handling queue
[2026-04-09 03:37:14.848 DBG] ActionQueue :: 'Default' (00000000-0000-0000-0000-000000000000) :: Performing non-blocking 'Sub Goal' (361aa588-5f31-4e19-b8a5-099cae52479d, cb48f0d6-5bf4-4c6a-99cf-452882058453)
[2026-04-09 03:37:20.747 DBG] AutoSave :: Auto saving settings...
[2026-04-09 03:37:20.766 DBG] Users :: Time to save 19.4394ms
[2026-04-09 03:37:20.789 DBG] Actions :: Time to save 23.3129ms
[2026-04-09 03:37:20.807 DBG] Commands :: Time to save 18.2932ms
[2026-04-09 03:37:20.824 DBG] Twitch Rewards :: Time to save 16.7986ms
[2026-04-09 03:37:20.839 DBG] Midi :: Time to save 14.2928ms
[2026-04-09 03:37:20.852 DBG] OBS Settings :: Time to save 14.2525ms
[2026-04-09 03:37:20.867 DBG] MeldStudio Settings :: Time to save 13.9756ms
[2026-04-09 03:37:20.881 DBG] Credits :: Time to save 13.756ms
[2026-04-09 03:37:20.898 DBG] Quotes :: Time to save 17.4272ms
[2026-04-09 03:37:20.969 DBG] Config :: Time to save 19.1477ms
[2026-04-09 03:38:14.586 DBG] ViewerRepo :: UpdatePresence(twitch, 5), 0.0352ms
[2026-04-09 03:38:14.675 DBG] TwitchService :: Presence Timer :: Artificially updated presence with a threshold of 5 minutes (88.5955ms)
[2026-04-09 03:39:14.597 DBG] ViewerRepo :: UpdatePresence(twitch, 5), 0.043ms
[2026-04-09 03:39:14.691 DBG] TwitchService :: Presence Timer :: Artificially updated presence with a threshold of 5 minutes (94.2649ms)
[2026-04-09 03:40:14.609 DBG] ViewerRepo :: UpdatePresence(twitch, 5), 0.0492ms
[2026-04-09 03:40:14.707 DBG] TwitchService :: Presence Timer :: Artificially updated presence with a threshold of 5 minutes (98.0884ms)
[2026-04-09 03:41:14.619 DBG] ViewerRepo :: UpdatePresence(twitch, 5), 0.035ms
[2026-04-09 03:41:14.707 DBG] TwitchService :: Presence Timer :: Artificially updated presence with a threshold of 5 minutes (87.4289ms)
[2026-04-09 03:42:03.818 DBG] Credits :: Time to save 16.6041ms
[2026-04-09 03:42:14.637 DBG] ViewerRepo :: UpdatePresence(twitch, 5), 0.0366ms
[2026-04-09 03:42:14.729 DBG] TwitchService :: Presence Timer :: Artificially updated presence with a threshold of 5 minutes (93.055ms)
[2026-04-09 03:42:20.985 DBG] AutoSave :: Auto saving settings...
[2026-04-09 03:42:20.999 DBG] Users :: Time to save 13.8263ms
[2026-04-09 03:42:21.024 DBG] Actions :: Time to save 24.5672ms
[2026-04-09 03:42:21.040 DBG] Commands :: Time to save 16.6931ms
[2026-04-09 03:42:21.057 DBG] Twitch Rewards :: Time to save 16.5958ms
[2026-04-09 03:42:21.067 DBG] Midi :: Time to save 10.1596ms
[2026-04-09 03:42:21.081 DBG] OBS Settings :: Time to save 13.9897ms
[2026-04-09 03:42:21.095 DBG] MeldStudio Settings :: Time to save 13.6505ms
[2026-04-09 03:42:21.110 DBG] Credits :: Time to save 15.1509ms
[2026-04-09 03:42:21.126 DBG] Quotes :: Time to save 16.2791ms
[2026-04-09 03:42:21.221 DBG] Config :: Time to save 18.2666ms
[2026-04-09 03:43:14.650 DBG] ViewerRepo :: UpdatePresence(twitch, 5), 0.0371ms
[2026-04-09 03:43:14.739 DBG] TwitchService :: Presence Timer :: Artificially updated presence with a threshold of 5 minutes (90.3964ms)
[2026-04-09 03:44:14.671 DBG] ViewerRepo :: UpdatePresence(twitch, 5), 0.0371ms
[2026-04-09 03:44:14.765 DBG] TwitchService :: Presence Timer :: Artificially updated presence with a threshold of 5 minutes (94.3684ms)
[2026-04-09 03:45:14.677 DBG] ViewerRepo :: UpdatePresence(twitch, 5), 0.0356ms
[2026-04-09 03:45:14.769 DBG] TwitchService :: Presence Timer :: Artificially updated presence with a threshold of 5 minutes (92.907ms)
[2026-04-09 03:45:46.619 DBG] Twitch EventSub (Bot) :: Disconnected
[2026-04-09 03:45:46.619 INF] TwitchService :: Disconnected from Bot EventSub
[2026-04-09 03:45:48.641 DBG] TwitchService :: Retrying Bot EventSub connection
[2026-04-09 03:45:48.641 INF] TwitchService :: Connecting to Bot EventSub
[2026-04-09 03:45:48.641 DBG] Twitch EventSub (Bot) :: Opening connection
[2026-04-09 03:45:48.853 DBG] Twitch EventSub (Bot) :: Subscribing to 1 events
[2026-04-09 03:45:49.332 INF] TwitchService :: Connected to Bot EventSub, and authenticated
[2026-04-09 03:46:14.682 DBG] ViewerRepo :: UpdatePresence(twitch, 5), 0.0371ms
[2026-04-09 03:46:14.776 DBG] TwitchService :: Presence Timer :: Artificially updated presence with a threshold of 5 minutes (94.1434ms)
[2026-04-09 03:47:03.841 DBG] Credits :: Time to save 16.336ms
[2026-04-09 03:47:14.684 DBG] ViewerRepo :: UpdatePresence(twitch, 5), 0.0363ms
[2026-04-09 03:47:15.057 DBG] ActionDispatcher :: Queueing 'Sub Goal' (361aa588-5f31-4e19-b8a5-099cae52479d, TimedAction) to 'Default' (00000000-0000-0000-0000-000000000000), with 11 arguments
[2026-04-09 03:47:15.057 DBG] ActionQueue :: 'Default' (00000000-0000-0000-0000-000000000000) :: Enqueue action 361aa588-5f31-4e19-b8a5-099cae52479d
[2026-04-09 03:47:15.057 DBG] ActionQueue :: 'Default' (00000000-0000-0000-0000-000000000000) :: Handling queue
[2026-04-09 03:47:15.057 DBG] ActionQueue :: 'Default' (00000000-0000-0000-0000-000000000000) :: Performing non-blocking 'Sub Goal' (361aa588-5f31-4e19-b8a5-099cae52479d, 5185ee9f-bddf-411c-8fa4-e3e5e8130936)
[2026-04-09 03:47:15.259 DBG] TwitchService :: Presence Timer :: Artificially updated presence with a threshold of 5 minutes (575.4598ms)
[2026-04-09 03:47:21.202 DBG] AutoSave :: Auto saving settings...
[2026-04-09 03:47:21.220 DBG] Users :: Time to save 18.4384ms
[2026-04-09 03:47:21.245 DBG] Actions :: Time to save 23.9294ms
[2026-04-09 03:47:21.261 DBG] Commands :: Time to save 17.3179ms
[2026-04-09 03:47:21.278 DBG] Twitch Rewards :: Time to save 16.7415ms
[2026-04-09 03:47:21.288 DBG] Midi :: Time to save 10.0902ms
[2026-04-09 03:47:21.300 DBG] OBS Settings :: Time to save 11.6599ms
[2026-04-09 03:47:21.315 DBG] MeldStudio Settings :: Time to save 14.4888ms
[2026-04-09 03:47:21.330 DBG] Credits :: Time to save 15.1012ms
[2026-04-09 03:47:21.347 DBG] Quotes :: Time to save 16.9099ms
[2026-04-09 03:47:21.424 DBG] Config :: Time to save 20.5428ms
[2026-04-09 03:48:14.690 DBG] ViewerRepo :: UpdatePresence(twitch, 5), 0.0419ms
[2026-04-09 03:48:14.787 DBG] TwitchService :: Presence Timer :: Artificially updated presence with a threshold of 5 minutes (96.601ms)
[2026-04-09 03:49:14.695 DBG] ViewerRepo :: UpdatePresence(twitch, 5), 0.0393ms
[2026-04-09 03:49:14.788 DBG] TwitchService :: Presence Timer :: Artificially updated presence with a threshold of 5 minutes (94.1531ms)
[2026-04-09 03:50:14.712 DBG] ViewerRepo :: UpdatePresence(twitch, 5), 0.041ms
[2026-04-09 03:50:14.808 DBG] TwitchService :: Presence Timer :: Artificially updated presence with a threshold of 5 minutes (96.0589ms)
[2026-04-09 03:51:14.717 DBG] ViewerRepo :: UpdatePresence(twitch, 5), 0.0347ms
[2026-04-09 03:51:14.816 DBG] TwitchService :: Presence Timer :: Artificially updated presence with a threshold of 5 minutes (98.8376ms)
[2026-04-09 03:52:00.747 DBG] Twitch EventSub (Bot) :: Disconnected
[2026-04-09 03:52:00.747 INF] TwitchService :: Disconnected from Bot EventSub
[2026-04-09 03:52:02.764 DBG] TwitchService :: Retrying Bot EventSub connection
[2026-04-09 03:52:02.764 INF] TwitchService :: Connecting to Bot EventSub
[2026-04-09 03:52:02.764 DBG] Twitch EventSub (Bot) :: Opening connection
[2026-04-09 03:52:02.986 DBG] Twitch EventSub (Bot) :: Subscribing to 1 events
[2026-04-09 03:52:03.406 INF] TwitchService :: Connected to Bot EventSub, and authenticated
[2026-04-09 03:52:03.849 DBG] Credits :: Time to save 17.0538ms
[2026-04-09 03:52:14.730 DBG] ViewerRepo :: UpdatePresence(twitch, 5), 0.0448ms
[2026-04-09 03:52:14.820 DBG] TwitchService :: Presence Timer :: Artificially updated presence with a threshold of 5 minutes (90.8168ms)
[2026-04-09 03:52:21.447 DBG] AutoSave :: Auto saving settings...
[2026-04-09 03:52:21.467 DBG] Users :: Time to save 20.2292ms
[2026-04-09 03:52:21.491 DBG] Actions :: Time to save 24.5684ms
[2026-04-09 03:52:21.508 DBG] Commands :: Time to save 17.0111ms
[2026-04-09 03:52:21.525 DBG] Twitch Rewards :: Time to save 16.4515ms
[2026-04-09 03:52:21.540 DBG] Midi :: Time to save 15.7443ms
[2026-04-09 03:52:21.551 DBG] OBS Settings :: Time to save 10.299ms
[2026-04-09 03:52:21.565 DBG] MeldStudio Settings :: Time to save 13.816ms
[2026-04-09 03:52:21.579 DBG] Credits :: Time to save 14.0498ms
[2026-04-09 03:52:21.596 DBG] Quotes :: Time to save 16.6711ms
[2026-04-09 03:52:21.668 DBG] Config :: Time to save 18.9159ms
[2026-04-09 03:53:14.738 DBG] ViewerRepo :: UpdatePresence(twitch, 5), 0.0344ms
[2026-04-09 03:53:14.828 DBG] TwitchService :: Presence Timer :: Artificially updated presence with a threshold of 5 minutes (90.7558ms)
[2026-04-09 03:54:14.749 DBG] ViewerRepo :: UpdatePresence(twitch, 5), 0.0352ms
[2026-04-09 03:54:14.846 DBG] TwitchService :: Presence Timer :: Artificially updated presence with a threshold of 5 minutes (96.5426ms)
[2026-04-09 03:55:14.757 DBG] ViewerRepo :: UpdatePresence(twitch, 5), 0.0367ms
[2026-04-09 03:55:14.847 DBG] TwitchService :: Presence Timer :: Artificially updated presence with a threshold of 5 minutes (90.3525ms)
[2026-04-09 03:56:14.760 DBG] ViewerRepo :: UpdatePresence(twitch, 5), 0.0375ms
[2026-04-09 03:56:14.852 DBG] TwitchService :: Presence Timer :: Artificially updated presence with a threshold of 5 minutes (93.01ms)
[2026-04-09 03:57:03.849 DBG] Credits :: Time to save 16.0672ms
[2026-04-09 03:57:14.762 DBG] ViewerRepo :: UpdatePresence(twitch, 5), 0.037ms
[2026-04-09 03:57:14.854 DBG] TwitchService :: Presence Timer :: Artificially updated presence with a threshold of 5 minutes (92.676ms)
[2026-04-09 03:57:15.163 DBG] ActionDispatcher :: Queueing 'Sub Goal' (361aa588-5f31-4e19-b8a5-099cae52479d, TimedAction) to 'Default' (00000000-0000-0000-0000-000000000000), with 11 arguments
[2026-04-09 03:57:15.163 DBG] ActionQueue :: 'Default' (00000000-0000-0000-0000-000000000000) :: Enqueue action 361aa588-5f31-4e19-b8a5-099cae52479d
[2026-04-09 03:57:15.163 DBG] ActionQueue :: 'Default' (00000000-0000-0000-0000-000000000000) :: Handling queue
[2026-04-09 03:57:15.163 DBG] ActionQueue :: 'Default' (00000000-0000-0000-0000-000000000000) :: Performing non-blocking 'Sub Goal' (361aa588-5f31-4e19-b8a5-099cae52479d, d3c69692-635b-4413-a717-5dc5f07d0762)
[2026-04-09 03:57:21.691 DBG] AutoSave :: Auto saving settings...
[2026-04-09 03:57:21.707 DBG] Users :: Time to save 15.5765ms
[2026-04-09 03:57:21.730 DBG] Actions :: Time to save 23.1092ms
[2026-04-09 03:57:21.747 DBG] Commands :: Time to save 17.7197ms
[2026-04-09 03:57:21.765 DBG] Twitch Rewards :: Time to save 17.0782ms
[2026-04-09 03:57:21.779 DBG] Midi :: Time to save 14.8598ms
[2026-04-09 03:57:21.793 DBG] OBS Settings :: Time to save 14.1906ms
[2026-04-09 03:57:21.808 DBG] MeldStudio Settings :: Time to save 14.4293ms
[2026-04-09 03:57:21.822 DBG] Credits :: Time to save 14.1827ms
[2026-04-09 03:57:21.839 DBG] Quotes :: Time to save 17.0943ms
[2026-04-09 03:57:21.912 DBG] Config :: Time to save 18.6325ms
[2026-04-09 03:58:14.765 DBG] ViewerRepo :: UpdatePresence(twitch, 5), 0.0364ms
[2026-04-09 03:58:14.862 DBG] TwitchService :: Presence Timer :: Artificially updated presence with a threshold of 5 minutes (96.8968ms)
[2026-04-09 03:59:14.779 DBG] ViewerRepo :: UpdatePresence(twitch, 5), 0.0372ms
[2026-04-09 03:59:14.874 DBG] TwitchService :: Presence Timer :: Artificially updated presence with a threshold of 5 minutes (95.088ms)
[2026-04-09 04:00:14.796 DBG] ViewerRepo :: UpdatePresence(twitch, 5), 0.0369ms
[2026-04-09 04:00:14.890 DBG] TwitchService :: Presence Timer :: Artificially updated presence with a threshold of 5 minutes (94.9705ms)
[2026-04-09 04:01:14.810 DBG] ViewerRepo :: UpdatePresence(twitch, 5), 0.0351ms
[2026-04-09 04:01:14.906 DBG] TwitchService :: Presence Timer :: Artificially updated presence with a threshold of 5 minutes (95.8686ms)
[2026-04-09 04:02:03.855 DBG] Credits :: Time to save 15.1736ms
[2026-04-09 04:02:14.815 DBG] ViewerRepo :: UpdatePresence(twitch, 5), 0.0357ms
[2026-04-09 04:02:14.910 DBG] TwitchService :: Presence Timer :: Artificially updated presence with a threshold of 5 minutes (95.8635ms)
[2026-04-09 04:02:21.935 DBG] AutoSave :: Auto saving settings...
[2026-04-09 04:02:21.952 DBG] Users :: Time to save 18.2343ms
[2026-04-09 04:02:21.978 DBG] Actions :: Time to save 25.8452ms
[2026-04-09 04:02:21.996 DBG] Commands :: Time to save 17.2335ms
[2026-04-09 04:02:22.012 DBG] Twitch Rewards :: Time to save 16.6874ms
[2026-04-09 04:02:22.028 DBG] Midi :: Time to save 15.9715ms
[2026-04-09 04:02:22.045 DBG] OBS Settings :: Time to save 16.1704ms
[2026-04-09 04:02:22.059 DBG] MeldStudio Settings :: Time to save 14.6281ms
[2026-04-09 04:02:22.074 DBG] Credits :: Time to save 14.2095ms
[2026-04-09 04:02:22.090 DBG] Quotes :: Time to save 16.6006ms
[2026-04-09 04:02:22.155 DBG] Config :: Time to save 18.7169ms
[2026-04-09 04:03:14.829 DBG] ViewerRepo :: UpdatePresence(twitch, 5), 0.0372ms
[2026-04-09 04:03:14.922 DBG] TwitchService :: Presence Timer :: Artificially updated presence with a threshold of 5 minutes (92.9049ms)
[2026-04-09 04:04:14.838 DBG] ViewerRepo :: UpdatePresence(twitch, 5), 0.0384ms
[2026-04-09 04:04:14.932 DBG] TwitchService :: Presence Timer :: Artificially updated presence with a threshold of 5 minutes (95.2947ms)
[2026-04-09 04:05:14.853 DBG] ViewerRepo :: UpdatePresence(twitch, 5), 0.0355ms
[2026-04-09 04:05:14.947 DBG] TwitchService :: Presence Timer :: Artificially updated presence with a threshold of 5 minutes (94.2442ms)
[2026-04-09 04:06:14.865 DBG] ViewerRepo :: UpdatePresence(twitch, 5), 0.0367ms
[2026-04-09 04:06:14.963 DBG] TwitchService :: Presence Timer :: Artificially updated presence with a threshold of 5 minutes (97.6356ms)
[2026-04-09 04:07:03.869 DBG] Credits :: Time to save 16.8131ms
[2026-04-09 04:07:14.870 DBG] ViewerRepo :: UpdatePresence(twitch, 5), 0.0357ms
[2026-04-09 04:07:14.968 DBG] TwitchService :: Presence Timer :: Artificially updated presence with a threshold of 5 minutes (99.7344ms)
[2026-04-09 04:07:15.260 DBG] ActionDispatcher :: Queueing 'Sub Goal' (361aa588-5f31-4e19-b8a5-099cae52479d, TimedAction) to 'Default' (00000000-0000-0000-0000-000000000000), with 11 arguments
[2026-04-09 04:07:15.260 DBG] ActionQueue :: 'Default' (00000000-0000-0000-0000-000000000000) :: Enqueue action 361aa588-5f31-4e19-b8a5-099cae52479d
[2026-04-09 04:07:15.260 DBG] ActionQueue :: 'Default' (00000000-0000-0000-0000-000000000000) :: Handling queue
[2026-04-09 04:07:15.260 DBG] ActionQueue :: 'Default' (00000000-0000-0000-0000-000000000000) :: Performing non-blocking 'Sub Goal' (361aa588-5f31-4e19-b8a5-099cae52479d, 5448c194-e125-4d58-a2ec-f706c19e864e)
[2026-04-09 04:07:22.205 DBG] AutoSave :: Auto saving settings...
[2026-04-09 04:07:22.224 DBG] Users :: Time to save 18.9509ms
[2026-04-09 04:07:22.248 DBG] Actions :: Time to save 24.6434ms
[2026-04-09 04:07:22.266 DBG] Commands :: Time to save 16.8398ms
[2026-04-09 04:07:22.281 DBG] Twitch Rewards :: Time to save 16.1077ms
[2026-04-09 04:07:22.295 DBG] Midi :: Time to save 13.6227ms
[2026-04-09 04:07:22.310 DBG] OBS Settings :: Time to save 15.0641ms
[2026-04-09 04:07:22.325 DBG] MeldStudio Settings :: Time to save 14.3544ms
[2026-04-09 04:07:22.339 DBG] Credits :: Time to save 14.3503ms
[2026-04-09 04:07:22.354 DBG] Quotes :: Time to save 14.5426ms
[2026-04-09 04:07:22.425 DBG] Config :: Time to save 18.6032ms
[2026-04-09 04:08:14.878 DBG] ViewerRepo :: UpdatePresence(twitch, 5), 0.0355ms
[2026-04-09 04:08:14.975 DBG] TwitchService :: Presence Timer :: Artificially updated presence with a threshold of 5 minutes (96.8952ms)
[2026-04-09 04:09:14.885 DBG] ViewerRepo :: UpdatePresence(twitch, 5), 0.0365ms
[2026-04-09 04:09:14.977 DBG] TwitchService :: Presence Timer :: Artificially updated presence with a threshold of 5 minutes (92.6793ms)
[2026-04-09 04:10:14.896 DBG] ViewerRepo :: UpdatePresence(twitch, 5), 0.039ms
[2026-04-09 04:10:14.985 DBG] TwitchService :: Presence Timer :: Artificially updated presence with a threshold of 5 minutes (89.3205ms)
[2026-04-09 04:11:14.922 DBG] ViewerRepo :: UpdatePresence(twitch, 5), 0.0389ms
[2026-04-09 04:11:15.014 DBG] TwitchService :: Presence Timer :: Artificially updated presence with a threshold of 5 minutes (93.2135ms)
[2026-04-09 04:12:03.872 DBG] Credits :: Time to save 11.495ms
[2026-04-09 04:12:14.937 DBG] ViewerRepo :: UpdatePresence(twitch, 5), 0.0378ms
[2026-04-09 04:12:15.028 DBG] TwitchService :: Presence Timer :: Artificially updated presence with a threshold of 5 minutes (92.1584ms)
[2026-04-09 04:12:22.449 DBG] AutoSave :: Auto saving settings...
[2026-04-09 04:12:22.470 DBG] Users :: Time to save 19.9026ms
[2026-04-09 04:12:22.495 DBG] Actions :: Time to save 25.5621ms
[2026-04-09 04:12:22.511 DBG] Commands :: Time to save 16.5177ms
[2026-04-09 04:12:22.527 DBG] Twitch Rewards :: Time to save 15.8763ms
[2026-04-09 04:12:22.541 DBG] Midi :: Time to save 13.8389ms
[2026-04-09 04:12:22.556 DBG] OBS Settings :: Time to save 14.1538ms
[2026-04-09 04:12:22.569 DBG] MeldStudio Settings :: Time to save 14.3179ms
[2026-04-09 04:12:22.582 DBG] Credits :: Time to save 11.6701ms
[2026-04-09 04:12:22.598 DBG] Quotes :: Time to save 16.4813ms
[2026-04-09 04:12:22.670 DBG] Config :: Time to save 19.2219ms
[2026-04-09 04:13:14.950 DBG] ViewerRepo :: UpdatePresence(twitch, 5), 0.0353ms
[2026-04-09 04:13:15.047 DBG] TwitchService :: Presence Timer :: Artificially updated presence with a threshold of 5 minutes (96.9292ms)
[2026-04-09 04:14:14.965 DBG] ViewerRepo :: UpdatePresence(twitch, 5), 0.0366ms
[2026-04-09 04:14:15.055 DBG] TwitchService :: Presence Timer :: Artificially updated presence with a threshold of 5 minutes (90.3042ms)
[2026-04-09 04:15:14.979 DBG] ViewerRepo :: UpdatePresence(twitch, 5), 0.0425ms
[2026-04-09 04:15:15.072 DBG] TwitchService :: Presence Timer :: Artificially updated presence with a threshold of 5 minutes (95.1155ms)
[2026-04-09 04:16:14.992 DBG] ViewerRepo :: UpdatePresence(twitch, 5), 0.0382ms
[2026-04-09 04:16:15.087 DBG] TwitchService :: Presence Timer :: Artificially updated presence with a threshold of 5 minutes (94.8021ms)
[2026-04-09 04:17:03.894 DBG] Credits :: Time to save 18.5519ms
[2026-04-09 04:17:15.002 DBG] ViewerRepo :: UpdatePresence(twitch, 5), 0.0844ms
[2026-04-09 04:17:15.096 DBG] TwitchService :: Presence Timer :: Artificially updated presence with a threshold of 5 minutes (94.5574ms)
[2026-04-09 04:17:16.213 DBG] ActionDispatcher :: Queueing 'Sub Goal' (361aa588-5f31-4e19-b8a5-099cae52479d, TimedAction) to 'Default' (00000000-0000-0000-0000-000000000000), with 11 arguments
[2026-04-09 04:17:16.213 DBG] ActionQueue :: 'Default' (00000000-0000-0000-0000-000000000000) :: Enqueue action 361aa588-5f31-4e19-b8a5-099cae52479d
[2026-04-09 04:17:16.213 DBG] ActionQueue :: 'Default' (00000000-0000-0000-0000-000000000000) :: Handling queue
[2026-04-09 04:17:16.213 DBG] ActionQueue :: 'Default' (00000000-0000-0000-0000-000000000000) :: Performing non-blocking 'Sub Goal' (361aa588-5f31-4e19-b8a5-099cae52479d, adc4bb18-4ac3-4903-bc82-1560b16bfbe1)
[2026-04-09 04:17:22.712 DBG] AutoSave :: Auto saving settings...
[2026-04-09 04:17:22.731 DBG] Users :: Time to save 19.3845ms
[2026-04-09 04:17:22.757 DBG] Actions :: Time to save 26.0506ms
[2026-04-09 04:17:22.775 DBG] Commands :: Time to save 17.7797ms
[2026-04-09 04:17:22.791 DBG] Twitch Rewards :: Time to save 15.1424ms
[2026-04-09 04:17:22.806 DBG] Midi :: Time to save 14.5021ms
[2026-04-09 04:17:22.820 DBG] OBS Settings :: Time to save 14.9871ms
[2026-04-09 04:17:22.835 DBG] MeldStudio Settings :: Time to save 14.1912ms
[2026-04-09 04:17:22.849 DBG] Credits :: Time to save 14.6856ms
[2026-04-09 04:17:22.866 DBG] Quotes :: Time to save 16.2568ms
[2026-04-09 04:17:22.933 DBG] Config :: Time to save 19.2248ms
[2026-04-09 04:18:15.010 DBG] ViewerRepo :: UpdatePresence(twitch, 5), 0.0371ms
[2026-04-09 04:18:15.102 DBG] TwitchService :: Presence Timer :: Artificially updated presence with a threshold of 5 minutes (92.2113ms)
[2026-04-09 04:19:15.020 DBG] ViewerRepo :: UpdatePresence(twitch, 5), 0.0353ms
[2026-04-09 04:19:15.117 DBG] TwitchService :: Presence Timer :: Artificially updated presence with a threshold of 5 minutes (97.0531ms)
[2026-04-09 04:20:15.034 DBG] ViewerRepo :: UpdatePresence(twitch, 5), 0.0358ms
[2026-04-09 04:20:15.128 DBG] TwitchService :: Presence Timer :: Artificially updated presence with a threshold of 5 minutes (94.44ms)
[2026-04-09 04:21:15.037 DBG] ViewerRepo :: UpdatePresence(twitch, 5), 0.0372ms
[2026-04-09 04:21:15.125 DBG] TwitchService :: Presence Timer :: Artificially updated presence with a threshold of 5 minutes (88.5703ms)
[2026-04-09 04:22:03.900 DBG] Credits :: Time to save 16.4987ms
[2026-04-09 04:22:15.050 DBG] ViewerRepo :: UpdatePresence(twitch, 5), 0.0356ms
[2026-04-09 04:22:15.146 DBG] TwitchService :: Presence Timer :: Artificially updated presence with a threshold of 5 minutes (96.2762ms)
[2026-04-09 04:22:23.001 DBG] AutoSave :: Auto saving settings...
[2026-04-09 04:22:23.019 DBG] Users :: Time to save 18.7111ms
[2026-04-09 04:22:23.042 DBG] Actions :: Time to save 22.9418ms
[2026-04-09 04:22:23.059 DBG] Commands :: Time to save 17.0239ms
[2026-04-09 04:22:23.077 DBG] Twitch Rewards :: Time to save 17.1339ms
[2026-04-09 04:22:23.092 DBG] Midi :: Time to save 14.907ms
[2026-04-09 04:22:23.107 DBG] OBS Settings :: Time to save 16.2767ms
[2026-04-09 04:22:23.121 DBG] MeldStudio Settings :: Time to save 13.9048ms
[2026-04-09 04:22:23.135 DBG] Credits :: Time to save 13.684ms
[2026-04-09 04:22:23.152 DBG] Quotes :: Time to save 16.1656ms
[2026-04-09 04:22:23.220 DBG] Config :: Time to save 18.5487ms
[2026-04-09 04:23:15.057 DBG] ViewerRepo :: UpdatePresence(twitch, 5), 0.0345ms
[2026-04-09 04:23:15.155 DBG] TwitchService :: Presence Timer :: Artificially updated presence with a threshold of 5 minutes (98.9239ms)
[2026-04-09 04:24:15.058 DBG] ViewerRepo :: UpdatePresence(twitch, 5), 0.0365ms
[2026-04-09 04:24:15.152 DBG] TwitchService :: Presence Timer :: Artificially updated presence with a threshold of 5 minutes (94.5648ms)
[2026-04-09 04:25:15.069 DBG] ViewerRepo :: UpdatePresence(twitch, 5), 0.0345ms
[2026-04-09 04:25:15.164 DBG] TwitchService :: Presence Timer :: Artificially updated presence with a threshold of 5 minutes (95.1108ms)
[2026-04-09 04:26:15.080 DBG] ViewerRepo :: UpdatePresence(twitch, 5), 0.0347ms
[2026-04-09 04:26:15.171 DBG] TwitchService :: Presence Timer :: Artificially updated presence with a threshold of 5 minutes (90.7848ms)
[2026-04-09 04:27:03.915 DBG] Credits :: Time to save 17.0273ms
[2026-04-09 04:27:15.096 DBG] ViewerRepo :: UpdatePresence(twitch, 5), 0.035ms
[2026-04-09 04:27:15.190 DBG] TwitchService :: Presence Timer :: Artificially updated presence with a threshold of 5 minutes (95.2048ms)
[2026-04-09 04:27:16.972 DBG] ActionDispatcher :: Queueing 'Sub Goal' (361aa588-5f31-4e19-b8a5-099cae52479d, TimedAction) to 'Default' (00000000-0000-0000-0000-000000000000), with 11 arguments
[2026-04-09 04:27:16.972 DBG] ActionQueue :: 'Default' (00000000-0000-0000-0000-000000000000) :: Enqueue action 361aa588-5f31-4e19-b8a5-099cae52479d
[2026-04-09 04:27:16.972 DBG] ActionQueue :: 'Default' (00000000-0000-0000-0000-000000000000) :: Handling queue
[2026-04-09 04:27:16.972 DBG] ActionQueue :: 'Default' (00000000-0000-0000-0000-000000000000) :: Performing non-blocking 'Sub Goal' (361aa588-5f31-4e19-b8a5-099cae52479d, db3e5309-221c-40e5-bfb6-867856eb5851)
[2026-04-09 04:27:23.228 DBG] AutoSave :: Auto saving settings...
[2026-04-09 04:27:23.247 DBG] Users :: Time to save 18.7078ms
[2026-04-09 04:27:23.271 DBG] Actions :: Time to save 23.6003ms
[2026-04-09 04:27:23.287 DBG] Commands :: Time to save 16.4712ms
[2026-04-09 04:27:23.304 DBG] Twitch Rewards :: Time to save 16.5642ms
[2026-04-09 04:27:23.318 DBG] Midi :: Time to save 14.3801ms
[2026-04-09 04:27:23.333 DBG] OBS Settings :: Time to save 14.6018ms
[2026-04-09 04:27:23.347 DBG] MeldStudio Settings :: Time to save 14.3338ms
[2026-04-09 04:27:23.362 DBG] Credits :: Time to save 15.0186ms
[2026-04-09 04:27:23.379 DBG] Quotes :: Time to save 16.6858ms
[2026-04-09 04:27:23.447 DBG] Config :: Time to save 18.2903ms
[2026-04-09 04:28:15.102 DBG] ViewerRepo :: UpdatePresence(twitch, 5), 0.0377ms
[2026-04-09 04:28:15.201 DBG] TwitchService :: Presence Timer :: Artificially updated presence with a threshold of 5 minutes (99.1019ms)
[2026-04-09 04:29:15.110 DBG] ViewerRepo :: UpdatePresence(twitch, 5), 0.0382ms
[2026-04-09 04:29:15.202 DBG] TwitchService :: Presence Timer :: Artificially updated presence with a threshold of 5 minutes (92.6789ms)
[2026-04-09 04:30:15.114 DBG] ViewerRepo :: UpdatePresence(twitch, 5), 0.0347ms
[2026-04-09 04:30:15.207 DBG] TwitchService :: Presence Timer :: Artificially updated presence with a threshold of 5 minutes (93.6708ms)
[2026-04-09 04:31:15.116 DBG] ViewerRepo :: UpdatePresence(twitch, 5), 0.0372ms
[2026-04-09 04:31:15.215 DBG] TwitchService :: Presence Timer :: Artificially updated presence with a threshold of 5 minutes (99.0517ms)
[2026-04-09 04:32:03.921 DBG] Credits :: Time to save 15.8075ms
[2026-04-09 04:32:15.138 DBG] ViewerRepo :: UpdatePresence(twitch, 5), 0.0437ms
[2026-04-09 04:32:15.232 DBG] TwitchService :: Presence Timer :: Artificially updated presence with a threshold of 5 minutes (93.8372ms)
[2026-04-09 04:32:23.482 DBG] AutoSave :: Auto saving settings...
[2026-04-09 04:32:23.501 DBG] Users :: Time to save 18.76ms
[2026-04-09 04:32:23.524 DBG] Actions :: Time to save 22.5782ms
[2026-04-09 04:32:23.542 DBG] Commands :: Time to save 17.5583ms
[2026-04-09 04:32:23.557 DBG] Twitch Rewards :: Time to save 16.4401ms
[2026-04-09 04:32:23.572 DBG] Midi :: Time to save 13.7047ms
[2026-04-09 04:32:23.585 DBG] OBS Settings :: Time to save 13.9748ms
[2026-04-09 04:32:23.601 DBG] MeldStudio Settings :: Time to save 14.9829ms
[2026-04-09 04:32:23.616 DBG] Credits :: Time to save 15.5628ms
[2026-04-09 04:32:23.632 DBG] Quotes :: Time to save 16.9607ms
[2026-04-09 04:32:23.714 DBG] Config :: Time to save 18.3277ms
[2026-04-09 04:33:15.142 DBG] ViewerRepo :: UpdatePresence(twitch, 5), 0.0362ms
[2026-04-09 04:33:15.232 DBG] TwitchService :: Presence Timer :: Artificially updated presence with a threshold of 5 minutes (90.5885ms)
[2026-04-09 04:34:15.154 DBG] ViewerRepo :: UpdatePresence(twitch, 5), 0.0352ms
[2026-04-09 04:34:15.252 DBG] TwitchService :: Presence Timer :: Artificially updated presence with a threshold of 5 minutes (98.0141ms)
[2026-04-09 04:35:15.161 DBG] ViewerRepo :: UpdatePresence(twitch, 5), 0.0368ms
[2026-04-09 04:35:15.255 DBG] TwitchService :: Presence Timer :: Artificially updated presence with a threshold of 5 minutes (93.6494ms)
[2026-04-09 04:36:00.469 DBG] StreamElements Socket :: Disconnected
[2026-04-09 04:36:00.471 INF] StreamElements Service :: Disconnected from Client
[2026-04-09 04:36:02.481 DBG] StreamElements Service :: Retrying client connection
[2026-04-09 04:36:02.481 INF] StreamElements Service :: Connecting to Client
[2026-04-09 04:36:02.481 DBG] StreamElements Socket :: Opening connection
[2026-04-09 04:36:02.821 INF] StreamElements Service :: Connected to Client
[2026-04-09 04:36:15.177 DBG] ViewerRepo :: UpdatePresence(twitch, 5), 0.0396ms
[2026-04-09 04:36:15.269 DBG] TwitchService :: Presence Timer :: Artificially updated presence with a threshold of 5 minutes (92.5185ms)
[2026-04-09 04:37:03.930 DBG] Credits :: Time to save 12.4216ms
[2026-04-09 04:37:15.187 DBG] ViewerRepo :: UpdatePresence(twitch, 5), 0.0367ms
[2026-04-09 04:37:15.279 DBG] TwitchService :: Presence Timer :: Artificially updated presence with a threshold of 5 minutes (92.1987ms)
[2026-04-09 04:37:17.039 DBG] ActionDispatcher :: Queueing 'Sub Goal' (361aa588-5f31-4e19-b8a5-099cae52479d, TimedAction) to 'Default' (00000000-0000-0000-0000-000000000000), with 11 arguments
[2026-04-09 04:37:17.039 DBG] ActionQueue :: 'Default' (00000000-0000-0000-0000-000000000000) :: Enqueue action 361aa588-5f31-4e19-b8a5-099cae52479d
[2026-04-09 04:37:17.039 DBG] ActionQueue :: 'Default' (00000000-0000-0000-0000-000000000000) :: Handling queue
[2026-04-09 04:37:17.039 DBG] ActionQueue :: 'Default' (00000000-0000-0000-0000-000000000000) :: Performing non-blocking 'Sub Goal' (361aa588-5f31-4e19-b8a5-099cae52479d, 7635652f-ab6b-496a-a1a6-6cd8a48217e5)
[2026-04-09 04:37:23.726 DBG] AutoSave :: Auto saving settings...
[2026-04-09 04:37:23.745 DBG] Users :: Time to save 19.1457ms
[2026-04-09 04:37:23.770 DBG] Actions :: Time to save 25.4993ms
[2026-04-09 04:37:23.787 DBG] Commands :: Time to save 16.5408ms
[2026-04-09 04:37:23.804 DBG] Twitch Rewards :: Time to save 16.9354ms
[2026-04-09 04:37:23.817 DBG] Midi :: Time to save 12.9485ms
[2026-04-09 04:37:23.832 DBG] OBS Settings :: Time to save 15.0109ms
[2026-04-09 04:37:23.846 DBG] MeldStudio Settings :: Time to save 13.7619ms
[2026-04-09 04:37:23.859 DBG] Credits :: Time to save 14.2039ms
[2026-04-09 04:37:23.877 DBG] Quotes :: Time to save 16.8824ms
[2026-04-09 04:37:23.948 DBG] Config :: Time to save 19.7794ms
[2026-04-09 04:38:15.195 DBG] ViewerRepo :: UpdatePresence(twitch, 5), 0.0367ms
[2026-04-09 04:38:15.287 DBG] TwitchService :: Presence Timer :: Artificially updated presence with a threshold of 5 minutes (92.5806ms)
[2026-04-09 04:39:15.207 DBG] ViewerRepo :: UpdatePresence(twitch, 5), 0.0361ms
[2026-04-09 04:39:15.298 DBG] TwitchService :: Presence Timer :: Artificially updated presence with a threshold of 5 minutes (91.7737ms)
[2026-04-09 04:40:15.219 DBG] ViewerRepo :: UpdatePresence(twitch, 5), 0.0357ms
[2026-04-09 04:40:15.307 DBG] TwitchService :: Presence Timer :: Artificially updated presence with a threshold of 5 minutes (88.5923ms)
[2026-04-09 04:41:15.230 DBG] ViewerRepo :: UpdatePresence(twitch, 5), 0.0402ms
[2026-04-09 04:41:15.327 DBG] TwitchService :: Presence Timer :: Artificially updated presence with a threshold of 5 minutes (97.4893ms)
[2026-04-09 04:42:03.951 DBG] Credits :: Time to save 16.0752ms
[2026-04-09 04:42:15.241 DBG] ViewerRepo :: UpdatePresence(twitch, 5), 0.038ms
[2026-04-09 04:42:15.337 DBG] TwitchService :: Presence Timer :: Artificially updated presence with a threshold of 5 minutes (96.1912ms)
[2026-04-09 04:42:23.960 DBG] AutoSave :: Auto saving settings...
[2026-04-09 04:42:23.979 DBG] Users :: Time to save 19.0927ms
[2026-04-09 04:42:24.005 DBG] Actions :: Time to save 25.6185ms
[2026-04-09 04:42:24.021 DBG] Commands :: Time to save 16.5733ms
[2026-04-09 04:42:24.038 DBG] Twitch Rewards :: Time to save 16.3547ms
[2026-04-09 04:42:24.051 DBG] Midi :: Time to save 13.5608ms
[2026-04-09 04:42:24.066 DBG] OBS Settings :: Time to save 14.2513ms
[2026-04-09 04:42:24.080 DBG] MeldStudio Settings :: Time to save 13.7939ms
[2026-04-09 04:42:24.094 DBG] Credits :: Time to save 13.8172ms
[2026-04-09 04:42:24.109 DBG] Quotes :: Time to save 16.2386ms
[2026-04-09 04:42:24.180 DBG] Config :: Time to save 18.3647ms
[2026-04-09 04:43:15.244 DBG] ViewerRepo :: UpdatePresence(twitch, 5), 0.0348ms
[2026-04-09 04:43:15.336 DBG] TwitchService :: Presence Timer :: Artificially updated presence with a threshold of 5 minutes (92.8987ms)
[2026-04-09 04:44:15.250 DBG] ViewerRepo :: UpdatePresence(twitch, 5), 0.0355ms
[2026-04-09 04:44:15.342 DBG] TwitchService :: Presence Timer :: Artificially updated presence with a threshold of 5 minutes (92.5831ms)
[2026-04-09 04:45:15.255 DBG] ViewerRepo :: UpdatePresence(twitch, 5), 0.0337ms
[2026-04-09 04:45:15.344 DBG] TwitchService :: Presence Timer :: Artificially updated presence with a threshold of 5 minutes (89.6477ms)
[2026-04-09 04:46:15.257 DBG] ViewerRepo :: UpdatePresence(twitch, 5), 0.0382ms
[2026-04-09 04:46:15.348 DBG] TwitchService :: Presence Timer :: Artificially updated presence with a threshold of 5 minutes (92.0724ms)
[2026-04-09 04:47:03.968 DBG] Credits :: Time to save 17.9509ms
[2026-04-09 04:47:15.268 DBG] ViewerRepo :: UpdatePresence(twitch, 5), 0.0556ms
[2026-04-09 04:47:15.849 DBG] TwitchService :: Presence Timer :: Artificially updated presence with a threshold of 5 minutes (580.9429ms)
[2026-04-09 04:47:17.349 DBG] ActionDispatcher :: Queueing 'Sub Goal' (361aa588-5f31-4e19-b8a5-099cae52479d, TimedAction) to 'Default' (00000000-0000-0000-0000-000000000000), with 11 arguments
[2026-04-09 04:47:17.349 DBG] ActionQueue :: 'Default' (00000000-0000-0000-0000-000000000000) :: Enqueue action 361aa588-5f31-4e19-b8a5-099cae52479d
[2026-04-09 04:47:17.349 DBG] ActionQueue :: 'Default' (00000000-0000-0000-0000-000000000000) :: Handling queue
[2026-04-09 04:47:17.349 DBG] ActionQueue :: 'Default' (00000000-0000-0000-0000-000000000000) :: Performing non-blocking 'Sub Goal' (361aa588-5f31-4e19-b8a5-099cae52479d, 40021a4e-7451-41cc-bc09-dbd034ad56b2)
[2026-04-09 04:47:24.194 DBG] AutoSave :: Auto saving settings...
[2026-04-09 04:47:24.212 DBG] Users :: Time to save 18.255ms
[2026-04-09 04:47:24.240 DBG] Actions :: Time to save 27.5742ms
[2026-04-09 04:47:24.257 DBG] Commands :: Time to save 17.4292ms
[2026-04-09 04:47:24.274 DBG] Twitch Rewards :: Time to save 17.4725ms
[2026-04-09 04:47:24.288 DBG] Midi :: Time to save 14.1075ms
[2026-04-09 04:47:24.305 DBG] OBS Settings :: Time to save 16.6525ms
[2026-04-09 04:47:24.319 DBG] MeldStudio Settings :: Time to save 14.1165ms
[2026-04-09 04:47:24.332 DBG] Credits :: Time to save 13.882ms
[2026-04-09 04:47:24.350 DBG] Quotes :: Time to save 17.0934ms
[2026-04-09 04:47:24.415 DBG] Config :: Time to save 19.3119ms
[2026-04-09 04:48:15.269 DBG] ViewerRepo :: UpdatePresence(twitch, 5), 0.0378ms
[2026-04-09 04:48:15.361 DBG] TwitchService :: Presence Timer :: Artificially updated presence with a threshold of 5 minutes (91.8628ms)
[2026-04-09 04:49:15.275 DBG] ViewerRepo :: UpdatePresence(twitch, 5), 0.0355ms
[2026-04-09 04:49:15.347 DBG] TwitchService :: Presence Timer :: Artificially updated presence with a threshold of 5 minutes (73.2594ms)
[2026-04-09 04:50:15.280 DBG] ViewerRepo :: UpdatePresence(twitch, 5), 0.0435ms
[2026-04-09 04:50:15.337 DBG] TwitchService :: Presence Timer :: Artificially updated presence with a threshold of 5 minutes (57.2762ms)
[2026-04-09 04:51:15.291 DBG] ViewerRepo :: UpdatePresence(twitch, 5), 0.0356ms
[2026-04-09 04:51:15.346 DBG] TwitchService :: Presence Timer :: Artificially updated presence with a threshold of 5 minutes (55.5187ms)
[2026-04-09 04:52:03.974 DBG] Credits :: Time to save 17.5458ms
[2026-04-09 04:52:15.305 DBG] ViewerRepo :: UpdatePresence(twitch, 5), 0.0371ms
[2026-04-09 04:52:15.360 DBG] TwitchService :: Presence Timer :: Artificially updated presence with a threshold of 5 minutes (55.4428ms)
[2026-04-09 04:52:24.438 DBG] AutoSave :: Auto saving settings...
[2026-04-09 04:52:24.458 DBG] Users :: Time to save 20.1536ms
[2026-04-09 04:52:24.482 DBG] Actions :: Time to save 24.2357ms
[2026-04-09 04:52:24.499 DBG] Commands :: Time to save 16.2145ms
[2026-04-09 04:52:24.516 DBG] Twitch Rewards :: Time to save 17.3563ms
[2026-04-09 04:52:24.530 DBG] Midi :: Time to save 13.9475ms
[2026-04-09 04:52:24.545 DBG] OBS Settings :: Time to save 14.3432ms
[2026-04-09 04:52:24.558 DBG] MeldStudio Settings :: Time to save 14.3398ms
[2026-04-09 04:52:24.574 DBG] Credits :: Time to save 15.0594ms
[2026-04-09 04:52:24.593 DBG] Quotes :: Time to save 18.5046ms
[2026-04-09 04:52:24.675 DBG] Config :: Time to save 19.7819ms
[2026-04-09 04:53:15.318 DBG] ViewerRepo :: UpdatePresence(twitch, 5), 0.0384ms
[2026-04-09 04:53:15.371 DBG] TwitchService :: Presence Timer :: Artificially updated presence with a threshold of 5 minutes (53.1785ms)
[2026-04-09 04:54:15.319 DBG] ViewerRepo :: UpdatePresence(twitch, 5), 0.0415ms
[2026-04-09 04:54:15.374 DBG] TwitchService :: Presence Timer :: Artificially updated presence with a threshold of 5 minutes (55.9648ms)
[2026-04-09 04:55:15.321 DBG] ViewerRepo :: UpdatePresence(twitch, 5), 0.0365ms
[2026-04-09 04:55:15.381 DBG] TwitchService :: Presence Timer :: Artificially updated presence with a threshold of 5 minutes (61.2263ms)
[2026-04-09 04:56:15.331 DBG] ViewerRepo :: UpdatePresence(twitch, 5), 0.0394ms
[2026-04-09 04:56:15.388 DBG] TwitchService :: Presence Timer :: Artificially updated presence with a threshold of 5 minutes (58.265ms)
[2026-04-09 04:57:03.978 DBG] Credits :: Time to save 15.9941ms
[2026-04-09 04:57:15.357 DBG] ViewerRepo :: UpdatePresence(twitch, 5), 0.0409ms
[2026-04-09 04:57:15.412 DBG] TwitchService :: Presence Timer :: Artificially updated presence with a threshold of 5 minutes (55.8762ms)
[2026-04-09 04:57:17.481 DBG] ActionDispatcher :: Queueing 'Sub Goal' (361aa588-5f31-4e19-b8a5-099cae52479d, TimedAction) to 'Default' (00000000-0000-0000-0000-000000000000), with 11 arguments
[2026-04-09 04:57:17.481 DBG] ActionQueue :: 'Default' (00000000-0000-0000-0000-000000000000) :: Enqueue action 361aa588-5f31-4e19-b8a5-099cae52479d
[2026-04-09 04:57:17.481 DBG] ActionQueue :: 'Default' (00000000-0000-0000-0000-000000000000) :: Handling queue
[2026-04-09 04:57:17.481 DBG] ActionQueue :: 'Default' (00000000-0000-0000-0000-000000000000) :: Performing non-blocking 'Sub Goal' (361aa588-5f31-4e19-b8a5-099cae52479d, 53fde628-7a53-4bfc-8344-677a9b30bb5c)
[2026-04-09 04:57:24.682 DBG] AutoSave :: Auto saving settings...
[2026-04-09 04:57:24.701 DBG] Users :: Time to save 19.4566ms
[2026-04-09 04:57:24.726 DBG] Actions :: Time to save 23.9956ms
[2026-04-09 04:57:24.742 DBG] Commands :: Time to save 16.506ms
[2026-04-09 04:57:24.757 DBG] Twitch Rewards :: Time to save 15.4121ms
[2026-04-09 04:57:24.772 DBG] Midi :: Time to save 13.9504ms
[2026-04-09 04:57:24.786 DBG] OBS Settings :: Time to save 14.1126ms
[2026-04-09 04:57:24.800 DBG] MeldStudio Settings :: Time to save 14.3226ms
[2026-04-09 04:57:24.815 DBG] Credits :: Time to save 14.2962ms
[2026-04-09 04:57:24.832 DBG] Quotes :: Time to save 17.2057ms
[2026-04-09 04:57:24.902 DBG] Config :: Time to save 18.4949ms
[2026-04-09 04:58:15.374 DBG] ViewerRepo :: UpdatePresence(twitch, 5), 0.0425ms
[2026-04-09 04:58:15.427 DBG] TwitchService :: Presence Timer :: Artificially updated presence with a threshold of 5 minutes (54.1398ms)
[2026-04-09 04:59:15.376 DBG] ViewerRepo :: UpdatePresence(twitch, 5), 0.0399ms
[2026-04-09 04:59:15.433 DBG] TwitchService :: Presence Timer :: Artificially updated presence with a threshold of 5 minutes (56.0229ms)
[2026-04-09 05:00:15.386 DBG] ViewerRepo :: UpdatePresence(twitch, 5), 0.0379ms
[2026-04-09 05:00:15.442 DBG] TwitchService :: Presence Timer :: Artificially updated presence with a threshold of 5 minutes (56.8232ms)
[2026-04-09 05:01:15.405 DBG] ViewerRepo :: UpdatePresence(twitch, 5), 0.0348ms
[2026-04-09 05:01:15.459 DBG] TwitchService :: Presence Timer :: Artificially updated presence with a threshold of 5 minutes (54.6188ms)
[2026-04-09 05:01:54.887 DBG] Streamer.bot Website Socket :: Disconnected
[2026-04-09 05:01:54.887 INF] Streamer.bot Service :: Disconnected from Website Client
[2026-04-09 05:01:56.893 DBG] Streamer.bot Service :: Retrying website client connection
[2026-04-09 05:01:56.893 INF] Streamer.bot Service :: Connecting to Website Client
[2026-04-09 05:01:56.893 DBG] Streamer.bot Website Socket :: Opening connection
[2026-04-09 05:01:57.205 INF] Streamer.bot Service :: Website Client authenticated
[2026-04-09 05:01:57.205 INF] Streamer.bot Service :: Connected to Website Client
[2026-04-09 05:02:03.996 DBG] Credits :: Time to save 16.084ms
[2026-04-09 05:02:15.416 DBG] ViewerRepo :: UpdatePresence(twitch, 5), 0.039ms
[2026-04-09 05:02:15.469 DBG] TwitchService :: Presence Timer :: Artificially updated presence with a threshold of 5 minutes (52.7812ms)
[2026-04-09 05:02:24.939 DBG] AutoSave :: Auto saving settings...
[2026-04-09 05:02:24.957 DBG] Users :: Time to save 18.9166ms
[2026-04-09 05:02:24.981 DBG] Actions :: Time to save 23.3862ms
[2026-04-09 05:02:24.995 DBG] Commands :: Time to save 14.094ms
[2026-04-09 05:02:25.010 DBG] Twitch Rewards :: Time to save 15.0541ms
[2026-04-09 05:02:25.024 DBG] Midi :: Time to save 13.5971ms
[2026-04-09 05:02:25.038 DBG] OBS Settings :: Time to save 14.9225ms
[2026-04-09 05:02:25.052 DBG] MeldStudio Settings :: Time to save 14.648ms
[2026-04-09 05:02:25.067 DBG] Credits :: Time to save 14.5523ms
[2026-04-09 05:02:25.086 DBG] Quotes :: Time to save 17.38ms
[2026-04-09 05:02:25.173 DBG] Config :: Time to save 18.895ms
[2026-04-09 05:02:45.251 DBG] Twitch EventSub (Broadcaster) :: Disconnected
[2026-04-09 05:02:45.251 INF] TwitchService :: Disconnected from Broadcaster EventSub
[2026-04-09 05:02:47.267 DBG] TwitchService :: Retrying broadcaster EventSub connection
[2026-04-09 05:02:47.267 INF] TwitchService :: Connecting to Broadcaster EventSub
[2026-04-09 05:02:47.267 DBG] Twitch EventSub (Broadcaster) :: Opening connection
[2026-04-09 05:02:47.482 DBG] Twitch EventSub (Broadcaster) :: Subscribing to 56 events
[2026-04-09 05:02:56.667 INF] TwitchService :: Connected to Broadcaster EventSub, and authenticated
[2026-04-09 05:03:15.436 DBG] ViewerRepo :: UpdatePresence(twitch, 5), 0.0407ms
[2026-04-09 05:03:15.489 DBG] TwitchService :: Presence Timer :: Artificially updated presence with a threshold of 5 minutes (53.9049ms)
[2026-04-09 05:04:15.447 DBG] ViewerRepo :: UpdatePresence(twitch, 5), 0.0368ms
[2026-04-09 05:04:15.504 DBG] TwitchService :: Presence Timer :: Artificially updated presence with a threshold of 5 minutes (57.091ms)
[2026-04-09 05:05:15.458 DBG] ViewerRepo :: UpdatePresence(twitch, 5), 0.0354ms
[2026-04-09 05:05:15.515 DBG] TwitchService :: Presence Timer :: Artificially updated presence with a threshold of 5 minutes (58.1741ms)
[2026-04-09 05:06:15.468 DBG] ViewerRepo :: UpdatePresence(twitch, 5), 0.0397ms
[2026-04-09 05:06:15.523 DBG] TwitchService :: Presence Timer :: Artificially updated presence with a threshold of 5 minutes (54.9872ms)
[2026-04-09 05:07:04.012 DBG] Credits :: Time to save 17.219ms
[2026-04-09 05:07:15.474 DBG] ViewerRepo :: UpdatePresence(twitch, 5), 0.0364ms
[2026-04-09 05:07:15.529 DBG] TwitchService :: Presence Timer :: Artificially updated presence with a threshold of 5 minutes (56.116ms)
[2026-04-09 05:07:17.676 DBG] ActionDispatcher :: Queueing 'Sub Goal' (361aa588-5f31-4e19-b8a5-099cae52479d, TimedAction) to 'Default' (00000000-0000-0000-0000-000000000000), with 11 arguments
[2026-04-09 05:07:17.676 DBG] ActionQueue :: 'Default' (00000000-0000-0000-0000-000000000000) :: Enqueue action 361aa588-5f31-4e19-b8a5-099cae52479d
[2026-04-09 05:07:17.676 DBG] ActionQueue :: 'Default' (00000000-0000-0000-0000-000000000000) :: Handling queue
[2026-04-09 05:07:17.676 DBG] ActionQueue :: 'Default' (00000000-0000-0000-0000-000000000000) :: Performing non-blocking 'Sub Goal' (361aa588-5f31-4e19-b8a5-099cae52479d, 19dbacab-54f0-4714-adba-332447bc777b)
[2026-04-09 05:07:25.216 DBG] AutoSave :: Auto saving settings...
[2026-04-09 05:07:25.234 DBG] Users :: Time to save 18.0009ms
[2026-04-09 05:07:25.257 DBG] Actions :: Time to save 23.0678ms
[2026-04-09 05:07:25.274 DBG] Commands :: Time to save 16.7584ms
[2026-04-09 05:07:25.290 DBG] Twitch Rewards :: Time to save 16.4078ms
[2026-04-09 05:07:25.305 DBG] Midi :: Time to save 14.416ms
[2026-04-09 05:07:25.319 DBG] OBS Settings :: Time to save 13.9155ms
[2026-04-09 05:07:25.334 DBG] MeldStudio Settings :: Time to save 14.7625ms
[2026-04-09 05:07:25.347 DBG] Credits :: Time to save 13.9284ms
[2026-04-09 05:07:25.367 DBG] Quotes :: Time to save 19.4844ms
[2026-04-09 05:07:25.436 DBG] Config :: Time to save 18.1131ms
[2026-04-09 05:08:15.481 DBG] ViewerRepo :: UpdatePresence(twitch, 5), 0.0464ms
[2026-04-09 05:08:15.535 DBG] TwitchService :: Presence Timer :: Artificially updated presence with a threshold of 5 minutes (54.4737ms)
[2026-04-09 05:09:15.497 DBG] ViewerRepo :: UpdatePresence(twitch, 5), 0.0378ms
[2026-04-09 05:09:15.552 DBG] TwitchService :: Presence Timer :: Artificially updated presence with a threshold of 5 minutes (56.3927ms)
[2026-04-09 05:10:15.510 DBG] ViewerRepo :: UpdatePresence(twitch, 5), 0.0362ms
[2026-04-09 05:10:15.565 DBG] TwitchService :: Presence Timer :: Artificially updated presence with a threshold of 5 minutes (54.6424ms)
[2026-04-09 05:11:15.521 DBG] ViewerRepo :: UpdatePresence(twitch, 5), 0.0372ms
[2026-04-09 05:11:15.582 DBG] TwitchService :: Presence Timer :: Artificially updated presence with a threshold of 5 minutes (60.705ms)
[2026-04-09 05:12:04.017 DBG] Credits :: Time to save 14.5091ms
[2026-04-09 05:12:15.535 DBG] ViewerRepo :: UpdatePresence(twitch, 5), 0.0564ms
[2026-04-09 05:12:15.589 DBG] TwitchService :: Presence Timer :: Artificially updated presence with a threshold of 5 minutes (54.583ms)
[2026-04-09 05:12:18.552 DBG] StreamElements Socket :: Disconnected
[2026-04-09 05:12:18.552 INF] StreamElements Service :: Disconnected from Client
[2026-04-09 05:12:20.562 DBG] StreamElements Service :: Retrying client connection
[2026-04-09 05:12:20.562 INF] StreamElements Service :: Connecting to Client
[2026-04-09 05:12:20.562 DBG] StreamElements Socket :: Opening connection
[2026-04-09 05:12:20.837 INF] StreamElements Service :: Connected to Client
[2026-04-09 05:12:23.510 ERR] StreamElements Socket :: Tried to send message to StreamElements, connection is not open. 2
[2026-04-09 05:12:25.459 DBG] AutoSave :: Auto saving settings...
[2026-04-09 05:12:25.475 DBG] Users :: Time to save 15.349ms
[2026-04-09 05:12:25.499 DBG] Actions :: Time to save 23.915ms
[2026-04-09 05:12:25.515 DBG] Commands :: Time to save 16.8024ms
[2026-04-09 05:12:25.531 DBG] Twitch Rewards :: Time to save 16.2905ms
[2026-04-09 05:12:25.545 DBG] Midi :: Time to save 13.9338ms
[2026-04-09 05:12:25.560 DBG] OBS Settings :: Time to save 14.0605ms
[2026-04-09 05:12:25.574 DBG] MeldStudio Settings :: Time to save 14.0718ms
[2026-04-09 05:12:25.588 DBG] Credits :: Time to save 14.2454ms
[2026-04-09 05:12:25.604 DBG] Quotes :: Time to save 16.4057ms
[2026-04-09 05:12:25.679 DBG] Config :: Time to save 18.1465ms
[2026-04-09 05:13:15.549 DBG] ViewerRepo :: UpdatePresence(twitch, 5), 0.0367ms
[2026-04-09 05:13:15.602 DBG] TwitchService :: Presence Timer :: Artificially updated presence with a threshold of 5 minutes (53.64ms)
[2026-04-09 05:14:15.562 DBG] ViewerRepo :: UpdatePresence(twitch, 5), 0.0364ms
[2026-04-09 05:14:15.618 DBG] TwitchService :: Presence Timer :: Artificially updated presence with a threshold of 5 minutes (56.4102ms)
[2026-04-09 05:15:15.565 DBG] ViewerRepo :: UpdatePresence(twitch, 5), 0.0365ms
[2026-04-09 05:15:15.616 DBG] TwitchService :: Presence Timer :: Artificially updated presence with a threshold of 5 minutes (51.4223ms)
[2026-04-09 05:16:15.571 DBG] ViewerRepo :: UpdatePresence(twitch, 5), 0.0347ms
[2026-04-09 05:16:15.635 DBG] TwitchService :: Presence Timer :: Artificially updated presence with a threshold of 5 minutes (63.5922ms)
[2026-04-09 05:17:04.024 DBG] Credits :: Time to save 19.8878ms
[2026-04-09 05:17:15.587 DBG] ViewerRepo :: UpdatePresence(twitch, 5), 0.038ms
[2026-04-09 05:17:15.642 DBG] TwitchService :: Presence Timer :: Artificially updated presence with a threshold of 5 minutes (55.2262ms)
[2026-04-09 05:17:18.181 DBG] ActionDispatcher :: Queueing 'Sub Goal' (361aa588-5f31-4e19-b8a5-099cae52479d, TimedAction) to 'Default' (00000000-0000-0000-0000-000000000000), with 11 arguments
[2026-04-09 05:17:18.181 DBG] ActionQueue :: 'Default' (00000000-0000-0000-0000-000000000000) :: Enqueue action 361aa588-5f31-4e19-b8a5-099cae52479d
[2026-04-09 05:17:18.181 DBG] ActionQueue :: 'Default' (00000000-0000-0000-0000-000000000000) :: Handling queue
[2026-04-09 05:17:18.181 DBG] ActionQueue :: 'Default' (00000000-0000-0000-0000-000000000000) :: Performing non-blocking 'Sub Goal' (361aa588-5f31-4e19-b8a5-099cae52479d, e0447466-a32a-43b4-8372-31045573acab)
[2026-04-09 05:17:25.714 DBG] AutoSave :: Auto saving settings...
[2026-04-09 05:17:25.732 DBG] Users :: Time to save 18.1759ms
[2026-04-09 05:17:25.757 DBG] Actions :: Time to save 25.5881ms
[2026-04-09 05:17:25.774 DBG] Commands :: Time to save 16.6674ms
[2026-04-09 05:17:25.791 DBG] Twitch Rewards :: Time to save 16.9825ms
[2026-04-09 05:17:25.803 DBG] Midi :: Time to save 10.8348ms
[2026-04-09 05:17:25.818 DBG] OBS Settings :: Time to save 14.9091ms
[2026-04-09 05:17:25.832 DBG] MeldStudio Settings :: Time to save 14.9972ms
[2026-04-09 05:17:25.847 DBG] Credits :: Time to save 14.7323ms
[2026-04-09 05:17:25.864 DBG] Quotes :: Time to save 17.0614ms
[2026-04-09 05:17:25.935 DBG] Config :: Time to save 19.7844ms
[2026-04-09 05:18:15.599 DBG] ViewerRepo :: UpdatePresence(twitch, 5), 0.0365ms
[2026-04-09 05:18:15.654 DBG] TwitchService :: Presence Timer :: Artificially updated presence with a threshold of 5 minutes (55.2534ms)
[2026-04-09 05:19:15.602 DBG] ViewerRepo :: UpdatePresence(twitch, 5), 0.0379ms
[2026-04-09 05:19:15.657 DBG] TwitchService :: Presence Timer :: Artificially updated presence with a threshold of 5 minutes (55.2913ms)
[2026-04-09 05:20:15.606 DBG] ViewerRepo :: UpdatePresence(twitch, 5), 0.0372ms
[2026-04-09 05:20:15.665 DBG] TwitchService :: Presence Timer :: Artificially updated presence with a threshold of 5 minutes (59.2188ms)
[2026-04-09 05:21:15.624 DBG] ViewerRepo :: UpdatePresence(twitch, 5), 0.0378ms
[2026-04-09 05:21:15.679 DBG] TwitchService :: Presence Timer :: Artificially updated presence with a threshold of 5 minutes (56.239ms)
[2026-04-09 05:22:04.046 DBG] Credits :: Time to save 16.5134ms
[2026-04-09 05:22:15.635 DBG] ViewerRepo :: UpdatePresence(twitch, 5), 0.051ms
[2026-04-09 05:22:15.687 DBG] TwitchService :: Presence Timer :: Artificially updated presence with a threshold of 5 minutes (53.2807ms)
[2026-04-09 05:22:25.957 DBG] AutoSave :: Auto saving settings...
[2026-04-09 05:22:25.974 DBG] Users :: Time to save 17.8137ms
[2026-04-09 05:22:25.999 DBG] Actions :: Time to save 24.0661ms
[2026-04-09 05:22:26.014 DBG] Commands :: Time to save 16.2495ms
[2026-04-09 05:22:26.031 DBG] Twitch Rewards :: Time to save 16.6388ms
[2026-04-09 05:22:26.046 DBG] Midi :: Time to save 14.4868ms
[2026-04-09 05:22:26.060 DBG] OBS Settings :: Time to save 14.8316ms
[2026-04-09 05:22:26.075 DBG] MeldStudio Settings :: Time to save 14.9053ms
[2026-04-09 05:22:26.087 DBG] Credits :: Time to save 11.2205ms
[2026-04-09 05:22:26.104 DBG] Quotes :: Time to save 16.6368ms
[2026-04-09 05:22:26.178 DBG] Config :: Time to save 17.7987ms
[2026-04-09 05:23:15.642 DBG] ViewerRepo :: UpdatePresence(twitch, 5), 0.0388ms
[2026-04-09 05:23:15.699 DBG] TwitchService :: Presence Timer :: Artificially updated presence with a threshold of 5 minutes (57.5276ms)
[2026-04-09 05:24:15.644 DBG] ViewerRepo :: UpdatePresence(twitch, 5), 0.0357ms
[2026-04-09 05:24:15.702 DBG] TwitchService :: Presence Timer :: Artificially updated presence with a threshold of 5 minutes (57.7333ms)
[2026-04-09 05:25:15.658 DBG] ViewerRepo :: UpdatePresence(twitch, 5), 0.0393ms
[2026-04-09 05:25:15.710 DBG] TwitchService :: Presence Timer :: Artificially updated presence with a threshold of 5 minutes (51.9992ms)
[2026-04-09 05:26:15.672 DBG] ViewerRepo :: UpdatePresence(twitch, 5), 0.0362ms
[2026-04-09 05:26:15.725 DBG] TwitchService :: Presence Timer :: Artificially updated presence with a threshold of 5 minutes (53.4758ms)
[2026-04-09 05:27:04.056 DBG] Credits :: Time to save 15.1471ms
[2026-04-09 05:27:15.681 DBG] ViewerRepo :: UpdatePresence(twitch, 5), 0.0364ms
[2026-04-09 05:27:15.738 DBG] TwitchService :: Presence Timer :: Artificially updated presence with a threshold of 5 minutes (57.4503ms)
[2026-04-09 05:27:18.430 DBG] ActionDispatcher :: Queueing 'Sub Goal' (361aa588-5f31-4e19-b8a5-099cae52479d, TimedAction) to 'Default' (00000000-0000-0000-0000-000000000000), with 11 arguments
[2026-04-09 05:27:18.430 DBG] ActionQueue :: 'Default' (00000000-0000-0000-0000-000000000000) :: Enqueue action 361aa588-5f31-4e19-b8a5-099cae52479d
[2026-04-09 05:27:18.430 DBG] ActionQueue :: 'Default' (00000000-0000-0000-0000-000000000000) :: Handling queue
[2026-04-09 05:27:18.430 DBG] ActionQueue :: 'Default' (00000000-0000-0000-0000-000000000000) :: Performing non-blocking 'Sub Goal' (361aa588-5f31-4e19-b8a5-099cae52479d, e89e8d87-862e-468a-a205-c427b6dcf0fc)
[2026-04-09 05:27:26.217 DBG] AutoSave :: Auto saving settings...
[2026-04-09 05:27:26.236 DBG] Users :: Time to save 18.7662ms
[2026-04-09 05:27:26.263 DBG] Actions :: Time to save 27.0969ms
[2026-04-09 05:27:26.279 DBG] Commands :: Time to save 16.6164ms
[2026-04-09 05:27:26.295 DBG] Twitch Rewards :: Time to save 15.7742ms
[2026-04-09 05:27:26.308 DBG] Midi :: Time to save 13.5098ms
[2026-04-09 05:27:26.325 DBG] OBS Settings :: Time to save 15.9706ms
[2026-04-09 05:27:26.340 DBG] MeldStudio Settings :: Time to save 15.0572ms
[2026-04-09 05:27:26.353 DBG] Credits :: Time to save 12.332ms
[2026-04-09 05:27:26.365 DBG] Quotes :: Time to save 12.1707ms
[2026-04-09 05:27:26.452 DBG] Config :: Time to save 19.9802ms
[2026-04-09 05:28:15.692 DBG] ViewerRepo :: UpdatePresence(twitch, 5), 0.0361ms
[2026-04-09 05:28:15.744 DBG] TwitchService :: Presence Timer :: Artificially updated presence with a threshold of 5 minutes (52.7838ms)
[2026-04-09 05:29:15.705 DBG] ViewerRepo :: UpdatePresence(twitch, 5), 0.0379ms
[2026-04-09 05:29:15.759 DBG] TwitchService :: Presence Timer :: Artificially updated presence with a threshold of 5 minutes (54.0758ms)
[2026-04-09 05:30:15.713 DBG] ViewerRepo :: UpdatePresence(twitch, 5), 0.039ms
[2026-04-09 05:30:15.766 DBG] TwitchService :: Presence Timer :: Artificially updated presence with a threshold of 5 minutes (53.7204ms)
[2026-04-09 05:31:15.720 DBG] ViewerRepo :: UpdatePresence(twitch, 5), 0.0409ms
[2026-04-09 05:31:15.778 DBG] TwitchService :: Presence Timer :: Artificially updated presence with a threshold of 5 minutes (58.5067ms)
[2026-04-09 05:32:04.068 DBG] Credits :: Time to save 17.7752ms
[2026-04-09 05:32:15.736 DBG] ViewerRepo :: UpdatePresence(twitch, 5), 0.0366ms
[2026-04-09 05:32:15.789 DBG] TwitchService :: Presence Timer :: Artificially updated presence with a threshold of 5 minutes (53.0091ms)
[2026-04-09 05:32:26.455 DBG] AutoSave :: Auto saving settings...
[2026-04-09 05:32:26.474 DBG] Users :: Time to save 19.4432ms
[2026-04-09 05:32:26.499 DBG] Actions :: Time to save 24.6447ms
[2026-04-09 05:32:26.516 DBG] Commands :: Time to save 17.4257ms
[2026-04-09 05:32:26.534 DBG] Twitch Rewards :: Time to save 17.2326ms
[2026-04-09 05:32:26.547 DBG] Midi :: Time to save 13.827ms
[2026-04-09 05:32:26.562 DBG] OBS Settings :: Time to save 15.0049ms
[2026-04-09 05:32:26.581 DBG] MeldStudio Settings :: Time to save 17.8235ms
[2026-04-09 05:32:26.594 DBG] Credits :: Time to save 13.9593ms
[2026-04-09 05:32:26.613 DBG] Quotes :: Time to save 17.7383ms
[2026-04-09 05:32:26.677 DBG] Config :: Time to save 19.4953ms
[2026-04-09 05:33:15.740 DBG] ViewerRepo :: UpdatePresence(twitch, 5), 0.036ms
[2026-04-09 05:33:15.796 DBG] TwitchService :: Presence Timer :: Artificially updated presence with a threshold of 5 minutes (55.6097ms)
[2026-04-09 05:34:15.756 DBG] ViewerRepo :: UpdatePresence(twitch, 5), 0.0391ms
[2026-04-09 05:34:15.808 DBG] TwitchService :: Presence Timer :: Artificially updated presence with a threshold of 5 minutes (53.0851ms)
[2026-04-09 05:35:15.770 DBG] ViewerRepo :: UpdatePresence(twitch, 5), 0.0353ms
[2026-04-09 05:35:15.827 DBG] TwitchService :: Presence Timer :: Artificially updated presence with a threshold of 5 minutes (57.0643ms)
[2026-04-09 05:36:15.786 DBG] ViewerRepo :: UpdatePresence(twitch, 5), 0.0393ms
[2026-04-09 05:36:15.842 DBG] TwitchService :: Presence Timer :: Artificially updated presence with a threshold of 5 minutes (55.9471ms)
[2026-04-09 05:37:04.077 DBG] Credits :: Time to save 16.5347ms
[2026-04-09 05:37:15.811 DBG] ViewerRepo :: UpdatePresence(twitch, 5), 0.0363ms
[2026-04-09 05:37:15.866 DBG] TwitchService :: Presence Timer :: Artificially updated presence with a threshold of 5 minutes (54.9869ms)
[2026-04-09 05:37:18.996 DBG] ActionDispatcher :: Queueing 'Sub Goal' (361aa588-5f31-4e19-b8a5-099cae52479d, TimedAction) to 'Default' (00000000-0000-0000-0000-000000000000), with 11 arguments
[2026-04-09 05:37:18.996 DBG] ActionQueue :: 'Default' (00000000-0000-0000-0000-000000000000) :: Enqueue action 361aa588-5f31-4e19-b8a5-099cae52479d
[2026-04-09 05:37:18.996 DBG] ActionQueue :: 'Default' (00000000-0000-0000-0000-000000000000) :: Handling queue
[2026-04-09 05:37:18.996 DBG] ActionQueue :: 'Default' (00000000-0000-0000-0000-000000000000) :: Performing non-blocking 'Sub Goal' (361aa588-5f31-4e19-b8a5-099cae52479d, 0c8e52fe-96be-4ec2-a67e-0fb7e7db6cc9)
[2026-04-09 05:37:26.704 DBG] AutoSave :: Auto saving settings...
[2026-04-09 05:37:26.723 DBG] Users :: Time to save 18.8238ms
[2026-04-09 05:37:26.747 DBG] Actions :: Time to save 24.1657ms
[2026-04-09 05:37:26.765 DBG] Commands :: Time to save 17.7651ms
[2026-04-09 05:37:26.781 DBG] Twitch Rewards :: Time to save 16.291ms
[2026-04-09 05:37:26.794 DBG] Midi :: Time to save 13.4951ms
[2026-04-09 05:37:26.808 DBG] OBS Settings :: Time to save 14.5727ms
[2026-04-09 05:37:26.823 DBG] MeldStudio Settings :: Time to save 14.3153ms
[2026-04-09 05:37:26.837 DBG] Credits :: Time to save 14.3725ms
[2026-04-09 05:37:26.856 DBG] Quotes :: Time to save 17.7035ms
[2026-04-09 05:37:26.929 DBG] Config :: Time to save 19.0983ms
[2026-04-09 05:38:15.819 DBG] ViewerRepo :: UpdatePresence(twitch, 5), 0.0463ms
[2026-04-09 05:38:15.875 DBG] TwitchService :: Presence Timer :: Artificially updated presence with a threshold of 5 minutes (55.8002ms)
[2026-04-09 05:39:15.834 DBG] ViewerRepo :: UpdatePresence(twitch, 5), 0.0376ms
[2026-04-09 05:39:15.890 DBG] TwitchService :: Presence Timer :: Artificially updated presence with a threshold of 5 minutes (56.2757ms)
[2026-04-09 05:40:15.840 DBG] ViewerRepo :: UpdatePresence(twitch, 5), 0.0414ms
[2026-04-09 05:40:15.894 DBG] TwitchService :: Presence Timer :: Artificially updated presence with a threshold of 5 minutes (54.427ms)
[2026-04-09 05:41:15.846 DBG] ViewerRepo :: UpdatePresence(twitch, 5), 0.0439ms
[2026-04-09 05:41:15.901 DBG] TwitchService :: Presence Timer :: Artificially updated presence with a threshold of 5 minutes (55.2862ms)
[2026-04-09 05:42:04.091 DBG] Credits :: Time to save 16.1073ms
[2026-04-09 05:42:15.847 DBG] ViewerRepo :: UpdatePresence(twitch, 5), 0.0358ms
[2026-04-09 05:42:15.903 DBG] TwitchService :: Presence Timer :: Artificially updated presence with a threshold of 5 minutes (55.8874ms)
[2026-04-09 05:42:26.942 DBG] AutoSave :: Auto saving settings...
[2026-04-09 05:42:26.962 DBG] Users :: Time to save 19.6686ms
[2026-04-09 05:42:26.986 DBG] Actions :: Time to save 23.7939ms
[2026-04-09 05:42:27.002 DBG] Commands :: Time to save 16.5461ms
[2026-04-09 05:42:27.020 DBG] Twitch Rewards :: Time to save 16.9679ms
[2026-04-09 05:42:27.034 DBG] Midi :: Time to save 13.8884ms
[2026-04-09 05:42:27.047 DBG] OBS Settings :: Time to save 14.7604ms
[2026-04-09 05:42:27.064 DBG] MeldStudio Settings :: Time to save 15.4639ms
[2026-04-09 05:42:27.079 DBG] Credits :: Time to save 14.5711ms
[2026-04-09 05:42:27.096 DBG] Quotes :: Time to save 17.0743ms
[2026-04-09 05:42:27.163 DBG] Config :: Time to save 17.8956ms
[2026-04-09 05:43:15.856 DBG] ViewerRepo :: UpdatePresence(twitch, 5), 0.0359ms
[2026-04-09 05:43:15.912 DBG] TwitchService :: Presence Timer :: Artificially updated presence with a threshold of 5 minutes (55.464ms)
[2026-04-09 05:44:15.862 DBG] ViewerRepo :: UpdatePresence(twitch, 5), 0.0456ms
[2026-04-09 05:44:15.915 DBG] TwitchService :: Presence Timer :: Artificially updated presence with a threshold of 5 minutes (53.3604ms)
[2026-04-09 05:45:15.876 DBG] ViewerRepo :: UpdatePresence(twitch, 5), 0.0355ms
[2026-04-09 05:45:15.931 DBG] TwitchService :: Presence Timer :: Artificially updated presence with a threshold of 5 minutes (55.9479ms)
[2026-04-09 05:46:15.891 DBG] ViewerRepo :: UpdatePresence(twitch, 5), 0.0372ms
[2026-04-09 05:46:15.975 DBG] TwitchService :: Presence Timer :: Artificially updated presence with a threshold of 5 minutes (84.6168ms)
[2026-04-09 05:47:04.097 DBG] Credits :: Time to save 16.4059ms
[2026-04-09 05:47:15.901 DBG] ViewerRepo :: UpdatePresence(twitch, 5), 0.0502ms
[2026-04-09 05:47:16.396 DBG] TwitchService :: Presence Timer :: Artificially updated presence with a threshold of 5 minutes (495.3027ms)
[2026-04-09 05:47:19.555 DBG] ActionDispatcher :: Queueing 'Sub Goal' (361aa588-5f31-4e19-b8a5-099cae52479d, TimedAction) to 'Default' (00000000-0000-0000-0000-000000000000), with 11 arguments
[2026-04-09 05:47:19.555 DBG] ActionQueue :: 'Default' (00000000-0000-0000-0000-000000000000) :: Enqueue action 361aa588-5f31-4e19-b8a5-099cae52479d
[2026-04-09 05:47:19.555 DBG] ActionQueue :: 'Default' (00000000-0000-0000-0000-000000000000) :: Handling queue
[2026-04-09 05:47:19.555 DBG] ActionQueue :: 'Default' (00000000-0000-0000-0000-000000000000) :: Performing non-blocking 'Sub Goal' (361aa588-5f31-4e19-b8a5-099cae52479d, 1a47b07f-e8e1-4dc7-937f-303e28be2fbf)
[2026-04-09 05:47:27.216 DBG] AutoSave :: Auto saving settings...
[2026-04-09 05:47:27.235 DBG] Users :: Time to save 19.2206ms
[2026-04-09 05:47:27.261 DBG] Actions :: Time to save 25.4958ms
[2026-04-09 05:47:27.278 DBG] Commands :: Time to save 17.5366ms
[2026-04-09 05:47:27.291 DBG] Twitch Rewards :: Time to save 13.2467ms
[2026-04-09 05:47:27.306 DBG] Midi :: Time to save 13.9402ms
[2026-04-09 05:47:27.317 DBG] OBS Settings :: Time to save 12.2431ms
[2026-04-09 05:47:27.332 DBG] MeldStudio Settings :: Time to save 14.5738ms
[2026-04-09 05:47:27.346 DBG] Credits :: Time to save 13.8386ms
[2026-04-09 05:47:27.364 DBG] Quotes :: Time to save 16.8709ms
[2026-04-09 05:47:27.437 DBG] Config :: Time to save 19.4423ms
[2026-04-09 05:48:15.919 DBG] ViewerRepo :: UpdatePresence(twitch, 5), 0.0439ms
[2026-04-09 05:48:15.974 DBG] TwitchService :: Presence Timer :: Artificially updated presence with a threshold of 5 minutes (55.8723ms)
[2026-04-09 05:49:15.928 DBG] ViewerRepo :: UpdatePresence(twitch, 5), 0.0371ms
[2026-04-09 05:49:15.984 DBG] TwitchService :: Presence Timer :: Artificially updated presence with a threshold of 5 minutes (56.3921ms)
[2026-04-09 05:50:15.951 DBG] ViewerRepo :: UpdatePresence(twitch, 5), 0.0408ms
[2026-04-09 05:50:16.006 DBG] TwitchService :: Presence Timer :: Artificially updated presence with a threshold of 5 minutes (54.902ms)
[2026-04-09 05:51:15.968 DBG] ViewerRepo :: UpdatePresence(twitch, 5), 0.0408ms
[2026-04-09 05:51:16.023 DBG] TwitchService :: Presence Timer :: Artificially updated presence with a threshold of 5 minutes (55.0411ms)
[2026-04-09 05:52:04.106 DBG] Credits :: Time to save 18.76ms
[2026-04-09 05:52:15.975 DBG] ViewerRepo :: UpdatePresence(twitch, 5), 0.0404ms
[2026-04-09 05:52:16.034 DBG] TwitchService :: Presence Timer :: Artificially updated presence with a threshold of 5 minutes (59.3208ms)
[2026-04-09 05:52:27.456 DBG] AutoSave :: Auto saving settings...
[2026-04-09 05:52:27.475 DBG] Users :: Time to save 18.8319ms
[2026-04-09 05:52:27.500 DBG] Actions :: Time to save 25.2706ms
[2026-04-09 05:52:27.517 DBG] Commands :: Time to save 16.8086ms
[2026-04-09 05:52:27.532 DBG] Twitch Rewards :: Time to save 16.4937ms
[2026-04-09 05:52:27.547 DBG] Midi :: Time to save 13.9931ms
[2026-04-09 05:52:27.557 DBG] OBS Settings :: Time to save 10.5305ms
[2026-04-09 05:52:27.572 DBG] MeldStudio Settings :: Time to save 13.8141ms
[2026-04-09 05:52:27.586 DBG] Credits :: Time to save 13.9102ms
[2026-04-09 05:52:27.604 DBG] Quotes :: Time to save 17.595ms
[2026-04-09 05:52:27.676 DBG] Config :: Time to save 19.2836ms
[2026-04-09 05:53:15.998 DBG] ViewerRepo :: UpdatePresence(twitch, 5), 0.0378ms
[2026-04-09 05:53:16.050 DBG] TwitchService :: Presence Timer :: Artificially updated presence with a threshold of 5 minutes (51.6316ms)
[2026-04-09 05:54:16.005 DBG] ViewerRepo :: UpdatePresence(twitch, 5), 0.035ms
[2026-04-09 05:54:16.060 DBG] TwitchService :: Presence Timer :: Artificially updated presence with a threshold of 5 minutes (55.228ms)
[2026-04-09 05:55:16.014 DBG] ViewerRepo :: UpdatePresence(twitch, 5), 0.0363ms
[2026-04-09 05:55:16.065 DBG] TwitchService :: Presence Timer :: Artificially updated presence with a threshold of 5 minutes (51.2401ms)
[2026-04-09 05:56:16.022 DBG] ViewerRepo :: UpdatePresence(twitch, 5), 0.0363ms
[2026-04-09 05:56:16.077 DBG] TwitchService :: Presence Timer :: Artificially updated presence with a threshold of 5 minutes (55.1317ms)
[2026-04-09 05:57:04.113 DBG] Credits :: Time to save 16.8584ms
[2026-04-09 05:57:16.035 DBG] ViewerRepo :: UpdatePresence(twitch, 5), 0.0387ms
[2026-04-09 05:57:16.091 DBG] TwitchService :: Presence Timer :: Artificially updated presence with a threshold of 5 minutes (56.3681ms)
[2026-04-09 05:57:19.895 DBG] ActionDispatcher :: Queueing 'Sub Goal' (361aa588-5f31-4e19-b8a5-099cae52479d, TimedAction) to 'Default' (00000000-0000-0000-0000-000000000000), with 11 arguments
[2026-04-09 05:57:19.895 DBG] ActionQueue :: 'Default' (00000000-0000-0000-0000-000000000000) :: Enqueue action 361aa588-5f31-4e19-b8a5-099cae52479d
[2026-04-09 05:57:19.895 DBG] ActionQueue :: 'Default' (00000000-0000-0000-0000-000000000000) :: Handling queue
[2026-04-09 05:57:19.895 DBG] ActionQueue :: 'Default' (00000000-0000-0000-0000-000000000000) :: Performing non-blocking 'Sub Goal' (361aa588-5f31-4e19-b8a5-099cae52479d, b5eafc97-4178-4416-a055-d7c6e52d5f33)
[2026-04-09 05:57:27.697 DBG] AutoSave :: Auto saving settings...
[2026-04-09 05:57:27.715 DBG] Users :: Time to save 18.3418ms
[2026-04-09 05:57:27.741 DBG] Actions :: Time to save 25.6533ms
[2026-04-09 05:57:27.759 DBG] Commands :: Time to save 17.8467ms
[2026-04-09 05:57:27.776 DBG] Twitch Rewards :: Time to save 17.3737ms
[2026-04-09 05:57:27.790 DBG] Midi :: Time to save 13.5019ms
[2026-04-09 05:57:27.804 DBG] OBS Settings :: Time to save 14.4132ms
[2026-04-09 05:57:27.817 DBG] MeldStudio Settings :: Time to save 13.4098ms
[2026-04-09 05:57:27.827 DBG] Credits :: Time to save 10.1831ms
[2026-04-09 05:57:27.847 DBG] Quotes :: Time to save 18.2751ms
[2026-04-09 05:57:27.919 DBG] Config :: Time to save 19.1805ms
[2026-04-09 05:58:16.039 DBG] ViewerRepo :: UpdatePresence(twitch, 5), 0.0364ms
[2026-04-09 05:58:16.091 DBG] TwitchService :: Presence Timer :: Artificially updated presence with a threshold of 5 minutes (52.6278ms)
[2026-04-09 05:59:16.042 DBG] ViewerRepo :: UpdatePresence(twitch, 5), 0.0374ms
[2026-04-09 05:59:16.098 DBG] TwitchService :: Presence Timer :: Artificially updated presence with a threshold of 5 minutes (56.6332ms)
[2026-04-09 06:00:16.053 DBG] ViewerRepo :: UpdatePresence(twitch, 5), 0.0345ms
[2026-04-09 06:00:16.107 DBG] TwitchService :: Presence Timer :: Artificially updated presence with a threshold of 5 minutes (55.3402ms)
[2026-04-09 06:01:16.056 DBG] ViewerRepo :: UpdatePresence(twitch, 5), 0.0354ms
[2026-04-09 06:01:16.112 DBG] TwitchService :: Presence Timer :: Artificially updated presence with a threshold of 5 minutes (57.7269ms)
[2026-04-09 06:02:04.121 DBG] Credits :: Time to save 17.5959ms
[2026-04-09 06:02:16.071 DBG] ViewerRepo :: UpdatePresence(twitch, 5), 0.0356ms
[2026-04-09 06:02:16.122 DBG] TwitchService :: Presence Timer :: Artificially updated presence with a threshold of 5 minutes (51.7733ms)
[2026-04-09 06:02:27.951 DBG] AutoSave :: Auto saving settings...
[2026-04-09 06:02:27.968 DBG] Users :: Time to save 18.1609ms
[2026-04-09 06:02:27.994 DBG] Actions :: Time to save 25.0583ms
[2026-04-09 06:02:28.010 DBG] Commands :: Time to save 17.0178ms
[2026-04-09 06:02:28.029 DBG] Twitch Rewards :: Time to save 17.5978ms
[2026-04-09 06:02:28.042 DBG] Midi :: Time to save 13.6495ms
[2026-04-09 06:02:28.056 DBG] OBS Settings :: Time to save 14.0575ms
[2026-04-09 06:02:28.070 DBG] MeldStudio Settings :: Time to save 13.6961ms
[2026-04-09 06:02:28.084 DBG] Credits :: Time to save 13.6601ms
[2026-04-09 06:02:28.100 DBG] Quotes :: Time to save 17.2206ms
[2026-04-09 06:02:28.170 DBG] Config :: Time to save 17.969ms
[2026-04-09 06:03:16.074 DBG] ViewerRepo :: UpdatePresence(twitch, 5), 0.0357ms
[2026-04-09 06:03:16.130 DBG] TwitchService :: Presence Timer :: Artificially updated presence with a threshold of 5 minutes (55.6314ms)
[2026-04-09 06:04:16.075 DBG] ViewerRepo :: UpdatePresence(twitch, 5), 0.0357ms
[2026-04-09 06:04:16.132 DBG] TwitchService :: Presence Timer :: Artificially updated presence with a threshold of 5 minutes (57.7358ms)
[2026-04-09 06:05:16.090 DBG] ViewerRepo :: UpdatePresence(twitch, 5), 0.0374ms
[2026-04-09 06:05:16.144 DBG] TwitchService :: Presence Timer :: Artificially updated presence with a threshold of 5 minutes (54.6557ms)
[2026-04-09 06:06:16.095 DBG] ViewerRepo :: UpdatePresence(twitch, 5), 0.0357ms
[2026-04-09 06:06:16.149 DBG] TwitchService :: Presence Timer :: Artificially updated presence with a threshold of 5 minutes (53.6794ms)
[2026-04-09 06:07:04.127 DBG] Credits :: Time to save 18.4195ms
[2026-04-09 06:07:16.107 DBG] ViewerRepo :: UpdatePresence(twitch, 5), 0.0429ms
[2026-04-09 06:07:16.161 DBG] TwitchService :: Presence Timer :: Artificially updated presence with a threshold of 5 minutes (53.9002ms)
[2026-04-09 06:07:20.391 DBG] ActionDispatcher :: Queueing 'Sub Goal' (361aa588-5f31-4e19-b8a5-099cae52479d, TimedAction) to 'Default' (00000000-0000-0000-0000-000000000000), with 11 arguments
[2026-04-09 06:07:20.391 DBG] ActionQueue :: 'Default' (00000000-0000-0000-0000-000000000000) :: Enqueue action 361aa588-5f31-4e19-b8a5-099cae52479d
[2026-04-09 06:07:20.391 DBG] ActionQueue :: 'Default' (00000000-0000-0000-0000-000000000000) :: Handling queue
[2026-04-09 06:07:20.391 DBG] ActionQueue :: 'Default' (00000000-0000-0000-0000-000000000000) :: Performing non-blocking 'Sub Goal' (361aa588-5f31-4e19-b8a5-099cae52479d, 37717013-5b5e-4199-b476-5722bc46d493)
[2026-04-09 06:07:28.204 DBG] AutoSave :: Auto saving settings...
[2026-04-09 06:07:28.223 DBG] Users :: Time to save 19.3234ms
[2026-04-09 06:07:28.247 DBG] Actions :: Time to save 24.7683ms
[2026-04-09 06:07:28.264 DBG] Commands :: Time to save 16.318ms
[2026-04-09 06:07:28.281 DBG] Twitch Rewards :: Time to save 16.6338ms
[2026-04-09 06:07:28.295 DBG] Midi :: Time to save 13.7916ms
[2026-04-09 06:07:28.308 DBG] OBS Settings :: Time to save 14.4044ms
[2026-04-09 06:07:28.324 DBG] MeldStudio Settings :: Time to save 14.455ms
[2026-04-09 06:07:28.339 DBG] Credits :: Time to save 15.2394ms
[2026-04-09 06:07:28.356 DBG] Quotes :: Time to save 16.9465ms
[2026-04-09 06:07:28.428 DBG] Config :: Time to save 20.8574ms
[2026-04-09 06:08:16.121 DBG] ViewerRepo :: UpdatePresence(twitch, 5), 0.0374ms
[2026-04-09 06:08:16.175 DBG] TwitchService :: Presence Timer :: Artificially updated presence with a threshold of 5 minutes (54.8063ms)
[2026-04-09 06:09:16.127 DBG] ViewerRepo :: UpdatePresence(twitch, 5), 0.038ms
[2026-04-09 06:09:16.181 DBG] TwitchService :: Presence Timer :: Artificially updated presence with a threshold of 5 minutes (54.1273ms)
[2026-04-09 06:10:16.136 DBG] ViewerRepo :: UpdatePresence(twitch, 5), 0.0372ms
[2026-04-09 06:10:16.191 DBG] TwitchService :: Presence Timer :: Artificially updated presence with a threshold of 5 minutes (55.3075ms)
[2026-04-09 06:11:16.143 DBG] ViewerRepo :: UpdatePresence(twitch, 5), 0.0429ms
[2026-04-09 06:11:16.197 DBG] TwitchService :: Presence Timer :: Artificially updated presence with a threshold of 5 minutes (54.3152ms)
[2026-04-09 06:12:04.140 DBG] Credits :: Time to save 16.8109ms
[2026-04-09 06:12:16.148 DBG] ViewerRepo :: UpdatePresence(twitch, 5), 0.0345ms
[2026-04-09 06:12:16.205 DBG] TwitchService :: Presence Timer :: Artificially updated presence with a threshold of 5 minutes (56.4089ms)
[2026-04-09 06:12:28.436 DBG] AutoSave :: Auto saving settings...
[2026-04-09 06:12:28.457 DBG] Users :: Time to save 21.1917ms
[2026-04-09 06:12:28.481 DBG] Actions :: Time to save 24.6426ms
[2026-04-09 06:12:28.500 DBG] Commands :: Time to save 19.0676ms
[2026-04-09 06:12:28.517 DBG] Twitch Rewards :: Time to save 16.9255ms
[2026-04-09 06:12:28.532 DBG] Midi :: Time to save 14.6937ms
[2026-04-09 06:12:28.547 DBG] OBS Settings :: Time to save 14.5383ms
[2026-04-09 06:12:28.563 DBG] MeldStudio Settings :: Time to save 15.0316ms
[2026-04-09 06:12:28.577 DBG] Credits :: Time to save 14.5823ms
[2026-04-09 06:12:28.594 DBG] Quotes :: Time to save 17.3515ms
[2026-04-09 06:12:28.656 DBG] Config :: Time to save 19.0734ms
[2026-04-09 06:13:16.164 DBG] ViewerRepo :: UpdatePresence(twitch, 5), 0.0401ms
[2026-04-09 06:13:16.220 DBG] TwitchService :: Presence Timer :: Artificially updated presence with a threshold of 5 minutes (56.3441ms)
[2026-04-09 06:14:16.173 DBG] ViewerRepo :: UpdatePresence(twitch, 5), 0.038ms
[2026-04-09 06:14:16.231 DBG] TwitchService :: Presence Timer :: Artificially updated presence with a threshold of 5 minutes (59.5261ms)
[2026-04-09 06:15:16.184 DBG] ViewerRepo :: UpdatePresence(twitch, 5), 0.0366ms
[2026-04-09 06:15:16.235 DBG] TwitchService :: Presence Timer :: Artificially updated presence with a threshold of 5 minutes (51.875ms)
[2026-04-09 06:16:16.194 DBG] ViewerRepo :: UpdatePresence(twitch, 5), 0.0352ms
[2026-04-09 06:16:16.249 DBG] TwitchService :: Presence Timer :: Artificially updated presence with a threshold of 5 minutes (55.7305ms)
[2026-04-09 06:17:04.142 DBG] Credits :: Time to save 17.8968ms
[2026-04-09 06:17:16.208 DBG] ViewerRepo :: UpdatePresence(twitch, 5), 0.0362ms
[2026-04-09 06:17:16.267 DBG] TwitchService :: Presence Timer :: Artificially updated presence with a threshold of 5 minutes (59.463ms)
[2026-04-09 06:17:20.867 DBG] ActionDispatcher :: Queueing 'Sub Goal' (361aa588-5f31-4e19-b8a5-099cae52479d, TimedAction) to 'Default' (00000000-0000-0000-0000-000000000000), with 11 arguments
[2026-04-09 06:17:20.867 DBG] ActionQueue :: 'Default' (00000000-0000-0000-0000-000000000000) :: Enqueue action 361aa588-5f31-4e19-b8a5-099cae52479d
[2026-04-09 06:17:20.867 DBG] ActionQueue :: 'Default' (00000000-0000-0000-0000-000000000000) :: Handling queue
[2026-04-09 06:17:20.867 DBG] ActionQueue :: 'Default' (00000000-0000-0000-0000-000000000000) :: Performing non-blocking 'Sub Goal' (361aa588-5f31-4e19-b8a5-099cae52479d, db8c9451-49fc-4594-a461-1f14f59db83e)
[2026-04-09 06:17:28.698 DBG] AutoSave :: Auto saving settings...
[2026-04-09 06:17:28.718 DBG] Users :: Time to save 19.1308ms
[2026-04-09 06:17:28.744 DBG] Actions :: Time to save 27.058ms
[2026-04-09 06:17:28.762 DBG] Commands :: Time to save 18.2019ms
[2026-04-09 06:17:28.781 DBG] Twitch Rewards :: Time to save 18.4372ms
[2026-04-09 06:17:28.796 DBG] Midi :: Time to save 14.7089ms
[2026-04-09 06:17:28.812 DBG] OBS Settings :: Time to save 16.6601ms
[2026-04-09 06:17:28.827 DBG] MeldStudio Settings :: Time to save 15.101ms
[2026-04-09 06:17:28.843 DBG] Credits :: Time to save 15.6021ms
[2026-04-09 06:17:28.862 DBG] Quotes :: Time to save 18.3117ms
[2026-04-09 06:17:28.920 DBG] Config :: Time to save 21.6004ms
[2026-04-09 06:18:16.209 DBG] ViewerRepo :: UpdatePresence(twitch, 5), 0.0358ms
[2026-04-09 06:18:16.273 DBG] TwitchService :: Presence Timer :: Artificially updated presence with a threshold of 5 minutes (63.1127ms)
[2026-04-09 06:19:16.234 DBG] ViewerRepo :: UpdatePresence(twitch, 5), 0.035ms
[2026-04-09 06:19:16.287 DBG] TwitchService :: Presence Timer :: Artificially updated presence with a threshold of 5 minutes (54.5464ms)
[2026-04-09 06:20:16.240 DBG] ViewerRepo :: UpdatePresence(twitch, 5), 0.0364ms
[2026-04-09 06:20:16.297 DBG] TwitchService :: Presence Timer :: Artificially updated presence with a threshold of 5 minutes (56.715ms)
[2026-04-09 06:21:16.246 DBG] ViewerRepo :: UpdatePresence(twitch, 5), 0.0354ms
[2026-04-09 06:21:16.301 DBG] TwitchService :: Presence Timer :: Artificially updated presence with a threshold of 5 minutes (55.7535ms)
[2026-04-09 06:22:04.152 DBG] Credits :: Time to save 15.4183ms
[2026-04-09 06:22:16.249 DBG] ViewerRepo :: UpdatePresence(twitch, 5), 0.0446ms
[2026-04-09 06:22:16.309 DBG] TwitchService :: Presence Timer :: Artificially updated presence with a threshold of 5 minutes (61.0492ms)
[2026-04-09 06:22:28.957 DBG] AutoSave :: Auto saving settings...
[2026-04-09 06:22:28.976 DBG] Users :: Time to save 19.2132ms
[2026-04-09 06:22:29.000 DBG] Actions :: Time to save 23.92ms
[2026-04-09 06:22:29.017 DBG] Commands :: Time to save 16.8725ms
[2026-04-09 06:22:29.034 DBG] Twitch Rewards :: Time to save 16.6743ms
[2026-04-09 06:22:29.048 DBG] Midi :: Time to save 14.3406ms
[2026-04-09 06:22:29.063 DBG] OBS Settings :: Time to save 14.855ms
[2026-04-09 06:22:29.079 DBG] MeldStudio Settings :: Time to save 15.2037ms
[2026-04-09 06:22:29.093 DBG] Credits :: Time to save 13.9199ms
[2026-04-09 06:22:29.109 DBG] Quotes :: Time to save 16.6411ms
[2026-04-09 06:22:29.177 DBG] Config :: Time to save 17.8162ms
[2026-04-09 06:23:16.265 DBG] ViewerRepo :: UpdatePresence(twitch, 5), 0.0376ms
[2026-04-09 06:23:16.319 DBG] TwitchService :: Presence Timer :: Artificially updated presence with a threshold of 5 minutes (55.0711ms)
[2026-04-09 06:24:16.265 DBG] ViewerRepo :: UpdatePresence(twitch, 5), 0.0369ms
[2026-04-09 06:24:16.322 DBG] TwitchService :: Presence Timer :: Artificially updated presence with a threshold of 5 minutes (56.9527ms)
[2026-04-09 06:25:16.277 DBG] ViewerRepo :: UpdatePresence(twitch, 5), 0.0465ms
[2026-04-09 06:25:16.333 DBG] TwitchService :: Presence Timer :: Artificially updated presence with a threshold of 5 minutes (55.4575ms)
[2026-04-09 06:26:16.291 DBG] ViewerRepo :: UpdatePresence(twitch, 5), 0.0505ms
[2026-04-09 06:26:16.346 DBG] TwitchService :: Presence Timer :: Artificially updated presence with a threshold of 5 minutes (55.8761ms)
[2026-04-09 06:27:04.157 DBG] Credits :: Time to save 16.1631ms
[2026-04-09 06:27:16.309 DBG] ViewerRepo :: UpdatePresence(twitch, 5), 0.0361ms
[2026-04-09 06:27:16.365 DBG] TwitchService :: Presence Timer :: Artificially updated presence with a threshold of 5 minutes (56.1383ms)
[2026-04-09 06:27:21.372 DBG] ActionDispatcher :: Queueing 'Sub Goal' (361aa588-5f31-4e19-b8a5-099cae52479d, TimedAction) to 'Default' (00000000-0000-0000-0000-000000000000), with 11 arguments
[2026-04-09 06:27:21.372 DBG] ActionQueue :: 'Default' (00000000-0000-0000-0000-000000000000) :: Enqueue action 361aa588-5f31-4e19-b8a5-099cae52479d
[2026-04-09 06:27:21.372 DBG] ActionQueue :: 'Default' (00000000-0000-0000-0000-000000000000) :: Handling queue
[2026-04-09 06:27:21.372 DBG] ActionQueue :: 'Default' (00000000-0000-0000-0000-000000000000) :: Performing non-blocking 'Sub Goal' (361aa588-5f31-4e19-b8a5-099cae52479d, b57ab1ab-ffed-4ab8-9fdb-9afa21baf689)
[2026-04-09 06:27:29.198 DBG] AutoSave :: Auto saving settings...
[2026-04-09 06:27:29.217 DBG] Users :: Time to save 19.3548ms
[2026-04-09 06:27:29.243 DBG] Actions :: Time to save 26.2294ms
[2026-04-09 06:27:29.262 DBG] Commands :: Time to save 18.0741ms
[2026-04-09 06:27:29.279 DBG] Twitch Rewards :: Time to save 17.0378ms
[2026-04-09 06:27:29.292 DBG] Midi :: Time to save 13.3691ms
[2026-04-09 06:27:29.307 DBG] OBS Settings :: Time to save 14.6512ms
[2026-04-09 06:27:29.322 DBG] MeldStudio Settings :: Time to save 16.0879ms
[2026-04-09 06:27:29.337 DBG] Credits :: Time to save 14.7541ms
[2026-04-09 06:27:29.355 DBG] Quotes :: Time to save 17.062ms
[2026-04-09 06:27:29.420 DBG] Config :: Time to save 18.9836ms
[2026-04-09 06:28:16.324 DBG] ViewerRepo :: UpdatePresence(twitch, 5), 0.0364ms
[2026-04-09 06:28:16.377 DBG] TwitchService :: Presence Timer :: Artificially updated presence with a threshold of 5 minutes (54.2159ms)
[2026-04-09 06:29:16.325 DBG] ViewerRepo :: UpdatePresence(twitch, 5), 0.038ms
[2026-04-09 06:29:16.385 DBG] TwitchService :: Presence Timer :: Artificially updated presence with a threshold of 5 minutes (60.6039ms)
[2026-04-09 06:30:16.328 DBG] ViewerRepo :: UpdatePresence(twitch, 5), 0.0361ms
[2026-04-09 06:30:16.385 DBG] TwitchService :: Presence Timer :: Artificially updated presence with a threshold of 5 minutes (56.955ms)
[2026-04-09 06:31:16.330 DBG] ViewerRepo :: UpdatePresence(twitch, 5), 0.0351ms
[2026-04-09 06:31:16.384 DBG] TwitchService :: Presence Timer :: Artificially updated presence with a threshold of 5 minutes (53.6394ms)
[2026-04-09 06:32:04.169 DBG] Credits :: Time to save 16.6584ms
[2026-04-09 06:32:16.342 DBG] ViewerRepo :: UpdatePresence(twitch, 5), 0.037ms
[2026-04-09 06:32:16.399 DBG] TwitchService :: Presence Timer :: Artificially updated presence with a threshold of 5 minutes (57.758ms)
[2026-04-09 06:32:29.428 DBG] AutoSave :: Auto saving settings...
[2026-04-09 06:32:29.447 DBG] Users :: Time to save 19.4858ms
[2026-04-09 06:32:29.473 DBG] Actions :: Time to save 25.4937ms
[2026-04-09 06:32:29.491 DBG] Commands :: Time to save 17.0644ms
[2026-04-09 06:32:29.508 DBG] Twitch Rewards :: Time to save 17.0335ms
[2026-04-09 06:32:29.523 DBG] Midi :: Time to save 14.9346ms
[2026-04-09 06:32:29.537 DBG] OBS Settings :: Time to save 15.4956ms
[2026-04-09 06:32:29.551 DBG] MeldStudio Settings :: Time to save 12.6862ms
[2026-04-09 06:32:29.564 DBG] Credits :: Time to save 13.8655ms
[2026-04-09 06:32:29.583 DBG] Quotes :: Time to save 17.9895ms
[2026-04-09 06:32:29.649 DBG] Config :: Time to save 18.2859ms
[2026-04-09 06:33:16.343 DBG] ViewerRepo :: UpdatePresence(twitch, 5), 0.0674ms
[2026-04-09 06:33:16.398 DBG] TwitchService :: Presence Timer :: Artificially updated presence with a threshold of 5 minutes (55.595ms)
[2026-04-09 06:34:16.343 DBG] ViewerRepo :: UpdatePresence(twitch, 5), 0.1306ms
[2026-04-09 06:34:16.397 DBG] TwitchService :: Presence Timer :: Artificially updated presence with a threshold of 5 minutes (53.6067ms)
[2026-04-09 06:35:16.346 DBG] ViewerRepo :: UpdatePresence(twitch, 5), 0.0392ms
[2026-04-09 06:35:16.401 DBG] TwitchService :: Presence Timer :: Artificially updated presence with a threshold of 5 minutes (54.6327ms)
[2026-04-09 06:36:16.359 DBG] ViewerRepo :: UpdatePresence(twitch, 5), 0.0431ms
[2026-04-09 06:36:16.415 DBG] TwitchService :: Presence Timer :: Artificially updated presence with a threshold of 5 minutes (56.3335ms)
[2026-04-09 06:37:04.180 DBG] Credits :: Time to save 16.1845ms
[2026-04-09 06:37:16.361 DBG] ViewerRepo :: UpdatePresence(twitch, 5), 0.0389ms
[2026-04-09 06:37:16.417 DBG] TwitchService :: Presence Timer :: Artificially updated presence with a threshold of 5 minutes (56.5906ms)
[2026-04-09 06:37:22.190 DBG] ActionDispatcher :: Queueing 'Sub Goal' (361aa588-5f31-4e19-b8a5-099cae52479d, TimedAction) to 'Default' (00000000-0000-0000-0000-000000000000), with 11 arguments
[2026-04-09 06:37:22.190 DBG] ActionQueue :: 'Default' (00000000-0000-0000-0000-000000000000) :: Enqueue action 361aa588-5f31-4e19-b8a5-099cae52479d
[2026-04-09 06:37:22.190 DBG] ActionQueue :: 'Default' (00000000-0000-0000-0000-000000000000) :: Handling queue
[2026-04-09 06:37:22.190 DBG] ActionQueue :: 'Default' (00000000-0000-0000-0000-000000000000) :: Performing non-blocking 'Sub Goal' (361aa588-5f31-4e19-b8a5-099cae52479d, 49dc4330-9a77-45fc-8fdc-6f55a690978f)
[2026-04-09 06:37:29.683 DBG] AutoSave :: Auto saving settings...
[2026-04-09 06:37:29.700 DBG] Users :: Time to save 17.5237ms
[2026-04-09 06:37:29.726 DBG] Actions :: Time to save 25.3693ms
[2026-04-09 06:37:29.743 DBG] Commands :: Time to save 16.6562ms
[2026-04-09 06:37:29.760 DBG] Twitch Rewards :: Time to save 17.2843ms
[2026-04-09 06:37:29.774 DBG] Midi :: Time to save 14.6467ms
[2026-04-09 06:37:29.789 DBG] OBS Settings :: Time to save 14.8989ms
[2026-04-09 06:37:29.805 DBG] MeldStudio Settings :: Time to save 15.5726ms
[2026-04-09 06:37:29.820 DBG] Credits :: Time to save 14.7853ms
[2026-04-09 06:37:29.837 DBG] Quotes :: Time to save 17.5924ms
[2026-04-09 06:37:29.904 DBG] Config :: Time to save 19.4424ms
[2026-04-09 06:38:16.372 DBG] ViewerRepo :: UpdatePresence(twitch, 5), 0.0361ms
[2026-04-09 06:38:16.426 DBG] TwitchService :: Presence Timer :: Artificially updated presence with a threshold of 5 minutes (55.165ms)
[2026-04-09 06:39:16.385 DBG] ViewerRepo :: UpdatePresence(twitch, 5), 0.0377ms
[2026-04-09 06:39:16.440 DBG] TwitchService :: Presence Timer :: Artificially updated presence with a threshold of 5 minutes (55.3181ms)
[2026-04-09 06:40:16.385 DBG] ViewerRepo :: UpdatePresence(twitch, 5), 0.0415ms
[2026-04-09 06:40:16.437 DBG] TwitchService :: Presence Timer :: Artificially updated presence with a threshold of 5 minutes (52.6206ms)
[2026-04-09 06:41:16.404 DBG] ViewerRepo :: UpdatePresence(twitch, 5), 0.0487ms
[2026-04-09 06:41:16.457 DBG] TwitchService :: Presence Timer :: Artificially updated presence with a threshold of 5 minutes (53.5121ms)
[2026-04-09 06:42:04.184 DBG] Credits :: Time to save 16.4158ms
[2026-04-09 06:42:16.415 DBG] ViewerRepo :: UpdatePresence(twitch, 5), 0.0368ms
[2026-04-09 06:42:16.470 DBG] TwitchService :: Presence Timer :: Artificially updated presence with a threshold of 5 minutes (55.4152ms)
[2026-04-09 06:42:29.923 DBG] AutoSave :: Auto saving settings...
[2026-04-09 06:42:29.943 DBG] Users :: Time to save 19.6753ms
[2026-04-09 06:42:29.967 DBG] Actions :: Time to save 24.8706ms
[2026-04-09 06:42:29.984 DBG] Commands :: Time to save 16.3827ms
[2026-04-09 06:42:30.000 DBG] Twitch Rewards :: Time to save 16.752ms
[2026-04-09 06:42:30.014 DBG] Midi :: Time to save 13.9913ms
[2026-04-09 06:42:30.028 DBG] OBS Settings :: Time to save 14.2219ms
[2026-04-09 06:42:30.040 DBG] MeldStudio Settings :: Time to save 11.4411ms
[2026-04-09 06:42:30.057 DBG] Credits :: Time to save 16.6414ms
[2026-04-09 06:42:30.071 DBG] Quotes :: Time to save 13.7656ms
[2026-04-09 06:42:30.142 DBG] Config :: Time to save 19.4015ms
[2026-04-09 06:43:16.424 DBG] ViewerRepo :: UpdatePresence(twitch, 5), 0.0352ms
[2026-04-09 06:43:16.479 DBG] TwitchService :: Presence Timer :: Artificially updated presence with a threshold of 5 minutes (55.8946ms)
[2026-04-09 06:44:16.427 DBG] ViewerRepo :: UpdatePresence(twitch, 5), 0.0356ms
[2026-04-09 06:44:16.484 DBG] TwitchService :: Presence Timer :: Artificially updated presence with a threshold of 5 minutes (57.359ms)
[2026-04-09 06:45:16.452 DBG] ViewerRepo :: UpdatePresence(twitch, 5), 0.049ms
[2026-04-09 06:45:16.508 DBG] TwitchService :: Presence Timer :: Artificially updated presence with a threshold of 5 minutes (56.5398ms)
[2026-04-09 06:46:16.452 DBG] ViewerRepo :: UpdatePresence(twitch, 5), 0.0365ms
[2026-04-09 06:46:16.507 DBG] TwitchService :: Presence Timer :: Artificially updated presence with a threshold of 5 minutes (55.1314ms)
[2026-04-09 06:47:04.196 DBG] Credits :: Time to save 17.2243ms
[2026-04-09 06:47:16.468 DBG] ViewerRepo :: UpdatePresence(twitch, 5), 0.034ms
[2026-04-09 06:47:17.023 DBG] TwitchService :: Presence Timer :: Artificially updated presence with a threshold of 5 minutes (554.4605ms)
[2026-04-09 06:47:23.202 DBG] ActionDispatcher :: Queueing 'Sub Goal' (361aa588-5f31-4e19-b8a5-099cae52479d, TimedAction) to 'Default' (00000000-0000-0000-0000-000000000000), with 11 arguments
[2026-04-09 06:47:23.202 DBG] ActionQueue :: 'Default' (00000000-0000-0000-0000-000000000000) :: Enqueue action 361aa588-5f31-4e19-b8a5-099cae52479d
[2026-04-09 06:47:23.202 DBG] ActionQueue :: 'Default' (00000000-0000-0000-0000-000000000000) :: Handling queue
[2026-04-09 06:47:23.202 DBG] ActionQueue :: 'Default' (00000000-0000-0000-0000-000000000000) :: Performing non-blocking 'Sub Goal' (361aa588-5f31-4e19-b8a5-099cae52479d, 0555c1b2-4db0-444a-9d33-50deefcb182e)
[2026-04-09 06:47:30.164 DBG] AutoSave :: Auto saving settings...
[2026-04-09 06:47:30.183 DBG] Users :: Time to save 18.9417ms
[2026-04-09 06:47:30.207 DBG] Actions :: Time to save 24.3431ms
[2026-04-09 06:47:30.224 DBG] Commands :: Time to save 16.8758ms
[2026-04-09 06:47:30.241 DBG] Twitch Rewards :: Time to save 17.0063ms
[2026-04-09 06:47:30.255 DBG] Midi :: Time to save 13.7501ms
[2026-04-09 06:47:30.266 DBG] OBS Settings :: Time to save 11.563ms
[2026-04-09 06:47:30.281 DBG] MeldStudio Settings :: Time to save 14.9899ms
[2026-04-09 06:47:30.296 DBG] Credits :: Time to save 13.9422ms
[2026-04-09 06:47:30.312 DBG] Quotes :: Time to save 16.774ms
[2026-04-09 06:47:30.386 DBG] Config :: Time to save 20.1847ms
[2026-04-09 06:48:16.474 DBG] ViewerRepo :: UpdatePresence(twitch, 5), 0.0344ms
[2026-04-09 06:48:16.529 DBG] TwitchService :: Presence Timer :: Artificially updated presence with a threshold of 5 minutes (55.9293ms)
[2026-04-09 06:49:16.475 DBG] ViewerRepo :: UpdatePresence(twitch, 5), 0.0404ms
[2026-04-09 06:49:16.531 DBG] TwitchService :: Presence Timer :: Artificially updated presence with a threshold of 5 minutes (56.4654ms)
[2026-04-09 06:49:24.578 DBG] Streamer.bot Website Socket :: Disconnected
[2026-04-09 06:49:24.578 INF] Streamer.bot Service :: Disconnected from Website Client
[2026-04-09 06:49:26.585 DBG] Streamer.bot Service :: Retrying website client connection
[2026-04-09 06:49:26.585 INF] Streamer.bot Service :: Connecting to Website Client
[2026-04-09 06:49:26.585 DBG] Streamer.bot Website Socket :: Opening connection
[2026-04-09 06:49:26.877 INF] Streamer.bot Service :: Website Client authenticated
[2026-04-09 06:49:26.877 INF] Streamer.bot Service :: Connected to Website Client
[2026-04-09 06:50:16.478 DBG] ViewerRepo :: UpdatePresence(twitch, 5), 0.0362ms
[2026-04-09 06:50:16.536 DBG] TwitchService :: Presence Timer :: Artificially updated presence with a threshold of 5 minutes (58.0133ms)
[2026-04-09 06:51:16.481 DBG] ViewerRepo :: UpdatePresence(twitch, 5), 0.0386ms
[2026-04-09 06:51:16.535 DBG] TwitchService :: Presence Timer :: Artificially updated presence with a threshold of 5 minutes (54.3155ms)
[2026-04-09 06:52:04.205 DBG] Credits :: Time to save 16.0545ms
[2026-04-09 06:52:16.485 DBG] ViewerRepo :: UpdatePresence(twitch, 5), 0.0397ms
[2026-04-09 06:52:16.539 DBG] TwitchService :: Presence Timer :: Artificially updated presence with a threshold of 5 minutes (53.8628ms)
[2026-04-09 06:52:30.371 DBG] AutoSave :: Auto saving settings...
[2026-04-09 06:52:30.389 DBG] Users :: Time to save 18.3409ms
[2026-04-09 06:52:30.410 DBG] Actions :: Time to save 20.7442ms
[2026-04-09 06:52:30.426 DBG] Commands :: Time to save 16.7777ms
[2026-04-09 06:52:30.442 DBG] Twitch Rewards :: Time to save 16.575ms
[2026-04-09 06:52:30.457 DBG] Midi :: Time to save 13.7126ms
[2026-04-09 06:52:30.472 DBG] OBS Settings :: Time to save 16.4902ms
[2026-04-09 06:52:30.488 DBG] MeldStudio Settings :: Time to save 15.4117ms
[2026-04-09 06:52:30.503 DBG] Credits :: Time to save 13.9739ms
[2026-04-09 06:52:30.520 DBG] Quotes :: Time to save 16.393ms
[2026-04-09 06:52:30.591 DBG] Config :: Time to save 17.874ms
[2026-04-09 06:53:16.502 DBG] ViewerRepo :: UpdatePresence(twitch, 5), 0.0369ms
[2026-04-09 06:53:16.560 DBG] TwitchService :: Presence Timer :: Artificially updated presence with a threshold of 5 minutes (57.5713ms)
[2026-04-09 06:54:16.516 DBG] ViewerRepo :: UpdatePresence(twitch, 5), 0.036ms
[2026-04-09 06:54:16.570 DBG] TwitchService :: Presence Timer :: Artificially updated presence with a threshold of 5 minutes (53.7442ms)
[2026-04-09 06:55:16.518 DBG] ViewerRepo :: UpdatePresence(twitch, 5), 0.0366ms
[2026-04-09 06:55:16.574 DBG] TwitchService :: Presence Timer :: Artificially updated presence with a threshold of 5 minutes (55.6202ms)
[2026-04-09 06:56:16.522 DBG] ViewerRepo :: UpdatePresence(twitch, 5), 0.0358ms
[2026-04-09 06:56:16.574 DBG] TwitchService :: Presence Timer :: Artificially updated presence with a threshold of 5 minutes (51.8383ms)
[2026-04-09 06:57:04.214 DBG] Credits :: Time to save 14.6344ms
[2026-04-09 06:57:16.534 DBG] ViewerRepo :: UpdatePresence(twitch, 5), 0.035ms
[2026-04-09 06:57:16.586 DBG] TwitchService :: Presence Timer :: Artificially updated presence with a threshold of 5 minutes (53.0543ms)
[2026-04-09 06:57:23.627 DBG] ActionDispatcher :: Queueing 'Sub Goal' (361aa588-5f31-4e19-b8a5-099cae52479d, TimedAction) to 'Default' (00000000-0000-0000-0000-000000000000), with 11 arguments
[2026-04-09 06:57:23.627 DBG] ActionQueue :: 'Default' (00000000-0000-0000-0000-000000000000) :: Enqueue action 361aa588-5f31-4e19-b8a5-099cae52479d
[2026-04-09 06:57:23.627 DBG] ActionQueue :: 'Default' (00000000-0000-0000-0000-000000000000) :: Handling queue
[2026-04-09 06:57:23.627 DBG] ActionQueue :: 'Default' (00000000-0000-0000-0000-000000000000) :: Performing non-blocking 'Sub Goal' (361aa588-5f31-4e19-b8a5-099cae52479d, 9e34b661-17ed-4717-8fa9-64b814081ab3)
[2026-04-09 06:57:30.589 DBG] AutoSave :: Auto saving settings...
[2026-04-09 06:57:30.607 DBG] Users :: Time to save 19.1466ms
[2026-04-09 06:57:30.629 DBG] Actions :: Time to save 20.9036ms
[2026-04-09 06:57:30.646 DBG] Commands :: Time to save 17.031ms
[2026-04-09 06:57:30.662 DBG] Twitch Rewards :: Time to save 16.6388ms
[2026-04-09 06:57:30.676 DBG] Midi :: Time to save 13.7192ms
[2026-04-09 06:57:30.691 DBG] OBS Settings :: Time to save 14.4624ms
[2026-04-09 06:57:30.706 DBG] MeldStudio Settings :: Time to save 15.0296ms
[2026-04-09 06:57:30.721 DBG] Credits :: Time to save 14.6601ms
[2026-04-09 06:57:30.740 DBG] Quotes :: Time to save 19.4173ms
[2026-04-09 06:57:30.810 DBG] Config :: Time to save 19.8211ms
[2026-04-09 06:58:16.546 DBG] ViewerRepo :: UpdatePresence(twitch, 5), 0.0436ms
[2026-04-09 06:58:16.600 DBG] TwitchService :: Presence Timer :: Artificially updated presence with a threshold of 5 minutes (54.4863ms)
[2026-04-09 06:59:16.561 DBG] ViewerRepo :: UpdatePresence(twitch, 5), 0.0361ms
[2026-04-09 06:59:16.624 DBG] TwitchService :: Presence Timer :: Artificially updated presence with a threshold of 5 minutes (63.5813ms)
[2026-04-09 07:00:16.570 DBG] ViewerRepo :: UpdatePresence(twitch, 5), 0.0345ms
[2026-04-09 07:00:16.623 DBG] TwitchService :: Presence Timer :: Artificially updated presence with a threshold of 5 minutes (53.9961ms)
[2026-04-09 07:01:16.585 DBG] ViewerRepo :: UpdatePresence(twitch, 5), 0.0392ms
[2026-04-09 07:01:16.641 DBG] TwitchService :: Presence Timer :: Artificially updated presence with a threshold of 5 minutes (55.8637ms)
[2026-04-09 07:02:04.229 DBG] Credits :: Time to save 14.6819ms
[2026-04-09 07:02:16.596 DBG] ViewerRepo :: UpdatePresence(twitch, 5), 0.0367ms
[2026-04-09 07:02:16.649 DBG] TwitchService :: Presence Timer :: Artificially updated presence with a threshold of 5 minutes (53.303ms)
[2026-04-09 07:02:29.370 DBG] StreamElements Socket :: Disconnected
[2026-04-09 07:02:29.370 INF] StreamElements Service :: Disconnected from Client
[2026-04-09 07:02:30.821 DBG] AutoSave :: Auto saving settings...
[2026-04-09 07:02:30.841 DBG] Users :: Time to save 19.2505ms
[2026-04-09 07:02:30.865 DBG] Actions :: Time to save 24.7162ms
[2026-04-09 07:02:30.879 DBG] Commands :: Time to save 14.2416ms
[2026-04-09 07:02:30.895 DBG] Twitch Rewards :: Time to save 16.5131ms
[2026-04-09 07:02:30.910 DBG] Midi :: Time to save 14.3577ms
[2026-04-09 07:02:30.924 DBG] OBS Settings :: Time to save 13.8293ms
[2026-04-09 07:02:30.940 DBG] MeldStudio Settings :: Time to save 15.3272ms
[2026-04-09 07:02:30.953 DBG] Credits :: Time to save 13.7349ms
[2026-04-09 07:02:30.970 DBG] Quotes :: Time to save 16.2702ms
[2026-04-09 07:02:31.040 DBG] Config :: Time to save 18.6556ms
[2026-04-09 07:02:31.382 DBG] StreamElements Service :: Retrying client connection
[2026-04-09 07:02:31.382 INF] StreamElements Service :: Connecting to Client
[2026-04-09 07:02:31.382 DBG] StreamElements Socket :: Opening connection
[2026-04-09 07:02:31.676 INF] StreamElements Service :: Connected to Client
[2026-04-09 07:03:16.622 DBG] ViewerRepo :: UpdatePresence(twitch, 5), 0.0364ms
[2026-04-09 07:03:16.675 DBG] TwitchService :: Presence Timer :: Artificially updated presence with a threshold of 5 minutes (53.3447ms)
[2026-04-09 07:04:16.639 DBG] ViewerRepo :: UpdatePresence(twitch, 5), 0.0369ms
[2026-04-09 07:04:16.689 DBG] TwitchService :: Presence Timer :: Artificially updated presence with a threshold of 5 minutes (51.3878ms)
[2026-04-09 07:05:16.653 DBG] ViewerRepo :: UpdatePresence(twitch, 5), 0.0371ms
[2026-04-09 07:05:16.704 DBG] TwitchService :: Presence Timer :: Artificially updated presence with a threshold of 5 minutes (51.9612ms)
[2026-04-09 07:06:16.670 DBG] ViewerRepo :: UpdatePresence(twitch, 5), 0.0362ms
[2026-04-09 07:06:16.730 DBG] TwitchService :: Presence Timer :: Artificially updated presence with a threshold of 5 minutes (60.1622ms)
[2026-04-09 07:07:04.236 DBG] Credits :: Time to save 16.5508ms
[2026-04-09 07:07:16.681 DBG] ViewerRepo :: UpdatePresence(twitch, 5), 0.0352ms
[2026-04-09 07:07:16.743 DBG] TwitchService :: Presence Timer :: Artificially updated presence with a threshold of 5 minutes (61.2976ms)
[2026-04-09 07:07:23.942 DBG] ActionDispatcher :: Queueing 'Sub Goal' (361aa588-5f31-4e19-b8a5-099cae52479d, TimedAction) to 'Default' (00000000-0000-0000-0000-000000000000), with 11 arguments
[2026-04-09 07:07:23.942 DBG] ActionQueue :: 'Default' (00000000-0000-0000-0000-000000000000) :: Enqueue action 361aa588-5f31-4e19-b8a5-099cae52479d
[2026-04-09 07:07:23.942 DBG] ActionQueue :: 'Default' (00000000-0000-0000-0000-000000000000) :: Handling queue
[2026-04-09 07:07:23.942 DBG] ActionQueue :: 'Default' (00000000-0000-0000-0000-000000000000) :: Performing non-blocking 'Sub Goal' (361aa588-5f31-4e19-b8a5-099cae52479d, e124a2b9-6cfe-4888-a577-2279bb4b5187)
[2026-04-09 07:07:31.067 DBG] AutoSave :: Auto saving settings...
[2026-04-09 07:07:31.086 DBG] Users :: Time to save 18.8573ms
[2026-04-09 07:07:31.111 DBG] Actions :: Time to save 24.9882ms
[2026-04-09 07:07:31.127 DBG] Commands :: Time to save 16.7695ms
[2026-04-09 07:07:31.145 DBG] Twitch Rewards :: Time to save 17.6098ms
[2026-04-09 07:07:31.159 DBG] Midi :: Time to save 13.9399ms
[2026-04-09 07:07:31.171 DBG] OBS Settings :: Time to save 11.6023ms
[2026-04-09 07:07:31.182 DBG] MeldStudio Settings :: Time to save 11.3357ms
[2026-04-09 07:07:31.196 DBG] Credits :: Time to save 14.2222ms
[2026-04-09 07:07:31.213 DBG] Quotes :: Time to save 16.41ms
[2026-04-09 07:07:31.289 DBG] Config :: Time to save 19.0099ms
[2026-04-09 07:08:16.696 DBG] ViewerRepo :: UpdatePresence(twitch, 5), 0.0379ms
[2026-04-09 07:08:16.749 DBG] TwitchService :: Presence Timer :: Artificially updated presence with a threshold of 5 minutes (53.4782ms)
[2026-04-09 07:09:16.718 DBG] ViewerRepo :: UpdatePresence(twitch, 5), 0.0352ms
[2026-04-09 07:09:16.775 DBG] TwitchService :: Presence Timer :: Artificially updated presence with a threshold of 5 minutes (56.916ms)
[2026-04-09 07:10:16.723 DBG] ViewerRepo :: UpdatePresence(twitch, 5), 0.0362ms
[2026-04-09 07:10:16.779 DBG] TwitchService :: Presence Timer :: Artificially updated presence with a threshold of 5 minutes (55.5637ms)
[2026-04-09 07:11:16.737 DBG] ViewerRepo :: UpdatePresence(twitch, 5), 0.0367ms
[2026-04-09 07:11:16.792 DBG] TwitchService :: Presence Timer :: Artificially updated presence with a threshold of 5 minutes (55.3228ms)
[2026-04-09 07:12:04.240 DBG] Credits :: Time to save 16.0532ms
[2026-04-09 07:12:16.743 DBG] ViewerRepo :: UpdatePresence(twitch, 5), 0.0363ms
[2026-04-09 07:12:16.797 DBG] TwitchService :: Presence Timer :: Artificially updated presence with a threshold of 5 minutes (55.7082ms)
[2026-04-09 07:12:31.309 DBG] AutoSave :: Auto saving settings...
[2026-04-09 07:12:31.327 DBG] Users :: Time to save 18.8399ms
[2026-04-09 07:12:31.350 DBG] Actions :: Time to save 22.9375ms
[2026-04-09 07:12:31.367 DBG] Commands :: Time to save 16.8629ms
[2026-04-09 07:12:31.384 DBG] Twitch Rewards :: Time to save 16.5282ms
[2026-04-09 07:12:31.397 DBG] Midi :: Time to save 14.2097ms
[2026-04-09 07:12:31.409 DBG] OBS Settings :: Time to save 10.9371ms
[2026-04-09 07:12:31.423 DBG] MeldStudio Settings :: Time to save 14.2905ms
[2026-04-09 07:12:31.434 DBG] Credits :: Time to save 10.937ms
[2026-04-09 07:12:31.452 DBG] Quotes :: Time to save 16.9738ms
[2026-04-09 07:12:31.529 DBG] Config :: Time to save 18.1191ms
[2026-04-09 07:13:16.745 DBG] ViewerRepo :: UpdatePresence(twitch, 5), 0.0372ms
[2026-04-09 07:13:16.799 DBG] TwitchService :: Presence Timer :: Artificially updated presence with a threshold of 5 minutes (54.1585ms)
[2026-04-09 07:13:49.750 DBG] StreamElements Socket :: Disconnected
[2026-04-09 07:13:49.750 INF] StreamElements Service :: Disconnected from Client
[2026-04-09 07:13:51.762 DBG] StreamElements Service :: Retrying client connection
[2026-04-09 07:13:51.762 INF] StreamElements Service :: Connecting to Client
[2026-04-09 07:13:51.762 DBG] StreamElements Socket :: Opening connection
[2026-04-09 07:13:52.061 INF] StreamElements Service :: Connected to Client
[2026-04-09 07:14:16.746 DBG] ViewerRepo :: UpdatePresence(twitch, 5), 0.0357ms
[2026-04-09 07:14:16.803 DBG] TwitchService :: Presence Timer :: Artificially updated presence with a threshold of 5 minutes (56.9991ms)
[2026-04-09 07:15:16.759 DBG] ViewerRepo :: UpdatePresence(twitch, 5), 0.037ms
[2026-04-09 07:15:16.817 DBG] TwitchService :: Presence Timer :: Artificially updated presence with a threshold of 5 minutes (58.578ms)
[2026-04-09 07:16:16.761 DBG] ViewerRepo :: UpdatePresence(twitch, 5), 0.0349ms
[2026-04-09 07:16:16.823 DBG] TwitchService :: Presence Timer :: Artificially updated presence with a threshold of 5 minutes (61.8477ms)
[2026-04-09 07:17:04.248 DBG] Credits :: Time to save 17.2724ms
[2026-04-09 07:17:16.774 DBG] ViewerRepo :: UpdatePresence(twitch, 5), 0.0387ms
[2026-04-09 07:17:16.832 DBG] TwitchService :: Presence Timer :: Artificially updated presence with a threshold of 5 minutes (57.8003ms)
[2026-04-09 07:17:24.231 DBG] ActionDispatcher :: Queueing 'Sub Goal' (361aa588-5f31-4e19-b8a5-099cae52479d, TimedAction) to 'Default' (00000000-0000-0000-0000-000000000000), with 11 arguments
[2026-04-09 07:17:24.231 DBG] ActionQueue :: 'Default' (00000000-0000-0000-0000-000000000000) :: Enqueue action 361aa588-5f31-4e19-b8a5-099cae52479d
[2026-04-09 07:17:24.231 DBG] ActionQueue :: 'Default' (00000000-0000-0000-0000-000000000000) :: Handling queue
[2026-04-09 07:17:24.231 DBG] ActionQueue :: 'Default' (00000000-0000-0000-0000-000000000000) :: Performing non-blocking 'Sub Goal' (361aa588-5f31-4e19-b8a5-099cae52479d, 390ec583-db58-40e0-9787-a8cddcc9c0e4)
[2026-04-09 07:17:31.512 DBG] AutoSave :: Auto saving settings...
[2026-04-09 07:17:31.531 DBG] Users :: Time to save 19.7974ms
[2026-04-09 07:17:31.557 DBG] Actions :: Time to save 24.9464ms
[2026-04-09 07:17:31.573 DBG] Commands :: Time to save 16.1592ms
[2026-04-09 07:17:31.590 DBG] Twitch Rewards :: Time to save 16.6785ms
[2026-04-09 07:17:31.604 DBG] Midi :: Time to save 14.2206ms
[2026-04-09 07:17:31.620 DBG] OBS Settings :: Time to save 15.8984ms
[2026-04-09 07:17:31.634 DBG] MeldStudio Settings :: Time to save 13.8084ms
[2026-04-09 07:17:31.647 DBG] Credits :: Time to save 13.6561ms
[2026-04-09 07:17:31.665 DBG] Quotes :: Time to save 16.789ms
[2026-04-09 07:17:31.735 DBG] Config :: Time to save 20.6746ms
[2026-04-09 07:18:16.783 DBG] ViewerRepo :: UpdatePresence(twitch, 5), 0.0368ms
[2026-04-09 07:18:16.837 DBG] TwitchService :: Presence Timer :: Artificially updated presence with a threshold of 5 minutes (55.4654ms)
[2026-04-09 07:19:16.793 DBG] ViewerRepo :: UpdatePresence(twitch, 5), 0.0347ms
[2026-04-09 07:19:16.844 DBG] TwitchService :: Presence Timer :: Artificially updated presence with a threshold of 5 minutes (51.4268ms)
[2026-04-09 07:20:16.801 DBG] ViewerRepo :: UpdatePresence(twitch, 5), 0.0353ms
[2026-04-09 07:20:16.855 DBG] TwitchService :: Presence Timer :: Artificially updated presence with a threshold of 5 minutes (54.543ms)
[2026-04-09 07:21:16.806 DBG] ViewerRepo :: UpdatePresence(twitch, 5), 0.0356ms
[2026-04-09 07:21:16.865 DBG] TwitchService :: Presence Timer :: Artificially updated presence with a threshold of 5 minutes (59.3382ms)
[2026-04-09 07:22:04.257 DBG] Credits :: Time to save 17.1158ms
[2026-04-09 07:22:16.810 DBG] ViewerRepo :: UpdatePresence(twitch, 5), 0.0361ms
[2026-04-09 07:22:16.867 DBG] TwitchService :: Presence Timer :: Artificially updated presence with a threshold of 5 minutes (57.5425ms)
[2026-04-09 07:22:31.759 DBG] AutoSave :: Auto saving settings...
[2026-04-09 07:22:31.777 DBG] Users :: Time to save 18.4729ms
[2026-04-09 07:22:31.801 DBG] Actions :: Time to save 23.1348ms
[2026-04-09 07:22:31.817 DBG] Commands :: Time to save 16.4701ms
[2026-04-09 07:22:31.834 DBG] Twitch Rewards :: Time to save 16.1865ms
[2026-04-09 07:22:31.848 DBG] Midi :: Time to save 14.0546ms
[2026-04-09 07:22:31.862 DBG] OBS Settings :: Time to save 14.669ms
[2026-04-09 07:22:31.876 DBG] MeldStudio Settings :: Time to save 14.0716ms
[2026-04-09 07:22:31.891 DBG] Credits :: Time to save 14.2748ms
[2026-04-09 07:22:31.907 DBG] Quotes :: Time to save 16.9543ms
[2026-04-09 07:22:31.979 DBG] Config :: Time to save 18.2341ms
[2026-04-09 07:23:16.824 DBG] ViewerRepo :: UpdatePresence(twitch, 5), 0.0352ms
[2026-04-09 07:23:16.877 DBG] TwitchService :: Presence Timer :: Artificially updated presence with a threshold of 5 minutes (53.3208ms)
[2026-04-09 07:24:16.825 DBG] ViewerRepo :: UpdatePresence(twitch, 5), 0.0372ms
[2026-04-09 07:24:16.887 DBG] TwitchService :: Presence Timer :: Artificially updated presence with a threshold of 5 minutes (62.6524ms)
[2026-04-09 07:25:16.826 DBG] ViewerRepo :: UpdatePresence(twitch, 5), 0.0351ms
[2026-04-09 07:25:16.884 DBG] TwitchService :: Presence Timer :: Artificially updated presence with a threshold of 5 minutes (58.5901ms)
[2026-04-09 07:26:16.829 DBG] ViewerRepo :: UpdatePresence(twitch, 5), 0.0377ms
[2026-04-09 07:26:16.902 DBG] TwitchService :: Presence Timer :: Artificially updated presence with a threshold of 5 minutes (72.1407ms)
[2026-04-09 07:27:04.261 DBG] Credits :: Time to save 16.643ms
[2026-04-09 07:27:16.858 DBG] ViewerRepo :: UpdatePresence(twitch, 5), 0.0359ms
[2026-04-09 07:27:16.909 DBG] TwitchService :: Presence Timer :: Artificially updated presence with a threshold of 5 minutes (51.4721ms)
[2026-04-09 07:27:24.432 DBG] ActionDispatcher :: Queueing 'Sub Goal' (361aa588-5f31-4e19-b8a5-099cae52479d, TimedAction) to 'Default' (00000000-0000-0000-0000-000000000000), with 11 arguments
[2026-04-09 07:27:24.432 DBG] ActionQueue :: 'Default' (00000000-0000-0000-0000-000000000000) :: Enqueue action 361aa588-5f31-4e19-b8a5-099cae52479d
[2026-04-09 07:27:24.432 DBG] ActionQueue :: 'Default' (00000000-0000-0000-0000-000000000000) :: Handling queue
[2026-04-09 07:27:24.432 DBG] ActionQueue :: 'Default' (00000000-0000-0000-0000-000000000000) :: Performing non-blocking 'Sub Goal' (361aa588-5f31-4e19-b8a5-099cae52479d, 041baa99-8f53-4cf3-bc22-bf597e92768b)
[2026-04-09 07:27:31.990 DBG] AutoSave :: Auto saving settings...
[2026-04-09 07:27:32.009 DBG] Users :: Time to save 19.1635ms
[2026-04-09 07:27:32.033 DBG] Actions :: Time to save 24.567ms
[2026-04-09 07:27:32.051 DBG] Commands :: Time to save 17.0055ms
[2026-04-09 07:27:32.069 DBG] Twitch Rewards :: Time to save 18.1243ms
[2026-04-09 07:27:32.083 DBG] Midi :: Time to save 14.2892ms
[2026-04-09 07:27:32.094 DBG] OBS Settings :: Time to save 11.3959ms
[2026-04-09 07:27:32.110 DBG] MeldStudio Settings :: Time to save 15.2827ms
[2026-04-09 07:27:32.125 DBG] Credits :: Time to save 15.9244ms
[2026-04-09 07:27:32.143 DBG] Quotes :: Time to save 17.8011ms
[2026-04-09 07:27:32.212 DBG] Config :: Time to save 20.3569ms
[2026-04-09 07:28:16.865 DBG] ViewerRepo :: UpdatePresence(twitch, 5), 0.0367ms
[2026-04-09 07:28:16.919 DBG] TwitchService :: Presence Timer :: Artificially updated presence with a threshold of 5 minutes (53.9704ms)
[2026-04-09 07:29:16.868 DBG] ViewerRepo :: UpdatePresence(twitch, 5), 0.0358ms
[2026-04-09 07:29:16.923 DBG] TwitchService :: Presence Timer :: Artificially updated presence with a threshold of 5 minutes (54.2544ms)
[2026-04-09 07:30:16.882 DBG] ViewerRepo :: UpdatePresence(twitch, 5), 0.0353ms
[2026-04-09 07:30:16.939 DBG] TwitchService :: Presence Timer :: Artificially updated presence with a threshold of 5 minutes (58.0226ms)
[2026-04-09 07:31:16.886 DBG] ViewerRepo :: UpdatePresence(twitch, 5), 0.0361ms
[2026-04-09 07:31:16.940 DBG] TwitchService :: Presence Timer :: Artificially updated presence with a threshold of 5 minutes (54.3897ms)
[2026-04-09 07:32:04.262 DBG] Credits :: Time to save 16.5953ms
[2026-04-09 07:32:16.901 DBG] ViewerRepo :: UpdatePresence(twitch, 5), 0.0369ms
[2026-04-09 07:32:16.959 DBG] TwitchService :: Presence Timer :: Artificially updated presence with a threshold of 5 minutes (58.2978ms)
[2026-04-09 07:32:32.235 DBG] AutoSave :: Auto saving settings...
[2026-04-09 07:32:32.253 DBG] Users :: Time to save 17.7375ms
[2026-04-09 07:32:32.279 DBG] Actions :: Time to save 26.1916ms
[2026-04-09 07:32:32.295 DBG] Commands :: Time to save 16.0339ms
[2026-04-09 07:32:32.312 DBG] Twitch Rewards :: Time to save 16.7914ms
[2026-04-09 07:32:32.327 DBG] Midi :: Time to save 15.5804ms
[2026-04-09 07:32:32.342 DBG] OBS Settings :: Time to save 14.6876ms
[2026-04-09 07:32:32.357 DBG] MeldStudio Settings :: Time to save 14.6811ms
[2026-04-09 07:32:32.371 DBG] Credits :: Time to save 14.207ms
[2026-04-09 07:32:32.384 DBG] Quotes :: Time to save 12.4374ms
[2026-04-09 07:32:32.473 DBG] Config :: Time to save 20.2041ms
[2026-04-09 07:33:16.913 DBG] ViewerRepo :: UpdatePresence(twitch, 5), 0.0408ms
[2026-04-09 07:33:16.967 DBG] TwitchService :: Presence Timer :: Artificially updated presence with a threshold of 5 minutes (54.9061ms)
[2026-04-09 07:34:16.916 DBG] ViewerRepo :: UpdatePresence(twitch, 5), 0.0364ms
[2026-04-09 07:34:16.975 DBG] TwitchService :: Presence Timer :: Artificially updated presence with a threshold of 5 minutes (59.6489ms)
[2026-04-09 07:35:16.917 DBG] ViewerRepo :: UpdatePresence(twitch, 5), 0.0374ms
[2026-04-09 07:35:16.971 DBG] TwitchService :: Presence Timer :: Artificially updated presence with a threshold of 5 minutes (54.0481ms)
[2026-04-09 07:36:16.930 DBG] ViewerRepo :: UpdatePresence(twitch, 5), 0.0355ms
[2026-04-09 07:36:16.986 DBG] TwitchService :: Presence Timer :: Artificially updated presence with a threshold of 5 minutes (57.1884ms)
[2026-04-09 07:37:04.265 DBG] Credits :: Time to save 17.0179ms
[2026-04-09 07:37:16.938 DBG] ViewerRepo :: UpdatePresence(twitch, 5), 0.0368ms
[2026-04-09 07:37:16.992 DBG] TwitchService :: Presence Timer :: Artificially updated presence with a threshold of 5 minutes (53.4262ms)
[2026-04-09 07:37:24.717 DBG] ActionDispatcher :: Queueing 'Sub Goal' (361aa588-5f31-4e19-b8a5-099cae52479d, TimedAction) to 'Default' (00000000-0000-0000-0000-000000000000), with 11 arguments
[2026-04-09 07:37:24.717 DBG] ActionQueue :: 'Default' (00000000-0000-0000-0000-000000000000) :: Enqueue action 361aa588-5f31-4e19-b8a5-099cae52479d
[2026-04-09 07:37:24.717 DBG] ActionQueue :: 'Default' (00000000-0000-0000-0000-000000000000) :: Handling queue
[2026-04-09 07:37:24.717 DBG] ActionQueue :: 'Default' (00000000-0000-0000-0000-000000000000) :: Performing non-blocking 'Sub Goal' (361aa588-5f31-4e19-b8a5-099cae52479d, 23afbe1a-e618-4abb-89ad-864810ef96fd)
[2026-04-09 07:37:32.485 DBG] AutoSave :: Auto saving settings...
[2026-04-09 07:37:32.503 DBG] Users :: Time to save 18.3584ms
[2026-04-09 07:37:32.527 DBG] Actions :: Time to save 24.6359ms
[2026-04-09 07:37:32.545 DBG] Commands :: Time to save 16.967ms
[2026-04-09 07:37:32.562 DBG] Twitch Rewards :: Time to save 16.3361ms
[2026-04-09 07:37:32.575 DBG] Midi :: Time to save 14.3308ms
[2026-04-09 07:37:32.590 DBG] OBS Settings :: Time to save 14.79ms
[2026-04-09 07:37:32.606 DBG] MeldStudio Settings :: Time to save 15.1203ms
[2026-04-09 07:37:32.620 DBG] Credits :: Time to save 14.3857ms
[2026-04-09 07:37:32.637 DBG] Quotes :: Time to save 16.8731ms
[2026-04-09 07:37:32.722 DBG] Config :: Time to save 18.6641ms
[2026-04-09 07:38:16.943 DBG] ViewerRepo :: UpdatePresence(twitch, 5), 0.0363ms
[2026-04-09 07:38:16.997 DBG] TwitchService :: Presence Timer :: Artificially updated presence with a threshold of 5 minutes (54.4639ms)
[2026-04-09 07:39:16.954 DBG] ViewerRepo :: UpdatePresence(twitch, 5), 0.0344ms
[2026-04-09 07:39:17.007 DBG] TwitchService :: Presence Timer :: Artificially updated presence with a threshold of 5 minutes (54.0875ms)
[2026-04-09 07:40:16.954 DBG] ViewerRepo :: UpdatePresence(twitch, 5), 0.0355ms
[2026-04-09 07:40:17.009 DBG] TwitchService :: Presence Timer :: Artificially updated presence with a threshold of 5 minutes (54.7622ms)
[2026-04-09 07:41:16.969 DBG] ViewerRepo :: UpdatePresence(twitch, 5), 0.0355ms
[2026-04-09 07:41:17.025 DBG] TwitchService :: Presence Timer :: Artificially updated presence with a threshold of 5 minutes (56.5838ms)
[2026-04-09 07:42:04.267 DBG] Credits :: Time to save 16.2443ms
[2026-04-09 07:42:16.975 DBG] ViewerRepo :: UpdatePresence(twitch, 5), 0.037ms
[2026-04-09 07:42:17.035 DBG] TwitchService :: Presence Timer :: Artificially updated presence with a threshold of 5 minutes (59.8864ms)
[2026-04-09 07:42:32.725 DBG] AutoSave :: Auto saving settings...
[2026-04-09 07:42:32.743 DBG] Users :: Time to save 18.7038ms
[2026-04-09 07:42:32.770 DBG] Actions :: Time to save 25.8835ms
[2026-04-09 07:42:32.787 DBG] Commands :: Time to save 17.6717ms
[2026-04-09 07:42:32.804 DBG] Twitch Rewards :: Time to save 16.5292ms
[2026-04-09 07:42:32.817 DBG] Midi :: Time to save 13.6286ms
[2026-04-09 07:42:32.833 DBG] OBS Settings :: Time to save 14.9592ms
[2026-04-09 07:42:32.844 DBG] MeldStudio Settings :: Time to save 11.7271ms
[2026-04-09 07:42:32.859 DBG] Credits :: Time to save 14.885ms
[2026-04-09 07:42:32.876 DBG] Quotes :: Time to save 16.7445ms
[2026-04-09 07:42:32.945 DBG] Config :: Time to save 19.4178ms
[2026-04-09 07:42:42.354 DBG] Twitch EventSub (Bot) :: Disconnected
[2026-04-09 07:42:42.354 INF] TwitchService :: Disconnected from Bot EventSub
[2026-04-09 07:42:44.366 DBG] TwitchService :: Retrying Bot EventSub connection
[2026-04-09 07:42:44.366 INF] TwitchService :: Connecting to Bot EventSub
[2026-04-09 07:42:44.366 DBG] Twitch EventSub (Bot) :: Opening connection
[2026-04-09 07:42:44.495 DBG] Twitch EventSub (Bot) :: Subscribing to 1 events
[2026-04-09 07:42:44.706 DBG] Twitch EventSub (Broadcaster) :: Disconnected
[2026-04-09 07:42:44.706 INF] TwitchService :: Disconnected from Broadcaster EventSub
[2026-04-09 07:42:44.797 INF] TwitchService :: Connected to Bot EventSub, and authenticated
[2026-04-09 07:42:46.719 DBG] TwitchService :: Retrying broadcaster EventSub connection
[2026-04-09 07:42:46.719 INF] TwitchService :: Connecting to Broadcaster EventSub
[2026-04-09 07:42:46.719 DBG] Twitch EventSub (Broadcaster) :: Opening connection
[2026-04-09 07:42:46.835 DBG] Twitch EventSub (Broadcaster) :: Subscribing to 56 events
[2026-04-09 07:42:51.874 INF] TwitchService :: Connected to Broadcaster EventSub, and authenticated
[2026-04-09 07:43:16.988 DBG] ViewerRepo :: UpdatePresence(twitch, 5), 0.0331ms
[2026-04-09 07:43:17.045 DBG] TwitchService :: Presence Timer :: Artificially updated presence with a threshold of 5 minutes (56.8444ms)
[2026-04-09 07:44:16.996 DBG] ViewerRepo :: UpdatePresence(twitch, 5), 0.0394ms
[2026-04-09 07:44:17.052 DBG] TwitchService :: Presence Timer :: Artificially updated presence with a threshold of 5 minutes (56.0516ms)
[2026-04-09 07:45:17.006 DBG] ViewerRepo :: UpdatePresence(twitch, 5), 0.0355ms
[2026-04-09 07:45:17.062 DBG] TwitchService :: Presence Timer :: Artificially updated presence with a threshold of 5 minutes (55.926ms)
[2026-04-09 07:46:17.010 DBG] ViewerRepo :: UpdatePresence(twitch, 5), 0.0349ms
[2026-04-09 07:46:17.064 DBG] TwitchService :: Presence Timer :: Artificially updated presence with a threshold of 5 minutes (55.348ms)
[2026-04-09 07:47:04.271 DBG] Credits :: Time to save 17.0554ms
[2026-04-09 07:47:17.020 DBG] ViewerRepo :: UpdatePresence(twitch, 5), 0.1416ms
[2026-04-09 07:47:17.508 DBG] TwitchService :: Presence Timer :: Artificially updated presence with a threshold of 5 minutes (489.2581ms)
[2026-04-09 07:47:24.974 DBG] ActionDispatcher :: Queueing 'Sub Goal' (361aa588-5f31-4e19-b8a5-099cae52479d, TimedAction) to 'Default' (00000000-0000-0000-0000-000000000000), with 11 arguments
[2026-04-09 07:47:24.974 DBG] ActionQueue :: 'Default' (00000000-0000-0000-0000-000000000000) :: Enqueue action 361aa588-5f31-4e19-b8a5-099cae52479d
[2026-04-09 07:47:24.974 DBG] ActionQueue :: 'Default' (00000000-0000-0000-0000-000000000000) :: Handling queue
[2026-04-09 07:47:24.974 DBG] ActionQueue :: 'Default' (00000000-0000-0000-0000-000000000000) :: Performing non-blocking 'Sub Goal' (361aa588-5f31-4e19-b8a5-099cae52479d, 16ac7160-6382-46a6-b721-b2b283c1eada)
[2026-04-09 07:47:32.956 DBG] AutoSave :: Auto saving settings...
[2026-04-09 07:47:32.975 DBG] Users :: Time to save 19.6599ms
[2026-04-09 07:47:33.000 DBG] Actions :: Time to save 24.4849ms
[2026-04-09 07:47:33.016 DBG] Commands :: Time to save 16.6693ms
[2026-04-09 07:47:33.034 DBG] Twitch Rewards :: Time to save 17.8484ms
[2026-04-09 07:47:33.049 DBG] Midi :: Time to save 13.9314ms
[2026-04-09 07:47:33.063 DBG] OBS Settings :: Time to save 15.1106ms
[2026-04-09 07:47:33.077 DBG] MeldStudio Settings :: Time to save 14.5798ms
[2026-04-09 07:47:33.093 DBG] Credits :: Time to save 14.9923ms
[2026-04-09 07:47:33.110 DBG] Quotes :: Time to save 16.9796ms
[2026-04-09 07:47:33.177 DBG] Config :: Time to save 18.863ms
[2026-04-09 07:48:17.035 DBG] ViewerRepo :: UpdatePresence(twitch, 5), 0.0365ms
[2026-04-09 07:48:17.086 DBG] TwitchService :: Presence Timer :: Artificially updated presence with a threshold of 5 minutes (51.1443ms)
[2026-04-09 07:49:17.037 DBG] ViewerRepo :: UpdatePresence(twitch, 5), 0.0379ms
[2026-04-09 07:49:17.092 DBG] TwitchService :: Presence Timer :: Artificially updated presence with a threshold of 5 minutes (55.1257ms)
[2026-04-09 07:50:17.046 DBG] ViewerRepo :: UpdatePresence(twitch, 5), 0.0398ms
[2026-04-09 07:50:17.117 DBG] TwitchService :: Presence Timer :: Artificially updated presence with a threshold of 5 minutes (72.4304ms)
[2026-04-09 07:51:17.060 DBG] ViewerRepo :: UpdatePresence(twitch, 5), 0.0363ms
[2026-04-09 07:51:17.115 DBG] TwitchService :: Presence Timer :: Artificially updated presence with a threshold of 5 minutes (55.6368ms)
[2026-04-09 07:52:04.276 DBG] Credits :: Time to save 18.0664ms
[2026-04-09 07:52:17.078 DBG] ViewerRepo :: UpdatePresence(twitch, 5), 0.0384ms
[2026-04-09 07:52:17.136 DBG] TwitchService :: Presence Timer :: Artificially updated presence with a threshold of 5 minutes (57.9716ms)
[2026-04-09 07:52:33.207 DBG] AutoSave :: Auto saving settings...
[2026-04-09 07:52:33.227 DBG] Users :: Time to save 19.9023ms
[2026-04-09 07:52:33.251 DBG] Actions :: Time to save 24.0464ms
[2026-04-09 07:52:33.264 DBG] Commands :: Time to save 13.0429ms
[2026-04-09 07:52:33.276 DBG] Twitch Rewards :: Time to save 11.8076ms
[2026-04-09 07:52:33.289 DBG] Midi :: Time to save 13.2313ms
[2026-04-09 07:52:33.306 DBG] OBS Settings :: Time to save 16.1716ms
[2026-04-09 07:52:33.320 DBG] MeldStudio Settings :: Time to save 14.1217ms
[2026-04-09 07:52:33.333 DBG] Credits :: Time to save 13.4617ms
[2026-04-09 07:52:33.350 DBG] Quotes :: Time to save 16.5138ms
[2026-04-09 07:52:33.426 DBG] Config :: Time to save 15.1941ms
[2026-04-09 07:53:17.093 DBG] ViewerRepo :: UpdatePresence(twitch, 5), 0.04ms
[2026-04-09 07:53:17.151 DBG] TwitchService :: Presence Timer :: Artificially updated presence with a threshold of 5 minutes (58.6905ms)
[2026-04-09 07:54:17.101 DBG] ViewerRepo :: UpdatePresence(twitch, 5), 0.0488ms
[2026-04-09 07:54:17.159 DBG] TwitchService :: Presence Timer :: Artificially updated presence with a threshold of 5 minutes (57.91ms)
[2026-04-09 07:55:17.113 DBG] ViewerRepo :: UpdatePresence(twitch, 5), 0.0368ms
[2026-04-09 07:55:17.170 DBG] TwitchService :: Presence Timer :: Artificially updated presence with a threshold of 5 minutes (57.0507ms)
[2026-04-09 07:56:17.129 DBG] ViewerRepo :: UpdatePresence(twitch, 5), 0.0369ms
[2026-04-09 07:56:17.184 DBG] TwitchService :: Presence Timer :: Artificially updated presence with a threshold of 5 minutes (55.4645ms)
[2026-04-09 07:57:04.275 DBG] Credits :: Time to save 16.907ms
[2026-04-09 07:57:17.153 DBG] ViewerRepo :: UpdatePresence(twitch, 5), 0.0355ms
[2026-04-09 07:57:17.209 DBG] TwitchService :: Presence Timer :: Artificially updated presence with a threshold of 5 minutes (55.9426ms)
[2026-04-09 07:57:25.291 DBG] ActionDispatcher :: Queueing 'Sub Goal' (361aa588-5f31-4e19-b8a5-099cae52479d, TimedAction) to 'Default' (00000000-0000-0000-0000-000000000000), with 11 arguments
[2026-04-09 07:57:25.291 DBG] ActionQueue :: 'Default' (00000000-0000-0000-0000-000000000000) :: Enqueue action 361aa588-5f31-4e19-b8a5-099cae52479d
[2026-04-09 07:57:25.291 DBG] ActionQueue :: 'Default' (00000000-0000-0000-0000-000000000000) :: Handling queue
[2026-04-09 07:57:25.291 DBG] ActionQueue :: 'Default' (00000000-0000-0000-0000-000000000000) :: Performing non-blocking 'Sub Goal' (361aa588-5f31-4e19-b8a5-099cae52479d, 3831dd65-1ba5-4e01-aac9-f6e79fd7bef9)
[2026-04-09 07:57:33.436 DBG] AutoSave :: Auto saving settings...
[2026-04-09 07:57:33.457 DBG] Users :: Time to save 21.1398ms
[2026-04-09 07:57:33.481 DBG] Actions :: Time to save 23.571ms
[2026-04-09 07:57:33.497 DBG] Commands :: Time to save 16.2226ms
[2026-04-09 07:57:33.514 DBG] Twitch Rewards :: Time to save 17.1644ms
[2026-04-09 07:57:33.529 DBG] Midi :: Time to save 14.8908ms
[2026-04-09 07:57:33.543 DBG] OBS Settings :: Time to save 14.2857ms
[2026-04-09 07:57:33.557 DBG] MeldStudio Settings :: Time to save 14.4052ms
[2026-04-09 07:57:33.572 DBG] Credits :: Time to save 14.0846ms
[2026-04-09 07:57:33.590 DBG] Quotes :: Time to save 17.8364ms
[2026-04-09 07:57:33.659 DBG] Config :: Time to save 19.9505ms
[2026-04-09 07:58:17.162 DBG] ViewerRepo :: UpdatePresence(twitch, 5), 0.0363ms
[2026-04-09 07:58:17.220 DBG] TwitchService :: Presence Timer :: Artificially updated presence with a threshold of 5 minutes (57.7044ms)
[2026-04-09 07:58:43.686 DBG] Streamer.bot Website Socket :: Disconnected
[2026-04-09 07:58:43.686 INF] Streamer.bot Service :: Disconnected from Website Client
[2026-04-09 07:58:45.697 DBG] Streamer.bot Service :: Retrying website client connection
[2026-04-09 07:58:45.697 INF] Streamer.bot Service :: Connecting to Website Client
[2026-04-09 07:58:45.697 DBG] Streamer.bot Website Socket :: Opening connection
[2026-04-09 07:58:46.077 INF] Streamer.bot Service :: Website Client authenticated
[2026-04-09 07:58:46.077 INF] Streamer.bot Service :: Connected to Website Client
[2026-04-09 07:59:17.163 DBG] ViewerRepo :: UpdatePresence(twitch, 5), 0.0365ms
[2026-04-09 07:59:17.217 DBG] TwitchService :: Presence Timer :: Artificially updated presence with a threshold of 5 minutes (55.7288ms)
[2026-04-09 08:00:17.176 DBG] ViewerRepo :: UpdatePresence(twitch, 5), 0.0358ms
[2026-04-09 08:00:17.231 DBG] TwitchService :: Presence Timer :: Artificially updated presence with a threshold of 5 minutes (55.9202ms)
[2026-04-09 08:01:17.187 DBG] ViewerRepo :: UpdatePresence(twitch, 5), 0.0398ms
[2026-04-09 08:01:17.242 DBG] TwitchService :: Presence Timer :: Artificially updated presence with a threshold of 5 minutes (56.5508ms)
[2026-04-09 08:02:04.288 DBG] Credits :: Time to save 15.7106ms
[2026-04-09 08:02:17.197 DBG] ViewerRepo :: UpdatePresence(twitch, 5), 0.0373ms
[2026-04-09 08:02:17.253 DBG] TwitchService :: Presence Timer :: Artificially updated presence with a threshold of 5 minutes (56.8137ms)
[2026-04-09 08:02:33.699 DBG] AutoSave :: Auto saving settings...
[2026-04-09 08:02:33.717 DBG] Users :: Time to save 18.602ms
[2026-04-09 08:02:33.735 DBG] Actions :: Time to save 18.1475ms
[2026-04-09 08:02:33.755 DBG] Commands :: Time to save 19.5722ms
[2026-04-09 08:02:33.773 DBG] Twitch Rewards :: Time to save 17.1306ms
[2026-04-09 08:02:33.786 DBG] Midi :: Time to save 13.7564ms
[2026-04-09 08:02:33.800 DBG] OBS Settings :: Time to save 14.2513ms
[2026-04-09 08:02:33.814 DBG] MeldStudio Settings :: Time to save 13.6519ms
[2026-04-09 08:02:33.829 DBG] Credits :: Time to save 14.4043ms
[2026-04-09 08:02:33.845 DBG] Quotes :: Time to save 16.7768ms
[2026-04-09 08:02:33.919 DBG] Config :: Time to save 17.918ms
[2026-04-09 08:03:17.200 DBG] ViewerRepo :: UpdatePresence(twitch, 5), 0.0345ms
[2026-04-09 08:03:17.254 DBG] TwitchService :: Presence Timer :: Artificially updated presence with a threshold of 5 minutes (54.6687ms)
[2026-04-09 08:04:17.209 DBG] ViewerRepo :: UpdatePresence(twitch, 5), 0.0381ms
[2026-04-09 08:04:17.267 DBG] TwitchService :: Presence Timer :: Artificially updated presence with a threshold of 5 minutes (59.2581ms)
[2026-04-09 08:05:17.222 DBG] ViewerRepo :: UpdatePresence(twitch, 5), 0.0378ms
[2026-04-09 08:05:17.279 DBG] TwitchService :: Presence Timer :: Artificially updated presence with a threshold of 5 minutes (57.503ms)
[2026-04-09 08:05:34.285 DBG] Twitch EventSub (Bot) :: Disconnected
[2026-04-09 08:05:34.285 INF] TwitchService :: Disconnected from Bot EventSub
[2026-04-09 08:05:36.300 DBG] TwitchService :: Retrying Bot EventSub connection
[2026-04-09 08:05:36.300 INF] TwitchService :: Connecting to Bot EventSub
[2026-04-09 08:05:36.300 DBG] Twitch EventSub (Bot) :: Opening connection
[2026-04-09 08:05:36.430 DBG] Twitch EventSub (Bot) :: Subscribing to 1 events
[2026-04-09 08:05:36.799 INF] TwitchService :: Connected to Bot EventSub, and authenticated
[2026-04-09 08:06:17.236 DBG] ViewerRepo :: UpdatePresence(twitch, 5), 0.0361ms
[2026-04-09 08:06:17.289 DBG] TwitchService :: Presence Timer :: Artificially updated presence with a threshold of 5 minutes (52.5112ms)
[2026-04-09 08:07:04.292 DBG] Credits :: Time to save 18.2672ms
[2026-04-09 08:07:17.251 DBG] ViewerRepo :: UpdatePresence(twitch, 5), 0.035ms
[2026-04-09 08:07:17.310 DBG] TwitchService :: Presence Timer :: Artificially updated presence with a threshold of 5 minutes (59.7041ms)
[2026-04-09 08:07:25.595 DBG] ActionDispatcher :: Queueing 'Sub Goal' (361aa588-5f31-4e19-b8a5-099cae52479d, TimedAction) to 'Default' (00000000-0000-0000-0000-000000000000), with 11 arguments
[2026-04-09 08:07:25.595 DBG] ActionQueue :: 'Default' (00000000-0000-0000-0000-000000000000) :: Enqueue action 361aa588-5f31-4e19-b8a5-099cae52479d
[2026-04-09 08:07:25.595 DBG] ActionQueue :: 'Default' (00000000-0000-0000-0000-000000000000) :: Handling queue
[2026-04-09 08:07:25.595 DBG] ActionQueue :: 'Default' (00000000-0000-0000-0000-000000000000) :: Performing non-blocking 'Sub Goal' (361aa588-5f31-4e19-b8a5-099cae52479d, d3213e32-4405-4bf6-b03c-5b67089d9031)
[2026-04-09 08:07:33.963 DBG] AutoSave :: Auto saving settings...
[2026-04-09 08:07:33.982 DBG] Users :: Time to save 18.8214ms
[2026-04-09 08:07:34.006 DBG] Actions :: Time to save 24.8868ms
[2026-04-09 08:07:34.023 DBG] Commands :: Time to save 16.8052ms
[2026-04-09 08:07:34.041 DBG] Twitch Rewards :: Time to save 18.0434ms
[2026-04-09 08:07:34.055 DBG] Midi :: Time to save 14.0126ms
[2026-04-09 08:07:34.070 DBG] OBS Settings :: Time to save 14.4482ms
[2026-04-09 08:07:34.084 DBG] MeldStudio Settings :: Time to save 13.9788ms
[2026-04-09 08:07:34.097 DBG] Credits :: Time to save 13.8525ms
[2026-04-09 08:07:34.114 DBG] Quotes :: Time to save 17.049ms
[2026-04-09 08:07:34.186 DBG] Config :: Time to save 19.2224ms
[2026-04-09 08:08:17.265 DBG] ViewerRepo :: UpdatePresence(twitch, 5), 0.0356ms
[2026-04-09 08:08:17.324 DBG] TwitchService :: Presence Timer :: Artificially updated presence with a threshold of 5 minutes (59.1129ms)
[2026-04-09 08:09:17.272 DBG] ViewerRepo :: UpdatePresence(twitch, 5), 0.0502ms
[2026-04-09 08:09:17.324 DBG] TwitchService :: Presence Timer :: Artificially updated presence with a threshold of 5 minutes (52.4385ms)
[2026-04-09 08:10:17.284 DBG] ViewerRepo :: UpdatePresence(twitch, 5), 0.0385ms
[2026-04-09 08:10:17.339 DBG] TwitchService :: Presence Timer :: Artificially updated presence with a threshold of 5 minutes (55.9427ms)
[2026-04-09 08:11:17.285 DBG] ViewerRepo :: UpdatePresence(twitch, 5), 0.0361ms
[2026-04-09 08:11:17.341 DBG] TwitchService :: Presence Timer :: Artificially updated presence with a threshold of 5 minutes (56.2069ms)
[2026-04-09 08:12:04.304 DBG] Credits :: Time to save 14.8104ms
[2026-04-09 08:12:17.290 DBG] ViewerRepo :: UpdatePresence(twitch, 5), 0.0363ms
[2026-04-09 08:12:17.346 DBG] TwitchService :: Presence Timer :: Artificially updated presence with a threshold of 5 minutes (57.4813ms)
[2026-04-09 08:12:34.204 DBG] AutoSave :: Auto saving settings...
[2026-04-09 08:12:34.222 DBG] Users :: Time to save 19.1724ms
[2026-04-09 08:12:34.247 DBG] Actions :: Time to save 24.126ms
[2026-04-09 08:12:34.264 DBG] Commands :: Time to save 16.9023ms
[2026-04-09 08:12:34.281 DBG] Twitch Rewards :: Time to save 16.5036ms
[2026-04-09 08:12:34.295 DBG] Midi :: Time to save 14.1947ms
[2026-04-09 08:12:34.310 DBG] OBS Settings :: Time to save 15.4311ms
[2026-04-09 08:12:34.326 DBG] MeldStudio Settings :: Time to save 15.7958ms
[2026-04-09 08:12:34.341 DBG] Credits :: Time to save 14.5925ms
[2026-04-09 08:12:34.357 DBG] Quotes :: Time to save 16.8387ms
[2026-04-09 08:12:34.441 DBG] Config :: Time to save 20.6306ms
[2026-04-09 08:13:17.304 DBG] ViewerRepo :: UpdatePresence(twitch, 5), 0.0345ms
[2026-04-09 08:13:17.356 DBG] TwitchService :: Presence Timer :: Artificially updated presence with a threshold of 5 minutes (52.1817ms)
[2026-04-09 08:14:17.329 DBG] ViewerRepo :: UpdatePresence(twitch, 5), 0.0393ms
[2026-04-09 08:14:17.384 DBG] TwitchService :: Presence Timer :: Artificially updated presence with a threshold of 5 minutes (55.9645ms)
[2026-04-09 08:15:17.333 DBG] ViewerRepo :: UpdatePresence(twitch, 5), 0.0358ms
[2026-04-09 08:15:17.384 DBG] TwitchService :: Presence Timer :: Artificially updated presence with a threshold of 5 minutes (51.7769ms)
[2026-04-09 08:16:17.337 DBG] ViewerRepo :: UpdatePresence(twitch, 5), 0.0358ms
[2026-04-09 08:16:17.392 DBG] TwitchService :: Presence Timer :: Artificially updated presence with a threshold of 5 minutes (55.3893ms)
[2026-04-09 08:17:04.313 DBG] Credits :: Time to save 15.7855ms
[2026-04-09 08:17:17.347 DBG] ViewerRepo :: UpdatePresence(twitch, 5), 0.0477ms
[2026-04-09 08:17:17.403 DBG] TwitchService :: Presence Timer :: Artificially updated presence with a threshold of 5 minutes (55.3257ms)
[2026-04-09 08:17:25.674 DBG] ActionDispatcher :: Queueing 'Sub Goal' (361aa588-5f31-4e19-b8a5-099cae52479d, TimedAction) to 'Default' (00000000-0000-0000-0000-000000000000), with 11 arguments
[2026-04-09 08:17:25.674 DBG] ActionQueue :: 'Default' (00000000-0000-0000-0000-000000000000) :: Enqueue action 361aa588-5f31-4e19-b8a5-099cae52479d
[2026-04-09 08:17:25.674 DBG] ActionQueue :: 'Default' (00000000-0000-0000-0000-000000000000) :: Handling queue
[2026-04-09 08:17:25.674 DBG] ActionQueue :: 'Default' (00000000-0000-0000-0000-000000000000) :: Performing non-blocking 'Sub Goal' (361aa588-5f31-4e19-b8a5-099cae52479d, 9e19aad7-1526-487f-99e5-02522ed2a103)
[2026-04-09 08:17:34.439 DBG] AutoSave :: Auto saving settings...
[2026-04-09 08:17:34.456 DBG] Users :: Time to save 18.2807ms
[2026-04-09 08:17:34.482 DBG] Actions :: Time to save 24.8648ms
[2026-04-09 08:17:34.498 DBG] Commands :: Time to save 16.5424ms
[2026-04-09 08:17:34.515 DBG] Twitch Rewards :: Time to save 16.5807ms
[2026-04-09 08:17:34.529 DBG] Midi :: Time to save 13.7438ms
[2026-04-09 08:17:34.543 DBG] OBS Settings :: Time to save 14.966ms
[2026-04-09 08:17:34.557 DBG] MeldStudio Settings :: Time to save 14.411ms
[2026-04-09 08:17:34.574 DBG] Credits :: Time to save 15.5262ms
[2026-04-09 08:17:34.592 DBG] Quotes :: Time to save 17.7812ms
[2026-04-09 08:17:34.661 DBG] Config :: Time to save 18.8496ms
[2026-04-09 08:18:17.360 DBG] ViewerRepo :: UpdatePresence(twitch, 5), 0.0368ms
[2026-04-09 08:18:17.412 DBG] TwitchService :: Presence Timer :: Artificially updated presence with a threshold of 5 minutes (53.2892ms)
[2026-04-09 08:19:17.365 DBG] ViewerRepo :: UpdatePresence(twitch, 5), 0.039ms
[2026-04-09 08:19:17.420 DBG] TwitchService :: Presence Timer :: Artificially updated presence with a threshold of 5 minutes (55.2564ms)
[2026-04-09 08:20:17.378 DBG] ViewerRepo :: UpdatePresence(twitch, 5), 0.0358ms
[2026-04-09 08:20:17.436 DBG] TwitchService :: Presence Timer :: Artificially updated presence with a threshold of 5 minutes (57.7026ms)
[2026-04-09 08:21:17.393 DBG] ViewerRepo :: UpdatePresence(twitch, 5), 0.0364ms
[2026-04-09 08:21:17.446 DBG] TwitchService :: Presence Timer :: Artificially updated presence with a threshold of 5 minutes (53.9845ms)
[2026-04-09 08:22:04.319 DBG] Credits :: Time to save 18.7906ms
[2026-04-09 08:22:17.407 DBG] ViewerRepo :: UpdatePresence(twitch, 5), 0.0356ms
[2026-04-09 08:22:17.463 DBG] TwitchService :: Presence Timer :: Artificially updated presence with a threshold of 5 minutes (56.0208ms)
[2026-04-09 08:22:34.695 DBG] AutoSave :: Auto saving settings...
[2026-04-09 08:22:34.714 DBG] Users :: Time to save 18.805ms
[2026-04-09 08:22:34.740 DBG] Actions :: Time to save 26.3779ms
[2026-04-09 08:22:34.757 DBG] Commands :: Time to save 16.7422ms
[2026-04-09 08:22:34.774 DBG] Twitch Rewards :: Time to save 17.9637ms
[2026-04-09 08:22:34.789 DBG] Midi :: Time to save 14.0846ms
[2026-04-09 08:22:34.804 DBG] OBS Settings :: Time to save 14.8328ms
[2026-04-09 08:22:34.817 DBG] MeldStudio Settings :: Time to save 13.8326ms
[2026-04-09 08:22:34.828 DBG] Credits :: Time to save 10.4343ms
[2026-04-09 08:22:34.846 DBG] Quotes :: Time to save 17.6245ms
[2026-04-09 08:22:34.917 DBG] Config :: Time to save 18.9238ms
[2026-04-09 08:23:17.420 DBG] ViewerRepo :: UpdatePresence(twitch, 5), 0.0413ms
[2026-04-09 08:23:17.473 DBG] TwitchService :: Presence Timer :: Artificially updated presence with a threshold of 5 minutes (53.154ms)
[2026-04-09 08:24:17.434 DBG] ViewerRepo :: UpdatePresence(twitch, 5), 0.043ms
[2026-04-09 08:24:17.491 DBG] TwitchService :: Presence Timer :: Artificially updated presence with a threshold of 5 minutes (56.449ms)
[2026-04-09 08:25:17.435 DBG] ViewerRepo :: UpdatePresence(twitch, 5), 0.0362ms
[2026-04-09 08:25:17.490 DBG] TwitchService :: Presence Timer :: Artificially updated presence with a threshold of 5 minutes (55.1017ms)
[2026-04-09 08:26:17.450 DBG] ViewerRepo :: UpdatePresence(twitch, 5), 0.0344ms
[2026-04-09 08:26:17.507 DBG] TwitchService :: Presence Timer :: Artificially updated presence with a threshold of 5 minutes (57.9168ms)
[2026-04-09 08:27:04.327 DBG] Credits :: Time to save 16.2743ms
[2026-04-09 08:27:17.460 DBG] ViewerRepo :: UpdatePresence(twitch, 5), 0.0373ms
[2026-04-09 08:27:17.602 DBG] TwitchService :: Presence Timer :: Artificially updated presence with a threshold of 5 minutes (142.0631ms)
[2026-04-09 08:27:25.947 DBG] ActionDispatcher :: Queueing 'Sub Goal' (361aa588-5f31-4e19-b8a5-099cae52479d, TimedAction) to 'Default' (00000000-0000-0000-0000-000000000000), with 11 arguments
[2026-04-09 08:27:25.947 DBG] ActionQueue :: 'Default' (00000000-0000-0000-0000-000000000000) :: Enqueue action 361aa588-5f31-4e19-b8a5-099cae52479d
[2026-04-09 08:27:25.947 DBG] ActionQueue :: 'Default' (00000000-0000-0000-0000-000000000000) :: Handling queue
[2026-04-09 08:27:25.947 DBG] ActionQueue :: 'Default' (00000000-0000-0000-0000-000000000000) :: Performing non-blocking 'Sub Goal' (361aa588-5f31-4e19-b8a5-099cae52479d, bf9260e0-abe6-4b27-bf6b-c7a615cd94c4)
[2026-04-09 08:27:34.935 DBG] AutoSave :: Auto saving settings...
[2026-04-09 08:27:34.955 DBG] Users :: Time to save 20.0825ms
[2026-04-09 08:27:34.980 DBG] Actions :: Time to save 24.4644ms
[2026-04-09 08:27:34.997 DBG] Commands :: Time to save 17.9389ms
[2026-04-09 08:27:35.015 DBG] Twitch Rewards :: Time to save 17.4782ms
[2026-04-09 08:27:35.029 DBG] Midi :: Time to save 13.3497ms
[2026-04-09 08:27:35.043 DBG] OBS Settings :: Time to save 14.315ms
[2026-04-09 08:27:35.057 DBG] MeldStudio Settings :: Time to save 14.7279ms
[2026-04-09 08:27:35.072 DBG] Credits :: Time to save 15.2105ms
[2026-04-09 08:27:35.092 DBG] Quotes :: Time to save 18.6988ms
[2026-04-09 08:27:35.159 DBG] Config :: Time to save 19.3581ms
[2026-04-09 08:28:17.462 DBG] ViewerRepo :: UpdatePresence(twitch, 5), 0.0363ms
[2026-04-09 08:28:17.558 DBG] TwitchService :: Presence Timer :: Artificially updated presence with a threshold of 5 minutes (96.8307ms)
[2026-04-09 08:29:17.465 DBG] ViewerRepo :: UpdatePresence(twitch, 5), 0.0388ms
[2026-04-09 08:29:17.565 DBG] TwitchService :: Presence Timer :: Artificially updated presence with a threshold of 5 minutes (100.3718ms)
[2026-04-09 08:30:01.842 DBG] Twitch EventSub (Broadcaster) :: Disconnected
[2026-04-09 08:30:01.842 INF] TwitchService :: Disconnected from Broadcaster EventSub
[2026-04-09 08:30:03.856 DBG] TwitchService :: Retrying broadcaster EventSub connection
[2026-04-09 08:30:03.856 INF] TwitchService :: Connecting to Broadcaster EventSub
[2026-04-09 08:30:03.856 DBG] Twitch EventSub (Broadcaster) :: Opening connection
[2026-04-09 08:30:04.081 DBG] Twitch EventSub (Broadcaster) :: Subscribing to 56 events
[2026-04-09 08:30:11.700 DBG] Twitch EventSub (Bot) :: Disconnected
[2026-04-09 08:30:11.700 INF] TwitchService :: Disconnected from Bot EventSub
[2026-04-09 08:30:13.717 DBG] TwitchService :: Retrying Bot EventSub connection
[2026-04-09 08:30:13.717 INF] TwitchService :: Connecting to Bot EventSub
[2026-04-09 08:30:13.717 DBG] Twitch EventSub (Bot) :: Opening connection
[2026-04-09 08:30:13.836 INF] TwitchService :: Connected to Broadcaster EventSub, and authenticated
[2026-04-09 08:30:13.920 DBG] Twitch EventSub (Bot) :: Subscribing to 1 events
[2026-04-09 08:30:14.332 INF] TwitchService :: Connected to Bot EventSub, and authenticated
[2026-04-09 08:30:17.481 DBG] ViewerRepo :: UpdatePresence(twitch, 5), 0.0362ms
[2026-04-09 08:30:17.571 DBG] TwitchService :: Presence Timer :: Artificially updated presence with a threshold of 5 minutes (89.8146ms)
[2026-04-09 08:31:17.495 DBG] ViewerRepo :: UpdatePresence(twitch, 5), 0.0373ms
[2026-04-09 08:31:17.592 DBG] TwitchService :: Presence Timer :: Artificially updated presence with a threshold of 5 minutes (96.8519ms)
[2026-04-09 08:32:04.334 DBG] Credits :: Time to save 19.3217ms
[2026-04-09 08:32:17.510 DBG] ViewerRepo :: UpdatePresence(twitch, 5), 0.0356ms
[2026-04-09 08:32:17.603 DBG] TwitchService :: Presence Timer :: Artificially updated presence with a threshold of 5 minutes (93.9349ms)
[2026-04-09 08:32:35.204 DBG] AutoSave :: Auto saving settings...
[2026-04-09 08:32:35.218 DBG] Users :: Time to save 14.2126ms
[2026-04-09 08:32:35.241 DBG] Actions :: Time to save 22.0361ms
[2026-04-09 08:32:35.257 DBG] Commands :: Time to save 17.5147ms
[2026-04-09 08:32:35.275 DBG] Twitch Rewards :: Time to save 17.2389ms
[2026-04-09 08:32:35.290 DBG] Midi :: Time to save 14.805ms
[2026-04-09 08:32:35.306 DBG] OBS Settings :: Time to save 16.1968ms
[2026-04-09 08:32:35.321 DBG] MeldStudio Settings :: Time to save 14.5742ms
[2026-04-09 08:32:35.335 DBG] Credits :: Time to save 14.418ms
[2026-04-09 08:32:35.355 DBG] Quotes :: Time to save 19.3316ms
[2026-04-09 08:32:35.441 DBG] Config :: Time to save 20.16ms
[2026-04-09 08:33:17.520 DBG] ViewerRepo :: UpdatePresence(twitch, 5), 0.0425ms
[2026-04-09 08:33:17.615 DBG] TwitchService :: Presence Timer :: Artificially updated presence with a threshold of 5 minutes (96.4689ms)
[2026-04-09 08:34:17.525 DBG] ViewerRepo :: UpdatePresence(twitch, 5), 0.0355ms
[2026-04-09 08:34:17.623 DBG] TwitchService :: Presence Timer :: Artificially updated presence with a threshold of 5 minutes (97.7624ms)
[2026-04-09 08:35:17.533 DBG] ViewerRepo :: UpdatePresence(twitch, 5), 0.0522ms
[2026-04-09 08:35:17.626 DBG] TwitchService :: Presence Timer :: Artificially updated presence with a threshold of 5 minutes (93.6429ms)
[2026-04-09 08:36:17.541 DBG] ViewerRepo :: UpdatePresence(twitch, 5), 0.0365ms
[2026-04-09 08:36:17.633 DBG] TwitchService :: Presence Timer :: Artificially updated presence with a threshold of 5 minutes (92.9653ms)
[2026-04-09 08:37:04.335 DBG] Credits :: Time to save 16.5145ms
[2026-04-09 08:37:17.556 DBG] ViewerRepo :: UpdatePresence(twitch, 5), 0.0376ms
[2026-04-09 08:37:17.655 DBG] TwitchService :: Presence Timer :: Artificially updated presence with a threshold of 5 minutes (99.2756ms)
[2026-04-09 08:37:26.250 DBG] ActionDispatcher :: Queueing 'Sub Goal' (361aa588-5f31-4e19-b8a5-099cae52479d, TimedAction) to 'Default' (00000000-0000-0000-0000-000000000000), with 11 arguments
[2026-04-09 08:37:26.250 DBG] ActionQueue :: 'Default' (00000000-0000-0000-0000-000000000000) :: Enqueue action 361aa588-5f31-4e19-b8a5-099cae52479d
[2026-04-09 08:37:26.250 DBG] ActionQueue :: 'Default' (00000000-0000-0000-0000-000000000000) :: Handling queue
[2026-04-09 08:37:26.250 DBG] ActionQueue :: 'Default' (00000000-0000-0000-0000-000000000000) :: Performing non-blocking 'Sub Goal' (361aa588-5f31-4e19-b8a5-099cae52479d, 71acbb7b-c807-420b-b699-567131279f89)
[2026-04-09 08:37:35.445 DBG] AutoSave :: Auto saving settings...
[2026-04-09 08:37:35.464 DBG] Users :: Time to save 18.716ms
[2026-04-09 08:37:35.487 DBG] Actions :: Time to save 24.1522ms
[2026-04-09 08:37:35.506 DBG] Commands :: Time to save 17.8811ms
[2026-04-09 08:37:35.523 DBG] Twitch Rewards :: Time to save 16.67ms
[2026-04-09 08:37:35.536 DBG] Midi :: Time to save 13.3585ms
[2026-04-09 08:37:35.551 DBG] OBS Settings :: Time to save 14.537ms
[2026-04-09 08:37:35.565 DBG] MeldStudio Settings :: Time to save 14.4165ms
[2026-04-09 08:37:35.579 DBG] Credits :: Time to save 14.1324ms
[2026-04-09 08:37:35.596 DBG] Quotes :: Time to save 16.6262ms
[2026-04-09 08:37:35.667 DBG] Config :: Time to save 18.6912ms
[2026-04-09 08:38:17.556 DBG] ViewerRepo :: UpdatePresence(twitch, 5), 0.0355ms
[2026-04-09 08:38:17.652 DBG] TwitchService :: Presence Timer :: Artificially updated presence with a threshold of 5 minutes (95.5182ms)
[2026-04-09 08:39:17.564 DBG] ViewerRepo :: UpdatePresence(twitch, 5), 0.0375ms
[2026-04-09 08:39:17.655 DBG] TwitchService :: Presence Timer :: Artificially updated presence with a threshold of 5 minutes (91.9163ms)
[2026-04-09 08:40:17.570 DBG] ViewerRepo :: UpdatePresence(twitch, 5), 0.0361ms
[2026-04-09 08:40:17.664 DBG] TwitchService :: Presence Timer :: Artificially updated presence with a threshold of 5 minutes (94.2545ms)
[2026-04-09 08:41:17.592 DBG] ViewerRepo :: UpdatePresence(twitch, 5), 0.0334ms
[2026-04-09 08:41:17.690 DBG] TwitchService :: Presence Timer :: Artificially updated presence with a threshold of 5 minutes (97.2503ms)
[2026-04-09 08:42:04.345 DBG] Credits :: Time to save 16.2815ms
[2026-04-09 08:42:17.597 DBG] ViewerRepo :: UpdatePresence(twitch, 5), 0.0354ms
[2026-04-09 08:42:17.703 DBG] TwitchService :: Presence Timer :: Artificially updated presence with a threshold of 5 minutes (106.6546ms)
[2026-04-09 08:42:35.716 DBG] AutoSave :: Auto saving settings...
[2026-04-09 08:42:35.733 DBG] Users :: Time to save 16.6301ms
[2026-04-09 08:42:35.756 DBG] Actions :: Time to save 23.1378ms
[2026-04-09 08:42:35.773 DBG] Commands :: Time to save 17.4642ms
[2026-04-09 08:42:35.792 DBG] Twitch Rewards :: Time to save 18.0015ms
[2026-04-09 08:42:35.805 DBG] Midi :: Time to save 14.1612ms
[2026-04-09 08:42:35.820 DBG] OBS Settings :: Time to save 13.9976ms
[2026-04-09 08:42:35.834 DBG] MeldStudio Settings :: Time to save 13.8069ms
[2026-04-09 08:42:35.847 DBG] Credits :: Time to save 13.7705ms
[2026-04-09 08:42:35.865 DBG] Quotes :: Time to save 17.4356ms
[2026-04-09 08:42:35.940 DBG] Config :: Time to save 20.0147ms
[2026-04-09 08:43:17.608 DBG] ViewerRepo :: UpdatePresence(twitch, 5), 0.0396ms
[2026-04-09 08:43:17.704 DBG] TwitchService :: Presence Timer :: Artificially updated presence with a threshold of 5 minutes (96.4065ms)
[2026-04-09 08:44:17.624 DBG] ViewerRepo :: UpdatePresence(twitch, 5), 0.0361ms
[2026-04-09 08:44:17.719 DBG] TwitchService :: Presence Timer :: Artificially updated presence with a threshold of 5 minutes (95.0635ms)
[2026-04-09 08:45:17.641 DBG] ViewerRepo :: UpdatePresence(twitch, 5), 0.036ms
[2026-04-09 08:45:17.732 DBG] TwitchService :: Presence Timer :: Artificially updated presence with a threshold of 5 minutes (92.2797ms)
[2026-04-09 08:46:17.645 DBG] ViewerRepo :: UpdatePresence(twitch, 5), 0.0401ms
[2026-04-09 08:46:17.737 DBG] TwitchService :: Presence Timer :: Artificially updated presence with a threshold of 5 minutes (92.465ms)
[2026-04-09 08:47:04.354 DBG] Credits :: Time to save 16.4181ms
[2026-04-09 08:47:17.647 DBG] ViewerRepo :: UpdatePresence(twitch, 5), 0.0361ms
[2026-04-09 08:47:18.256 DBG] TwitchService :: Presence Timer :: Artificially updated presence with a threshold of 5 minutes (609.2428ms)
[2026-04-09 08:47:26.346 DBG] ActionDispatcher :: Queueing 'Sub Goal' (361aa588-5f31-4e19-b8a5-099cae52479d, TimedAction) to 'Default' (00000000-0000-0000-0000-000000000000), with 11 arguments
[2026-04-09 08:47:26.346 DBG] ActionQueue :: 'Default' (00000000-0000-0000-0000-000000000000) :: Enqueue action 361aa588-5f31-4e19-b8a5-099cae52479d
[2026-04-09 08:47:26.346 DBG] ActionQueue :: 'Default' (00000000-0000-0000-0000-000000000000) :: Handling queue
[2026-04-09 08:47:26.346 DBG] ActionQueue :: 'Default' (00000000-0000-0000-0000-000000000000) :: Performing non-blocking 'Sub Goal' (361aa588-5f31-4e19-b8a5-099cae52479d, 8c437a45-cefc-4eef-b032-6ace7d79c014)
[2026-04-09 08:47:35.967 DBG] AutoSave :: Auto saving settings...
[2026-04-09 08:47:35.986 DBG] Users :: Time to save 19.2552ms
[2026-04-09 08:47:36.014 DBG] Actions :: Time to save 27.6627ms
[2026-04-09 08:47:36.032 DBG] Commands :: Time to save 17.2203ms
[2026-04-09 08:47:36.049 DBG] Twitch Rewards :: Time to save 17.3666ms
[2026-04-09 08:47:36.062 DBG] Midi :: Time to save 12.6918ms
[2026-04-09 08:47:36.077 DBG] OBS Settings :: Time to save 14.8685ms
[2026-04-09 08:47:36.091 DBG] MeldStudio Settings :: Time to save 15.0421ms
[2026-04-09 08:47:36.105 DBG] Credits :: Time to save 13.0743ms
[2026-04-09 08:47:36.117 DBG] Quotes :: Time to save 12.1484ms
[2026-04-09 08:47:36.190 DBG] Config :: Time to save 19.7175ms
[2026-04-09 08:48:17.671 DBG] ViewerRepo :: UpdatePresence(twitch, 5), 0.0347ms
[2026-04-09 08:48:17.765 DBG] TwitchService :: Presence Timer :: Artificially updated presence with a threshold of 5 minutes (94.8959ms)
[2026-04-09 08:49:17.672 DBG] ViewerRepo :: UpdatePresence(twitch, 5), 0.0364ms
[2026-04-09 08:49:17.770 DBG] TwitchService :: Presence Timer :: Artificially updated presence with a threshold of 5 minutes (97.9013ms)
[2026-04-09 08:50:17.684 DBG] ViewerRepo :: UpdatePresence(twitch, 5), 0.0408ms
[2026-04-09 08:50:17.785 DBG] TwitchService :: Presence Timer :: Artificially updated presence with a threshold of 5 minutes (101.4892ms)
[2026-04-09 08:51:17.702 DBG] ViewerRepo :: UpdatePresence(twitch, 5), 0.0354ms
[2026-04-09 08:51:17.796 DBG] TwitchService :: Presence Timer :: Artificially updated presence with a threshold of 5 minutes (94.3037ms)
[2026-04-09 08:52:04.362 DBG] Credits :: Time to save 12.0448ms
[2026-04-09 08:52:17.709 DBG] ViewerRepo :: UpdatePresence(twitch, 5), 0.0346ms
[2026-04-09 08:52:17.804 DBG] TwitchService :: Presence Timer :: Artificially updated presence with a threshold of 5 minutes (95.642ms)
[2026-04-09 08:52:36.205 DBG] AutoSave :: Auto saving settings...
[2026-04-09 08:52:36.224 DBG] Users :: Time to save 18.9443ms
[2026-04-09 08:52:36.250 DBG] Actions :: Time to save 26.4298ms
[2026-04-09 08:52:36.266 DBG] Commands :: Time to save 16.1159ms
[2026-04-09 08:52:36.285 DBG] Twitch Rewards :: Time to save 18.1321ms
[2026-04-09 08:52:36.299 DBG] Midi :: Time to save 13.9845ms
[2026-04-09 08:52:36.313 DBG] OBS Settings :: Time to save 14.6934ms
[2026-04-09 08:52:36.327 DBG] MeldStudio Settings :: Time to save 14.2292ms
[2026-04-09 08:52:36.342 DBG] Credits :: Time to save 14.3146ms
[2026-04-09 08:52:36.359 DBG] Quotes :: Time to save 16.6718ms
[2026-04-09 08:52:36.427 DBG] Config :: Time to save 18.6728ms
[2026-04-09 08:53:17.721 DBG] ViewerRepo :: UpdatePresence(twitch, 5), 0.0357ms
[2026-04-09 08:53:17.816 DBG] TwitchService :: Presence Timer :: Artificially updated presence with a threshold of 5 minutes (96.0043ms)
[2026-04-09 08:54:17.734 DBG] ViewerRepo :: UpdatePresence(twitch, 5), 0.0367ms
[2026-04-09 08:54:17.825 DBG] TwitchService :: Presence Timer :: Artificially updated presence with a threshold of 5 minutes (91.4114ms)
[2026-04-09 08:55:17.741 DBG] ViewerRepo :: UpdatePresence(twitch, 5), 0.0352ms
[2026-04-09 08:55:17.837 DBG] TwitchService :: Presence Timer :: Artificially updated presence with a threshold of 5 minutes (95.474ms)
[2026-04-09 08:56:17.755 DBG] ViewerRepo :: UpdatePresence(twitch, 5), 0.0369ms
[2026-04-09 08:56:17.851 DBG] TwitchService :: Presence Timer :: Artificially updated presence with a threshold of 5 minutes (95.775ms)
[2026-04-09 08:57:04.379 DBG] Credits :: Time to save 14.9087ms
[2026-04-09 08:57:17.763 DBG] ViewerRepo :: UpdatePresence(twitch, 5), 0.0354ms
[2026-04-09 08:57:17.854 DBG] TwitchService :: Presence Timer :: Artificially updated presence with a threshold of 5 minutes (91.7548ms)
[2026-04-09 08:57:26.387 DBG] ActionDispatcher :: Queueing 'Sub Goal' (361aa588-5f31-4e19-b8a5-099cae52479d, TimedAction) to 'Default' (00000000-0000-0000-0000-000000000000), with 11 arguments
[2026-04-09 08:57:26.387 DBG] ActionQueue :: 'Default' (00000000-0000-0000-0000-000000000000) :: Enqueue action 361aa588-5f31-4e19-b8a5-099cae52479d
[2026-04-09 08:57:26.387 DBG] ActionQueue :: 'Default' (00000000-0000-0000-0000-000000000000) :: Handling queue
[2026-04-09 08:57:26.387 DBG] ActionQueue :: 'Default' (00000000-0000-0000-0000-000000000000) :: Performing non-blocking 'Sub Goal' (361aa588-5f31-4e19-b8a5-099cae52479d, be93916a-8851-40a7-a309-7e03710b6a69)
[2026-04-09 08:57:36.453 DBG] AutoSave :: Auto saving settings...
[2026-04-09 08:57:36.471 DBG] Users :: Time to save 17.8721ms
[2026-04-09 08:57:36.496 DBG] Actions :: Time to save 25.6278ms
[2026-04-09 08:57:36.513 DBG] Commands :: Time to save 17.0485ms
[2026-04-09 08:57:36.530 DBG] Twitch Rewards :: Time to save 16.7354ms
[2026-04-09 08:57:36.545 DBG] Midi :: Time to save 15.1837ms
[2026-04-09 08:57:36.561 DBG] OBS Settings :: Time to save 15.2377ms
[2026-04-09 08:57:36.575 DBG] MeldStudio Settings :: Time to save 14.6757ms
[2026-04-09 08:57:36.590 DBG] Credits :: Time to save 14.0517ms
[2026-04-09 08:57:36.606 DBG] Quotes :: Time to save 17.0074ms
[2026-04-09 08:57:36.674 DBG] Config :: Time to save 19.5979ms
[2026-04-09 08:58:17.773 DBG] ViewerRepo :: UpdatePresence(twitch, 5), 0.0342ms
[2026-04-09 08:58:17.867 DBG] TwitchService :: Presence Timer :: Artificially updated presence with a threshold of 5 minutes (94.2796ms)
[2026-04-09 08:59:17.786 DBG] ViewerRepo :: UpdatePresence(twitch, 5), 0.0352ms
[2026-04-09 08:59:17.882 DBG] TwitchService :: Presence Timer :: Artificially updated presence with a threshold of 5 minutes (96.1807ms)
[2026-04-09 09:00:17.795 DBG] ViewerRepo :: UpdatePresence(twitch, 5), 0.0368ms
[2026-04-09 09:00:17.889 DBG] TwitchService :: Presence Timer :: Artificially updated presence with a threshold of 5 minutes (93.9657ms)
[2026-04-09 09:01:17.813 DBG] ViewerRepo :: UpdatePresence(twitch, 5), 0.0365ms
[2026-04-09 09:01:17.910 DBG] TwitchService :: Presence Timer :: Artificially updated presence with a threshold of 5 minutes (97.2286ms)
[2026-04-09 09:02:04.384 DBG] Credits :: Time to save 20.4029ms
[2026-04-09 09:02:17.813 DBG] ViewerRepo :: UpdatePresence(twitch, 5), 0.0357ms
[2026-04-09 09:02:17.923 DBG] TwitchService :: Presence Timer :: Artificially updated presence with a threshold of 5 minutes (110.411ms)
[2026-04-09 09:02:36.705 DBG] AutoSave :: Auto saving settings...
[2026-04-09 09:02:36.723 DBG] Users :: Time to save 18.1509ms
[2026-04-09 09:02:36.741 DBG] Actions :: Time to save 17.8905ms
[2026-04-09 09:02:36.757 DBG] Commands :: Time to save 16.4411ms
[2026-04-09 09:02:36.773 DBG] Twitch Rewards :: Time to save 15.8579ms
[2026-04-09 09:02:36.784 DBG] Midi :: Time to save 10.7169ms
[2026-04-09 09:02:36.799 DBG] OBS Settings :: Time to save 14.0334ms
[2026-04-09 09:02:36.813 DBG] MeldStudio Settings :: Time to save 14.1699ms
[2026-04-09 09:02:36.827 DBG] Credits :: Time to save 15.0441ms
[2026-04-09 09:02:36.844 DBG] Quotes :: Time to save 16.6721ms
[2026-04-09 09:02:36.927 DBG] Config :: Time to save 19.5033ms
[2026-04-09 09:03:17.821 DBG] ViewerRepo :: UpdatePresence(twitch, 5), 0.0389ms
[2026-04-09 09:03:17.917 DBG] TwitchService :: Presence Timer :: Artificially updated presence with a threshold of 5 minutes (97.1296ms)
[2026-04-09 09:04:17.826 DBG] ViewerRepo :: UpdatePresence(twitch, 5), 0.0348ms
[2026-04-09 09:04:17.920 DBG] TwitchService :: Presence Timer :: Artificially updated presence with a threshold of 5 minutes (93.8175ms)
[2026-04-09 09:05:17.840 DBG] ViewerRepo :: UpdatePresence(twitch, 5), 0.0355ms
[2026-04-09 09:05:17.935 DBG] TwitchService :: Presence Timer :: Artificially updated presence with a threshold of 5 minutes (96.3045ms)
[2026-04-09 09:06:17.843 DBG] ViewerRepo :: UpdatePresence(twitch, 5), 0.036ms
[2026-04-09 09:06:17.939 DBG] TwitchService :: Presence Timer :: Artificially updated presence with a threshold of 5 minutes (96.0623ms)
[2026-04-09 09:07:04.402 DBG] Credits :: Time to save 12.1695ms
[2026-04-09 09:07:17.853 DBG] ViewerRepo :: UpdatePresence(twitch, 5), 0.0361ms
[2026-04-09 09:07:17.950 DBG] TwitchService :: Presence Timer :: Artificially updated presence with a threshold of 5 minutes (97.407ms)
[2026-04-09 09:07:26.448 DBG] ActionDispatcher :: Queueing 'Sub Goal' (361aa588-5f31-4e19-b8a5-099cae52479d, TimedAction) to 'Default' (00000000-0000-0000-0000-000000000000), with 11 arguments
[2026-04-09 09:07:26.448 DBG] ActionQueue :: 'Default' (00000000-0000-0000-0000-000000000000) :: Enqueue action 361aa588-5f31-4e19-b8a5-099cae52479d
[2026-04-09 09:07:26.448 DBG] ActionQueue :: 'Default' (00000000-0000-0000-0000-000000000000) :: Handling queue
[2026-04-09 09:07:26.448 DBG] ActionQueue :: 'Default' (00000000-0000-0000-0000-000000000000) :: Performing non-blocking 'Sub Goal' (361aa588-5f31-4e19-b8a5-099cae52479d, d67cf340-f69b-4acf-a906-535ee4fbd258)
[2026-04-09 09:07:36.945 DBG] AutoSave :: Auto saving settings...
[2026-04-09 09:07:36.963 DBG] Users :: Time to save 18.2049ms
[2026-04-09 09:07:36.990 DBG] Actions :: Time to save 26.818ms
[2026-04-09 09:07:37.007 DBG] Commands :: Time to save 17.9397ms
[2026-04-09 09:07:37.025 DBG] Twitch Rewards :: Time to save 17.2953ms
[2026-04-09 09:07:37.041 DBG] Midi :: Time to save 15.2528ms
[2026-04-09 09:07:37.052 DBG] OBS Settings :: Time to save 12.6644ms
[2026-04-09 09:07:37.069 DBG] MeldStudio Settings :: Time to save 15.4478ms
[2026-04-09 09:07:37.084 DBG] Credits :: Time to save 15.2893ms
[2026-04-09 09:07:37.103 DBG] Quotes :: Time to save 18.3876ms
[2026-04-09 09:07:37.166 DBG] Config :: Time to save 19.681ms
[2026-04-09 09:08:17.872 DBG] ViewerRepo :: UpdatePresence(twitch, 5), 0.0436ms
[2026-04-09 09:08:17.967 DBG] TwitchService :: Presence Timer :: Artificially updated presence with a threshold of 5 minutes (96.6872ms)
[2026-04-09 09:09:17.877 DBG] ViewerRepo :: UpdatePresence(twitch, 5), 0.0377ms
[2026-04-09 09:09:17.972 DBG] TwitchService :: Presence Timer :: Artificially updated presence with a threshold of 5 minutes (95.1532ms)
[2026-04-09 09:10:17.883 DBG] ViewerRepo :: UpdatePresence(twitch, 5), 0.037ms
[2026-04-09 09:10:17.977 DBG] TwitchService :: Presence Timer :: Artificially updated presence with a threshold of 5 minutes (95.4447ms)
[2026-04-09 09:11:17.892 DBG] ViewerRepo :: UpdatePresence(twitch, 5), 0.0359ms
[2026-04-09 09:11:17.987 DBG] TwitchService :: Presence Timer :: Artificially updated presence with a threshold of 5 minutes (95.6243ms)
[2026-04-09 09:12:04.414 DBG] Credits :: Time to save 12.939ms
[2026-04-09 09:12:17.905 DBG] ViewerRepo :: UpdatePresence(twitch, 5), 0.0406ms
[2026-04-09 09:12:17.999 DBG] TwitchService :: Presence Timer :: Artificially updated presence with a threshold of 5 minutes (93.8047ms)
[2026-04-09 09:12:37.183 DBG] AutoSave :: Auto saving settings...
[2026-04-09 09:12:37.200 DBG] Users :: Time to save 17.5061ms
[2026-04-09 09:12:37.223 DBG] Actions :: Time to save 22.1767ms
[2026-04-09 09:12:37.237 DBG] Commands :: Time to save 15.7249ms
[2026-04-09 09:12:37.254 DBG] Twitch Rewards :: Time to save 15.9517ms
[2026-04-09 09:12:37.267 DBG] Midi :: Time to save 13.9394ms
[2026-04-09 09:12:37.283 DBG] OBS Settings :: Time to save 14.3721ms
[2026-04-09 09:12:37.297 DBG] MeldStudio Settings :: Time to save 14.5036ms
[2026-04-09 09:12:37.312 DBG] Credits :: Time to save 14.2792ms
[2026-04-09 09:12:37.327 DBG] Quotes :: Time to save 16.2013ms
[2026-04-09 09:12:37.402 DBG] Config :: Time to save 17.4655ms
[2026-04-09 09:13:17.915 DBG] ViewerRepo :: UpdatePresence(twitch, 5), 0.0385ms
[2026-04-09 09:13:18.011 DBG] TwitchService :: Presence Timer :: Artificially updated presence with a threshold of 5 minutes (96.3359ms)
[2026-04-09 09:14:17.926 DBG] ViewerRepo :: UpdatePresence(twitch, 5), 0.0625ms
[2026-04-09 09:14:18.021 DBG] TwitchService :: Presence Timer :: Artificially updated presence with a threshold of 5 minutes (95.125ms)
[2026-04-09 09:15:17.926 DBG] ViewerRepo :: UpdatePresence(twitch, 5), 0.0364ms
[2026-04-09 09:15:18.019 DBG] TwitchService :: Presence Timer :: Artificially updated presence with a threshold of 5 minutes (93.1663ms)
[2026-04-09 09:16:17.936 DBG] ViewerRepo :: UpdatePresence(twitch, 5), 0.037ms
[2026-04-09 09:16:18.030 DBG] TwitchService :: Presence Timer :: Artificially updated presence with a threshold of 5 minutes (93.5189ms)
[2026-04-09 09:17:04.428 DBG] Credits :: Time to save 17.6244ms
[2026-04-09 09:17:17.940 DBG] ViewerRepo :: UpdatePresence(twitch, 5), 0.0363ms
[2026-04-09 09:17:18.031 DBG] TwitchService :: Presence Timer :: Artificially updated presence with a threshold of 5 minutes (91.5031ms)
[2026-04-09 09:17:26.793 DBG] ActionDispatcher :: Queueing 'Sub Goal' (361aa588-5f31-4e19-b8a5-099cae52479d, TimedAction) to 'Default' (00000000-0000-0000-0000-000000000000), with 11 arguments
[2026-04-09 09:17:26.793 DBG] ActionQueue :: 'Default' (00000000-0000-0000-0000-000000000000) :: Enqueue action 361aa588-5f31-4e19-b8a5-099cae52479d
[2026-04-09 09:17:26.793 DBG] ActionQueue :: 'Default' (00000000-0000-0000-0000-000000000000) :: Handling queue
[2026-04-09 09:17:26.793 DBG] ActionQueue :: 'Default' (00000000-0000-0000-0000-000000000000) :: Performing non-blocking 'Sub Goal' (361aa588-5f31-4e19-b8a5-099cae52479d, 3739fef1-b283-4a9b-b90f-51449cd044d9)
[2026-04-09 09:17:37.437 DBG] AutoSave :: Auto saving settings...
[2026-04-09 09:17:37.450 DBG] Users :: Time to save 13.2224ms
[2026-04-09 09:17:37.477 DBG] Actions :: Time to save 25.8795ms
[2026-04-09 09:17:37.489 DBG] Commands :: Time to save 12.2603ms
[2026-04-09 09:17:37.507 DBG] Twitch Rewards :: Time to save 18.4736ms
[2026-04-09 09:17:37.522 DBG] Midi :: Time to save 14.9374ms
[2026-04-09 09:17:37.536 DBG] OBS Settings :: Time to save 14.4473ms
[2026-04-09 09:17:37.551 DBG] MeldStudio Settings :: Time to save 13.9455ms
[2026-04-09 09:17:37.565 DBG] Credits :: Time to save 14.5463ms
[2026-04-09 09:17:37.582 DBG] Quotes :: Time to save 17.187ms
[2026-04-09 09:17:37.660 DBG] Config :: Time to save 19.6307ms
[2026-04-09 09:18:17.969 DBG] ViewerRepo :: UpdatePresence(twitch, 5), 0.0373ms
[2026-04-09 09:18:18.062 DBG] TwitchService :: Presence Timer :: Artificially updated presence with a threshold of 5 minutes (94.257ms)
[2026-04-09 09:19:17.970 DBG] ViewerRepo :: UpdatePresence(twitch, 5), 0.0512ms
[2026-04-09 09:19:18.065 DBG] TwitchService :: Presence Timer :: Artificially updated presence with a threshold of 5 minutes (96.1213ms)
[2026-04-09 09:20:17.977 DBG] ViewerRepo :: UpdatePresence(twitch, 5), 0.038ms
[2026-04-09 09:20:18.072 DBG] TwitchService :: Presence Timer :: Artificially updated presence with a threshold of 5 minutes (95.8102ms)
[2026-04-09 09:21:17.985 DBG] ViewerRepo :: UpdatePresence(twitch, 5), 0.0488ms
[2026-04-09 09:21:18.079 DBG] TwitchService :: Presence Timer :: Artificially updated presence with a threshold of 5 minutes (94.1476ms)
[2026-04-09 09:22:04.427 DBG] Credits :: Time to save 15.7147ms
[2026-04-09 09:22:17.990 DBG] ViewerRepo :: UpdatePresence(twitch, 5), 0.0382ms
[2026-04-09 09:22:18.087 DBG] TwitchService :: Presence Timer :: Artificially updated presence with a threshold of 5 minutes (97.6614ms)
[2026-04-09 09:22:37.650 DBG] AutoSave :: Auto saving settings...
[2026-04-09 09:22:37.667 DBG] Users :: Time to save 18.2794ms
[2026-04-09 09:22:37.685 DBG] Actions :: Time to save 17.6777ms
[2026-04-09 09:22:37.702 DBG] Commands :: Time to save 16.1377ms
[2026-04-09 09:22:37.718 DBG] Twitch Rewards :: Time to save 15.6799ms
[2026-04-09 09:22:37.731 DBG] Midi :: Time to save 13.1182ms
[2026-04-09 09:22:37.744 DBG] OBS Settings :: Time to save 13.611ms
[2026-04-09 09:22:37.758 DBG] MeldStudio Settings :: Time to save 13.871ms
[2026-04-09 09:22:37.772 DBG] Credits :: Time to save 14.0137ms
[2026-04-09 09:22:37.789 DBG] Quotes :: Time to save 15.8008ms
[2026-04-09 09:22:37.864 DBG] Config :: Time to save 12.9354ms
[2026-04-09 09:23:17.999 DBG] ViewerRepo :: UpdatePresence(twitch, 5), 0.0407ms
[2026-04-09 09:23:18.095 DBG] TwitchService :: Presence Timer :: Artificially updated presence with a threshold of 5 minutes (96.0854ms)
[2026-04-09 09:24:18.008 DBG] ViewerRepo :: UpdatePresence(twitch, 5), 0.036ms
[2026-04-09 09:24:18.100 DBG] TwitchService :: Presence Timer :: Artificially updated presence with a threshold of 5 minutes (92.1245ms)
[2026-04-09 09:25:18.012 DBG] ViewerRepo :: UpdatePresence(twitch, 5), 0.0473ms
[2026-04-09 09:25:18.109 DBG] TwitchService :: Presence Timer :: Artificially updated presence with a threshold of 5 minutes (97.6702ms)
[2026-04-09 09:26:18.017 DBG] ViewerRepo :: UpdatePresence(twitch, 5), 0.0444ms
[2026-04-09 09:26:18.109 DBG] TwitchService :: Presence Timer :: Artificially updated presence with a threshold of 5 minutes (91.6176ms)
[2026-04-09 09:27:04.432 DBG] Credits :: Time to save 11.8831ms
[2026-04-09 09:27:18.029 DBG] ViewerRepo :: UpdatePresence(twitch, 5), 0.0385ms
[2026-04-09 09:27:18.122 DBG] TwitchService :: Presence Timer :: Artificially updated presence with a threshold of 5 minutes (93.7545ms)
[2026-04-09 09:27:27.186 DBG] ActionDispatcher :: Queueing 'Sub Goal' (361aa588-5f31-4e19-b8a5-099cae52479d, TimedAction) to 'Default' (00000000-0000-0000-0000-000000000000), with 11 arguments
[2026-04-09 09:27:27.186 DBG] ActionQueue :: 'Default' (00000000-0000-0000-0000-000000000000) :: Enqueue action 361aa588-5f31-4e19-b8a5-099cae52479d
[2026-04-09 09:27:27.186 DBG] ActionQueue :: 'Default' (00000000-0000-0000-0000-000000000000) :: Handling queue
[2026-04-09 09:27:27.186 DBG] ActionQueue :: 'Default' (00000000-0000-0000-0000-000000000000) :: Performing non-blocking 'Sub Goal' (361aa588-5f31-4e19-b8a5-099cae52479d, 4d0bca42-7116-4c43-9866-760afdb8145c)
[2026-04-09 09:27:37.868 DBG] AutoSave :: Auto saving settings...
[2026-04-09 09:27:37.881 DBG] Users :: Time to save 12.447ms
[2026-04-09 09:27:37.903 DBG] Actions :: Time to save 22.3946ms
[2026-04-09 09:27:37.918 DBG] Commands :: Time to save 15.6123ms
[2026-04-09 09:27:37.934 DBG] Twitch Rewards :: Time to save 16.0291ms
[2026-04-09 09:27:37.949 DBG] Midi :: Time to save 14.0112ms
[2026-04-09 09:27:37.962 DBG] OBS Settings :: Time to save 12.9519ms
[2026-04-09 09:27:37.975 DBG] MeldStudio Settings :: Time to save 13.1258ms
[2026-04-09 09:27:37.989 DBG] Credits :: Time to save 13.7006ms
[2026-04-09 09:27:38.005 DBG] Quotes :: Time to save 16.645ms
[2026-04-09 09:27:38.087 DBG] Config :: Time to save 17.2358ms
[2026-04-09 09:28:18.031 DBG] ViewerRepo :: UpdatePresence(twitch, 5), 0.034ms
[2026-04-09 09:28:18.131 DBG] TwitchService :: Presence Timer :: Artificially updated presence with a threshold of 5 minutes (99.6991ms)
[2026-04-09 09:29:18.041 DBG] ViewerRepo :: UpdatePresence(twitch, 5), 0.0377ms
[2026-04-09 09:29:18.133 DBG] TwitchService :: Presence Timer :: Artificially updated presence with a threshold of 5 minutes (92.6641ms)
[2026-04-09 09:30:18.046 DBG] ViewerRepo :: UpdatePresence(twitch, 5), 0.036ms
[2026-04-09 09:30:18.142 DBG] TwitchService :: Presence Timer :: Artificially updated presence with a threshold of 5 minutes (95.9039ms)
[2026-04-09 09:31:18.050 DBG] ViewerRepo :: UpdatePresence(twitch, 5), 0.0488ms
[2026-04-09 09:31:18.142 DBG] TwitchService :: Presence Timer :: Artificially updated presence with a threshold of 5 minutes (91.9653ms)
[2026-04-09 09:32:04.443 DBG] Credits :: Time to save 14.0799ms
[2026-04-09 09:32:18.060 DBG] ViewerRepo :: UpdatePresence(twitch, 5), 0.0356ms
[2026-04-09 09:32:18.154 DBG] TwitchService :: Presence Timer :: Artificially updated presence with a threshold of 5 minutes (94.8405ms)
[2026-04-09 09:32:38.103 DBG] AutoSave :: Auto saving settings...
[2026-04-09 09:32:38.119 DBG] Users :: Time to save 16.3862ms
[2026-04-09 09:32:38.137 DBG] Actions :: Time to save 17.3736ms
[2026-04-09 09:32:38.153 DBG] Commands :: Time to save 16.3421ms
[2026-04-09 09:32:38.167 DBG] Twitch Rewards :: Time to save 15.5458ms
[2026-04-09 09:32:38.182 DBG] Midi :: Time to save 13.9616ms
[2026-04-09 09:32:38.197 DBG] OBS Settings :: Time to save 14.1885ms
[2026-04-09 09:32:38.210 DBG] MeldStudio Settings :: Time to save 13.19ms
[2026-04-09 09:32:38.222 DBG] Credits :: Time to save 11.7823ms
[2026-04-09 09:32:38.236 DBG] Quotes :: Time to save 14.7774ms
[2026-04-09 09:32:38.324 DBG] Config :: Time to save 18.2721ms
[2026-04-09 09:33:18.071 DBG] ViewerRepo :: UpdatePresence(twitch, 5), 0.0389ms
[2026-04-09 09:33:18.165 DBG] TwitchService :: Presence Timer :: Artificially updated presence with a threshold of 5 minutes (94.9076ms)
[2026-04-09 09:34:18.082 DBG] ViewerRepo :: UpdatePresence(twitch, 5), 0.0405ms
[2026-04-09 09:34:18.180 DBG] TwitchService :: Presence Timer :: Artificially updated presence with a threshold of 5 minutes (98.4749ms)
[2026-04-09 09:35:18.084 DBG] ViewerRepo :: UpdatePresence(twitch, 5), 0.0392ms
[2026-04-09 09:35:18.185 DBG] TwitchService :: Presence Timer :: Artificially updated presence with a threshold of 5 minutes (101.1401ms)
[2026-04-09 09:36:18.091 DBG] ViewerRepo :: UpdatePresence(twitch, 5), 0.0516ms
[2026-04-09 09:36:18.181 DBG] TwitchService :: Presence Timer :: Artificially updated presence with a threshold of 5 minutes (90.0353ms)
[2026-04-09 09:37:04.451 DBG] Credits :: Time to save 14.8541ms
[2026-04-09 09:37:18.099 DBG] ViewerRepo :: UpdatePresence(twitch, 5), 0.0371ms
[2026-04-09 09:37:18.192 DBG] TwitchService :: Presence Timer :: Artificially updated presence with a threshold of 5 minutes (93.3461ms)
[2026-04-09 09:37:27.733 DBG] ActionDispatcher :: Queueing 'Sub Goal' (361aa588-5f31-4e19-b8a5-099cae52479d, TimedAction) to 'Default' (00000000-0000-0000-0000-000000000000), with 11 arguments
[2026-04-09 09:37:27.733 DBG] ActionQueue :: 'Default' (00000000-0000-0000-0000-000000000000) :: Enqueue action 361aa588-5f31-4e19-b8a5-099cae52479d
[2026-04-09 09:37:27.733 DBG] ActionQueue :: 'Default' (00000000-0000-0000-0000-000000000000) :: Handling queue
[2026-04-09 09:37:27.733 DBG] ActionQueue :: 'Default' (00000000-0000-0000-0000-000000000000) :: Performing non-blocking 'Sub Goal' (361aa588-5f31-4e19-b8a5-099cae52479d, fcbff4b9-10c2-4732-920e-420a04020a41)
[2026-04-09 09:37:38.341 DBG] AutoSave :: Auto saving settings...
[2026-04-09 09:37:38.359 DBG] Users :: Time to save 17.8119ms
[2026-04-09 09:37:38.379 DBG] Actions :: Time to save 19.6139ms
[2026-04-09 09:37:38.390 DBG] Commands :: Time to save 11.629ms
[2026-04-09 09:37:38.402 DBG] Twitch Rewards :: Time to save 11.518ms
[2026-04-09 09:37:38.415 DBG] Midi :: Time to save 12.9128ms
[2026-04-09 09:37:38.429 DBG] OBS Settings :: Time to save 13.8714ms
[2026-04-09 09:37:38.443 DBG] MeldStudio Settings :: Time to save 15.1189ms
[2026-04-09 09:37:38.457 DBG] Credits :: Time to save 13.8036ms
[2026-04-09 09:37:38.470 DBG] Quotes :: Time to save 11.9849ms
[2026-04-09 09:37:38.557 DBG] Config :: Time to save 13.2915ms
[2026-04-09 09:38:18.103 DBG] ViewerRepo :: UpdatePresence(twitch, 5), 0.0375ms
[2026-04-09 09:38:18.197 DBG] TwitchService :: Presence Timer :: Artificially updated presence with a threshold of 5 minutes (94.508ms)
[2026-04-09 09:39:18.106 DBG] ViewerRepo :: UpdatePresence(twitch, 5), 0.0722ms
[2026-04-09 09:39:18.197 DBG] TwitchService :: Presence Timer :: Artificially updated presence with a threshold of 5 minutes (91.2852ms)
[2026-04-09 09:40:18.111 DBG] ViewerRepo :: UpdatePresence(twitch, 5), 0.0378ms
[2026-04-09 09:40:18.205 DBG] TwitchService :: Presence Timer :: Artificially updated presence with a threshold of 5 minutes (94.6366ms)
[2026-04-09 09:41:18.120 DBG] ViewerRepo :: UpdatePresence(twitch, 5), 0.0568ms
[2026-04-09 09:41:18.217 DBG] TwitchService :: Presence Timer :: Artificially updated presence with a threshold of 5 minutes (98.094ms)
[2026-04-09 09:42:04.451 DBG] Credits :: Time to save 11.1854ms
[2026-04-09 09:42:18.132 DBG] ViewerRepo :: UpdatePresence(twitch, 5), 0.0533ms
[2026-04-09 09:42:18.233 DBG] TwitchService :: Presence Timer :: Artificially updated presence with a threshold of 5 minutes (101.0701ms)
[2026-04-09 09:42:38.555 DBG] AutoSave :: Auto saving settings...
[2026-04-09 09:42:38.573 DBG] Users :: Time to save 17.4444ms
[2026-04-09 09:42:38.595 DBG] Actions :: Time to save 23.1846ms
[2026-04-09 09:42:38.613 DBG] Commands :: Time to save 16.7595ms
[2026-04-09 09:42:38.631 DBG] Twitch Rewards :: Time to save 17.7713ms
[2026-04-09 09:42:38.644 DBG] Midi :: Time to save 13.5616ms
[2026-04-09 09:42:38.657 DBG] OBS Settings :: Time to save 13.7414ms
[2026-04-09 09:42:38.673 DBG] MeldStudio Settings :: Time to save 14.6418ms
[2026-04-09 09:42:38.686 DBG] Credits :: Time to save 14.1754ms
[2026-04-09 09:42:38.703 DBG] Quotes :: Time to save 16.3654ms
[2026-04-09 09:42:38.774 DBG] Config :: Time to save 17.4735ms
[2026-04-09 09:43:18.135 DBG] ViewerRepo :: UpdatePresence(twitch, 5), 0.0438ms
[2026-04-09 09:43:18.234 DBG] TwitchService :: Presence Timer :: Artificially updated presence with a threshold of 5 minutes (99.2657ms)
[2026-04-09 09:44:18.155 DBG] ViewerRepo :: UpdatePresence(twitch, 5), 0.0341ms
[2026-04-09 09:44:18.255 DBG] TwitchService :: Presence Timer :: Artificially updated presence with a threshold of 5 minutes (100.2456ms)
[2026-04-09 09:45:18.162 DBG] ViewerRepo :: UpdatePresence(twitch, 5), 0.0488ms
[2026-04-09 09:45:18.259 DBG] TwitchService :: Presence Timer :: Artificially updated presence with a threshold of 5 minutes (97.0967ms)
[2026-04-09 09:46:18.175 DBG] ViewerRepo :: UpdatePresence(twitch, 5), 0.0375ms
[2026-04-09 09:46:18.269 DBG] TwitchService :: Presence Timer :: Artificially updated presence with a threshold of 5 minutes (94.3932ms)
[2026-04-09 09:47:04.456 DBG] Credits :: Time to save 11.6402ms
[2026-04-09 09:47:18.203 DBG] ViewerRepo :: UpdatePresence(twitch, 5), 0.0502ms
[2026-04-09 09:47:18.795 DBG] TwitchService :: Presence Timer :: Artificially updated presence with a threshold of 5 minutes (592.4422ms)
[2026-04-09 09:47:28.145 DBG] ActionDispatcher :: Queueing 'Sub Goal' (361aa588-5f31-4e19-b8a5-099cae52479d, TimedAction) to 'Default' (00000000-0000-0000-0000-000000000000), with 11 arguments
[2026-04-09 09:47:28.145 DBG] ActionQueue :: 'Default' (00000000-0000-0000-0000-000000000000) :: Enqueue action 361aa588-5f31-4e19-b8a5-099cae52479d
[2026-04-09 09:47:28.145 DBG] ActionQueue :: 'Default' (00000000-0000-0000-0000-000000000000) :: Handling queue
[2026-04-09 09:47:28.145 DBG] ActionQueue :: 'Default' (00000000-0000-0000-0000-000000000000) :: Performing non-blocking 'Sub Goal' (361aa588-5f31-4e19-b8a5-099cae52479d, 9f25fe47-c702-49f7-979d-29cfa1de31d8)
[2026-04-09 09:47:38.810 DBG] AutoSave :: Auto saving settings...
[2026-04-09 09:47:38.829 DBG] Users :: Time to save 19.2368ms
[2026-04-09 09:47:38.852 DBG] Actions :: Time to save 22.3185ms
[2026-04-09 09:47:38.867 DBG] Commands :: Time to save 15.8886ms
[2026-04-09 09:47:38.883 DBG] Twitch Rewards :: Time to save 15.712ms
[2026-04-09 09:47:38.896 DBG] Midi :: Time to save 13.3946ms
[2026-04-09 09:47:38.907 DBG] OBS Settings :: Time to save 10.4897ms
[2026-04-09 09:47:38.920 DBG] MeldStudio Settings :: Time to save 12.8113ms
[2026-04-09 09:47:38.933 DBG] Credits :: Time to save 13.0008ms
[2026-04-09 09:47:38.950 DBG] Quotes :: Time to save 17.2104ms
[2026-04-09 09:47:39.030 DBG] Config :: Time to save 18.1458ms
[2026-04-09 09:48:18.207 DBG] ViewerRepo :: UpdatePresence(twitch, 5), 0.0365ms
[2026-04-09 09:48:18.305 DBG] TwitchService :: Presence Timer :: Artificially updated presence with a threshold of 5 minutes (98.1359ms)
[2026-04-09 09:49:18.211 DBG] ViewerRepo :: UpdatePresence(twitch, 5), 0.0406ms
[2026-04-09 09:49:18.305 DBG] TwitchService :: Presence Timer :: Artificially updated presence with a threshold of 5 minutes (94.8293ms)
